datetime,close,log_return,RV_1d,RV_2d,RV_3d,RV_5d,RV_7d,RV_10d,RV_14d,RV_30d
2021-09-22 00:00:00+00:00,50.9900016784668,,,,,,,,,
2021-09-23 00:00:00+00:00,51.38999938964844,0.007814021142651839,,,,,,,,
2021-09-24 00:00:00+00:00,50.77999877929688,-0.011941036889804746,6.105892641780995e-05,,,,,,,
2021-09-27 00:00:00+00:00,51.11000061035156,0.006477632484629847,0.0001425883620036778,0.00020364728842148775,,,,,,
2021-09-28 00:00:00+00:00,50.45000076293945,-0.012997422799806202,4.195972260593185e-05,0.00018454808460960964,0.00024560701102741955,,,,,
2021-09-29 00:00:00+00:00,49.97999954223633,-0.009359845674433487,0.00016893299943692209,0.0002108927220428539,0.0003534810840465317,,,,,
2021-09-30 00:00:00+00:00,50.380001068115234,0.007971375877770637,8.760671104921125e-05,0.0002565397104861333,0.00029849943309206517,0.0005021467215135529,,,,
2021-10-01 00:00:00+00:00,50.33000183105469,-0.0009929349563924106,6.35428333847036e-05,0.00015114954443391483,0.0003200825438708369,0.0005046306284804466,,,,
2021-10-04 00:00:00+00:00,49.59000015258789,-0.014812153591215793,9.859198276259982e-07,6.452875321232956e-05,0.00015213546426154083,0.00036302818630439476,0.0005666754747258825,,,
2021-10-05 00:00:00+00:00,49.93999862670898,0.0070330537747760324,0.0002193998940097669,0.00022038581383739287,0.00028392864722209647,0.0005404683577082298,0.0007250164423178395,,,
2021-10-06 00:00:00+00:00,49.65999984741211,-0.005622480345438774,4.94638453988914e-05,0.00026886373940865826,0.0002698496592362843,0.0004209992036701991,0.000631891925713053,,,
2021-10-07 00:00:00+00:00,50.630001068115234,0.019344530070937616,3.1612285234845314e-05,8.107613063373668e-05,0.0003004760246435036,0.00036500477785583323,0.0006215444883419666,0.0008671514993693862,,
2021-10-08 00:00:00+00:00,50.81999969482422,0.0037456648086786615,0.00037421084366540965,0.0004058231289002549,0.00045528697429914636,0.0006756727881365393,0.0008268223325704541,0.0011803034166169859,,
2021-10-11 00:00:00+00:00,50.720001220703125,-0.001969637690524273,1.4030004858973754e-05,0.00038824084852438333,0.0004198531337592287,0.0006887168731678871,0.0007532456263802166,0.0010517450594722817,,
2021-10-12 00:00:00+00:00,50.459999084472656,-0.005139409127174588,3.879472631933791e-06,1.790947749090749e-05,0.0003921203211563172,0.0004731964517900539,0.0006935822656274468,0.0010136648094982838,,
2021-10-13 00:00:00+00:00,51.15999984741211,0.01377704865879359,2.641352617648546e-05,3.0292998808419196e-05,4.4323003667393004e-05,0.000450146132567648,0.0007190098719763063,0.0008711453362378472,0.0012856853467021888,
2021-10-14 00:00:00+00:00,51.31999969482422,0.0031225600728284064,0.00018980706974676623,0.00021622059592325165,0.0002201000685551855,0.0006083409170795689,0.0006894170477133056,0.000973345694935402,0.001414433490031145,
2021-10-15 00:00:00+00:00,51.93999862670898,0.012008645993743627,9.750381408422144e-06,0.00019955745115518832,0.00022597097733167385,0.00024388045482258137,0.0006497035837228363,0.0009195532429591206,0.0012815955094358893,
2021-10-18 00:00:00+00:00,51.810001373291016,-0.002505972461662509,0.00014420757860305488,0.00015395796001147695,0.0003437650297582433,0.0003740580285666625,0.0007622988770910459,0.0010627749017345495,0.0013838433654330125,
2021-10-19 00:00:00+00:00,52.5,0.013229962264588835,6.279897978610855e-06,0.00015048747658166566,0.0001602378579900879,0.00037645845391333957,0.0003943679314042471,0.0008496549057033935,0.001221190263974701,
2021-10-20 00:00:00+00:00,52.4900016784668,-0.00019046235648323417,0.00017503190152244453,0.0001813117995010553,0.0003255193781041103,0.0005250768292592987,0.0005553698280677179,0.0009752229618269466,0.0013086154544479345,
2021-10-21 00:00:00+00:00,52.150001525878906,-0.006498496534891096,3.6275909237146575e-08,0.0001750681774316816,0.00018134807541029255,0.0003353060354217695,0.0005515266313450212,0.0009436469525013385,0.001245108896972468,
2021-10-22 00:00:00+00:00,52.040000915527344,-0.0021115394691371137,4.223045721399158e-05,4.226673312322865e-05,0.00021729863464567325,0.000367786111227339,0.0005673435623825274,0.0006116665660499203,0.0012863534343588337,
2021-10-25 00:00:00+00:00,52.310001373291016,0.005174912398387299,4.458598929723844e-06,4.668905614371534e-05,4.672533205295257e-05,0.00022803713155400797,0.000381995091565485,0.0006020951601206704,0.0010714121392787906,
2021-10-26 00:00:00+00:00,52.040000915527344,-0.005174912398387299,2.677971833098259e-05,3.1238317260706355e-05,7.346877447469802e-05,0.00024853695190637967,0.00039902442848804544,0.0006249954058197192,0.001048728012210882,
2021-10-27 00:00:00+00:00,51.619998931884766,-0.008103497638486612,2.677971833098259e-05,5.355943666196518e-05,5.801803559168902e-05,0.00010028476871491775,0.00028159656821597314,0.0006253615979742164,0.001043895445307019,
2021-10-28 00:00:00+00:00,51.66999816894531,0.0009681332630306905,6.56666739769581e-05,9.24463923079406e-05,0.00011922611063892328,0.00016591516678263868,0.0003409833442143204,0.0005012212022044082,0.0007353512756185674,
2021-10-29 00:00:00+00:00,50.91999816894531,-0.014621569131845646,9.372820149864521e-07,6.660395599194447e-05,9.338367432292714e-05,0.00012462199158363356,0.0001668887247068623,0.0004924081028109726,0.0007222585527745802,
2021-11-01 00:00:00+00:00,51.31999969482422,0.007824796071143059,0.00021379028387734144,0.00021472756589232782,0.000280394239869286,0.00033395367653125117,0.0003806427326749666,0.0005619908080852591,0.0009321693640199878,
2021-11-02 00:00:00+00:00,50.86000061035156,-0.009003761806313904,6.122743355497584e-05,0.00027501771743231724,0.00027595499944730375,0.0003684013917552444,0.00039963970901595085,0.0006169383436616241,0.0009669832713984782,
2021-11-03 00:00:00+00:00,51.09999847412109,0.004707695354420061,8.1067726664837e-05,0.00014229516021981275,0.0003560854440971543,0.00042268940008909886,0.000476248836751064,0.0005229741688040166,0.0008582439283165489,
2021-11-04 00:00:00+00:00,50.97999954223633,-0.0023510773803243623,2.216239555002822e-05,0.00010323012221486514,0.00016445755576984108,0.000379185121662169,0.00047163151397010966,0.0005451002884448077,0.000870655942458155,0.0023558987403155323
2021-11-05 00:00:00+00:00,50.91999816894531,-0.0011776522389248534,5.527564848272866e-06,2.7689960398301006e-05,0.00010875768706313809,0.00038377540449545535,0.0004503793604873999,0.000508397396079089,0.000731975928703373,0.0023003673787459953
2021-11-08 00:00:00+00:00,51.38999938964844,0.009187851397518543,1.38686479584472e-06,6.914429644117505e-06,2.9076825194145807e-05,0.00017137198541395865,0.00038609955130628653,0.0005053256619452098,0.0007270828955206069,0.002159165881538162
2021-11-09 00:00:00+00:00,51.18999862670898,-0.00389941548512196,8.441661330288344e-05,8.580347809872808e-05,9.133104294700103e-05,0.00019456116516186625,0.0004695788825941835,0.0005629625569171107,0.0006364676073010458,0.002201622772235114
2021-11-10 00:00:00+00:00,50.97999954223633,-0.00411078367347173,1.5205441125608929e-05,9.962205442849229e-05,0.00010100891922433709,0.0001286988796226382,0.00027099403984245105,0.000551388279711737,0.0006516367725174176,0.0020478952139238006
2021-11-11 00:00:00+00:00,51.86000061035156,0.01711440191104474,1.6898542410081727e-05,3.2103983535690575e-05,0.00011652059683857409,0.0001234350264826917,0.0002266651486975569,0.0005026201481448607,0.0006263048577135078,0.001977187045284671
2021-11-12 00:00:00+00:00,52.0,0.00269592670169283,0.0002929027527727719,0.00030980129518285354,0.0003250067363084625,0.00041081021440719074,0.0004385001748054918,0.0007945856189026461,0.0009147490115565559,0.0022065469646727395
2021-11-15 00:00:00+00:00,51.83000183105469,-0.003274551051727137,7.268020780900382e-06,0.0003001707735536722,0.000317069315963754,0.0004166913703922464,0.00042360580003636395,0.0005880633558062049,0.0008952373140064736,0.0022128290656260137
2021-11-16 00:00:00+00:00,51.900001525878906,0.0013496520425064773,1.07226845903673e-05,1.7990705371267572e-05,0.00031089345814403954,0.0003429974416797303,0.00042880091977845844,0.0005375586068415966,0.0008791802802658583,0.002004151856206614
2021-11-17 00:00:00+00:00,51.630001068115234,-0.0052158999927693905,1.821560635841906e-06,1.2544245226209096e-05,1.9812266007109534e-05,0.00032961356118996324,0.0004292356156184556,0.00045831244081260137,0.0008153351669247421,0.0019565095714435643
2021-11-18 00:00:00+00:00,51.0,-0.012277286855111758,2.7205612734571728e-05,2.9027173370413523e-05,3.974985796078088e-05,0.0003399206315144532,0.00037202461505014383,0.0004633556579971449,0.0008416034976443275,0.001952102898943291
2021-11-19 00:00:00+00:00,50.91999816894531,-0.0015698949945606167,0.00015073177252269995,0.00017793738525727156,0.00017975894589311353,0.00019774965126438126,0.0005075509464472349,0.000608559865671572,0.0007785449862896858,0.0017286238278005812
2021-11-22 00:00:00+00:00,50.5099983215332,-0.00808443448019025,2.4645702939464786e-06,0.00015319634281664633,0.0001804019555512181,0.00019294620077742736,0.0004931169743310997,0.0006096375711696737,0.0007197821230286566,0.0017170583932355542
2021-11-23 00:00:00+00:00,50.459999084472656,-0.0009903781802886868,6.5358080864489e-05,6.782265115843536e-05,0.00021855442368113535,0.00024758159705154907,0.0002655723024228167,0.0005905790387312793,0.0007040724772283086,0.0017785370014681092
2021-11-24 00:00:00+00:00,50.38999938964844,-0.0013881944893330278,9.808489399919308e-07,6.633892980448082e-05,6.880350009842735e-05,0.0002467408853556991,0.0002592851305819083,0.0005763544465456623,0.0006828909306182722,0.0017531043242316156
2021-11-26 00:00:00+00:00,48.70000076293945,-0.034113684825301416,1.927083940214586e-06,2.9079328802064084e-06,6.826601374469546e-05,0.00022146235656134194,0.00025048952993175555,0.0005613829880757951,0.0006792904497102139,0.001565224338425064
2021-11-29 00:00:00+00:00,48.88999938964844,0.0038938183517225333,0.00116374349236,0.0011656705763002145,0.0011666514252402064,0.0012344740763986421,0.0014124114616559137,0.0014322237276630234,0.0018416470772743693,0.002719217449376642
2021-11-30 00:00:00+00:00,48.84000015258789,-0.0010232117396302698,1.5161821356211187e-05,0.001178905313716211,0.0011808323976564257,0.001247171327460907,0.001400367670277553,0.0014401175282383342,0.001772392285327697,0.002590171692129798
2021-12-01 00:00:00+00:00,49.02000045776367,0.0036787350715266065,1.0469622641172031e-06,1.6208783620328174e-05,0.0011799522759803282,0.001182860208860535,0.0012506828600189705,0.001430441805912084,0.0017582338064662051,0.0025849387564153047
2021-12-02 00:00:00+00:00,49.619998931884766,0.012165569299482648,1.3533091726479867e-05,1.4580053990596854e-05,2.974187534680804e-05,0.001195412451647023,0.0012617513814515038,0.0014421533370027222,0.0017548683557826034,0.00242343994661934
2021-12-03 00:00:00+00:00,48.91999816894531,-0.01420768334835465,0.00014800107638051474,0.00016153416810699438,0.0001625811303711116,0.0013414864440873231,0.0013443943769675297,0.0015629488006486652,0.0016099666793903463,0.002571404747090618
2021-12-06 00:00:00+00:00,49.29999923706055,0.00773779218380044,0.000201858266127114,0.0003498593425076285,0.0003633924342341084,0.000379601217854437,0.0015452717941546517,0.0016140752942530791,0.0018045569247365598,0.00273103255600374
2021-12-07 00:00:00+00:00,50.08000183105469,0.015697697781237085,5.987342787968319e-05,0.000261731694006797,0.0004097327703873117,0.00042431282437790897,0.0016032181380941203,0.001671484151838816,0.001853707668025876,0.0027864473849536996
2021-12-08 00:00:00+00:00,50.27999877929688,0.003985596089505439,0.00024641771563105574,0.00030629114351073876,0.0005081494096378528,0.0006696835777448475,0.0006858923613651759,0.0018525437866053825,0.00209830382302109,0.003006085382253773
2021-12-09 00:00:00+00:00,50.040000915527344,-0.004784655549321393,1.5884976188681047e-05,0.00026230269181973655,0.00032217611969941973,0.0006720354622070488,0.0006866155161976457,0.0018674479138540718,0.002086983186475199,0.002995190640111471
2021-12-10 00:00:00+00:00,50.08000183105469,0.0007990594598159539,2.2892928725651997e-05,3.877790491433282e-05,0.0002851956205453886,0.000546927314552186,0.0007084614826591805,0.0018884137586395093,0.001959144342678151,0.002952416894860165
2021-12-13 00:00:00+00:00,48.59000015258789,-0.030204011796309604,6.384960203213642e-07,2.3531424745973143e-05,3.9416400934654193e-05,0.00034570754444539334,0.000695566886953022,0.0007253087622998305,0.001957318268404526,0.0029521181088655
2021-12-14 00:00:00+00:00,48.47999954223633,-0.0022664192393873073,0.0009122823285916097,0.0009129208246119308,0.0009358137533375828,0.0011981164451573198,0.001459848139164117,0.001622429269535229,0.0028042425161316463,0.003650610153579768
2021-12-15 00:00:00+00:00,48.34000015258789,-0.002891953886846821,5.13665616866494e-06,0.0009174189847602744,0.0009180574807805958,0.0009568353856949291,0.001263126529205668,0.0016265189634397767,0.0028083983233603196,0.003594519376193457
2021-12-16 00:00:00+00:00,48.400001525878906,0.0012404668171166477,8.363397283648434e-06,1.3500053452313157e-05,0.0009257823820439229,0.0009493138067898965,0.0012116164986096332,0.0016213492689969452,0.002814834636703753,0.0035218150468122687
2021-12-17 00:00:00+00:00,48.15999984741211,-0.004971047416796548,1.5387579243675069e-06,9.902155208015723e-06,1.5038811376680663e-05,0.000927959635988612,0.0009667375409029449,0.0014748869505407979,0.0016526299022681208,0.003501191409186608
2021-12-20 00:00:00+00:00,47.43999862670898,-0.015063072090698792,2.471131242003963e-05,2.6250070344406923e-05,3.461346762805535e-05,0.0009520324523883304,0.0009755638771343036,0.0012977399968337236,0.0016621793933319492,0.0035203751567583746
2021-12-21 00:00:00+00:00,48.2400016784668,0.01672286147150359,0.0002268961408095889,0.0002516074532296283,0.0002531462111539958,0.0002666462646063095,0.0011795670892182405,0.0014647627097636293,0.001888028571877421,0.0037458844327721186
2021-12-22 00:00:00+00:00,48.470001220703125,0.004756487828981637,0.0002796540957950993,0.000506550236604688,0.0005312615490247276,0.0005411637042327438,0.0014585826889930184,0.001497999089927673,0.00215414957594604,0.0039411219152643345
2021-12-23 00:00:00+00:00,48.720001220703125,0.005144573415125198,2.2624176467250445e-05,0.00030227827226234956,0.0005291744130719384,0.0005554244834163459,0.0005689245368686592,0.0015047382902062423,0.002028772676032776,0.003948540650605976
2021-12-27 00:00:00+00:00,48.93999862670898,0.004505381496693772,2.6466635623612938e-05,4.909081209086322e-05,0.00032874490788596244,0.0005803523611155913,0.0005902545163236072,0.0015083119971042033,0.001853381045529275,0.003958108743819507
2021-12-28 00:00:00+00:00,48.77999877929688,-0.0032746621907082663,2.0298462430750614e-05,4.676509805436339e-05,6.938927452161378e-05,0.0005759395111263022,0.0006021895814707093,0.0015279719635146326,0.0018138060800803424,0.003685504453477486
2021-12-29 00:00:00+00:00,48.560001373291016,-0.004520192731574557,1.0723412463254261e-05,3.102187489400471e-05,5.7488510517617596e-05,0.00035976678277996766,0.000611374236009596,0.0006264130473862771,0.0015781117769125411,0.00368895984515984
2021-12-30 00:00:00+00:00,49.09000015258789,0.010855176146755241,2.0432142330579455e-05,3.115555479383355e-05,5.145401722458411e-05,0.00010054482931544782,0.0006070950659201359,0.0006417085335481917,0.0015826589430544393,0.003698669302900052
2021-12-31 00:00:00+00:00,48.84999847412109,-0.0049010039255055204,0.00011783484917708397,0.00013826699150766325,0.00014899040397091748,0.00019575550202528136,0.0004980337742876309,0.0007511799854416272,0.0016776008635058714,0.003814682591441294
2022-01-03 00:00:00+00:00,49.20000076293945,0.007139291752376931,2.401983947782052e-05,0.00014185468865490433,0.00016228683098548372,0.00019330870587948892,0.0002423995179703522,0.0007736610669950802,0.0017009822069633707,0.003811496818184543
2022-01-04 00:00:00+00:00,49.02999877929688,-0.0034613082390855254,5.0969486725557264e-05,7.498932620337762e-05,0.00019282417538046153,0.00022397973017429556,0.000270744828228659,0.0007999192413005978,0.0008396693650973182,0.0037117345323874
2022-01-05 00:00:00+00:00,48.22999954223633,-0.016451106176460062,1.198065472596134e-05,6.295014145151844e-05,8.696998092933891e-05,0.00022523697243700266,0.0002562588473310074,0.0005850037552169703,0.0008465133636546146,0.003721250616819415
2022-01-06 00:00:00+00:00,48.45000076293945,0.00455112949410319,0.0002706388944291624,0.00028261954915512357,0.00033358903588068077,0.0004754437245355856,0.0005065992793294192,0.0005759885538510333,0.0011087888608001285,0.003926531430384088
2022-01-07 00:00:00+00:00,48.88999938964844,0.009040510022654935,2.0712779672095956e-05,0.0002913516741012582,0.0003033323288272195,0.00037832165503059756,0.000516588646538261,0.0005740771570558788,0.001127962882547857,0.003946263361116192
2022-01-10 00:00:00+00:00,48.88999938964844,0.0,8.173082146972433e-05,0.00010244360114182013,0.0003730824955709824,0.0004360326370225014,0.0005778873256774057,0.0006293413429019903,0.0011849823915975415,0.004026067098645702
2022-01-11 00:00:00+00:00,50.02000045776367,0.02285007049471144,0.0,8.173082146972417e-05,0.00010244360114182007,0.0003850631502969441,0.0004600524765003218,0.0006090428804712397,0.0009580862507879527,0.002862323606285702
2022-01-12 00:00:00+00:00,50.84999847412109,0.016457157886031304,0.0005221257216132823,0.0005221257216132822,0.0006038565430830064,0.000895208217184265,0.0009581583586357836,0.0011204451896212678,0.0012005578766061359,0.0033692875065427733
2022-01-13 00:00:00+00:00,50.130001068115234,-0.014260439904798528,0.0002708380456857623,0.0007929637672990444,0.0007929637672990444,0.000895407368440865,0.0011780269175959885,0.0013708510929764505,0.0014487717458246477,0.003639078589964418
2022-01-14 00:00:00+00:00,50.11000061035156,-0.00039905143045038116,0.00020336014627837023,0.0004741981919641323,0.0009963239135774146,0.0010780547350471392,0.0013694064091483975,0.001456376390077737,0.0016256652564794049,0.003828905644516309
2022-01-18 00:00:00+00:00,49.220001220703125,-0.017920531388001315,1.592420441444954e-07,0.0002035193883225145,0.0004743574340082768,0.0009964831556215593,0.0010989267567633797,0.001432515792644061,0.0016055260360927988,0.0036810638101799384
2022-01-19 00:00:00+00:00,49.43000030517578,0.004257463728899236,0.00032114544522834036,0.00032130468727248465,0.0005246648335508548,0.0013176286008498997,0.001399359422319624,0.0017026917511468438,0.0019159480688578849,0.003800350989281165
2022-01-20 00:00:00+00:00,49.720001220703125,0.005849757701295033,1.8125997402892584e-05,0.0003392714426312327,0.0003394306846753772,0.0008136288766395101,0.0013357545982527923,0.001708837093823775,0.0019136419239301982,0.003758603558804374
2022-01-21 00:00:00+00:00,49.0,-0.014586993083434585,3.421966516386055e-05,5.2345662566752915e-05,0.00037349110779509326,0.0005770104961176082,0.001369974263416653,0.0014724178645584734,0.0018300267399169747,0.003546405508337179
2022-01-24 00:00:00+00:00,48.310001373291016,-0.01418169111767087,0.00021278036721616842,0.00024700003238002877,0.0002651260297829213,0.0005864307170554066,0.001060628909019539,0.0016644854521025458,0.0020187872676553226,0.0037433008993646663
2022-01-25 00:00:00+00:00,48.220001220703125,-0.0018647089246441872,0.00020112036295702484,0.00041390073017319305,0.00044812039533705355,0.0007873918379682869,0.0009909112262908016,0.0017838749935898464,0.00216893814388679,0.003921528333596039
2022-01-26 00:00:00+00:00,47.61000061035156,-0.012731062042065311,3.4771393736476813e-06,0.0002045975023306723,0.00041737786954684075,0.0004697235321135942,0.0007910282193860789,0.001787352132963494,0.0021604346285344763,0.0039243669769493655
2022-01-27 00:00:00+00:00,47.060001373291016,-0.011619423545325525,0.00016207994071891615,0.00016555708009256362,0.0003666774430495885,0.0006136774754296177,0.0009529489180608506,0.001427306352069128,0.0020518756748242302,0.003174164589076672
2022-01-28 00:00:00+00:00,47.290000915527344,0.004875463534714353,0.00013501100352566518,0.00029709094424458114,0.0003005680836182288,0.0007144688137914223,0.0007668144763581753,0.0012914793099090306,0.0021661738986777992,0.0033040389364336724
2022-01-31 00:00:00+00:00,48.84000015258789,0.03225077635110907,2.377014467832937e-05,0.00015878114820399433,0.00032086108892291046,0.0005254585912535833,0.0007724586236336122,0.0011118893083089897,0.0021082132218864045,0.003319445683828353
2022-02-01 00:00:00+00:00,49.13999938964844,0.006123702305622203,0.001040112575249256,0.0010638827199275851,0.0011988937234532504,0.0013644508035458144,0.0017783515337190074,0.002151842641514101,0.003148325797135661,0.004358019501153242
2022-02-02 00:00:00+00:00,49.060001373291016,-0.001629287849952199,3.7499729927882685e-05,0.0010776123051771385,0.001101382449855468,0.0013984733941000496,0.0016030708964307218,0.0018681969262136437,0.0026636998054502606,0.004370807918661085
2022-02-03 00:00:00+00:00,48.540000915527344,-0.010655847662662143,2.6545788980018595e-06,4.015430882588433e-05,0.0010802668840751402,0.001239048032279135,0.0014046051123716987,0.0018527255077087528,0.0023955163386625003,0.004146566356749498
2022-02-04 00:00:00+00:00,48.65999984741211,0.002469115059827498,0.00011354708940986226,0.0001162016683078639,0.00015370139823574658,0.0012175841181633323,0.001514675062407913,0.0019320529319547543,0.0023057032817939923,0.003980459350364261
2022-02-07 00:00:00+00:00,48.560001373291016,-0.0020571591880442774,6.096529178666949e-06,0.000119643618588529,0.00012229819748653086,0.0011999105026636698,0.001358691650867664,0.001725369093917253,0.0023116405689285148,0.003963931703075678
2022-02-08 00:00:00+00:00,49.02999877929688,0.009632155734541126,4.231903924954991e-06,1.0328433103621723e-05,0.000123875522513484,0.00016402983133936895,0.0012279125512669538,0.001528480634885183,0.0019947270276251296,0.003941696971377019
2022-02-09 00:00:00+00:00,49.79999923706055,0.015582637944461464,9.27784240944535e-05,9.701032801940827e-05,0.00010310685719807522,0.00021930852550593977,0.001296920830683078,0.001617781919605989,0.0020693794543166903,0.004014176933040722
2022-02-10 00:00:00+00:00,49.470001220703125,-0.0066485187952967095,0.00024281860530817018,0.00033559702940262344,0.00033982893332757844,0.0004594725519161081,0.0004996268607419922,0.001698520584195243,0.0022779783944610003,0.004246272125885638
2022-02-11 00:00:00+00:00,48.720001220703125,-0.015276801458116829,4.420280217141361e-05,0.0002870214074795836,0.00037979983157403706,0.00039012826467765946,0.0005063299329855231,0.0016077123828409914,0.002109400829416245,0.004270042785726472
2022-02-14 00:00:00+00:00,48.380001068115234,-0.007003121197623585,0.00023338066279072046,0.0002775834649621339,0.000520402070270304,0.000617412398289713,0.0007370560168782417,0.0018173229009533828,0.002141661129249941,0.004385588599340109
2022-02-15 00:00:00+00:00,49.43000030517578,0.021471006233265477,4.90437065086048e-05,0.00028242436929932504,0.00032662717147073867,0.0006622242008733628,0.0006725526339769844,0.0008262540322127315,0.002187227696384898,0.004410612466370893
2022-02-16 00:00:00+00:00,49.790000915527344,0.007256645549100771,0.000461004108668925,0.0005100478151775296,0.00074342847796825,0.001030449885447834,0.0011274602134672424,0.0012497584109537737,0.002486151864334907,0.004820647088314261
2022-02-17 00:00:00+00:00,49.209999084472656,-0.011717342768478023,5.265890462528403e-05,0.0005136630132942088,0.0005627067198028135,0.0008402901847649481,0.0011758872141675713,0.0012997627366810559,0.0024037997654345255,0.0048613253382135835
2022-02-18 00:00:00+00:00,48.720001220703125,-0.01000718781626464,0.00013729612155400422,0.00018995502617928802,0.000650959134848213,0.0009333835041475387,0.0012204049116271221,0.0013235117688251978,0.0025173257423102007,0.004727982565338426
2022-02-22 00:00:00+00:00,48.02999877929688,-0.014263858195821655,0.00010014380798999545,0.00023743992954399943,0.0002900988341692835,0.0008001466493468137,0.0010777301143089473,0.0014175590476365263,0.00157735697505094,0.004807413593656325
2022-02-23 00:00:00+00:00,47.470001220703125,-0.01172783198282179,0.0002034576506305086,0.0003036014586205038,0.00044089758017450804,0.0009545605934687174,0.0012369849627680424,0.00161678479434208,0.0017433148957535659,0.00492914042281711
2022-02-24 00:00:00+00:00,46.4900016784668,-0.020860686472163437,0.0001375420430172977,0.00034099969364780606,0.0004411435016378015,0.0006310985278170902,0.0011411463429946197,0.0016615484132649241,0.0018782023598728618,0.005066682465834407
2022-02-25 00:00:00+00:00,47.34999847412109,0.0183295156002381,0.0004351682400899026,0.0005727102831072,0.0007761679337377087,0.0010136078632817088,0.0015272708765759174,0.0018538980480466568,0.002199823510552902,0.004979724984311026
2022-02-28 00:00:00+00:00,46.72999954223633,-0.01318044049014766,0.00033597114213937185,0.0007711393822292742,0.0009086814252465721,0.0012122828838670764,0.0014022379100463642,0.002145666388014615,0.002529698123513607,0.0050448580807646365
2022-03-01 00:00:00+00:00,46.11000061035156,-0.013356487460934652,0.00017372401151432388,0.0005096951536536956,0.000944863393743598,0.0012858630873914048,0.0015233030169354042,0.0020860097367382184,0.002699190231102976,0.00501522194600059
2022-03-02 00:00:00+00:00,46.18999862670898,0.0017334352556912513,0.00017839575729410457,0.00035211976880842824,0.0006880909109478001,0.0012608011940550008,0.0015644026526755042,0.002215361787523718,0.002784807564302627,0.00519345846125055
2022-03-03 00:00:00+00:00,45.540000915527344,-0.014172213971764602,3.004797785673394e-06,0.00018140055507977776,0.0003551245665941016,0.0011262639488233766,0.0014672636424711823,0.0017573624766404666,0.0025449937567801305,0.004875317813807884
2022-03-04 00:00:00+00:00,44.619998931884766,-0.02040891567305092,0.0002008516488614798,0.000203856446647153,0.00038225220394125757,0.0008919473575949538,0.0014646576407021535,0.0019055552208766624,0.0027016426034701967,0.005058043465266471
2022-03-07 00:00:00+00:00,42.95000076293945,-0.038145498872651284,0.0004165238389497035,0.0006173754878111831,0.0006203802855968565,0.0009725000544052853,0.0017436394366345592,0.0021847829382723614,0.0028847857796291793,0.0054403476390523136
2022-03-08 00:00:00+00:00,43.09000015258789,0.003254288975193198,0.0014550790842434403,0.0018716029231931437,0.0020724545720546233,0.002253855127134402,0.0027635502807880972,0.0035397182145258067,0.004290821157364015,0.0066826463560795855
2022-03-09 00:00:00+00:00,44.310001373291016,0.027919461035307958,1.0590396734063996e-05,0.001465669480977504,0.0018821933199272077,0.0020860497665743613,0.0024381695353827893,0.003346850960629362,0.003840407445429154,0.006492116389856625
2022-03-10 00:00:00+00:00,43.47999954223633,-0.018909364479333224,0.0007794963045020793,0.0007900867012361431,0.0022451657854795836,0.0028625412732907673,0.0030439418283705446,0.003988805222114144,0.004567244845305949,0.007268135554985056
2022-03-11 00:00:00+00:00,42.56999969482422,-0.021151279053603478,0.00035756406501226905,0.0011370603695143482,0.0011476507662484124,0.0030192536894415563,0.0032231101360887093,0.00391120104703651,0.004787512788764214,0.007463619679278409
2022-03-14 00:00:00+00:00,41.540000915527344,-0.024492932183639127,0.00044737660560340524,0.0008049406706156741,0.0015844369751177537,0.0030501064560952583,0.003667481943906441,0.0040226065105005435,0.005134745586377624,0.007775985281356149
2022-03-15 00:00:00+00:00,41.59999847412109,0.0014432900998126996,0.0005999037269523454,0.0010472803325557503,0.0014048443975680197,0.0021949310988041634,0.004066534021997307,0.0044487862259385644,0.005531191662699461,0.008352118863630166
2022-03-16 00:00:00+00:00,44.95000076293945,0.07745064730326279,2.0830863122173524e-06,0.0006019868132645625,0.0010493634188679679,0.0021864237883823167,0.0036520932693598204,0.0042724735549566776,0.0053957327059943805,0.0073140893746931265
2022-03-17 00:00:00+00:00,44.720001220703125,-0.005129921747273336,0.005998602767694408,0.0060006858540066245,0.006600589580958971,0.007405530251574645,0.008195616952810788,0.010268071524865412,0.010959167233598886,0.013275192412459651
2022-03-18 00:00:00+00:00,45.36000061035156,0.01420981673179389,2.6316097133147917e-05,0.006024918864827555,0.006027001951139773,0.007074282283695524,0.008211342653209872,0.010093535973137079,0.01064951218859266,0.013298853930694797
2022-03-21 00:00:00+00:00,44.65999984741211,-0.015552429879863716,0.00020191889155116957,0.0002282349886843166,0.006226837756378725,0.006828824569643288,0.007633765240258962,0.009878931025738545,0.010677707068629506,0.013387225732836105
2022-03-22 00:00:00+00:00,45.470001220703125,0.01797455168790485,0.0002418780751680777,0.0004437969667192464,0.0004701130638523952,0.00647079891785902,0.007518079250414771,0.008665730016663183,0.01074118938650348,0.013623007278825516
2022-03-23 00:00:00+00:00,45.16999816894531,-0.006619685553712618,0.0003230845083811631,0.00056496258354924,0.0007668814751004104,0.006791800339927967,0.007393787153192529,0.008978224128310282,0.01106126909709897,0.013941859883281723
2022-03-24 00:00:00+00:00,45.40999984741211,0.005299232620085803,4.382023683003152e-05,0.00036690474521119373,0.0006087828203792723,0.0008370178090635907,0.006837703663070214,0.008242548060638235,0.010904237685067522,0.013892901696017302
2022-03-25 00:00:00+00:00,45.04999923706055,-0.007959374630679417,2.8081866361781446e-05,7.19021031918121e-05,0.000394986611572976,0.0008387835782922242,0.006863702443119779,0.007913065861987747,0.010515795712479598,0.013678164957070913
2022-03-28 00:00:00+00:00,45.20000076293945,0.0033241365984229,6.33516445115031e-05,9.143351087328368e-05,0.00013525374770331607,0.0007002163312525578,0.0009284513199368744,0.007529040900895845,0.009124068272747662,0.013697313799411002
2022-03-29 00:00:00+00:00,45.970001220703125,0.01689193265510225,1.1049884124974567e-05,7.440152863647679e-05,0.0001024833949982591,0.00046938814020945456,0.000913185106928701,0.006940187058068474,0.009124527760138572,0.013474983020745257
2022-03-30 00:00:00+00:00,45.84000015258789,-0.002831960637288411,0.0002853373888245097,0.0002963872729494834,0.00035973891746098735,0.00043164102065280116,0.000996603604202041,0.007223441360580766,0.008630368844461002,0.013711276703061161
2022-03-31 00:00:00+00:00,45.150001525878906,-0.015166762076428864,8.020001051150984e-06,0.0002933573898756598,0.00030440727400063525,0.00039584078487392064,0.0007627455300851143,0.0012328585939375095,0.008280824780499884,0.013258292595443389
2022-04-01 00:00:00+00:00,45.900001525878906,0.016474836651286573,0.00023003067188300078,0.0002380506729341509,0.0005233880617586614,0.0005977895903951399,0.000669691693586952,0.0014365731686873625,0.00806347884677948,0.013435664362701103
2022-04-04 00:00:00+00:00,46.709999084472656,0.017493104603725218,0.0002714202426865754,0.0005014509145695753,0.0005094709156207272,0.0008058581885702123,0.000897291699443496,0.0015060745198227682,0.007734995362513711,0.013569788483833676
2022-04-05 00:00:00+00:00,45.84999847412109,-0.0185830894911021,0.0003060087086768724,0.000577428951363447,0.0008074596232464485,0.0011008170131221102,0.001175218541758587,0.001570205153331563,0.008038920984878366,0.013775653384520551
2022-04-06 00:00:00+00:00,45.25,-0.01317249527673603,0.0003453312150343093,0.0006513399237111808,0.000922760166397757,0.0011608108393319097,0.0014571981122813932,0.0015924518599847092,0.0023856494322182674,0.013917526948924354
2022-04-07 00:00:00+00:00,44.88999938964844,-0.007987630948699032,0.000173514631815633,0.0005188458468499415,0.0008248545555268147,0.0013263054700963918,0.0016196628599720515,0.0017221462549703106,0.0025328479669007526,0.013953499537722689
2022-04-08 00:00:00+00:00,44.93000030517578,0.0008906906770822509,6.380224817261459e-05,0.00023731687998824672,0.0005826480950225569,0.0011600770463860055,0.0013981277193201567,0.0017578666367811437,0.0023947313235221975,0.0135821335458054
2022-04-11 00:00:00+00:00,44.369998931884766,-0.012542188556415645,7.933298822412385e-07,6.459557805485496e-05,0.00023811020987048884,0.0008894501335816714,0.0013909010481512468,0.001695308322151882,0.002153646578236361,0.01324695573354827
2022-04-12 00:00:00+00:00,44.22999954223633,-0.0031602597872870675,0.00015730649378468357,0.00015809982366692392,0.0002219020718395394,0.0007407479186894825,0.0013181768700529296,0.001841564931811591,0.0019878685636398816,0.013230538215818629
2022-04-13 00:00:00+00:00,44.810001373291016,0.013028077914412073,9.987241923143701e-06,0.00016729373570782637,0.00016808706559006848,0.00040540394557831696,0.0010567438692894978,0.0015662147849102252,0.0019540355687329937,0.013062129700447669
2022-04-14 00:00:00+00:00,44.22999954223633,-0.013028077914412073,0.00016973081414399163,0.00017971805606713443,0.0003370245498518189,0.0004016201279066756,0.000920465974756617,0.0017279255980030656,0.002095684516515204,0.013228855716805987
2022-04-18 00:00:00+00:00,44.08000183105469,-0.003397075146604589,0.00016973081414399163,0.00033946162828798327,0.00034944887021112693,0.0005075486938780527,0.0007448655738662995,0.0016676257402640565,0.0022020636861476927,0.013197734882088499
2022-04-19 00:00:00+00:00,43.86000061035156,-0.005003449478365063,1.154011955167859e-05,0.00018127093369566931,0.0003510017478396618,0.00051829548354749,0.000582891061602345,0.0014077456171291598,0.0022025539215743965,0.012792751162690474
2022-04-20 00:00:00+00:00,43.59999847412109,-0.005945641547880687,2.503450668255162e-05,3.6574626234229314e-05,0.00020630544037822184,0.00038602349644535806,0.000544123320112282,0.0011267714151348388,0.0019422510394324385,0.011362706585129586
2022-04-21 00:00:00+00:00,42.7599983215332,-0.01945406845412112,3.535065341588505e-05,6.0385160098435775e-05,7.192527965011527e-05,0.0004113869079380994,0.0005786806436459258,0.0008167908535164146,0.0019695816917971727,0.011387466841811406
2022-04-22 00:00:00+00:00,42.380001068115234,-0.008926468860206427,0.00037846077941763054,0.0004138114328335147,0.0004388459395160672,0.0006201168732117384,0.0007998349292788727,0.0010217370011184122,0.0021180117993318025,0.010986431316726959
2022-04-25 00:00:00+00:00,42.06999969482422,-0.007341687695008314,7.968184631223503e-05,0.00045814262572986466,0.0004934932791457506,0.0005300679053799817,0.0008695295336679641,0.0010376165992580326,0.001926273402957462,0.010708549098026923
2022-04-26 00:00:00+00:00,41.150001525878906,-0.022110926144454535,5.390037821103649e-05,0.0001335822245232706,0.0005120430039409021,0.0005724281640393397,0.0007536990977350089,0.001090723647586828,0.0016741650724916258,0.010315072870634556
2022-04-27 00:00:00+00:00,41.630001068115234,0.011597122660252701,0.000488893054965523,0.0005427934331765586,0.0006224752794887946,0.001036286712322311,0.0010728613385565403,0.0014223102087676672,0.00181772691242284,0.010204062198647732
2022-04-28 00:00:00+00:00,42.22999954223633,0.014309771241849845,0.0001344932539969467,0.0006233863089624689,0.0006772866871735063,0.0011354293129033728,0.0011958144730018086,0.0015468162208414702,0.0017787055346041535,0.01033647236633246
2022-04-29 00:00:00+00:00,42.380001068115234,0.0035457199373603032,0.00020476955299407283,0.00033926280699101867,0.0008281558619565425,0.000961738086479815,0.0013755495193133295,0.0015818549596915516,0.0019196728394256118,0.004542639151632126
2022-05-02 00:00:00+00:00,42.31999969482422,-0.001416797704541839,1.2572129874194352e-05,0.00021734168286826632,0.00035183493686521386,0.0008946283700417743,0.001352770995771639,0.0014246962754217542,0.0019314516394175647,0.004528895184373173
2022-05-03 00:00:00+00:00,42.630001068115234,0.007298475493705325,2.007315735595024e-06,1.4579445609788508e-05,0.00021934899860386221,0.0008427353075663328,0.0009763175320896034,0.0014151634716056706,0.0017761524613684762,0.004328983608557598
2022-05-04 00:00:00+00:00,43.09000015258789,0.010732699336289286,5.326774453221719e-05,5.5275060267811346e-05,6.784719014200657e-05,0.000407109997133027,0.0009499034303095856,0.0014433967094553363,0.0018194329639775496,0.004140373277921738
2022-05-05 00:00:00+00:00,41.5,-0.03759752793223825,0.00011519083504318449,0.00016845857957540082,0.0001704658953109967,0.00038780757817926477,0.0010111938871417336,0.0015232368910826357,0.0017648929848767426,0.00393247960458376
2022-05-06 00:00:00+00:00,40.93000030517578,-0.013830129276299452,0.0014135741066154354,0.001528764941658619,0.001582032686190837,0.0015966121318006273,0.001935874938791646,0.0025583502182804406,0.0030087362773481862,0.005302233474369164
2022-05-09 00:00:00+00:00,39.75,-0.02925345686001224,0.0001912724757991552,0.00160484658241459,0.001720037417457775,0.0017753124777255883,0.001992654160593854,0.0026699408477673606,0.0031884686335956628,0.005465424083806537
2022-05-10 00:00:00+00:00,39.93999862670898,0.00476845250347635,0.0008557647382605971,0.0010470372140597515,0.0024606113206751875,0.0026290699002505906,0.002643649345860379,0.0034718052078169213,0.004019198865173709,0.00625783717755563
2022-05-11 00:00:00+00:00,39.65999984741211,-0.007035174359567353,2.2738139277909872e-05,0.0008785028775385061,0.0010697753533376623,0.002598540294996283,0.002653815355264094,0.003005650292129308,0.004006586351035733,0.006269525432708566
2022-05-12 00:00:00+00:00,39.400001525878906,-0.006577264212471512,4.949367826951392e-05,7.223181754742293e-05,0.000927996555808021,0.0025328431382226125,0.0027013017177980134,0.0029206507164018752,0.0036776192498876163,0.006033681722153571
2022-05-13 00:00:00+00:00,40.4900016784668,0.0272892164661509,4.3260404520658496e-05,9.275408279017156e-05,0.00011549222206808229,0.0011625294361278355,0.002691294377786455,0.0027591415679284613,0.00364119780809604,0.006068922125623078
2022-05-16 00:00:00+00:00,40.33000183105469,-0.003959417210851246,0.0007447013353364414,0.000787961739857099,0.0008374554181266138,0.0017159582956651218,0.0033208048780797115,0.003491270773390708,0.004331998765221445,0.006583592789076519
2022-05-17 00:00:00+00:00,41.31999969482422,0.024250982578692515,1.567698464958506e-05,0.0007603783199860256,0.0008036387245066849,0.0008758705420541096,0.0019229077561138612,0.0035049404423046983,0.0038587826949055067,0.006327849531039528
2022-05-18 00:00:00+00:00,40.33000183105469,-0.024250982578692515,0.0005881101560320478,0.0006037871406816321,0.0013484884760180743,0.0014412425588082476,0.0023197454363467537,0.004039782853804529,0.004312399596940608,0.006609950978394704
2022-05-19 00:00:00+00:00,40.970001220703125,0.01574446706674948,0.0005881101560320478,0.0011762203120640957,0.0011918972967136807,0.0019798590365707816,0.0020520908541182045,0.004512702174793392,0.004695740199978583,0.006852729919392442
2022-05-20 00:00:00+00:00,41.13999938964844,0.004140748035019737,0.00024788824321595896,0.0008359983992480061,0.0014241085552800547,0.0021844868752660816,0.0022772409580562535,0.0033470163113939154,0.004931056313320348,0.006927103530792769
2022-05-23 00:00:00+00:00,41.45000076293945,0.007507030598715936,1.714579428951981e-05,0.00026503403750547804,0.0008531441935375266,0.0014569313342191602,0.0022448930740762594,0.00317288962988428,0.004946194791874272,0.006880447076909673
2022-05-24 00:00:00+00:00,40.72999954223633,-0.017522989566222336,5.6355508410057345e-05,7.35013026995764e-05,0.00032138954591553613,0.0014976098579796327,0.002257988177965658,0.002373480400033741,0.004949282555752113,0.00693600925543749
2022-05-25 00:00:00+00:00,40.93000030517578,0.004898387539012283,0.00030705516333793685,0.00036341067174799343,0.000380556466037514,0.0012165548652855217,0.0018203420059671538,0.0026577974240937674,0.005141146884046865,0.007085757924990743
2022-05-26 00:00:00+00:00,41.56999969482422,0.015515447962942464,2.3994200482350814e-05,0.0003310493638202869,0.000387404872230345,0.0006524389097358246,0.0018286592217999194,0.0026322979463066043,0.0037515669779137804,0.00709976488354995
2022-05-27 00:00:00+00:00,42.04999923706055,0.01148062235203584,0.00024072912549077545,0.0002647233259731255,0.0005717784893110631,0.0006452797920106412,0.001481278191258647,0.002829766667276721,0.003801023627605401,0.007170763194896734
2022-05-31 00:00:00+00:00,42.63999938964844,0.013933397268196757,0.00013180468959006497,0.00037253381508083966,0.00039652801556319125,0.0007599386873111864,0.0010249727248166642,0.002216870021530345,0.0030770635789348685,0.0071328370703428075
2022-06-01 00:00:00+00:00,42.34000015258789,-0.007060496232937918,0.00019413955943339283,0.000325944249023457,0.0005666733745142333,0.0008977227383345219,0.000971224041034098,0.0023953325963141526,0.0032484649990903516,0.007315436510224521
2022-06-02 00:00:00+00:00,43.06999969482422,0.017094422669852616,4.9850607055330536e-05,0.0002439901664887226,0.00037579485607878836,0.0006405181820519155,0.0010039288537999089,0.0018570730473374355,0.003248821927876168,0.0073402526105973
2022-06-03 00:00:00+00:00,42.369998931884766,-0.016386152551208788,0.00029221928641557103,0.0003420698934709008,0.0005362094529042944,0.0009087432679851357,0.0012397926318054226,0.0015611821777209588,0.0034977808097710807,0.007597121243596986
2022-06-06 00:00:00+00:00,42.59999847412109,0.005413678027336388,0.00026850599543148625,0.0005607252818470565,0.0006105758889023878,0.0009365201379258466,0.001201243463898972,0.001581799929936486,0.003021585469866126,0.0074871664596108415
2022-06-07 00:00:00+00:00,42.72999954223633,0.0030470214864291023,2.930790978366481e-05,0.0002978139052151503,0.0005900331916307221,0.0008340233581194463,0.001206557173200286,0.001593962045430631,0.0030352163950002056,0.007436792523082272
2022-06-08 00:00:00+00:00,42.959999084472656,0.005368189946451718,9.284339938760615e-06,3.8592249722424664e-05,0.00030709824515391166,0.0006491681386248141,0.0009751123876482711,0.0015468908769593343,0.002456390578906918,0.007392176484809995
2022-06-09 00:00:00+00:00,41.59000015258789,-0.032409671465770895,2.8817463301185297e-05,3.810180323994515e-05,6.740971302361071e-05,0.0006281349948706688,0.0008721251613593914,0.0012686531769225825,0.0018970978861760554,0.006932100893145658
2022-06-10 00:00:00+00:00,41.130001068115234,-0.011121949212098414,0.0010503868045192042,0.0010792042678203888,0.0010884886077591502,0.001386302512974302,0.0017283724064452027,0.002295045780959436,0.002699596447479301,0.007847994443667915
2022-06-13 00:00:00+00:00,39.68999862670898,-0.03563857601703724,0.00012369775427649655,0.0011740845587957,0.0012029020220968862,0.0012414942718193124,0.0018022195536663687,0.0021780144097451573,0.002806148407466278,0.0077669226449503396
2022-06-14 00:00:00+00:00,40.2400016784668,0.01376233530833959,0.0012701081005221419,0.0013938058547986376,0.002444192659317843,0.0024822944625577893,0.0027801083677729396,0.0033163178206772337,0.004019900999578362,0.009024458615598287
2022-06-15 00:00:00+00:00,40.77000045776367,0.01308496055623154,0.00018940187313917057,0.0014595099736613116,0.001583207727937809,0.0026624119957581994,0.0027010042454806236,0.003311580134383012,0.003902247709379596,0.009211853173001864
2022-06-16 00:00:00+00:00,39.52000045776367,-0.03113964359635979,0.00017121619275813521,0.0003606180658973049,0.0016307261664194475,0.0028048107252151492,0.0028429125284550943,0.0034329457200858162,0.0040494697016553805,0.00932980162122778
2022-06-17 00:00:00+00:00,39.66999816894531,0.0037883039063180135,0.0009696774033083113,0.0011408935960664456,0.001330295469205617,0.002724101324004256,0.003803305591824645,0.004110403836978557,0.004778417979472916,0.010184288189492907
2022-06-21 00:00:00+00:00,40.310001373291016,0.016004422828246323,1.4351246486624321e-05,0.0009840286497949347,0.0011552448425530709,0.0026147548162143842,0.0037888393750100838,0.003856249088033695,0.004660964536369476,0.008785065329364097
2022-06-22 00:00:00+00:00,39.59000015258789,-0.018023046225078332,0.000256141550065292,0.00027049279655191557,0.0012401701998602278,0.0016007882657575342,0.002994594120556172,0.004083082728315322,0.004722966527001374,0.008849934403630232
2022-06-23 00:00:00+00:00,39.709999084472656,0.0030264571155829145,0.0003248301952313103,0.0005809717452966016,0.0005953229917832266,0.001736216587849674,0.0031957265615109856,0.004398628583607872,0.004997946115177355,0.008318999860600945
2022-06-24 00:00:00+00:00,40.650001525878906,0.02339585144299061,9.159442672462454e-06,0.000333989637903772,0.0005901311879690648,0.0015741598377640013,0.001934777903661306,0.004378970562979149,0.0047148862714342455,0.008305421163995498
2022-06-27 00:00:00+00:00,40.70000076293945,0.0012292376631748425,0.0005473658647424859,0.0005565253074149477,0.0008813555026462587,0.0011518482991981758,0.0022927418952646216,0.0038759496232024307,0.004993746140745246,0.008803293350468472
2022-06-28 00:00:00+00:00,40.45000076293945,-0.006161448828192917,1.5110252325675475e-06,0.0005488768899750528,0.000558036332647516,0.001139008077944119,0.002123036727739054,0.0037537628941585015,0.004965949256194148,0.00876154397118038
2022-06-29 00:00:00+00:00,40.290000915527344,-0.003963340439103291,3.7963451662439866e-05,3.9474476895006654e-05,0.0005868403416374933,0.000920829979541267,0.0011913227760931824,0.0025216182452987997,0.004994628367917827,0.008054806087506378
2022-06-30 00:00:00+00:00,40.09999847412109,-0.004727025666014573,1.5708067436231467e-05,5.367151909867058e-05,5.5182544331238884e-05,0.0006117078517461882,0.0011926795970427894,0.0023479244395958605,0.004981518972052874,0.008054837170293025
2022-07-01 00:00:00+00:00,39.84999847412109,-0.00625392931501878,2.2344771647160515e-05,3.805283908339122e-05,7.601629074583185e-05,0.0006248931807208861,0.0009588828186246581,0.002199053018484886,0.00395347693918083,0.007489071785908138
2022-07-05 00:00:00+00:00,39.540000915527344,-0.007809526048730309,3.911163187725127e-05,6.145640352441103e-05,7.716447096064325e-05,0.00011663894785565154,0.0006731642552705991,0.0012684872470538257,0.0038688908167815845,0.006940073261753341
2022-07-06 00:00:00+00:00,39.29999923706055,-0.006088341434932865,6.098869710579723e-05,0.00010010032898304775,0.00012244510063020902,0.0001761166197288812,0.0007249935097039338,0.0013151246976729986,0.0026597714133652396,0.006753173715643179
2022-07-07 00:00:00+00:00,40.09000015258789,0.0199024309985516,3.706790142832037e-05,9.805659853411684e-05,0.00013716823041136887,0.00017522106949476173,0.00021469554638976827,0.001096051049036027,0.0025074374416543897,0.00677309582278198
2022-07-08 00:00:00+00:00,40.09000015258789,0.0,0.0003961067596521077,0.0004331746610804273,0.0004941633581862253,0.000555619761710638,0.0006092912808093084,0.0011673276134568243,0.0027323280085483626,0.00711284707402403
2022-07-11 00:00:00+00:00,39.02000045776367,-0.02705258353407025,0.0,0.0003961067596521069,0.000433174661080428,0.0005332749900634774,0.0005713278291468685,0.001158168170784362,0.001762650605240051,0.006805791910686094
2022-07-12 00:00:00+00:00,38.869998931884766,-0.003851629541514967,0.0007318422758678489,0.0007318422758678481,0.0011279490355199564,0.001226005634054075,0.001287462037578486,0.0013426445819097249,0.0024801416346212756,0.0075136399860715915
2022-07-13 00:00:00+00:00,38.77999877929688,-0.0023180990481046493,1.4835050125070796e-05,0.0007466773259929189,0.0007466773259929197,0.0011798519870733486,0.0012799523160563961,0.001355968606802228,0.0022388351346810543,0.0072877459107058866
2022-07-14 00:00:00+00:00,38.43000030517578,-0.00906620581902473,5.373583196823681e-06,2.0208633321893718e-05,0.0007520509091897433,0.0011481576688418518,0.0012462142673759686,0.0013233787383366117,0.0019193785226465677,0.007161314804312645
2022-07-15 00:00:00+00:00,38.630001068115234,0.005190791810244733,8.21960879529179e-05,8.756967114974082e-05,0.00010240472127481237,0.0008342469971426622,0.0012674216582230892,0.0013898667588532981,0.001992415167927023,0.00704937133283217
2022-07-18 00:00:00+00:00,38.900001525878906,0.00696508552199937,2.694431961730379e-05,0.00010914040757022093,0.00011451399076704537,0.0008611913167599659,0.0012572980764120729,0.0013944663068234415,0.001471993622801841,0.007026465045394143
2022-07-19 00:00:00+00:00,39.540000915527344,0.01631855104685176,4.851241632876524e-05,7.545673594606826e-05,0.00015765282389898692,0.00017786145722088227,0.0009097037330887302,0.0014038670912749555,0.0015189950138980387,0.006782758175307338
2022-07-20 00:00:00+00:00,39.369998931884766,-0.004308763071465993,0.00026629510826870666,0.0003148075245974711,0.00034175184421477567,0.00042932151536451813,0.001175998841357437,0.001609173502437865,0.0017473266705043055,0.006780547288144558
2022-07-21 00:00:00+00:00,39.81999969482422,0.011365213146703912,1.856543920602906e-05,0.000284860547474735,0.00033337296380350095,0.0004425133713737235,0.0004627220046956171,0.0015906710402155736,0.0017501840422741032,0.006769804817566922
2022-07-22 00:00:00+00:00,39.41999816894531,-0.010096035697485739,0.00012916806987001142,0.00014773350907603972,0.00041402861734474714,0.000489485353290817,0.0005770550244405578,0.0013237323504334774,0.001857007340496954,0.006889688547498173
2022-07-25 00:00:00+00:00,39.560001373291016,0.0035452861939591074,0.00010192993680490636,0.00023109800667491702,0.00024966344588094687,0.0005644709704784196,0.0006736113780486404,0.0014256622872383838,0.001919825645424609,0.006962801021001895
2022-07-26 00:00:00+00:00,39.25,-0.007867097240224386,1.2569054197077054e-05,0.00011449899100198265,0.00024366706087199485,0.0005285276083467315,0.0006039843442927996,0.0007063890655676119,0.0018714060025158887,0.005924983270679768
2022-07-27 00:00:00+00:00,39.97999954223633,0.018427873394019745,6.189121898714615e-05,7.446027318422244e-05,0.00017639020998912956,0.0003241237190651709,0.000638931243662642,0.0007534452344296872,0.0018962293200747147,0.005863176735390416
2022-07-28 00:00:00+00:00,40.150001525878906,0.004243160774788812,0.0003395865178260208,0.00040147773681316616,0.000414046791010244,0.0006451447976851627,0.0009300053451598975,0.0010876581690588843,0.0018397090782486278,0.004932655152694296
2022-07-29 00:00:00+00:00,39.959999084472656,-0.004743547527968239,1.8004413360706394e-05,0.00035759093118672644,0.0004194821501738734,0.0005339811411758577,0.0006817146502518972,0.001023466494466673,0.0018577134916093342,0.004761257692915831
2022-08-01 00:00:00+00:00,39.619998931884766,-0.008544916557844395,2.2501243150093593e-05,4.050565651079923e-05,0.00038009217433682076,0.00045455244752104485,0.0006856504541959618,0.0010190234179994627,0.001148372458891579,0.00461254274330779
2022-08-02 00:00:00+00:00,39.43000030517578,-0.004807058682192444,7.301559898052331e-05,9.551684213061613e-05,0.0001135212554913233,0.0005149989923044911,0.0006294979833064736,0.0010435266006512207,0.0012065530077470315,0.003715880938980002
2022-08-03 00:00:00+00:00,39.7400016784668,0.007831323730654205,2.310781317404176e-05,9.61234121545643e-05,0.00011862465530465866,0.0004762155864913867,0.0005506758596756091,0.0008003393055565558,0.0012242872377242495,0.0037246375056674197
2022-08-04 00:00:00+00:00,40.02000045776367,0.007021061234084858,6.132963137430769e-05,8.443744454834869e-05,0.00015745304352887278,0.0001979587000396736,0.0005994364368528397,0.0008431034977248344,0.0012034207811456392,0.0035298255869764352
2022-08-05 00:00:00+00:00,40.060001373291016,0.000999023924565634,4.9295300852769185e-05,0.00011062493222707611,0.00013373274540111864,0.0002292495875317364,0.0005868405187184628,0.0007632307287075921,0.0012257717623811045,0.003254290692597894
2022-08-08 00:00:00+00:00,40.11000061035156,0.0012473304803783947,9.980488018545217e-07,5.029334965462295e-05,0.00011162298102893141,0.00020774639318349732,0.00024825204969429644,0.0006622988407045403,0.0011782573948541939,0.003246129298727286
2022-08-09 00:00:00+00:00,39.959999084472656,-0.0037467641296462517,1.555833327280997e-06,2.5538821291347596e-06,5.184918298190472e-05,0.000136286627530255,0.00023180346966087103,0.0006512856198347442,0.0009135181199127682,0.0027003192673120814
2022-08-10 00:00:00+00:00,40.459999084472656,0.012434878242379543,1.4038241443203834e-05,1.5594074770484072e-05,1.6592123572339366e-05,0.0001272170557994171,0.0002233404679539813,0.0006034326422908019,0.000908990922149943,0.002712846483522717
2022-08-11 00:00:00+00:00,40.619998931884766,0.0039467207452972275,0.00015462619690280417,0.00016866443834600723,0.00017022027167328902,0.00022051362132791358,0.00030495106587626216,0.00041847232136758535,0.0009344490491827359,0.0028295092287630814
2022-08-12 00:00:00+00:00,41.04999923706055,0.010530287455888576,1.5576604641359504e-05,0.0001702028015441629,0.00018424104298736752,0.00018679492511650388,0.0002974198573435799,0.00041604451264823844,0.000848095717019189,0.00282937776596821
2022-08-15 00:00:00+00:00,40.86000061035156,-0.004639212985717123,0.0001108869539036443,0.00012646355854500305,0.00028108975544780803,0.0002966838302182937,0.0003469771798729165,0.0005044302234017892,0.0009464136167257562,0.0029179199482246934
2022-08-16 00:00:00+00:00,40.84999847412109,-0.00024482037431150516,2.152229712684638e-05,0.00013240925103048993,0.00014798585567185022,0.0003166502940178591,0.00031920417614699376,0.00045293692154811226,0.0009060446948654565,0.0029003306134742887
2022-08-17 00:00:00+00:00,40.68000030517578,-0.004170205270572325,5.99370156780255e-08,2.1582234142523645e-05,0.00013246918804616875,0.00030267198959033325,0.00031826606436081723,0.0004298890453897485,0.0005665181140551137,0.0028394018533841694
2022-08-18 00:00:00+00:00,40.45000076293945,-0.005669916316424661,1.7390611998709195e-05,1.745054901438646e-05,3.897284614123362e-05,0.00016543640468623828,0.0003341008430322454,0.00038595002601415,0.0005659043126931165,0.002819724563954558
2022-08-19 00:00:00+00:00,39.900001525878906,-0.013690300227401142,3.21479510352586e-05,4.953856303396704e-05,4.959850004964585e-05,0.00018200775108013738,0.0003522105526243002,0.0003688026761966395,0.0005755510205782815,0.0024557657553377094
2022-08-22 00:00:00+00:00,39.54999923706055,-0.008810687215238033,0.00018742432031637976,0.0002195722713516376,0.00023696288335034758,0.00025854511749287285,0.0003850086760378758,0.0005552289477111647,0.000689959741914138,0.002643190075654089
2022-08-23 00:00:00+00:00,39.7599983215332,0.005295664650254661,7.762820920475893e-05,0.0002650525295211379,0.0002972004805563973,0.0003146510295707854,0.00044706028060127517,0.0006313013235886427,0.0007444801379448551,0.001988976008990999
2022-08-24 00:00:00+00:00,39.75,-0.00025149847307215367,2.8044064087956822e-05,0.000105672273292715,0.00029309659360909554,0.0003426351566430641,0.0003642173907855877,0.0006453071462333956,0.0007111945706585042,0.002002185022953885
2022-08-25 00:00:00+00:00,40.61000061035156,0.021404515627453602,6.325148195762481e-08,2.810731556991369e-05,0.0001057355247746734,0.0003253077961263126,0.0003427583451406989,0.0004907442008125491,0.0006619625212876927,0.001996874691239019
2022-08-26 00:00:00+00:00,40.0099983215332,-0.014884975809833723,0.0004581532892459055,0.00045821654072786234,0.00048626060481581995,0.0007513131343369595,0.0008008516973709264,0.000933320885417095,0.0011191177617317436,0.0023728318925320064
2022-08-29 00:00:00+00:00,39.7599983215332,-0.006268041344547726,0.00022156250485933507,0.0006797157941052398,0.0006797790455871982,0.0007854513188799148,0.0010050235902315523,0.0010439964363727857,0.0013391244332637978,0.002567450077774038
2022-08-30 00:00:00+00:00,39.290000915527344,-0.01189128270125428,3.928834229695966e-05,0.000260850847156294,0.0007190041364022002,0.0007471114519721155,0.0010121639814932534,0.001061762481542899,0.0013643745341175536,0.002558226003742232
2022-08-31 00:00:00+00:00,39.43000030517578,0.0035568987570622213,0.0001414026042811493,0.0001806909465781082,0.00040225345143744405,0.000860469992165308,0.0009661422654580229,0.0012031051488083702,0.0013511509414958986,0.002433333499754675
2022-09-01 00:00:00+00:00,39.119998931884766,-0.00789313776616396,1.2651528767990774e-05,0.0001540541330491393,0.00019334247534609971,0.0008730582694513412,0.0009011655850212547,0.0011983660655776518,0.00134822586562253,0.0024274195893166364
2022-09-02 00:00:00+00:00,38.7599983215332,-0.009245074144589083,6.230162379564379e-05,7.49531525636338e-05,0.00021635575684478384,0.00047720660400107944,0.0009354231447289417,0.0012285197383380372,0.0012996405355145293,0.002360553143242269
2022-09-06 00:00:00+00:00,38.29999923706055,-0.011938867451958046,8.547139593894956e-05,0.0001477730197345926,0.0001604245485025841,0.00034111549508069396,0.0010208312891859335,0.0011265668139606069,0.0013635896343266326,0.002344094602376312
2022-09-07 00:00:00+00:00,38.63999938964844,0.008838117281959601,0.0001425365560354232,0.00022800795197437201,0.0002903095757700166,0.0004443637088191575,0.0007052145559754513,0.0011914751607912711,0.0015060662533463776,0.002474062104214658
2022-09-08 00:00:00+00:00,38.43000030517578,-0.005449581030634754,7.811231708967296e-05,0.0002206488731250954,0.0003061202690640458,0.0003810734216276811,0.0005617643682057892,0.0012415434137929872,0.0015667879584373415,0.002490283202317185
2022-09-09 00:00:00+00:00,39.0,0.014723233611811715,2.9697933409454144e-05,0.00010781025049912634,0.00025034680653455033,0.0003981198262691445,0.0005521739593182838,0.0012711780957204838,0.001564337940811537,0.0021803946179006187
2022-09-12 00:00:00+00:00,39.58000183105469,0.01476234030689172,0.00021677360798798222,0.0002464715413974356,0.00032458385848710934,0.0005525918104614829,0.0006275449630251166,0.0010297984144625606,0.0015936872284831394,0.0023791638125278945
2022-09-13 00:00:00+00:00,38.36000061035156,-0.031308720510154764,0.00021792669133647988,0.00043470029932446137,0.00046439823273391627,0.0006850471058590132,0.0008328201255936058,0.0010261626009397053,0.0017339857106148605,0.002574589260714281
2022-09-14 00:00:00+00:00,38.54999923706055,0.004940814292048401,0.0009802359799829855,0.0011981626713194647,0.0014149362793074477,0.0015227465298065755,0.0017507544817809474,0.0019671102386257314,0.002686177626509889,0.003481809641716743
2022-09-15 00:00:00+00:00,38.13999938964844,-0.010692496049083733,2.4411645868509744e-05,0.0010046476258514945,0.001222574317187975,0.0014690458585854122,0.0016896947317105078,0.0018501192802130916,0.0027105260208964417,0.0034831134744112108
2022-09-16 00:00:00+00:00,37.790000915527344,-0.00921904258124151,0.00011432947175967124,0.00013874111762818034,0.0011189770976111665,0.0015536773969356294,0.0016614876474347559,0.001951797223204772,0.002366702203410207,0.0035361133147965742
2022-09-19 00:00:00+00:00,37.90999984741211,0.003170383915133357,8.499074611474412e-05,0.0001993202178744147,0.00022373186374292513,0.0014218945350623912,0.0016683660764598269,0.0019744863455238722,0.0022301304446656163,0.003571808760058549
2022-09-20 00:00:00+00:00,37.70000076293945,-0.005554810812153921,1.0051334169336312e-05,9.504208028407979e-05,0.00020937155204375167,0.0012140191778952478,0.0016487194772197092,0.001899066283754259,0.0022008934365379926,0.003580862045426031
2022-09-21 00:00:00+00:00,37.06999969482422,-0.016852105760864156,3.08559231588221e-05,4.090725732815776e-05,0.00012589800344290253,0.00026463912107108436,0.0014628017923905491,0.001787385650877658,0.0020903467554156657,0.003610162135257572
2022-09-22 00:00:00+00:00,36.88999938964844,-0.004867513866813944,0.00028399346857535085,0.0003148493917341723,0.00032490072590350927,0.0005242209437779255,0.00152886856962942,0.001993266802363336,0.0023616886952230257,0.0038801173623897196
2022-09-23 00:00:00+00:00,35.97999954223633,-0.0249772792637466,2.3692691243626032e-05,0.00030768615981897624,0.000338542082977799,0.00043358416326188035,0.0005723252808900606,0.001987261560197508,0.002323079762671008,0.0037491838567305412
2022-09-26 00:00:00+00:00,35.540000915527344,-0.012304367312679254,0.0006238644794191859,0.0006475571706628114,0.0009315506392381628,0.0009724578965663222,0.0011717781144407369,0.0023943524316287113,0.0028614728461512444,0.004357471731508368
2022-09-27 00:00:00+00:00,35.5,-0.0011261520056118357,0.00015139745496532968,0.0007752619343845149,0.0007989546256281417,0.0011138040173623155,0.0012088460976463953,0.0023278231952575616,0.0028703337450811505,0.0043979822325700526
2022-09-28 00:00:00+00:00,35.810001373291016,0.008694525878342851,1.26821833974356e-06,0.0001526656733050726,0.0007765301527242591,0.0010842163125432368,0.0011251235698713947,0.0013488554336143193,0.0027934896463312213,0.00437772815378295
2022-09-29 00:00:00+00:00,35.0099983215332,-0.022593535335635906,7.559478024917353e-05,7.686299858891644e-05,0.00022826045355424677,0.0008758176242170595,0.001190667015951232,0.0014000385679949832,0.002839386493170941,0.0044532629970164455
2022-09-30 00:00:00+00:00,34.880001068115234,-0.003720057360729001,0.0005104678389626283,0.0005860626192118012,0.0005873308375515454,0.0013625927719360619,0.001670278931755038,0.0017961769351979402,0.0031330807241455867,0.004946340223980364
2022-10-03 00:00:00+00:00,35.45000076293945,0.016209644836352677,1.3838826767114021e-05,0.0005243066657297417,0.0005999014459789159,0.00075256711928399,0.0014001242899468011,0.00172502501585031,0.002928992859576221,0.0049280310997122205
2022-10-04 00:00:00+00:00,36.61000061035156,0.032198169304161084,0.000262752585720695,0.00027659141248780836,0.0007870592514504374,0.0008639222500393554,0.0016391841844238702,0.001977726267401669,0.0022115094653139306,0.005003359365116536
2022-10-05 00:00:00+00:00,36.630001068115234,0.0005461621464357691,0.001036722106539421,0.0012994746922601154,0.00131331351902723,0.001899376138239033,0.0020520418115441055,0.0029835924507822676,0.0032238199259848415,0.005962453262451197
2022-10-06 00:00:00+00:00,36.40999984741211,-0.0060241479537790354,2.982930901993265e-07,0.0010370203996296198,0.0012997729853503157,0.0018240796510800587,0.0019009426496689752,0.002699897275297116,0.00310978874731537,0.0059347074914534404
2022-10-07 00:00:00+00:00,35.650001525878906,-0.021094268334562294,3.629035856902014e-05,3.658865165921881e-05,0.0010733107581986407,0.0013499021706864503,0.0019359647898982515,0.00271249494262251,0.0030610883597696455,0.0059709345985405025
2022-10-10 00:00:00+00:00,35.150001525878906,-0.014124527994788139,0.00044496815657051747,0.00048125851513953696,0.00048155680822973716,0.001781031500489854,0.0023053381662195955,0.002533598619773842,0.003496005182170827,0.005957749465865114
2022-10-11 00:00:00+00:00,34.59000015258789,-0.01606003430676095,0.00019950229107555383,0.0006444704476460707,0.0006807608062150916,0.0017177812058447126,0.001994372618332521,0.002581703455884066,0.003664651550087559,0.005935689252081333
2022-10-12 00:00:00+00:00,34.630001068115234,0.0011557618975626127,0.0002579247019343387,0.00045742699300989185,0.0009023951495804103,0.0009389838012396303,0.002238458493499746,0.002838359939478661,0.0036385827834465464,0.006154325611718712
2022-10-13 00:00:00+00:00,34.72999954223633,0.002883464317371409,1.3357855638575313e-06,0.00025926048749819555,0.0004587627785737503,0.0009400212937132886,0.001977041693342908,0.0027641009447933454,0.003616225877766778,0.00601425879300142
2022-10-14 00:00:00+00:00,34.209999084472656,-0.015085881347808527,8.314366469554166e-06,9.650152033411047e-06,0.00026757485396775065,0.0009120453016138226,0.0009486339532730414,0.002261947472300271,0.003000675764817146,0.006009921630702983
2022-10-17 00:00:00+00:00,35.150001525878906,0.027106689439635456,0.00022758381604015722,0.00023589818250971072,0.00023723396807356914,0.0006946609610834623,0.0011759194762229993,0.002475692461573314,0.003076862125891974,0.006175203822947497
2022-10-18 00:00:00+00:00,35.15999984741211,0.0002844068099934205,0.0007347726123768444,0.000962356428417001,0.000970670794886556,0.0012299312823847528,0.0018744017300308235,0.0029477124882294637,0.0038103665199290745,0.006824505039385392
2022-10-19 00:00:00+00:00,34.52000045776367,-0.018370189001109427,8.088723357063359e-08,0.0007348534996104144,0.0009624373156505724,0.0009720874676839848,0.0014295144606938767,0.001911071268923613,0.0037348526269134715,0.006682049370583539
2022-10-20 00:00:00+00:00,34.7400016784668,0.006352929652011952,0.00033746384393648176,0.00033754473117005176,0.001072317343546897,0.001308215526056609,0.0015674760135548046,0.0022482368197698954,0.0035618486318873253,0.006941400897430348
2022-10-21 00:00:00+00:00,35.27000045776367,0.015140948098736118,4.035971516341269e-05,0.00037782355909989383,0.00037790444633346534,0.0013402608747504676,0.0013499110267838786,0.002252306176364288,0.003588369520283624,0.006952062679184307
2022-10-24 00:00:00+00:00,33.93000030517578,-0.038733169436385495,0.00022924830932862086,0.0002696080244920329,0.0006070718684285156,0.0013419253680389313,0.001577823550548642,0.0020365863291223916,0.0035548652438915497,0.0069645373805249456
2022-10-25 00:00:00+00:00,34.209999084472656,0.008218384437117976,0.0015002584145877474,0.0017295067239163676,0.0017698664390797811,0.002107411170249834,0.003069767598666835,0.0033373424526345853,0.004018401551939876,0.008246869103776214
2022-10-26 00:00:00+00:00,34.77000045776367,0.01623698695771525,6.754184275626295e-05,0.0015678002573440097,0.0017970485666726314,0.0021748721257725265,0.002909725625382941,0.003146959593456509,0.0040856451016059395,0.00733417496654949
2022-10-27 00:00:00+00:00,34.5,-0.007795635147933577,0.0002636397454650151,0.0003311815882212774,0.0018314400028090257,0.0021010480273010597,0.0024385927584711117,0.003409263553357667,0.004312994488501935,0.007573403066145995
2022-10-28 00:00:00+00:00,34.290000915527344,-0.006105530862942299,6.0771927359697366e-05,0.00032441167282471183,0.00039195351558097565,0.0021214602394973446,0.0024992837985972384,0.00346172111424781,0.0039287982592911145,0.007519845521746021
2022-10-31 00:00:00+00:00,34.189998626708984,-0.0029206296896155948,3.7277507118340934e-05,9.804943447803765e-05,0.0003616891799430536,0.0019294894372870646,0.0021990974617790973,0.0032714148053259937,0.003766573475333901,0.007472132282749618
2022-11-01 00:00:00+00:00,34.81999969482422,0.01825876209090449,8.530077783864085e-06,4.5807584902204365e-05,0.0001065795122619026,0.0004377611004831813,0.002167267824399549,0.0025451722707330138,0.0035171788511834273,0.007470611026364147
2022-11-02 00:00:00+00:00,34.529998779296875,-0.008363449525718991,0.00033338239309225093,0.00034191247087611435,0.0003791899779944562,0.0007036016508191693,0.002271401908163179,0.0028784737765916936,0.0038492254587118202,0.007773137496297575
2022-11-03 00:00:00+00:00,34.72999954223633,0.00577537752539925,6.994728796924922e-05,0.00040332968106149953,0.00041185975884536446,0.0005099091933234034,0.0008410907815446808,0.002610957220624461,0.003910858380211516,0.007559091315691473
2022-11-04 00:00:00+00:00,36.20000076293945,0.041455286332059416,3.3354985560886767e-05,0.00010330227353013533,0.00043668466662238713,0.00048249225152459277,0.0008069039243493047,0.0026039524910219354,0.003716629549732245,0.007568753610008734
2022-11-07 00:00:00+00:00,36.220001220703125,0.0005523462503269627,0.0017185407648730323,0.0017518957504339184,0.0018218430384031685,0.002163755509279284,0.002261804943757322,0.004093244946566347,0.004700397702228433,0.008663429895462581
2022-11-08 00:00:00+00:00,36.47999954223633,0.00715266650005697,3.0508638025025576e-07,0.001718845851253282,0.0017522008368141696,0.0021555305178756704,0.0022013381027778745,0.0025932916183588495,0.004700621901375112,0.008512337526877502
2022-11-09 00:00:00+00:00,35.849998474121094,-0.017420628175026653,5.1160638061037225e-05,5.146572444128683e-05,0.00177000648931432,0.0018733087628444566,0.002215221233720571,0.0025769104136636237,0.004414318695499669,0.008562229946598795
2022-11-10 00:00:00+00:00,37.150001525878906,0.035620287754465796,0.0003034782860125325,0.0003546389240735691,0.0003549440104538202,0.00210683976088774,0.0025101694419492394,0.0026167489542111414,0.004677437266348788,0.008790113452362153
2022-11-11 00:00:00+00:00,38.15999984741211,0.026824030344227534,0.0012688048997109458,0.0015722831857234777,0.0016234438237845159,0.003342289675037799,0.0034455919485679347,0.0038247819265623895,0.005716993856731113,0.00954845051311047
2022-11-14 00:00:00+00:00,37.93000030517578,-0.006045478834880935,0.0007195286039080396,0.0019883335036189847,0.002291811789631518,0.0023432775140728064,0.004095173264506724,0.004507033023352088,0.004936264046051405,0.010254140290251398
2022-11-15 00:00:00+00:00,38.79999923706055,0.022677863219269234,3.654781434299335e-05,0.0007560764182510323,0.002024881317961979,0.0023795202420355496,0.0040983660932888315,0.004535050759911218,0.004905270017638135,0.010027935518873696
2022-11-16 00:00:00+00:00,38.18000030517578,-0.016108400675158396,0.0005142854801918844,0.0005508332945348771,0.0012703618984429173,0.0028426450841663965,0.0028941108086076835,0.004715953847010851,0.005155915752365004,0.009505498892526158
2022-11-17 00:00:00+00:00,38.25,0.00183173398186387,0.0002594805723114435,0.0007737660525033272,0.0008103138668463213,0.0027986473704653073,0.0031532862945388767,0.004905487131353046,0.005354624397316751,0.009764681171747402
2022-11-18 00:00:00+00:00,38.02999877929688,-0.0057682704308024135,3.3552493803148685e-06,0.0002628358216917577,0.0007771213018836427,0.0015331977201346765,0.0031054809058581544,0.004875487395172473,0.0053207021395787245,0.009731746062558697
2022-11-21 00:00:00+00:00,37.54999923706055,-0.012701931949560485,3.327294376286946e-05,3.662819314318368e-05,0.0002961087654546278,0.0008469420599895065,0.0028352755636084914,0.0031902195740623105,0.00534544500555773,0.00932005084975105
2022-11-22 00:00:00+00:00,37.63999938964844,0.0023939406094930504,0.00016133907525126543,0.00019461201901413425,0.00019796726839444977,0.0009717333208977785,0.001727809739148811,0.0033512535629333256,0.005173401687716744,0.00928188763392676
2022-11-23 00:00:00+00:00,37.95000076293945,0.00820222544377014,5.730951641779958e-06,0.00016707002689304474,0.00020034297065591486,0.0004631787923476741,0.0010140120868825514,0.003305823876514068,0.005109185351389275,0.009029693883634202
2022-11-25 00:00:00+00:00,37.77000045776367,-0.004754375101311048,6.727650223043026e-05,7.300745387220957e-05,0.00023434652912347563,0.00027097472226666087,0.0010447407747699883,0.0030696220927319664,0.005143106868058819,0.009095634600300776
2022-11-28 00:00:00+00:00,37.59999847412109,-0.004511139030172195,2.2604082603966438e-05,8.988058483439604e-05,9.561153647617665e-05,0.00029022355549031243,0.0005530593771820704,0.001823421275624987,0.0034471701857897528,0.009109924316435187
2022-11-29 00:00:00+00:00,38.40999984741211,0.021313828571242865,2.0350375349542937e-05,4.295445795350873e-05,0.00011023096018393963,0.0002773009870769859,0.0003139291802201698,0.0011242430470664903,0.003467215474759046,0.008902690875744572
2022-11-30 00:00:00+00:00,39.52000045776367,0.028489046077551095,0.0004542792883643287,0.000474629663713871,0.0004972337463178381,0.0005702412001900492,0.0007648532192041837,0.0015419745210878259,0.0038703341250623372,0.008622197551732057
2022-12-01 00:00:00+00:00,39.38999938964844,-0.0032949229750305342,0.0008116257464088294,0.0012659050347731576,0.001286255410122701,0.0013761359949570986,0.0015432060218501435,0.0018393147873047707,0.004378481585458634,0.009433742410907317
2022-12-02 00:00:00+00:00,39.540000915527344,0.003800879409205038,1.0856517411384067e-05,0.0008224822638202129,0.0012767615521845422,0.0013197160101380524,0.001392723464010262,0.0015906907324047112,0.0031205332031590725,0.009107135084382219
2022-12-05 00:00:00+00:00,39.09000015258789,-0.01144615718856512,1.444668428331884e-05,2.5303201694702147e-05,0.0008369289481035323,0.001311558611817405,0.0014014391966518012,0.0016017821673077154,0.0024154512835343513,0.009081222053502125
2022-12-06 00:00:00+00:00,39.040000915527344,-0.0012798987124660322,0.00013101451438534098,0.00014546119866865905,0.000156317716080044,0.0014222227508532029,0.0014651772088067117,0.0016995237379301867,0.0025099179835766992,0.008982988258558845
2022-12-07 00:00:00+00:00,38.810001373291016,-0.005908804230106313,1.6381407141722068e-06,0.00013265265509951243,0.00014709933938283215,0.0009695816032030463,0.0014442112669169175,0.0015398228033930935,0.001997270644098987,0.0074843679846852695
2022-12-08 00:00:00+00:00,39.27999877929688,0.012037471643508546,3.491396742972225e-05,3.65521081438937e-05,0.00016756662252923553,0.00019286982422393923,0.001458774858997097,0.0015690058191810358,0.0017727040392172657,0.007451740109358729
2022-12-09 00:00:00+00:00,39.02000045776367,-0.006641105482822596,0.00014490072356827233,0.00017981469099799383,0.0001814528317121669,0.0003269140303808275,0.0011493962942010405,0.001646630040518878,0.0019142495134052233,0.007333001087461986
2022-12-12 00:00:00+00:00,38.900001525878906,-0.0030800570764002444,4.410428203397634e-05,0.0001890050056022479,0.00022391897303197106,0.00035657162813148495,0.00038187482982618746,0.0016681302399488879,0.0019250808516763302,0.0073163334421362655
2022-12-13 00:00:00+00:00,38.59000015258789,-0.008001110346472995,9.48675159388322e-06,5.359103362785878e-05,0.00019849175719613202,0.0002350438653400272,0.0003805050640086866,0.0016572666161932283,0.001773228528018948,0.007288542686611807
2022-12-14 00:00:00+00:00,38.61000061035156,0.0005181465806605168,6.40177667764372e-05,7.350451837031964e-05,0.00011760880040429688,0.00029742349140229223,0.000430076146501805,0.0012670050946053365,0.001831515343153605,0.007344030375604381
2022-12-15 00:00:00+00:00,37.720001220703125,-0.023320835956785135,2.684758790501854e-07,6.42862426554866e-05,7.377299424937072e-05,0.0002627779998516201,0.00029933010799551417,0.0004556478240755574,0.001764507316802225,0.00701091645839118
2022-12-16 00:00:00+00:00,37.83000183105469,0.002911996919641613,0.0005438613897232825,0.0005441298656023319,0.00060814763237877,0.0006617386660066303,0.0008415533570046245,0.0009886526963874558,0.002285764623921541,0.007484830560145213
2022-12-19 00:00:00+00:00,37.86000061035156,0.000792674855331299,8.479726060002242e-06,0.0005523411157832839,0.0005526095916623349,0.000626114110032656,0.0008151191156349043,0.0009826857381641393,0.0022738939746320005,0.007459955300644329
2022-12-20 00:00:00+00:00,37.84999847412109,-0.0002642223328388482,6.283334262744957e-07,9.10805948627598e-06,0.0005529694492095594,0.0006172556918650474,0.0006708467254929065,0.0008522995572050728,0.0018202430196939462,0.005742042869197571
2022-12-21 00:00:00+00:00,38.18999862670898,0.008942725708368737,6.981344117080308e-08,6.981468674445398e-07,9.17787292744765e-06,0.0005533077385297809,0.000626812256900101,0.0008507312299320714,0.0010086870867262877,0.005741807596258492
2022-12-22 00:00:00+00:00,37.84999847412109,-0.008942725708368737,7.997234309511913e-05,8.004215653628917e-05,8.067048996256454e-05,0.0006330116057458499,0.000697297848401337,0.0008957896055974682,0.0010778029124100226,0.005770619301292573
2022-12-23 00:00:00+00:00,37.79999923706055,-0.001321857127656756,7.997234309511913e-05,0.00015994468619023826,0.00016001449963140915,0.00016912255911768657,0.0007132524247200189,0.000830861225124315,0.0011433285712218228,0.00554711335837516
2022-12-27 00:00:00+00:00,38.36000061035156,0.014706183484424873,1.747306265936969e-06,8.171964936105533e-05,0.00016169199245617534,0.00016239013932362127,0.0007147312551069057,0.0007885042493562757,0.0010140613631024191,0.004280055764930151
2022-12-28 00:00:00+00:00,37.79999923706055,-0.014706183484424873,0.0002162718326775709,0.0002180191389435071,0.00029799148203862706,0.00037803363857491767,0.00038714169806119405,0.0009952893304399635,0.0012286950550658177,0.0037767989936996825
2022-12-29 00:00:00+00:00,38.43000030517578,0.016529330075876203,0.0002162718326775709,0.0004325436653551418,0.00043429097162107883,0.0005942356578113177,0.0005949338046787627,0.001147543396341097,0.0014100529203136664,0.00395652301203426
2022-12-30 00:00:00+00:00,37.900001525878906,-0.0138872601687976,0.0002732187527572656,0.0004894905854348357,0.0007057624181124075,0.0007874820674734641,0.0008675242240097538,0.0014204936732193124,0.0015383709495026595,0.0037154562845996414
2023-01-03 00:00:00+00:00,38.220001220703125,0.00840781840194671,0.00019285599499587234,0.00046607474775313716,0.0006823465804307089,0.0009003657193742173,0.0010603104055644554,0.0010694882784919022,0.0016871226624645555,0.00364883170728407
2023-01-04 00:00:00+00:00,39.369998931884766,0.02964510707448076,7.069141028011372e-05,0.0002635474052759853,0.0005367661580332518,0.0009693098233883942,0.0010510294727494498,0.0011316999627120137,0.001748327321150786,0.0037161678681838692
2023-01-05 00:00:00+00:00,39.25,-0.0030526335970471052,0.0008788323734574291,0.0009495237837375421,0.0011423797787334152,0.0016318703641682525,0.0018498895031117601,0.0020099040027431684,0.0025631419278317777,0.004561727297878428
2023-01-06 00:00:00+00:00,40.06999969482422,0.020676472803569546,9.318571877820748e-06,0.0008881509453352491,0.0009588423556153637,0.0014249171033685023,0.0018574607687236438,0.0020191527611798186,0.0025721920238305487,0.004409706794504985
2023-01-09 00:00:00+00:00,40.369998931884766,0.0074589913747189485,0.0004275165275967511,0.00043683509947457105,0.001315667472932001,0.001579214878207988,0.002068705463642824,0.0023666969456814504,0.002455847161704017,0.004831492370459955
2023-01-10 00:00:00+00:00,40.65999984741211,0.00715789604071837,5.563655232813167e-05,0.000483153079924882,0.0004924716518027036,0.001441995435540247,0.0019080701832933846,0.002342361154914463,0.0025030039879721465,0.004819852420557657
2023-01-11 00:00:00+00:00,40.83000183105469,0.00417234572987546,5.123547572973172e-05,0.00010687202805786264,0.0005343885556546146,0.0014225395009898653,0.0016860869062658508,0.0023918493243782575,0.0025536111302756036,0.004848483813683422
2023-01-12 00:00:00+00:00,41.02999877929688,0.004886326525317397,1.740846888960998e-05,6.864394461934093e-05,0.00012428049694747348,0.0005611155964220459,0.0015106393801595885,0.0021929859605902967,0.002570949785724043,0.004845541907223488
2023-01-13 00:00:00+00:00,41.29999923706055,0.006559004791259593,2.3876186912020387e-05,4.128465580162961e-05,9.252013153136219e-05,0.0005756732114562456,0.001463824156791495,0.002000590314824746,0.002514853629540944,0.0044151388057711806
2023-01-17 00:00:00+00:00,41.06999969482422,-0.0055845609560347675,4.302054385176629e-05,6.689673076378593e-05,8.430519965339677e-05,0.00019117722771126082,0.0006280123271858323,0.0017703921059192469,0.0024779018302975913,0.003646533603214117
2023-01-18 00:00:00+00:00,40.790000915527344,-0.006840944763478074,3.1187321071667955e-05,7.420786492343348e-05,9.808405183545474e-05,0.0001667279964547971,0.0006498810763796795,0.0016087234319950424,0.002507341845103322,0.003666864406874401
2023-01-19 00:00:00+00:00,41.09999847412109,0.007571108601816867,4.679852525695808e-05,7.798584632862527e-05,0.00012100639018039243,0.00016229104598202345,0.0002691630740398865,0.0015848305469718868,0.0023378685376827094,0.0036992162478480402
2023-01-20 00:00:00+00:00,41.72999954223633,0.015212199257626402,5.7321685460505355e-05,0.00010412021071746268,0.00013530753178913149,0.00020220426255291882,0.0002708482071722602,0.0007633198589749631,0.002178918390465644,0.0036255234189232046
2023-01-23 00:00:00+00:00,42.02999877929688,0.007163336339603088,0.00023141100625372925,0.00028873269171423384,0.00033553121697119277,0.0004097390818946277,0.00045102373769625775,0.0009854122933508716,0.002137110643962108,0.0038552962844627617
2023-01-24 00:00:00+00:00,42.060001373291016,0.000713582951904268,5.131338751427817e-05,0.00028272439376800663,0.00034004607922851285,0.0004180319255571395,0.0004849286563209259,0.0006092091532683987,0.0019955680364805136,0.0038716957045473177
2023-01-25 00:00:00+00:00,42.09999847412109,0.0009505015188659982,5.092006292484089e-07,5.182258814352582e-05,0.00028323359439725595,0.00038735380511472,0.0004615616700381539,0.0005540818015695155,0.001925385826829648,0.003727304181608294
2023-01-26 00:00:00+00:00,42.5,0.009456371486190829,9.034531373665696e-07,1.4126537666142194e-06,5.272604128089323e-05,0.0003414587329951285,0.0004194445793237542,0.0005037497789771503,0.0010474569065095857,0.0036841033527116843
2023-01-27 00:00:00+00:00,42.29999923706055,-0.004717007914532889,8.942296168484295e-05,9.032641482220876e-05,9.083561545145802e-05,0.0003735600092194661,0.0004776802199369292,0.0005757642717723833,0.0011275612963166078,0.0037640395628026437
2023-01-30 00:00:00+00:00,41.45000076293945,-0.02029916802827536,2.2250163665765916e-05,0.00011167312535060811,0.00011257657848797553,0.00016439916663150278,0.00045313185834573705,0.0005741382485261288,0.0007222949323856227,0.0037222719596919727
2023-01-31 00:00:00+00:00,41.36000061035156,-0.0021736550303401714,0.0004120562226401566,0.00043430638630592174,0.0005237293479907656,0.0005251420017573812,0.0008078663955253882,0.0009431739273145191,0.0010787146026976476,0.004134059706453079
2023-02-01 00:00:00+00:00,41.869998931884766,0.01225530956355314,4.7247761909231315e-06,0.00041678099883107894,0.0004390311624968457,0.0005293575773190559,0.0005811801654625822,0.0009167113824337743,0.001032203903158839,0.0035949230929207196
2023-02-02 00:00:00+00:00,41.619998931884766,-0.005988759218796602,0.00015019261249851708,0.00015491738868943946,0.0005669736113295969,0.0006786467366802064,0.000680059390446821,0.0010201054696753332,0.0011649880467677462,0.003736635979359234
2023-02-03 00:00:00+00:00,40.880001068115234,-0.017939823278467326,3.586523698072129e-05,0.0001860578494792376,0.0001907826256701616,0.0006250890119760847,0.0007154154267982939,0.0009986490211955493,0.0011769770968364471,0.0037718728829136813
2023-02-06 00:00:00+00:00,40.27999877929688,-0.014785934478590779,0.00032183725926263816,0.0003577024962433587,0.0005078951087418766,0.000924676107572957,0.0010363492329235656,0.0010890752742044583,0.001455793812247319,0.004093640328735148
2023-02-07 00:00:00+00:00,40.43999862670898,0.003964322648619234,0.00021862385840517955,0.000540461117667817,0.0005763263546485391,0.0007312437433379801,0.0011655501296439022,0.0012563857450953596,0.0016432303495808307,0.004232291844045209
2023-02-08 00:00:00+00:00,40.38999938964844,-0.001237145729671596,1.571585406235542e-05,0.0002343397124675342,0.0005561769717301731,0.0007422348212094122,0.0011590158200404915,0.0012715923985284667,0.0016121476783862278,0.004168035355012445
2023-02-09 00:00:00+00:00,40.58000183105469,0.004693165055895676,1.5305295564446657e-06,1.7246383618799325e-05,0.00023587024202397975,0.0005935727382673398,0.0007484901269567797,0.0012722194749475446,0.0015563565224821672,0.004167818578302953
2023-02-10 00:00:00+00:00,40.18999862670898,-0.009657205228623678,2.2025798241880266e-05,2.3556327798324173e-05,3.927218186068046e-05,0.0005797332995284988,0.0007657911490077369,0.001204822311504582,0.0013469713144703183,0.003973572543867262
2023-02-13 00:00:00+00:00,40.52000045776367,0.008177516386569383,9.326161282775649e-05,0.000115287411069636,0.00011681794062608153,0.00035115765309361716,0.0007088601493369763,0.0012758337606665726,0.0013889195397837966,0.003850562324017448
2023-02-14 00:00:00+00:00,40.45000076293945,-0.0017290283119129057,6.687177425261079e-05,0.00016013338708036653,0.00018215918532224766,0.0001994055689410484,0.0007398666866088657,0.0009306493122790268,0.001455282113407159,0.003644215345512793
2023-02-15 00:00:00+00:00,40.11000061035156,-0.008440967366893481,2.9895389033963925e-06,6.986131315600642e-05,0.0001631229259837638,0.00018667925378208937,0.000421018966249624,0.0009289140749915001,0.0014573681991731887,0.0034543488894203172
2023-02-16 00:00:00+00:00,40.119998931884766,0.00024924147181870637,7.124993008896068e-05,7.423946899235631e-05,0.00014111124324496798,0.00025639865431460534,0.0002736450379334051,0.0008499713925819436,0.0014391951675773065,0.003454907409229164
2023-02-17 00:00:00+00:00,39.68000030517578,-0.011027646363128696,6.2121311274355e-08,7.131205140023427e-05,7.430159030363153e-05,0.00023443497738399947,0.0002579913051823241,0.0008141682769124967,0.0014170071252228148,0.0025761371570830094
2023-02-21 00:00:00+00:00,39.18000030517578,-0.01268086980212857,0.00012160898431022555,0.00012167110562149914,0.0001929210357104607,0.0002627823488664685,0.00037806975993610496,0.000613940001960084,0.0011265598868928839,0.002688427569515414
2023-02-22 00:00:00+00:00,38.9900016784668,-0.00486117426231214,0.00016080445893853625,0.00028241344324876107,0.0002824755645600363,0.00035671503355239395,0.0005168484206327609,0.0005561206024934408,0.001282639569640497,0.002421715500857199
2023-02-23 00:00:00+00:00,39.18000030517578,0.00486117426231214,2.363101520856598e-05,0.00018443547414710146,0.00030604445845732787,0.0003773565098575636,0.0004472178230135704,0.0005640357636396512,0.0011560779723505457,0.002389709963737634
2023-02-24 00:00:00+00:00,38.29999923706055,-0.02271654403895562,2.363101520856598e-05,4.726203041713196e-05,0.00020806648935566832,0.00032973759497716886,0.00040397706396952556,0.0005861362492917726,0.0011438437505783905,0.002362105503216468
2023-02-27 00:00:00+00:00,38.5,0.005208365027228989,0.0005160413730738102,0.0005396723882823754,0.0005633034034909423,0.0008457168467397047,0.0009170288981399394,0.0010801518241237026,0.0013380478643895625,0.002860738407400668
2023-02-28 00:00:00+00:00,38.22999954223633,-0.007037705559355789,2.7127066256862033e-05,0.0005431684393306715,0.0005667994545392384,0.0007512349286863412,0.0008729060343078408,0.001014017277552808,0.001146551072241245,0.0028639892867455097
2023-03-01 00:00:00+00:00,39.04999923706055,0.021222321013810053,4.952929954018738e-05,7.665636579704865e-05,0.0005926977388708597,0.0006399597692879923,0.0009223732125367538,0.0009966748028403846,0.001180364517719077,0.002870498042433931
2023-03-02 00:00:00+00:00,39.18999862670898,0.003578720421472781,0.00045038690921320374,0.0004999162087533903,0.0005270432750102533,0.00106671566329263,0.001251151137439732,0.001444072173150192,0.001629220897375836,0.0032896976305754667
2023-03-03 00:00:00+00:00,39.540000915527344,0.008891263727264676,1.2807239855066318e-05,0.0004631941490682693,0.0005127234486084575,0.0010558918879391304,0.001103153918356262,0.0013856294829162976,0.0016200023389890221,0.0032557063451735748
2023-03-06 00:00:00+00:00,39.400001525878906,-0.00354698586515223,7.905457066777252e-05,9.186181052283808e-05,0.0005422487197360426,0.0006189050855330928,0.0011585774738154687,0.0014646219322727958,0.001605795296829038,0.003277439230380842
2023-03-07 00:00:00+00:00,38.7400016784668,-0.01689315372647604,1.2581108727589715e-05,9.163567939536146e-05,0.00010444291925042865,0.0006043591280038205,0.0011475275673344923,0.0013555940566901598,0.001551504631304017,0.0030586093328547025
2023-03-08 00:00:00+00:00,38.900001525878906,0.004121588544776511,0.0002853786428263513,0.00029795975155394027,0.00037701432222171367,0.0008402084712899844,0.0009168648370870335,0.001480168240577975,0.001833893735226972,0.0032926745881667755
2023-03-09 00:00:00+00:00,38.040000915527344,-0.022356028105398718,1.698749213243296e-05,0.0003023661349587835,0.000314947243686374,0.00040680905420921356,0.0009067252629626044,0.001473524717501842,0.0017796312972704442,0.0033091528796699602
2023-03-10 00:00:00+00:00,37.84000015258789,-0.00527151352855304,0.0004997919926493774,0.0005167794847818095,0.0008021581276081617,0.0008937938070035247,0.0013569879560717945,0.0019496856949426534,0.0022793611686085474,0.003808041419181971
2023-03-13 00:00:00+00:00,37.900001525878906,0.0015844041329100556,2.7788854881717725e-05,0.0005275808475310944,0.000544568339663528,0.0008425280912174698,0.0009343899017403085,0.0014614331767505608,0.0021855410391800395,0.0037464073123788457
2023-03-14 00:00:00+00:00,37.91999816894531,0.0005274767504759303,2.510336456382465e-06,3.029919133809943e-05,0.0005300911839874776,0.0008324573189462625,0.0009240929983416246,0.0014368164469500814,0.0020272469166978855,0.0037266674851694622
2023-03-15 00:00:00+00:00,37.27000045776367,-0.01728990332598279,2.782317222926469e-07,2.788568178674353e-06,3.057742306039284e-05,0.0005473569078422039,0.0008453166593961447,0.0013875653791321867,0.0020038941332116123,0.0033148894942515985
2023-03-16 00:00:00+00:00,37.84000015258789,0.015178022442596806,0.0002989407570218308,0.0002992189887441227,0.0003017293252005059,0.0008293101727316016,0.0011316763076903856,0.0012361192269408137,0.002279203875024877,0.003609105475082506
2023-03-17 00:00:00+00:00,37.61000061035156,-0.0060967595054437496,0.00023037236526797232,0.0005293131222898023,0.0005295913540120957,0.0005598905453501966,0.0010766700301320068,0.0014536843523537198,0.001993534867219039,0.0036892852278519613
2023-03-20 00:00:00+00:00,37.75,0.0037154869843503135,3.717047646721871e-05,0.0002675428417351903,0.0005664835987570218,0.0005692721669356975,0.0010968530144667926,0.0014118002581531661,0.002003578277429396,0.003690590467338459
2023-03-21 00:00:00+00:00,38.09000015258789,0.008966308801462208,1.3804843530876586e-05,5.097531999809454e-05,0.0002813476852660676,0.0005805666740101917,0.0006108658653482917,0.0014130239929564528,0.001967853821420085,0.003382558051606697
2023-03-22 00:00:00+00:00,38.2400016784668,0.003930347579664151,8.039469352317867e-05,9.419953705405449e-05,0.00013137001352127396,0.0006606831358110777,0.0006634717039897526,0.0012080400436532803,0.0015978616057300602,0.003244328886724696
2023-03-23 00:00:00+00:00,38.77000045776367,0.01376463141383999,1.5447632096971847e-05,9.584232562014978e-05,0.0001096471691510271,0.0003771900108862188,0.0006764089996303419,0.001206500183617819,0.0016005019979719655,0.0032440606647593127
2023-03-24 00:00:00+00:00,38.66999816894531,-0.0025827052215761093,0.00018946507795887066,0.00020491271005584178,0.00028530740357902117,0.0003362827235771171,0.00086559584586692,0.0008961732689273123,0.0017109125052630638,0.0034319952131617384
2023-03-27 00:00:00+00:00,38.459999084472656,-0.005445341912453383,6.6703662615565e-06,0.0001961354442204264,0.00021158307631739898,0.0003057826133714549,0.0005733254551066457,0.000875054780307151,0.0017050017627970307,0.0034166397811814147
2023-03-28 00:00:00+00:00,39.0099983215332,0.014199264136016243,2.9651748543521466e-05,3.632211480507721e-05,0.00022578719276394863,0.0003216295183840998,0.00037260483838219484,0.00090219619239429,0.0014492748685142006,0.00335302991689718
2023-03-29 00:00:00+00:00,39.119998931884766,0.0028158373710702733,0.0002016191020043571,0.00023127085054787782,0.00023794121680943507,0.0004428539268652782,0.0005370534639193333,0.0011035370626763545,0.001633906478386125,0.003487777244648926
2023-03-30 00:00:00+00:00,39.5099983215332,0.00991994407816632,7.928940100315947e-06,0.00020954804210467228,0.0002391997906481945,0.00043533523486862235,0.0005311775604887727,0.0008125252457548397,0.0011420434258370634,0.003492716645845846
2023-03-31 00:00:00+00:00,39.459999084472656,-0.0012662845481568041,9.840529051394705e-05,0.00010633423061426224,0.0003079533326186201,0.00034427544742369874,0.000549188157479541,0.0006805581710008144,0.0012126598614692929,0.003519872006270832
2023-04-03 00:00:00+00:00,39.540000915527344,0.002025363503864064,1.6034765569006815e-06,0.00010000876707084697,0.00010793770717116368,0.0003392085577190429,0.0005353440019394698,0.0006449911710904964,0.001211753001569811,0.0035214133615164584
2023-04-04 00:00:00+00:00,39.540000915527344,0.0,4.102097322784518e-06,5.705573879684441e-06,0.00010411086439363225,0.00031365890649830597,0.0003499810213033837,0.0006352884248824043,0.0012155768671703027,0.0034039064745290176
2023-04-05 00:00:00+00:00,39.22999954223633,-0.007871092344184039,0.0,4.102097322783759e-06,5.7055738796851995e-06,0.00011203980449394885,0.0003433106550418272,0.0005548937313592257,0.000916636110148472,0.0032431020155904815
2023-04-06 00:00:00+00:00,39.38999938964844,0.004070212934979001,6.195409469067259e-05,6.195409469067183e-05,6.60561920134571e-05,0.0001660649590843055,0.00037561300118897834,0.0006014001939529264,0.0007482178395711723,0.0032814250950725875
2023-04-10 00:00:00+00:00,39.43000030517578,0.0010149941414954178,1.656663333607037e-05,7.85207280267422e-05,7.852072802674296e-05,8.422630190642881e-05,0.0001905605325206916,0.00042850174933012613,0.000727613996440024,0.0032743607132000923
2023-04-11 00:00:00+00:00,39.66999816894531,0.00606823273985313,1.0302131072700202e-06,1.759684644333963e-05,7.955094113401296e-05,8.365303845679815e-05,0.00018366180552764567,0.0004228615961758396,0.0007148393660164175,0.002759349553233552
2023-04-12 00:00:00+00:00,39.38999938964844,-0.007083226881348548,3.6823448585025425e-05,3.7853661692294685e-05,5.44202950283658e-05,0.00011637438971903906,0.00012207996359872404,0.0004300332962173436,0.0006712681210782642,0.0027690459355617153
2023-04-13 00:00:00+00:00,39.93000030517578,0.013615967230173887,5.017210305265867e-05,8.699555163768334e-05,8.80257647449541e-05,0.00016654649277169774,0.00017064859009448204,0.0002785862972656452,0.0007059925920339511,0.0027696887390741866
2023-04-14 00:00:00+00:00,39.720001220703125,-0.005273058808220821,0.00018539456361316915,0.00023556666666582708,0.00027239011525085325,0.0002899869616941943,0.00035194105638486665,0.0004560519207784984,0.0007019220776882495,0.002504696393474152
2023-04-17 00:00:00+00:00,39.88999938964844,0.0042707807067703385,2.7805149194955183e-05,0.0002131997128081236,0.000263371815860783,0.0003012254775530791,0.00037974620557982186,0.00038545177945950647,0.0007230568606216482,0.002519694302814041
2023-04-18 00:00:00+00:00,39.84000015258789,-0.0012542140700340099,1.823956784532175e-05,4.6044717040276176e-05,0.00023143928065344607,0.00031843483229113085,0.000336031678734471,0.00040208787074792757,0.0007116446799234485,0.0024588792999915903
2023-04-19 00:00:00+00:00,39.43999862670898,-0.010090941631732964,1.5730529334712763e-06,1.981262077879227e-05,4.761776997374819e-05,0.0002831844366395766,0.00032103809833187194,0.0003995588263586143,0.0005115986308525626,0.0024478712441974716
2023-04-20 00:00:00+00:00,39.380001068115234,-0.001522394580411035,0.00010182710301504152,0.00010340015594851204,0.00012163972379383452,0.0003348394366019595,0.0004218349882396434,0.0005013859293736559,0.0006054967937672882,0.002264319704386162
2023-04-21 00:00:00+00:00,39.0099983215332,-0.009440119842284211,2.3176852584648914e-06,0.00010414478827350566,0.00010571784120697767,0.00015176255824725528,0.00038732922491308285,0.00044174951994144815,0.000509409188511806,0.0022496498975121937
2023-04-24 00:00:00+00:00,38.91999816894531,-0.0023097702208096926,8.911586263668809e-05,9.143354789515222e-05,0.00019326065091019448,0.00021307327168898819,0.0004262729844971123,0.0005142987492420659,0.0005969215745915935,0.0018389737674995045
2023-04-25 00:00:00+00:00,38.18999862670898,-0.018934544993193025,5.335038472939257e-06,9.445090110962659e-05,9.676858636809222e-05,0.0002001687423166057,0.0002462134593568824,0.0005186035746077351,0.0005981545157417482,0.0018165199510907263
2023-04-26 00:00:00+00:00,38.40999984741211,0.005744173107220973,0.00035851699409925107,0.0003638520325721896,0.0004529678952088784,0.0005571126834823855,0.0005769253042611783,0.0008402971201219608,0.0009566715098409993,0.002172526608733595
2023-04-27 00:00:00+00:00,38.93000030517578,0.013447331076249736,3.299552468572065e-05,0.000391512518784971,0.00039684755725791096,0.00048828110515306466,0.0005916812611015771,0.0008231205417550228,0.0009277129398360473,0.0022052439016970226
2023-04-28 00:00:00+00:00,39.130001068115234,0.0051242940574476314,0.00018083071307427187,0.00021382623775999176,0.0005723432318592436,0.0006667941329688717,0.0007709389212423778,0.0008185566912161254,0.0010919770195742487,0.0020871338577494636
2023-05-01 00:00:00+00:00,39.0,-0.003327817389255916,2.6258389587193108e-05,0.00020708910266146422,0.00024008462734718562,0.0006039366599193766,0.0006953702078145293,0.0008170099316083634,0.0011172051960541718,0.0018830198820686847
2023-05-02 00:00:00+00:00,38.619998931884766,-0.009791396786327233,1.107436857623406e-05,3.733275816342641e-05,0.00021816347123769904,0.0006096759900226714,0.0007041268911322985,0.0008098447323392757,0.0010914561160453805,0.0018569237741777
2023-05-03 00:00:00+00:00,38.560001373291016,-0.0015547439865812862,9.587145102729927e-05,0.00010694581960353257,0.00013320420919072642,0.0003470304469507196,0.0007108824795229097,0.0009041431304331036,0.0011371554640200211,0.0019389903816741227
2023-05-04 00:00:00+00:00,38.869998931884766,0.008007212028226185,2.4172288638106708e-06,9.828867989110918e-05,0.000109363048467344,0.0003164521511288096,0.0007079646699137811,0.0008047332562818729,0.0009541781292706626,0.0018610129170147547
2023-05-05 00:00:00+00:00,39.38999938964844,0.013289244102761444,6.41154444649701e-05,6.653267332878001e-05,0.00016240412435608004,0.00019973688251950786,0.0004135631202795001,0.000866531015488378,0.0009904884245406777,0.001909680729382753
2023-05-08 00:00:00+00:00,39.40999984741211,0.0005076258473803996,0.00017660400882277982,0.00024071945328774916,0.00024313668215156058,0.00035008250175509454,0.0005571716044165593,0.0009540191616744698,0.0011488528655181356,0.0018968196602466621
2023-05-09 00:00:00+00:00,39.16999816894531,-0.006108486403721081,2.576840009286688e-07,0.00017686169282370772,0.00024097713728867857,0.00033926581717978917,0.0003765985753432161,0.0009489418072024591,0.0011475374965855929,0.0018904069779860342
2023-05-10 00:00:00+00:00,39.150001525878906,-0.0005106395193776869,3.73136061444453e-05,3.7571290145373205e-05,0.00021417529896815377,0.00028070797229693523,0.0003876537919004682,0.0006277384192476534,0.0010830239997149968,0.0018980688355869583
2023-05-11 00:00:00+00:00,39.0099983215332,-0.0035824809200204477,2.607527187502751e-07,3.7574358863194806e-05,3.783204286412421e-05,0.00027855149615187483,0.00037684017604298453,0.000595003647280683,0.0010809670671752822,0.0016967104863013511
2023-05-12 00:00:00+00:00,38.54999923706055,-0.011861900273554937,1.2834169542310554e-05,1.309492226106007e-05,5.0408528405506094e-05,0.00022727022122921527,0.00029380289455799573,0.0004270071037487217,0.0010046853740809047,0.0017016157157433457
2023-05-15 00:00:00+00:00,39.2599983215332,0.0182500658772895,0.0001407046780997627,0.0001535388476420725,0.00015379960036082348,0.00019137089050619814,0.0004320903437939478,0.0005414533922612913,0.0011400550137077282,0.0017439151033291614
2023-05-16 00:00:00+00:00,38.97999954223633,-0.0071574637598588176,0.0003330649045254066,0.00047376958262516857,0.00048660375216747983,0.0005241781110306761,0.0007010398038543843,0.0008634439282104639,0.0011146029241338837,0.002075376531297667
2023-05-17 00:00:00+00:00,39.15999984741211,0.004607131429922973,5.122928747369232e-05,0.0003842941919990982,0.0005249988700988616,0.0005380937923599231,0.0005756650825052968,0.0008188017646568569,0.0011328366869218552,0.002122503721448575
2023-05-18 00:00:00+00:00,38.95000076293945,-0.005377021861365794,2.1225660012584094e-05,7.245494748627566e-05,0.000405519852011683,0.000559058699653757,0.0005966330585169522,0.0008376101958056303,0.0009732316338601676,0.002143729381461159
2023-05-19 00:00:00+00:00,38.97999954223633,0.0007698904314428212,2.8912364097605666e-05,5.0138024110189e-05,0.00010136731158388208,0.0005751368942090521,0.0005882318164701126,0.0008024071154382659,0.0009758856083705802,0.0021106876508680925
2023-05-22 00:00:00+00:00,39.29999923706055,0.008175817126135243,5.927312764272134e-07,2.950509537403212e-05,5.073075538661697e-05,0.0004350249473857166,0.0005885637950277895,0.0006263958378919133,0.0009654039710707733,0.002094713748808449
2023-05-23 00:00:00+00:00,38.68999862670898,-0.015643366244304513,6.684398568000635e-05,6.74367169564328e-05,9.634908105403922e-05,0.00016880402854031634,0.0006425736111654853,0.000692982139570991,0.0009363765057234803,0.0021605275213811854
2023-05-24 00:00:00+00:00,38.400001525878906,-0.007523633887582815,0.00024471490745344587,0.00031155889313345145,0.0003121516244098794,0.0003622896485200699,0.0007465838405191686,0.0009003834408799915,0.0011786741843131155,0.002368418980249606
2023-05-25 00:00:00+00:00,38.31999969482422,-0.002085554191328054,5.660506687438449e-05,0.0003013199743278296,0.0003681639600078367,0.00039766905538187033,0.0004701240028681464,0.0009567277550356257,0.0011711638067225297,0.002374851944071332
2023-05-26 00:00:00+00:00,39.0,0.0175897009908641,4.3495362849660135e-06,6.095460315934975e-05,0.00030566951061279635,0.0003731062275692306,0.00042324425167942006,0.0009482431217782812,0.0009989093341847162,0.002193806916743129
2023-05-30 00:00:00+00:00,38.54999923706055,-0.011605565911214644,0.00030939758094800546,0.0003137471172329707,0.00037035218410735594,0.0006819110772408089,0.0007114161726148415,0.001116936024626524,0.0013080492311317929,0.002475399348496179
2023-05-31 00:00:00+00:00,38.18999862670898,-0.00938241494044778,0.00013468916011954738,0.00044408674106755216,0.00044843627735251885,0.0007497562516803499,0.0008171929686367832,0.0009185602802206647,0.001405424785106895,0.0025918489407704046
2023-06-01 00:00:00+00:00,38.869998931884766,0.01764905210698009,8.802971011473773e-05,0.0002227188702342844,0.0005321164511822905,0.0005930710543416418,0.0009046299474750937,0.0009553607028617102,0.0014931937425028824,0.002678305597951671
2023-06-02 00:00:00+00:00,39.540000915527344,0.017090123511966482,0.00031148904027489835,0.0003995187503896354,0.0005342079105091835,0.0008479550277421556,0.0011492750020699856,0.0012456240831240245,0.0017918486132354702,0.002887967535211528
2023-06-05 00:00:00+00:00,39.52999877929688,-0.00025299446875948206,0.00029207232165426956,0.0006035613619291673,0.0006915910720439056,0.001135677813111459,0.0011966324162708093,0.0015087840406806884,0.001943216256789977,0.0031777221716073325
2023-06-06 00:00:00+00:00,39.880001068115234,0.008815125448697003,6.400620122289255e-08,0.00029213632785549175,0.0006036253681303909,0.0008263442383646766,0.0011400913555976479,0.001508255315605484,0.0016102153584657934,0.0030886703151718673
2023-06-07 00:00:00+00:00,39.400001525878906,-0.012109116845089751,7.770643667626555e-05,7.777044287748773e-05,0.00036984276453175805,0.0007693615149213948,0.0012134482559889473,0.0015191177666017432,0.0016366925076683667,0.003161041713375194
2023-06-08 00:00:00+00:00,39.68000030517578,0.007081435075815712,0.00014663071076803638,0.00022433714744430122,0.00022440115364552487,0.0008279625155746934,0.0010506813858089782,0.0014210335699163337,0.001762097558423819,0.002949155430043979
2023-06-09 00:00:00+00:00,39.86000061035156,0.004526039989436903,5.014672273299308e-05,0.00019677743350102875,0.0002744838701772951,0.0005666201980327882,0.0009661389484224239,0.0014145752257749423,0.0017833319170592063,0.0029663066280912515
2023-06-12 00:00:00+00:00,39.93999862670898,0.0020049635067862503,2.0485037985982e-05,7.063176071897437e-05,0.0002172624714870115,0.00029503291436450065,0.0008985942762936682,0.0014307107274759583,0.001803224223768761,0.002805960953002962
2023-06-13 00:00:00+00:00,40.34000015258789,0.009965242704794264,4.019878663544619e-06,2.4504916649525915e-05,7.465163938251975e-05,0.00029898878682682237,0.0005911251146823144,0.0011253330251914974,0.0017404001167522993,0.002783722442079313
2023-06-14 00:00:00+00:00,40.63999938964844,0.0074092519431219195,9.930606216545529e-05,0.00010332594082899921,0.00012381097881498197,0.00032058841231601213,0.00039835885519350013,0.0010899499272374053,0.0015949912714643087,0.0028719541356685345
2023-06-15 00:00:00+00:00,41.02000045776367,0.009306975552024976,5.489701435665594e-05,0.00015420307652211053,0.0001582229551856559,0.00022885471590463168,0.0004531918633489332,0.0010568172314793236,0.0015932832189465803,0.002830979698997891
2023-06-16 00:00:00+00:00,40.880001068115234,-0.0034187917802461776,8.661979392599062e-05,0.00014151680828264584,0.0002408228704481019,0.00026532778709762925,0.00046210522059865825,0.0008319479851304158,0.0016755534765876046,0.002915182264060071
2023-06-20 00:00:00+00:00,40.08000183105469,-0.019763469561906444,1.1688137236678827e-05,9.830793116266875e-05,0.00015320494551932542,0.00025653088634832605,0.0003271626470673007,0.0005515638007128251,0.0013778440328762783,0.0028627549568317795
2023-06-21 00:00:00+00:00,39.88999938964844,-0.004751851845156807,0.0003905947291244025,0.0004022828663610806,0.000488902660287072,0.0006431057368091839,0.00066761065345871,0.0009420945236360047,0.0016337496018811334,0.0030767456771334024
2023-06-22 00:00:00+00:00,39.75,-0.0035158095161080816,2.258009595832015e-05,0.0004131748250827219,0.0004248629623194015,0.0005663797706020489,0.0006697057114310482,0.0008869681829180593,0.0015682999877247156,0.0030990680890907937
2023-06-23 00:00:00+00:00,39.16999816894531,-0.014698740168956004,1.2360916553556142e-05,3.4941012511875585e-05,0.0004255357416362788,0.000523843672798949,0.0006780467493210597,0.0007526983887035791,0.0012691718640033735,0.0030741153994999046
2023-06-26 00:00:00+00:00,39.29999923706055,0.0033133985306128544,0.00021605296255448078,0.00022841387910803621,0.0002509939750663571,0.0006532768414274392,0.0007947936497100852,0.0009186046285250668,0.0011931525049035847,0.0032899076093356352
2023-06-27 00:00:00+00:00,39.70000076293945,0.010126707448765426,1.0978609822667423e-05,0.0002270315723771475,0.0002393924889307044,0.0006525673140134278,0.0007508752451760967,0.0009090982003617521,0.0012040671085250293,0.003288052049615992
2023-06-28 00:00:00+00:00,39.459999084472656,-0.0060637295176966255,0.00010255020375288117,0.00011352881357554789,0.0003295817761300294,0.00036452278864190644,0.0007668056550029874,0.0010076285254510887,0.001228910875601645,0.0032498975752691104
2023-06-29 00:00:00+00:00,39.25,-0.005336033164649034,3.676881566378535e-05,0.0001393190194166658,0.000150297629239334,0.00037871150834737163,0.0007918863334300939,0.0009450912789494188,0.0011190489804973939,0.0029536014864074895
2023-06-30 00:00:00+00:00,39.560001373291016,0.007867097240224386,2.847324993423439e-05,6.524206559801904e-05,0.00016779226935090095,0.0003948238417280499,0.00042976485423992577,0.0009186675145269973,0.0010973755076986351,0.0029308454488680314
2023-07-03 00:00:00+00:00,40.0,0.011060912645294518,6.189121898714615e-05,9.036446892137984e-05,0.00012713328458516596,0.00024066209816071523,0.00046907597726875177,0.0008939389395881528,0.0011387816886997992,0.0029715110078425934
2023-07-05 00:00:00+00:00,39.7599983215332,-0.006018114540523367,0.0001223437885468362,0.00018423500753398164,0.0002127082574682168,0.000352027276884884,0.0005790588492620318,0.00100459459089831,0.001257105598583091,0.003064942432291824
2023-07-06 00:00:00+00:00,38.95000076293945,-0.020582547668993367,3.6217702622858775e-05,0.00015856149116969426,0.00022045271015684118,0.0002856947757548616,0.0003992235893304098,0.0006502175643967664,0.0011940172390404943,0.0031005674036382555
2023-07-07 00:00:00+00:00,39.38999938964844,0.011233169583305891,0.0004236412685463843,0.00045985897116924236,0.0005822027597160793,0.0006725672286374605,0.0008118862480541267,0.0010512787369848305,0.0015627614932302227,0.003457364686504633
2023-07-10 00:00:00+00:00,39.41999816894531,0.0007612937869572178,0.00012618409888730863,0.0005498253674336922,0.0005860430700565518,0.0007702780775905348,0.0008355201431885541,0.001165101919318583,0.0016023257981915406,0.003338833877938496
2023-07-11 00:00:00+00:00,39.81999969482422,0.010096035697485739,5.795682300596618e-07,0.0001267636671173676,0.0005504049356637525,0.0007089664268334483,0.0007993308957548284,0.0009496285249941619,0.0015912172291849215,0.0032828083792941715
2023-07-12 00:00:00+00:00,40.709999084472656,0.022104449053715225,0.00010192993680490636,0.00010250950503496532,0.0002286936039222747,0.0006885525750915185,0.0008727875826255004,0.001040579851976401,0.0013025524368654256,0.0033803887798141115
2023-07-13 00:00:00+00:00,41.2400016784668,0.012934959822845649,0.0004886066679682919,0.0005905366047731976,0.000591116173003258,0.0011409415404369516,0.0012995030316066461,0.0014266363161918117,0.0017685790088753973,0.003559597866834398
2023-07-14 00:00:00+00:00,41.0099983215332,-0.005592801372994227,0.00016731318561863113,0.0006559198535869223,0.0007578497903918295,0.0008846134575091985,0.001344472428678441,0.0015571806861466573,0.0019235312779404723,0.003592221892333482
2023-07-17 00:00:00+00:00,41.060001373291016,0.0012185465610095036,3.127942719776611e-05,0.0001985926128163965,0.0006871992807846893,0.0007897087858196561,0.0013395341532533485,0.001559986863410189,0.0017387577425837576,0.0035354716094165104
2023-07-18 00:00:00+00:00,40.7599983215332,-0.00733327786148541,1.484855721348088e-06,3.276428291911344e-05,0.00020007746853774544,0.0007906140733109444,0.0009173777404283122,0.001499580500144391,0.0017292639884824382,0.00322546742486296
2023-07-19 00:00:00+00:00,40.68000030517578,-0.001964588493037045,5.377696419375203e-05,5.526181991509936e-05,8.654124711286634e-05,0.0007424611006997901,0.0008449706057347558,0.0014310136757913069,0.001680490748923309,0.0029871720674024423
2023-07-20 00:00:00+00:00,40.380001068115234,-0.007401939345940356,3.859607946973567e-06,5.763657214072484e-05,5.912142786207379e-05,0.0002577140406784717,0.0008482506454516696,0.0013986555811154216,0.0016475815412064971,0.002990967669148193
2023-07-21 00:00:00+00:00,40.31999969482422,-0.0014870231420123226,5.4788706080979944e-05,5.8648314027952755e-05,0.00011242527822170565,0.0001451895611408205,0.0008011094147277432,0.0010298030186500174,0.0016738969973532428,0.002968049938552907
2023-07-24 00:00:00+00:00,40.869998931884766,0.013548655247459962,2.2112378248802e-06,5.6999943905859386e-05,6.0859551852833824e-05,0.00011612137176793459,0.0003147139845843314,0.0009058301575875889,0.001614217016190977,0.002823630465609751
2023-07-25 00:00:00+00:00,41.209999084472656,0.008284651692850975,0.00018356605901452436,0.00018577729683940379,0.0002405660029203846,0.00029820257506111083,0.00033096685798022466,0.0010888166483720536,0.001675439286658665,0.0029570498018912828
2023-07-26 00:00:00+00:00,41.45000076293945,0.005806976852982704,6.863545367185853e-05,0.00025220151268638214,0.0002544127505112632,0.00031306106453921734,0.00036832288445431705,0.0010555221652390058,0.001707857037707665,0.003005200217577159
2023-07-27 00:00:00+00:00,40.93999862670898,-0.012380353298411695,3.372098017107691e-05,0.00010235643384293467,0.0002859224928574599,0.00034292243676332067,0.0004005590089040459,0.0006006364774417907,0.0013179367493323575,0.0030349013190846914
2023-07-28 00:00:00+00:00,41.93000030517578,0.02389402177174027,0.00015327314779349334,0.0001869941279645695,0.00025562958163642885,0.0004414068784758341,0.0005000551925037871,0.000586596439616653,0.0013450257982385422,0.0030888684047127293
2023-07-31 00:00:00+00:00,41.95000076293945,0.0004768826391994274,0.0005709242764283981,0.0007241974242218907,0.0007579184043929683,0.001010119917079352,0.0010671198609852118,0.001126241288847285,0.0019153705064368807,0.0036048956667844717
2023-08-01 00:00:00+00:00,41.41999816894531,-0.012714639339671763,2.2741705156981127e-07,0.0005711516934799671,0.0007244248412734614,0.0008267812751163974,0.0010125585719558015,0.0011249838501775065,0.001813667986683544,0.003518503289910051
2023-08-02 00:00:00+00:00,40.43000030517578,-0.02419172055948904,0.0001616620535379288,0.00016188947058949787,0.0007328137470178968,0.0009198078749824677,0.0011720093876688503,0.0012328689395216836,0.0014867233722531809,0.003668477206211301
2023-08-03 00:00:00+00:00,40.59000015258789,0.003949643409124626,0.0005852393436284046,0.0007469013971663326,0.0007471288142179033,0.0014713262384397955,0.0015736826722827302,0.0018142486752031144,0.0019046495302629544,0.0038631218207153028
2023-08-04 00:00:00+00:00,40.540000915527344,-0.0012325710028924242,1.5599683059241595e-05,0.0006008390266876454,0.000762501080225575,0.0013336527737055437,0.0015206469016701136,0.0017750596521813762,0.0018889697861244298,0.0038561414078162244
2023-08-07 00:00:00+00:00,40.47999954223633,-0.0014811499363434066,1.5192312771712362e-06,1.7118914336412072e-05,0.0006023582579648175,0.0007642477285543167,0.0014884451527762078,0.0017743676456336672,0.0018890041616802529,0.0038452997225398395
2023-08-08 00:00:00+00:00,39.9900016784668,-0.01217854883992997,2.1938051339300777e-06,3.713036411100555e-06,1.9312719470343017e-05,0.0007662141166366771,0.0013373658101166444,0.0015929953917530727,0.001837421002620431,0.0036314405651192887
2023-08-09 00:00:00+00:00,40.09000015258789,0.002497465629660134,0.00014831705184655962,0.00015051085698048893,0.00015203008825766105,0.0007528691149453078,0.0009147585855348061,0.0016726769899277738,0.001981878446520017,0.003768779007143181
2023-08-10 00:00:00+00:00,40.150001525878906,0.0014955479366767221,6.237334571333689e-06,0.00015455438641789255,0.0001567481915518235,0.00017386710588823697,0.00092076850305457,0.0016451933443280308,0.0019333270750103708,0.0036724661379616335
2023-08-11 00:00:00+00:00,39.560001373291016,-0.014803936928584172,2.2366636308980007e-06,8.47399820223093e-06,0.00015679105004879143,0.0001605040864598934,0.0007613431131475392,0.0014941568601654354,0.0019333525008163885,0.0036379339859287456
2023-08-14 00:00:00+00:00,39.369998931884766,-0.00481446364317728,0.00021915654858549815,0.0002213932122163954,0.00022763054678772996,0.00037814140376822027,0.00039526031810463284,0.0011423891323225355,0.0019689429903873624,0.00382861728458001
2023-08-15 00:00:00+00:00,38.91999816894531,-0.011495867554287553,2.317906017147585e-05,0.00024233560875697326,0.0002445722723878721,0.0003991266588057661,0.0004028396952168671,0.0011653407754424415,0.0019234865968869796,0.0037899051257643396
2023-08-16 00:00:00+00:00,38.56999969482422,-0.009033445963298359,0.0001321549708257213,0.0001553340309971964,0.0003744905795826954,0.0003829645777849278,0.0005334754347654171,0.001135833692730234,0.0020219205875416243,0.0037997163080432245
2023-08-17 00:00:00+00:00,38.65999984741211,0.0023307055253871667,8.160314597183141e-05,0.00021375811679755195,0.00023693717696902865,0.0004583303891854255,0.0006128847756033185,0.0006321974950736608,0.0019502505857199623,0.0038451017513921972
2023-08-18 00:00:00+00:00,38.400001525878906,-0.006747970503155454,5.432188246070268e-06,8.703533421790092e-05,0.00021919030504362306,0.00046152591380059776,0.00046999991200282913,0.0006220300002604895,0.0013847584975376344,0.0034268926710918834
2023-08-21 00:00:00+00:00,38.4900016784668,0.0023410115734106007,4.553510591145607e-05,5.0967294157525576e-05,0.00013257044012935783,0.00028790447112655564,0.0005092976833429515,0.0006660458748947743,0.0014300661863975207,0.003346243678116031
2023-08-22 00:00:00+00:00,38.40999984741211,-0.002080672518316007,5.480335186842376e-06,5.1015441098297684e-05,5.644762934436879e-05,0.0002702057461419222,0.0005125413548988959,0.0006693324049476866,0.0012738844680464342,0.003351144445072813
2023-08-23 00:00:00+00:00,39.02000045776367,0.015756508541274084,4.329198128475474e-06,9.809533315317092e-06,5.5344639226774e-05,0.0001423799734446764,0.00029771400444187317,0.0005253445512296024,0.0006929743225465051,0.0032535437063963826
2023-08-24 00:00:00+00:00,38.869998931884766,-0.003851629541514967,0.00024826756141124316,0.00025259675953971786,0.0002580770947265611,0.00030904438888408814,0.0005228025056816405,0.000767374778069512,0.0009256422008985068,0.003013204599839334
2023-08-25 00:00:00+00:00,38.90999984741211,0.0010285656899382545,1.4835050125070796e-05,0.0002631026115363132,0.00026743180966478953,0.0003184472507630887,0.00040548258498099,0.0007799731645636847,0.0009389580197464063,0.0028607264643457733
2023-08-28 00:00:00+00:00,39.290000915527344,0.009718773797256386,1.0579473785181574e-06,1.5892997503588196e-05,0.0002641605589148322,0.00027397009223015077,0.0003249373863876767,0.0005618745633567048,0.0009378221619909943,0.002830504984526525
2023-08-29 00:00:00+00:00,39.790000915527344,0.01264559057565906,9.445456412223731e-05,9.551251150075472e-05,0.00011034756162582638,0.0003629443211655457,0.0004139597622638438,0.0006331500673074663,0.0008839596742666721,0.002923474692927415
2023-08-30 00:00:00+00:00,39.65999984741211,-0.003272528203567937,0.00015991096100719725,0.0002543655251294338,0.00025542347250795286,0.0005185260840442675,0.0005283356173595849,0.0006609060574889422,0.0010376333007025356,0.00302960868974086
2023-08-31 00:00:00+00:00,39.16999816894531,-0.012432018312865,1.0709440843147589e-05,0.0001706204018503441,0.00026507496597258227,0.0002809679634761719,0.0005335647230158901,0.0005900123523602584,0.0010461060779147853,0.003036458522637034
2023-09-01 00:00:00+00:00,39.630001068115234,0.011675333223147177,0.00015455507933141073,0.00016526452017455757,0.0003251754811817557,0.0004206879926825118,0.0006837906042188255,0.0007391352434455988,0.0009815046086606978,0.003136224895887465
2023-09-05 00:00:00+00:00,39.310001373291016,-0.008107459785861248,0.00013631340587152426,0.00029086848520293426,0.00030157792604608273,0.000555943451175518,0.0005718364486791065,0.0008299135434056671,0.0010946389543607462,0.003270327063934109
2023-09-06 00:00:00+00:00,39.09000015258789,-0.00561229066030533,6.573090417935732e-05,0.00020204431005088082,0.00035659938938229245,0.000527219791232638,0.000622732302733393,0.0008901641123981819,0.0010282148877143822,0.0031524919090989414
2023-09-07 00:00:00+00:00,38.630001068115234,-0.011837479380286009,3.149780645575044e-05,9.7228710635107e-05,0.00023354211650663214,0.00039880663668119114,0.0006531721618106254,0.0009173327207254569,0.0009781095481983012,0.003115354261882834
2023-09-08 00:00:00+00:00,38.709999084472656,0.0020687366105511806,0.00014012591807869643,0.00017162372453444612,0.0002373546287138043,0.00052822311391674,0.0006988435157670844,0.0008091910773929101,0.0011128032780309274,0.0032217591997904535
2023-09-11 00:00:00+00:00,39.18999862670898,0.012323636231035273,4.279671163834787e-06,0.00014440558924253046,0.00017590339569828177,0.0003779477057491641,0.000543212225923722,0.0007986356984316743,0.0010715478432833062,0.0030727657231607946
2023-09-12 00:00:00+00:00,39.06999969482422,-0.0030666759136868116,0.00015187200995488528,0.0001561516811187193,0.0002962775991974166,0.00039350630983252504,0.0006843747950354597,0.0009494497610080413,0.001217939518051349,0.0026537134566872816
2023-09-13 00:00:00+00:00,39.02000045776367,-0.0012805543295000277,9.40450115958684e-06,0.00016127651111447135,0.000165556182278307,0.0003371799068127546,0.0005392242168636358,0.0008643996980453908,0.0012230148210824604,0.002662890540795299
2023-09-14 00:00:00+00:00,39.27999877929688,0.006641105482822596,1.6398193908012654e-06,1.1044320550387347e-05,0.0001629163305052735,0.0003073219197478054,0.0004045506303829128,0.0007061285564289949,0.0009763870790620185,0.0025028683066481714
2023-09-15 00:00:00+00:00,39.130001068115234,-0.0038259888903993122,4.410428203397634e-05,4.574410142477685e-05,5.5148602584364555e-05,0.00021130028370308532,0.00038292400823753184,0.0007395233976198236,0.001005656310970924,0.001961733245053743
2023-09-18 00:00:00+00:00,39.08000183105469,-0.0012785894903117878,1.463819098945896e-05,5.8742473023434544e-05,6.0382292414236676e-05,0.0002216588035287095,0.0003660643927712404,0.0005996065092778719,0.0010192365545818648,0.0019607717529839604
2023-09-19 00:00:00+00:00,38.84999847412109,-0.00590283649109713,1.6347910847357574e-06,1.627298207419396e-05,6.0377264108171166e-05,7.142158465855998e-05,0.00022757326577727967,0.00046492789449108327,0.0009264167815443632,0.001960887312791525
2023-09-20 00:00:00+00:00,38.68999862670898,-0.004126904319800229,3.4843478640627877e-05,3.647826972536288e-05,5.11164607148227e-05,9.6860562139601e-05,0.00025813707325407276,0.00043404046895235385,0.0008013492991777939,0.0019935369862982225
2023-09-21 00:00:00+00:00,38.02000045776367,-0.017468784117334657,1.7031339264785787e-05,5.1874817905412904e-05,5.350960899014953e-05,0.00011225208201358553,0.00012329640256397327,0.00041957400176138924,0.0008076711975994321,0.001862251273716449
2023-09-22 00:00:00+00:00,38.470001220703125,0.011766399395145122,0.00030515841853804356,0.0003221897578028286,0.00035703323644345735,0.00037330621851765276,0.00041905031994243,0.0005846065022207363,0.0009582745368060649,0.0021611723576831585
2023-09-25 00:00:00+00:00,38.29999923706055,-0.0044288722289937965,0.0001384481547260715,0.0004436065732641143,0.00046063791252890093,0.0004971161822542653,0.0005558586552777003,0.000718774985782973,0.0009604092856606121,0.0022973838487783324
2023-09-26 00:00:00+00:00,37.7599983215332,-0.014199579440132393,1.961490922075248e-05,0.0001580630639468232,0.00046322148248486764,0.000515096300390282,0.0005313692824644764,0.0005865178850488404,0.0009142932907020073,0.0020978422094135867
2023-09-27 00:00:00+00:00,37.81999969482422,0.0015877583347698732,0.00020162805627663055,0.00022124296549738226,0.00035969112022345465,0.0006818808780262847,0.000718359147751648,0.000778741440165884,0.0010844235405228875,0.002276291205518741
2023-09-28 00:00:00+00:00,37.91999816894531,0.002640573938365698,2.5209765296312005e-06,0.00020414903280626098,0.00022376394202701432,0.0006673705152911301,0.0007192453331965434,0.0007796225973047138,0.0009468185989738221,0.002146657211222651
2023-09-29 00:00:00+00:00,37.95000076293945,0.0007908948459323106,6.972630723976132e-06,9.493607253606573e-06,0.00021112166353023798,0.0003691847274770627,0.0006913744852798917,0.0007424909459947136,0.0009495115585339634,0.002072026695974796
2023-10-02 00:00:00+00:00,37.7599983215332,-0.005019227119067882,6.255146573222934e-07,7.598145381297667e-06,1.0119121910929735e-05,0.00023136208740831346,0.0006749686606724282,0.0007284782696625771,0.0007982650632364005,0.002067220022386048
2023-10-03 00:00:00+00:00,37.2599983215332,-0.013329976700354074,2.519264087278647e-05,2.5818155530108004e-05,3.2790786254085e-05,0.00023693981906034746,0.00039500288300717105,0.0007520361194506278,0.0008140532029496002,0.002046877557347378
2023-10-04 00:00:00+00:00,37.150001525878906,-0.002956507888799642,0.00017768827883198247,0.0002028809197047682,0.00020350643436209132,0.00021300004161569939,0.00043424300711308205,0.0008948809196419824,0.0009901016623907813,0.0022190855009925187
2023-10-05 00:00:00+00:00,37.290000915527344,0.0037614065050566303,8.740938896534517e-06,0.00018642921772851623,0.00021162185860130355,0.00021922000398260272,0.00042336903678886405,0.000886590519273731,0.0009547383192533395,0.0022234972417605773
2023-10-06 00:00:00+00:00,37.83000183105469,0.014377268304842428,1.4148178896282334e-05,2.2889117792816093e-05,0.0002005773966247994,0.0002263955521549089,0.00023588915940851585,0.0005955802796319699,0.000954248307160163,0.0019893778592456166
2023-10-09 00:00:00+00:00,37.650001525878906,-0.00476949227322887,0.00020670584390942664,0.0002208540228057082,0.00022959496170224357,0.0004324758814070132,0.0004400740267883113,0.000663837968815325,0.0011593193599848538,0.0021812486530299728
2023-10-10 00:00:00+00:00,38.18999862670898,0.014240670504090058,2.2748056544389898e-05,0.00022945390045381577,0.00024360207935009894,0.0004300312970786167,0.00045584945260872505,0.0006669711161389623,0.001147223937888616,0.0022029387621958444
2023-10-11 00:00:00+00:00,38.43000030517578,0.00626474723985071,0.0002027966964060606,0.00022554475295044973,0.0004322505968598772,0.0004551397146526948,0.0006580206343574633,0.0006681397562683924,0.0013329892950298906,0.0023112808944796676
2023-10-12 00:00:00+00:00,38.0,-0.011252252791448925,3.924705797921709e-05,0.00024204375438527693,0.00026479181092966766,0.0004856458337353774,0.000672075051463894,0.0007048658377179784,0.001067077934471064,0.0021906169914516875
2023-10-13 00:00:00+00:00,37.86000061035156,-0.0036909978239316743,0.00012661319288267012,0.00016586025086188645,0.00036865694726794787,0.0005981108477217652,0.0006209999655145816,0.0008245063998766724,0.0010552429726276627,0.00230652074349121
2023-10-16 00:00:00+00:00,38.13999938964844,0.007368422266893937,1.3623464936268355e-05,0.0001402366578189377,0.00017948371579815564,0.00040502846874860686,0.0006258824915543155,0.0008375043501556184,0.0010492515283431786,0.0021655891290960675
2023-10-17 00:00:00+00:00,38.040000915527344,-0.002625322424667953,5.4293646703258385e-05,6.791711163952599e-05,0.00019453030452219695,0.0004365740589074753,0.0006660279593612915,0.0008666053559860903,0.0009019171187698065,0.002083569369927802
2023-10-18 00:00:00+00:00,37.459999084472656,-0.015364589168869625,6.8923178334644195e-06,6.118596453672205e-05,7.480942947299124e-05,0.0002406696803348792,0.0004662144332853293,0.0006958093949875722,0.0009062884600736398,0.0020247307835819088
2023-10-19 00:00:00+00:00,37.2400016784668,-0.005890175095333738,0.0002360706003281458,0.00024296291816160945,0.00029725656486486867,0.00043749322268380787,0.0006795369770690853,0.0009231390564191836,0.0011353864296778093,0.0022293035774543037
2023-10-20 00:00:00+00:00,36.790000915527344,-0.012157403478571194,3.4694162653689817e-05,0.00027076476298183483,0.0002776570808153001,0.00034557419245482754,0.0005114344433167143,0.000943685040176591,0.0011694550776741768,0.0021238718220292973
2023-10-23 00:00:00+00:00,36.7599983215332,-0.0008158421745614319,0.00014780245934077496,0.00018249662199446403,0.00041856722232261063,0.0004797531868593342,0.0006199898446782722,0.0008847816556079393,0.0012920648961421656,0.002267394610206238
2023-10-24 00:00:00+00:00,37.22999954223633,0.0127046237617221,6.65598453793126e-07,0.00014846805779456732,0.000183162220448258,0.000426125138609869,0.0004940422502493953,0.0008626991975173426,0.001115042215763976,0.0021161881987051454
2023-10-25 00:00:00+00:00,36.7400016784668,-0.013248750117090147,0.0001614074649269138,0.00016207306338070617,0.00030987552272148197,0.0005806402857033183,0.0006418262502400408,0.0008213099660381957,0.0012677087417943553,0.0022681911624724722
2023-10-26 00:00:00+00:00,36.560001373291016,-0.0049113413233627945,0.0001755293796650962,0.0003369368445920092,0.00033760244304580317,0.0005200990650402687,0.0007630619832018785,0.0009575922877240749,0.0014290899425631691,0.002442080722746767
2023-10-27 00:00:00+00:00,36.52999877929688,-0.0008209767578781779,2.4121273594571005e-05,0.00019965065325966644,0.00036105811818658106,0.00050952617598115,0.0007802909389629852,0.0008551003684359758,0.0012465053722483135,0.002422097714307362
2023-10-30 00:00:00+00:00,36.90999984741211,0.010348705517119416,6.740028369761643e-07,2.479527643154641e-05,0.00020032465609664345,0.0003623977194773511,0.0005448943414718155,0.0008421509063366835,0.0012244313185408998,0.0024081335261548794
2023-10-31 00:00:00+00:00,36.70000076293945,-0.005705737058788962,0.00010709570588005785,0.00010776970871703325,0.0001318909823116051,0.0004688278269036158,0.0006172958846981835,0.000894952965513483,0.001128730328014897,0.0025135944409502013
2023-11-01 00:00:00+00:00,37.040000915527344,0.009221658646173747,3.255543538403772e-05,0.0001396511412640948,0.0001403251441010718,0.00033997579736073973,0.0005020488607414463,0.0009206160830640563,0.0011220387054197178,0.002511306397693611
2023-11-02 00:00:00+00:00,37.68999862670898,0.01739633634732174,8.503898818655103e-05,0.00011759442357058799,0.00022469012945064665,0.0002494854058821946,0.0005864222504742042,0.0007695844709224615,0.0010804645007235986,0.0025793140466153766
2023-11-03 00:00:00+00:00,38.459999084472656,0.020223945513409447,0.00030263251830914744,0.00038767150649569773,0.00042022694187973626,0.000527996650596771,0.0007276473038564377,0.001037522826577919,0.0013694735540964776,0.0025767881463864806
2023-11-06 00:00:00+00:00,38.77000045776367,0.008028047134029492,0.0004090079721293541,0.0007116404904385007,0.0007966794786250526,0.0009363306198891489,0.0009611258963206958,0.0012987283393664983,0.0017241878795225733,0.002847347963789763
2023-11-07 00:00:00+00:00,38.70000076293945,-0.001807143740065964,6.444954078619914e-05,0.00047345751291555247,0.0007760900312247008,0.0008936844547952902,0.0010014541635123238,0.0013625122816989044,0.0017817451024753081,0.0028921825953552097
2023-11-08 00:00:00+00:00,38.43999862670898,-0.006741071373415508,3.2657684972596005e-06,6.771530928345799e-05,0.0004767232814128129,0.0008643947879085121,0.0010040459291726074,0.0012043705852692501,0.001548940270644422,0.002693820307575839
2023-11-09 00:00:00+00:00,38.08000183105469,-0.009409290368935785,4.5442043261482046e-05,4.870781175874089e-05,0.00011315735254494085,0.0008247978429834432,0.0009423922665540315,0.0010742832488656359,0.0015596881512522141,0.0027367413743076894
2023-11-10 00:00:00+00:00,38.34999847412109,0.00706523001744408,8.853474524694773e-05,0.00013397678850842902,0.00013724255700568944,0.0006107000699212434,0.0009983715764169416,0.0011386967205180127,0.0015004204371583869,0.002818303488830661
2023-11-13 00:00:00+00:00,38.34000015258789,-0.00026074642766671374,4.991747519939287e-05,0.00013845222044633985,0.0001838942637078227,0.00025160957299128227,0.0009632500634297834,0.0011879401928804295,0.0015496723139039868,0.0028675954493727314
2023-11-14 00:00:00+00:00,39.36000061035156,0.026256346093592065,6.798869954095278e-08,4.9985463898933065e-05,0.00013852020914588163,0.0001872280209046241,0.0006606855338201769,0.0010809124756999125,0.0013883328376766138,0.0028424707971994863
2023-11-15 00:00:00+00:00,39.68999862670898,0.008349144503592587,0.0006893957101864873,0.0006894636988860275,0.0007393811740854212,0.0008733579625938518,0.0009410732718773101,0.001737752750502362,0.001902199168198005,0.003354178228553991
2023-11-16 00:00:00+00:00,39.310001373291016,-0.009620257825873946,6.970821394187031e-05,0.0007591039241283569,0.0007591719128278987,0.0008976241332742401,0.0009463319450329814,0.0017224219762576813,0.0019477861085453042,0.003415145503599327
2023-11-17 00:00:00+00:00,39.36000061035156,0.0012711133222813586,9.25493606362889e-05,0.00016225757457815845,0.0008516532847646466,0.0009016387486635813,0.0010356155371720106,0.0015123388185848228,0.002039661466344617,0.0034935466853393336
2023-11-20 00:00:00+00:00,39.84999847412109,0.01237227925470874,1.6157290780811532e-06,9.416508971436929e-05,0.00016387330365624046,0.0008533370025422695,0.0009917892229886096,0.0011049465755335497,0.0019341814895426402,0.0032884565705079876
2023-11-21 00:00:00+00:00,39.59999847412109,-0.006293287217522536,0.00015307329395649626,0.00015468902303457664,0.0002472383836708664,0.0010063423077992248,0.0010563277716981582,0.001193570328703847,0.002054699348115099,0.003418781807920094
2023-11-22 00:00:00+00:00,39.52000045776367,-0.002022195265382276,3.960546400223255e-05,0.00019267875795872806,0.0001942944870368101,0.00035655206161497,0.0010460157605009979,0.00122991002420882,0.00200926582393078,0.003255590575516266
2023-11-24 00:00:00+00:00,39.540000915527344,0.0005059564341745038,4.0892736913344945e-06,4.369473769356631e-05,0.0001967680316500634,0.0002909331213644342,0.0010500370454927914,0.0011885572546386724,0.0017107225793129674,0.0032204327912283837
2023-11-27 00:00:00+00:00,39.380001068115234,-0.004054740562659642,2.5599191328257894e-07,4.345265604616342e-06,4.395072960684973e-05,0.00019863975264142788,0.00036089732721958666,0.0011002785013050072,0.001301970599096896,0.003094075590258996
2023-11-28 00:00:00+00:00,39.709999084472656,0.008344921753554058,1.6440921030477433e-05,1.669691294375928e-05,2.0786186635094614e-05,0.00021346494459382418,0.0003076300343081938,0.0010668019471360916,0.001253961979341174,0.003096893046353205
2023-11-29 00:00:00+00:00,39.47999954223633,-0.005808819117368635,6.963771907293973e-05,8.607864010341642e-05,8.633463201669984e-05,0.00013002936971026765,0.0002847183927448446,0.0011363716775094905,0.0013203339299168544,0.0031122371187228865
2023-11-30 00:00:00+00:00,39.560001373291016,0.0020243384981855073,3.3742379538307334e-05,0.00010338009861124633,0.0001198210196417246,0.00012416628524634243,0.00031684504320507077,0.0004807183468613106,0.0013086342661936797,0.0031390871804277297
2023-12-01 00:00:00+00:00,39.72999954223633,0.004288016836001329,4.097946355235955e-06,3.784032589354256e-05,0.00010747804496648312,0.0001241749579102439,0.00016786969560381052,0.00041510807927467626,0.0012241974673019677,0.0029071145264548195
2023-12-04 00:00:00+00:00,39.27999877929688,-0.011391105895341536,1.8387088385830852e-05,2.2485034741066075e-05,5.622741427937425e-05,0.00014230605438279216,0.00014665131998740883,0.00034094580702421823,0.0011926670804884058,0.0028908074521869606
2023-12-05 00:00:00+00:00,39.040000915527344,-0.006128667413402233,0.0001297572935188847,0.0001481443819047148,0.0001522423282599516,0.0002556224268711994,0.00027231933981495903,0.00046908737146502175,0.0013223563853077495,0.00287276228636507
2023-12-06 00:00:00+00:00,38.9900016784668,-0.0012815389527460752,3.7560564264098424e-05,0.0001673178577829824,0.00018570494616881408,0.00022354527206235814,0.00030962391216577485,0.0003535746417726239,0.0006705212393853607,0.0029096572521753756
2023-12-07 00:00:00+00:00,39.18000030517578,0.00486117426231214,1.642342087405507e-06,3.92029063515032e-05,0.00016896019987038872,0.0001914452346114563,0.000294825333222703,0.00031561151985779693,0.0006024553675308958,0.0027498921293358674
2023-12-08 00:00:00+00:00,39.0099983215332,-0.004348439813478766,2.363101520856598e-05,2.5273357295970754e-05,6.283392156007002e-05,0.00021097830346478632,0.00024881862935832917,0.00033515326137502837,0.000533537022103173,0.0025979937648793368
2023-12-11 00:00:00+00:00,39.2400016784668,0.005878696979558118,1.8908928811447244e-05,4.253994402001249e-05,4.4182286107418835e-05,0.0002115001438904027,0.0002339851786314691,0.0003538061982731931,0.000550830221836539,0.002592781420096213
2023-12-12 00:00:00+00:00,39.25,0.0002547667568726375,3.455907817746574e-05,5.3468006988912254e-05,7.709902219747907e-05,0.00011630192854898377,0.0002644463104536989,0.00037192435542018134,0.0004323160060575085,0.0026266664954367027
2023-12-13 00:00:00+00:00,39.63999938964844,0.009887249836004308,6.490610040740158e-08,3.462398427787241e-05,5.35329130893205e-05,7.880627038529273e-05,0.00024612412816827543,0.00030235154244764905,0.0003927754481556834,0.0025196356956570525
2023-12-14 00:00:00+00:00,40.220001220703125,0.014525720630733208,9.775770931956721e-05,9.782261541997389e-05,0.00013238169359744046,0.00017492163761745444,0.00021412454396895793,0.0003663668722289089,0.0004864438837839161,0.002584837969592582
2023-12-15 00:00:00+00:00,39.97999954223633,-0.005985097072717771,0.00021099655984210832,0.00030875426916167483,0.00030881917526208306,0.00036228718225099683,0.0003875605395469679,0.0005732654857157813,0.0006971844517127419,0.0027107955412481394
2023-12-18 00:00:00+00:00,39.959999084472656,-0.000500386753179427,3.582138696985483e-05,0.0002468179468119624,0.00034457565613153047,0.0003791996404094044,0.0004217395844294172,0.0005906997842998053,0.0007165649176521193,0.0024439844099088466
2023-12-19 00:00:00+00:00,40.29999923706055,0.00847251915187952,2.5038690275744883e-07,3.607177387261155e-05,0.0002470683337147207,0.00034489094913469606,0.00039835895612360864,0.00046119287768367804,0.000647177585481937,0.0020352268246822502
2023-12-20 00:00:00+00:00,38.84000015258789,-0.03690080266938578,7.178358077896527e-05,7.203396768172199e-05,0.00010785535465157763,0.00041660962381325395,0.0004512336080911267,0.0004954158941985449,0.0006852187867225949,0.0020425608646750157
2023-12-21 00:00:00+00:00,39.56999969482422,0.018620600333279835,0.0013616692376449487,0.0014334528184239133,0.0014337032053266714,0.0016805211521386354,0.0017783437675586095,0.001855442789756088,0.0020427900780123076,0.003400964333822705
2023-12-22 00:00:00+00:00,39.380001068115234,-0.004813147350760438,0.00034672675677174114,0.001708395994416689,0.001780179575195655,0.001816251349068268,0.0021250056182299435,0.002178538531319263,0.002371129746398218,0.0037022490473329647
2023-12-26 00:00:00+00:00,39.68999862670898,0.007841131860273798,2.3166387420132225e-05,0.00036989314419187273,0.001731562381836822,0.0018035963495185456,0.0020504142963305083,0.002182795989927948,0.0022645388402994654,0.003636880689506149
2023-12-27 00:00:00+00:00,39.91999816894531,0.005778173380614149,6.148334885020082e-05,8.464973627033239e-05,0.0004313764930420742,0.001864829311465989,0.0019009010853386007,0.002209720260600683,0.0022884616248855677,0.003648446563156957
2023-12-28 00:00:00+00:00,40.22999954223633,0.007735569007873533,3.338728761643794e-05,9.487063646663812e-05,0.00011803702388677099,0.0018264330183034617,0.001898466985985184,0.0022430426421167137,0.0023202065704146005,0.0036817658620738537
2023-12-29 00:00:00+00:00,40.209999084472656,-0.0004972764424979736,5.9839027875573514e-05,9.32263154920108e-05,0.00015470966434221226,0.0005246028085340865,0.001958055626958,0.00220512396067272,0.0023564145830816076,0.00305220917976294
2024-01-02 00:00:00+00:00,39.7400016784668,-0.011757418780659279,2.472838602634405e-07,6.00863117358363e-05,9.34735993522749e-05,0.0001781233356226088,0.001886519330039298,0.0019943746846908753,0.002337752938130424,0.0029827482496813332
2024-01-03 00:00:00+00:00,39.52000045776367,-0.0055513948971190885,0.0001382368963837995,0.0001384841802440623,0.00019832320811963647,0.0002931938445862761,0.000663086988778149,0.0020967901941048197,0.0024414307563367576,0.003028435785428844
2024-01-04 00:00:00+00:00,39.38999938964844,-0.0032949229750305342,3.081798530375985e-05,0.0001690548816875587,0.0001693021655478228,0.0002625284810398351,0.00034717821731016776,0.0021273577925058225,0.0024721838355401104,0.003057638041654523
2024-01-05 00:00:00+00:00,39.43999862670898,0.0012685334269564308,1.0856517411384067e-05,4.167450271514327e-05,0.00017991139909894342,0.00023999771083478124,0.00033486834730141955,0.002066430729138241,0.002385282643631927,0.00291542126510941
2024-01-08 00:00:00+00:00,39.54999923706055,0.0027851800084763845,1.6091770553058264e-06,1.2465694466689243e-05,4.328367977044975e-05,0.00018176786001451357,0.00027499417550652455,0.0007063706685485981,0.0021758952608451248,0.0028774249781624833
2024-01-09 00:00:00+00:00,38.9900016784668,-0.014260428880005005,7.757227679616512e-06,9.366404734921687e-06,2.0222922146306404e-05,0.00018927780383386664,0.00024936411556970313,0.0003674011394564735,0.002147831101554886,0.0028810929321507655
2024-01-10 00:00:00+00:00,38.900001525878906,-0.0023109561930745315,0.0002033598318416808,0.00021111705952129667,0.00021272623657660314,0.00025440073929174794,0.0003928849195358105,0.0005475945838780221,0.00235094054649381,0.0030841967720791636
2024-01-11 00:00:00+00:00,39.060001373291016,0.004104670756953865,5.340518526309531e-06,0.0002087003503679897,0.00021645757804760686,0.00022892327251429763,0.00039797815420185653,0.0004914517535541308,0.002284497484241154,0.003073096369574996
2024-01-12 00:00:00+00:00,39.20000076293945,0.0035778056521253987,1.6848322022992218e-05,2.21888405493011e-05,0.00022554867239098258,0.0002349150771259058,0.00027658957984104924,0.0004749127879606851,0.0009396765686191974,0.0030203069725250483
2024-01-16 00:00:00+00:00,38.25,-0.024533205986613016,1.280069328438045e-05,2.9649015307372022e-05,3.4989533833682174e-05,0.0002461065933549804,0.00025857228782166986,0.000427874453369492,0.0006057505051318367,0.0029993652862711213
2024-01-17 00:00:00+00:00,37.68000030517578,-0.015014102465237933,0.0006018781959815847,0.0006146788892659645,0.0006315272112889574,0.0008402275616569486,0.0008495939663918704,0.0010295053654908134,0.0011844623136932893,0.0035971455358974704
2024-01-18 00:00:00+00:00,37.9900016784668,0.008193553574031842,0.00022542327283666378,0.0008273014688182478,0.000840102162102629,0.0008622910026519317,0.0010734080621732285,0.0011166917419436775,0.0013484022376797522,0.003804181720348303
2024-01-19 00:00:00+00:00,38.38999938964844,0.010473981732655346,6.713432017052998e-05,0.0002925575930071931,0.0008944357889887785,0.0009240848042961521,0.001132785154664142,0.0011530080768104476,0.0013821492702338443,0.0037415587469999487
2024-01-22 00:00:00+00:00,38.04999923706055,-0.00889592885727053,0.00010970429333599789,0.00017683861350652723,0.00040226188634319166,0.0010169407756091577,0.001039129616158459,0.0012518558527350615,0.0014320145356942686,0.003813702476071848
2024-01-23 00:00:00+00:00,38.380001068115234,0.008635454152825517,7.913755023361855e-05,0.00018884184356961578,0.00025597616374014643,0.0010832776325583957,0.0011129266478657682,0.0013293842259133742,0.0015109048020676239,0.003891197684218061
2024-01-24 00:00:00+00:00,38.810001373291016,0.011141462356243803,7.457106842555147e-05,0.00015370861865916937,0.0002634129119951679,0.0005559705050023626,0.0011706493942683271,0.0013961980666593091,0.0014472389741093756,0.003942137737435046
2024-01-25 00:00:00+00:00,38.86000061035156,0.0012874788899228662,0.0001241321834355977,0.00019870325186114853,0.00027784080209476773,0.0004546794156012965,0.0012819808844195446,0.001316970418253226,0.0015405531722412135,0.004047360992059197
2024-01-26 00:00:00+00:00,38.88999938964844,0.000771672817633906,1.6576018919970158e-06,0.00012578978532759406,0.00020036085375314618,0.0003892026973227635,0.0006817602903299569,0.0013132875016189135,0.0015313542567218265,0.004014459515773728
2024-01-29 00:00:00+00:00,38.90999984741211,0.0005141506015524655,5.954789374750516e-07,2.253080829471417e-06,0.00012638526426506975,0.00028009388292424064,0.0004569324964307682,0.0012970346585333965,0.0015303405586039956,0.004014990088610796
2024-01-30 00:00:00+00:00,38.59999847412109,-0.007999046134659515,2.6435084107676214e-07,8.598297785511633e-07,2.5174316705488025e-06,0.00020122068353169888,0.00039006252710131495,0.0012844983160900927,0.001522847681765456,0.003917496730132306
2024-01-31 00:00:00+00:00,38.38999938964844,-0.0054552438262485126,6.398473906441133e-05,6.424908990548745e-05,6.484456884296312e-05,0.00019063435417055876,0.0003443429728297284,0.0007466048591729193,0.0013834725889881865,0.0037704849093546083
2024-02-01 00:00:00+00:00,38.7599983215332,0.009591750604473592,2.9759685203822512e-05,9.374442426823319e-05,9.400877510931058e-05,9.626185593878356e-05,0.0002949651077999324,0.000550941271540078,0.0014078917556656996,0.003764423207588576
2024-02-02 00:00:00+00:00,38.650001525878906,-0.0028419292056351964,9.200167965841953e-05,0.00012176136486224139,0.00018574610392665334,0.00018660593370520607,0.00031239571903280046,0.0005758086310279676,0.0014830451133011266,0.0038561745003442382
2024-02-05 00:00:00+00:00,38.70000076293945,0.001292805237101291,8.076561609842299e-06,0.00010007824126826117,0.00012983792647208432,0.00019408701637757333,0.00019634009720704502,0.000474180899301812,0.0014783209816265888,0.0037924674811751153
2024-02-06 00:00:00+00:00,39.58000183105469,0.02248436668660414,1.6713453810765254e-06,9.747906990918173e-06,0.00010174958664933832,0.00019549401091757307,0.00019635384069612455,0.00039671469444926995,0.0008781141310260804,0.0024324695889112427
2024-02-07 00:00:00+00:00,39.630001068115234,0.0012624477179938864,0.000505546745297674,0.0005072180906787499,0.0005152946522885928,0.0006370560171508358,0.0007013051070563235,0.0008276903713213925,0.0011582376034870907,0.002591289577437176
2024-02-08 00:00:00+00:00,39.40999984741211,-0.005566846819426097,1.5937742406679715e-06,0.0005071405195383413,0.0005088118649194185,0.0006088901061876812,0.0007026345304559147,0.0007051519621264627,0.0010926970575572286,0.0025697169642577115
2024-02-09 00:00:00+00:00,39.58000183105469,0.00430439910143221,3.098978351095445e-05,3.2583557751621774e-05,0.0005381303030492964,0.0005478782100402161,0.0006696395749024579,0.0007344841437454203,0.0010139825477321852,0.0025392233989184653
2024-02-12 00:00:00+00:00,39.88999938964844,0.007801664179910794,1.852785162441042e-05,4.951763513536422e-05,5.111140937603285e-05,0.0005583295000547842,0.0006584077413230457,0.0007524165164323555,0.0009533728491229771,0.0025243639629264378
2024-02-13 00:00:00+00:00,39.13999938964844,-0.01898070424258025,6.0865963976103166e-05,7.939381560051294e-05,0.00011038359911146804,0.0006175241186498108,0.0006272720256407293,0.000813018129567382,0.0009396677446735287,0.002525390899026967
2024-02-14 00:00:00+00:00,39.70000076293945,0.014206260536894444,0.00036026713354430387,0.0004211330975204064,0.00043966094914481746,0.00047224450689644076,0.000979462597575191,0.0011093005240472745,0.0011758026947822349,0.002885410748711008
2024-02-15 00:00:00+00:00,39.88999938964844,0.004774443705685805,0.00020181783844212443,0.0005620849719864277,0.0006229509359625315,0.0006724685710978972,0.0011796090906362388,0.0012813586772855764,0.0013759629313323625,0.0029489916907693326
2024-02-16 00:00:00+00:00,40.08000183105469,0.004751851845156807,2.27953126987628e-05,0.00022461315114088656,0.0005848802846851911,0.0006642741002857056,0.0006968576580373277,0.0012121523103259199,0.00139816276509365,0.0029409690181643354
2024-02-20 00:00:00+00:00,40.13999938964844,0.0014958257010166953,2.258009595832015e-05,4.53754086570823e-05,0.00024719324709920735,0.0006683263446196153,0.0007178439797549799,0.0012266558446743976,0.0014204785102108935,0.002952692596711272
2024-02-21 00:00:00+00:00,40.209999084472656,0.001742369977911995,2.237494527822088e-06,2.4817590486141587e-05,4.761290318490504e-05,0.0006096978751713342,0.0006890916907718475,0.0012272219938211433,0.0013587312656743041,0.0029533209141837883
2024-02-22 00:00:00+00:00,40.619998931884766,0.010144831716400127,3.035853139929046e-06,5.273347667750483e-06,2.7853443626071285e-05,0.0002524665947669594,0.0006735996922873661,0.0007247111016633981,0.0013320074336104109,0.0029485995396441008
2024-02-23 00:00:00+00:00,40.59999847412109,-0.0004925008324727642,0.00010291761055407793,0.00010595346369400634,0.00010819095822182907,0.00015356636687891288,0.0007156513388653409,0.0008260349379768082,0.0013429233645060692,0.002848157318356498
2024-02-26 00:00:00+00:00,40.41999816894531,-0.004443362349697555,2.4255706998636577e-07,0.00010316016762406365,0.00010619602076399333,0.00013101361125013644,0.00035562676239102336,0.00079528771153584,0.0013350893599662133,0.0028430593569001746
2024-02-27 00:00:00+00:00,40.5,0.00197730743772917,1.9743468970709777e-05,1.9986026040695494e-05,0.00012290363659477407,0.00012817698426252608,0.0001735523929196087,0.0007965033288821395,0.0013531614835558465,0.002845954503847892
2024-02-28 00:00:00+00:00,39.970001220703125,-0.013172770848778104,3.909744703299095e-06,2.365321367400822e-05,2.389577074399524e-05,0.0001298492344380031,0.00015466682492414502,0.0007395471096093354,0.0008515244829614716,0.0028370635552668107
2024-02-29 00:00:00+00:00,39.9900016784668,0.0005002615671738653,0.0001735218918344182,0.00017743163653771666,0.0001971751055084271,0.00030033527313249225,0.0003056086208002431,0.0005528018678994497,0.0010234526005552219,0.002408707251119644
2024-03-01 00:00:00+00:00,40.47999954223633,0.01217854883992997,2.5026163559125173e-07,0.00017377215347000883,0.00017768189817330858,0.0001976679242140056,0.0003036213879080122,0.00035123429109291655,0.0009927130786798587,0.002183534239918572
2024-03-04 00:00:00+00:00,40.38999938964844,-0.0022257992069500965,0.00014831705184655962,0.00014856731348215023,0.0003220892053165691,0.00034574241899057884,0.00044890258661464287,0.00047675603024071336,0.0011225022789020079,0.002264716971594601
2024-03-05 00:00:00+00:00,40.02999877929688,-0.008953071954094227,4.954182109659679e-06,0.00015327123395621865,0.00015352149559181056,0.00033095313212952877,0.00035093915817022457,0.00045913011639205293,0.0010665904970355645,0.0021599668603682633
2024-03-06 00:00:00+00:00,40.61000061035156,0.014385214218019637,8.015749741518863e-05,8.511167952484765e-05,0.00023342873137140792,0.00040720088484141827,0.0004308540985154269,0.0005370501192794194,0.0007864808609064491,0.002160986807549833
2024-03-07 00:00:00+00:00,40.86000061035156,0.006137247599311557,0.00020693438809831432,0.0002870918855135023,0.0002920460676231626,0.00044061338110531437,0.0006180450176430314,0.0007409486542378047,0.000791597410562639,0.0022933501272225957
2024-03-08 00:00:00+00:00,40.81999969482422,-0.000979454421540904,3.766580809525547e-05,0.00024460019619356913,0.0003247576936087584,0.00047802892756497857,0.0006518010810349878,0.0006756968517789822,0.0008064679059591317,0.0022068837518822537
2024-03-11 00:00:00+00:00,40.90999984741211,0.0022023783058990887,9.59330963876027e-07,3.8625139059130845e-05,0.0002455595271574458,0.00033067120668229497,0.0004792385201644456,0.000676413625672872,0.0007848471409646876,0.002206185480954133
2024-03-12 00:00:00+00:00,41.36000061035156,0.010939716745758776,4.85047020229494e-06,5.809801166170316e-06,4.347560926142644e-05,0.0003305674947749302,0.00048383872873114926,0.000661520626904457,0.0007874601166391604,0.002210440472218953
2024-03-13 00:00:00+00:00,41.22999954223633,-0.0031481093410983263,0.00011967740247743499,0.00012452787267972927,0.00012548720364360597,0.0003700873998371766,0.00045519907936202454,0.0007772882846785929,0.0009041016659766664,0.002329853523855311
2024-03-14 00:00:00+00:00,41.02000045776367,-0.005106371812366284,9.910592423510539e-06,0.00012958799490094488,0.00013443846510324047,0.00017306360416237285,0.00046015548967587544,0.0006136769852676852,0.0008110946478460989,0.0022757793772144102
2024-03-15 00:00:00+00:00,40.77000045776367,-0.006113235744642509,2.6075033086128926e-05,3.598562550963881e-05,0.00015566302798707447,0.0001614728291532463,0.00040607302534681575,0.0006395017567182229,0.0008369271238622415,0.0022720947250967167
2024-03-18 00:00:00+00:00,40.84000015258789,0.0017154689735852102,3.737165126957485e-05,6.344668435570313e-05,7.33572767792143e-05,0.0001978851494589451,0.0002365102885180763,0.0005285563561412381,0.0008545553061611066,0.0022174646967078717
2024-03-19 00:00:00+00:00,40.63999938964844,-0.004909208780967678,2.9428337993334946e-06,4.0314485068907696e-05,6.638951815503726e-05,0.0001959775130559837,0.00020178731422215433,0.000526545007830912,0.000853588395257141,0.002212330968897363
2024-03-20 00:00:00+00:00,41.09999847412109,0.011255296124447423,2.410033085513015e-05,2.7043164654463002e-05,6.441481592403848e-05,0.00010040044143367884,0.00022492831411340843,0.0004704878412708535,0.0007041668342778528,0.0022347599543714168
2024-03-21 00:00:00+00:00,41.150001525878906,0.0012158798277943639,0.00012668169084900118,0.00015078202170413067,0.0001537248555034648,0.00021717153985916946,0.0003467595347601147,0.00039023514402154036,0.0008305982634912628,0.0018558948999227438
2024-03-22 00:00:00+00:00,40.86000061035156,-0.007072359876869161,1.478363755637252e-06,0.00012816005460463778,0.00015226038545976855,0.00019257487052867778,0.00022856049603831694,0.0003540476996819221,0.0006837595754003405,0.0018557794894377131
2024-03-25 00:00:00+00:00,40.88999938964844,0.0007339151227743201,5.0018274227948774e-05,5.149663798358538e-05,0.00017817832883258716,0.00020522149348705168,0.0002686681778427552,0.0004031066429459949,0.0007288236675186295,0.0018748079801547074
2024-03-26 00:00:00+00:00,40.86000061035156,-0.0007339151227743201,5.386314074368454e-07,5.055690563538497e-05,5.203526939102285e-05,0.00020281729109515505,0.0002431317761640631,0.0003987948041511368,0.0006492048015108778,0.001856818759937734
2024-03-27 00:00:00+00:00,40.93000030517578,0.00171169363324708,5.386314074368454e-07,1.0772628148736908e-06,5.1095537042822435e-05,0.00017925559164746175,0.00020629875630192508,0.00027965603308113867,0.0004428090448200003,0.0017964914273690675
2024-03-28 00:00:00+00:00,41.08000183105469,0.0036581316729025204,2.9298950940985894e-06,3.4685265015347842e-06,4.007157908972253e-06,5.5503795892559174e-05,0.00020628581759669017,0.0002726753357517267,0.00040807313181884345,0.0014391541889188623
2024-04-01 00:00:00+00:00,41.150001525878906,0.0017025345707195605,1.3381927336292592e-05,1.631182243039053e-05,1.6850453837828e-05,6.740735947321451e-05,0.00019556741407785263,0.0002599822300018904,0.00042049572819126,0.0012507182778130304
2024-04-02 00:00:00+00:00,41.27999877929688,0.0031541273980355555,2.8986239644952383e-06,1.628055130078718e-05,1.9210446394886395e-05,2.0287709209760977e-05,7.178434719334668e-05,0.00022550920269681076,0.0004185438819534603,0.0012308215890787628
2024-04-03 00:00:00+00:00,41.310001373291016,0.000726543050211248,9.948519643038543e-06,1.2847143607533132e-05,2.6229070943826347e-05,2.9697597445362677e-05,8.025450308074797e-05,0.00023251488854051579,0.0003088149991190638,0.0012181900127634813
2024-04-04 00:00:00+00:00,41.15999984741211,-0.0036377273935617183,5.278648038102641e-07,1.0476384446848157e-05,1.3375008411344019e-05,2.9686830841736095e-05,3.0764093656609465e-05,0.0002089424224891959,0.00029943227149936355,0.0012164803830394693
2024-04-05 00:00:00+00:00,41.25,0.002184205522029803,1.3233060589869332e-05,1.3760925393678946e-05,2.3709445036718113e-05,3.998999633750684e-05,4.345852283904195e-05,9.549379223006406e-05,0.00028659029900310394,0.0012266775904894098
2024-04-08 00:00:00+00:00,41.52000045776367,0.0065241371020796635,4.7707537624654835e-06,1.8003814352334166e-05,1.8531679156145052e-05,3.137882276367973e-05,4.7690645194070586e-05,9.87861822368923e-05,0.0002539894014959946,0.0011285307336977974
2024-04-09 00:00:00+00:00,41.79999923706055,0.006721071395801026,4.256436492673243e-05,4.7335118689197264e-05,6.056817927906722e-05,7.104456372591692e-05,8.732511502670442e-05,9.133227293567594e-05,0.00029361093262339353,0.0011708525415545434
2024-04-10 00:00:00+00:00,41.22999954223633,-0.013730185662446104,4.5172800707454754e-05,8.773716563418653e-05,9.250791939665264e-05,0.00010626884479033314,0.00011911598839786658,0.00013596644223569384,0.0003146834024757181,0.0011962818732912885
2024-04-11 00:00:00+00:00,41.47999954223633,0.006045236709433688,0.00018851799832524056,0.00023369079903269466,0.00027625516395942773,0.00029425897831176346,0.0003047353627586119,0.00032394580915349753,0.00037651970995195754,0.00138089012691323
2024-04-12 00:00:00+00:00,40.52999877929688,-0.023168961803849086,3.654488687308464e-05,0.00022506288519832455,0.00027023568590577994,0.0003175708045949788,0.00033133172998865804,0.0003575608009324836,0.00041158623306940495,0.0012439131219518964
2024-04-15 00:00:00+00:00,40.27000045776367,-0.006435624290984432,0.0005368007910682179,0.0005733456779413019,0.0007618636762665431,0.0008496008419007313,0.0008676046562530657,0.000880979664664409,0.000898368749909674,0.001780463651384523
2024-04-16 00:00:00+00:00,39.7400016784668,-0.013248506870849663,4.1417260014708874e-05,0.0005782180510829261,0.0006147629379560114,0.0008484537369887077,0.0008957888556779052,0.0009194983007146225,0.000939247378516946,0.001673563859552672
2024-04-17 00:00:00+00:00,39.709999084472656,-0.0007552572720501693,0.00017552293430695074,0.00021694019432165896,0.0007537409853898775,0.0009788038705882036,0.0010665410362223904,0.0010850727153785347,0.00111423168141646,0.0018441326117499632
2024-04-18 00:00:00+00:00,39.869998931884766,0.004021112515490088,5.704135469846635e-07,0.00017609334785393475,0.00021751060786864428,0.0007908562858099478,0.0010245470848426427,0.001085115264121709,0.001111872199869346,0.001764545527881759
2024-04-19 00:00:00+00:00,39.709999084472656,-0.004021112515490088,1.6169345862231027e-05,1.673975940921504e-05,0.00019226269371616644,0.0007704807447990942,0.000995543629997419,0.001088051549394071,0.0011146596183952847,0.001573780485645676
2024-04-22 00:00:00+00:00,40.13999938964844,0.010770306074797453,1.6169345862231027e-05,3.233869172446205e-05,3.290910527144672e-05,0.0002498492995931073,0.0008231949775344094,0.0010994501414938365,0.0011279303402930202,0.0015522840234126515
2024-04-23 00:00:00+00:00,40.470001220703125,0.008187660888312465,0.00011599949294481893,0.00013216883880704932,0.00014833818466928098,0.0003244315325232174,0.0009026495836061437,0.001172885269511923,0.0012339813135948006,0.0016673241853935945
2024-04-24 00:00:00+00:00,40.61000061035156,0.0034533676768595534,6.703779082200166e-05,0.00018303728376681993,0.00019920662962905164,0.0002159463890382683,0.0004328865833599275,0.00119475025962647,0.0013004912396129922,0.001729511506013301
2024-04-25 00:00:00+00:00,40.70000076293945,0.002213754466195983,1.1925748311578349e-05,7.896353913357936e-05,0.00019496303207839895,0.00022730172380286198,0.00040339507165679695,0.0010181580096128076,0.0012991839273347012,0.0016217598518474443
2024-04-26 00:00:00+00:00,41.16999816894531,0.011481680112361836,4.900708836602661e-06,1.682645714818036e-05,8.386424797018267e-05,0.0002160330867772336,0.00023277284618644886,0.0009865138315763257,0.0012993138824088383,0.0016167499682605364
2024-04-29 00:00:00+00:00,41.56999969482422,0.009668954616943282,0.0001318289782026053,0.0001367296870392073,0.00014865543535078632,0.0003316927191176079,0.00036403141084206947,0.000581542018710713,0.0013885784956847113,0.001722503913377013
2024-04-30 00:00:00+00:00,40.9900016784668,-0.014050570458848277,9.34886833845088e-05,0.00022531766158711343,0.0002302183704237168,0.00030918190955729776,0.0004413507483643473,0.0006336134420805129,0.0014368943783617653,0.0017786209454919467
2024-05-01 00:00:00+00:00,41.02999877929688,0.0009753012381699122,0.0001974185302190599,0.000290907213603568,0.00042273619180617397,0.00043956264895435597,0.0006225999327211761,0.0006555090379926222,0.0014457949102555845,0.0019730966419116733
2024-05-02 00:00:00+00:00,42.09000015258789,0.025506709705138686,9.512125051757638e-07,0.000198369742724235,0.00029185842610874446,0.0004285881131479534,0.0005075516522815329,0.0006558898369508132,0.0014102012358876755,0.001949947523561719
2024-05-03 00:00:00+00:00,42.470001220703125,0.008987786660139108,0.000650592239982216,0.0006515434524873912,0.0008489619827064517,0.0010742796442935667,0.0010911061014417473,0.0012903127310707981,0.0015239926848016738,0.0024738580726949336
2024-05-06 00:00:00+00:00,42.5099983215332,0.000941329818757275,8.07803090481745e-05,0.0007313725490303898,0.0007323237615355664,0.001023230975139136,0.0011599606621783434,0.0013549236942567418,0.0015633557338351394,0.002553160017987471
2024-05-07 00:00:00+00:00,42.27000045776367,-0.005661677478436822,8.861018276816041e-07,8.166641087585545e-05,0.0007322586508580723,0.0009306283935823089,0.0011559460551694223,0.0012398103031396044,0.0013887189013558703,0.002504027845587204
2024-05-08 00:00:00+00:00,42.27999877929688,0.00023650672194053257,3.205459186983873e-05,3.294069369751969e-05,0.00011372100274569495,0.0007652644552330876,0.0010561716688366558,0.0012048271041874413,0.0014202030796787242,0.002535543806049606
2024-05-09 00:00:00+00:00,42.40999984741211,0.003070047758420902,5.593542952305639e-08,3.211052729936114e-05,3.2996629127043505e-05,0.0007643691781574349,0.0009627389208816702,0.0011929572913053862,0.0014040896692460163,0.002535061110071692
2024-05-10 00:00:00+00:00,42.5,0.0021198960417945223,9.425193238985205e-06,9.48112866850761e-06,4.15357205383471e-05,0.00012320213141420408,0.0007747455839015954,0.0011974817757077687,0.0013973455166227705,0.0025415564082165785
2024-05-13 00:00:00+00:00,42.81999969482422,0.007501200104220729,4.493959228016083e-06,1.3919152467000637e-05,1.3975087896524453e-05,4.6915781594045657e-05,0.0007782883306244357,0.0010701467567331795,0.0012858399829059678,0.0025326684401083023
2024-05-14 00:00:00+00:00,43.04999923706055,0.005356937116976823,5.6268003003561074e-05,6.0761962231576505e-05,7.018715547056247e-05,0.00010229768276992512,0.0001839640936457808,0.0010329260763522316,0.001275070195087527,0.002586037819147368
2024-05-15 00:00:00+00:00,43.5099983215332,0.010628545004443879,2.8696775275243957e-05,8.496477827880438e-05,8.945873750682123e-05,9.893986617533035e-05,0.00013188055987285025,0.0008642043214084159,0.0012918412220511927,0.0026047860747795736
2024-05-16 00:00:00+00:00,43.59999847412109,0.0020663572017527443,0.00011296596891148894,0.00014166274418673223,0.0001979307471902941,0.00021184989965729624,0.00024396042695665757,0.000976219077814729,0.0013999064821260789,0.002717224178887252
2024-05-17 00:00:00+00:00,43.790000915527344,0.004348386362765577,4.2698320852354315e-06,0.00011723580099672371,0.00014593257627196844,0.00020669453850354647,0.00021617566717205427,0.0003298966699177484,0.001272347336008709,0.0027082609503826178
2024-05-20 00:00:00+00:00,43.630001068115234,-0.0036604901038019833,1.8908463959885646e-05,2.3178296045120426e-05,0.00013614426495661014,0.000221109043235416,0.00023502819570241686,0.0002680248248294595,0.0011977671165840859,0.002722398660580038
2024-05-21 00:00:00+00:00,43.36000061035156,-0.006207640408964821,1.3399187800032254e-05,3.230765175991725e-05,3.657748384515345e-05,0.0001782402280318872,0.0002390021902634639,0.00028053791080181014,0.0010137477741650584,0.0026932334834533383
2024-05-22 00:00:00+00:00,43.220001220703125,-0.0032339918850836646,3.853479944701292e-05,5.193398724704453e-05,7.084245120693095e-05,0.00018807825220365618,0.00027304303048246073,0.00028701811837898434,0.0010513313611068954,0.0026865954821928962
2024-05-23 00:00:00+00:00,42.900001525878906,-0.007431517820437161,1.0458703512786994e-05,4.899350295979927e-05,6.239269075983229e-05,8.557098680495422e-05,0.00022723373099168667,0.0002974208864622483,0.00041119782463746636,0.0025085361873804428
2024-05-24 00:00:00+00:00,43.02000045776367,0.0027932729780579812,5.5227457115475095e-05,6.568616062826145e-05,0.00010422096007527514,0.00013652861183519388,0.0002537644128319178,0.0003432231503387382,0.000385644972704767,0.0025272187576228333
2024-05-28 00:00:00+00:00,42.959999084472656,-0.001395705590850227,7.802373929948904e-06,6.302983104542335e-05,7.348853455821112e-05,0.00012542252180525713,0.0001486008178503778,0.000346531565040671,0.0003925612448070343,0.0019982203404845644
2024-05-29 00:00:00+00:00,42.31999969482422,-0.015009648550555088,1.9479940963305813e-06,9.750368026278834e-06,6.49778251417547e-05,0.00011397132810155547,0.00014627897986147295,0.00029221155613344047,0.0003624546470335261,0.0019587510745661856
2024-05-30 00:00:00+00:00,42.20000076293945,-0.002839541217796171,0.00022528954961118045,0.0002272375437075104,0.00023503991763746006,0.00030072607826572297,0.00035266006551276777,0.000488804330469377,0.0005876882612151835,0.0020085176898704156
2024-05-31 00:00:00+00:00,41.790000915527344,-0.00976314075346707,8.062994327563362e-06,0.00023335254393874315,0.0002353005380350745,0.00029833036908049937,0.0003473238720402988,0.00038390135588545145,0.0005863260623037616,0.002016010270650994
2024-06-03 00:00:00+00:00,42.22999954223633,0.010473759738444777,9.531891737200954e-05,0.00010338191169957226,0.0003286714613107535,0.0003384218293370338,0.0004041079899652955,0.0004749504411722255,0.0006771510204477551,0.0020951598421607726
2024-06-04 00:00:00+00:00,41.63999938964844,-0.014069629017128271,0.0001096996430586668,0.0002050185604306757,0.00021308155475823984,0.0004403190984657517,0.0005033489295111753,0.0005657416202710067,0.000730582660502861,0.0021886901393572086
2024-06-05 00:00:00+00:00,42.310001373291016,0.015962268100861543,0.00019795446067961785,0.000307654103738284,0.00040297302111029433,0.000636325565049039,0.000646075933075318,0.0007502968931505922,0.0008998403459072348,0.0022706451070920075
2024-06-06 00:00:00+00:00,42.52000045776367,0.0049510670497801,0.00025479400292378196,0.00045274846360339916,0.0005624481066620667,0.0006658300183616405,0.0008930675620691512,0.0009665560966273613,0.0010416683799195278,0.002458401319193788
2024-06-07 00:00:00+00:00,42.040000915527344,-0.011352996453311448,2.4513064931418224e-05,0.00027930706785519956,0.00047726152853481816,0.0006822800889654953,0.0009156326329042388,0.0009806104580459927,0.0010619116127657106,0.002470988635813628
2024-06-10 00:00:00+00:00,42.290000915527344,0.005929105346907715,0.0001288905284689023,0.00015340359340031988,0.00040819759632410263,0.0007158517000623881,0.0008192336117619607,0.0010542735293994198,0.0011718936772747272,0.0025949784554459275
2024-06-11 00:00:00+00:00,41.86000061035156,-0.01021994153455097,3.515429021472965e-05,0.00016404481868363132,0.0001885578836150503,0.000641306347218451,0.0008463249076491269,0.0010816254456842006,0.0011936487796894246,0.002498303767458052
2024-06-12 00:00:00+00:00,42.27999877929688,0.009983400531519582,0.00010444720496964001,0.000139601495184369,0.0002684920236532721,0.0005477990915084732,0.0008554531952467573,0.0011841246565575101,0.0012595611852120518,0.002509262289043183
2024-06-13 00:00:00+00:00,42.18000030517578,-0.002367949844444883,9.966828617274546e-05,0.0002041154911423848,0.00023926978135711523,0.00039267337475743663,0.0008454218383608361,0.001058503393119075,0.0013487707678720103,0.0024115120449968684
2024-06-14 00:00:00+00:00,42.22999954223633,0.0011846758203666319,5.607186465806546e-06,0.00010527547263855135,0.00020972267760819213,0.0003737674962918249,0.0006530745641470247,0.0010560475852573181,0.0012991504972223416,0.002416168018957499
2024-06-17 00:00:00+00:00,42.5,0.0063732178242936754,1.4034567993613522e-06,7.010643265167248e-06,0.00010667892943791347,0.000246280424622284,0.0003996840180226041,0.0009621321246846699,0.0012927515800917541,0.0017669792357746443
2024-06-18 00:00:00+00:00,42.88999938964844,0.00913460836779123,4.061790543589461e-05,4.202136223525531e-05,4.762854870106262e-05,0.00025174403984344894,0.0004157888585270805,0.0008930503870618978,0.0013314214914313181,0.0017268168321623646
2024-06-20 00:00:00+00:00,42.81999969482422,-0.0016334082635705016,8.344107003292156e-05,0.00012405897546881553,0.00012546243226817765,0.0002307379049067305,0.00037033940009109976,0.0007785369964152015,0.001189573011853059,0.0018093718003676046
2024-06-21 00:00:00+00:00,42.66999816894531,-0.0035092217466758946,2.668022555500401e-06,8.610909258842132e-05,0.00012672699802431667,0.00013373764128948545,0.0003378531324318705,0.0005264110160469199,0.0011841780400809964,0.0017799852310532661
2024-06-24 00:00:00+00:00,42.66999816894531,0.0,1.2314637267343016e-05,1.4982659822842766e-05,9.842372985576509e-05,0.0001404450920910219,0.0002457205647295735,0.0005142125883828447,0.0011011737599763297,0.0017922439328910862
2024-06-25 00:00:00+00:00,42.56999969482422,-0.0023462816166541778,0.0,1.2314637267342365e-05,1.4982659822843525e-05,0.00013904163529166057,0.00014605227855682803,0.0003853220599139424,0.0009914741169176628,0.0017828187396521009
2024-06-26 00:00:00+00:00,42.47999954223633,-0.00211640651355971,5.505037424649342e-06,5.505037424648692e-06,1.7819674691992467e-05,0.0001039287672804153,0.0001459501295156708,0.0003556728071238621,0.0007990246936626944,0.0017838298178487343
2024-06-27 00:00:00+00:00,42.5099983215332,0.0007059367289499185,4.479176530637966e-06,9.984213955286659e-06,9.984213955287418e-06,2.4966873778131702e-05,0.00014902584924694745,0.00025570477868486,0.0005487098672695504,0.001732040991375811
2024-06-28 00:00:00+00:00,42.59000015258789,0.0018801846311862214,4.983466652805108e-07,4.977523195917827e-06,1.0482560620567927e-05,2.2797197887911812e-05,0.00010890629047633334,0.00015653483917739508,0.0005246951490034127,0.0017038425627658477
2024-07-01 00:00:00+00:00,42.68999862670898,0.002345181083115655,3.5350942473488673e-06,4.0334409126287275e-06,8.512617443267453e-06,1.4017654867917663e-05,2.9000314690760646e-05,0.0001544627469589374,0.00039933971478185926,0.0015944116881017076
2024-07-02 00:00:00+00:00,42.81999969482422,0.0030406074336379874,5.4998743126035165e-06,9.034968559951733e-06,9.533315225233003e-06,1.951752918052118e-05,3.183216644786376e-05,0.0001585591644721796,0.00036968529887973316,0.0015956417303290757
2024-07-03 00:00:00+00:00,43.45000076293945,0.014605593235829772,9.245293565494588e-06,1.4745167878097454e-05,1.828026212544708e-05,2.3257785321366423e-05,2.8762822746015332e-05,0.00012718655260177955,0.00027448338747558776,0.0015859785599346848
2024-07-05 00:00:00+00:00,43.630001068115234,0.004134142346307268,0.0002133233537705164,0.00022256864733601034,0.0002280685216486146,0.00023210196256124487,0.00024208617651653172,0.0002570688363393744,0.00038813845507335866,0.0017859027259051687
2024-07-08 00:00:00+00:00,43.63999938964844,0.00022913536208291063,1.709113293953096e-05,0.00023041448671004672,0.00023965978027554204,0.0002486947488354953,0.0002536722720314133,0.00027149194672340497,0.0003996224015470831,0.0017644590593976868
2024-07-09 00:00:00+00:00,43.81999969482422,0.004116180224205124,5.250301415686656e-08,1.7143635953687177e-05,0.00023046698972420434,0.00024521215760230325,0.0002492455985149322,0.0002592298124702188,0.0003982714477618786,0.0017540528588990568
2024-07-10 00:00:00+00:00,44.06999969482422,0.005688944726081946,1.6942939638137343e-05,1.699544265229356e-05,3.408657559182528e-05,0.0002566552229278371,0.00026569019148778907,0.00027617275210835616,0.0003745964819641213,0.001715768341421719
2024-07-11 00:00:00+00:00,44.33000183105469,0.005882418132953315,3.236409209641559e-05,4.9307031734552277e-05,4.9359534748709905e-05,0.00027977402145875816,0.0002945191893368558,0.00030303180678012236,0.00032351950402761536,0.0017403300595881857
2024-07-12 00:00:00+00:00,44.5099983215332,0.004052155255829248,3.460284309089797e-05,6.69669351873129e-05,8.3909874825451e-05,0.00010105351077913967,0.00032362215811515023,0.0003331554733403824,0.00035545432456301297,0.001772984908582753
2024-07-15 00:00:00+00:00,44.040000915527344,-0.010615512674861716,1.64199622173446e-05,5.1022805308241926e-05,8.338689740465828e-05,0.00010038234005695332,0.00033079682676700025,0.00034907708889244646,0.0003595596495130145,0.001564115321188917
2024-07-16 00:00:00+00:00,44.290000915527344,0.005660605963284215,0.00011268910935014974,0.00012910907156749368,0.0001637119146583924,0.00021301894639294617,0.0002301625823466336,0.00045823110399524733,0.00047224875886316424,0.0016687414362115036
2024-07-17 00:00:00+00:00,43.56999969482422,-0.016390105481217443,3.204245987156882e-05,0.00014473156922171793,0.00016115153143906328,0.00022811846662637765,0.00024511390927867144,0.00048477368955421264,0.0004987861813100837,0.0016054649787110627
2024-07-18 00:00:00+00:00,43.15999984741211,-0.009454696270553509,0.00026863555768543405,0.00030067801755700226,0.00041336712690715274,0.0004643899322153961,0.0005136969639499486,0.0007441639536741521,0.0007629425624648798,0.0017644008933378299
2024-07-19 00:00:00+00:00,42.7400016784668,-0.00977884769196491,8.939128156841843e-05,0.00035802683925385186,0.0003900692991254214,0.0005191783706929166,0.0005861453058802297,0.0006202318814720542,0.0008518354973680178,0.0016558377142266306
2024-07-22 00:00:00+00:00,43.09999847412109,0.008387672543910263,9.562586218264743e-05,0.00018501714375106524,0.0004536527014365,0.0005983842706582195,0.0006494070759664616,0.0006987666107151706,0.0009439262653033163,0.001496669573485496
2024-07-23 00:00:00+00:00,42.720001220703125,-0.008855738480028297,7.035305070386606e-05,0.00016597891288651289,0.000255370194454932,0.0005560482120119357,0.0006851572835794297,0.0007690671584048797,0.001008779441694579,0.0015425095592579438
2024-07-24 00:00:00+00:00,42.09999847412109,-0.014619518782269747,7.842410402665389e-05,0.00014877715473051936,0.0002444030169131675,0.0006024298561670208,0.000747161425388739,0.0008305483227933964,0.001077958252155738,0.0014920431348156955
2024-07-25 00:00:00+00:00,41.93000030517578,-0.0040461359832888455,0.0002137303294251379,0.0002921544334517912,0.0003625074841556579,0.0005475246279067246,0.0008482026454637271,0.0010119145601221187,0.0010783652278103595,0.0016706191740261038
2024-07-26 00:00:00+00:00,42.36000061035156,0.010202966680991299,1.637121639526479e-05,0.0002301015458204021,0.00030852564984705673,0.00047450456273357105,0.000832531401987423,0.0009936829334264855,0.0010776453112660933,0.0015825431854517287
2024-07-29 00:00:00+00:00,42.220001220703125,-0.0033104638087970706,0.0001041005290934186,0.0001204717454886828,0.0003342020749138214,0.00048297922964434225,0.0006679963733954076,0.0010813635003025595,0.0011816933373453551,0.0015869754283724018
2024-07-30 00:00:00+00:00,42.02999877929688,-0.004510451359675649,1.0959170629355207e-05,0.00011505969972277321,0.0001314309161180387,0.0004235853495698314,0.0005895642624563444,0.000979633561581765,0.0011757095683365732,0.0015923274125359502
2024-07-31 00:00:00+00:00,42.95000076293945,0.021653046220287298,2.034417146799991e-05,3.130334209735452e-05,0.00013540387119077382,0.0003655054170111774,0.000514282571741697,0.0009679352731781961,0.0011636896477081574,0.001611268127204589
2024-08-01 00:00:00+00:00,42.20000076293945,-0.017616427072597585,0.000468854410617898,0.0004891985820858973,0.0005001577527152533,0.0006206294982039375,0.0009127839316557288,0.00116815412611066,0.0015979412152351575,0.0020395046323865925
2024-08-02 00:00:00+00:00,41.59999847412109,-0.014320108533664389,0.00031033850280414913,0.0007791929134220465,0.0007995370848900472,0.0009145967846128218,0.0011446983304332242,0.0013891013473463908,0.001891859755821962,0.00226640206515782
2024-08-05 00:00:00+00:00,40.41999816894531,-0.028775463912671384,0.00020506550841592765,0.0005154040112200762,0.000984258421837975,0.001015561763935331,0.0011360335094240139,0.0014985409935796708,0.0019842361548877397,0.002468799551018247
2024-08-06 00:00:00+00:00,40.650001525878906,0.005674206856051356,0.0008280273233894531,0.0010330928318053802,0.00134343133460953,0.0018326299166954289,0.0019476896164182021,0.002256215266265258,0.002780221018405624,0.003284512237140357
2024-08-07 00:00:00+00:00,40.900001525878906,0.006131226825492497,3.2196623445260215e-05,0.0008602239468347128,0.001065289455250641,0.001844482368672689,0.0018757857107700438,0.0022099877856838644,0.0025437820841654503,0.0033167088605856173
2024-08-08 00:00:00+00:00,41.83000183105469,0.022483728871517616,3.75919423856388e-05,6.978856583089848e-05,0.0008978158892203522,0.0014132199004404297,0.0019024184825263274,0.0020338493986443652,0.002491982744982671,0.003348795765546607
2024-08-09 00:00:00+00:00,42.060001373291016,0.005483373697488858,0.0005055180639679148,0.0005431100063535531,0.0005753066297988139,0.0016083994616041956,0.0023875923750262423,0.002522996246217015,0.002901874946767938,0.003849834652983884
2024-08-12 00:00:00+00:00,42.20000076293945,0.003323036195785445,3.006738710631263e-05,0.0005355854510742269,0.0005731773934598664,0.0014334013402945807,0.0019488053515146569,0.002448963104229909,0.0028615892831703846,0.003879403693424916
2024-08-13 00:00:00+00:00,42.66999816894531,0.011075815166816216,1.1042569558500202e-05,4.110995666481229e-05,0.0005466280206327277,0.0006164165864636276,0.001649509418269008,0.002449046503159054,0.002794207748702231,0.003886911168736067
2024-08-14 00:00:00+00:00,42.43999862670898,-0.005404772900546639,0.00012267368160947612,0.00013371625116797577,0.00016378363827428905,0.0007068936446278435,0.0015671175914625565,0.0025513760133005305,0.002703151100886569,0.00400408497603294
2024-08-15 00:00:00+00:00,42.90999984741211,0.011013614060065624,2.9211570106483332e-05,0.0001518852517159589,0.00016292782127445976,0.0006985132723486881,0.0007683018381795866,0.0021117331727891157,0.0027159914545977874,0.004024051252573929
2024-08-16 00:00:00+00:00,43.40999984741211,0.01158493034902719,0.0001212996946640752,0.000150511264770558,0.00027318494638003477,0.00031429490304484844,0.0008574049093984016,0.0019226943646490418,0.0027331906201684443,0.003932027593467487
2024-08-19 00:00:00+00:00,43.83000183105469,0.009628730410542463,0.00013421061119181122,0.0002555103058558859,0.00028472187596236985,0.00041843812713034703,0.0009540235782045741,0.0018518394674249255,0.0028564420607309006,0.004049147071719768
2024-08-20 00:00:00+00:00,43.4900016784668,-0.007787491003142577,9.271244931890523e-05,0.00022692306051071593,0.00034822275517479176,0.000500108006890752,0.0005412179635555645,0.0011165245933543776,0.0029288103385818054,0.004141807018024516
2024-08-21 00:00:00+00:00,43.65999984741211,0.0039012824230231224,6.064501612402658e-05,0.00015335746544293123,0.00028756807663474313,0.00043807934140530254,0.0005717955925732784,0.001144972986033144,0.002520600944087934,0.004185509094510405
2024-08-22 00:00:00+00:00,43.119998931884766,-0.012445445796905208,1.5220004544189166e-05,7.586502066821518e-05,0.00016857746998712108,0.0004240877758430084,0.0005759730275589674,0.0011226010481916943,0.0022254824458279743,0.004168365006958179
2024-08-23 00:00:00+00:00,43.84000015258789,0.016559744290343126,0.0001548891210837055,0.0001701091256278941,0.00023075414175192135,0.0004576772022626387,0.0006081884670331968,0.000771972105307485,0.002175306058495752,0.004288651284950986
2024-08-26 00:00:00+00:00,43.470001220703125,-0.008475573038115414,0.0002742251309615518,0.0004291142520452567,0.0004443342565894465,0.0005976917220323792,0.0008532020278882652,0.001016129849162724,0.0016215038660678507,0.004546456453695193
2024-08-27 00:00:00+00:00,43.52999877929688,0.001379254439197286,7.183533832442894e-05,0.0003460604692859801,0.0005009495903696863,0.0005768146110379029,0.000803737671548619,0.0010769226179286528,0.0016611425809470194,0.004505602682669473
2024-08-28 00:00:00+00:00,43.2599983215332,-0.006221945796002881,1.90234280804542e-06,7.373768113247382e-05,0.0003479628120940262,0.0005180719377219218,0.0006714294031648531,0.0009561512791272222,0.0016254529813694261,0.00447546256560595
2024-08-29 00:00:00+00:00,43.27999877929688,0.0004622246080381309,3.871260948839793e-05,4.061495229644281e-05,0.0001124502906208724,0.0005415645426661305,0.0006174295633343458,0.0009656523185091368,0.0011586475268899092,0.0042455396174089135
2024-08-30 00:00:00+00:00,43.369998931884766,0.0020773268858600424,2.1365158827600375e-07,3.892626107667339e-05,4.082860388471946e-05,0.00038688907317070107,0.0005569981987985953,0.0008445662754333375,0.0011287937913718727,0.0041563619874287715
2024-09-03 00:00:00+00:00,42.5099983215332,-0.020028630332648234,4.315286990716982e-06,4.528938578992443e-06,4.324154806739102e-05,0.00011697922919986626,0.0005460934812451232,0.0007146709512322434,0.0011220665088040895,0.00406505141223684
2024-09-04 00:00:00+00:00,42.5,-0.0002352269562808651,0.0004011460330018769,0.0004054613199925933,0.00040567497158087,0.0004462899238773142,0.0007923503931632945,0.001023104534915215,0.0014005388601964902,0.004395844394534851
2024-09-05 00:00:00+00:00,42.560001373291016,0.0014108013701932265,5.533172096116002e-08,0.0004012013647228375,0.0004055166517135551,0.00044444291279022993,0.0005181805939227038,0.0009625148505121496,0.001371382621810968,0.004317475622229158
2024-09-06 00:00:00+00:00,41.77999877929688,-0.0184971503895488,1.9903605061390855e-06,2.0456922270997034e-06,0.00040319172522897725,0.0004077206638079711,0.000448335616104414,0.0009492852064740996,0.0012520732876530319,0.0041057356533101596
2024-09-09 00:00:00+00:00,42.130001068115234,0.00834237443275132,0.00034214457253358533,0.0003441349330397239,0.0003441902647606857,0.0007496515847532804,0.000788577845829954,0.0011365406579239793,0.0014600072489948058,0.00443150900944848
2024-09-10 00:00:00+00:00,41.970001220703125,-0.0038049949131329086,6.959521117622291e-05,0.0004117397837098077,0.00041373014421594746,0.0008149315089387864,0.000819460447517779,0.0009319107381386503,0.0014368900108521236,0.0043970036915312845
2024-09-11 00:00:00+00:00,42.27999877929688,0.007359025699521737,1.447798628896731e-05,8.407319746518967e-05,0.0004262177699987757,0.0004282634622258768,0.0008337247822184702,0.0008745533861031887,0.0013907229810170643,0.0044005225071908965
2024-09-12 00:00:00+00:00,42.630001068115234,0.008244123702445538,5.415525924622139e-05,6.863324553518816e-05,0.00013822845671141172,0.00048236338975113705,0.0008835647544739746,0.0009268063025413648,0.0014296582357190967,0.004434333594969118
2024-09-13 00:00:00+00:00,42.83000183105469,0.004680578546362835,6.796557562122433e-05,0.00012212083486744517,0.00013659882115641314,0.0005483386048662222,0.0005503842970933221,0.0009560592686741912,0.0013427346902566155,0.004033444759972444
2024-09-16 00:00:00+00:00,42.970001220703125,0.003263391816203498,2.1907815528672028e-05,8.987339114989581e-05,0.00014402865039611786,0.00022810184786130894,0.0005722367809010329,0.0009777534326145872,0.0010904173748237358,0.003745014072696967
2024-09-17 00:00:00+00:00,43.02000045776367,0.001162908285133657,1.0649726146063966e-05,3.255754167473547e-05,0.00010052311729596043,0.00016915636283115,0.0005808961465409578,0.000984087871769934,0.0010292317626453707,0.0035505982904271037
2024-09-18 00:00:00+00:00,42.869998931884766,-0.0034928787856300936,1.3523556796325028e-06,1.200208182569594e-05,3.3909897354368604e-05,0.0001560307322218152,0.00024010392968700498,0.0005842941944476898,0.001028681775516958,0.002723923322717283
2024-09-19 00:00:00+00:00,43.77999877929688,0.021004808517379292,1.2200202211104757e-05,1.355255789073673e-05,2.4202284036801332e-05,0.00011407567518669855,0.00018270892072188682,0.0005964390649378334,0.0010021693682396647,0.0027039269014831275
2024-09-20 00:00:00+00:00,43.68999862670898,-0.00205785268132308,0.00044120198085176966,0.0004534021830628739,0.000454754538742507,0.0004873120804172439,0.0006094329152846892,0.001035650685283464,0.0014431576975031581,0.0031075369399492583
2024-09-23 00:00:00+00:00,44.02999877929688,0.007751980512584744,4.234757658028591e-06,0.0004454367385097977,0.0004576369407209031,0.00046963902254660043,0.0005595124136964963,0.0006977408704079073,0.0014430771681704698,0.002606253633639372
2024-09-24 00:00:00+00:00,45.52999877929688,0.033500230492415906,6.009320186749363e-05,6.432795952552168e-05,0.000505529940377292,0.0005190824982680301,0.0005516400399427656,0.0006882388610991779,0.0011020243370360866,0.002636279448400553
2024-09-25 00:00:00+00:00,45.04999923706055,-0.0105984554167744,0.0011222654430449925,0.0011823586449124855,0.0011865934025705148,0.00163999558563339,0.0016519976674590861,0.0017960263178552031,0.002224234448360118,0.0037475023218870454
2024-09-26 00:00:00+00:00,46.70000076293945,0.0359712138929309,0.0001123272572213546,0.0012345927002663465,0.0012946859021338408,0.00174012264064364,0.0017536751985343768,0.0018541983158303363,0.0023345713450753335,0.003737155897498924
2024-09-27 00:00:00+00:00,46.61000061035156,-0.0019290575323722692,0.0012939282289309848,0.0014062554861523388,0.002528520929197332,0.002592848888722855,0.003046251071785729,0.003080160969140097,0.003286355001472733,0.005001872556323426
2024-09-30 00:00:00+00:00,45.86000061035156,-0.016221832740736186,3.7212629632021883e-06,0.0012976494918941863,0.0014099767491155416,0.002592335394028029,0.003037772132537827,0.003061974416574627,0.003220481053259712,0.004884294124622552
2024-10-01 00:00:00+00:00,46.18999862670898,0.007170003972388095,0.00026314785746842047,0.000266869120431622,0.0015607973493626075,0.0027953900496289555,0.0028597180091544773,0.0033144725478969836,0.0034691509244391652,0.005013231370899162
2024-10-02 00:00:00+00:00,47.09999847412109,0.019509673914627434,5.140895696406106e-05,0.0003145568144324809,0.00031827807739568374,0.001724533563548024,0.0029068922084605096,0.003364529149181412,0.0034664046221570054,0.004971927878544318
2024-10-03 00:00:00+00:00,46.540000915527344,-0.011960791079808075,0.00038062737625509417,0.0004320363332191546,0.0006951841906875757,0.0019928336825817635,0.0032274263828481107,0.0037329563232254017,0.003779066422790875,0.0052919102386753845
2024-10-04 00:00:00+00:00,46.970001220703125,0.009196948481915435,0.00014306052325481643,0.0005236878995099099,0.0005750968564739717,0.0008419659769055952,0.0022482214630579343,0.0034348148656284483,0.0039002191305170194,0.0054197507573860125
2024-10-07 00:00:00+00:00,47.36000061035156,0.008268877435341881,8.458386137900662e-05,0.0002276443846338224,0.0006082717608889173,0.0009228285753213997,0.0022204780672155865,0.003515163969349426,0.003974153265749962,0.005349445497681313
2024-10-08 00:00:00+00:00,46.18999862670898,-0.025014708752076675,6.837433404070613e-05,0.0001529581954197121,0.0002960187186745292,0.0007280550518936853,0.0009949241723253078,0.003523445101522639,0.004041175244111036,0.0051435947007604675
2024-10-09 00:00:00+00:00,45.93999862670898,-0.005427127343356375,0.0006257356539512214,0.0006941099879919268,0.0007786938493709342,0.0013023817488808458,0.001616938563313327,0.0030269153124288677,0.004654710695851152,0.005697495016387261
2024-10-10 00:00:00+00:00,46.02999877929688,0.0019571639416131603,2.9453711201006423e-05,0.0006551893651522272,0.000723563699192934,0.0009512080838267579,0.0013832444170459128,0.0029440417664085197,0.004242962426200389,0.005725046384780222
2024-10-11 00:00:00+00:00,46.36000061035156,0.007143700327608027,3.830490694350762e-06,3.3284201895356534e-05,0.0006590198558465786,0.0008119780512662922,0.0013356659507762025,0.0016539440281718855,0.004242558159236712,0.005690164265986174
2024-10-14 00:00:00+00:00,46.16999816894531,-0.004106834777103163,5.103245437066703e-05,5.486294506501714e-05,8.431665626602421e-05,0.0007784266442579527,0.0010060710288917756,0.0017012552195793504,0.0042334974117398845,0.005740983068768565
2024-10-15 00:00:00+00:00,45.18999862670898,-0.021454403826006274,1.6866091886423987e-05,6.789854625709036e-05,7.172903695144177e-05,0.0007269184021036705,0.000879876597523383,0.0014549734539973538,0.003128098060581316,0.005753533873664272
2024-10-16 00:00:00+00:00,45.540000915527344,0.007715287705480023,0.00046029144352935266,0.000477157535415776,0.0005281899897864437,0.0005614741916818017,0.0012555841796737291,0.0018638559405626453,0.0034760622468893144,0.005812679284191748
2024-10-17 00:00:00+00:00,45.470001220703125,-0.0015382860561397038,5.9525664378331196e-05,0.0005198171079076832,0.0005366831997941078,0.0005915461448591265,0.0012467355100113542,0.0015427542286858824,0.0022416596823366607,0.005872149616849118
2024-10-18 00:00:00+00:00,45.91999816894531,0.009847917453166044,2.366323990513844e-06,6.189198836884439e-05,0.0005221834318981977,0.0005900819781552896,0.0006233661800506467,0.0014020600294215799,0.002240304743363972,0.005872525580333492
2024-10-21 00:00:00+00:00,45.59999847412109,-0.006993029078342872,9.698147816437238e-05,9.934780215488557e-05,0.0001588734665332174,0.0006360310019489949,0.0006908939470140126,0.0014144576462069456,0.0020741383640599242,0.0056273624859642804
2024-10-22 00:00:00+00:00,45.5,-0.0021953571011783524,4.8902455690548955e-05,0.0001458839338549207,0.0001482502578454352,0.0006680673657531199,0.0007359659120102108,0.0013949857678567884,0.002071631862786412,0.005606669730478606
2024-10-23 00:00:00+00:00,45.22999954223633,-0.005951752587950665,4.819592801694218e-06,5.372204849224252e-05,0.00015070352665661556,0.00021259551502546145,0.000689753050441238,0.0007740697067072612,0.0016958240793330122,0.005597011336991333
2024-10-24 00:00:00+00:00,45.15999984741211,-0.0015488374663212845,3.542335886817744e-05,4.0242951669871006e-05,8.914540736042061e-05,0.0001884932095153077,0.0007083103174229915,0.0007800393543744323,0.0015881869149463731,0.005578279436613289
2024-10-25 00:00:00+00:00,45.119998931884766,-0.0008861523855965281,2.398897497080536e-06,3.782225636525732e-05,4.264184916695219e-05,0.0001885257830218744,0.0002504177713907193,0.000778607761177162,0.001506001951064447,0.005512712758489145
2024-10-28 00:00:00+00:00,45.31999969482422,0.004422845908969908,7.852660504984178e-07,3.1841635475783032e-06,3.860752241575639e-05,9.232957090800043e-05,0.00019167737306288653,0.0007283605728569934,0.0014384128830742392,0.005491590209010971
2024-10-29 00:00:00+00:00,45.18000030517578,-0.00309391163148387,1.956156593449185e-05,2.0346831984989618e-05,2.2745729482070805e-05,6.298868115194332e-05,0.00020887261500686458,0.0007310560469050613,0.0008322387950575097,0.005500502048799399
2024-10-30 00:00:00+00:00,44.7400016784668,-0.009786524216518266,9.572289183431181e-06,2.913385511792238e-05,2.991912116842145e-05,6.774137753368029e-05,0.00012146342602592336,0.0002803368925591398,0.0008123573730399344,0.005508721982303198
2024-10-31 00:00:00+00:00,44.45000076293945,-0.006503014454098288,9.577605624049846e-05,0.000105348345423929,0.0001249099113584215,0.0001280940749060013,0.00016833702657587286,0.00031658728442130705,0.0009043029385860822,0.005592297836332591
2024-11-01 00:00:00+00:00,44.4900016784668,0.0008995034208769681,4.2289196990211254e-05,0.00013806525323070907,0.0001476375424141409,0.00016798437439913204,0.0002058066307643899,0.0003565101574210045,0.0008955596812056264,0.005193385052471034
2024-11-04 00:00:00+00:00,44.7400016784668,0.00560351103322132,8.09106404169368e-07,4.309830339437997e-05,0.0001388743596348791,0.00016800821475280298,0.00017119237830038182,0.00026033778566080147,0.0008795026957233718,0.005189959401217174
2024-11-05 00:00:00+00:00,45.34999847412109,0.013542149336417175,3.139933589943307e-05,3.2208442303601785e-05,7.449763929381369e-05,0.00017984598471774423,0.00020019281670273438,0.0002428346658696856,0.0004506105880934522,0.005161265535249113
2024-11-06 00:00:00+00:00,44.790000915527344,-0.012425222254771828,0.00018338980864982413,0.00021478914454925655,0.00021559825095342656,0.0003536635041841372,0.0003827973593020601,0.0004214048817178155,0.0005744747323649451,0.004222389900853945
2024-11-07 00:00:00+00:00,45.77999877929688,0.0218623672002205,0.00015438614808047712,0.00033777595673030057,0.0003691752926297343,0.0004122735960241158,0.0005176219414480454,0.0005403676709301152,0.0007264945564549084,0.004264448791713067
2024-11-08 00:00:00+00:00,44.650001525878906,-0.024992946363142643,0.0004779630995972772,0.0006323492476777537,0.0008157390563275785,0.0008479474986311817,0.0009860127518618914,0.0010159318730303118,0.0011074761778878132,0.00344848366237936
2024-11-11 00:00:00+00:00,44.310001373291016,-0.007643925292528664,0.000624647367910925,0.0011026104675082016,0.0012569966155886792,0.0014717857601379374,0.0015148840635323178,0.0016397939748907385,0.001683221090108189,0.0040694097673270825
2024-11-12 00:00:00+00:00,43.470001220703125,-0.019139343121990837,5.842959387775942e-05,0.0006830769617886838,0.0011610400613859615,0.0014988160181162637,0.001531024460419866,0.0016786620028340059,0.0017368310911842545,0.003864691503736422
2024-11-13 00:00:00+00:00,43.18999862670898,-0.006462117906103071,0.000366314455141298,0.00042474404901905673,0.0010493914169299823,0.0016817406646077375,0.0018965298091569945,0.0020354041687918726,0.002067722187457375,0.004179597001913659
2024-11-14 00:00:00+00:00,42.95000076293945,-0.0055722889824072475,4.1758967832377936e-05,0.0004080734229736753,0.00046650301685143523,0.0015691134843596384,0.0019068894410899395,0.001981387080383752,0.0021070822577926723,0.0038407285934909424
2024-11-15 00:00:00+00:00,42.95000076293945,0.0,3.1050404503457194e-05,7.280937233583449e-05,0.000439123827477133,0.0011222007892658186,0.0017545500369435727,0.001970148287896998,0.0021373473962456313,0.0037287184747395834
2024-11-18 00:00:00+00:00,43.43999862670898,0.01134397781846852,0.0,3.1050404503456544e-05,7.280937233583503e-05,0.0004975534213548933,0.0016001638888630955,0.0019693391814928287,0.0021177858303111394,0.0036441346133605766
2024-11-19 00:00:00+00:00,43.40999984741211,-0.0006908182157037146,0.0001286858327459058,0.00012868583274590516,0.0001597362372493629,0.0005678096602230398,0.0012508866220117241,0.0020666256783393017,0.002236899373873614,0.003704446112065776
2024-11-20 00:00:00+00:00,43.36000061035156,-0.0011524545886980597,4.77229807148064e-07,0.00012916306255305321,0.00012916306255305376,0.00020197243488888987,0.0006267164839079472,0.0018837130994966255,0.0021416005474402637,0.003079187687921703
2024-11-21 00:00:00+00:00,43.27000045776367,-0.00207780639173194,1.328151579011214e-06,1.8053813861586274e-06,0.00013049121413206497,0.00016154161863552314,0.0005696150416091989,0.0017306551029951595,0.0021006395020290634,0.0030510621282997074
2024-11-22 00:00:00+00:00,43.27999877929688,0.00023104151740804824,4.317279401522105e-06,5.645430980532668e-06,6.1226607876812745e-06,0.00013480849353358806,0.0002076178658694231,0.0012570092827994045,0.002104147675026416,0.0030515489170068787
2024-11-25 00:00:00+00:00,43.310001373291016,0.000692980601499471,5.3380182766213455e-08,4.370659584287668e-06,5.698811163299425e-06,0.00013486187371635427,0.00016591227821981136,0.0006324152950712458,0.0020728017193097493,0.003000569842818978
2024-11-26 00:00:00+00:00,43.130001068115234,-0.0041647515101703725,4.802221140545687e-07,5.336022968201316e-07,4.850881698342779e-06,6.656263084503032e-06,0.00013534209583040873,0.0005744659233075409,0.0018898921327739797,0.002984183973046609
2024-11-27 00:00:00+00:00,43.18999862670898,0.0013901197513352948,1.73451551414664e-05,1.7825377255520317e-05,1.7878757438287073e-05,2.3524188418821368e-05,0.00015268725097187513,0.0002254966233077093,0.001752851139834969,0.0025412376846587225
2024-11-29 00:00:00+00:00,43.2599983215332,0.0016194265492974758,1.9324329230525017e-06,1.927758806451825e-05,1.975781017857336e-05,2.4128469762862653e-05,2.5933851149021825e-05,0.00018567008839838386,0.0012768204731607444,0.0024836444532034437
2024-12-02 00:00:00+00:00,43.43000030517578,0.003922071848171171,2.62254234856953e-06,4.554975271621381e-06,2.190013041308832e-05,2.243373270991008e-05,2.807916369044329e-05,0.0001572422262434962,0.0006547956475983889,0.0024839006715614994
2024-12-03 00:00:00+00:00,43.52000045776367,0.00207015949258027,1.5382647582216827e-05,1.8005189930785707e-05,1.993762285383875e-05,3.776300010936069e-05,4.213365969364891e-05,0.000172624873825713,0.0006117487013028464,0.0024023018409793442
2024-12-04 00:00:00+00:00,43.630001068115234,0.002524398550575402,4.285560324720202e-06,1.966820790693638e-05,2.2290750255506452e-05,4.1568338320026324e-05,4.2101940616847e-05,4.8224601404527406e-05,0.0002497198064862686,0.002357684945613515
2024-12-05 00:00:00+00:00,43.91999816894531,0.006624743893864693,6.37258804214719e-06,1.065814836686674e-05,2.604079594908411e-05,3.0595771220707116e-05,4.842114847622798e-05,5.4119959639526536e-05,0.00021433342669603783,0.0023592379408539682
2024-12-06 00:00:00+00:00,43.84999847412109,-0.0015950714900969665,4.3887231659297534e-05,5.025981970144407e-05,5.454538002616482e-05,7.255056995695215e-05,9.182815802147095e-05,9.667903971981285e-05,0.00022717025385187817,0.002367701813645088
2024-12-09 00:00:00+00:00,44.75,0.02031676070036781,2.544253058520157e-06,4.643148471781704e-05,5.280407275996478e-05,7.247228066690277e-05,7.70272559385247e-05,9.49060133768109e-05,0.00022971450691039832,0.002367847169206528
2024-12-10 00:00:00+00:00,44.02999877929688,-0.016220252677552338,0.00041277076535600987,0.00041531501841452937,0.00045920225007382745,0.0004698603984406958,0.00048786558837148205,0.0005076233985500545,0.0005137994395205024,0.0027798326685120394
2024-12-11 00:00:00+00:00,44.209999084472656,0.004079795086236349,0.0002630965969236438,0.000675867362279653,0.0006784116153381737,0.0007286714350396194,0.0007483396429465564,0.0007702397733596438,0.0007764188066369982,0.0030233676995011912
2024-12-12 00:00:00+00:00,43.9900016784668,-0.004988613613276627,1.6644727945678256e-05,0.0002797413248693214,0.0006925120902253318,0.0007389435749431504,0.0007496017233100178,0.0007695393461638557,0.0007917353830036651,0.003030440138263438
2024-12-13 00:00:00+00:00,44.02999877929688,0.0009088185270402782,2.488626578256888e-05,4.153099372824649e-05,0.0003046275906518908,0.0007199426090664219,0.0007702024287678665,0.0007924931790233721,0.000812304369384712,0.002959550347805509
2024-12-16 00:00:00+00:00,43.790000915527344,-0.005465690322781214,8.259511150916609e-07,2.571221689765989e-05,4.235694484333869e-05,0.0007182243071229933,0.000764655791840811,0.0007906965877898941,0.0008130769403170374,0.0029180871019303892
2024-12-17 00:00:00+00:00,42.959999084472656,-0.019136072831079876,2.9873770704544207e-05,3.069972181963522e-05,5.558598760220464e-05,0.00033532731247152767,0.0007506423308860576,0.0008051877109122216,0.0008424704889075271,0.002947151766230764
2024-12-18 00:00:00+00:00,41.959999084472656,-0.023552667180405162,0.0003661892833963934,0.00039606305410093694,0.00039688900521602915,0.00043841999894427724,0.0011142873612239308,0.0011670914339838947,0.0011913146171624541,0.0032819417137277245
2024-12-19 00:00:00+00:00,42.09999847412109,0.0033309427351344567,0.0005547281313109344,0.0009209174147073271,0.0009507911854118719,0.0009765034023095334,0.0012562447271788554,0.0017154469772526818,0.001744110315550336,0.0036532800363888347
2024-12-20 00:00:00+00:00,42.27000045776367,0.004029920964034872,1.1095179504745015e-05,0.0005658233108156788,0.0009320125942120727,0.0009627123160317095,0.0010042433097599568,0.0016826549250981294,0.0017525829527065115,0.003509989067813102
2024-12-23 00:00:00+00:00,42.5099983215332,0.005661677478436822,1.6240262976367753e-05,2.7335442481112225e-05,0.0005820635737920471,0.0009781266278929856,0.0010038388447906462,0.001696350935015977,0.0017534405681006624,0.003048266231192193
2024-12-24 00:00:00+00:00,42.63999938964844,0.003053462656875894,3.205459186983873e-05,4.829485484620594e-05,5.939003435095139e-05,0.00098030744905828,0.001011007170877916,0.001315634761529806,0.001781209599645781,0.002455673455151107
2024-12-26 00:00:00+00:00,42.4900016784668,-0.003523971914177526,9.323634196935592e-06,4.137822606677378e-05,5.761848904314197e-05,0.0006234417998588224,0.00101950485395976,0.0010618617988030976,0.0017841606458005694,0.002406567495470283
2024-12-27 00:00:00+00:00,42.29999923706055,-0.004481725613512122,1.2418378051912018e-05,2.1742012248847068e-05,5.379660411868623e-05,8.113204659979998e-05,0.0010020494613071278,0.0010576354489093313,0.001752691792193184,0.0020526714183808966
2024-12-30 00:00:00+00:00,41.959999084472656,-0.008070306306792396,2.0085864474810605e-05,3.250424252672208e-05,4.182787672365811e-05,9.012273156986557e-05,0.0006559460423855451,0.0010528350476015733,0.0017702334036094741,0.0020309983150233295
2024-12-31 00:00:00+00:00,41.81999969482422,-0.003342075005922762,6.512984388545313e-05,8.521570836026319e-05,9.763408641217564e-05,0.00013901231247895093,0.00016634775496006371,0.0011171389403719346,0.0014225924821389174,0.0020650777544053258
2025-01-02 00:00:00+00:00,41.7599983215332,-0.0014357833219111882,1.116946534521363e-05,7.629930923066622e-05,9.638517370547725e-05,0.00011812718595432583,0.00016642204080053233,0.001098434635012604,0.0011706653505604873,0.002076247219750539
2025-01-03 00:00:00+00:00,42.150001525878906,0.009295817267811923,2.0614737474783265e-06,1.3230939092691414e-05,7.836078297814498e-05,0.00011086502550486858,0.00015224325157164292,0.0007343068253636891,0.0011560820963622874,0.0019496228607521118
2025-01-06 00:00:00+00:00,42.29999923706055,0.0035523473668144234,8.641221867655034e-05,8.847369242402813e-05,9.964315776924219e-05,0.0001848588661295069,0.00020660087837835452,0.0002659909127293049,0.0012176080492562688,0.002035557849621514
2025-01-07 00:00:00+00:00,42.0,-0.0071174497324699715,1.2619171814513367e-05,9.903139049106314e-05,0.00010109286423854192,0.00017739217346920966,0.00020989641599593228,0.00026751490503907325,0.0012294012699556906,0.0020468488698570163
2025-01-08 00:00:00+00:00,41.79999923706055,-0.004773297004797783,5.065809069423687e-05,6.327726250874968e-05,0.00014968948118530048,0.0001629204202779934,0.00024813612863825715,0.0003019327327569424,0.0012501855899453831,0.0020931896811497313
2025-01-10 00:00:00+00:00,41.09000015258789,-0.01713153466974804,2.2784364296011486e-05,7.34424549902478e-05,8.606162680476162e-05,0.00017453531922879124,0.000250834628459458,0.0002926625051831152,0.0009067806708450014,0.0021159206652629765
2025-01-13 00:00:00+00:00,40.810001373291016,-0.006837603540263082,0.00029348948014077905,0.00031627384443678997,0.00036693193513102733,0.00046596332562209196,0.0004791942647147839,0.0005768283511269586,0.000645542019674846,0.0024089299232897005
2025-01-14 00:00:00+00:00,41.27000045776367,0.011208671787854119,4.675282217381823e-05,0.00034024230231459674,0.00036302666661060864,0.00042630392911935985,0.0005147776215433885,0.0006111627952488649,0.0006811996623439192,0.0024383375903220526
2025-01-15 00:00:00+00:00,41.810001373291016,0.01299972335805366,0.00012563432324783685,0.00017238714542165454,0.00046587662556243404,0.0005393190805526834,0.0006383504710437471,0.0007167112540218911,0.0007905937226153882,0.002562039480646837
2025-01-16 00:00:00+00:00,41.7599983215332,-0.0011966748332552513,0.00016899280738592594,0.00029462713063376227,0.00034137995280758093,0.0006576537972443724,0.0007209310597531227,0.0008205742175223639,0.0009275319381314754,0.0027284097456841934
2025-01-17 00:00:00+00:00,42.09000015258789,0.007871283026543718,1.4320306565464835e-06,0.00017042483804247186,0.00029605916129030917,0.0006363014636049074,0.0007097439185951558,0.0008108367828336967,0.0009196403345910864,0.0027144591287585227
2025-01-21 00:00:00+00:00,42.540000915527344,0.01063464488589938,6.195709648395524e-05,6.338912714050118e-05,0.00023238193452642755,0.0004047690799480836,0.0007210429243848742,0.0008707324055701737,0.0009691790530231295,0.0027721306649177583
2025-01-22 00:00:00+00:00,42.56999969482422,0.0007049413776067937,0.00011309567184918584,0.00017505276833314052,0.00017648479898968745,0.0004711119296234512,0.0008113542319380484,0.0008974158587428091,0.0010621888603975047,0.002878853748724797
2025-01-23 00:00:00+00:00,42.66999816894531,0.0023462816166541778,4.969423458621641e-07,0.00011359261419504746,0.00017554971067900314,0.00034597454872147655,0.0005183616941431317,0.000885293629274158,0.0009975559588579137,0.0028354634594113613
2025-01-24 00:00:00+00:00,42.95000076293945,0.006540611905781368,5.505037424649342e-06,6.0019797705109646e-06,0.00011909765161969723,0.00018248677876019992,0.00047711390939396273,0.0008401405760045704,0.0009918915309373496,0.0028384242437774904
2025-01-27 00:00:00+00:00,42.16999816894531,-0.018327641856019206,4.277960410204898e-05,4.828464152669778e-05,4.878158387256038e-05,0.00022383435220570244,0.0003942591902481749,0.0008601358158106079,0.0010326096612919202,0.0024684330825235296
2025-01-28 00:00:00+00:00,42.47999954223633,0.00732434182002395,0.0003359024560025071,0.00037868206010455553,0.0003841870975292053,0.0004977797117242542,0.000561168838864756,0.000902548791672336,0.001282099898617877,0.0025412389416023928
2025-01-29 00:00:00+00:00,42.4900016784668,0.00023542747164828626,5.364598309655174e-05,0.0003895484390990583,0.00043232804320110773,0.0004383300229716202,0.0006133827913047613,0.0009094419525950694,0.0013231267098999153,0.0025782401967532663
2025-01-30 00:00:00+00:00,43.209999084472656,0.016803135126632895,5.542609440670463e-08,5.3701409190957905e-05,0.0003896038651934654,0.00043788850672016474,0.0005514811209152128,0.0007838630554416393,0.0012725240453000852,0.002553409357065104
2025-01-31 00:00:00+00:00,42.720001220703125,-0.01140470552953321,0.0002823453500838843,0.00028240077617829046,0.0003360467592748426,0.0007147288193793996,0.0007207307991499112,0.0008972155981395976,0.001532085031087958,0.0028349287560338965
2025-02-03 00:00:00+00:00,42.40999984741211,-0.0072830433378734405,0.00013006730821536538,0.0004124126582992491,0.0004124680843936562,0.0008020165234927161,0.0008503011650194145,0.0010258508756984166,0.0013686628591625442,0.002935122293544718
2025-02-04 00:00:00+00:00,43.16999816894531,0.01776158726382837,5.3042720261342706e-05,0.00018311002847670754,0.00046545537856059225,0.0005191567877515517,0.0008978388478561078,0.001016936499475804,0.0013749527572500689,0.002621975730409667
2025-02-05 00:00:00+00:00,43.060001373291016,-0.0025512433236896115,0.0003154739821305902,0.00036851670239193237,0.0004985840106072982,0.0007809847867855901,0.001170533225884649,0.0012193148097572083,0.0015647924161328222,0.0023827215812293233
2025-02-06 00:00:00+00:00,43.2400016784668,0.004171507759747062,6.508842496670816e-06,0.0003219828246272605,0.0003750255448886036,0.0007874382031878542,0.0008411396123788128,0.001225326709908017,0.001402308451243567,0.002378135244221249
2025-02-07 00:00:00+00:00,43.20000076293945,-0.0009255186777625823,1.740147698962995e-05,2.3910319486300225e-05,0.0003393843016168909,0.0005224943300935999,0.0008048951062718909,0.0012372231494729975,0.0014182778975766505,0.002379296458234511
2025-02-10 00:00:00+00:00,43.720001220703125,0.011965178318568803,8.565848228873987e-07,1.825806181251681e-05,2.476690430918806e-05,0.0003932836067011219,0.0008056962650003716,0.001195300130193836,0.0013571773859155825,0.00234809845118756
2025-02-11 00:00:00+00:00,43.54999923706055,-0.0038960054494587837,0.00014316549219514898,0.00014402207701803583,0.00016142355400766622,0.00048340637863492823,0.0006665164071116363,0.0010025631663864779,0.0013872472062615457,0.0024819403091857735
2025-02-12 00:00:00+00:00,43.790000915527344,0.005495815940721016,1.5178858462212538e-05,0.00015834435065736096,0.0001592009354802488,0.00018311125496655055,0.0005516279573584836,0.0009640960417521388,0.0014019291223778961,0.0024847007895960737
2025-02-13 00:00:00+00:00,44.06999969482422,0.006373770208567997,3.0203992854283226e-05,4.5382851316495224e-05,0.00018854834351164464,0.00020680640532416298,0.000528789229951424,0.0009942446085120153,0.00142662807780753,0.0024948189179755465
2025-02-14 00:00:00+00:00,44.40999984741211,0.0076853939390213455,4.062494667162893e-05,7.082893952591161e-05,8.600779798812459e-05,0.00023002987500616196,0.00025394019449246274,0.00075252420509976,0.00142447342037711,0.0024703140207617217
2025-02-18 00:00:00+00:00,44.68999862670898,0.006285066347970325,5.906527999794603e-05,9.969022666957442e-05,0.00012989421952385808,0.00028823857018122056,0.000306496631993738,0.0006815221768823405,0.0011476362443725487,0.0025182098354144546
2025-02-19 00:00:00+00:00,44.619998931884766,-0.001567567149741933,3.950205899838904e-05,9.856733899633454e-05,0.0001391922856679639,0.00018457513698446064,0.00032859721400249706,0.0006679815156193868,0.0011334923202743863,0.0025556504206653654
2025-02-20 00:00:00+00:00,45.02999877929688,0.009146742138467445,2.4572667689500477e-06,4.195932576733855e-05,0.000101024605765285,0.00017185354529119815,0.00033019789594855976,0.00035496480025774677,0.0011358941609489295,0.002471695468757765
2025-02-21 00:00:00+00:00,44.900001525878906,-0.0028910784726683403,8.366289174761602e-05,8.612015851656552e-05,0.00012562221751495498,0.00022531244418453093,0.00027069529550102675,0.00043211884950869196,0.0009372117026126613,0.0025427391886908676
2025-02-24 00:00:00+00:00,44.209999084472656,-0.015486841602599277,8.358334735126304e-06,9.202122648274177e-05,9.447849325169226e-05,0.0001930458322480283,0.00026387477177394053,0.0004230757072541883,0.0008155027291324223,0.002500439432731757
2025-02-25 00:00:00+00:00,44.2400016784668,0.0006784080245569868,0.00023984226282399974,0.0002482005975591255,0.00033186348930674194,0.000373822815074082,0.00047351304174365704,0.0006620613852553007,0.0010023022716950792,0.002717497331259745
2025-02-26 00:00:00+00:00,44.68000030517578,0.009896585877148922,4.602374477833132e-07,0.00024030250027178251,0.00024866083500690926,0.0003347809935234763,0.00043334833251981145,0.000519356130507935,0.0006872885270122723,0.00242446808856675
2025-02-27 00:00:00+00:00,43.810001373291016,-0.019663847858928385,9.79424120237835e-05,9.840264947156627e-05,0.0003382449122955664,0.0004302661387783097,0.00047222546454564886,0.0006021196840695059,0.000778722096539385,0.0024756576784167148
2025-02-28 00:00:00+00:00,43.209999084472656,-0.01379020441634271,0.00038666691261908244,0.00048460932464286543,0.0004850695620906491,0.0007332701596497761,0.0008193903181663423,0.0009585826038343052,0.0011479875321688377,0.0027366902677879606
2025-03-03 00:00:00+00:00,42.83000183105469,-0.00883309437701918,0.000190169737844518,0.0005768366504635999,0.0006747790624873838,0.0009150815627591678,0.0010071027892419103,0.0011081273950071943,0.0013373006851904682,0.002757867198246552
2025-03-04 00:00:00+00:00,43.18999862670898,0.008370120797140501,7.802355627332785e-05,0.0002681932941178453,0.0006548602067369281,0.0007532628562084959,0.001001463453767622,0.001127085671282576,0.001272158749268647,0.002834458723863334
2025-03-05 00:00:00+00:00,44.47999954223633,0.029430684474772484,7.005892215872393e-05,0.00014808247843205126,0.0003382522162765696,0.0008228615409194366,0.0010631640411912196,0.001157642534442911,0.0013270388129651583,0.0028425605495381026
2025-03-06 00:00:00+00:00,44.20000076293945,-0.006314833306151346,0.0008661651886536141,0.0009362241108123375,0.0010142476670856658,0.0015910843175492673,0.001689486967020834,0.002021350456327575,0.0021630000087644896,0.0035956300663425307
2025-03-07 00:00:00+00:00,44.41999816894531,0.0049649709001524656,3.987711968447834e-05,0.000906042308338092,0.0009761012304968162,0.001244294524614663,0.001728903849257529,0.0019775646842644374,0.0021622521817773388,0.003635010243681147
2025-03-10 00:00:00+00:00,43.36000061035156,-0.024152406037114105,2.4650936039360784e-05,6.452805572383858e-05,0.0009306932443774531,0.001078775722809506,0.0016556123732731063,0.001993857285568672,0.0021278378378187537,0.0036541561422958582
2025-03-11 00:00:00+00:00,43.720001220703125,0.008268320021504572,0.0005833387173816259,0.0006079896534209861,0.0006478667731054648,0.0015840908839178038,0.0018522841780356499,0.0023373537401262983,0.0026716744962019907,0.004194715255575436
2025-03-12 00:00:00+00:00,43.959999084472656,0.005474417479778726,6.836511597801335e-05,0.0006517038333596387,0.0006763547693989998,0.0015823970777370934,0.0017304795561691453,0.002405258618656528,0.0027375823454110536,0.003927177915550942
2025-03-13 00:00:00+00:00,43.77999877929688,-0.004103044496996944,2.996924674290686e-05,9.833436272091968e-05,0.0006816730801025458,0.000746201135826386,0.0016824252466387242,0.0023372854533756514,0.0026838887004063446,0.003903501179197297
2025-03-14 00:00:00+00:00,44.58000183105469,0.01810830481912795,1.6834974144336904e-05,4.6804220887243224e-05,0.0001151693368652569,0.0007231589902862445,0.001629201298624337,0.001967453514900906,0.0026923653398155554,0.003920280727247227
2025-03-17 00:00:00+00:00,45.34000015258789,0.016904279413618717,0.0003279107034224526,0.00034474567756678895,0.00037471492430969617,0.0010264187576693364,0.0010909468133931757,0.0021051944804788406,0.002780433780414008,0.003965846080585795
2025-03-18 00:00:00+00:00,45.11000061035156,-0.0050856834941988005,0.0002857546624936936,0.0006136653659161457,0.0006305003400604829,0.0007288347027814041,0.0013368243562023908,0.002312925586699206,0.0030657282054599184,0.004121533434864123
2025-03-19 00:00:00+00:00,45.220001220703125,0.0024355288939865716,2.586417660316612e-05,0.00031161883909685916,0.0006395295425193121,0.0006863337634065568,0.0013380375967661962,0.0022687308411436483,0.0029936499700393008,0.004094354891205947
2025-03-20 00:00:00+00:00,44.79999923706055,-0.009331371453544346,5.9318009934434525e-06,3.179597759660903e-05,0.0003175506400903029,0.0006622963176570935,0.0007606306803780138,0.0014084974534834776,0.002612914858413662,0.0037848127100688
2025-03-21 00:00:00+00:00,44.58000183105469,-0.004922753359862142,8.707449320402231e-05,9.300629419746521e-05,0.00011887047080063167,0.0007325358367167788,0.0007793400576040227,0.0014556948270030216,0.0025098196137731663,0.0038653783607761516
2025-03-24 00:00:00+00:00,44.77999877929688,0.004476214879422624,2.4233500642034007e-05,0.00011130799384605578,0.00011723979483949955,0.0004288586339363602,0.0007736043115031499,0.0014552773916056947,0.0024560295581418723,0.003872210384428556
2025-03-25 00:00:00+00:00,44.650001525878906,-0.002907242413873856,2.0036499646764496e-05,4.4270000288797965e-05,0.0001313444934928206,0.00016314047108943115,0.0007768058370055775,0.0008919751738708335,0.002406007135629913,0.0038913902992524325
2025-03-26 00:00:00+00:00,44.380001068115234,-0.006065399924789272,8.452058453027086e-06,2.848855809979104e-05,5.272205874182537e-05,0.0001457283529392921,0.00045734719203615194,0.0008320621163458472,0.0015482940054293258,0.0037566768655103106
2025-03-27 00:00:00+00:00,44.59999847412109,0.004944883241547959,3.6789076247633705e-05,4.524113470066025e-05,6.527763434742507e-05,0.00017658562819348236,0.00020838160579009205,0.0008388819458505741,0.0015452059619924811,0.0037782870832957323
2025-03-28 00:00:00+00:00,43.77000045776367,-0.018785163152293283,2.4451870272541853e-05,6.124094652017501e-05,6.969300497320243e-05,0.00011396300526200191,0.00020696929945946777,0.000846498841978779,0.0015450068962256623,0.0037725349607139907
2025-03-31 00:00:00+00:00,43.70000076293945,-0.0016005421010798493,0.0003528823546582773,0.0003773342249308186,0.00041412330117845264,0.0004426118592782452,0.0005539198531243016,0.0008714704932146037,0.0013145505335023138,0.00408479236870064
2025-04-01 00:00:00+00:00,43.84000015258789,0.0031985265602103574,2.5617350173290984e-06,0.00035544408967560587,0.00037989595994814804,0.00042513709464880986,0.0004694070949376084,0.0005882775657382392,0.0012487471525416294,0.004028288823720022
2025-04-02 00:00:00+00:00,43.900001525878906,0.0013677087188637138,1.0230572156371101e-05,1.2792307173699658e-05,0.00036567466183197727,0.0004269156083521538,0.0004554041664519455,0.0005726439612914442,0.0012290084779550937,0.003999017336878004
2025-04-03 00:00:00+00:00,42.970001220703125,-0.0214121286440192,1.8706271396558214e-06,1.2101199296026381e-05,1.4662934313355805e-05,0.000391997159244176,0.00043723829394483685,0.0005685827874376565,0.0012140441309504127,0.00399843069724871
2025-04-04 00:00:00+00:00,40.58000183105469,-0.05722684667540312,0.00045847925306802755,0.0004603498802076828,0.00047058045236405427,0.0008260245420396617,0.0008872654885598373,0.0009399875473016619,0.0013446126805959874,0.004373247058569122
2025-04-07 00:00:00+00:00,39.06999969482422,-0.03792047826378564,0.003274911980410097,0.003733391233478124,0.0037352618606177803,0.0037480541677914815,0.004125388392722301,0.004190666027069725,0.00433376999851239,0.007639800704244092
2025-04-08 00:00:00+00:00,38.52000045776367,-0.014177302442262008,0.0014379626717542391,0.004712874652164335,0.005171353905232363,0.005183455104528391,0.005538899194203998,0.0056085921991772,0.005745868493663464,0.008837921113174331
2025-04-09 00:00:00+00:00,41.18999862670898,0.06701787629387335,0.00020099590453936828,0.001638958576293607,0.004913870556703704,0.005374220436911389,0.00538701274408509,0.005801136045263541,0.005940932597209388,0.009038456780265916
2025-04-10 00:00:00+00:00,40.47999954223633,-0.01738746143677128,0.004491395742940911,0.004692391647480278,0.006130354319234518,0.009863745552712643,0.009875846752008671,0.010255742711956818,0.010345253846946276,0.013431910111183044
2025-04-11 00:00:00+00:00,41.75,0.030891437626045626,0.00030232381521520834,0.004793719558156118,0.004994715462695487,0.009707590114859823,0.010167939995067508,0.010533614656899485,0.010623344161519452,0.01334756701377917
2025-04-14 00:00:00+00:00,42.130001068115234,0.009060650046902374,0.0009542809186038674,0.0012566047338190749,0.005748000476759986,0.007386959053053594,0.01112035028653172,0.011135013220845076,0.011557588580476555,0.01411167819453852
2025-04-15 00:00:00+00:00,42.09000015258789,-0.0009499149360112646,8.2095379272432e-05,0.0010363762978762986,0.0013387001130915077,0.006031091760571787,0.010743966412736124,0.011214546865100178,0.011631231901295959,0.014115750017537624
2025-04-16 00:00:00+00:00,41.59999847412109,-0.011710055820320253,9.02338385657285e-07,8.299771765808842e-05,0.0010372786362619567,0.005830998194418077,0.007469956770711684,0.011205218631329464,0.011595345163433982,0.014046593433764557
2025-04-17 00:00:00+00:00,41.91999816894531,0.007662865745610592,0.00013712540731501623,0.00013802774570067264,0.0002201231249731055,0.001476727858792182,0.006169119506272461,0.011340473411504825,0.011708018700476457,0.013317553652425958
2025-04-21 00:00:00+00:00,41.90999984741211,-0.000238538036912761,5.871951143525217e-05,0.00019584491875026752,0.00019674725713592566,0.0012331235550122259,0.006026843113168345,0.010940713669872048,0.011413855857253432,0.013336396044176732
2025-04-22 00:00:00+00:00,42.540000915527344,0.014920372997521802,5.690039505419372e-08,5.8776411830305495e-05,0.0001959018191453226,0.00027889953680341274,0.0015355042706224884,0.007665858589857006,0.011411351022631156,0.013311802008532426
2025-04-23 00:00:00+00:00,43.02999877929688,0.011452687188200361,0.00022261753038517774,0.00022267443078023106,0.00028139394221548414,0.0004194216879161585,0.0014557979857924579,0.006450513448487944,0.011623737980859963,0.012951080821535978
2025-04-24 00:00:00+00:00,43.52999877929688,0.011552809039549583,0.0001311640438307687,0.0003537815742159456,0.00035383847461100066,0.0005496833933612699,0.0006326811110193592,0.006380681587779344,0.011753031397551076,0.013013879749388732
2025-04-25 00:00:00+00:00,43.45000076293945,-0.0018394582509833057,0.00013346739670429855,0.0002646314405350664,0.000487248970920245,0.0005460253827505523,0.0006840531284512258,0.0020227532415427324,0.011428019541187348,0.013117377899350125
2025-04-28 00:00:00+00:00,43.52999877929688,0.0018394582509833057,3.3836066571105624e-06,0.00013685100336140825,0.0002680150471921778,0.0004906894779724107,0.0006865343967226789,0.0017238130329846348,0.00815649116743436,0.013103926531862898
2025-04-29 00:00:00+00:00,43.650001525878906,0.002752989721339638,3.3836066571105624e-06,6.767213314221125e-06,0.00014023461001851968,0.000494016184234467,0.0005527925960647733,0.0007729157210378779,0.006721912102337233,0.012779399435097556
2025-04-30 00:00:00+00:00,43.7599983215332,0.002516802514791916,7.578952405801699e-06,1.0962559062911394e-05,1.4346165720022823e-05,0.0002789776062550909,0.0005016520370353228,0.0006983992941712477,0.006528495150203666,0.012501223725009666
2025-05-01 00:00:00+00:00,43.75,-0.00022850695391340992,6.334294898462912e-06,1.3913247304263745e-05,1.7296853961375173e-05,0.00015414785732278515,0.0005079294315387317,0.0007038312506840533,0.0020434337021612184,0.012481693843304961
2025-05-02 00:00:00+00:00,45.0,0.0281708769666964,5.2215427986785246e-08,6.38651032644883e-06,1.3965462732251397e-05,2.0732676046473388e-05,0.0002853641165815407,0.0005667580587970239,0.0017411621023739967,0.012475814257739505
2025-05-05 00:00:00+00:00,45.34000015258789,0.007527158674477619,0.0007935983090727458,0.0007936505245007317,0.0007999848193991954,0.0008109473784621086,0.0009477983818235177,0.0013016368564345174,0.001580479492842875,0.013182338073608227
2025-05-06 00:00:00+00:00,45.15999984741211,-0.003977912542164397,5.665811771076366e-05,0.0008502564267835086,0.0008503086422114961,0.0008642218895157617,0.0008709891028299828,0.001358238073750227,0.0015550422312812068,0.013214762690676958
2025-05-07 00:00:00+00:00,44.63999938964844,-0.01158143150232771,1.5823788193108814e-05,7.248190590387161e-05,0.0008660802149766182,0.0008724667253030687,0.000883429284365981,0.0011514443315581578,0.0015699636810886583,0.013210549979223302
2025-05-08 00:00:00+00:00,44.61000061035156,-0.0006722415781870161,0.00013412955564310868,0.00014995334383621664,0.00020661146154698115,0.0010002619860477145,0.0010141752333519792,0.001154409843370498,0.0015669678294167508,0.013336227476413384
2025-05-09 00:00:00+00:00,44.90999984741211,0.006702420879891147,4.5190873944337014e-07,0.00013458146438255118,0.00015040525257566087,0.001000661679359171,0.001007048189685621,0.0010213943554056428,0.001508700226720942,0.013299890308905193
2025-05-12 00:00:00+00:00,45.880001068115234,0.021368831839788882,4.492244565120081e-05,4.537435439064331e-05,0.00017950391003375286,0.0002519858159376262,0.0010456363404383587,0.001062933194399733,0.0015535657719770886,0.013320360884283853
2025-05-13 00:00:00+00:00,45.959999084472656,0.0017421175186664861,0.0004566269741971751,0.000501549419848375,0.0005020013285878192,0.0006519546724240376,0.0015022110992075472,0.0015161765619397976,0.0017875752157890858,0.01342410550382275
2025-05-14 00:00:00+00:00,46.310001373291016,0.007586517086503708,3.034973448844675e-06,0.0004596619476460189,0.0005045843932972206,0.0006391658576797736,0.000711647763583646,0.0015116325829828403,0.0016594461454071618,0.013424578742254266
2025-05-15 00:00:00+00:00,46.290000915527344,-0.00043197532570893316,5.755524150381271e-05,6.059021495265652e-05,0.0005172171891498325,0.0005625915435404775,0.000712544887376695,0.0015628535295881903,0.001583533990206676,0.013471903411601708
2025-05-16 00:00:00+00:00,46.2599983215332,-0.0006483543012958393,1.8660268202133888e-07,5.7741844185833184e-05,6.077681763467873e-05,0.0005623262374830555,0.0006969077018656076,0.0015629879168422248,0.0015803369862315867,0.013470219387144072
2025-05-19 00:00:00+00:00,46.36000061035156,0.002159411117065524,4.203633000088159e-07,6.069659820292875e-07,5.816220748584286e-05,0.0005178241551318635,0.0005631985095225076,0.0007698099710694879,0.0015773737428744852,0.013012160497376055
2025-05-20 00:00:00+00:00,46.310001373291016,-0.0010790814900607515,4.663056372506174e-06,5.0834196725141224e-06,5.270022354536329e-06,6.586023730719459e-05,0.0005674096571555705,0.0007178149097312304,0.0015744578468411894,0.009741911573338462
2025-05-21 00:00:00+00:00,46.18999862670898,-0.0025946554358040608,1.1644168621917316e-06,5.8274732346970384e-06,6.247836534706722e-06,6.398968072054165e-05,0.0005236516283665615,0.0007031555384003135,0.0015692879688049184,0.008305113318446416
2025-05-22 00:00:00+00:00,46.040000915527344,-0.0032526909720060893,6.732236830547561e-06,7.896653692738425e-06,1.2559710065245466e-05,1.3166676047276488e-05,7.375689099993387e-05,0.0005757582195877523,0.0015759679902074791,0.008110849650737596
2025-05-23 00:00:00+00:00,46.22999954223633,0.004118324359100978,1.0579998559369918e-05,1.731223538991661e-05,1.847665225210921e-05,2.3560071924625067e-05,8.130191611045913e-05,0.0005858863094076788,0.0007929496796941033,0.0036300339063560544
2025-05-27 00:00:00+00:00,46.119998931884766,-0.0023822558568813434,1.696059552676448e-05,2.754059408613353e-05,3.4272830916681956e-05,4.010030415138073e-05,4.070727013341088e-05,0.0005579244592832425,0.0007532521575101042,0.00334467068666761
2025-05-28 00:00:00+00:00,45.90999984741211,-0.0045637173038781675,5.675142967645464e-06,2.2635738494409074e-05,3.321573705377986e-05,4.1112390746520015e-05,4.619581041903501e-05,0.00010697262805371287,0.0007431035122846409,0.002396064911031388
2025-05-29 00:00:00+00:00,46.08000183105469,0.0036961011865650484,2.082751562971701e-05,2.650265859736161e-05,4.3463254124126954e-05,6.07754895140453e-05,6.66029627487432e-05,0.0001247651702345852,0.0006298014722712492,0.0023347970473886733
2025-05-30 00:00:00+00:00,45.52000045776367,-0.012227256249669693,1.3661163981327559e-05,3.44886796110437e-05,4.016382257869003e-05,6.77044166648253e-05,7.560107035756458e-05,8.087109271210005e-05,0.0006430107275131334,0.0023475558729843435
2025-06-02 00:00:00+00:00,45.84999847412109,0.007223365548276295,0.00014950579539508657,0.00016316695937641326,0.00018399447500613115,0.00020663021350054194,0.00022394244889045942,0.0002301902854251653,0.0007475940772570191,0.002359936261064414
2025-06-03 00:00:00+00:00,45.959999084472656,0.0023962676377933256,5.21770098440249e-05,0.0002016828052391106,0.00021534396922043904,0.00024184662781780235,0.00026938722190393674,0.0002819469319691814,0.0003431441129038689,0.0023533937594731867
2025-06-04 00:00:00+00:00,46.52999877929688,0.01232580656133786,5.742098591935605e-06,5.791910843595964e-05,0.00020742490383104709,0.0002419135834420925,0.00026454932193650246,0.0002830259741886108,0.00034585123804695985,0.0023590789576700684
2025-06-05 00:00:00+00:00,46.77000045776367,0.0051447419035413056,0.00015192550738751944,0.00015766760597945418,0.00020984461582347996,0.00037301157519989495,0.0003995142337972574,0.0004337870647139385,0.0004402215039306666,0.00228838693467241
2025-06-06 00:00:00+00:00,46.91999816894531,0.0032020032348940575,2.6468369254053815e-05,0.0001783938766415724,0.00018413597523350887,0.00038581878047262117,0.0004203074600836658,0.00045352319713744477,0.00046650327050269907,0.0021836912600956947
2025-06-09 00:00:00+00:00,47.31999969482422,0.008489047900755775,1.025282471627201e-05,3.672119397032495e-05,0.00018864670135784528,0.00024656580979380663,0.00040973276917022073,0.00045319602329434687,0.0004763357319189622,0.0020604766881076684
2025-06-10 00:00:00+00:00,47.59000015258789,0.005689625678327204,7.206393426132603e-05,8.231675897759718e-05,0.00010878512823165186,0.0002664527342111078,0.00046813553945021925,0.0005082993620289084,0.0005437366098077821,0.0021291570157118836
2025-06-11 00:00:00+00:00,47.790000915527344,0.004193773408045498,3.237184035948029e-05,0.00010443577462080546,0.00011468859933707834,0.0002930824759786525,0.000351001584414613,0.0005349960594207433,0.0005749440333050706,0.0021581452494142538
2025-06-12 00:00:00+00:00,47.869998931884766,0.001672549344219565,1.758773539802955e-05,4.995957575750897e-05,0.00012202351001883587,0.00015874470398916256,0.00031641230996861763,0.0005317562791890558,0.0005857995318725526,0.002168154032406482
2025-06-13 00:00:00+00:00,47.11000061035156,-0.016003675423755137,2.7974213088492965e-06,2.038515670687798e-05,5.275699706635914e-05,0.00013507375604395803,0.00031346763268553135,0.0005208925365165776,0.000578016954622032,0.002164617158816868
2025-06-16 00:00:00+00:00,47.22999954223633,0.0025439685479722307,0.00025611762706890417,0.0002589150483777526,0.000276502783775783,0.0003809385583965902,0.0004176597523669161,0.0006275043681903951,0.0008171739861641717,0.0024206825704577856
2025-06-17 00:00:00+00:00,46.61000061035156,-0.01321415073629062,6.47177597307194e-06,0.00026258940304197526,0.00026538682435082544,0.00031534640010833615,0.0003976631590859342,0.0005817991343194421,0.0008179706191695982,0.0016335560373581116
2025-06-18 00:00:00+00:00,46.59999847412109,-0.00021461509209519392,0.00017461377968140993,0.000181085555654481,0.00043720318272338606,0.0004575883394302658,0.000562024114051072,0.0007506708154089164,0.0009717568832212911,0.0017515116993287577
2025-06-20 00:00:00+00:00,46.33000183105469,-0.005810769436851881,4.605963775502856e-08,0.0001746598393191641,0.0001811316152922369,0.0004400466636699912,0.0004900062394275011,0.000598791367659152,0.0009581417788777186,0.001735733970773404
2025-06-23 00:00:00+00:00,46.709999084472656,0.008168515963208112,3.376504144825193e-05,3.381110108600609e-05,0.0002084248807674169,0.00047101428380939386,0.0004913994405162727,0.0006060880398533502,0.000842401024930884,0.0016353694565785471
2025-06-24 00:00:00+00:00,47.91999816894531,0.025574660682762484,6.672465304118575e-05,0.00010048969448943682,0.0001005357541271927,0.00028162130978167543,0.0005405363581594289,0.0006625598681782639,0.0008569486681280448,0.0017016422008802896
2025-06-25 00:00:00+00:00,47.959999084472656,0.0008343954733831538,0.0006540632690384372,0.0007207879220796222,0.0007545529635278749,0.0009292128028470407,0.0011918022058890168,0.0012445592029553753,0.0015052698385745464,0.0023107830242675258
2025-06-26 00:00:00+00:00,48.27999877929688,0.0066500598755854234,6.962158060022973e-07,0.0006547594848444387,0.0007214841378856253,0.0007552952389716331,0.000936380794626115,0.001212883578401897,0.0013540405469930294,0.0018548522658763532
2025-06-27 00:00:00+00:00,48.09000015258789,-0.003943112482968303,4.422329634887122e-05,4.4919512154872644e-05,0.0006989827811933108,0.0007994724756827493,0.0009741323150019143,0.0012395191393527389,0.0013717954740878468,0.0018960405887763797
2025-06-30 00:00:00+00:00,48.2400016784668,0.0031143287504811212,1.5548136053340456e-05,5.9771432402210806e-05,6.046764820821397e-05,0.0007812555702878378,0.0008150666713738447,0.00125226985409723,0.001377090785424915,0.0018540334833259074
2025-07-01 00:00:00+00:00,48.33000183105469,0.0018639365304777833,9.699043566073302e-06,2.524717961941289e-05,6.947047596828498e-05,0.0007242299608127253,0.000824719655302163,0.0010058512705943992,0.0013147258947296626,0.0018635459242099595
2025-07-02 00:00:00+00:00,48.540000915527344,0.0043356954162567796,3.4742593896495564e-06,1.3173302955721991e-05,2.8721439009063313e-05,7.36409511639377e-05,0.0007944288732435607,0.0010028537540109767,0.0012858283137598318,0.0018665998202996002
2025-07-03 00:00:00+00:00,48.7599983215332,0.004522051030291241,1.8798254742550048e-05,2.2272514132198735e-05,3.197155769827291e-05,9.174299010048545e-05,0.000746502474944925,0.0008470382290721169,0.0012870388331043521,0.001880735018669644
2025-07-07 00:00:00+00:00,48.06999969482422,-0.014251994632744402,2.0448945520558074e-05,3.924720026310726e-05,4.272145965275768e-05,6.79686392721723e-05,0.00011288815142704582,0.0008674411149549199,0.001304690357316061,0.0019000195473280104
2025-07-08 00:00:00+00:00,48.369998931884766,0.006221489195409102,0.00020311935101177526,0.0002235682965323325,0.00024236655127488337,0.0002555398542306071,0.0003153112866328188,0.0010367954245184433,0.001251692081258932,0.002096406661509238
2025-07-09 00:00:00+00:00,48.290000915527344,-0.001655245908314562,3.87069278085922e-05,0.0002418262788203666,0.0002622752243409256,0.00028454773847312603,0.00030979491809253977,0.0010087776992858497,0.0012839272330944524,0.0021245335907584604
2025-07-10 00:00:00+00:00,48.41999816894531,0.002688394849436726,2.7398390169920997e-06,4.1446766825583435e-05,0.0002445661178373596,0.00028381331810046855,0.0002969866210561914,0.0003574542692644045,0.0011120532924300344,0.002110312834248688
2025-07-11 00:00:00+00:00,48.2599983215332,-0.003309888276613382,7.227466866477917e-06,9.96730588346915e-06,4.8674233692062245e-05,0.0002722425302243964,0.000294515044356596,0.0003639855203248801,0.0011192346996587573,0.0021118651581475208
2025-07-14 00:00:00+00:00,48.33000183105469,0.0014494983262784977,1.0955360403662703e-05,1.818282727013975e-05,2.0922666287132747e-05,0.00026274894510750103,0.00030199614537060917,0.0003307175843796716,0.0010964250186141682,0.0021019930029214664
2025-07-15 00:00:00+00:00,48.68000030517578,0.007215750644848917,2.101045397884166e-06,1.3056405801546002e-05,2.0283872668024813e-05,6.173063949360996e-05,0.0002852989360259433,0.00031727049372421535,0.0010318014109708664,0.002090432884338023
2025-07-16 00:00:00+00:00,48.90999984741211,0.004713597043152884,5.2067057368637565e-05,5.4168102766520866e-05,6.512346317018446e-05,7.509076905365533e-05,0.0003169170478740228,0.0003596385075267796,0.00042980519930106687,0.0019929941463115736
2025-07-17 00:00:00+00:00,49.18999862670898,0.005708451457657748,2.221799708521961e-05,7.428505445385631e-05,7.638609985174137e-05,9.456892712188283e-05,0.00013601569394746713,0.00037838224522234967,0.0004513269805802842,0.0019630351335527684
2025-07-18 00:00:00+00:00,49.08000183105469,-0.002238665738891754,3.2586418044434874e-05,5.480441512965362e-05,0.00010687147249829208,0.00011992787829983979,0.00012989518418330981,0.00039217040852423447,0.00043969010227584785,0.001989879453005268
2025-07-21 00:00:00+00:00,49.400001525878906,0.006498797931850486,5.011624290487763e-06,3.759804233492177e-05,5.981603942014228e-05,0.00011398414218666484,0.00013216696945680546,0.00037673308729416417,0.00042915359051299515,0.0018429655699082358
2025-07-22 00:00:00+00:00,49.43000030517578,0.0006070784106526617,4.223437455902416e-05,4.7245998849511056e-05,7.983241689394683e-05,0.00015411747134780484,0.00016717387714935172,0.00021584811084141307,0.000461688921505946,0.0018587315752132065
2025-07-23 00:00:00+00:00,49.93000030517578,0.010064497131824446,3.685441966805617e-07,4.260291875570386e-05,4.7614543046192515e-05,0.00010241895817584782,0.00015658706094236956,0.00017750972722950143,0.00045858320631297705,0.001848847294693615
2025-07-24 00:00:00+00:00,49.65999984741211,-0.005422253617221706,0.0001012941025165025,0.0001016626467131822,0.00014389702127220726,0.00018149506360713073,0.0002557801180609879,0.0002760639907290118,0.0005410790540869295,0.0018780774629487914
2025-07-25 00:00:00+00:00,49.5099983215332,-0.003025141535609066,2.9400834289473877e-05,0.0001306949368059755,0.00013106348100265695,0.00017830947985216972,0.0002331138949818242,0.0002982373581520078,0.0005500309428558452,0.0018751064568787849
2025-07-28 00:00:00+00:00,49.18000030517578,-0.0066875924784310925,9.151481310467179e-06,3.855231559994019e-05,0.00013984641811644357,0.00018244933687214913,0.00022004737920707177,0.00029643347905881223,0.00035606307315453717,0.0018666702027912226
2025-07-29 00:00:00+00:00,49.20000076293945,0.0004065960118331269,4.472389315756812e-05,5.387537446803443e-05,8.327620875750921e-05,0.0001849388554706931,0.00023218485432020502,0.0003390563268184962,0.0003620800385035131,0.0019085966746399414
2025-07-30 00:00:00+00:00,48.84000015258789,-0.007343986638417732,1.6532031683860426e-07,4.488921347440586e-05,5.404069478487393e-05,0.00018473563159085115,0.00022733855034655587,0.00028715458976669725,0.0003595055198033596,0.0016526443678878757
2025-07-31 00:00:00+00:00,48.560001373291016,-0.005749477335208919,5.393413974525818e-05,5.409946006209592e-05,9.882335321966493e-05,0.0001373756688196068,0.00023903831553278988,0.00031887073242673587,0.00040621219268213986,0.001700106731660062
2025-08-01 00:00:00+00:00,48.20000076293945,-0.007441138146361048,3.305648962808105e-05,8.699062937333836e-05,8.715594969017786e-05,0.000141031324158214,0.0002717262609641904,0.00031934080401038197,0.0004283133219065582,0.0015585494416067332
2025-08-04 00:00:00+00:00,48.70000076293945,0.010320008869477704,5.5370536913229534e-05,8.842702654130973e-05,0.0001423611662865688,0.00018725037976097638,0.00022580269536091744,0.0003696997166331238,0.00048158281342190355,0.0016138739188822078
2025-08-05 00:00:00+00:00,48.84000015258789,0.0028706066120922635,0.00010650258306609847,0.00016187311997932713,0.00019492960960740908,0.0002490290696695067,0.000302904444137542,0.00043396792514019807,0.0005360183391193645,0.0016866114605000543
2025-08-06 00:00:00+00:00,49.06999969482422,0.004698191515875472,8.240382321387823e-06,0.00011474296538748541,0.00017011350230071586,0.00025710413167405596,0.0003019933451484627,0.00044183976326490535,0.0005220407243555328,0.0016281271897802564
2025-08-07 00:00:00+00:00,49.47999954223633,0.008320694390178573,2.2073003519844264e-05,3.0313385841231218e-05,0.00013681596890733057,0.000225242995448642,0.0002793424555107388,0.0003626186642682471,0.0005115273098309421,0.0009961369242616634
2025-08-08 00:00:00+00:00,49.43999862670898,-0.0008087529002849259,6.923395513474918e-05,9.130695865459258e-05,9.95473409759813e-05,0.0002614204609553101,0.00034841109032864937,0.00040245178511352244,0.0005757496406752035,0.0010646746635904103
2025-08-11 00:00:00+00:00,49.29999923706055,-0.0028357197993140737,6.540812537192792e-07,6.98880363884676e-05,9.196103990831276e-05,0.00020670400529579987,0.0002951310318371105,0.0003939543850567745,0.0005341693473698986,0.0010211054484952585
2025-08-12 00:00:00+00:00,49.900001525878906,0.012096967763008948,8.04130678022185e-06,8.695388033940262e-06,7.792934316869034e-05,0.00010824272900992327,0.00027011584898925127,0.00035727179867942825,0.0005418421099534399,0.0010135986192221398
2025-08-13 00:00:00+00:00,50.5,0.011952302945106297,0.0001463366290592777,0.0001543779358394987,0.00015503201709321886,0.00024633897574781314,0.00036108194113529943,0.0005034431074218673,0.0005868846364962151,0.001150236204715344
2025-08-14 00:00:00+00:00,49.880001068115234,-0.01235319405578128,0.00014285754569159665,0.0002891941747508735,0.0002972354815310962,0.00036712351791956554,0.0003974369037607976,0.0005923665133682058,0.0007003413478983379,0.0012896194910172912
2025-08-15 00:00:00+00:00,49.93999862670898,0.0012021151272745279,0.00015260140337978995,0.00029545894907138573,0.00044179557813066436,0.0004504909661646063,0.0005417979248191997,0.0007119114271199147,0.0008437912699676607,0.001423422639654531
2025-08-18 00:00:00+00:00,50.22999954223633,0.005790191295793612,1.4450807792222542e-06,0.00015404648415901133,0.00029690402985060887,0.0004512819656901093,0.0005211700020785777,0.0006579859709859075,0.0008005124575893148,0.0014044187749131954
2025-08-19 00:00:00+00:00,49.81999969482422,-0.008195944940134314,3.352631524188411e-05,3.49713960211055e-05,0.00018757279940089633,0.00047676697415177156,0.0004854623621857127,0.0005850097031616931,0.0008338734525143604,0.0012348257391433042
2025-08-20 00:00:00+00:00,49.75,-0.001406040103864914,6.717351346171327e-05,0.00010069982870359651,0.00010214490948281965,0.00039760385855420707,0.0005519817943937066,0.0006439428343020185,0.0008471128262308154,0.0012632923247964253
2025-08-21 00:00:00+00:00,49.63999938964844,-0.002213515563754598,1.976948773676458e-06,6.915046223538885e-05,0.00010267677747727385,0.0002567232616362869,0.0005459174363871613,0.0006238467795558508,0.0008160332853764107,0.0012625294345531097
2025-08-22 00:00:00+00:00,50.630001068115234,0.019747359037459056,4.899651150983835e-06,6.876599924659426e-06,7.405011338637358e-05,0.00010902150940748078,0.00040448045847886737,0.0005595124755720854,0.0007655623996141651,0.0012602016188376153
2025-08-25 00:00:00+00:00,50.34000015258789,-0.005744314339990453,0.0003899581889543158,0.0003948578401052988,0.00039683478887897613,0.0004975346175825744,0.0006515811017415865,0.0009488165832726818,0.0010490180055023825,0.0016392044473882686
2025-08-26 00:00:00+00:00,50.209999084472656,-0.0025858009256660708,3.299714723661995e-05,0.00042295533619093493,0.0004278549873419196,0.0004970054495773102,0.0005319768455984166,0.0009737724237290801,0.0010737747704176147,0.0016701005492270045
2025-08-27 00:00:00+00:00,49.90999984741211,-0.005992811388392916,6.686366427175508e-06,3.96835136637946e-05,0.0004296417026181113,0.0004365183025427724,0.0005372181312463698,0.0008341221610969777,0.0010583881333249457,0.0016247198582855424
2025-08-28 00:00:00+00:00,50.09999847412109,0.0037995972098969766,3.5913788336851825e-05,4.260015476402646e-05,7.559730200064728e-05,0.0004704551421059477,0.0005396056043413376,0.000727178403742233,0.0010250679665270484,0.0016384156495371745
2025-08-29 00:00:00+00:00,49.86000061035156,-0.004801887297435137,1.4436938957456888e-05,5.035072729430784e-05,5.703709372148422e-05,0.0004799924299124208,0.0004868690298370812,0.0005890139393198998,0.001038850824230786,0.0016202661704501967
2025-09-02 00:00:00+00:00,49.81999969482422,-0.0008025866282519445,2.305812161726892e-05,3.749506057472494e-05,7.340884891157763e-05,0.00011309236257537391,0.0005079502026806736,0.0006106269801579465,0.0010538676390678332,0.0016383126677769779
2025-09-03 00:00:00+00:00,50.0099983215332,0.0038064481597213096,6.441452958488249e-07,2.370226691311688e-05,3.813920587057463e-05,8.073936063460279e-05,0.0005036946968255385,0.0005777448102119113,0.0009081751553044043,0.0015967224385138024
2025-09-04 00:00:00+00:00,49.84999847412109,-0.0032044860697477695,1.4489047592645744e-05,1.5133192888493701e-05,3.819131450576349e-05,8.854204180007301e-05,0.00012822555546386852,0.0005250603443428438,0.0007798066572054534,0.0016108429419097675
2025-09-05 00:00:00+00:00,50.45000076293945,0.011964296123862184,1.0268730971207507e-05,2.4757778563852386e-05,2.5401923859702068e-05,6.28969844344287e-05,0.00010549713919845609,0.0005333521265403748,0.000637473984796871,0.0015198175703644726
2025-09-08 00:00:00+00:00,50.90999984741211,0.009076602994733562,0.00014314438173946369,0.00015341311271067034,0.00016790216030331692,0.0001916044272164355,0.00024195515451074426,0.0006715968571288547,0.0007791732857571123,0.0016335611178144626
2025-09-09 00:00:00+00:00,51.18999862670898,0.005484808725125578,8.238472192400627e-05,0.0002255291036634691,0.00023579783463467744,0.00025093102752317284,0.0002884260880978987,0.00036402339009854515,0.0008280316924392344,0.0017067943584280017
2025-09-10 00:00:00+00:00,51.540000915527344,0.006814049345490236,3.008312675121367e-05,0.00011246784867521907,0.0002556122304146836,0.0002803700089785377,0.0003040722758916555,0.00036110936961313884,0.000790941305728735,0.0016921535920216473
2025-09-11 00:00:00+00:00,52.290000915527344,0.014446942721037637,4.643126848277592e-05,7.651439523398872e-05,0.0001588991171579958,0.00031231222986866786,0.0003274454227571625,0.00040085427166873923,0.0008353956254378344,0.0017384195401875845
2025-09-12 00:00:00+00:00,52.2599983215332,-0.0005739377338431773,0.00020871415398494235,0.0002551454224677174,0.0002852285492189319,0.0005107576528824027,0.000535515431446256,0.0005736546373168298,0.001039210128271793,0.0018931995544272686
2025-09-15 00:00:00+00:00,52.63999938964844,0.007245047447390629,3.2940452232904177e-07,0.00020904355850727053,0.00025547482699004724,0.00036794267566526805,0.0005213557883759393,0.0005595471028817019,0.000649581343839806,0.0018604724693215167
2025-09-16 00:00:00+00:00,53.02999877929688,0.007381492707696946,5.249071251494147e-05,5.2820117037269645e-05,0.0002615342710222128,0.0003380486662562033,0.0005635777699196733,0.0005889796937793744,0.0006690749091181275,0.0018575926449232285
2025-09-17 00:00:00+00:00,53.2599983215332,0.004327780741266718,5.4486434593783195e-05,0.00010697714710872379,0.00010730655163105365,0.0003624519740987728,0.0004749198227739928,0.0006428219830773088,0.0007168749772847353,0.0018055764964509133
2025-09-18 00:00:00+00:00,53.130001068115234,-0.0024437883045425046,1.8729686144479104e-05,7.321612073826143e-05,0.00012570683325320372,0.000334750391760476,0.00041126478699446563,0.0006470626216291422,0.0006996908750923626,0.0018160658002740044
2025-09-19 00:00:00+00:00,53.0099983215332,-0.0022612172301545996,5.972101277418729e-06,2.4701787421896966e-05,7.918822201568097e-05,0.00013200833905295235,0.0003871537615206707,0.0006427659919353533,0.0006912260374123244,0.001799964898031579
2025-09-22 00:00:00+00:00,53.27000045776367,0.004892786185677345,5.11310336194804e-06,1.1085204639365901e-05,2.9814890783845818e-05,0.00013679203789257135,0.00034583559639984277,0.0005047347135578378,0.0006732810191570035,0.001735844046258778
2025-09-23 00:00:00+00:00,53.29999923706055,0.0005629873355568193,2.393935665875506e-05,2.905246002070223e-05,3.5024561298121774e-05,0.00010824068203638494,0.0001610607990736555,0.0004462893482925866,0.0006965762305199098,0.0017591293216638135
2025-09-24 00:00:00+00:00,53.119998931884766,-0.0033828317971504873,3.169547399973667e-07,2.4256311398751558e-05,2.936941476070041e-05,5.407120218259911e-05,0.00016104834929132382,0.0004165231762813702,0.0006824041376672613,0.0017514049696235891
2025-09-25 00:00:00+00:00,52.810001373291016,-0.005852892337371518,1.1443550967812397e-05,1.1760505707808895e-05,3.5699862366564766e-05,4.67850670059324e-05,0.00012000118774419476,0.00038153545876640677,0.0006835789576638662,0.001616511891532124
2025-09-26 00:00:00+00:00,52.709999084472656,-0.0018954192252400581,3.4256348712862234e-05,4.569989968067376e-05,4.601685442067194e-05,7.506931444137591e-05,9.97711018632738e-05,0.00020707765349432664,0.0005746909246372649,0.0015079106945533893
2025-09-29 00:00:00+00:00,53.18999862670898,0.009065209437656208,3.592614039409622e-06,3.7848962752270986e-05,4.929251372008419e-05,7.354882511883748e-05,8.463402975820431e-05,0.0002103408630114072,0.0004958988167526683,0.0013589019052130092
2025-09-30 00:00:00+00:00,53.400001525878906,0.003940391605028015,8.217802214857117e-05,8.577063618797991e-05,0.00012002698490084296,0.0001317874906086536,0.00016083995062935675,0.0002400281726450369,0.0005479937121500257,0.001439634846582358
2025-10-01 00:00:00+00:00,53.81999969482422,0.007834365087795447,1.5526686000975257e-05,9.770470814954554e-05,0.00010129732218895599,0.0001469972218696315,0.00017125353326838397,0.00020106842405222898,0.0005170891296682249,0.001421635217341449
2025-10-02 00:00:00+00:00,54.06999969482422,0.004634358121371029,6.137727632886817e-05,7.690396232984254e-05,0.00015908198447841452,0.00019693094723068728,0.0002086914529384971,0.00024371601423661804,0.00036975225201215083,0.001415838980208604
2025-10-03 00:00:00+00:00,54.22999954223633,0.0029547546619910214,2.1477275197117618e-05,8.285455152598489e-05,9.838123752696098e-05,0.00018415187371494265,0.00022985177339561734,0.00025922118815631693,0.00039090012268693945,0.0014353393066320452
2025-10-06 00:00:00+00:00,54.47999954223633,0.004599401027022498,8.730575112557676e-06,3.02078503096744e-05,9.158512663854341e-05,0.00018928983478809071,0.00022713879754036263,0.00026283865990692657,0.0003471399852845556,0.001439170230593619
2025-10-07 00:00:00+00:00,54.060001373291016,-0.007739087187449201,2.1154489807375612e-05,2.9885064919932392e-05,5.136234011705085e-05,0.00012826630244689515,0.00021403693863487598,0.0002600537930555471,0.0003138080404981481,0.0010703665314466789
2025-10-08 00:00:00+00:00,54.4900016784668,0.007922663146823883,5.989347049494038e-05,8.10479603023151e-05,8.977853541487362e-05,0.00017263308694086027,0.00027033779509040676,0.0003196303088104901,0.0003549718248486093,0.0010972628547049994
2025-10-09 00:00:00+00:00,53.93000030517578,-0.010330314390340156,6.276859133804131e-05,0.0001226620618329808,0.00014381655164035723,0.00017402440195003342,0.0002509283642798769,0.0003709553491807191,0.0004117683149092319,0.001153345079615865
2025-10-10 00:00:00+00:00,51.93999862670898,-0.03759773521322263,0.00010671539540326891,0.00016948398674130932,0.00022937745723625055,0.00025926252215618473,0.00034211707368217057,0.00044341439587112575,0.0005133706069505528,0.0012241466866822822
2025-10-13 00:00:00+00:00,53.45000076293945,0.028657471950293,0.0014135896931636008,0.0015203050885668687,0.001583073679904911,0.001664121640207228,0.0016943294905169032,0.0018534114749953169,0.0019030209434553985,0.002623299440888426
2025-10-14 00:00:00+00:00,52.970001220703125,-0.009020913143330755,0.0008212506985818301,0.00223484039174543,0.0023415557871487,0.002464217848981682,0.0024941029139016156,0.0025924841514285758,0.002723954687297231,0.0034214920178529873
2025-10-15 00:00:00+00:00,53.84000015258789,0.01629094956895738,8.137687393951757e-05,0.0009026275725213468,0.002316217265684948,0.0024857012524262595,0.0025667492127285758,0.0026583343393671182,0.0027938880102689363,0.003502224746496656
2025-10-16 00:00:00+00:00,54.18999862670898,0.006479676065302531,0.00026539503785831265,0.00034677191179782936,0.0011680226103796603,0.0026883276989465308,0.002810989760779513,0.0028623521008965622,0.0030250266994143868,0.003753130736762323
2025-10-17 00:00:00+00:00,54.18000030517578,-0.00018452194629681173,4.198620191125449e-05,0.00030738123976956625,0.0003887581137090847,0.0026235985054545168,0.0027930824921958267,0.0028828610276106993,0.003063420287286232,0.00378484820770237
2025-10-20 00:00:00+00:00,54.91999816894531,0.013565705269793948,3.404834866516347e-08,4.202025025991879e-05,0.0003074152881182323,0.0012100428606395808,0.0027303479492064506,0.002874164500846807,0.002981276313486326,0.0036417378743115714
2025-10-21 00:00:00+00:00,54.310001373291016,-0.011169150226463476,0.0001840283594669153,0.00018406240781557962,0.00022604860972683495,0.000572820521524666,0.0028076609132700967,0.0030370383705063467,0.003149777986952266,0.0037433815118544803
2025-10-22 00:00:00+00:00,54.2599983215332,-0.000921121035900363,0.0001247499167813091,0.0003087782762482236,0.00030881232459688957,0.0006161935643664577,0.0015188211368878052,0.0031018948167927155,0.003213150627404707,0.003838048301884576
2025-10-23 00:00:00+00:00,54.7400016784668,0.008807457978053268,8.484639627781578e-07,0.00012559838074408642,0.00030962674021100254,0.0003516469904709231,0.0006984189022687533,0.0030399746894174524,0.003192521816170367,0.003792465497364578
2025-10-24 00:00:00+00:00,55.09999847412109,0.006554954190905349,7.757131603517417e-05,7.841977999795148e-05,0.0002031696967792614,0.00038723210459484276,0.00069461334436441,0.0030108306100493573,0.0032613625570929836,0.00366132265941481
2025-10-27 00:00:00+00:00,55.709999084472656,0.011009959132952218,4.2967424444867596e-05,0.00012053874048004092,0.00012138720444281991,0.00043016548069104517,0.00047218573095096487,0.0016402083413306243,0.0032831754917304755,0.003703960679337348
2025-10-28 00:00:00+00:00,55.68999862670898,-0.0003590746569033243,0.00012121920010927796,0.0001641866245541447,0.00024175794058931972,0.00036735632133340785,0.0005514187291489883,0.0009401768428580722,0.0033445012213448133,0.003772689166931685
2025-10-29 00:00:00+00:00,56.0099983215332,0.005729643312455401,1.2893460923024007e-07,0.00012134813471850736,0.00016431555916337581,0.00024273533916132899,0.0005515136154095533,0.0008589289035277848,0.003281861564616002,0.0037183316669471317
2025-10-30 00:00:00+00:00,55.43000030517578,-0.010409247317149983,3.2828812487964906e-05,3.2957747097194306e-05,0.0001541769472064731,0.0002747156876865157,0.000400314068430603,0.0006263626781574371,0.0032079749817006983,0.0037324307932906178
2025-10-31 00:00:00+00:00,55.29999923706055,-0.0023480742054049486,0.00010835242970959413,0.0001411812421975582,0.00014131017680678928,0.00030549680136093566,0.000383916581358888,0.0006927289059557767,0.0019027377182466916,0.0038348111217227933
2025-11-03 00:00:00+00:00,55.650001525878906,0.0063092104088458,5.51345247408808e-06,0.00011386588218368137,0.0001466946946716471,0.0002680428293901562,0.00038858156987019794,0.0006982083100811996,0.0010870004721389495,0.0038352114708349334
2025-11-04 00:00:00+00:00,54.630001068115234,-0.018498903181327186,3.980613598308819e-05,4.5319588457175435e-05,0.0001536720181667704,0.0001866297652639664,0.000350816389818112,0.0005539860865973725,0.0010454297341825202,0.0038510782501592665
2025-11-05 00:00:00+00:00,55.119998931884766,0.008929405367971377,0.0003422094189121171,0.0003820155548952044,0.00038752900736929334,0.0005287102495668532,0.0006500583842853614,0.0007714455887281805,0.0011222441152363245,0.0041929707143313864
2025-11-06 00:00:00+00:00,54.709999084472656,-0.007466115985857336,7.973428022555604e-05,0.00042194369913767227,0.0004617498351207613,0.0005756157173044444,0.0006085734644016395,0.0008503314049909584,0.001159992193550626,0.00426126144358913
2025-11-07 00:00:00+00:00,54.54999923706055,-0.0029287930485257796,5.574288791427446e-05,0.00013547716813982962,0.0004776865870519476,0.0005230061755091247,0.0006641874177066838,0.0008285029768700586,0.0012157010331162355,0.0042827479827905425
2025-11-10 00:00:00+00:00,55.5099983215332,0.01744545617185045,8.57782872109293e-06,6.432071663536652e-05,0.0001440549968609234,0.0005260705517561295,0.0006399364339398117,0.000794113381146284,0.001040250502370413,0.004287733197472225
2025-11-11 00:00:00+00:00,55.56999969482422,0.0010803273352211207,0.0003043439410439549,0.000312921769765047,0.00036866465767932224,0.0007906083568169962,0.0008359279452741725,0.0009772381220809609,0.0012198445266330587,0.004509899116367609
2025-11-12 00:00:00+00:00,55.58000183105469,0.00017997545875214627,1.1671071512259677e-06,0.00030551104819518,0.00031408887691627377,0.00044956604505610515,0.0008315815999513104,0.0009782762946229566,0.0012201631698215067,0.00449553953751786
2025-11-13 00:00:00+00:00,54.93000030517578,-0.01176380434859503,3.23911657530455e-08,1.1994983169781458e-06,0.00030554343936093384,0.0003698641559963021,0.0007918078551339753,0.0009454798733007448,0.0011426242449520856,0.004434194652354745
2025-11-14 00:00:00+00:00,54.959999084472656,0.0005459783457766321,0.00013838709275202336,0.00013841948391777554,0.0001395865910690023,0.000452508360834051,0.0005879855289738815,0.000975514536343174,0.0012380439132592413,0.0045511044699096505
2025-11-17 00:00:00+00:00,54.310001373291016,-0.01189723392311981,2.980923540569876e-07,0.0001386851851060795,0.00013871757627183335,0.0004442286244670151,0.0005085493411023825,0.0009702991762231428,0.0011171228055040204,0.00454267198715115
2025-11-18 00:00:00+00:00,54.040000915527344,-0.004983867299249045,0.00014154417502143277,0.0001418422673754889,0.0002802293601275131,0.000281428858444493,0.0005943506282095408,0.0010720372152614875,0.0012585380459162227,0.0046630616723652065
2025-11-19 00:00:00+00:00,53.84999847412109,-0.0035221547669888054,2.4838933256523973e-05,0.00016638310827795587,0.00016668120063201367,0.000305100684549791,0.0006106117327449718,0.0007546667296058944,0.0012505481666847818,0.004628007135126791
2025-11-20 00:00:00+00:00,53.11000061035156,-0.013837129340146692,1.2405574202621966e-05,3.724450745914507e-05,0.00017878868248057865,0.00031747386758665993,0.00031867336590363893,0.0006873380235829604,0.0011546013111778098,0.0045776441179913715
2025-11-21 00:00:00+00:00,53.09999847412109,-0.0001883464145797653,0.00019146614837594844,0.00020387172257856954,0.00022871065583509432,0.00037055292321058503,0.0005089724071283614,0.0008230612840446343,0.00134055400707967,0.00466239487096405
2025-11-24 00:00:00+00:00,53.65999984741211,0.010490942641928847,3.547437188505283e-08,0.0001915016227478326,0.0002039071969504554,0.0003702903052284131,0.0005089754903344933,0.0008145189296954264,0.0013007833454684668,0.0032488406521723346
2025-11-25 00:00:00+00:00,53.84999847412109,0.003534533112797611,0.00011005987751624101,0.0001100953518881252,0.00030156150026407446,0.0003388060077232213,0.0004806482750987111,0.0006202348661677125,0.0010686338040725909,0.0025376498311067454
2025-11-26 00:00:00+00:00,54.2400016784668,0.007216299310654151,1.249292432546277e-05,0.0001225528018417029,0.00012258827621358878,0.00032645999879216006,0.0004928431070701168,0.0006315606833419494,0.0010013924481724976,0.002468765881492691
2025-11-28 00:00:00+00:00,54.31999969482422,0.0014738030550058845,5.207497574094757e-05,6.456790006640947e-05,0.00017462777758265132,0.0003661294003304857,0.00040337390778963166,0.0006836032679171438,0.0009977245359991708,0.002255445819375326
2025-12-01 00:00:00+00:00,54.27999877929688,-0.0007366651546654168,2.172095444944678e-06,5.424707118589138e-05,6.673999551135496e-05,0.00017683534739948195,0.00038070706997805236,0.0005473882706100652,0.0009913188027230225,0.0022156317129090157
2025-12-02 00:00:00+00:00,54.29999923706055,0.0003684004117747719,5.426755500982225e-07,2.714770995042033e-06,5.478974673599042e-05,0.00017734254857769513,0.0003688441713255286,0.0005476328538061065,0.0006875175372291658,0.002216140340110449
2025-12-03 00:00:00+00:00,54.34000015258789,0.0007363939167839284,1.357188633958215e-07,6.783944134931767e-07,2.8504898584386677e-06,6.741838992484993e-05,0.000177513741812976,0.0004062243976480695,0.0006864861489413357,0.0020322476995069294
2025-12-04 00:00:00+00:00,54.33000183105469,-0.0001840125403314019,5.422760006763752e-07,6.779948640713294e-07,1.220670414170365e-06,5.5467741600063534e-05,0.00017802054344176734,0.00038192774039222193,0.000686996033776259,0.0019080400587262968
2025-12-05 00:00:00+00:00,54.7400016784668,0.007518140009168839,3.3860614999215814e-08,5.761366156747237e-07,7.118554790713584e-07,3.4266264741151804e-06,6.799452654052552e-05,0.0003695560268045992,0.0005486428016392348,0.001907225455378518
2025-12-08 00:00:00+00:00,54.619998931884766,-0.0021946377848882648,5.6522429197465225e-05,5.655628981246358e-05,5.709856581314076e-05,5.777696022663573e-05,0.00011202403141252797,0.00023461230762611594,0.0006048671384826431,0.0018861765685408089
2025-12-09 00:00:00+00:00,54.52999877929688,-0.001649109938102189,4.8164350068592695e-06,6.133886420432362e-05,6.137272481932366e-05,6.205071968339677e-05,6.476549067843967e-05,0.00023939326826109017,0.0004681393984680696,0.0018480255791028005
2025-12-10 00:00:00+00:00,55.13999938964844,0.011124407974455242,2.7195635879474054e-06,7.535998594805807e-06,6.405842779227184e-05,6.463456440794836e-05,6.531295882144241e-05,0.00013205295433279656,0.00044602002879949305,0.00172952594258147
2025-12-11 00:00:00+00:00,54.880001068115234,-0.004726391646154404,0.00012375245278212338,0.0001264720163700699,0.00013128845137693,0.00018784474118939537,0.00018852273605346757,0.00024331248278945715,0.0005573669073789944,0.0018531494607543632
2025-12-12 00:00:00+00:00,54.2400016784668,-0.011730328303046988,2.233877799283814e-05,0.00014609123077496066,0.00014881079436290887,0.0002101496585672343,0.00021072579518290987,0.00021357628504134775,0.00038823953699588414,0.0018426594262592364
2025-12-15 00:00:00+00:00,54.08000183105469,-0.002954208984355944,0.00013760060209726523,0.00015993938009010251,0.0002836918328722267,0.0002912278314670343,0.0003477841212794987,0.0003490047916936683,0.0005258046647212643,0.0018719075986469076
2025-12-16 00:00:00+00:00,52.97999954223633,-0.020549990389355344,8.727350723249377e-06,0.00014632795282051373,0.0001686667308133527,0.0002951387471834244,0.00035647761138774887,0.00035718946686681945,0.00042447213792827266,0.0018751214968960688
2025-12-17 00:00:00+00:00,52.59999847412109,-0.007198384469053742,0.000422302105002597,0.0004310294557258455,0.0005686300578231115,0.000714721288598074,0.0007222572871928806,0.0007793558530060207,0.0008342813186054069,0.0022576174659155778
2025-12-18 00:00:00+00:00,53.20000076293945,0.011342319954006808,5.181673896431413e-05,0.0004741188439669103,0.00048284619469016047,0.0006427855747802647,0.0007692575911503356,0.0008306303159696584,0.0008340230818287734,0.001967224785967775
2025-12-19 00:00:00+00:00,53.720001220703125,0.009726983689909652,0.000128648221939061,0.00018046496090337426,0.000602767065905972,0.0007490950187264876,0.0008951862495014491,0.0009592446772937202,0.0009604992083228898,0.0020161387276812796
2025-12-22 00:00:00+00:00,54.0099983215332,0.005383789149360663,9.461421170376838e-05,0.00022326243364282852,0.00027507917260714344,0.0007061086283329908,0.000866048008423094,0.0009973364598000233,0.00105457074447656,0.0020550100514707737
2025-12-23 00:00:00+00:00,54.310001373291016,0.005539213805071608,2.8985185604773607e-05,0.0001235993973085411,0.00025224761924760294,0.0007263664632145149,0.0008726944160350296,0.0010215052103979376,0.0010834202112179378,0.0020754174083544544
2025-12-24 00:00:00+00:00,54.41999816894531,0.0020233023754685497,3.068288957829588e-05,5.966807518306862e-05,0.0001542822868868378,0.00033474724779021384,0.0007657767035160603,0.0010494685363882862,0.0011135608247955574,0.0018017563568887953
2025-12-26 00:00:00+00:00,54.79999923706055,0.006958480323341121,4.0937525025766765e-06,3.477664208087169e-05,6.376182768564611e-05,0.0002870242613284764,0.0007611431052953876,0.0009298098361087395,0.0011176207166831349,0.001804683002240146
2025-12-29 00:00:00+00:00,54.65999984741211,-0.0025580023233775506,4.842044841032555e-05,5.251420091290136e-05,8.319709049119805e-05,0.00020679648779974095,0.0003872614487031161,0.0009558915065262268,0.001109518735895995,0.0018530710594847186
2025-12-30 00:00:00+00:00,54.880001068115234,0.004016825172031169,6.543375886404947e-06,5.4963824296729624e-05,5.9057576799307116e-05,0.00011872565198237752,0.00034198808562520695,0.0008248342803153665,0.0011112456767755406,0.0017212273426190998
2025-12-31 00:00:00+00:00,54.709999084472656,-0.0031025115388230162,1.613488446266323e-05,2.267826034906731e-05,7.109870875939367e-05,0.00010587535084026714,0.00022947474814880915,0.0008322418140547803,0.0011246609976502564,0.0017370641347277064
2026-01-02 00:00:00+00:00,56.2400016784668,0.027581786005576703,9.62557784852996e-06,2.5760462311192323e-05,3.230383819759808e-05,8.481803911050123e-05,0.00014448611429357074,0.00041956528690071336,0.001010534122716663,0.0016051455375548035
2026-01-05 00:00:00+00:00,56.86000061035156,0.010963839610016457,0.0007607549192574269,0.000770380497105956,0.00078651538156862,0.0008414792058653515,0.000876255847946224,0.001128503467193826,0.0017489502639812518,0.0023410615235557064
2026-01-06 00:00:00+00:00,57.27999877929688,0.007359384384090895,0.00012020577899416582,0.0008809606982515918,0.0008905862761001225,0.0009132645364491917,0.0009657787373620939,0.001120061024248931,0.0017315554408781526,0.0024488617283472502
2026-01-07 00:00:00+00:00,56.84999847412109,-0.00753530798512525,5.416053851280092e-05,0.00017436631750696589,0.0009351212367643935,0.0009608816990755877,0.0010158455233723182,0.0010796073510579635,0.001776988628667704,0.0023115561184841025
2026-01-08 00:00:00+00:00,56.869998931884766,0.00035174918090241647,5.678086643069236e-05,0.0001109414049434924,0.00023114718393765898,0.0010015276810436168,0.001024205941392685,0.0011074030318838823,0.0014114673900957994,0.00236830151054291
2026-01-09 00:00:00+00:00,57.13999938964844,0.00473644358393166,1.237274862655209e-07,5.690459391695701e-05,0.00011106513242975868,0.0009920258306813524,0.0010177862929925455,0.001076843869791852,0.0013597743786177509,0.0022583653605129346
2026-01-12 00:00:00+00:00,57.93999862670898,0.013903582518312696,2.2433897823767385e-05,2.255762531003204e-05,7.933849174072516e-05,0.0002537048092476929,0.0010240853063536498,0.0010951840151130425,0.0012535600545024572,0.002268306334011239
2026-01-13 00:00:00+00:00,57.5099983215332,-0.007449152099241907,0.0001933096068435304,0.00021574350466729692,0.0002158672321535632,0.00032680863709705745,0.0012077693353486501,0.0012400731735462474,0.0013522554496422192,0.0024095409651138217
2026-01-14 00:00:00+00:00,57.75,0.004164532861891779,5.548986699764011e-05,0.00024879947384116966,0.00027123337166493777,0.00032813796558189666,0.0005025042830888634,0.0012890196646574827,0.0013787601310350857,0.0024628587366665173
2026-01-15 00:00:00+00:00,58.09000015258789,0.005870185229287728,1.734333395777653e-05,7.283320095541577e-05,0.0002661428077989469,0.00028870043310898083,0.00039964183805247416,0.001290228114152596,0.0013654205754145663,0.0024796593950741955
2026-01-16 00:00:00+00:00,57.869998931884766,-0.0037944375025933397,3.4459074626147814e-05,5.180240858392347e-05,0.00010729227558156434,0.0003230357802488631,0.000379940374165821,0.001315061610930214,0.0013957858975381374,0.002513982750836948
2026-01-20 00:00:00+00:00,57.310001373291016,-0.009723944602449741,1.439775596108678e-05,4.8856830587233724e-05,6.620016454501101e-05,0.0003149996383861825,0.0003375572636962154,0.0005687044476338736,0.0013617632050888985,0.0025278382307973584
2026-01-21 00:00:00+00:00,58.2599983215332,0.016440570195205062,9.455509863151145e-05,0.00010895285459259737,0.00014341192921874592,0.00021624513017416358,0.00043198863484146137,0.0005430537672712194,0.0014497749278340052,0.0026223594688138704
2026-01-22 00:00:00+00:00,58.70000076293945,0.007524017109962422,0.000270292348343465,0.0003648474469749756,0.0003792452029360631,0.00043104761151998845,0.000679847085361159,0.0007591855771018834,0.001703932391714807,0.00283612938795987
2026-01-23 00:00:00+00:00,59.06999969482422,0.006283436321487201,5.661083347100728e-05,0.00032690318181447143,0.00042145828044598364,0.00047031511103321925,0.0005431483119886358,0.0007590155441421984,0.0017509176473372843,0.002887923786424018
2026-01-26 00:00:00+00:00,59.16999816894531,0.0016914495901394488,3.948157200618461e-05,9.609240547719102e-05,0.0003663847538206568,0.0004753376084132561,0.0005271400169971803,0.0007983733886621174,0.001029644300086042,0.0029246857948422556
2026-01-27 00:00:00+00:00,60.34000015258789,0.0195806105167744,2.8610017159829095e-06,4.234257372216665e-05,9.895340719317469e-05,0.00046380085416815217,0.0005126576847553867,0.000778800492554333,0.0009122995228078592,0.002803794343776115
2026-01-28 00:00:00+00:00,60.75,0.0067718459609409365,0.0003834003082096162,0.00038626130992559825,0.0004257428819317836,0.0007526460637462569,0.0008615989183388551,0.0009688911939204187,0.0012415392925046744,0.0031648558739928927
2026-01-29 00:00:00+00:00,60.43999862670898,-0.005115967537677513,4.5857897718712076e-05,0.0004292582059283274,0.00043211920764431105,0.000528211613121504,0.0008930590600964804,0.0009592592246414906,0.0012306163237926942,0.0030731131696143396
2026-01-30 00:00:00+00:00,59.09999847412109,-0.022420216089521716,2.6173123846570113e-05,7.203102156528131e-05,0.00045543132977489826,0.0004977739034970668,0.0008246770853115391,0.0009680890145302842,0.0012566657201529988,0.0030905589427376603
2026-02-02 00:00:00+00:00,59.27999877929688,0.0030410618022154168,0.0005026660895008484,0.0005288392133474177,0.0005746971110661305,0.0009609584209917307,0.0010570508264689223,0.0014362960294049846,0.0017368979118300796,0.003170922927235912
2026-02-03 00:00:00+00:00,59.59999847412109,0.005383588073635259,9.248056884893679e-06,0.0005119141463857412,0.0005380872702323121,0.0009673454761606414,0.001009688049882809,0.0014311463303287918,0.001552836361871443,0.0031283542451564913
2026-02-04 00:00:00+00:00,58.79999923706055,-0.013513706539888481,2.89830205465878e-05,3.8231077431480614e-05,0.0005408971669323298,0.000612928188497613,0.0009991894984232121,0.0013655742522438682,0.0015263295154203907,0.0030286890437640182
2026-02-05 00:00:00+00:00,58.52999877929688,-0.004602419482315767,0.00018262026444622472,0.00021160328499281167,0.0002208513418777061,0.0007496905552251255,0.0011789487611534538,0.0012779021683466277,0.001691606445908839,0.0031166950965064747
2026-02-06 00:00:00+00:00,60.06999969482422,0.025971121334629643,2.1182265091199736e-05,0.0002038025295374236,0.00023278555008401214,0.0007446996964697552,0.0008167307180350375,0.0012424735999668204,0.0016783296363738908,0.0031088921759929006
2026-02-09 00:00:00+00:00,60.5099983215332,0.0072980691138271325,0.000674499143378055,0.0006956814084692539,0.0008783016729154794,0.0009165327503469618,0.0014453719636943804,0.0018774911713386906,0.002338431023790859,0.00375270842979266
2026-02-10 00:00:00+00:00,60.59999847412109,0.0014862550001870645,5.326181279019755e-05,0.0007277609561682517,0.0007489432212594521,0.0009605465062522656,0.0014724606526380077,0.0019278919824129053,0.002297137737949545,0.003801876490080281
2026-02-11 00:00:00+00:00,61.560001373291016,0.015717463383101204,2.208953925581051e-06,5.5470766715777736e-05,0.0007299699100938335,0.0009337724396312589,0.0009720035170627404,0.00154670062812887,0.002029054343531661,0.0037556649955955363
2026-02-12 00:00:00+00:00,60.86000061035156,-0.011436176781244534,0.00024703865519912715,0.00024924760912470735,0.00030250942191490564,0.0009981908303841613,0.0012097941153769737,0.0017478813856092851,0.0022194821652597807,0.003996160274908259
2026-02-13 00:00:00+00:00,61.119998931884766,0.004262972884952809,0.0001307861393718766,0.00037782479457100287,0.0003800337484965847,0.0011077947046648383,0.001311597234202263,0.0018524944011345918,0.002310786732625473,0.004110811529817472
2026-02-17 00:00:00+00:00,60.869998931884766,-0.004098702424206735,1.817293781784288e-05,0.00014895907718971861,0.0003959977323888465,0.00045146849910462607,0.001147149907573881,0.0013680012494515863,0.002326098668727333,0.004119358889786784
2026-02-18 00:00:00+00:00,61.18999862670898,0.005243330073034791,1.6799361562198166e-05,3.497229938004018e-05,0.00016575843875191754,0.0004150060478766267,0.0011427670040448793,0.0013755525541288907,0.001959497722079915,0.003375403332091556
2026-02-19 00:00:00+00:00,61.040000915527344,-0.0024543530563745364,2.7492510254791026e-05,4.4291871816988325e-05,6.246480963483196e-05,0.0004402896042058367,0.0004957603709216153,0.001374062043837094,0.0019411323346159937,0.003282690063352181
2026-02-20 00:00:00+00:00,62.34000015258789,0.021073874811851745,6.023848925335028e-06,3.3516359180125186e-05,5.0315720742324115e-05,0.00019927479793204457,0.00044852240705675275,0.0011974656283162042,0.0019209830596947587,0.0032345533737647156
2026-02-23 00:00:00+00:00,61.650001525878906,-0.011130022425838604,0.00044410819958559943,0.0004501320485109336,0.0004776245587657254,0.0005125968581457674,0.0008904216527167711,0.0016203915628106038,0.00186242516977951,0.0036218807069196223
2026-02-24 00:00:00+00:00,62.619998931884766,0.015611444480140513,0.00012387739919967025,0.0005679855987852688,0.0005740094477106046,0.0006183013195275947,0.0007672603967173142,0.001069769818632219,0.0019770545120942865,0.003745634378633027
2026-02-25 00:00:00+00:00,63.310001373291016,0.010958617406403803,0.0002437171987565097,0.0003675945979561791,0.0008117027975417792,0.0008452191567219063,0.0008801914561019473,0.0012602252045985313,0.0021917886903042084,0.0039669176795657695
2026-02-26 00:00:00+00:00,62.709999084472656,-0.009522406292022723,0.00012009129545993642,0.00036380849421644524,0.0004876858934161162,0.0009378179419270517,0.0009821098137440408,0.0013781075461328867,0.00212925972131792,0.0038936993681821758
2026-02-27 00:00:00+00:00,62.58000183105469,-0.0020751424553875353,9.067622159035393e-05,0.0002107675170502895,0.0004544847158067999,0.0010224703145920706,0.0010559866737721965,0.0012217451125241133,0.002198753677817074,0.0039288857227748894
2026-03-02 00:00:00+00:00,61.5,-0.01740859268768613,4.306216210151809e-06,9.498243780050488e-05,0.00021507373326044206,0.000582668331216623,0.0010328003797275575,0.0010952651893623884,0.0015285607506491708,0.003915848605027265
2026-03-03 00:00:00+00:00,58.41999816894531,-0.051378909195820555,0.000303059099365759,0.00030736531557590995,0.0003980415371662646,0.0007618500313827118,0.0013298356301679813,0.0013801513509103048,0.0017783580372247323,0.004184448629766875
2026-03-04 00:00:00+00:00,59.04999923706055,0.010726264106491357,0.002639792310152374,0.0029428514095181323,0.002947157625728285,0.003157925142778576,0.003525519740734756,0.00400314429950048,0.004415941393451525,0.006809843183958163
2026-03-05 00:00:00+00:00,57.630001068115234,-0.02434124574055474,0.00011505274168220482,0.002754845051834578,0.0030579041512003376,0.0031528865890008443,0.0035166950832172905,0.004090704530927894,0.004283955479934602,0.006830340827008856
2026-03-06 00:00:00+00:00,57.31999969482422,-0.0053936863466894636,0.0005924962442020742,0.0007075489858842782,0.003347341296036653,0.003654706611612565,0.0038654741286628554,0.004677176926204634,0.0047456655847648,0.007152544722867466
2026-03-09 00:00:00+00:00,58.45000076293945,0.019522103335034124,2.9091852406464332e-05,0.0006215880966085376,0.0007366408382907429,0.0036794922478088775,0.003774474685609383,0.004262160579025498,0.004756584499353422,0.007125025741802923
2026-03-10 00:00:00+00:00,58.68000030517578,0.003927257504525272,0.00038111251862375046,0.00041020437103021394,0.0010027006152322885,0.003757545667066869,0.004064910982642779,0.004519395698449579,0.005120897656414974,0.0074666566884204885
2026-03-11 00:00:00+00:00,58.83000183105469,0.0025530015254116023,1.542335150685007e-05,0.0003965358701305997,0.00042562772253706445,0.0011331767084213449,0.004076028117939477,0.00429110185119992,0.005108828497667034,0.007479219038211356
2026-03-12 00:00:00+00:00,56.95000076293945,-0.03247825671102511,6.517816788753969e-06,2.194116829560317e-05,0.0004030536869193541,0.001024641783527894,0.0037794868353624726,0.004177528372528737,0.005109322465530452,0.007102336546790493
2026-03-13 00:00:00+00:00,56.79999923706055,-0.002637390994771671,0.0010548371589872477,0.0010613549757760008,0.0010767783272828515,0.0014869826983130675,0.0021945316841973468,0.005141689309925631,0.005720051424932101,0.008111315808059029
2026-03-16 00:00:00+00:00,58.380001068115234,0.027437071426805737,6.955831259302705e-06,0.0010617929902465495,0.001068310807035304,0.0014648466771659057,0.0020864347737744445,0.005144338924974782,0.005603129856991733,0.008092098515471761
2026-03-17 00:00:00+00:00,58.75,0.006317769302389031,0.0007527928884796398,0.0007597487197389416,0.00181458587872619,0.0018365270470217952,0.0022467314180520098,0.005594072714088662,0.006112205546714863,0.008342225314450554
2026-03-18 00:00:00+00:00,57.560001373291016,-0.020463247146675023,3.9914208958209186e-05,0.0007927070974378481,0.0007996629286971514,0.0018610179044731543,0.002257553774603755,0.0029941946128944972,0.006032028460213137,0.008372891466523869
2026-03-19 00:00:00+00:00,57.619998931884766,0.0010418052415586132,0.00041874448378590346,0.0004586586927441118,0.0012114515812237522,0.0022732445714703036,0.0022951857397659078,0.003297886354998196,0.006360096722408686,0.008762652929763184
2026-03-20 00:00:00+00:00,55.63999938964844,-0.034967355033564296,1.0853581613390003e-06,0.00041982984194724156,0.0004597440509054514,0.001219492770644395,0.0022808477464203968,0.0027064754689574604,0.006356875864359872,0.0085811180234783
2026-03-23 00:00:00+00:00,57.310001373291016,0.029572796440560545,0.0012227159180433344,0.0012238012762046725,0.0016425457599905766,0.0024352528574284266,0.003497045847674977,0.003900099534594331,0.007276532683037448,0.009782651676430432
2026-03-24 00:00:00+00:00,56.52000045776367,-0.013880586610676815,0.0008745502893148304,0.002097266207358164,0.0020983515655195037,0.0025570102582636173,0.00331675897800256,0.004393537305285411,0.005511290662199905,0.009982702822367209
2026-03-25 00:00:00+00:00,57.41999816894531,0.015798076888649426,0.00019267068465650048,0.00106722097397133,0.0022899368920146646,0.0027097667339619088,0.003502473831399758,0.004570784638435061,0.005588908605174201,0.010122111694233512
2026-03-26 00:00:00+00:00,55.470001220703125,-0.0345502867304317,0.0002495792333796791,0.00044224991803617873,0.0013168002073510098,0.002540601483555684,0.002999260176299797,0.0048138460550259865,0.005245991594351805,0.010369481973687611
2026-03-27 00:00:00+00:00,55.20000076293945,-0.004879388969272647,0.0011937223131550448,0.001443301546534723,0.001635972231191224,0.00373323843854939,0.004153068280496632,0.004952731209193784,0.0064106220551003856,0.011316165631643529
2026-03-30 00:00:00+00:00,54.75,-0.008185598407806083,2.380843671345958e-05,0.0012175307498685035,0.001467109983248183,0.002534330957219515,0.003758132233424189,0.00496958381464794,0.006053317973190095,0.01120918792898511
2026-03-31 00:00:00+00:00,56.790000915527344,0.03658290131400843,6.700402129387748e-05,9.08124580073362e-05,0.0012845347711623815,0.0017267846891985625,0.003824050896556727,0.004283794947462178,0.006104898642977122,0.011258019012461144
2026-04-01 00:00:00+00:00,57.22999954223633,0.0077179584117264,0.0013383086685504798,0.0014053126898443565,0.0014291211265578165,0.0028724226730925417,0.003939643647063873,0.005582189407054449,0.007436689494738849,0.012579528319449427
2026-04-02 00:00:00+00:00,56.59000015258789,-0.01124593457153722,5.9566882045138296e-05,0.0013978755505956173,0.0014648795718894953,0.002682410321758001,0.00312466023979418,0.005223011805313683,0.006441419217796738,0.012611602691239773
2026-04-06 00:00:00+00:00,57.11000061035156,0.009146949513261227,0.00012647104438729602,0.00018603792643243343,0.0015243465949829136,0.001615159052990252,0.0030584605995249764,0.00534839749153964,0.0065609344309247326,0.012732049886701735
2026-04-07 00:00:00+00:00,57.310001373291016,0.0034959091620789806,8.36666853981498e-05,0.0002101377297854449,0.00026970461183058365,0.0016750173016749424,0.0028925480515434466,0.004209348258894456,0.005891808227843242,0.012371608372514284
2026-04-08 00:00:00+00:00,60.43999862670898,0.05317596215683196,1.222138086950776e-05,9.588806626765669e-05,0.00022235911065495313,0.0016202346612505724,0.0017110471192579096,0.0033470193504491334,0.00586411539975454,0.012259952354184122
2026-04-09 00:00:00+00:00,60.27999877929688,-0.0026507611752348836,0.0028276829513048246,0.0028399043321743313,0.002923571017572482,0.0031096089440049175,0.004514921633849275,0.005982031617097457,0.008273053867273462,0.014843918106732438
2026-04-10 00:00:00+00:00,60.560001373291016,0.004634278297984018,7.026534808132621e-06,0.0028347094861129562,0.0028469308669824647,0.0030570685967679116,0.00445494414736353,0.005739478918525911,0.008278995043920255,0.014730853346080635
2026-04-13 00:00:00+00:00,61.06999969482422,0.008386110432167193,2.1476535343165647e-05,2.85030701512974e-05,0.0028561860214561226,0.0029520740877237816,0.0031381120141562155,0.004567233140714032,0.007077755661220086,0.014661653659833445
2026-04-14 00:00:00+00:00,62.2400016784668,0.018977164599893293,7.032684818050343e-05,9.18033835236682e-05,9.882991833180127e-05,0.002938734250506135,0.0031488719802915807,0.004613751552181075,0.00627353222008576,0.014727674291803798
2026-04-15 00:00:00+00:00,62.20000076293945,-0.0006428948267478418,0.00036013277625144316,0.0004304596244319457,0.0004519361597751118,0.0032866456458880704,0.0033825337121557277,0.0049068803071386415,0.006440994311680702,0.014784747968689482
2026-04-16 00:00:00+00:00,62.45000076293945,0.004011236777349936,4.1331375825913757e-07,0.0003605460900097014,0.00043087293819020527,0.00045937600834150484,0.0032992803405158372,0.0035689849523464208,0.0061918283920592825,0.012145368972295366
2026-04-17 00:00:00+00:00,63.63999938964844,0.018875945090504054,1.6090020483964697e-05,1.6503334242222967e-05,0.00037663611049366653,0.00046843949401733693,0.0033031489801302943,0.003525508090785247,0.005014196099388202,0.012046406251097127
2026-04-20 00:00:00+00:00,63.18000030517578,-0.007254393674696935,0.0003563013030597241,0.0003723913235436879,0.00037280463730194745,0.0008032642617338953,0.0008317673318851936,0.003755338349457675,0.005346688965734467,0.011810211309954776
2026-04-21 00:00:00+00:00,62.25,-0.014829264859382185,5.2626227587482904e-05,0.0004089275306472061,0.0004250175511311712,0.0007855636411408748,0.0008773670246645439,0.003724297891647008,0.0053323111720280725,0.011833745685135795
2026-04-22 00:00:00+00:00,63.380001068115234,0.017989835770517715,0.00021990709626970733,0.00027253332385718937,0.0006288346269169139,0.000645337961159139,0.0010757975855910857,0.003931983607047208,0.0042139095997473,0.011672540262781752
2026-04-23 00:00:00+00:00,62.34999847412109,-0.016384723462086193,0.0003236341910501987,0.0005435412873199052,0.0005961675149073885,0.0009685588384510785,0.001329104928460781,0.0014279348467925816,0.00447797690875236,0.011980751102325101
2026-04-24 00:00:00+00:00,63.7400016784668,0.022048687668963396,0.00026845916292903775,0.0005920933539792356,0.0008120004502489434,0.0012209279808961518,0.0012374313151383755,0.0016893674749134868,0.004619965027294101,0.012242692448465384
2026-04-27 00:00:00+00:00,63.63999938964844,-0.0015701414433157979,0.0004861446279234985,0.0007546037908525353,0.0010782379819027346,0.001350771305759926,0.0017231626293036147,0.0021540355674938196,0.005022442969819451,0.011673999917401635
2026-04-28 00:00:00+00:00,62.9900016784668,-0.010266183598498735,2.465344152017817e-06,0.0004886099720755154,0.0007570691350045536,0.001300610422324461,0.001709537952971668,0.002086174063465334,0.005012686933101961,0.01166950943029435
2026-04-29 00:00:00+00:00,62.68999862670898,-0.00477408690058212,0.00010539452567808444,0.00010785986983010139,0.0005940044977536004,0.001186097851732838,0.0014586311755900284,0.0018314358128919753,0.00229039850747522,0.011022111067492795
2026-04-30 00:00:00+00:00,63.9900016784668,0.020524924001695588,2.279190573430979e-05,0.00012818643141239335,0.00013065177556441162,0.0008852555664169492,0.0014287968537368553,0.0018538144048680261,0.0023061638784013976,0.011004988764268895
2026-05-01 00:00:00+00:00,64.12999725341797,0.0021853829509108635,0.00042127250527537963,0.00044406441100968856,0.0005494589366877734,0.001038068908763291,0.0016301622627425275,0.002258996889659441,0.0027059598483336112,0.011007516785758372
2026-05-04 00:00:00+00:00,64.0999984741211,-0.0004678902104604532,4.775898642131874e-06,0.00042604840391751066,0.0004488403096518209,0.0005567001794819244,0.0013113039703344608,0.0019074714852418489,0.00264040889879524,0.011011207326239163
2026-05-05 00:00:00+00:00,65.4000015258789,0.020077941672673738,2.1892124904472719e-07,4.994819891175734e-06,0.0004262673251665559,0.0005544537565789513,0.0010430637286544676,0.0018550641789034106,0.0022804950437928413,0.009788710329444875
2026-05-06 00:00:00+00:00,67.48999786376953,0.03145712530813238,0.0004031237418112887,0.00040334266306033255,0.00040811856170246493,0.0008521829727121556,0.0009600428425422579,0.002038280824444992,0.0026832054718458707,0.009317283781941334
2026-05-07 00:00:00+00:00,66.58999633789062,-0.013425045975122174,0.0009895507326515428,0.0013926744744628306,0.001392893395711876,0.0018189417996293884,0.0019471282310417827,0.002704197366046336,0.003656666184013449,0.010114163829936375
2026-05-08 00:00:00+00:00,67.94000244140625,0.020070637539532754,0.0001802318594341441,0.001169782592085686,0.0015729063338969754,0.001577901153788153,0.0020219655647978423,0.0026159700625514423,0.003480596740387869,0.010044816455990839
2026-05-11 00:00:00+00:00,67.88999938964844,-0.0007362593439230736,0.0004028304912433014,0.0005830623506774446,0.001572613083328988,0.0019759557463893225,0.002402004150306834,0.002532655925871245,0.0038308010040436877,0.009253924634079098
2026-05-12 00:00:00+00:00,65.81999969482422,-0.030965000444581392,5.420778215140347e-07,0.00040337256906481457,0.0005836044284989593,0.001976278902961792,0.0019812737228529684,0.0025307326595407414,0.003611435985595494,0.00923065827518715
2026-05-13 00:00:00+00:00,67.20999908447266,0.020898293481309338,0.0009588312525329258,0.000959373330354439,0.001362203821597741,0.002531986413683429,0.0029353290767437624,0.0033841693863955824,0.004246633047078221,0.0101224855064262
2026-05-14 00:00:00+00:00,67.37999725341797,0.002526164855852997,0.00043673867043093634,0.0013955699229638613,0.001396112000785376,0.0019791743514628226,0.003371848825925654,0.0037981161510922097,0.00441491255458012,0.009220915508306655
2026-05-15 00:00:00+00:00,65.06999969482422,-0.03488458839890374,6.381508878946793e-06,0.0004431201793098823,0.0014019514318428087,0.0018053240009076252,0.0029751065929933124,0.0033832251546957767,0.003935149435535568,0.009167730135140465
2026-05-18 00:00:00+00:00,64.97000122070312,-0.0015379651357720903,0.0012169345077609293,0.0012233160166398751,0.0016600546870708121,0.002619428017425253,0.0032024903681026986,0.004595383763814574,0.0051496185991444805,0.010258193598514098
2026-05-19 00:00:00+00:00,64.26000213623047,-0.010988256749898895,2.365336758850464e-06,0.0012192998445197788,0.0012256813533987262,0.0026212512763625897,0.0030246238454274053,0.00459753017932438,0.005046589410225245,0.010176892249874798
2026-05-20 00:00:00+00:00,65.45999908447266,0.01850186815571586,0.00012074178640169862,0.00012310712316054823,0.0013400416309214782,0.0017831618102313624,0.002742535140585802,0.00431514822391479,0.005144539290892635,0.01028541265540699
2026-05-21 00:00:00+00:00,66.02999877929688,0.00866991063240441,0.00034231912525149266,0.00046306091165319044,0.00046542624841204155,0.0016887422650519186,0.003084312188015781,0.0036679166165147392,0.005065585910868748,0.007800048829353657
2026-05-22 00:00:00+00:00,65.87999725341797,-0.002274302100622627,7.516735037387903e-05,0.0004174864756253708,0.0005382282620270702,0.001757528106546851,0.002200648285856734,0.003562852107454474,0.005135977362600495,0.007868189644919404
2026-05-26 00:00:00+00:00,68.4000015258789,0.037537983317917245,5.172450044896494e-06,8.033980041877465e-05,0.000422658925670268,0.0005457660488308181,0.0017690820654706941,0.0031651940662560697,0.005140930891396347,0.007851885559621135
2026-05-27 00:00:00+00:00,68.38999938964844,-0.00014624075124380909,0.0014091001915762333,0.001414272641621129,0.0014894399919950087,0.001952500903648201,0.0031718007481679805,0.004573752180010789,0.00614690734116129,0.009190658903016864
2026-05-28 00:00:00+00:00,68.61000061035156,0.0032116994133239984,2.138635732435365e-08,0.0014091215779335569,0.001414294027978454,0.0018317805036038267,0.001954887626764376,0.003614942313835187,0.005157377994867073,0.008830547513122747
2026-05-29 00:00:00+00:00,68.5999984741211,-0.0001457931100494747,1.0315013121545715e-05,1.0336399478869201e-05,0.0014194365910551031,0.0014997763914738798,0.001962837303127071,0.003188518656525797,0.004987461148554475,0.008840449212486032
2026-06-01 00:00:00+00:00,70.08000183105469,0.021344960267493107,2.125563093789824e-08,1.0336268752482746e-05,1.035765510980775e-05,0.0014246302967309385,0.0018421167723563102,0.003182158403277788,0.004584651912942111,0.008824380447633005
2026-06-02 00:00:00+00:00,70.80000305175781,0.010221571047397404,0.0004556073288208594,0.00045562858445179644,0.00046594359757334277,0.0018750651755069015,0.001955404975925677,0.002420831224337718,0.005039717163941457,0.008923686473394142
2026-06-03 00:00:00+00:00,69.91999816894531,-0.012507338644169863,0.00010448051467699287,0.0005600878434978513,0.0005601090991287899,0.0005704454986076612,0.0019847181402287907,0.0025229464022558604,0.004185366426085523,0.00897554076048365
2026-06-04 00:00:00+00:00,69.0999984741211,-0.011796996467986709,0.00015643351995994482,0.0002609140346369368,0.0007165213634577969,0.0007268576322102815,0.002135979210143839,0.0025586381358141067,0.0039050612756145317,0.008912067184173887
2026-06-05 00:00:00+00:00,64.58999633789062,-0.06749516534483657,0.00013916912566569087,0.00029560264562563483,0.00040008316030262835,0.0008557117447544269,0.0008660481442332969,0.002355488136228305,0.004037848892401275,0.00872760211878938
2026-06-08 00:00:00+00:00,65.75,0.017800127711270264,0.004555597344926827,0.004694766470592518,0.004851199990552463,0.0054112878340503165,0.0054216241028028,0.006835918130781254,0.007376511729567174,0.01301474030078717
2026-06-09 00:00:00+00:00,65.81999969482422,0.0010640678207991527,0.0003168445465375316,0.004872441891464358,0.005011611017130049,0.005272525051766988,0.005728153636218786,0.007147590227273888,0.0076909909393458546,0.012845440219401203
2026-06-10 00:00:00+00:00,64.66000366210938,-0.017780909944991485,1.1322403272602579e-06,0.00031797678686479097,0.00487357413179162,0.005169176777417257,0.005729264620915109,0.005739622276024915,0.007571381393271417,0.012844107115576446
2026-06-11 00:00:00+00:00,67.5,0.04298476894480263,0.0003161607584718971,0.0003172929987991565,0.000634137545336688,0.005328904015929208,0.005589818050566146,0.006055761648139487,0.007545223026491821,0.013054873348370258
2026-06-12 00:00:00+00:00,67.87999725341797,0.005613802025224324,0.0018476903612380687,0.002163851119709965,0.002164983360037225,0.007037425251501586,0.007333027897127222,0.00789313699625601,0.00931774603735601,0.014879771803874018
2026-06-15 00:00:00+00:00,69.75,0.027176020797766043,3.1514773178412716e-05,0.0018792051344164804,0.0021953658928883777,0.0025133426797531713,0.00720810915034569,0.007924630513803484,0.009344088360489526,0.014490014071777049
2026-06-16 00:00:00+00:00,68.63999938964844,-0.016041974413836257,0.0007385361064006125,0.0007700508795790244,0.002617741240817093,0.002935034239616252,0.007807476131080611,0.008207559291383238,0.008673524275313907,0.01522377427953553
2026-06-17 00:00:00+00:00,68.55999755859375,-0.0011662076078904349,0.00025734494309417714,0.0009958810494947888,0.0010273958226732017,0.003191246942383169,0.0035092237292479607,0.008360423719800423,0.008930847832050759,0.015480900301380664
2026-06-18 00:00:00+00:00,70.79000091552734,0.03200852203935334,1.3600401847015302e-06,0.0002587049832788778,0.0009972410896794905,0.0028764462240959735,0.003193739222895131,0.00820535024002518,0.008921892859113914,0.015079136599754076
2026-06-22 00:00:00+00:00,71.20999908447266,0.005915484418207662,0.0010245454831437685,0.0010259055233284692,0.0012832504664226463,0.002053301346001673,0.0042171524657116394,0.009090726597503257,0.009946417086626745,0.015114131350246302
2026-06-23 00:00:00+00:00,67.16999816894531,-0.05840655311854359,3.4992955902057636e-05,0.0010595384390458254,0.0010608984792305268,0.002056779528725318,0.003935984663141799,0.004570122208478487,0.009525802713707943,0.014968892446714215
2026-06-24 00:00:00+00:00,67.25,0.0011903264631829558,0.003411325447189254,0.003446318403091311,0.0044708638862350795,0.00472956886951396,0.0054996197490929846,0.007664603109130211,0.012832647646220205,0.017977387402660167
2026-06-25 00:00:00+00:00,67.95999908447266,0.010502264850220655,1.4168770889536446e-06,0.003412742324278207,0.003447735280180265,0.004473640803508736,0.005469521853003526,0.007664887745891903,0.012677631003349213,0.01797826220192761
2026-06-26 00:00:00+00:00,67.19000244140625,-0.011394820064253963,0.00011029756698418027,0.00011171444407313305,0.003523039891262387,0.004582578330308215,0.004841283313587094,0.007459024554404187,0.012648759444667703,0.01712972851637886
2026-06-29 00:00:00+00:00,67.43000030517578,0.0035655640043916748,0.0001298419242967247,0.0002401394912809041,0.00024155636836985776,0.0036878747714611713,0.004713780294789641,0.005741176117462843,0.0082230040240376,0.01682283177024465
2026-06-30 00:00:00+00:00,68.41000366210938,0.01442903903238335,1.2713246669413595e-05,0.00014255517096613743,0.0002528527379503177,0.0036655950622285272,0.004725133501274354,0.005722374590953844,0.007918872724169482,0.01682916350803512
2026-07-01 00:00:00+00:00,66.4800033569336,-0.028617865262107856,0.00020819716739804226,0.00022091041406745502,0.0003507523383641797,0.0004624667824373154,0.003908785185528627,0.005192035651951274,0.008125937651240265,0.01582042616767223
2026-07-02 00:00:00+00:00,65.69999694824219,-0.011802322001909005,0.0008189822121601596,0.0010271793795582009,0.0010398926262276146,0.0012800321175085213,0.004692774441786729,0.005753672921017256,0.008628759104928527,0.01663704304307354
2026-07-06 00:00:00+00:00,67.56999969482422,0.02806521400697104,0.00013929480463674537,0.000958277016796904,0.0011664741841949464,0.0013090293551610863,0.0014207437992342204,0.0058916076854693,0.006920363548327204,0.016655596061308585
2026-07-07 00:00:00+00:00,65.72000122070312,-0.027760781304275284,0.0007876562372570834,0.0009269510418938279,0.0017459332540539873,0.001966843668121445,0.00220698315940235,0.005654718439582615,0.007676505012405874,0.017100933173314178
2026-07-08 00:00:00+00:00,66.2300033569336,0.00773027143951488,0.0007706609786238001,0.0015583172158808827,0.001697612020517628,0.0027247914000758317,0.00286734657104197,0.006390386462304358,0.007708629884629062,0.0177964268015641
2026-07-09 00:00:00+00:00,66.77999877929688,0.008270033053152659,5.975709652857945e-05,0.0008304180751523787,0.0016180743124094622,0.0025763513292063685,0.002797261743273825,0.0030388181116436826,0.007511042038063464,0.01785101144804778
2026-07-10 00:00:00+00:00,66.9000015258789,0.0017953737065008468,6.839344670023749e-05,0.00012815054322881607,0.0008988115218526161,0.0018257625637464467,0.0028529419433046487,0.0031057946812549663,0.0075780754445790004,0.016510304703171785
2026-07-13 00:00:00+00:00,64.5,-0.03653376614081072,3.223366745994589e-06,7.16168134462312e-05,0.00013137390997481065,0.001689691125855696,0.0026479681426526008,0.0029987204810167805,0.006556753328181226,0.016513506683560455
2026-07-14 00:00:00+00:00,65.66999816894531,0.017976948518487745,0.0013347160684314477,0.0013379394351774414,0.001406332881877679,0.0022367509570300603,0.003163701998923889,0.004203594625151503,0.007856476440710617,0.017837907738870357
2026-07-15 00:00:00+00:00,65.56999969482422,-0.0015239026988842497,0.00032317067803635873,0.0016578867464678054,0.0016611101132138002,0.001789260656442619,0.003347577872323502,0.004514052056518449,0.004768321671557722,0.01816105716127578
2026-07-16 00:00:00+00:00,64.19000244140625,-0.02127079626358519,2.3222794356667003e-06,0.00032549295747202455,0.0016602090259034722,0.001731825839349706,0.0025622439145020857,0.0043081771685560735,0.004769227073904434,0.017707772111890587
2026-07-17 00:00:00+00:00,63.290000915527344,-0.014120120104938572,0.0004524467736869497,0.0004547690531226155,0.0007779397311589742,0.0021158791663364184,0.002244029709565235,0.003941641730082863,0.005111376280607203,0.018055738370900545
2026-07-20 00:00:00+00:00,63.560001373291016,0.004257010021923691,0.00019937779177789047,0.0006518245654648393,0.000654146844900506,0.0023120335913683144,0.0023836504048145458,0.004001724717224008,0.005180912148088369,0.018098682642718487
2026-07-21 00:00:00+00:00,65.33999633789062,0.02761998685121725,1.812213432675874e-05,0.00021749992610464833,0.0006699466997915981,0.0009954396572636251,0.0023333790924410674,0.003232190614293684,0.005186321035745714,0.017977635651379553
2026-07-22 00:00:00+00:00,64.98999786376953,-0.005370971089831755,0.0007628636736614137,0.0007809858079881715,0.000980363599766062,0.0014351326528886802,0.0030930193993564865,0.003224393309331297,0.005740987542009086,0.014184901980114142
2026-07-23 00:00:00+00:00,64.5999984741211,-0.0060189918679762755,2.8847330447808514e-05,0.0007917110041092212,0.0008098331384359801,0.0014616577039008218,0.0017871506613728475,0.003193483543250526,0.004950852660296734,0.013896904764024418
2026-07-24 00:00:00+00:00,63.33000183105469,-0.019855207726888757,3.622826310676453e-05,6.507559355457207e-05,0.0008279392672159859,0.0010454391933206368,0.0015002082464432532,0.003161318359657053,0.004847786118766754,0.013932000786803922
2026-07-27 00:00:00+00:00,63.619998931884766,0.0045686900907622174,0.000394229273877903,0.00043045753698466656,0.0004593048674324752,0.0012402906754206493,0.0018921152408854895,0.003552324266788962,0.004454359155387573,0.014010069302209929
2026-07-28 00:00:00+00:00,62.36000061035156,-0.020003815554887616,2.087292914542888e-05,0.00041510220302333093,0.00045133046613009557,0.0012430414702393196,0.0014605413963439686,0.002238481127502943,0.0037045711059092022,0.01218325187011729
2026-07-29 00:00:00+00:00,61.06999969482422,-0.02090331173922877,0.00040015263675396377,0.0004210255658993917,0.0008152548397772949,0.0008803304333318697,0.001661316241320042,0.0023154630862205483,0.0040449666461345865,0.012551889733692841
2026-07-30 00:00:00+00:00,63.59000015258789,0.040435485440978525,0.00043694844166737926,0.000837101078421342,0.0008579740075667711,0.0012884315445514404,0.0020801425486606626,0.0027500892484522608,0.004413521641101728,0.012250302068959606
2026-07-31 00:00:00+00:00,64.08999633789062,0.007832060697153587,0.0016350284828475863,0.0020719769245149647,0.0024721295612689285,0.002887231764292262,0.002952307357846835,0.003932670957612897,0.006045326757203319,0.013627985608713016
2026-08-03 00:00:00+00:00,64.31999969482422,0.0035823317500343066,6.134117476389793e-05,0.0016963696576114834,0.0021333180992788624,0.0025543436651782572,0.002984801202162925,0.003794634340598905,0.00477195186353577,0.013687966743292212
2026-08-04 00:00:00+00:00,66.0,0.0257841219003625,1.2833100767303858e-05,7.417427553120092e-05,0.0017092027583787872,0.002546303836800132,0.0029614060398234637,0.0037893453070394494,0.004461614286266715,0.012676254360915748
2026-08-05 00:00:00+00:00,65.72000122070312,-0.004251430283056301,0.0006648209421727531,0.0006776540429400561,0.000738995217703954,0.0028109721422189217,0.003231997708118314,0.0036913025755507894,0.005124112949003801,0.013306082347186443
2026-08-06 00:00:00+00:00,65.0199966430664,-0.010708448496857592,1.807465945168818e-05,0.0006828956016244405,0.0006957287023917443,0.0023920983600032304,0.0032291994384245734,0.0036805299045546687,0.00468974083476854,0.009912831559448877
2026-08-07 00:00:00+00:00,65.63999938964844,0.009490393676909292,0.00011467086920985162,0.00013274552866153895,0.000797566470834292,0.0008717407463654955,0.002943717670880461,0.003758972510657756,0.0046050339122005015,0.010026085551569777
2026-08-10 00:00:00+00:00,65.16999816894531,-0.007186044675720815,9.006757214271987e-05,0.00020473844135257064,0.0002228131008042588,0.0009004671437443175,0.002596836801355802,0.0034548108089225726,0.004676979350016463,0.010005855556728315
2026-08-11 00:00:00+00:00,65.43000030517578,0.003981661298104733,5.1639238081455475e-05,0.00014170681022417447,0.0002563776794340261,0.0009392732810584692,0.0010134475565896708,0.0034855771178585993,0.003965754914436504,0.009927652870513046
2026-08-12 00:00:00+00:00,66.45999908447266,0.015619375605028907,1.5853626692825064e-05,6.749286477427968e-05,0.00015756043691699952,0.0002903059655785411,0.0009679600085185981,0.0031012781077974605,0.003952761210681521,0.009930793250536458
2026-08-13 00:00:00+00:00,66.68000030517578,0.0033048133084809805,0.00024396489429097214,0.00025981852098379634,0.0003114577590652518,0.000516196200417825,0.0011990918020422664,0.0029082945604210534,0.004160497841865728,0.009966560977429387
2026-08-14 00:00:00+00:00,66.61000061035156,-0.0010503368711640704,1.0921791003913004e-05,0.0002548866852948843,0.0002707403119877093,0.00041244712221188637,0.0005451926508734262,0.0012841878685773802,0.0037771903589917384,0.00915850055627314
2026-08-17 00:00:00+00:00,67.31999969482422,0.010602639201243491,1.103207542926729e-06,1.2024998546838866e-05,0.000255989892837811,0.0003234827576120933,0.0005282211989646647,0.001223949901356409,0.003757420637389236,0.009020308959179322
2026-08-18 00:00:00+00:00,65.33999633789062,-0.029853014663446586,0.00011241595803174522,0.00011351916557467108,0.00012444095657858408,0.00038425947756238305,0.0005259662877865584,0.0013235327586208505,0.0034696839586670176,0.008345068679953984
2026-08-19 00:00:00+00:00,66.11000061035156,0.01171568045190341,0.0008912024844959569,0.0010036184425277013,0.001004721650070628,0.0012596083353655148,0.0013271012001397954,0.0015499143009440543,0.003923938001495595,0.008465610185826141
2026-08-20 00:00:00+00:00,66.62000274658203,0.007684843415272091,0.00013725716845111168,0.0010284596529470677,0.0011408756109788129,0.0011529006095256544,0.0014127191305094518,0.0016690968099434776,0.002426166687099121,0.008543110257748673
2026-08-21 00:00:00+00:00,67.12000274658203,0.0074772290862981095,5.905681831725082e-05,0.00019631398676836162,0.0010875164712643185,0.0012010356368389924,0.0014559223221338774,0.001613482759050877,0.0024238823306524738,0.008533773629365686
2026-08-24 00:00:00+00:00,66.11000061035156,-0.0151620725015702,5.590895480898246e-05,0.00011496577312623241,0.000252222941577344,0.001255841384105048,0.0012678663826518877,0.0015793241417171395,0.0024669581846941523,0.008586459217428673
2026-08-25 00:00:00+00:00,67.25,0.017096987904097638,0.00022988844254287125,0.0002857973973518528,0.0003448542156691036,0.001373313868616174,0.001486833034190846,0.0017575733461785551,0.0020320256850642703,0.007481631591540097
2026-08-26 00:00:00+00:00,67.16999816894531,-0.0011903264631829558,0.00029230699539286095,0.0005221954379357313,0.0005781043927447137,0.0007744183795130781,0.0017780368220407803,0.002034026714878591,0.0023062580210054433,0.007450767908896599
2026-08-27 00:00:00+00:00,67.61000061035156,0.006529218111355206,1.4168770889536446e-06,0.00029372387248181365,0.0005236123150246848,0.00063857808815092,0.0016670377410979887,0.0017914786976765728,0.0021930040288845455,0.007449862506549887
2026-08-28 00:00:00+00:00,67.13999938964844,-0.006975927668960935,4.263068914564885e-05,4.404756623460157e-05,0.0003363545616274624,0.0006221519589793181,0.0008184659457476806,0.0018231875958183085,0.002145567145887474,0.0070400464220085855
2026-08-31 00:00:00+00:00,67.0199966430664,-0.001788950240531051,4.866356684257475e-05,9.129425598822268e-05,9.271113307717627e-05,0.0006149065710129104,0.0007298723441391436,0.0018707479551179564,0.002142591474648593,0.00688933219707327
2026-09-01 00:00:00+00:00,66.7699966430664,-0.003737204626927948,3.200342963096105e-06,5.186390980566993e-05,9.449459895131872e-05,0.0003882184714331352,0.000674015868784989,0.0017615323400493074,0.0021299381909188645,0.0068744104057096075
2026-09-02 00:00:00+00:00,67.1500015258789,0.005675118098984022,1.3966698423531663e-05,1.7167041386626846e-05,6.583060822920154e-05,0.00010987817446380599,0.0006320736123995382,0.0008842965539768822,0.0018999399950514239,0.006125513430471725
2026-09-03 00:00:00+00:00,67.47000122070312,0.0047541270391811,3.220696543741602e-05,4.6173663860946765e-05,4.9374006824042815e-05,0.00014066826281226836,0.00043439213529408293,0.0007792463509631865,0.001921225169484927,0.0061288730654613325
2026-09-04 00:00:00+00:00,68.69999694824219,0.01806608207492566,2.260172390467285e-05,5.480868934208795e-05,6.877538776561956e-05,0.00012063929757129236,0.00016468686380589486,0.0007427912565506085,0.0019427236858466732,0.006115246526259241
2026-09-08 00:00:00+00:00,68.83000183105469,0.0018905682060479378,0.00032638332153795026,0.00034898504544262217,0.00038119201088003817,0.00039835905226666787,0.0004896533082548915,0.0010132656232795763,0.002156691049352878,0.0060474005739192885
2026-09-09 00:00:00+00:00,68.4800033569336,-0.005097942158711177,3.574248141719318e-06,0.00032995756967966864,0.00035255929358434147,0.0003987329574452911,0.0004505968672509619,0.0007869514288784243,0.0012690628129986407,0.0060301018929155795
2026-09-10 00:00:00+00:00,67.0,-0.021849161463162403,2.5989014253564777e-05,2.9563262395283173e-05,0.00035594658393323336,0.0004107552732753242,0.00042792231466195194,0.0005206334477391283,0.0011577946588010937,0.00565593827041518
2026-09-11 00:00:00+00:00,67.83999633789062,0.012459318111115003,0.00047738585664334104,0.000503374870896905,0.0005069491190386241,0.0008559341644812492,0.0009021078283421968,0.0009966024272935158,0.0015761236971271837,0.005696375685391142
2026-09-14 00:00:00+00:00,65.98999786376953,-0.027648754478784454,0.00015523460779395834,0.0006326204644372985,0.0006586094786908632,0.0009885670483705347,0.0010433757377126237,0.001109206345941825,0.0016754493501121596,0.004216581810337514
2026-09-15 00:00:00+00:00,65.76000213623047,-0.0034913997901160343,0.0007644536242281035,0.000919688232022061,0.0013970740886654017,0.001426637351060688,0.0017756223965033108,0.0018249964033273539,0.002210014531797392,0.004919694259801719
2026-09-16 00:00:00+00:00,65.72000122070312,-0.0006084714898113575,1.2189872494422288e-05,0.0007766434967225249,0.0009318781045164832,0.0014352529754133908,0.0017652105450930602,0.0018339859328586798,0.0019298974088989532,0.0049190510315288375
2026-09-17 00:00:00+00:00,66.91000366210938,0.01794517578322452,3.702375539132529e-07,1.2560110048334674e-05,0.0007770137342764381,0.0014096341987137394,0.0014391974611090233,0.0018203894719890617,0.001928850769363913,0.004254600326909998
2026-09-18 00:00:00+00:00,67.02999877929688,0.0017917746319771055,0.0003220293338908278,0.0003223995714447402,0.00033458944393916233,0.001254277675961226,0.0017576525468581317,0.0021102118404424733,0.002208249414109092,0.0045585550013491375
2026-09-21 00:00:00+00:00,68.83000183105469,0.026499460854268797,3.2104563317966918e-06,0.0003252397902226236,0.00032561002777653676,0.0011022535244990645,0.0017348739889363638,0.002090820572869597,0.002162796303598314,0.004447094588471082
