datetime,close,log_return,RV_1d,RV_2d,RV_3d,RV_5d,RV_7d,RV_10d,RV_14d,RV_30d
2021-09-22 00:00:00+00:00,165.4199981689453,,,,,,,,,
2021-09-23 00:00:00+00:00,163.50999450683594,-0.011613566243419804,,,,,,,,
2021-09-24 00:00:00+00:00,163.3000030517578,-0.0012850982867504968,0.00013487492089029997,,,,,,,
2021-09-27 00:00:00+00:00,163.63999938964844,0.0020798706668898603,1.651477606609062e-06,0.00013652639849690901,,,,,,
2021-09-28 00:00:00+00:00,162.0500030517578,-0.009763940911599711,4.325861990988873e-06,5.977339597597935e-06,0.0001408522604878979,,,,,
2021-09-29 00:00:00+00:00,161.32000732421875,-0.004514933012786493,9.53345421252106e-05,9.966040411619948e-05,0.00010131188172280854,,,,,
2021-09-30 00:00:00+00:00,164.22000122070312,0.017816984307014394,2.0384620109949318e-05,0.00011571916223515993,0.0001200450242261488,0.0002565714227230578,,,,
2021-10-01 00:00:00+00:00,164.58999633789062,0.002250511092103835,0.00031744492979639716,0.00033782954990634647,0.00043316409203155706,0.00043914143162915504,,,,
2021-10-04 00:00:00+00:00,165.36000061035156,0.004667408258472783,5.0648001756823965e-06,0.00032250972997207954,0.00034289435008202885,0.00044255475419822834,0.0005790811526951374,,,
2021-10-05 00:00:00+00:00,164.58999633789062,-0.004667408258472783,2.1784699851259935e-05,2.684950002694233e-05,0.0003442944298233395,0.00046001359205849945,0.0004659909316560973,,,
2021-10-06 00:00:00+00:00,165.02999877929688,0.0026697573525336082,2.1784699851259935e-05,4.356939970251987e-05,4.863419987820227e-05,0.00038646374978454877,0.0004861241539007482,,,
2021-10-07 00:00:00+00:00,164.16000366210938,-0.005285683868044622,7.127604321407261e-06,2.8912304172667197e-05,5.0697004023927126e-05,0.00037320673399600667,0.0004889258962311666,0.0006297781567190645,,
2021-10-08 00:00:00+00:00,164.22999572753906,0.0004262740437868118,2.7938453952907155e-05,3.5066058274314417e-05,5.685075812557435e-05,8.370025815251669e-05,0.00042152980805886317,0.0005228416897816717,,
2021-10-11 00:00:00+00:00,163.9199981689453,-0.0018893655741347715,1.8170956040636072e-07,2.8120163513313514e-05,3.524776783472078e-05,7.881716753724065e-05,0.0004013268975093202,0.000521371921735469,,
2021-10-12 00:00:00+00:00,164.66000366210938,0.004504271350483258,3.5697022727256147e-06,3.7514118331319756e-06,3.168986578603913e-05,6.060216995870633e-05,8.745166998564865e-05,0.0005206157620172057,,
2021-10-13 00:00:00+00:00,167.58999633789062,0.01763773443447203,2.0288460398784268e-05,2.3858162671509883e-05,2.4039872231916242e-05,5.9105930506230665e-05,0.00010267533020875054,0.00044556968029077937,0.0006817564829038879,
2021-10-14 00:00:00+00:00,168.0,0.002443480858075553,0.00031108967598096035,0.00033137813637974464,0.0003349478386524702,0.00036306800216578375,0.0003919803063384509,0.0007362747361617905,0.0008579712379945482,
2021-10-15 00:00:00+00:00,165.3300018310547,-0.01602049176485476,5.9705987037816404e-06,0.000317060274684742,0.00033734873508352623,0.00034110014691665825,0.0003761662051909727,0.00042480040506917495,0.0008622903590917208,
2021-10-18 00:00:00+00:00,164.9199981689453,-0.002482990902389126,0.0002566561563877792,0.00026262675509156085,0.0005737164310725212,0.0005975745937440311,0.0006256947572573447,0.0006763917612812718,0.0011146206534885113,
2021-10-19 00:00:00+00:00,165.4499969482422,0.0032085191864092977,6.165243821347167e-06,0.00026282140020912636,0.000268791998912908,0.0006001701352926526,0.0006039215471257847,0.000660772305251359,0.0010254513551846477,
2021-10-20 00:00:00+00:00,166.89999389648438,0.008725778175469046,1.0294595369556581e-05,1.6459839190903748e-05,0.00027311599557868296,0.0005901762702634249,0.0006140344329349348,0.0006492822007696556,0.0010153613304442549,
2021-10-21 00:00:00+00:00,166.75,-0.0008991093021597507,7.61392047674919e-05,8.643380013704849e-05,9.259904395839565e-05,0.0003552257990499565,0.0006866039354297012,0.0007182938012157403,0.0007740556054153499,
2021-10-22 00:00:00+00:00,167.77000427246094,0.006098334452754983,8.083975372301939e-07,7.69476023047221e-05,8.724219767427868e-05,0.00035006359788340507,0.000667123872568147,0.0006911637448000634,0.0007697992027768975,
2021-10-25 00:00:00+00:00,168.92999267578125,0.006890365329616621,3.718968309765842e-05,3.7998080634888616e-05,0.00011413728540238052,0.00013059712459328427,0.0003932238796848452,0.0007281717183373153,0.000785204186023296,
2021-10-26 00:00:00+00:00,167.67999267578125,-0.007427027125168628,4.747713437558277e-05,8.466681747324119e-05,8.547521501047139e-05,0.00017190901514751986,0.0004347304153566463,0.0007720791504401725,0.0008108966205476189,
2021-10-27 00:00:00+00:00,168.1199951171875,0.0026206236403645278,5.516073191799058e-05,0.00010263786629357335,0.00013982754939123176,0.00021677515169595386,0.00023323499088685767,0.0008069514219593789,0.0008589297481442022,
2021-10-28 00:00:00+00:00,168.0800018310547,-0.0002379136626089462,6.867668264437429e-06,6.2028400182428e-05,0.00010950553455801077,0.00014750361519289942,0.00023393741532994793,0.0005027294142428559,0.0008378589624557324,
2021-10-29 00:00:00+00:00,166.64999389648438,-0.00854429930170042,5.660291085600348e-08,6.924271175293433e-06,6.208500309328401e-05,0.00014675182056652521,0.00022369942287124735,0.0004968154184499303,0.0008377338558061821,
2021-11-01 00:00:00+00:00,167.52000427246094,0.005207004497418843,7.300505055703829e-05,7.30616534678943e-05,7.992932173233172e-05,0.00018256718802590508,0.00022056526866079374,0.0003131643126191893,0.0009071692040904948,
2021-11-02 00:00:00+00:00,167.16000366210938,-0.0021513131388868345,2.7112895836140062e-05,0.00010011794639317835,0.00010017454930403435,0.00016220294948646237,0.00024686976695970363,0.00033411196463398223,0.0009139936395278506,
2021-11-03 00:00:00+00:00,165.77000427246094,-0.008350148277322944,4.628148221547124e-06,3.1741044057687186e-05,0.00010474609461472547,0.0001116703657900189,0.0002143082320835923,0.00032844551748597276,0.0006075321117684374,
2021-11-04 00:00:00+00:00,167.64999389648438,0.011277125295739765,6.972497625327933e-05,7.435312447482645e-05,0.00010146602031096653,0.00017452767377886083,0.00023655607396128888,0.0003220312889717602,0.000671286489317935,0.001670103246906565
2021-11-05 00:00:00+00:00,169.83999633789062,0.012978359326946354,0.00012717355493581367,0.00019689853118909302,0.00020152667941064016,0.0003016446258038185,0.000308568896979112,0.0004483964463703437,0.0005418038878659695,0.0016624018809520786
2021-11-08 00:00:00+00:00,170.4499969482422,0.0035851848469015124,0.0001684378108193354,0.0002956113657551491,0.00036533634200842843,0.0003970773860661156,0.00047013903953400997,0.0005796445740920207,0.0007040764548639578,0.001829188214164805
2021-11-09 00:00:00+00:00,171.2899932861328,0.004916006634196002,1.2853550386452221e-05,0.00018129136120578762,0.0003084649161416014,0.0003828180406164278,0.0004829359870096062,0.0005450209901028901,0.0007066354098808534,0.0018377159025602685
2021-11-10 00:00:00+00:00,173.14999389648438,0.010800248284572156,2.4167121227459102e-05,3.702067161391132e-05,0.00020545848243324675,0.00040235701362233974,0.000434098057680027,0.0005140273794123586,0.0006546633263408206,0.001766548481662517
2021-11-11 00:00:00+00:00,174.1199951171875,0.005586453042739414,0.00011664536300840379,0.0001408124842358629,0.00015366603462231514,0.00044927740037746424,0.0005236305248522907,0.000623805074156325,0.0007705002918119942,0.0018628092245609714
2021-11-12 00:00:00+00:00,174.4499969482422,0.00189346149789138,3.120845759873246e-05,0.00014785382060713626,0.0001720209418345954,0.000353312303040383,0.0005502108342294761,0.0006549569288442015,0.0007645190663130683,0.0015765727523633067
2021-11-15 00:00:00+00:00,174.17999267578125,-0.0015489449243064612,3.5851964439970682e-06,3.479365404272953e-05,0.00015143901705113336,0.00018845968866504467,0.00048407105442019375,0.0005855370747311603,0.0007206271283814826,0.0015750931486316214
2021-11-16 00:00:00+00:00,172.9199981689453,-0.0072601560044773805,2.399230378534749e-06,5.984426822531817e-06,3.7192884421264305e-05,0.0001780053686571272,0.00035929672986291484,0.0005608234092735549,0.0006678656268420268,0.0015557076791588961
2021-11-17 00:00:00+00:00,174.5,0.009095692432078195,5.270986520934896e-05,5.510909558788371e-05,5.8694292031880805e-05,0.00020654811263901707,0.0002435687842529284,0.0006089051262613567,0.0007137078237869382,0.0015866328445169851
2021-11-18 00:00:00+00:00,173.94000244140625,-0.0032143154449517652,8.273162081896455e-05,0.0001354414860283135,0.00013784071640684828,0.00017263437044957782,0.00031344685468544074,0.0006219117708270419,0.0007963828416950468,0.0016622368610145425
2021-11-19 00:00:00+00:00,172.61000061035156,-0.007675708262916636,1.0331823779655465e-05,9.306344459862002e-05,0.000145773309807969,0.00015175773663050082,0.0002996115572376371,0.0005050700396708838,0.000733709614917664,0.0016446302308412908
2021-11-22 00:00:00+00:00,168.74000549316406,-0.02267561664312101,5.891649733740673e-05,6.924832111706219e-05,0.00015197994193602677,0.00020708903752391047,0.00024188269156664004,0.0003955487261889551,0.0007655132164189306,0.001703365018618291
2021-11-23 00:00:00+00:00,167.27999877929688,-0.008690053468478176,0.0005141835901457866,0.0005731000874831933,0.0005834319112628488,0.0007188733972911623,0.0007248578241136941,0.0008968787659482894,0.0012750686583431702,0.002213978906491352
2021-11-24 00:00:00+00:00,167.1199951171875,-0.0009569597921075257,7.551702928500957e-05,0.0005897006194307962,0.000648617116768203,0.000741680561366823,0.0007967896569547066,0.00094822867400584,0.0012808607113749004,0.0022692074753775772
2021-11-26 00:00:00+00:00,166.85000610351562,-0.001616846252669113,9.157720437104787e-07,7.643280132872006e-05,0.0005906163914745068,0.0006598647125915689,0.0007953061986198823,0.0008324990830411467,0.0011546029284827972,0.0019590335714403276
2021-11-29 00:00:00+00:00,166.6199951171875,-0.0013795005365553337,2.614191804770153e-06,3.5299638484806317e-06,7.90469931334902e-05,0.0006521470806166836,0.0007452105252153036,0.0008039048172471845,0.0009887793094682318,0.001955677164541316
2021-11-30 00:00:00+00:00,165.5,-0.006744546424564568,1.9030217303564536e-06,4.517213535126607e-06,5.432985578837086e-06,0.0005951336050096334,0.0006643819261266955,0.0008022226425335438,0.0009778287808121361,0.0017009240298838935
2021-12-01 00:00:00+00:00,166.16000366210938,0.003980006790396118,4.54889064731067e-05,4.7391928203463154e-05,5.000612000823331e-05,0.00012643892133695346,0.0006995390088201467,0.0008453123186281157,0.0009991505660577838,0.0017402476925356528
2021-12-02 00:00:00+00:00,165.24000549316406,-0.005552205835400947,1.5840454051599207e-05,6.132936052470591e-05,6.323238225506235e-05,6.67623461035431e-05,0.0006564629655343391,0.0008084429074703659,0.0008983456571009791,0.0017457935512176957
2021-12-03 00:00:00+00:00,166.6300048828125,0.008376819081740372,3.082698963866033e-05,4.666744369025954e-05,9.215635016336624e-05,9.667356369849295e-05,0.0001731063650272129,0.0007565382762900618,0.000897964189140907,0.001700481336088864
2021-12-06 00:00:00+00:00,166.22000122070312,-0.002463595385072459,7.017109792820961e-05,0.00010099808756686994,0.00011683854161846914,0.0001642304698219324,0.00016776043367041293,0.000816377550438616,0.0009645500906251196,0.0017698440364798435
2021-12-07 00:00:00+00:00,166.80999755859375,0.0035432060613329597,6.0693022213503175e-06,7.624040014955993e-05,0.00010706738978822027,0.00016839675031292628,0.0001729139638480528,0.0007635303553225596,0.0009682201624679352,0.0017387236556035352
2021-12-08 00:00:00+00:00,166.89999389648438,0.0005393685677796967,1.2554309193066626e-05,1.8623611414416943e-05,8.879470934262655e-05,0.0001354621530328862,0.00018285408123634925,0.0002619010743698396,0.0009280646064516528,0.001703800830421019
2021-12-09 00:00:00+00:00,165.8800048828125,-0.006130129283900665,2.9091845190872125e-07,1.2845227644975348e-05,1.891452986632565e-05,0.00011991261743319572,0.00018124197795790152,0.0001866749635367387,0.000845623904084597,0.0016489310169549372
2021-12-10 00:00:00+00:00,166.5800018310547,0.004211020685246147,3.757848503733648e-05,3.78694034892452e-05,5.042371268231181e-05,0.00012666411283187185,0.00017333155652213131,0.0002233376765303647,0.000872870565342278,0.0016796418337278363
2021-12-13 00:00:00+00:00,167.0,0.0025181269175167387,1.773269521157093e-05,5.5311180248907406e-05,5.5602098700816116e-05,7.422571011523318e-05,0.00017522379768210303,0.0002384561799371655,0.0008316867632164422,0.0016973179260285512
2021-12-14 00:00:00+00:00,165.44000244140625,-0.009385206339642238,6.340963172722352e-06,2.4073658384293283e-05,6.165214342162974e-05,7.44973710666052e-05,0.00015073777121616503,0.00024289412137953138,0.00032384413624337796,0.0016306538386442351
2021-12-15 00:00:00+00:00,166.14999389648438,0.004282351988517341,8.808209803766085e-05,9.44230612103832e-05,0.00011215575642195411,0.00015002515991119944,0.00016864877132561625,0.00028548731294408553,0.00033640920499602924,0.001691623040845756
2021-12-16 00:00:00+00:00,168.16000366210938,0.012024970840539773,1.8338538553558425e-05,0.00010642063659121927,0.00011276159976394161,0.00016807278001284914,0.00018091800765782437,0.00028798539744604476,0.00035383197150587714,0.0017053334311777674
2021-12-17 00:00:00+00:00,167.8000030517578,-0.0021431166861889395,0.0001445999237158318,0.00016293846226939022,0.00025102056030705105,0.00027509421869134447,0.0003129636221805896,0.0004017583315232162,0.0004958177034169388,0.0017802083786403198
2021-12-20 00:00:00+00:00,167.08999633789062,-0.004240244730916665,4.592949130621461e-06,0.00014919287284645327,0.00016753141140001167,0.00026195447261039494,0.00031726565285930227,0.00033618018272562803,0.0004985076308172037,0.0016576277728351275
2021-12-21 00:00:00+00:00,167.02000427246094,-0.0004189761834467731,1.7979675378066537e-05,2.2572624508688e-05,0.00016717254822451978,0.0002735931848157392,0.00029766684320003234,0.0003480905558823443,0.0004709983997221636,0.0015071696373938587
2021-12-22 00:00:00+00:00,168.58999633789062,0.009356118800107005,1.7554104229562407e-07,1.8155216420362163e-05,2.2748165550983597e-05,0.00018568662782037396,0.00028010968903075705,0.00033571178773157326,0.00045533348671286005,0.001494491628049702
2021-12-23 00:00:00+00:00,168.97000122070312,0.002251481491211571,8.753695900171575e-05,8.771250004401137e-05,0.00010569217542207788,0.00025488504826853126,0.0003613056848597504,0.0004229578282813803,0.0005120434560759155,0.0015578614658239586
2021-12-27 00:00:00+00:00,169.3699951171875,0.002364450476828317,5.06916890526828e-06,9.260612790698404e-05,9.278166894927963e-05,0.00011535429345796777,0.0002782927557273579,0.0003904485121493121,0.00044694152705297414,0.0014462852717208234
2021-12-28 00:00:00+00:00,168.63999938964844,-0.004319380340024992,5.590626057373655e-06,1.0659794962641936e-05,9.819675396435766e-05,0.00011635197038471995,0.00026554484323117314,0.00037830644299511484,0.0004464628508889975,0.0014206674401794645
2021-12-29 00:00:00+00:00,168.58999633789062,-0.0002965516280148961,1.8657046521794413e-05,2.424767257916807e-05,2.9316841484436322e-05,0.00011702934152844784,0.00013960196603713572,0.0003906225263441869,0.0004525655882177253,0.0014357392902572617
2021-12-30 00:00:00+00:00,169.8000030517578,0.0071515817441829554,8.79428680782853e-08,1.87449893898727e-05,2.4335615447246328e-05,0.0001169417433542305,0.00013509695977459253,0.00030262837117460433,0.00045236261263389483,0.0014334280027468052
2021-12-31 00:00:00+00:00,170.9600067138672,0.006808358432550676,5.1145121443730925e-05,5.123306431180921e-05,6.98901108336036e-05,8.054990579624567e-05,0.00016826240584025693,0.00033543495406477685,0.0004659292490402893,0.0014318632589811872
2022-01-03 00:00:00+00:00,168.3300018310547,-0.015503300973700007,4.63537445460839e-05,9.749886598981483e-05,9.758680885789308e-05,0.00012183448143706128,0.00021444060934404523,0.00023718877489502894,0.0004945502983748023,0.0013954853827083066
2022-01-04 00:00:00+00:00,169.57000732421875,0.007339514803168967,0.00024035234108112758,0.0002867060856272115,0.0003378512070709424,0.0003565961964608152,0.00036725599142345704,0.00047294816684553505,0.0007285616762832075,0.001625505900009779
2022-01-05 00:00:00+00:00,169.05999755859375,-0.0030121970522101194,5.38684775459364e-05,0.000294220818627064,0.00034057456317314783,0.00039180762748495715,0.00041605530006412516,0.0005088369690134049,0.000694348055791483,0.0016204578802183085
2022-01-06 00:00:00+00:00,166.99000549316406,-0.012319703780208968,9.073331081343332e-06,6.294180862727977e-05,0.0003032941497084073,0.0004007930156982222,0.00041953800508809483,0.0005177347590524527,0.000685082848319268,0.0011153476211538651
2022-01-07 00:00:00+00:00,167.75,0.004540812572282782,0.00015177510123209515,0.00016084843231343852,0.00021471690985937488,0.0005014229954865865,0.0005526560597983956,0.000581972901282832,0.0006922580258355314,0.0011916056931009509
2022-01-10 00:00:00+00:00,168.25999450683594,0.003035593623995858,2.0618978816601374e-05,0.00017239408004869654,0.00018146741113003983,0.00047568822975710396,0.0005731870957469187,0.0005975227111941652,0.0007082840555215112,0.0012113088998738416
2022-01-11 00:00:00+00:00,170.2899932861328,0.011992457136645207,9.214828650044307e-06,2.983380746664571e-05,0.00018160890869874083,0.0002445507173260207,0.000531256802953232,0.0006011469137868358,0.000699519208793489,0.0012179095367191156
2022-01-12 00:00:00+00:00,170.74000549316406,0.002639137142411485,0.00014381902817427257,0.0001530338568243169,0.00017365283564091825,0.0003345012679543568,0.0006287220865814207,0.000726308895439314,0.0008431626959254659,0.0013598255431630317
2022-01-13 00:00:00+00:00,170.16000366210938,-0.00340277134129785,6.965044856455859e-06,0.00015078407303072846,0.00015999890168077275,0.00033239298172946935,0.00039533479035674897,0.0007331859974276916,0.0007625907817802061,0.0013213016815463812
2022-01-14 00:00:00+00:00,169.6699981689453,-0.002883829150556849,1.1578852801157969e-05,1.8543897657613855e-05,0.0001623629258318864,0.0001921967332985322,0.00035304516561197055,0.0006936197287851185,0.0007691004656760958,0.0013170400802959398
2022-01-18 00:00:00+00:00,169.38999938964844,-0.001651618267930921,8.316470569601438e-06,1.9895323370759435e-05,2.6860368227215264e-05,0.00017989422505153226,0.0003522883051002287,0.000655582454808636,0.0007718263101883235,0.0012945295612268807
2022-01-19 00:00:00+00:00,172.0800018310547,0.01575575060513401,2.7278429029631357e-06,1.10443134725646e-05,2.2623166273722543e-05,0.00017340723930445108,0.00020324104677109665,0.0004179579566304716,0.0007558971065694922,0.0012270863062016344
2022-01-20 00:00:00+00:00,171.64999389648438,-0.0025020112544043016,0.00024824367713118076,0.0002509715200341439,0.0002592879906037453,0.0002778318882613593,0.00043086574508567605,0.000612333156215716,0.0010040528408325946,0.001469260681111465
2022-01-21 00:00:00+00:00,171.08999633789062,-0.0032677719138094474,6.260060317165787e-06,0.00025450373744834653,0.00025723158035130967,0.00027712690372206923,0.0004279109767527975,0.0006095198854515384,0.0009591677797060295,0.001462966432235564
2022-01-24 00:00:00+00:00,172.02999877929688,0.005479160681096218,1.067833328068186e-05,1.6938393597847646e-05,0.0002651820707290284,0.00027622638420159314,0.00029477028185920684,0.0004684231175001251,0.0009234923684406274,0.0014733538470643372
2022-01-25 00:00:00+00:00,172.5800018310547,0.003192034576976255,3.002120176927077e-05,4.069953504995263e-05,4.695959536711842e-05,0.0002979311154012624,0.0003178264387720217,0.0004778253404527945,0.0007131612291287707,0.0014657965637962713
2022-01-26 00:00:00+00:00,169.7899932861328,-0.01629856790431372,1.0189084740611978e-05,4.021028650988275e-05,5.088861979056461e-05,0.00030539235723891134,0.00031643667071147574,0.0004787995965433622,0.0006694818363234462,0.0014582529533253123
2022-01-27 00:00:00+00:00,167.60000610351562,-0.012982115320597565,0.0002656433157315254,0.00027583240047213733,0.00030585360224140814,0.00032279199583925595,0.0005737635158733997,0.000600623884100615,0.0009260518209736283,0.0017175553058841155
2022-01-28 00:00:00+00:00,167.10000610351562,-0.0029877523376660164,0.00016853531819729402,0.0004341786339288194,0.0004443677186694314,0.0004850672537193842,0.0007395709911677305,0.0007621941574414532,0.0009428120379388271,0.0017980085260437487
2022-01-31 00:00:00+00:00,168.08999633789062,0.0059070563312300095,8.926664031228746e-06,0.00017746198222852276,0.00044310529796004813,0.00048331558446993106,0.0005002539780677786,0.000759541968671524,0.0009311197231534545,0.001788596651521419
2022-02-01 00:00:00+00:00,168.22999572753906,0.0008325368758193008,3.489331450032454e-05,4.381997853155329e-05,0.0002123552967288473,0.00048818769720098483,0.0005288872322509374,0.000786118812602247,0.0009567982090037348,0.0016788900423059118
2022-02-02 00:00:00+00:00,168.83999633789062,0.0036194338899537826,6.931176495989619e-07,3.55864321499235e-05,4.451309618115225e-05,0.00047869173010997183,0.0005189020166198544,0.0007840840873488829,0.0008136722984790611,0.0016749902108248891
2022-02-03 00:00:00+00:00,168.60000610351562,-0.0014224174555623748,1.3100301683745971e-05,1.3793419333344933e-05,4.868673383366947e-05,0.00022614871606219241,0.0005019811165343296,0.0005489407119014481,0.0008198075553063512,0.0016701108371305687
2022-02-04 00:00:00+00:00,168.86000061035156,0.0015408910869814108,2.0232714178885403e-06,1.512357310163451e-05,1.5816690751233473e-05,5.963666928278692e-05,0.0004938153032116062,0.0005447039230021709,0.0008102519739230818,0.0016719585675061617
2022-02-07 00:00:00+00:00,170.11000061035156,0.0073753173535777705,2.3743453419387534e-06,4.397616759827294e-06,1.7497918443573265e-05,5.308435059349693e-05,0.00023054633282201952,0.0005363999350634278,0.0008043098486954192,0.0015867959538463847
2022-02-08 00:00:00+00:00,170.6300048828125,0.003052207946077523,5.4395306065985405e-05,5.676965140792416e-05,5.87929228258127e-05,7.25863421591578e-05,0.00011640632069071092,0.0005607740393601424,0.0008559773118584415,0.0016361220910071016
2022-02-09 00:00:00+00:00,171.2100067138672,0.0033934142753979657,9.315973346098772e-06,6.371127941208418e-05,6.608562475402293e-05,8.12091978556576e-05,0.00011679563000558096,0.0005599009279656291,0.0006170496080733595,0.0016398474382958268
2022-02-10 00:00:00+00:00,170.55999755859375,-0.0038037857675305986,1.15152604444747e-05,2.0831233790573473e-05,7.522653985655889e-05,7.962415661638633e-05,9.34175759497311e-05,0.00030577287267857854,0.0006223048082006685,0.0016327056522185072
2022-02-11 00:00:00+00:00,173.80999755859375,0.01887560786556186,1.4468786165268345e-05,2.5984046609743043e-05,3.530001995584182e-05,9.206967136376614e-05,0.0001071932444654005,0.00015170634064655284,0.0006260952610852549,0.0016470864955156973
2022-02-14 00:00:00+00:00,174.74000549316406,0.005336451777181672,0.0003562885722944608,0.00037075735845972917,0.00038227261890420383,0.00044598389831628817,0.00045038151507611535,0.0004990682489097849,0.0009523626316104449,0.001952229946366427
2022-02-15 00:00:00+00:00,173.0800018310547,-0.009545260370239284,2.8477717570185426e-05,0.0003847662898646462,0.0003992350760299145,0.00042006630982048814,0.00047683596122841224,0.0004926526519796458,0.0009706512644400184,0.0019343539193905285
2022-02-16 00:00:00+00:00,174.86000061035156,0.010231731307338343,9.111199553566058e-05,0.00011958971310584602,0.0004758782854003068,0.00050186233201005,0.000565573611422134,0.0005830715298657074,0.0007961199442441535,0.0017851135738450616
2022-02-17 00:00:00+00:00,177.25,0.01357550816897568,0.0001046883255455676,0.0001958003210812282,0.00022427803865141362,0.0005950353971111428,0.0006158666309017162,0.0006746595537275291,0.0007322729515924272,0.001835933421844693
2022-02-18 00:00:00+00:00,177.1199951171875,-0.0007337240197315964,0.00018429442204592544,0.00028898274759149307,0.00038009474312715365,0.0007648610329918,0.0007908450796015429,0.000856930704355566,0.0009076407096071239,0.002011154512809275
2022-02-22 00:00:00+00:00,177.49000549316406,0.002086858856896079,5.38350937131092e-07,0.00018483277298305653,0.0002895210985286241,0.00040911081163447026,0.0007798681700941993,0.0008550947099507583,0.0008732857460439303,0.0018599177625143108
2022-02-23 00:00:00+00:00,178.2899932861328,0.004497100140273602,4.354979888605609e-06,4.893330825736701e-06,0.00018918775287166215,0.0003849880739528905,0.0007697543638175365,0.0008050543837733785,0.000876947608282937,0.001843653763586315
2022-02-24 00:00:00+00:00,177.13999938964844,-0.006471023453826774,2.0223909671648852e-05,2.4578889560254462e-05,2.5117240497385553e-05,0.0003140999880888787,0.0004336897011947247,0.0008159623200989286,0.0008840712162708399,0.0018546628446079196
2022-02-25 00:00:00+00:00,176.5500030517578,-0.003336237275936682,4.187414453997619e-05,6.209805421162504e-05,6.645303410023065e-05,0.0002512858070832873,0.0004470861281645154,0.0008463212041944301,0.0009239220893929276,0.0017527179609736231
2022-02-28 00:00:00+00:00,178.3800048828125,0.010311993951243714,1.1130479161349413e-05,5.300462370132561e-05,7.322853337297446e-05,7.812186419871127e-05,0.00036710461179020426,0.000842982897190511,0.0009326782232123383,0.0017568833952785168
2022-03-01 00:00:00+00:00,181.6199951171875,0.01800043176575361,0.00010633721925048696,0.00011746769841183637,0.00015934184295181256,0.00018392073251206713,0.0003687535054951236,0.0005930315441465372,0.0009846201363968399,0.0018516417617278457
2022-03-02 00:00:00+00:00,179.72999572753906,-0.010460864384516988,0.00032401554375355166,0.0004303527630040386,0.000441483242165388,0.0005035812963770131,0.0005084746272027499,0.0008885693703299035,0.0012993197068042928,0.002167340834911796
2022-03-03 00:00:00+00:00,180.8000030517578,0.005935763844875375,0.00010942968367125599,0.00043344522742480763,0.0005397824466752947,0.0005927870703766203,0.0006173659599368748,0.0009068870584654989,0.001397234130031074,0.0022740426756800887
2022-03-04 00:00:00+00:00,183.67999267578125,0.015803608419049375,3.523329242212969e-05,0.00014466297609338574,0.00046867851984693735,0.0005861462182587739,0.0006482442724703989,0.000837432025342061,0.0014179986362879353,0.002061032290971038
2022-03-07 00:00:00+00:00,186.41000366210935,0.014753495270293016,0.0002497540390626483,0.00028498733148477805,0.000394417015156034,0.0008247697781600728,0.0008777744018613983,0.0009028916423587839,0.0013114641030561227,0.0023045262697165203
2022-03-08 00:00:00+00:00,191.50999450683597,0.0269914293684268,0.00021766562269055837,0.0004674196617532067,0.0005026529541753364,0.0009360981816001441,0.0010535658800119804,0.0011200189141122112,0.0015006520081764958,0.002511513559126397
2022-03-09 00:00:00+00:00,185.82000732421875,-0.030161495266206373,0.0007285372593507728,0.0009462028820413312,0.0011959569211039795,0.0013406198971973654,0.001770972660201404,0.0018442011935743783,0.0021380772719916076,0.003210029616707899
2022-03-10 00:00:00+00:00,186.3999938964844,0.0031163668784781606,0.0009097157966933894,0.0016382530560441625,0.0018559186787347206,0.0021409060102194986,0.002574351237644306,0.002733693080596119,0.0029431047431394295,0.004109556328660676
2022-03-11 00:00:00+00:00,185.08999633789065,-0.00705269602424341,9.711742521275714e-06,0.0009194275392146652,0.0016479647985654378,0.0021153844603186444,0.00226004743641203,0.002701530678577418,0.0027685220636147795,0.0038536247554504265
2022-03-14 00:00:00+00:00,182.3000030517578,-0.01518847505814147,4.97405212103788e-05,5.9452263731654624e-05,0.0009691680604250439,0.0019153709424663751,0.0022003582739511533,0.0027401407206264477,0.0028177242338880276,0.0037348299584635115
2022-03-15 00:00:00+00:00,178.88999938964844,-0.01888261003368097,0.00023068977459178556,0.00028043029580216447,0.0002901420383234401,0.0019283950943676026,0.0023958147561208088,0.002864493275967746,0.0030440590285912075,0.003956593069024068
2022-03-16 00:00:00+00:00,180.00999450683594,0.0062412859954879,0.0003565529616840692,0.0005872427362758548,0.0006369832574862335,0.0015564107967008987,0.00250261367874223,0.0028970306938982636,0.0033803880806036277,0.004278252716207813
2022-03-17 00:00:00+00:00,180.88999938964844,0.004876733952654533,3.895365087747338e-05,0.00039550661256154267,0.0006261963871533281,0.0006856486508849827,0.0023239017069291447,0.002826554661104481,0.003377467586941125,0.0043165132494356875
2022-03-18 00:00:00+00:00,179.3000030517578,-0.008828710707897258,2.3782534044973503e-05,6.273618492244699e-05,0.0004192891466065161,0.0006997194424086806,0.0016191469816233457,0.002815103902727325,0.003390119641824749,0.004327195481796915
2022-03-21 00:00:00+00:00,180.6699981689453,0.007611755019546251,7.79461327637397e-05,0.00010172866680871332,0.0001406823176861866,0.0007279250539620414,0.0007873773176936959,0.0026432959964284167,0.003361728555338002,0.004403118343142766
2022-03-22 00:00:00+00:00,179.36000061035156,-0.007277189924242755,5.7938814477587554e-05,0.00013588494724132738,0.00015966748128630077,0.0005551740938478434,0.0008356043896500078,0.0024835691882154455,0.003095651826062038,0.004458682812278415
2022-03-23 00:00:00+00:00,181.80999755859372,0.01356720957605173,5.2957493193500276e-05,0.00011089630767108794,0.00018884244043482754,0.00025157862535727456,0.0008388213616331293,0.001807989422058173,0.003039179635584282,0.0044572449994059295
2022-03-24 00:00:00+00:00,183.1300048828125,0.0072341375131088625,0.00018406917568050977,0.00023702666887401015,0.0002949654833515976,0.0003966941501603109,0.0007922007627218535,0.0010823428010452935,0.003188015518842662,0.004631998201740341
2022-03-25 00:00:00+00:00,182.3800048828125,-0.004103860537691517,5.233274555856888e-05,0.00023640192123907877,0.0002893594144325789,0.0004252443616739063,0.0004879805465963532,0.0011249638040825866,0.0029905942253385825,0.004672815686854435
2022-03-28 00:00:00+00:00,179.05999755859375,-0.01837151770682066,1.6841671312821708e-05,6.91744168713907e-05,0.00025324359255190034,0.0003641399002229883,0.0004658685670317015,0.0010920649541850294,0.002789770273960846,0.004675188572001989
2022-03-29 00:00:00+00:00,179.13999938964844,0.00044668806848946474,0.0003375126628520251,0.0003543543341648469,0.00040668707972341567,0.0006437137485974259,0.0007795986958387531,0.001198887842445269,0.002398745677462099,0.004656412662559552
2022-03-30 00:00:00+00:00,180.5800018310547,0.008006283379257795,1.9953023053084873e-07,0.00033771219308255607,0.00035455386439537767,0.0005909557856344564,0.0007018520933055442,0.0008425344109917307,0.00148922941099924,0.004628134475219897
2022-03-31 00:00:00+00:00,180.6499938964844,0.000387520788049045,6.410057354897962e-05,6.430010377951057e-05,0.0004018127666315356,0.00047098718350292626,0.0007080138523769364,0.0008676813336632369,0.001543618242026944,0.004601123053233217
2022-04-01 00:00:00+00:00,179.5,-0.006386215878902313,1.5017236117015287e-07,6.425074591014988e-05,6.445027614068062e-05,0.0004188046103055275,0.0006552065315446062,0.0008440489719794336,0.0014940278931777353,0.00449658490004882
2022-04-04 00:00:00+00:00,180.3699951171875,0.00483506168268466,4.078375325194404e-05,4.09339256131143e-05,0.00010503449916209382,0.0004427466922446499,0.0005119211091160405,0.000806886592467638,0.0013041218718378936,0.0043530742312548375
2022-04-05 00:00:00+00:00,179.24000549316406,-0.006284549046099208,2.337782147536542e-05,6.416157472730956e-05,6.431174708847961e-05,0.00012861185086799018,0.000482966185032837,0.0007723255994654158,0.0009709467316291899,0.004375913701793073
2022-04-06 00:00:00+00:00,179.66000366210938,0.0023404756196958587,3.949555671282647e-05,6.287337818819199e-05,0.00010365713144013593,0.0001679078773502858,0.0005056200704328418,0.000758863662984742,0.0009714886374645431,0.0044110542786172935
2022-04-07 00:00:00+00:00,180.33999633789065,0.003777741580450744,5.477826126390714e-06,4.497338283921729e-05,6.83512043145826e-05,0.0001092851299276969,0.00017358523370720737,0.000580272313430623,0.0009531839295459602,0.004396308195072036
2022-04-08 00:00:00+00:00,181.47000122070312,0.006246419748616283,1.4271331448666486e-05,1.9749157575057315e-05,5.924471428788367e-05,0.00012340628901519324,0.00018765703492534298,0.0005422108993207205,0.0008895091282308871,0.004368705381980725
2022-04-11 00:00:00+00:00,182.3699951171875,0.004947206140849758,3.901775967590351e-05,5.328909112457011e-05,5.876691725096071e-05,0.0001216402954391527,0.0001625742210522669,0.0005643869876838023,0.000870588073429203,0.0043965926624952795
2022-04-12 00:00:00+00:00,183.7700042724609,0.007647435301758598,2.4474848600061555e-05,6.349260827596518e-05,7.776393972463156e-05,0.00012273732256384886,0.00018689889729115832,0.0002513491734318388,0.0008421054288357642,0.004314730291844854
2022-04-13 00:00:00+00:00,184.6499938964844,0.004777109287769754,5.848326669458362e-05,8.295811529464529e-05,0.00012197587497054869,0.000141725032545606,0.0002045984107337979,0.0003096329098958916,0.0007165195198498381,0.0040491980147858864
2022-04-14 00:00:00+00:00,184.0399932861328,-0.003309019437270244,2.2820773147296048e-05,8.130403984187979e-05,0.00010577888844194122,0.00015906797956651133,0.00020404136240572852,0.000268353109494208,0.0006870075474385653,0.003962589104261926
2022-04-18 00:00:00+00:00,184.6100006103516,0.0030924062818558085,1.0949609636232284e-05,3.377038278352845e-05,9.225364947811194e-05,0.00015574625775407712,0.00017549541532913432,0.00027915254676927017,0.0006811154857619758,0.003938305421476029
2022-04-19 00:00:00+00:00,181.82000732421875,-0.015228268112133847,9.562976612061265e-06,2.0512586248293664e-05,4.3333359395589596e-05,0.00012629147469023487,0.00017958056581480488,0.0002479317701293874,0.00035316579952201203,0.003698114359025442
2022-04-20 00:00:00+00:00,182.7100067138672,0.004883006193092676,0.00023190014969503257,0.00024146312630709396,0.0002524127359433261,0.0003337167757852059,0.000397209384061171,0.0004564540983490545,0.0005848664189865137,0.003712348886029916
2022-04-21 00:00:00+00:00,182.05999755859372,-0.003563943502360445,2.3843749481781428e-05,0.0002557438991768141,0.00026530687578887527,0.0002990772585724037,0.0003820353738670489,0.0004408022911180095,0.0005446095949193156,0.0030076553761609246
2022-04-22 00:00:00+00:00,180.2899932861328,-0.00976966135240076,1.2701693288017235e-05,3.6545442769798795e-05,0.00026844559246483123,0.0002889581787131249,0.00037026221855500455,0.000448026158279636,0.0005571611158461627,0.0021106412727555524
2022-04-25 00:00:00+00:00,177.0500030517578,-0.01813443252023017,9.544628294059305e-05,0.00010814797622861042,0.00013199172571039171,0.00037345485201748565,0.000407225234801014,0.0005292011097715626,0.0006118236455348116,0.00219637581317487
2022-04-26 00:00:00+00:00,177.32000732421875,0.0015238553873304639,0.00032885764283078155,0.0004243039257713747,0.0004370056190593918,0.000692749518236206,0.0007132621044844995,0.0008190409929264407,0.0009173034668902278,0.0024754929347952726
2022-04-27 00:00:00+00:00,175.97999572753906,-0.007585723242633513,2.322135241496078e-06,0.00033117977807227774,0.0004266260610128707,0.00046317150378266946,0.0007046346300897633,0.0007968882795678752,0.0008801300454188974,0.002247125295444983
2022-04-28 00:00:00+00:00,176.92999267578125,0.005383804789462765,5.75431971138303e-05,5.9865332355326484e-05,0.00038872297518610795,0.0004968709514147183,0.0007526148505915324,0.0007959482099871219,0.000932195416406337,0.0019481155308747442
2022-04-29 00:00:00+00:00,176.91000366210938,-0.00011298334784104469,2.8985354011042206e-05,8.652855112487261e-05,8.885068636636859e-05,0.0005131546121377433,0.0005497000549075419,0.000802112790850868,0.0009469094389687126,0.001938147234008313
2022-05-02 00:00:00+00:00,173.6300048828125,-0.018714522902945063,1.2765236889370497e-08,2.8998119247931685e-05,8.654131636176188e-05,0.0004177210944340396,0.0005258690706626499,0.0007911759464515251,0.0009079044445296986,0.001914377465200229
2022-05-03 00:00:00+00:00,174.08999633789062,0.002645759356915356,0.0003502333674848553,0.00035024613272174475,0.0003792314867327869,0.00043909681908811335,0.000863400744859488,0.0011318463373243192,0.0012336629634144922,0.0021866646999213445
2022-05-04 00:00:00+00:00,175.8000030517578,0.009774616775434453,7.000042574705158e-06,0.00035723341005956057,0.00035724617529644986,0.0004437747264213224,0.0007749545044936,0.0009069462302039917,0.0011821797392946138,0.0021357259280184618
2022-05-05 00:00:00+00:00,175.1300048828125,-0.0038184194446895248,9.554313310660461e-05,0.00010254317568130988,0.00045277654316616504,0.0004817746624140968,0.0005416399947694231,0.0009786456138288148,0.0012549020992539224,0.0021783115679315664
2022-05-06 00:00:00+00:00,175.4199981689453,0.001654504919470945,1.4580327055583058e-05,0.00011012346016218778,0.00011712350273689283,0.00046736963545863756,0.0005538981865835101,0.0009805242475963807,0.0012585328166732732,0.0020088227193066394
2022-05-09 00:00:00+00:00,172.8800048828125,-0.014585347642546154,2.7373865285535577e-06,1.7317713584136723e-05,0.00011286084669074123,0.0004700942567503018,0.0004990923759982333,0.0008878153511843412,0.0012517072265897655,0.001959227360276624
2022-05-10 00:00:00+00:00,171.4199981689453,-0.008481065653521469,0.00021273236585392664,0.0002154697523824803,0.00023005007943806326,0.00033259325511937317,0.0006828393878411178,0.0007716900742074863,0.0012325394427486595,0.002155118054817729
2022-05-11 00:00:00+00:00,172.82000732421875,0.008133958004822084,7.192847461934154e-05,0.0002846608404732683,0.00028739822700182176,0.0003975216871640095,0.00075475509722357,0.0008412964135853317,0.0012806241678862196,0.0018895338665850456
2022-05-12 00:00:00+00:00,170.1699981689453,-0.0154527061706764,6.616127282420926e-05,0.0001380897474435509,0.0003508221132974774,0.0003681398268816142,0.00047068300256292395,0.0008499144892957107,0.0013340837474224115,0.001955495609178724
2022-05-13 00:00:00+00:00,168.7899932861328,-0.008142627698811467,0.0002387861279972605,0.00030494740082146984,0.0003768758754408113,0.0005923456278232916,0.0007024690879854793,0.001059715263281929,0.001477423592479079,0.0021301811636270053
2022-05-16 00:00:00+00:00,170.39999389648438,0.00949327965207658,6.630238584145171e-05,0.0003050885138387123,0.00037124978666292147,0.0006559106271361898,0.0006732283407203264,0.0011260048838864912,0.0012148683354897493,0.0021963333771072863
2022-05-17 00:00:00+00:00,169.3300018310547,-0.006299094085683521,9.012235855253124e-05,0.00015642474439398306,0.00039521087239124345,0.0005333006198347944,0.0007487703722172745,0.0008658938749541672,0.0013026685588007846,0.0022456719824078737
2022-05-18 00:00:00+00:00,169.4199981689453,0.0005313437048437564,3.9678586300293114e-05,0.00012980094485282446,0.00019610333069427607,0.0005010507315157459,0.000785711571989014,0.0008985724186797553,0.0012848039479872472,0.0022619727472328014
2022-05-19 00:00:00+00:00,171.91000366210938,0.014590277160261067,2.823261326770889e-07,3.996091243297031e-05,0.00013008327098550145,0.00043517178482421374,0.0005732615322677646,0.0008033116117058277,0.0012561009201088821,0.002222759516652652
2022-05-20 00:00:00+00:00,172.02999877929688,0.0006977677571926577,0.00021287618761323574,0.00021315851374591294,0.0002528371000462059,0.000409261844440189,0.0007142092452616587,0.0010016074722634803,0.0014689643424852284,0.002430157878139497
2022-05-23 00:00:00+00:00,172.8300018310547,0.004639589893868923,4.868798429776718e-07,0.00021336306745621352,0.0002136453935888905,0.000343446338441715,0.0006485348522804272,0.0009993569655779046,0.0011192178548433509,0.0024163734265338086
2022-05-24 00:00:00+00:00,174.1300048828125,0.007493711725538255,2.1525794383290642e-05,2.2012674226268422e-05,0.00023488886183950405,0.0002748497742724744,0.00043127451866645727,0.0008081503941072685,0.0011337436066519366,0.0023988814612411957
2022-05-25 00:00:00+00:00,173.0800018310547,-0.006048248796559186,5.6155715425469524e-05,7.768150980876027e-05,7.816838965173784e-05,0.0002913269033976508,0.00042112784825047516,0.0007923776349133965,0.0010943561889708014,0.0024305623280666032
2022-05-26 00:00:00+00:00,172.75999450683594,-0.0018506096399271144,3.658131350507964e-05,9.273702893054927e-05,0.0001142628233138398,0.0003276258907700533,0.00036758680320302356,0.0007627976755942668,0.0011163571754202978,0.0024086603748770994
2022-05-27 00:00:00+00:00,172.85000610351562,0.0005208853826914606,3.4247560393911637e-06,4.000606954447091e-05,9.616178496994033e-05,0.00011817445919620875,0.00033133297294212155,0.0005274363036363975,0.0011170445449311354,0.0023892643577691944
2022-05-31 00:00:00+00:00,171.13999938964844,-0.009942270255165475,2.7132158190162934e-07,3.6960776212929016e-06,4.0277391126372434e-05,0.0001179589009351327,0.00033132196839134615,0.00046140523937684746,0.0009045835006591105,0.002378586069714864
2022-06-01 00:00:00+00:00,172.22999572753906,0.006348836617416254,9.884873782674816e-05,9.91200594086499e-05,0.00010254481544804095,0.00019528184437859022,0.00021729451860485853,0.00047013161865106434,0.0009315037638665171,0.002467871830929551
2022-06-02 00:00:00+00:00,174.35000610351562,0.012234040087981235,4.0307726394645455e-05,0.00013915646422139373,0.00013942778580329526,0.00017943385534776614,0.0002571153651565263,0.00047076075874541673,0.0009056502174369532,0.002276279407629164
2022-06-03 00:00:00+00:00,172.5800018310547,-0.010203900438868097,0.0001496717368743319,0.0001899794632689775,0.00028882820109572555,0.0002925242787170184,0.0003852613076475676,0.0006201501694870716,0.0008165358263140247,0.002402107395021714
2022-06-06 00:00:00+00:00,171.82000732421875,-0.0044134478528645715,0.00010411958416633253,0.00025379132104066455,0.00029409904743530994,0.0003932191068439598,0.0004332251763884306,0.0005113935660401683,0.0008543530246389056,0.0024935252859000293
2022-06-07 00:00:00+00:00,172.94000244140625,0.006497267812168417,1.9478521949954898e-05,0.00012359810611628754,0.00027326984299061934,0.00041242630721201307,0.00041612238483330585,0.0005303852081471455,0.0007837091880363292,0.0024175575249093914
2022-06-08 00:00:00+00:00,172.77999877929688,-0.0009256257836884885,4.221448902303977e-05,6.169301097299478e-05,0.00016581259513932724,0.0003557920584083047,0.00045491211781695446,0.0005510739027868946,0.0007862450907590759,0.0021309143711016497
2022-06-09 00:00:00+00:00,172.22999572753906,-0.0031883338247284954,8.567830914289284e-07,4.3071272114468804e-05,6.254979406442363e-05,0.00031634111510508815,0.00045549757932648177,0.0004957749704528541,0.0007868195477178276,0.0021294490189515823
2022-06-10 00:00:00+00:00,174.5399932861328,0.013323135228160865,1.0165472577907835e-05,1.1022255669336871e-05,5.323674469237656e-05,0.00017683485080866406,0.0003668143140776414,0.0004693591295256823,0.0005841088326824997,0.00208207129441566
2022-06-13 00:00:00+00:00,169.92999267578125,-0.026767358824472787,0.00017750593230786107,0.00018767140488576902,0.00018852818797719786,0.0002502211989501926,0.0005040125199908571,0.0006434403057941522,0.0007611278851473831,0.0022305918727124788
2022-06-14 00:00:00+00:00,168.57000732421875,-0.00803540720328666,0.0007164914984380812,0.0008939974307459423,0.0009041629033238501,0.0009472341754383189,0.0010708322815546063,0.0013596604826503315,0.0014560935892021737,0.0029470706059136704
2022-06-15 00:00:00+00:00,170.77000427246094,0.012966509676610727,6.456776892263114e-05,0.0007810592673607125,0.0009585651996685734,0.0009695874553379102,0.001031280466310905,0.0013253795137462146,0.0014645056426993352,0.002661405007351446
2022-06-16 00:00:00+00:00,172.69000244140625,0.011180446816136502,0.00016813037319363962,0.0002326981421162709,0.000949189640554352,0.001136861045440121,0.0011799323175545897,0.0014532021605452089,0.0015960547023878952,0.002822535337970381
2022-06-17 00:00:00+00:00,171.27000427246094,-0.008256810144045446,0.00012500239100845685,0.00029313276420209655,0.0003577005331247276,0.0012516979638706699,0.0012627202195400068,0.001428532814679334,0.001717632337356961,0.002851994595872233
2022-06-21 00:00:00+00:00,170.6300048828125,-0.0037437854344899435,6.817491375481177e-05,0.0001931773047632687,0.0003613076779569082,0.0011423669453176208,0.0013300383502033895,0.001392588144267813,0.0017855359295298712,0.002905589182571462
2022-06-22 00:00:00+00:00,171.30999755859375,0.003977268335422224,1.4015929379499055e-05,8.219084313431093e-05,0.00020719323414276767,0.00043989137625903855,0.0013338888070049807,0.0013871255516973572,0.001700703121082622,0.0029168677254224075
2022-06-23 00:00:00+00:00,170.25999450683594,-0.006148118298448857,1.581866341195227e-05,2.983459279145143e-05,9.800950654626308e-05,0.0003911422707483597,0.001172201538109072,0.0013607297260862696,0.0016762140580999288,0.0027199540229804328
2022-06-24 00:00:00+00:00,170.08999633789062,-0.0009989609969460744,3.7799358611721666e-05,5.361802202367404e-05,6.763395140317298e-05,0.0002608112561664417,0.0004935093982827125,0.0013976723016065624,0.0015643416798373187,0.002685824906972813
2022-06-27 00:00:00+00:00,169.89999389648438,-0.0011176944418576085,9.97923073419495e-07,3.879728168514127e-05,5.461594509709343e-05,0.00013680678823140436,0.0004299395524335008,0.001388504752102074,0.0014612200187444056,0.002620661557222023
2022-06-28 00:00:00+00:00,169.6199951171875,-0.0016493806069401984,1.249240865359391e-06,2.2471639387789943e-06,4.004652255050055e-05,6.988111534195198e-05,0.0002630584201052206,0.0012122480606595724,0.00144299073765981,0.0023831246700901218
2022-06-29 00:00:00+00:00,169.49000549316406,-0.0007666517068587453,2.7204563865504173e-06,3.969697251909916e-06,4.967620325329303e-06,5.858564234900334e-05,0.00014077648548331418,0.0004984770186080416,0.0014034967050233207,0.0023195427406352206
2022-06-30 00:00:00+00:00,168.4600067138672,-0.006095587698334626,5.877548396294275e-07,3.308211226179953e-06,4.5574520915392355e-06,4.335473377668051e-05,7.318932656813182e-05,0.00043449700452503995,0.0014032276767715211,0.002230008136922319
2022-07-01 00:00:00+00:00,168.32000732421875,-0.0008313996785860311,3.715618938808842e-05,3.7743944227717954e-05,4.0464400614268265e-05,4.271156455304726e-05,9.632958657672119e-05,0.00030352282071948876,0.0014302183935817018,0.0022274857400101144
2022-07-05 00:00:00+00:00,164.75,-0.021437799680384728,6.912254255529559e-07,3.784741481364148e-05,3.84351696532708e-05,4.240486690518072e-05,8.120214859032186e-05,0.00017921165513658485,0.0012534036866993937,0.00222789463930299
2022-07-06 00:00:00+00:00,162.13999938964844,-0.015969017587404544,0.0004595792551363036,0.0004602704805618566,0.0004974266699499449,0.0005007348811761249,0.0005029820451149038,0.0005706159965180766,0.000996491443397616,0.002474597706826058
2022-07-07 00:00:00+00:00,162.22999572753906,0.0005548992912700612,0.00025500952270683566,0.0007145887778431393,0.0007152800032686922,0.0007530239474964101,0.0007569936447483199,0.0008116095898454132,0.0011869331971818206,0.0027291203496899157
2022-07-08 00:00:00+00:00,162.3000030517578,0.0004314382372543335,3.079132234520162e-07,0.00025531743593028777,0.0007148966910665912,0.0007527441058802328,0.0007560523171064125,0.0007960988396569131,0.0010191107372116328,0.002707902468530077
2022-07-11 00:00:00+00:00,161.42999267578125,-0.005374926525164803,1.8613895256512657e-07,4.940521760172512e-07,0.0002555035748828528,0.0007157740554447094,0.0007535179996724273,0.0007584856199977564,0.0008942944851557412,0.002651932892057173
2022-07-12 00:00:00+00:00,160.8300018310547,-0.00372364890598309,2.8889835150920178e-05,2.9075974103485413e-05,2.9383887326937322e-05,0.0007439726651700768,0.000781820079983718,0.0007863775320752572,0.0008550094065518497,0.002644241413703013
2022-07-13 00:00:00+00:00,161.60000610351562,0.004776265963685411,1.3865561175029064e-05,4.275539632594935e-05,4.2941535278514365e-05,0.00029825897120880216,0.0007585294517706586,0.0007989938523849269,0.0008548590383473797,0.0026546822188386514
2022-07-14 00:00:00+00:00,159.3300018310547,-0.014146649261641109,2.2812716555859727e-05,3.6678277730888895e-05,6.556811288180897e-05,6.606216505782622e-05,0.0007806509429009655,0.0008190861125542362,0.0008618530914912872,0.0026772236138126095
2022-07-15 00:00:00+00:00,159.00999450683594,-0.002010475816356383,0.00020012768533189093,0.00022294040188775076,0.00023680596306277973,0.00026588193716626515,0.0005211993730965528,0.0010186260430464977,0.0010241814182114562,0.0027785025613177522
2022-07-18 00:00:00+00:00,159.16000366210938,0.0009429497894322125,4.0420130081538646e-06,0.0002041696983400449,0.00022698241489590453,0.0002697378112218539,0.000270231863397871,0.000985511866666563,0.0010272255081461906,0.0027422368479312607
2022-07-19 00:00:00+00:00,159.5399932861328,0.002384623832616839,8.89154305390254e-07,4.931167313544227e-06,0.00020505885264543504,0.00024173713037632395,0.00027081310447980926,0.0009857097955464004,0.0010268654215862215,0.002593454265362319
2022-07-20 00:00:00+00:00,158.0399932861328,-0.009446509339211318,5.686430823084222e-06,6.5755851284745845e-06,1.0617598136628342e-05,0.00023355800002437913,0.0002763133963503283,0.0005318169712331811,0.0010298313960227553,0.0024950211120190707
2022-07-21 00:00:00+00:00,160.27000427246094,0.014011796602265036,8.923653869580664e-05,9.492296951889097e-05,9.581212382428112e-05,0.00029998182216432604,0.00033666009989521484,0.00036604398722215204,0.0011184801798789325,0.0025647791287649224
2022-07-22 00:00:00+00:00,160.6699981689453,0.0024926409954950657,0.00019633044402324603,0.0002855669827190528,0.0002912534135421369,0.0002961845808556811,0.0005191249827434317,0.000562066518021946,0.0012776544345140903,0.0027188950837651283
2022-07-25 00:00:00+00:00,160.22999572753906,-0.0027423043036360895,6.213259132422632e-06,0.00020254370315566877,0.0002917802418514753,0.0002983558269799499,0.0005025255253199946,0.0005680936382018035,0.0012831764682209599,0.0027242515598061225
2022-07-26 00:00:00+00:00,160.0399932861328,-0.0011865143173865889,7.520232893741018e-06,1.3733492026163731e-05,0.00021006393604940967,0.00030498690556830067,0.0003099180728818448,0.0005467240359446244,0.0008311174459783973,0.0027216063201219555
2022-07-27 00:00:00+00:00,161.6699981689453,0.010133467249785255,1.407816225363363e-06,8.928049119104461e-06,1.5141308251527012e-05,0.0003007082909705798,0.00030728387609905424,0.0005342662909949587,0.000577515739496925,0.0025455082040394582
2022-07-28 00:00:00+00:00,163.63999938964844,0.01211168004371821,0.00010268715850247035,0.00010409497472783379,0.00011161520762157473,0.0003141589107772435,0.0004090818802961344,0.0006141407329415693,0.0006798949847759433,0.0019317038641038472
2022-07-29 00:00:00+00:00,164.10000610351562,0.002807145958569457,0.00014669279348140192,0.00024937995198387236,0.00025078776820923563,0.0002645212602353994,0.0005500882429544521,0.0005607058410910803,0.0008264016393047802,0.002013828888662618
2022-08-01 00:00:00+00:00,165.02999877929688,0.005651232868696177,7.880068432712836e-06,0.00015457286191411485,0.0002572600204165851,0.0002661880695356896,0.0004687317726913582,0.0005645438965156392,0.0008053918725865728,0.0018535785839016911
2022-08-02 00:00:00+00:00,164.0500030517578,-0.005955990148902579,3.193643293623202e-05,3.981650136894496e-05,0.0001865092948503468,0.0002906042695781806,0.00030433776160434427,0.000595591175146481,0.0008234627443477758,0.0017605126258294663
2022-08-03 00:00:00+00:00,164.4499969482422,0.0024352760679882124,3.5473818653824564e-05,6.741025159005668e-05,7.529032002276943e-05,0.0003246702720066418,0.00033359832112574617,0.0006253785629772214,0.0008361238464457406,0.001727811530728479
2022-08-04 00:00:00+00:00,167.1699981689453,0.016404693683583993,5.9305695273161285e-06,4.14043881811408e-05,7.334082111737272e-05,0.00022791368303148757,0.0003320086577593213,0.0005420725938087309,0.0006419267306411659,0.0017197261708762962
2022-08-05 00:00:00+00:00,165.2899932861328,-0.011309781450743017,0.00026911397485222056,0.0002750445443795368,0.00031051836303336126,0.00035033486440230624,0.0005997148163861786,0.0006148561246377054,0.0009069986924852326,0.0019730214823165644
2022-08-08 00:00:00+00:00,166.69000244140625,0.008434348290836446,0.00012791115646357083,0.00039702513131579153,0.0004029557008431075,0.00047036595243316417,0.0006249388143472791,0.0007365540219688537,0.0010340206946434132,0.0020631332801684136
2022-08-09 00:00:00+00:00,167.1999969482422,0.0030548677970774207,7.113823109113568e-05,0.0001990493875547066,0.00046816336240692707,0.0005095677505880679,0.0005493842519570127,0.0008001720201662483,0.0010994724949114647,0.0021332735881861298
2022-08-10 00:00:00+00:00,166.77999877929688,-0.002515111058863262,9.332217257620653e-06,8.047044834875644e-05,0.00020838160481232717,0.00048342614919186396,0.0005508364007819205,0.0008080964211985056,0.0010195681734732787,0.002141356564578391
2022-08-11 00:00:00+00:00,166.33999633789062,-0.002641706914864095,6.325783638416278e-06,1.565800089603704e-05,8.679623198717261e-05,0.00048382136330296405,0.0005252257514841048,0.0007117350463344515,0.0008295635130884489,0.002144961891830257
2022-08-12 00:00:00+00:00,167.8699951171875,0.009155976822721179,6.978615424040774e-06,1.3304399062457162e-05,2.2636616320077704e-05,0.00022168600387478427,0.000496730548254321,0.0005720208682770903,0.000830328869380067,0.0021513527524146684
2022-08-15 00:00:00+00:00,165.7100067138672,-0.012950528089989533,8.383191157820741e-05,9.08105270022483e-05,9.713631064066446e-05,0.00017760675898942087,0.0005746318903052124,0.0006479727114225849,0.0009066405480645334,0.002198028474604787
2022-08-16 00:00:00+00:00,165.4199981689453,-0.0017516299628299592,0.00016771617780960793,0.00025154808938781544,0.00025852670481185615,0.00027418470570789307,0.0004732340932625997,0.0007837524562959608,0.001072948909648778,0.0023650534269888425
2022-08-17 00:00:00+00:00,164.35000610351562,-0.00648934594710493,3.0682075266836844e-06,0.00017078438533629173,0.00025461629691449905,0.0002679206959769561,0.00034839114432571255,0.00075134684516882,0.0009733299586729914,0.0019085423793792223
2022-08-18 00:00:00+00:00,163.9199981689453,-0.0026198444873024584,4.2111610821207176e-05,4.5179818347890994e-05,0.00021289599615749877,0.000303706523159747,0.00031936452405578405,0.0007875278864627111,0.0008687487760127966,0.001695644467493594
2022-08-19 00:00:00+00:00,162.72000122070312,-0.007347552958115067,6.863585137649082e-06,4.897519595885639e-05,5.204340348553994e-05,0.00030359149287335533,0.00031689589193581246,0.0005252774967481395,0.0008677322927177328,0.001702200139407791
2022-08-22 00:00:00+00:00,161.63999938964844,-0.006659303367833047,5.3986534472305465e-05,6.085011960995468e-05,0.00010296173043116173,0.00027374611576745335,0.00036455664276970165,0.00045135287475687417,0.0008897823942538063,0.0017560005349275313
2022-08-23 00:00:00+00:00,162.77000427246094,0.006966551217581163,4.4346321344832564e-05,9.833285581713816e-05,0.00010519644095478712,0.000150376259302678,0.0004019243486904934,0.00042456096501057106,0.0008986548969448142,0.0017714570211214437
2022-08-24 00:00:00+00:00,163.25,0.002944580504679273,4.8532835867181584e-05,9.287915721201428e-05,0.0001468656916843196,0.0001958408876431759,0.0003666252729794676,0.00046376158362013197,0.0009412571632846796,0.0018061242958135962
2022-08-25 00:00:00+00:00,163.75,0.0030581063588206447,8.670554348537241e-06,5.7203390215718964e-05,0.00010154971156055139,0.00016239983117050599,0.0002075796495183969,0.00046610635433025295,0.0006808137427809964,0.0017919821336062737
2022-08-26 00:00:00+00:00,161.75999450683594,-0.012227153201929575,9.352014501859262e-06,1.802256885039664e-05,6.655540471757808e-05,0.00016488826053471614,0.00021386345649357247,0.0004684797534080714,0.0005622546008192847,0.001601206462776242
2022-08-29 00:00:00+00:00,161.86000061035156,0.0006180465249858713,0.00014950327542345666,0.00015885528992531605,0.00016752584427385316,0.0002604050014858673,0.00032125512109582195,0.0005341511172533206,0.0006406196451516058,0.001746667725191545
2022-08-30 00:00:00+00:00,160.50999450683594,-0.00837555613648,3.819815070471113e-07,0.0001498852569305039,0.00015923727143236303,0.0002164406616480819,0.00031477351746522,0.00036681692095075983,0.0006316694094010321,0.0017461605523932018
2022-08-31 00:00:00+00:00,159.27000427246094,-0.007755309612976546,7.014994059532779e-05,7.053192210237504e-05,0.00022003519752583156,0.0002380577663762281,0.00033093692358824233,0.00043389865401940395,0.0006954935663579438,0.0018106240621654454
2022-09-01 00:00:00+00:00,157.8699951171875,-0.0088290234746502,6.014482719312643e-05,0.00013029476778845435,0.00013067674929550133,0.00028953203922081725,0.00034673542943653617,0.0004519318703913232,0.0007486597781270294,0.001781532350662765
2022-09-02 00:00:00+00:00,159.25999450683594,0.008766173723187443,7.795165551592428e-05,0.00013809648270905083,0.0002082464233043785,0.0003581316802348823,0.0003761542490852789,0.0005230199407695984,0.0007427795220647463,0.0016631535621554432
2022-09-06 00:00:00+00:00,158.3300018310547,-0.005856578259355594,7.684580174510199e-05,0.0001547974572610264,0.0002149422844541527,0.0002854742065565276,0.00044432949648184363,0.0005458792080423949,0.0006519091460002403,0.0017337861047681227
2022-09-07 00:00:00+00:00,159.94000244140625,0.010117286090114419,3.42995089079566e-05,0.00011114531065305872,0.00018909696616898288,0.0003193917339574371,0.00046927699088794095,0.0005358323956055189,0.0006831404473815133,0.0017605653807823381
2022-09-08 00:00:00+00:00,158.97999572753906,-0.006020378897494183,0.00010235947782922271,0.00013665898673717944,0.0002135047884822813,0.00035160127119133203,0.000422133193293707,0.00058965903756756,0.0007433883143895288,0.0018615170423861977
2022-09-09 00:00:00+00:00,159.82000732421875,0.005269846503476394,3.6244962069393275e-05,0.0001386044398986161,0.00017290394880657258,0.0003277014060675989,0.00045799617385605315,0.0006172334452884161,0.000772769691321273,0.0017950748459531205
2022-09-12 00:00:00+00:00,160.6300048828125,0.005055386193322242,2.7771282170202377e-05,6.40162442395958e-05,0.00016637572206881836,0.00027752103272187694,0.00041561751543092777,0.0006356527129567592,0.0007465544390191698,0.001676153334641921
2022-09-13 00:00:00+00:00,158.5399932861328,-0.013096728906648814,2.555692956363315e-05,5.332821173383568e-05,8.957317380322879e-05,0.00022623216054040813,0.0003810296178014345,0.0005117063670969358,0.0007277650472379705,0.0016938301957728414
2022-09-14 00:00:00+00:00,157.92999267578125,-0.003855034555311221,0.0001715243080542506,0.0001970812376178839,0.00022485251978808613,0.00036345695968670213,0.0004746022703397608,0.0006828486936441392,0.0008507565194250395,0.0018334180708908599
2022-09-15 00:00:00+00:00,154.97999572753906,-0.018855801737618805,1.4861291422643582e-05,0.00018638559947689435,0.00021194252904052733,0.000275958773280123,0.0004126177600173024,0.000627560044471455,0.0008569472564991459,0.001812805543659679
2022-09-16 00:00:00+00:00,155.83999633789062,0.005533767627080799,0.0003555412591683883,0.00037040255059103206,0.0005419268586452826,0.000595255070379118,0.0007338595102777341,0.0009229564764467169,0.001203136501165675,0.002162416233300751
2022-09-19 00:00:00+00:00,155.9600067138672,0.0007697907679808935,3.0622584150527455e-05,0.0003861638433189159,0.00040102513474155933,0.0005981063723594431,0.0006621226165990389,0.0008756274050813201,0.0010842558098927456,0.001923924842599058
2022-09-20 00:00:00+00:00,155.07000732421875,-0.005722932055293839,5.925778264686139e-07,3.1215161976996233e-05,0.0003867564211453844,0.0005731420206222786,0.0006264702323561142,0.0007993741811626867,0.0010844664062121673,0.0017966062639619557
2022-09-21 00:00:00+00:00,155.7899932861328,0.004632228320962994,3.275195130950976e-05,3.334452913597854e-05,6.396711328650583e-05,0.00043436966387753773,0.0006314509014954217,0.0007978266235642399,0.0010470684169263493,0.0017582199841803298
2022-09-22 00:00:00+00:00,155.6999969482422,-0.0005778441890038621,2.1457539217531643e-05,5.420949052704157e-05,5.480206835351002e-05,0.0004409659116724258,0.0006273515111493201,0.0007169246849525489,0.0010083811289507544,0.0017703453061402408
2022-09-23 00:00:00+00:00,153.00999450683594,-0.017427816406674346,3.3390390676553115e-07,2.1791443124297335e-05,5.4543394433806935e-05,8.575855641080301e-05,0.00045616110700183503,0.000681013626789921,0.0009307633773415956,0.00176435342640859
2022-09-26 00:00:00+00:00,151.22999572753906,-0.01170141432179772,0.0003037287847047475,0.0003040626886115132,0.0003255202278290447,0.000358864756965023,0.0007450286002839389,0.0009569711293244662,0.0011576463603012411,0.002061103595689297
2022-09-27 00:00:00+00:00,151.5399932861328,0.0020477436877319732,0.0001369230971303728,0.0004406518818351204,0.00044098578574188586,0.0004951952762689271,0.0005264104382459234,0.0010683372968912058,0.0012602699485236575,0.0021141947812414624
2022-09-28 00:00:00+00:00,154.69000244140625,0.020573557832177514,4.193254210646141e-06,0.00014111635134101907,0.0004448451360457664,0.00046663657917006356,0.0004999811083060421,0.0009010062430476013,0.0011621037249050807,0.0019506718576425004
2022-09-29 00:00:00+00:00,154.66000366210938,-0.00019394717180531984,0.0004232712818739527,0.0004274645360845989,0.0005643876332149716,0.0008684503218264846,0.0009226598123535262,0.0013094162334989104,0.0015491300447096402,0.0023708749319897695
2022-09-30 00:00:00+00:00,154.6699981689453,6.462035224608087e-05,3.761550545128225e-08,0.0004233088973794041,0.0004275021515900501,0.0008681540334251704,0.0008899454765494677,0.0009539125898359735,0.0015213963780448892,0.0023288009366740138
2022-10-03 00:00:00+00:00,158.42999267578125,0.024019005945364214,4.175789924407569e-09,4.1791295375798235e-08,0.0004233130731693284,0.0005644294245103473,0.0008684921131218604,0.0009232941814753704,0.0014958436242711803,0.002321941527326289
2022-10-04 00:00:00+00:00,160.6999969482422,0.014226444596111776,0.0005769126466034414,0.000576916822393366,0.0005769544378988171,0.001004418973983416,0.0014450708558185364,0.0014996142502523432,0.0019012319628203714,0.002844867639457425
2022-10-05 00:00:00+00:00,159.80999755859375,-0.005553659432976588,0.00020239172584623794,0.0007793043724496795,0.0007793085482396037,0.0012026174456190076,0.0013437337969600268,0.0016692540247890712,0.0020887623972439652,0.0030029130439588303
2022-10-06 00:00:00+00:00,159.6300048828125,-0.0011269264553863678,3.084313309748983e-05,0.00023323485894372788,0.0008101475055471692,0.0008101892968425449,0.0012376538329271437,0.0016786396186690294,0.0017640642711730672,0.002985223341189138
2022-10-07 00:00:00+00:00,157.8800048828125,-0.011023386142689162,1.2699632358496832e-06,3.211309633333962e-05,0.00023450482217957745,0.0008114216445729432,0.0012347305419523472,0.0016795756779981136,0.0017347116502583893,0.002977822750076451
2022-10-10 00:00:00+00:00,155.47999572753906,-0.0153182032171566,0.00012151504205083145,0.00012278500528668123,0.00015362813838417098,0.0009329325108338503,0.0009329743021292261,0.0014973619353441977,0.0018556341144827522,0.003089985777625423
2022-10-11 00:00:00+00:00,155.16000366210938,-0.0020602123309396703,0.00023464734980210684,0.00035616239185293837,0.000357432355088788,0.0005906672140325157,0.0011675840364258816,0.0015950861880159317,0.002057529512975349,0.0031751298520040733
2022-10-12 00:00:00+00:00,155.99000549316406,0.005335071671709102,4.24447484855587e-06,0.0002388918246506628,0.0003604068667014942,0.00039251996303483366,0.0011718243354845131,0.0015951374086538414,0.0020403164486063733,0.0031789923453455823
2022-10-13 00:00:00+00:00,154.91000366210938,-0.0069476110871145025,2.846298974227295e-05,3.2707464590828926e-05,0.00026735481439293566,0.0003901398196796168,0.0006233746786233447,0.0012003291165221617,0.002068445534441881,0.003137305394492527
2022-10-14 00:00:00+00:00,152.97999572753906,-0.012537160793022473,4.826929981779636e-05,7.673228956006941e-05,8.097676440862515e-05,0.00043713915626156344,0.0004692522525949031,0.001248560800834507,0.0018129860495549298,0.0031254298671171974
2022-10-17 00:00:00+00:00,153.4199981689453,0.002872080630747398,0.00015718040075009986,0.00020544970056789633,0.00023391269031016913,0.00047280451496083185,0.0005955895202475131,0.0014057370257946821,0.0018332433531746566,0.0032046586123513727
2022-10-18 00:00:00+00:00,153.75,0.002148660090393051,8.248847149514371e-06,0.00016542924789961433,0.00021369854771741053,0.0002464060123082394,0.0006025684041611779,0.0008370732263407552,0.001837298946113525,0.003136061657755785
2022-10-19 00:00:00+00:00,151.69000244140625,-0.013488925988339062,4.616740184047874e-06,1.2865587333562353e-05,0.00017004598808366205,0.0002467782776437314,0.0004856701022943942,0.0006392982406785651,0.0014186444044236202,0.0031063788890318762
2022-10-20 00:00:00+00:00,151.4499969482422,-0.0015834633753089022,0.00018195112431888894,0.00018656786450293693,0.00019481671165245113,0.0004002664122203474,0.0004329738768111763,0.0007904062318999642,0.0016005579132370577,0.0031859705355215427
2022-10-21 00:00:00+00:00,154.14999389648438,0.01767059741452659,2.5073562609446616e-06,0.00018445848057983372,0.00018907522076388143,0.0003545044686634957,0.00043123675822356514,0.0007916436249250592,0.001603061093708078,0.003152232929713094
2022-10-24 00:00:00+00:00,153.64999389648438,-0.003248865884512675,0.0003122500129862738,0.00031475736924721856,0.0004967084935661074,0.0005095740808996696,0.000715023781467566,0.0009823785958605015,0.0013383984600909104,0.0034367116605291655
2022-10-25 00:00:00+00:00,154.0,0.0022753535606359065,1.0555129535550326e-05,0.0003228051425218243,0.0003253124987827688,0.0005118803632857056,0.00067730961118532,0.000758286375593945,0.0011465618637802228,0.0034217098605010825
2022-10-26 00:00:00+00:00,154.97999572753906,0.0063434463543528,5.177233825898498e-06,1.5732363361448987e-05,0.00032798237634772256,0.0005124408569275562,0.0005253064442611186,0.0007592191345712877,0.0011208959645086314,0.0032553627862727304
2022-10-27 00:00:00+00:00,154.74000549316406,-0.0015497241473587664,4.023931165055183e-05,4.541654547645049e-05,5.5971675012000597e-05,0.00037072904425921915,0.000557296908762156,0.0007709954564795665,0.0011598653129233335,0.0032807408065006387
2022-10-28 00:00:00+00:00,153.16000366210938,-0.01026317410117894,2.4016449329068554e-06,4.2640956583458846e-05,4.781819040935713e-05,0.0003706233329311813,0.000555081813511015,0.000725127801594677,0.001040751915805409,0.002927601192265157
2022-10-31 00:00:00+00:00,151.91000366210938,-0.008194886192774753,0.00010533274263111014,0.00010773438756401716,0.00014797369921456876,0.00016370606257601764,0.0004784634318232362,0.0006732801434756873,0.0009114373086344123,0.0030023113507457403
2022-11-01 00:00:00+00:00,153.4600067138672,0.010151726172797026,6.715615971253029e-05,0.0001724889023436406,0.00017489054727654724,0.0002203070927529976,0.0005431122352748219,0.0007321874560387031,0.0009743489934983867,0.0030688749326318017
2022-11-02 00:00:00+00:00,152.38999938964844,-0.00699697020289225,0.00010305754428745216,0.0001702137039999826,0.00027554644663109256,0.00031818740321455126,0.00033391976657600017,0.0008306282601421074,0.001048943548043566,0.003139180525609744
2022-11-03 00:00:00+00:00,151.80999755859375,-0.0038132974339371017,4.895759202016201e-05,0.00015201513630761434,0.0002191712960201444,0.00032690568358416145,0.00037232222906061186,0.0006976347278433805,0.0010496318402459317,0.0031666805784123743
2022-11-04 00:00:00+00:00,156.47000122070312,0.03023458325284345,1.4541237319671285e-05,6.349882933983346e-05,0.0001665563736272854,0.00033904527597092586,0.0003816862325543847,0.0007096686089021072,0.0009069926768155031,0.00318088791182528
2022-11-07 00:00:00+00:00,155.85000610351562,-0.003970260739379228,0.0009141300244731216,0.0009286712617927931,0.000977628853812955,0.0011478425578129374,0.0012555769453769545,0.001311548620388955,0.0018128738541391101,0.003791289151593654
2022-11-08 00:00:00+00:00,159.4499969482422,0.02283632894068699,1.576297033865609e-05,0.000929892994811778,0.000944434232131449,0.001096449368439063,0.0012689382707827036,0.0013167564611920608,0.0018240200842937185,0.0036701290248019373
2022-11-09 00:00:00+00:00,158.64999389648438,-0.00502989475916138,0.0005214979194872581,0.0005372608898259145,0.0014513909142990359,0.0015148897436388692,0.0016851034476388516,0.0018330771468534203,0.002163566879462088,0.00418743369007855
2022-11-10 00:00:00+00:00,163.47999572753906,0.029990153003992326,2.5299841288239112e-05,0.0005467977607754975,0.0005625607311141534,0.0014912319929069463,0.0016432471292145605,0.0018181376764911078,0.0021863593644893824,0.003789462249492836
2022-11-11 00:00:00+00:00,164.55999755859375,0.006584597947117743,0.0008994092772028699,0.0009247091184911093,0.0014462070379783671,0.002376100032790145,0.0024395988621299784,0.002715145308761071,0.0027735186287059783,0.004688833911190254
2022-11-14 00:00:00+00:00,164.9199981689453,0.002185266227277438,4.3356930125187194e-05,0.0009427662073280573,0.0009680660486162963,0.0015053269384422106,0.002433998200235003,0.002653169496255148,0.002806320429295615,0.004732186665525518
2022-11-15 00:00:00+00:00,165.5,0.0035106980811026034,4.775388484079368e-06,4.8132318609266776e-05,0.0009475415958121365,0.0014943393565876337,0.0024242323513994114,0.002590788725026697,0.002805918583953796,0.0041600494074061556
2022-11-16 00:00:00+00:00,165.1199951171875,-0.0022987420952169657,1.2325001016657502e-05,1.7100389500737086e-05,6.045731962592406e-05,0.000985166438117033,0.0015224273279429476,0.002500056181755902,0.002778004273319902,0.0039699826825765755
2022-11-17 00:00:00+00:00,163.9199981689453,-0.007293959961672591,5.284215220322486e-06,1.7609216236980203e-05,2.2384604721059355e-05,0.0009651508120491164,0.001511948572824614,0.0024563828049560628,0.0027808868436073175,0.003944423764699407
2022-11-18 00:00:00+00:00,162.7899932861328,-0.006917507382314447,5.320185192248283e-05,5.848606714280553e-05,7.081106815946281e-05,0.00011894338676872938,0.0010436525052598387,0.0024950434195588744,0.00272875595289869,0.003996355653386041
2022-11-21 00:00:00+00:00,161.8800048828125,-0.0056056352070879,4.7851908384374875e-05,0.00010105376030685793,0.00010633797552718019,0.00012343836502791707,0.0010662045723559743,0.0016287653034701276,0.0027094517015705346,0.0039226925197195835
2022-11-22 00:00:00+00:00,162.07000732421875,0.0011730356909014361,3.14231460749434e-05,7.92750544593185e-05,0.0001324769063818011,0.00015008612261878108,0.00019821844122804776,0.001644425479206415,0.002637817303358026,0.0037194683159924207
2022-11-23 00:00:00+00:00,163.0800018310547,0.006212503317279072,1.3760127321286095e-06,3.279915880707223e-05,8.065106719144689e-05,0.0001391371343342522,0.00015623752383498918,0.0011243035724512853,0.0025902357240699925,0.0037165998538759935
2022-11-25 00:00:00+00:00,163.22000122070312,0.0008581023409730548,3.8595197467203476e-05,3.9971210199332306e-05,7.139435627427549e-05,0.0001724481165811332,0.00019005733281811328,0.0011375989286302496,0.0026142896842175248,0.003726732061600924
2022-11-28 00:00:00+00:00,161.92999267578125,-0.00793489366537159,7.363396275834368e-07,3.933153709478713e-05,4.0707549826915525e-05,0.00011998260428623381,0.00017846867142903923,0.0002389259910549632,0.0017008959993719864,0.0036791991014107107
2022-11-29 00:00:00+00:00,162.72999572753906,0.004928261563008185,6.296253748075418e-05,6.369887710833784e-05,0.00010229407457554109,0.00013509323338261312,0.00023614699368947094,0.00025853159841053016,0.0017480955665140846,0.0035849812381413652
2022-11-30 00:00:00+00:00,164.80999755859375,0.0127009210150133,2.4287762033423877e-05,8.725029951417828e-05,8.798663914176151e-05,0.0001279578493410936,0.000207232903800412,0.0002780439719598747,0.0012508854090602505,0.003601020153025275
2022-12-01 00:00:00+00:00,167.83999633789062,0.018217842396307304,0.00016131339462960648,0.00018560115666303056,0.00024856369414378454,0.00028789523123857146,0.00032069439004564357,0.0004270323655728237,0.0013868989624016177,0.0037577168074708336
2022-12-02 00:00:00+00:00,167.25999450683594,-0.0034616677176240174,0.00033188978157669185,0.0004932031762062985,0.0005174909382397223,0.0005811898153480599,0.000621161025547392,0.000753637931929193,0.0008193794667754396,0.003907655464728636
2022-12-05 00:00:00+00:00,164.38999938964844,-0.017307805302720247,1.1983143387240273e-05,0.00034387292496393233,0.0005051863195935386,0.0005924366191077167,0.0006317681562025037,0.0007124192233939505,0.0007880056800374926,0.003917131251854932
2022-12-06 00:00:00+00:00,164.83999633789062,0.0027336344458790407,0.0002995601243968711,0.00031154326778411157,0.0006434330493608032,0.0008290342060238336,0.0008927330831321712,0.0009641274394064467,0.0010827904159502843,0.003904441363265529
2022-12-07 00:00:00+00:00,166.3300018310547,0.008998493556537923,7.47275728369641e-06,0.00030703288168056774,0.0003190160250678078,0.0008122192012741061,0.0008994695007882843,0.0009401770506151997,0.0010779381722173232,0.0039013589910136754
2022-12-08 00:00:00+00:00,166.47000122070312,0.0008413425277824516,8.097288628705453e-05,8.844564357075116e-05,0.000388005767967622,0.0007318786929315542,0.0009174798495945846,0.0010197739241701257,0.0011536268432840553,0.003977154643474832
2022-12-09 00:00:00+00:00,167.05999755859375,0.0035378943750199454,7.078572490553653e-07,8.168074353611011e-05,8.915350081980631e-05,0.0004006967686039177,0.000893899944810216,0.0009818865839519774,0.0011011328486106278,0.003937623189073335
2022-12-12 00:00:00+00:00,165.67999267578125,-0.00829484183350182,1.251669660879777e-05,1.3224553857853353e-05,9.419744014490766e-05,0.00040123032182547516,0.0007451032467894074,0.0009936669409331919,0.001065797636835051,0.003947738240749225
2022-12-13 00:00:00+00:00,168.50999450683594,0.016936889733695004,6.880440104281183e-05,8.132109765160982e-05,8.202895490066496e-05,0.00017047459847141592,0.0004820178662555274,0.0009995088044952496,0.0011031788918029193,0.003911209899160928
2022-12-14 00:00:00+00:00,168.10000610351562,-0.0024359858905977916,0.0002868582338513432,0.00035566263489415523,0.0003681793315029528,0.0004498600750390627,0.0007568929567196303,0.001262079276313169,0.0013886611129221337,0.00413091197329974
2022-12-15 00:00:00+00:00,165.35000610351562,-0.016494600382901403,5.934027259191516e-06,0.00029279226111053494,0.00036159666215334653,0.00037482121601119966,0.00046326685958195075,0.0011066999089427538,0.001355999942714122,0.00403378845627148
2022-12-16 00:00:00+00:00,166.7899932861328,0.008671019495159804,0.0002720718417916111,0.00027800586905080284,0.0005648641029021458,0.0006461852005537554,0.0007278659440898654,0.001046881969157673,0.0016273354448781494,0.004256902706042929
2022-12-19 00:00:00+00:00,166.32000732421875,-0.002821808248999247,7.518657908544138e-05,0.0003472584208770527,0.000353192448136244,0.0007088550830303991,0.0007220796368882524,0.001110085404855874,0.0016395594864828367,0.004317548047808699
2022-12-20 00:00:00+00:00,169.0800018310547,0.016458298941439686,7.962601794120195e-06,8.314918087956179e-05,0.0003552210226711727,0.0006480132837817074,0.0007293343814333171,0.0008184878822531233,0.001623234326243533,0.003411380625129698
2022-12-21 00:00:00+00:00,168.8000030517578,-0.0016573862871149814,0.0002708756040457947,0.0002788382058399151,0.00035402478492535625,0.0006320306539761588,0.000987693288870314,0.0010818907290152217,0.001732796535659721,0.0036664932588368363
2022-12-22 00:00:00+00:00,166.75999450683594,-0.01215898016893302,2.7469293047167833e-06,0.00027362253335051165,0.00028158513514463165,0.0006288435560216841,0.000921635817132219,0.0010036647720328838,0.001403653683387746,0.003147742268654295
2022-12-23 00:00:00+00:00,167.25999450683594,0.0029938350392546553,0.00014784079874850646,0.00015058772805322346,0.00042146333209901795,0.0005046125129785794,0.0007826183820293822,0.001150797713532335,0.0015395113387490123,0.003270283226114562
2022-12-27 00:00:00+00:00,168.6699981689453,0.008394677302770326,8.963048242268924e-06,0.0001568038469907756,0.00015955077629549216,0.000438388982135407,0.0007856474030124597,0.001147244065165806,0.0012489142625944102,0.002379836997153961
2022-12-28 00:00:00+00:00,167.91000366210938,-0.0045159890327513,7.047060701764727e-05,7.94336552599164e-05,0.00022727445400842265,0.000500896987358934,0.0005840461682384958,0.0011489102711406416,0.0013119121123283612,0.0024069506740464213
2022-12-29 00:00:00+00:00,168.85000610351562,0.005582639597805361,2.0394156943930018e-05,9.08647639615775e-05,9.98278122038462e-05,0.0002504155402570694,0.0005292537460969844,0.0008824461942332284,0.0012513333829852365,0.002422569442506272
2022-12-30 00:00:00+00:00,169.63999938964844,0.004667758029330393,3.1165864878984406e-05,5.156002182291464e-05,0.00012203062884056169,0.00027883447583133705,0.0005524570091818487,0.0009076780318530212,0.0012817913906151657,0.0024414103063685987
2023-01-03 00:00:00+00:00,171.05999755859375,0.008335816871946733,2.1787965020378355e-05,5.295382989936298e-05,7.334798684329278e-05,0.0001527816421032089,0.0003033693701564323,0.0006573941550817885,0.001291062659026746,0.0024579140561686546
2023-01-04 00:00:00+00:00,172.6699981689453,0.009367889939565721,6.948584292263182e-05,9.127380794301039e-05,0.00012243967282199458,0.0002133044367835718,0.0003701082837743474,0.0006516934189189789,0.0012917441009065661,0.0024741980471688035
2023-01-05 00:00:00+00:00,170.52000427246094,-0.012529630867487818,8.775736191981665e-05,0.00015724320484244867,0.00017903116986282684,0.0002305911916857412,0.00031002484694565754,0.0007314881790446753,0.0010926432289750396,0.002514103500704245
2023-01-06 00:00:00+00:00,173.7100067138672,0.018534663811199614,0.00015699164967550351,0.0002447490115953204,0.000314234854517952,0.00036718868441731466,0.0004580534483788921,0.0006176042246743842,0.0012437008513913514,0.0026396720043048052
2023-01-09 00:00:00+00:00,174.10000610351562,0.002242601067979244,0.00034353376259419263,0.0005005254122696964,0.0005882827741895127,0.000679556582132523,0.0007311166039554375,0.00095839105796386,0.001315162772193933,0.0029818297541668692
2023-01-10 00:00:00+00:00,174.74000549316406,0.0036693044744913195,5.029259550101646e-06,0.00034856302214429457,0.0005055546718197978,0.0006627978766622462,0.0007157517065616091,0.0008155795187654552,0.0012450054526585933,0.0029482638162497674
2023-01-11 00:00:00+00:00,174.6199951171875,-0.0006870298860048862,1.3463795326522019e-05,1.8493054876623882e-05,0.00036202681747081624,0.0006067758290661364,0.0006980496370091468,0.0008200802658497084,0.0012505066461909952,0.0029609912719487062
2023-01-12 00:00:00+00:00,176.63999938964844,0.011501603213231348,4.72010064263887e-07,1.3935805390786124e-05,1.89650649408875e-05,0.0005194904772105837,0.0006767336820530323,0.0007500816688963249,0.0009801030522094644,0.0028985007445322163
2023-01-13 00:00:00+00:00,178.75999450683594,0.01193033370259311,0.00013228687647461369,0.00013275888653887778,0.00014622268186539954,0.0004947857040096938,0.0007395347156050142,0.0008619743884270086,0.0011096429993793613,0.0030064998589734056
2023-01-17 00:00:00+00:00,177.58999633789062,-0.006566591290623869,0.00014233286225522903,0.00027461973872984296,0.00027509174879410657,0.0002935848036707303,0.0007941102159404266,0.0009731413858032532,0.0011041350628860837,0.002987519326599028
2023-01-18 00:00:00+00:00,177.0800018310547,-0.0028758838411491183,4.312012117809725e-05,0.00018545298343332649,0.0003177398599079399,0.00033167566529872586,0.0006802386874430203,0.000994473541960972,0.001138292135821912,0.0026987496662004336
2023-01-19 00:00:00+00:00,179.88999938964844,0.015743931377470766,8.270707867782608e-06,5.139082904588007e-05,0.00019372369130110883,0.0003264825778399864,0.0003449756327166102,0.0009332584069061229,0.0010760922366720475,0.002695037230680976
2023-01-20 00:00:00+00:00,179.2899932861328,-0.0033409804213135885,0.00024787137521850854,0.0002561420830862914,0.00029926220426438834,0.0005738819429942311,0.0005878177483850171,0.0010933724202048147,0.001303569454946626,0.0026433484815026136
2023-01-23 00:00:00+00:00,179.6300048828125,0.0018946378029900401,1.1162150175600724e-05,0.0002590335253941095,0.00026730423326189185,0.0004527572166952181,0.0005855161032340958,0.000947542920704912,0.0012835657402432423,0.002647037874394518
2023-01-24 00:00:00+00:00,180.27999877929688,0.0036119840879402787,3.589652404518926e-06,1.4751802580119867e-05,0.0002626231777986281,0.00031401400684450797,0.0005886337455743508,0.0006075988105152383,0.0012653674276273828,0.002569654640511982
2023-01-25 00:00:00+00:00,181.1100006103516,0.004593393795208733,1.3046429051533768e-05,1.663608145605291e-05,2.7798231631653366e-05,0.0002839403147179445,0.00046939329815127095,0.0006156159800166705,0.0012089280137562847,0.0025819932123144606
2023-01-26 00:00:00+00:00,179.47000122070312,-0.009096515003608197,2.1099266557862093e-05,3.414569560939608e-05,3.773534801391473e-05,0.00029676887340802406,0.00034815970245390403,0.0006232514512480104,0.0011422699183943302,0.0025905757822635247
2023-01-27 00:00:00+00:00,179.22000122070312,-0.00139396157562377,8.274658521086903e-05,0.00010384585176873135,0.00011689228082026483,0.00013164408340038454,0.0003877861664866758,0.0007055260263946156,0.001068024853929696,0.002604517966431582
2023-01-30 00:00:00+00:00,178.75999450683594,-0.0025700149312912757,1.9431288743155033e-06,8.468971408518476e-05,0.00010578898064304657,0.0001224250620990993,0.0003814585874932087,0.0005751822787943174,0.0007264342202098187,0.0023196028614545544
2023-01-31 00:00:00+00:00,179.41000366210938,0.00362961650726934,6.6049767470601e-06,8.54810562137582e-06,9.129469083224457e-05,0.00012544038644164048,0.00014019218902176024,0.0004394543932861485,0.0007280099374067771,0.002320273810942423
2023-02-01 00:00:00+00:00,181.6699981689453,0.01251813452838757,1.3174115989842081e-05,1.9779092736902398e-05,2.172222161121763e-05,0.00012556807337994882,0.00014220415483600163,0.00040950838809789334,0.0007277202580700971,0.002061376085140654
2023-02-02 00:00:00+00:00,177.89999389648438,-0.020970284008537732,0.0001567036920708091,0.00016987780806065138,0.00017648278480771122,0.0002611724988928958,0.0002953181945022918,0.0005579413723009199,0.0008839519400766424,0.0021428931981260215
2023-02-03 00:00:00+00:00,173.4600067138672,-0.025274496401227253,0.0004397528113987333,0.0005964565034695426,0.0006096306194593844,0.00061817872508076,0.0007220245768494913,0.0007498228084811447,0.0011914178750007621,0.0025746834077306348
2023-02-06 00:00:00+00:00,173.82000732421875,0.0020732591842405057,0.0006388001683356494,0.001078552979734383,0.0012352566718051917,0.001255035764542094,0.0013397254786272786,0.0013774608266411935,0.0016878851810811822,0.0029426079720204896
2023-02-07 00:00:00+00:00,173.97999572753906,0.0009200023760849163,4.298403645037607e-06,0.0006430985719806872,0.0010828513833794201,0.0012527291914400714,0.0012612772970614472,0.0013781695778817122,0.0016490634635481227,0.0029441594463608103
2023-02-08 00:00:00+00:00,174.41000366210938,0.002468544755507729,8.464043720018918e-07,5.144808017039716e-06,0.0006439449763526887,0.0012404014798222313,0.0012601805725591334,0.0013659695532021801,0.0016416391600523421,0.0027971650519843056
2023-02-09 00:00:00+00:00,173.02999877929688,-0.007943887464013422,6.093713209944713e-06,6.940117581946822e-06,1.1238521226984103e-05,0.001089791500961367,0.0012596693090220182,0.0013509639998542627,0.0013998614980437782,0.0027942957169519813
2023-02-10 00:00:00+00:00,173.36000061035156,0.0019053779351274613,6.31053480409096e-05,6.919906125085453e-05,7.004546562285609e-05,0.0007131440376035431,0.0013096005410730856,0.0013313227626843033,0.0014518046959090872,0.0027869304579752436
2023-02-13 00:00:00+00:00,172.47999572753906,-0.005089097798950171,3.630465075670588e-06,6.67358131165804e-05,7.282952632652479e-05,7.797433434356429e-05,0.001156527314077947,0.0013330100988856585,0.0014518455085802387,0.0027701667661069844
2023-02-14 00:00:00+00:00,172.61000061035156,0.0007534549847427741,2.5898916407279473e-05,2.952938148295028e-05,9.263472952385956e-05,9.957484710580616e-05,0.0007426734190864934,0.0013523040385458778,0.0014646979959359843,0.0027648998176352793
2023-02-15 00:00:00+00:00,170.88999938964844,-0.010014646847400499,5.676944140337339e-07,2.6466610821313424e-05,3.0097075896983688e-05,9.9296137147838e-05,0.00010444094516487772,0.0013396976169700694,0.001444166423792156,0.002743679547028935
2023-02-16 00:00:00+00:00,170.75,-0.0008195726363133815,0.00010029315147814876,0.00010086084589218271,0.00012675976229946186,0.00019349557541604203,0.00020043569299798886,0.001283287076377409,0.001461712990059436,0.002774486855584452
2023-02-17 00:00:00+00:00,171.25999450683594,0.002982339072148399,6.716993061936663e-07,0.00010096485078434264,0.00010153254519837605,0.0001310619266813261,0.00020026098793218063,0.0008442059642848695,0.0014604415604913142,0.002687401192970829
2023-02-21 00:00:00+00:00,170.6199951171875,-0.0037440046605539123,8.894346341262972e-06,9.566045647456856e-06,0.00010985919712560529,0.0001363258079469185,0.0002030616210634989,0.0002143001422904831,0.0014627309300855168,0.0025393038896365885
2023-02-22 00:00:00+00:00,169.66000366210938,-0.005642376897915469,1.4017570898249417e-05,2.2911917239512606e-05,2.358361654570595e-05,0.00012444446243788844,0.0001539738439208387,0.00022401930954369493,0.0014635743849939241,0.0022097876979406453
2023-02-23 00:00:00+00:00,169.57000732421875,-0.000530591852650808,3.183641705813019e-05,4.585398795637982e-05,5.474833429764248e-05,0.00015571318508198493,0.00018217979590329832,0.0002550093222298232,0.0013387071099812452,0.002236594855448674
2023-02-24 00:00:00+00:00,168.35000610351562,-0.0072206822499252254,2.8152771409941676e-07,3.211794477222982e-05,4.613551567047892e-05,5.5701561317935554e-05,0.00015656240721011826,0.0002491971367339779,0.0008992358262966114,0.002223412587836251
2023-02-27 00:00:00+00:00,169.00999450683594,0.0039126704061276385,5.2138252154385216e-05,5.241977986848485e-05,8.425619692661472e-05,0.0001071681141661271,0.00020813296495046977,0.00023823004084745354,0.00031257391011534725,0.0022750788299263722
2023-02-28 00:00:00+00:00,169.77999877929688,0.004545621851780979,1.530898970698702e-05,6.744724186137245e-05,6.772876957547154e-05,0.00011358275753185114,0.000123148803179308,0.00024990856547877,0.00032358449617729665,0.0021581009431587456
2023-03-01 00:00:00+00:00,170.75999450683594,0.0057555556009338815,2.0662678019388734e-05,3.5971667726375966e-05,8.810991988076086e-05,0.00012022786465299047,0.00014313978189250305,0.0002446723270908792,0.0003434007698246835,0.0020364307589229055
2023-03-02 00:00:00+00:00,170.66000366210938,-0.0005857351538960387,3.3126420275441375e-05,5.378909829483033e-05,6.909808800181704e-05,0.00012151786787030165,0.00016737185582668148,0.0002772310529522869,0.00037043347689018016,0.0020264370580202495
2023-03-03 00:00:00+00:00,172.49000549316406,0.010666001055863461,3.4308567050961615e-07,3.346950594595121e-05,5.413218396533963e-05,0.00012157942582671186,0.00015369737059894167,0.00017728098714464775,0.00030767121451978017,0.002018509435822976
2023-03-06 00:00:00+00:00,171.6199951171875,-0.005056593695139888,0.00011376357852368046,0.0001141066641941903,0.00014723308446963135,0.0001832047521960071,0.00023562453206449194,0.00029037286636213454,0.00041780432796779005,0.0018844016391281484
2023-03-07 00:00:00+00:00,168.6199951171875,-0.017635068390636555,2.556913979772847e-05,0.00013933271832140915,0.00013967580399191844,0.00019346490228674853,0.000260912144148121,0.0003070476598186,0.00041747455135823905,0.0018988086287502763
2023-03-08 00:00:00+00:00,168.5399932861328,-0.00047456302828230434,0.00031099563714242855,0.00033656477694015725,0.00045032835546383735,0.00048379786140978834,0.0005197695291361644,0.0006040257260627791,0.0007279024940866339,0.0022062146134881858
2023-03-09 00:00:00+00:00,170.1999969482422,0.009801127700098,2.252100678124712e-07,0.0003112208472102412,0.0003367899870079693,0.0004508966512021594,0.0005046857494969898,0.0005724145190724615,0.0006278345526762975,0.0021933933945044648
2023-03-10 00:00:00+00:00,173.8699951171875,0.02133366724772401,9.606210419362831e-05,9.6287314261441e-05,0.00040728295140386923,0.0005466156697252781,0.0005800851756712294,0.0006681950955519903,0.0007232249575637323,0.0022683562321402307
2023-03-13 00:00:00+00:00,177.86000061035156,0.022688861946559058,0.00045512535823661205,0.0005511874624302406,0.0005514126724980527,0.0008879774494382097,0.0010020841136324,0.001071182201634217,0.0011694559694590812,0.0026407350051659735
2023-03-14 00:00:00+00:00,176.8300018310547,-0.005807897981361165,0.0005147844564300156,0.0009699098146666279,0.0010659719188602559,0.001377192766070497,0.001516525484391906,0.001570657668357246,0.0016702228549908475,0.003153576332721674
2023-03-15 00:00:00+00:00,178.2100067138672,0.007773838437142189,3.37316789618991e-05,0.000548516135391915,0.0010036414936285267,0.0010999288078899674,0.0014364935848301247,0.0015837266692997562,0.0016721181168946164,0.003180703034936513
2023-03-16 00:00:00+00:00,178.57000732421875,0.0020180543660703876,6.043256404678931e-05,9.416424300868863e-05,0.000608948699438704,0.0011601361618689442,0.0014713570090791855,0.001611032813071104,0.001732269153227306,0.0032279614829934604
2023-03-17 00:00:00+00:00,183.7700042724609,0.028704276731303935,4.072543424415754e-06,6.450510747120528e-05,9.823678643310405e-05,0.0010681466010997317,0.0011644339153611728,0.0016147622708250103,0.001684203444497337,0.0030753303343470668
2023-03-20 00:00:00+00:00,183.83999633789065,0.00038079522406508914,0.0008239355026672765,0.0008280080460916925,0.0008884406101384815,0.0014369567455303962,0.001988144207960637,0.0023249341949686062,0.0024928299574576264,0.0034595130256156103
2023-03-21 00:00:00+00:00,180.3699951171875,-0.019055524569337123,1.4500500267078146e-07,0.0008240805076699476,0.000828153051094363,0.0009223172941030513,0.0018922271087696793,0.0022995100601735487,0.0024723122844409083,0.0028208578622826315
2023-03-22 00:00:00+00:00,183.44000244140625,0.016877382247648676,0.0003631130166126108,0.00036325802161528176,0.001187193524282558,0.0012516986317537629,0.001800214767145678,0.002351627439643731,0.002802298880778078,0.0031796724752502043
2023-03-23 00:00:00+00:00,185.7400054931641,0.012460224063675973,0.00028484603153324667,0.0006479590481458577,0.0006481040531485282,0.0014761120992402203,0.001570276342248909,0.002636248261109165,0.003086801826640815,0.0034636721024114497
2023-03-24 00:00:00+00:00,183.6499938964844,-0.011316136891164952,0.0001552571837170098,0.0004401032152502567,0.0008032162318628671,0.0016272967395328144,0.0016918018470040198,0.002695443340632547,0.003128295431834144,0.0036128355729185143
2023-03-27 00:00:00+00:00,181.9499969482422,-0.009299831745516407,0.00012805495413958438,0.0002833121378565944,0.0005681581693898407,0.0009314161910051221,0.0017594242370968147,0.002368372936535519,0.003230781246176,0.0036777851790171893
2023-03-28 00:00:00+00:00,183.44000244140625,0.008155744573005386,8.648687049491474e-05,0.00021454182463449934,0.0003697990083515088,0.0010177580564973661,0.0018418385641673137,0.001940075350600418,0.0030062724795284863,0.0037606415844364336
2023-03-29 00:00:00+00:00,182.52999877929688,-0.0049731154716585735,6.65161695401068e-05,0.00015300304003502176,0.00028105799417460584,0.0007211612094248621,0.001084419231040144,0.001972859841178626,0.0030725634390007805,0.0038012588375692605
2023-03-30 00:00:00+00:00,184.17999267578125,0.008998964139578014,2.4731877494449876e-05,9.12480470345569e-05,0.00017773491752947132,0.0004610470553860654,0.0011090061035319229,0.0019371591546262863,0.003001233212301602,0.003825423020649677
2023-03-31 00:00:00+00:00,183.22000122070312,-0.005225877277023727,8.098135558541107e-05,0.00010571323307986117,0.00017222940261996765,0.0003867712272544667,0.0008268744425047233,0.0020140679667872813,0.002627089209650401,0.0038061112247569392
2023-04-03 00:00:00+00:00,184.5399932861328,0.00717858251921033,2.7309793314512927e-05,0.00010829114889992421,0.00013302302639437376,0.00028602606642939523,0.0005693382042859896,0.001217442257434518,0.0021396145465348987,0.0038327493187652584
2023-04-04 00:00:00+00:00,187.97999572753903,0.018469345695108608,5.153204698511213e-05,7.884184029962528e-05,0.00015982319588503602,0.0002510712429195926,0.00046561306755409196,0.0012688292994169593,0.002157414914558112,0.0038753870194091077
2023-04-05 00:00:00+00:00,187.8300018310547,-0.0007982432900845993,0.0003411167304054269,0.0003926487773905392,0.0004199585707050518,0.0005256718037849127,0.0006786748438199345,0.0012468330132097754,0.002438099080916749,0.004202486178916285
2023-04-06 00:00:00+00:00,186.4900054931641,-0.007159660374899346,6.371923501650857e-07,0.0003417539227555922,0.000393285969740704,0.0005015771186406278,0.0005928251656751848,0.0009626241740266938,0.0024346637298424986,0.00417128695420832
2023-04-10 00:00:00+00:00,185.1100006103516,-0.007427401530065936,5.126073668390384e-05,5.18979290340692e-05,0.0003930146594394957,0.0004718564997391206,0.0005775697328189817,0.0008586277269935879,0.0016619889638591256,0.004222266163178124
2023-04-11 00:00:00+00:00,186.27999877929688,0.00630066529229012,5.5166293488825805e-05,0.00010642703017272992,0.00010706422252289467,0.0004997129999134335,0.0006080041488133578,0.0007857390663428294,0.0017170102523452807,0.004225294204512565
2023-04-12 00:00:00+00:00,187.19000244140625,0.004873245294512607,3.9698383125469336e-05,9.486467661429541e-05,0.00014612541329819893,0.00048787933605379073,0.000566721176353416,0.0007389505789733838,0.0013935956188581393,0.004249683597931047
2023-04-13 00:00:00+00:00,189.72000122070312,0.013425150587981882,2.3748519700489264e-05,6.344690282595887e-05,0.00011861319631478436,0.00017051112534885313,0.0005631599027393924,0.0006961829291337663,0.001132498107025382,0.004252769439612148
2023-04-14 00:00:00+00:00,186.3600006103516,-0.01786901721989853,0.00018023466830999028,0.00020398318801047983,0.00024368157113594882,0.0003501086013086783,0.0006918625240642705,0.0008516857199493068,0.0011574755916183624,0.0043998776876466965
2023-04-17 00:00:00+00:00,185.52999877929688,-0.004463702764477162,0.00031930177640503024,0.0004995364447150207,0.0005232849644155097,0.0006181496410298047,0.0006700475700638739,0.001090006140768926,0.0013487224138838084,0.0047188363783812175
2023-04-18 00:00:00+00:00,186.25,0.0038732698004286803,1.992464236960106e-05,0.0003392264187746316,0.0005194610870846216,0.00058290798991058,0.0006893350200833099,0.001082620989824014,0.0012821601857584946,0.004624997442227137
2023-04-19 00:00:00+00:00,185.3600006103516,-0.004789973842758144,1.5002218946912829e-05,3.492686131651416e-05,0.0003542286377215441,0.0005582118257320234,0.0006530765023463188,0.0010460911617858146,0.0012306462351653006,0.004614430521376322
2023-04-20 00:00:00+00:00,186.08999633789065,0.0039305245569876135,2.294384941430722e-05,3.794606836122032e-05,5.787071073082105e-05,0.0005574071554458415,0.0006208540582718003,0.0007279182807946951,0.001228858207085158,0.004326378733648202
2023-04-21 00:00:00+00:00,184.25,-0.009936876904452774,1.5449023293082677e-05,3.839287270739017e-05,5.339509165430268e-05,0.00039262151042893383,0.0005966046984394135,0.0007427301117376127,0.0011633258747928297,0.004341602546873472
2023-04-24 00:00:00+00:00,184.80999755859372,0.0030347260178613666,9.874152261424694e-05,0.0001141905459073299,0.00013713439532163677,0.0001720612566381505,0.0006715977013531713,0.0007902108976679558,0.0012347576040925637,0.00434428196529409
2023-04-25 00:00:00+00:00,185.75,0.0050734265105614185,9.209562003484707e-06,0.00010795108461773193,0.00012340010791081428,0.00016134617627203417,0.0005005725950466656,0.0007442541661826146,0.0011924351191109363,0.0038983661690609626
2023-04-26 00:00:00+00:00,184.7400054931641,-0.005452222698837161,2.573965655806741e-05,3.494921856155239e-05,0.00013369074117579901,0.00017208361388318873,0.00020701047519970284,0.0007302954396152128,0.0008770580452635767,0.0034093213691890143
2023-04-27 00:00:00+00:00,184.75,5.4098929280321784e-05,2.972673235771518e-05,5.546638891578286e-05,6.467595091926724e-05,0.0001788664968265967,0.00021681256518781697,0.0007362736522724387,0.0009061475852711269,0.0034053164225848302
2023-04-28 00:00:00+00:00,184.8000030517578,0.00027061589311294654,2.9266941492772576e-09,2.9729659051864727e-05,5.5469315609931805e-05,0.00016342040022766332,0.00020181327293505342,0.0005560419106565977,0.0008548897752813723,0.00334488678523219
2023-05-01 00:00:00+00:00,183.97000122070312,-0.004501468248395035,7.32329616053177e-08,7.615965575486602e-08,2.9802892013469718e-05,6.475211057502168e-05,0.00017894265648235152,0.00023681336721317274,0.0007997967147541517,0.00334088747476938
2023-05-02 00:00:00+00:00,187.5200042724609,0.0191128216996459,2.0263216391308666e-05,2.0336449352914253e-05,2.0339376047063205e-05,7.580576496284563e-05,0.00018375684958057753,0.00023715194123488035,0.0007803615480199911,0.002537215188493412
2023-05-03 00:00:00+00:00,189.1100006103516,0.008443330394000803,0.00036529995332245513,0.00038556316971376405,0.00038563640267536903,0.00041536606172723337,0.0004503152802887857,0.0005874496756104226,0.001121912981641957,0.0029023701368131962
2023-05-04 00:00:00+00:00,190.44000244140625,0.007008337579460289,7.128982814225776e-05,0.0004365897814647132,0.0004568529978560215,0.000456929157511776,0.0005123955464275587,0.0006357956543383732,0.0010129681414742244,0.0026105469483428435
2023-05-05 00:00:00+00:00,187.4600067138672,-0.01577167201286489,4.91167956276753e-05,0.00012040662376993333,0.0004857065770923881,0.000506043026445302,0.0005357726854971666,0.0006694634266729659,0.0007427831606968696,0.002374817712437272
2023-05-08 00:00:00+00:00,187.69000244140625,0.0012261535425386327,0.00024874563808138567,0.00029786243370906126,0.00036915226185131866,0.0007547154315650823,0.0007547915912208371,0.0008194675421401044,0.0009716041564086541,0.0024683061668016476
2023-05-09 00:00:00+00:00,189.0200042724609,0.007061173494321338,1.5034525098800387e-06,0.000250249090591266,0.0002993658862189409,0.0007359556676836538,0.0007562921170365679,0.0008117614326464998,0.0009581053899716213,0.0023417546651719433
2023-05-10 00:00:00+00:00,188.75,-0.00142946404099753,4.9860171116906215e-05,5.136362362678658e-05,0.00030010926170817185,0.00042051588547810473,0.0008060790551918688,0.0008358819472053387,0.0009850217116742204,0.002305127965793935
2023-05-11 00:00:00+00:00,187.1300048828125,-0.008619799546280227,2.0433674445049886e-06,5.1903538561411526e-05,5.3406991071291186e-05,0.000351269424780352,0.000787859206245065,0.0008081985822921285,0.0009716160558256426,0.002240655163698333
2023-05-12 00:00:00+00:00,186.80999755859372,-0.0017115440993107356,7.43009442180528e-05,7.634431166255812e-05,0.00012620448277946396,0.0003764535733707295,0.0004968601971406627,0.0008824965998160321,0.0009471754774294485,0.002290224230421936
2023-05-15 00:00:00+00:00,187.2100067138672,0.002138972799392569,2.929383203885397e-06,7.723032742193852e-05,7.927369486644312e-05,0.00013063731849322923,0.0004284997522022904,0.0008853527500583121,0.0009408952986298491,0.0022121722580404103
2023-05-16 00:00:00+00:00,184.8699951171875,-0.012578168330723116,4.575204636541283e-06,7.5045878404270054e-06,8.180553205847942e-05,0.00013370907061989047,0.0003839581612111564,0.0008696647383035446,0.0009197308467083229,0.0021894376693624385
2023-05-17 00:00:00+00:00,184.22999572753903,-0.003467895133702825,0.00015821031855600595,0.00016278552319254756,0.00016571490639643257,0.00024205921805899022,0.0002934228416857767,0.0006625751035370956,0.0010482144329066138,0.0022961159409333326
2023-05-18 00:00:00+00:00,181.83999633789065,-0.013057794413406931,1.2026296658359736e-05,0.000170236615214366,0.0001748118198509069,0.00025204214727284497,0.0003039456858342564,0.0006033115720531975,0.0010602378028708244,0.0019670255071862655
2023-05-19 00:00:00+00:00,183.63999938964844,0.009850156652287723,0.00017050599494280126,0.00018253229160116133,0.00034074261015716687,0.00034824719799759346,0.0004245915096601514,0.0007247007713683235,0.00123067056485202,0.0021368943097789016
2023-05-22 00:00:00+00:00,183.2100067138672,-0.0023442435084914948,9.702558607460807e-05,0.00026753158101740964,0.000279557877675769,0.0004423434008683161,0.0005195737282902544,0.0005729807193615459,0.0013074329345353194,0.002182659159169606
2023-05-23 00:00:00+00:00,183.42999267578125,0.0012000108481293736,5.495477627104513e-06,0.00010252106370171291,0.00027302705864451385,0.00044326367385887934,0.00045076826169930626,0.0005769727444787703,0.000947628458839969,0.0021329883433078844
2023-05-24 00:00:00+00:00,181.9499969482422,-0.008101176111367181,1.4400260356281786e-06,6.935503662733017e-06,0.00010396108973734072,0.0002864933813385016,0.00044927890453104897,0.0005285525993974923,0.0008777786567333394,0.0020947299862180435
2023-05-25 00:00:00+00:00,180.1999969482422,-0.009664579046816613,6.562905438738628e-05,6.706908042301478e-05,7.256455805011892e-05,0.00034009613906752813,0.000510332754281894,0.0005921382863403737,0.0008942909154930504,0.0021366105209049404
2023-05-26 00:00:00+00:00,180.9199981689453,0.003987606249999942,9.340408815216671e-05,0.00015903314253955331,0.0001604731685751811,0.0002629942322768936,0.0004455265238780548,0.0006112414302744876,0.0007389493655638315,0.0020497799407471168
2023-05-30 00:00:00+00:00,182.0399932861328,0.006171471778321447,1.59010036050386e-05,0.00010930509175720563,0.00017493414614459156,0.00018186964980732408,0.00044940123082473366,0.0006242130506756407,0.00075334691665899,0.0017463791679471251
2023-05-31 00:00:00+00:00,182.32000732421875,0.0015370188425896103,3.808706391061808e-05,5.3988067515657004e-05,0.00014739215566782335,0.00021446123609083768,0.0003169822997925505,0.0006577249099497175,0.0007415738094527018,0.0017645415894881422
2023-06-01 00:00:00+00:00,183.75999450683597,0.007867103377943607,2.3624269224755053e-06,4.044949083309391e-05,5.635049443813213e-05,0.000215383636977685,0.00022231914064041786,0.0005018770183161871,0.0007418928689306724,0.0017519017974637048
2023-06-02 00:00:00+00:00,181.0500030517578,-0.014857275420165017,6.189131555925171e-05,6.425374248172753e-05,0.00010234080639234523,0.00021164589814955042,0.0002787149785725651,0.0005517420372170791,0.0007294832402718713,0.0017908492636086494
2023-06-05 00:00:00+00:00,182.13999938964844,0.006002365721135661,0.0002207386329106396,0.0002826299484698916,0.00028499237539236674,0.0003389804429080233,0.0004980135854475764,0.0006019746751849174,0.0009472924899786256,0.0019961388732262064
2023-06-06 00:00:00+00:00,182.33999633789065,0.001097437284125924,3.602839425026442e-05,0.00025676702716090436,0.0003186583427201556,0.0003591078335532491,0.0004684129253104546,0.0005409774833605738,0.0009787456795923486,0.0019334257448622237
2023-06-07 00:00:00+00:00,180.1499938964844,-0.012083252758880114,1.2043685925896839e-06,3.723276284285443e-05,0.00025797139575349363,0.00032222513823522073,0.0003762132057508776,0.000536686374326059,0.0008217397296289324,0.0019254205514513286
2023-06-08 00:00:00+00:00,182.52999877929688,0.013124733073092365,0.0001460049972349839,0.0001472093658275739,0.00018323776007783793,0.0004658677085477291,0.0005063171993808229,0.0006812513455254146,0.0009557184302055565,0.002045685892128245
2023-06-09 00:00:00+00:00,182.0399932861328,-0.002688130119842036,0.00017225861823992456,0.0003182636154749088,0.0003194679840674981,0.0005762350112284019,0.0006404887537101294,0.0007878809093779528,0.0009574710535026798,0.002188217778010455
2023-06-12 00:00:00+00:00,181.8800048828125,-0.0008792504640151577,7.226043541201959e-06,0.00017948466178112685,0.00032548965901611033,0.0003627224218589643,0.0006453523703288558,0.0007017028647669882,0.0008676715109692737,0.0021954408948575074
2023-06-13 00:00:00+00:00,180.5399932861328,-0.0073948331208413265,7.730813784708701e-07,7.999124919673155e-06,0.00018025774315959733,0.0003274671089871708,0.0005842341361480749,0.0006865749425404205,0.0008629491147206401,0.0021961407432743727
2023-06-14 00:00:00+00:00,180.63999938964844,0.000553774340214197,5.468355688509187e-05,5.545663826356307e-05,6.268268180476464e-05,0.000380946297279673,0.00041817906012252726,0.0007031714355148942,0.0009161926455701037,0.0022305610837681563
2023-06-15 00:00:00+00:00,181.91000366210935,0.007005982383035736,3.066660198796692e-07,5.4990222904971865e-05,5.576330428344236e-05,0.00023524796606456876,0.0003824573318921425,0.0007011156746122984,0.0008508702572025971,0.0018655677964655806
2023-06-16 00:00:00+00:00,181.6300048828125,-0.0015404017609146337,4.908378915140709e-05,4.939045517128708e-05,0.00010407401205637858,0.00011207313697605129,0.00043033675245095985,0.0006883081482044538,0.0008065499582018375,0.0018433617574747298
2023-06-20 00:00:00+00:00,179.75,-0.010404681043488573,2.372837585028904e-06,5.145662673643632e-05,5.176329275631561e-05,0.00010721993101987823,0.00028670459280100494,0.00046994235287884306,0.0007930217921818278,0.0017966177994320836
2023-06-21 00:00:00+00:00,179.49000549316406,-0.001447469926816325,0.00010825738761673045,0.00011063022520175968,0.0001597140143531664,0.0002147042372581378,0.0002227033621778108,0.000542171346245309,0.0008631921158879402,0.0016561295489674283
2023-06-22 00:00:00+00:00,177.7100067138672,-0.009966480697038982,2.095169189037657e-06,0.00011035255680576843,0.00011272539439079695,0.0001621158495620836,0.0002175724878256465,0.000543062146841757,0.0008629248581545023,0.001656721265646586
2023-06-23 00:00:00+00:00,178.1999969482422,0.002753451933942941,9.933073748445062e-05,0.0001014259066734886,0.00020968329429021866,0.00026113992102665454,0.00031613014393162624,0.0004963878870912238,0.0009003642800797013,0.0017061918320141302
2023-06-26 00:00:00+00:00,178.50999450683594,0.0017380933759119088,7.581497552534121e-06,0.00010691223503698507,0.00010900740422602235,0.00021963762942778158,0.0002690280845990685,0.0003317107664038334,0.0006872071447215958,0.0017117299621221594
2023-06-27 00:00:00+00:00,177.69000244140625,-0.004604118590478379,3.020968583388856e-06,1.0602466135923302e-05,0.00010993320362037355,0.00022028576042614154,0.0002717423871625777,0.0003275056914460203,0.0006541997190547201,0.0016404499864874956
2023-06-28 00:00:00+00:00,177.27999877929688,-0.0023100760234937567,2.1197907995188613e-05,2.4218876578577795e-05,3.1800374131111536e-05,0.0001332262808045997,0.00024385650600635924,0.00034793051806273804,0.000674193258457319,0.0016587185112787986
2023-06-29 00:00:00+00:00,177.08999633789062,-0.0010723394318450374,5.336451234320728e-06,2.6534359229509665e-05,2.955532781289814e-05,0.00013646756284988278,0.0002468201196556511,0.0002985834124119669,0.0005335247124566559,0.0016594797578765783
2023-06-30 00:00:00+00:00,178.27000427246094,0.006641221688667542,1.1499118570897378e-06,6.486363091410791e-06,2.7684271086599025e-05,3.828673722252189e-05,0.00013971264389601033,0.00029942665824917694,0.00036241600607382114,0.0015024193511776619
2023-07-03 00:00:00+00:00,178.47000122070312,0.001121247777740031,4.410582551802816e-05,4.5255737375118226e-05,5.059218860943857e-05,7.481106518801594e-05,0.00018172330022500082,0.00029444869461579804,0.0003992957880506474,0.0015344988800373304
2023-07-05 00:00:00+00:00,177.83999633789062,-0.003536277643963359,1.2571965790869579e-06,4.5363022097115444e-05,4.6512933954204804e-05,7.304729318371403e-05,8.364975931963718e-05,0.0002933330536098561,0.00039977990325126345,0.0013652500816736161
2023-07-06 00:00:00+00:00,177.30999755859375,-0.002984649764026237,1.2505259575195046e-05,1.3762456154282329e-05,5.786828167231011e-05,6.435464476372047e-05,8.85735213422981e-05,0.00019758092556832065,0.0003576016059413666,0.001280729755174203
2023-07-07 00:00:00+00:00,178.63999938964844,0.0074730048154894035,8.908134213901872e-06,2.1413393789097244e-05,2.267059036818382e-05,6.792632774330161e-05,9.446068697281112e-05,0.0002043938905931849,0.0003662030741353888,0.0012841424117610003
2023-07-10 00:00:00+00:00,178.77999877929688,0.0007833887164983011,5.5845800972327816e-05,6.475393518623002e-05,7.725919476142468e-05,0.0001226222168585397,0.00012910857994995033,0.00016090895408106206,0.00037296508595630957,0.0013385481866977
2023-07-11 00:00:00+00:00,179.4499969482422,0.0037406077556987327,6.136978811368556e-07,5.6459498853464995e-05,6.53676330673665e-05,7.913008922164839e-05,0.00012438582659676645,0.0001539411544096648,0.0003712059462524175,0.0012735328301914505
2023-07-12 00:00:00+00:00,181.8800048828125,0.013450555215707816,1.399214638199351e-05,1.460584426313069e-05,7.045164523545813e-05,9.186503902455494e-05,0.0001372280611216702,0.00016491233220826946,0.0002769407050176805,0.0011941208884212774
2023-07-13 00:00:00+00:00,182.00999450683597,0.0007144446386035952,0.00018091743561080473,0.00019490958199279857,0.00019552327987393503,0.0002602772150601646,0.00027403967121444677,0.0003246318598238856,0.0004557629714394476,0.0013591373204270435
2023-07-14 00:00:00+00:00,181.42999267578125,-0.0031917364290752204,5.104311416294217e-07,0.00018142786675243448,0.00019542001313442762,0.0002518795119878922,0.00027329290577698923,0.0003198058397311943,0.00035694266509662644,0.001321560687658055
2023-07-17 00:00:00+00:00,181.55999755859372,0.000716300128756231,1.018718143268584e-05,1.0697612574315587e-05,0.00019161504818511997,0.00020622089244825022,0.00027097482763448004,0.00032884310930679034,0.00035954834897677815,0.0013293854421682653
2023-07-18 00:00:00+00:00,183.63999938964844,0.011391151915955078,5.13085874456193e-07,1.0700267307142359e-05,1.1210698448771429e-05,0.00020612028044156953,0.00026257977929503435,0.0002852503696632184,0.0003570404662678455,0.0012680072124834697
2023-07-19 00:00:00+00:00,183.6699981689453,0.00016334311378951583,0.00012975834197236704,0.00013027142784682356,0.00014045860927950905,0.0003218864760319431,0.00033649232029507353,0.0004137515150564985,0.00046560090024502386,0.0011770269215451972
2023-07-20 00:00:00+00:00,182.7400054931641,-0.005076251540707233,2.6680972822454715e-08,0.00012978502294518982,0.00013029810881964567,0.0001409957213939608,0.0003359053033867592,0.0004012729364541259,0.0004602911299835256,0.0011410252082677552
2023-07-21 00:00:00+00:00,182.17999267578125,-0.003069238517008799,2.5768329704532554e-05,2.5795010677355335e-05,0.000155553352649722,0.00016625361995686392,0.0003476814867092982,0.00041813313194475656,0.00048490954783096847,0.001165589169379698
2023-07-24 00:00:00+00:00,181.3999938964844,-0.0042906650791518786,9.42022507429037e-06,3.518855477882325e-05,3.521523575164535e-05,0.00016548666359846845,0.00017618427617278385,0.0003717075560467191,0.00045022394738723065,0.0010290043972190045
2023-07-25 00:00:00+00:00,182.41000366210935,0.005552416740764343,1.8409806821453397e-05,2.7830031895744092e-05,5.35983616002763e-05,0.0001833833845454657,0.0001940836518526078,0.0003895036649870356,0.0004673765576295971,0.0008751555858005334
2023-07-26 00:00:00+00:00,183.3000030517578,0.004867250719561511,3.082933166312013e-05,4.923913848457385e-05,5.865936355886387e-05,8.445437423621877e-05,0.0002147258020830421,0.0004063408502681623,0.00048570062971752215,0.0008987588739224516
2023-07-27 00:00:00+00:00,180.4199981689453,-0.015836715414990543,2.369012956707205e-05,5.4519461230192505e-05,7.292926805164556e-05,0.00010811782283046836,0.000237902845775658,0.0002491135442244296,0.0005004826250706924,0.0009216759221110527
2023-07-28 00:00:00+00:00,181.8600006103516,0.007949707574280929,0.0002508015551353991,0.0002744916847024715,0.0003053210163655913,0.00033315104826133493,0.00035894605893869004,0.0004994046682181993,0.0006954383792337636,0.00111779392036136
2023-07-31 00:00:00+00:00,182.3500061035156,0.002690787072192613,6.319785051657957e-05,0.000313999405651979,0.0003376895352190507,0.0003869286737036241,0.0004221172284824472,0.000552415337302093,0.0007580225318692064,0.0011806851048580598
2023-08-01 00:00:00+00:00,180.4600067138672,-0.010418766955582193,7.240335067878894e-06,7.043818558445879e-05,0.0003212397407198576,0.00037575920195004965,0.0004035892338457936,0.0005591425864955158,0.0007512707205550918,0.0011388416507745317
2023-08-02 00:00:00+00:00,179.60000610351562,-0.004776993918500061,0.00010855070487473143,0.00011579103994261065,0.00017898889045918988,0.0004534805751616609,0.0005027197136462347,0.0005379349493978801,0.0006789039898190184,0.001245019518064234
2023-08-03 00:00:00+00:00,179.5399932861328,-0.000334202918323534,2.2819670897386568e-05,0.00013137037577211832,0.0001386107108399969,0.00045261011649197545,0.0005071295777221678,0.0005607279393224443,0.0007012132295747755,0.0011595818013448902
2023-08-04 00:00:00+00:00,180.19000244140625,0.0036138763540742858,1.1169159061596673e-07,2.293136248800286e-05,0.00013148206736273397,0.00020192025294719226,0.00047641193764966363,0.0005350713012085277,0.0006911377397327057,0.0011575983237464686
2023-08-07 00:00:00+00:00,179.77999877929688,-0.0022779889325192926,1.3060102302537252e-05,1.3171793893153545e-05,3.5991464790539784e-05,0.00015178250473314993,0.00046578191038512885,0.0005387111784367746,0.0007036847561607868,0.0010713276885645552
2023-08-08 00:00:00+00:00,178.63999938964844,-0.006361270240024197,5.189233576680386e-06,1.8249335879217964e-05,1.8361027469833607e-05,0.00014973140324195145,0.00022016958882641006,0.0005254906051920015,0.0005791156477651002,0.0010689354245887015
2023-08-09 00:00:00+00:00,177.7899932861328,-0.004769563349673156,4.0465759066617504e-05,4.5654992643298214e-05,5.8715094945835146e-05,8.164645743383752e-05,0.00019743749737644798,0.0005351270325954988,0.0006195547258588952,0.00110638021507193
2023-08-10 00:00:00+00:00,177.60000610351562,-0.0010691758408611918,2.2748734546545415e-05,6.321449361316325e-05,6.840372718984331e-05,8.157552108299636e-05,0.00021294589685511454,0.0005341856375749724,0.0006165351307009081,0.001107931041623287
2023-08-11 00:00:00+00:00,177.60000610351562,0.0,1.1431369786812364e-06,2.3891871525226975e-05,6.435763059184416e-05,8.260696647106163e-05,0.00010553832895906433,0.00028452721941825437,0.0006082580426052989,0.0011037377273676475
2023-08-14 00:00:00+00:00,177.05999755859375,-0.00304522053039058,0.0,1.1431369786815617e-06,2.389187152522665e-05,6.954686416852438e-05,8.271865806167776e-05,0.00022132936890167484,0.0005898482357838456,0.0011025878155105579
2023-08-15 00:00:00+00:00,176.58999633789062,-0.0026580037072090335,9.273368078712286e-06,9.273368078712611e-06,1.0416505057393522e-05,7.363099867055628e-05,9.188033454977408e-05,0.00022336240191250822,0.0005682922721994377,0.0010677553580712418
2023-08-16 00:00:00+00:00,175.57000732421875,-0.005792775189195076,7.064983707536965e-06,1.6338351786249577e-05,1.633835178624925e-05,4.023022331147574e-05,8.58852159547738e-05,0.00012187668074531374,0.0005516671263399026,0.0010735631451996917
2023-08-17 00:00:00+00:00,175.3000030517578,-0.0015390561619561538,3.3556244392554054e-05,4.062122810009135e-05,4.9894596178803306e-05,5.103773315748438e-05,0.00011425222677064747,0.00013261325424048122,0.00033442181559705756,0.0010946141300170508
2023-08-18 00:00:00+00:00,175.3300018310547,0.00017111358955279599,2.3686938696552066e-06,3.592493826220959e-05,4.298992196974623e-05,5.226329004845835e-05,7.615516157368517e-05,0.00013487025651952046,0.0002735926589501332,0.0010880746896728042
2023-08-21 00:00:00+00:00,175.80999755859375,0.0027339296425665793,2.927986052964273e-08,2.3979737301851745e-06,3.59542181227389e-05,5.229256990898799e-05,5.343570688766939e-05,0.00012183943407751286,0.0002663816037427839,0.001032258168561006
2023-08-22 00:00:00+00:00,176.10000610351562,0.0016481975934530269,7.474371290504224e-06,7.503651151034192e-06,9.872345020689075e-06,5.049357312077993e-05,5.976694119949238e-05,0.0001241245717913367,0.00016530527015855672,0.0010391188419703733
2023-08-23 00:00:00+00:00,177.88999938964844,0.010113328144583988,2.7165553070643492e-06,1.0190926597568899e-05,1.0220206458098217e-05,4.614514472030731e-05,6.248349650655673e-05,8.637536803178355e-05,0.00014520215456823447,0.0010278432508954442
2023-08-24 00:00:00+00:00,177.85000610351562,-0.0002248455933200333,0.00010227940616003462,0.00010499596146709929,0.0001124703327576032,0.00011486830648778788,0.00015548953458787907,0.00016590603964527275,0.0002473698691376531,0.0009492052214446742
2023-08-25 00:00:00+00:00,177.6199951171875,-0.0012941233726575518,5.05555408354378e-08,0.00010232996170087038,0.00010504651700793441,0.0001125501681589681,0.00014847510642117752,0.00016481345820742695,0.00023436032237595135,0.0009487453458438802
2023-08-28 00:00:00+00:00,178.1300048828125,0.002867238875764677,1.674755303658557e-06,1.72531084449432e-06,0.00010400471700452861,0.00011419564360209702,0.00011659361733228203,0.0001664882135110855,0.0002308458441029295,0.0009402329197148528
2023-08-29 00:00:00+00:00,179.8699951171875,0.009720692377633178,8.22105877069629e-06,9.895814074355172e-06,9.946369615190284e-06,0.00011494233108228906,0.0001224459822333231,0.0001654359042030695,0.00019860114380700829,0.000947940892611093
2023-08-30 00:00:00+00:00,180.32000732421875,0.0024987503158229174,9.449186030057576e-05,0.00010271291907127238,0.0001043876743749306,0.0002067176360758005,0.00021690856267336922,0.0002528627807961083,0.00027034426956103864,0.0009126744109393017
2023-08-31 00:00:00+00:00,180.02000427246094,-0.0016651113471644052,6.24375314082513e-06,0.00010073561344140121,0.00010895667221209716,0.000110681983056591,0.00021567794452369014,0.0002255502895443794,0.00027544488572318253,0.0009188914831073044
2023-09-01 00:00:00+00:00,180.11000061035156,0.0004997991755413267,2.7725957984556603e-06,9.016348939281115e-06,0.00010350820923985655,0.00011340402331421123,0.00021573398501508145,0.00022595419147317984,0.0002782174815216382,0.0008958957492012275
2023-09-05 00:00:00+00:00,178.63999938964844,-0.008195174622491308,2.497992158717899e-07,3.0223950143277755e-06,9.266148155152579e-06,0.00011197906722642445,0.00011370437807091861,0.00022617471082852199,0.0002691939126587977,0.0008867253233428089
2023-09-06 00:00:00+00:00,177.8300018310547,-0.004544556063018845,6.716088709312555e-05,6.741068630899766e-05,7.0183282107453e-05,0.0001709188955488537,0.00018081470962320873,0.0002858612266311433,0.0003292898160443862,0.000935476403614481
2023-09-07 00:00:00+00:00,178.02000427246094,0.0010678794784508838,2.0652989809921347e-05,8.781387690304723e-05,8.806367611891868e-05,9.708002505819932e-05,0.00019979294412947153,0.00030379766113400027,0.00031638656146175354,0.0009253000617612822
2023-09-08 00:00:00+00:00,178.0800018310547,0.00033697027875945196,1.1403665804965316e-06,2.1793356390418204e-05,8.895424348354343e-05,9.197663849787072e-05,0.00019271225193927174,0.0002026586215544622,0.0003151582341725949,0.0009027502987747067
2023-09-11 00:00:00+00:00,178.41000366210938,0.001851395103543041,1.1354896876722276e-07,1.2539155492640796e-06,2.1906905359185103e-05,8.931759166818227e-05,9.833394060746322e-05,0.000202721614982394,0.00031524250328083246,0.0006520622926080748
2023-09-12 00:00:00+00:00,177.49000549316406,-0.005169992663579315,3.4276638294231474e-06,3.541212798190695e-06,4.681579378686901e-06,9.249545628173363e-05,9.551785129606125e-05,0.0002044745235081586,0.00031119579581975136,0.0005922921059209184
2023-09-13 00:00:00+00:00,177.0800018310547,-0.0023126820451926378,2.6728824141463938e-05,3.0156487970887412e-05,3.0270036939654308e-05,5.2063393330072024e-05,0.00011947407963906952,0.00022298228887892625,0.000335208064654151,0.0006117805949945035
2023-09-14 00:00:00+00:00,177.1699981689453,0.0005080950731217726,5.348498242156402e-06,3.2077322383620665e-05,3.5504986213043485e-05,3.675890176230708e-05,0.00012457277866535413,0.00013383892682050687,0.00023827715673627276,0.0005085783883619284
2023-09-15 00:00:00+00:00,178.33999633789062,0.006582106894978068,2.5816060333061945e-07,5.6066588454873435e-06,3.233548298695096e-05,3.5876695785141166e-05,5.767005217555921e-05,0.00012785333428301236,0.00023848476179876794,0.0004860168780678725
2023-09-18 00:00:00+00:00,179.38999938964844,0.005870383136318935,4.3324131176917826e-05,4.358229178024877e-05,4.893079002240484e-05,7.908727799329178e-05,8.034119354255569e-05,0.00016840486966147452,0.00028013413767202723,0.0005292293176541743
2023-09-19 00:00:00+00:00,179.22000122070312,-0.0009480950413545131,3.446139816717774e-05,7.778552934409589e-05,7.804368994742619e-05,0.00011012101233104637,0.00011366222512923689,0.0002026164686127805,0.00030637447706850866,0.0005506306135188148
2023-09-20 00:00:00+00:00,179.35000610351562,0.0007251297423289671,8.988842074410158e-07,3.5360282374619076e-05,7.868441355153658e-05,8.429107239702344e-05,0.00011444756036791068,0.00013635446572709596,0.00021278150097537392,0.0005463402641495755
2023-09-21 00:00:00+00:00,178.0500030517578,-0.007274811145922655,5.258131432100743e-07,1.4246973506514154e-06,3.588609551782883e-05,7.946838729807712e-05,0.00011154570968169761,0.00011622728906038467,0.00020706356097775885,0.000506400318226168
2023-09-22 00:00:00+00:00,178.6199951171875,0.0031961900557462286,5.292287720884049e-05,5.344869035205089e-05,5.4347574559491584e-05,0.00013213310390358698,0.0001377397627490742,0.00016800979968872864,0.0002572138423881437,0.0005365744608884631
2023-09-25 00:00:00+00:00,177.6999969482422,-0.005163898932471156,1.021563087245108e-05,6.31385080812919e-05,6.366432122450165e-05,9.902460359912025e-05,0.00014260689537936886,0.0001781118815924125,0.00026717967404472296,0.000545646954782233
2023-09-26 00:00:00+00:00,176.27999877929688,-0.008023084937964775,2.6665852184776745e-05,3.688148305722815e-05,8.980436026606833e-05,9.122905761671925e-05,0.00016901458696081499,0.0002013500699477661,0.0002266846391363742,0.0005723128069670098
2023-09-27 00:00:00+00:00,174.10000610351562,-0.012443751217318777,6.436989192179724e-05,9.103574410657432e-05,0.00010125137497902507,0.00015470006533107548,0.00019006034770569438,0.00023899113772809938,0.0002704015412482501,0.0006274093308100946
2023-09-28 00:00:00+00:00,173.22999572753906,-0.005009715204337795,0.00015484694435852255,0.0002192168362803201,0.00024588268846509657,0.0003090211965463879,0.0003104458938970392,0.0003884895838444655,0.00042410811902627606,0.0007751912914610803
2023-09-29 00:00:00+00:00,171.4499969482422,-0.01032850551809883,2.509724642857327e-05,0.00017994419078709613,0.00024431408270889304,0.0002811955657661207,0.0003346442561181714,0.0004133286696697082,0.00044909181648608213,0.0007667322934970995
2023-10-02 00:00:00+00:00,169.64999389648438,-0.01055420585609923,0.00010667802623739797,0.00013177527266597155,0.0002866222170244938,0.0003776579611310676,0.0004407964692123593,0.00047668256473018837,0.000552342178894057,0.0008710416258648422
2023-10-03 00:00:00+00:00,169.16000366210938,-0.002892421000057155,0.00011139126125291929,0.00021806928749031756,0.00024316653391889053,0.0004623833701992102,0.0004992648532564382,0.0005536124278159298,0.0006370046160055124,0.0009824036072572319
2023-10-04 00:00:00+00:00,169.13999938964844,-0.00011826350755939075,8.366099241571632e-06,0.00011975736049449124,0.0002264353867318889,0.0004063795775189845,0.0004974153216255586,0.0005610796428500604,0.0006400222170049274,0.0009832953352082992
2023-10-05 00:00:00+00:00,168.8300018310547,-0.0018344684108635434,1.3986257220250072e-08,8.380085498792207e-06,0.00011977134675171117,0.00025154661941768225,0.0004707634556980022,0.0005605678159640707,0.0006397780426588172,0.0009805927661584552
2023-10-06 00:00:00+00:00,169.6999969482422,0.0051398519222738415,3.365274350456214e-06,3.3792606076767894e-06,1.1745359849248097e-05,0.0002298146473395652,0.0004097588381266612,0.0005110102131056864,0.0005998191858323555,0.0008816786343488767
2023-10-09 00:00:00+00:00,172.82000732421875,0.018218478536943472,2.6418077782902105e-05,2.9783352133358645e-05,2.979733839057857e-05,0.00014955469888506935,0.0002813299715510407,0.0005272126600161374,0.0005917758654480799,0.0009080461565909434
2023-10-10 00:00:00+00:00,172.52999877929688,-0.0016795054754084049,0.00033191296020106993,0.00035833103798397234,0.00036169631233442823,0.00037007639783322,0.0005881456853235374,0.0008324597680324306,0.0009227899414417089,0.0012382843614883547
2023-10-11 00:00:00+00:00,173.7899932861328,0.007276507826109224,2.8207386419268123e-06,0.00033473369884299707,0.00036115177662589883,0.0003645310372335752,0.00048428839772806623,0.0007709106147525602,0.0009250848669404255,0.0012328840413595853
2023-10-12 00:00:00+00:00,173.25999450683594,-0.003054310387323511,5.294756614342879e-05,5.576830478535593e-05,0.00038768126498642556,0.00041746461711978375,0.0004258447026185757,0.0006690112365374664,0.0009251095558750139,0.0011913397472024384
2023-10-13 00:00:00+00:00,178.8300018310547,0.03164231938177586,9.328811942112297e-06,6.227637808554142e-05,6.50971167274679e-05,0.0004234281547114398,0.00042680741531911636,0.0006532428020510054,0.000924222736944675,0.0011944248060037255
2023-10-16 00:00:00+00:00,177.9600067138672,-0.004876800474352017,0.0010012363758583084,0.001010565187800421,0.0010635127539438496,0.0013982464527868461,0.0014280298049202046,0.001547801151671916,0.0018987932606182067,0.0021928885860635784
2023-10-17 00:00:00+00:00,178.2899932861328,0.0018525567250016195,2.3783182866640053e-05,0.0010250195587249487,0.0010343483706670609,0.0010901166754524164,0.0014484477134363886,0.001460193073285637,0.0018582065515630496,0.0022164219697143467
2023-10-18 00:00:00+00:00,180.8699951171875,0.014367113783494645,3.431966419348726e-06,2.7215149285988996e-05,0.0010284515251442973,0.0010907279032298382,0.0014254616020728352,0.001455258940463414,0.0017067915736238759,0.0021526930490405696
2023-10-19 00:00:00+00:00,183.08999633789065,0.012199301049654387,0.00020641395846788182,0.00020984592488723077,0.0002336291077538706,0.0012441942955542912,0.0012999626003396471,0.0016616589126740755,0.0018881082856631844,0.00233845401769853
2023-10-20 00:00:00+00:00,183.58999633789065,0.002727175302074336,0.00014882294610009863,0.00035523690456798067,0.00035866887098732916,0.0013836884297122774,0.0014459648077978188,0.0018071165844237179,0.0019302532055258848,0.0024861365972181325
2023-10-23 00:00:00+00:00,182.97000122070312,-0.0033827788768210354,7.437485128244247e-06,0.0001562604312283431,0.0003626743896962247,0.0003898895389822132,0.0014004547267826343,0.00178813599176906,0.0018262994294012099,0.0024934605333776093
2023-10-24 00:00:00+00:00,182.9499969482422,-0.00010933686369085649,1.1443192929466586e-05,1.888067805771105e-05,0.00016770362415780948,0.00037754954904503977,0.0014025691077699885,0.0014676662244974565,0.0018293765230891048,0.0025014760624776527
2023-10-25 00:00:00+00:00,183.72000122070312,0.004199991317573648,1.1954549761752933e-08,1.1455147479228553e-05,1.8892632607472585e-05,0.00037412953717545284,0.0004013446864614418,0.0014648574404052916,0.0018293744913816465,0.0024747591928859503
2023-10-26 00:00:00+00:00,184.00999450683597,0.001577208003793018,1.7639927067694027e-05,1.7651881617455998e-05,2.9095074546922365e-05,0.00018535550577526504,0.00039520143066249576,0.0014295498013295568,0.001843649144098884,0.002487050621711488
2023-10-27 00:00:00+00:00,186.1499938964844,0.011562693424814974,2.487585087228757e-06,2.0127512154923e-05,2.0139466704684537e-05,3.9020144762395155e-05,0.00039425704933037585,0.0014227085744746733,0.0018197186514032108,0.0024892800461953865
2023-10-30 00:00:00+00:00,185.1000061035156,-0.005656514976964289,0.00013369587923625943,0.0001361834643234884,0.00015382339139118222,0.00016527853887041033,0.0003215389700987534,0.0005551680778526243,0.0016215015704384003,0.002579651794254728
2023-10-31 00:00:00+00:00,184.08999633789065,-0.0054715039881712,3.199616168462131e-05,0.00016569204092088094,0.00016817962600810952,0.00018583150762556508,0.00020471218568327612,0.0005633810566706056,0.001650676993481095,0.0025771865577721717
2023-11-01 00:00:00+00:00,183.50999450683597,-0.0031556165767172573,2.993735589257335e-05,6.193351757719488e-05,0.0001956293968134541,0.00021575690896837667,0.0002272120564476052,0.0005898864461438301,0.0016276667832302394,0.002606225029457304
2023-11-02 00:00:00+00:00,184.1199951171875,0.0033185604405963076,9.957915979252742e-06,3.989527187182631e-05,7.18914335564474e-05,0.00020807489787993537,0.00022572677949739137,0.00039343040365520107,0.0016282958872673799,0.002615657132293347
2023-11-03 00:00:00+00:00,184.7899932861328,0.003632316427605531,1.1012843397890759e-05,2.0970759377143717e-05,5.090811526971685e-05,0.00021660015619059738,0.0002367276683455204,0.0002556203009529932,0.0006380723548069622,0.0025737470984823966
2023-11-06 00:00:00+00:00,183.3500061035156,-0.007823081050705838,1.3193722630253005e-05,2.420656602814398e-05,3.416448200739651e-05,9.609799958459095e-05,0.00023228146390807936,0.00026137653845500195,0.0006274828945705752,0.002576725190240199
2023-11-07 00:00:00+00:00,182.58999633789065,-0.004153745714031487,6.120059712591276e-05,7.439431975616598e-05,8.540716315405653e-05,0.00012530243502588238,0.0002909944759467634,0.0003111339426514481,0.0006852515252771392,0.0026112599351813346
2023-11-08 00:00:00+00:00,180.7700042724609,-0.01001765347062733,1.7253603456834947e-05,7.845420058274793e-05,9.164792321300072e-05,0.00011261868259014399,0.00017455220016733886,0.0003283755915585213,0.0004960911702660923,0.002564143646716373
2023-11-09 00:00:00+00:00,181.4900054931641,0.0039750574137906725,0.00010035338105757179,0.00011760698451440695,0.0001788075816403195,0.00020301414766846305,0.00024290941954028937,0.00041108904554839904,0.0004476216052235654,0.0025096500834154217
2023-11-10 00:00:00+00:00,179.50999450683594,-0.010969699953244927,1.5801081442932188e-05,0.00011615446250050419,0.00013340806595733894,0.00020780238571350447,0.0002287731450906482,0.0004244025419041025,0.00045598520153825343,0.002500353918429781
2023-11-13 00:00:00+00:00,180.50999450683597,0.005555261386915866,0.00012033431706422175,0.00013613539850715415,0.00023648877956472574,0.0003149429801474732,0.00033914954617561717,0.0004110409797320648,0.0005648763256730086,0.0025140102092566043
2023-11-14 00:00:00+00:00,182.1199951171875,0.008879636186604145,3.086092907695839e-05,0.00015119524614118037,0.00016699632758411233,0.0002846033120985188,0.0003589976318546848,0.00040990574712440186,0.0005957253002002052,0.0024334798770806435
2023-11-15 00:00:00+00:00,181.63999938964844,-0.0026390807860945387,7.88479388064498e-05,0.00010970886788340841,0.00023004318494762994,0.0003461976474481337,0.00042465184803088164,0.00045881633003827836,0.0006569333119389609,0.0025039617166455214
2023-11-16 00:00:00+00:00,183.69000244140625,0.011222864579353953,6.964747395533368e-06,8.581268620198339e-05,0.00011667361527894156,0.00025280901378609526,0.00037041599830050224,0.000455823161454559,0.0006614104742472656,0.0025109124777838348
2023-11-17 00:00:00+00:00,183.6699981689453,-0.00010890827769749478,0.00012595268936651757,0.00013291743676205114,0.00021176537556850074,0.00036296062170968065,0.00047911508421018484,0.0005707630074231857,0.0006536672843775236,0.002633499892799896
2023-11-20 00:00:00+00:00,183.3699951171875,-0.0016347162383043568,1.1861012951034639e-08,0.0001259645503794688,0.00013292929777500195,0.00024263816565840994,0.00037877356416556415,0.0005575811458058838,0.0006216829837058535,0.002607093676029945
2023-11-21 00:00:00+00:00,185.3500061035156,0.010740019593542094,2.6722971797759464e-06,2.6841581927271977e-06,0.00012863684755924456,0.0002144495337612275,0.00036564477990240783,0.000499052845859747,0.0005944179249930561,0.0022778530130086513
2023-11-22 00:00:00+00:00,184.55999755859372,-0.004271361889172098,0.00011534802086966809,0.00011802031804944426,0.00011803217906239508,0.0002509496158244458,0.0003606584837078542,0.0005971472632725801,0.0006998080298834714,0.0023903802952363923
2023-11-24 00:00:00+00:00,185.5200042724609,0.005188115339681332,1.8244532388271838e-05,0.00013359255325794014,0.0001362648504377159,0.00026222940081718424,0.0003480420870191677,0.0005150384146032802,0.0007070397188738525,0.0023556772614812356
2023-11-27 00:00:00+00:00,186.7700042724609,0.006715220224108975,2.691654077783674e-05,4.5161073166108795e-05,0.00016050909403577667,0.00016319325222850344,0.0002961106889905546,0.0005261538739381847,0.0007207625370214361,0.00237326499031696
2023-11-28 00:00:00+00:00,189.25999450683597,0.013243765854618061,4.5094182658282196e-05,7.201072343611915e-05,9.025525582439079e-05,0.0002082755738738346,0.0003342401242533034,0.0004509137395322452,0.0007046561225538057,0.0014171227971169335
2023-11-29 00:00:00+00:00,189.5399932861328,0.0014783465644931937,0.00017539733401194727,0.00022049151667022967,0.00024740805744806623,0.0003810006107060059,0.0003836847688987331,0.0005954501444672342,0.000862799853108918,0.0015687369482622407
2023-11-30 00:00:00+00:00,188.75,-0.004176660491013173,2.1855085647488286e-06,0.00017758284257669632,0.00022267702523497831,0.0002678380984010866,0.0003858584164505309,0.000518787714225533,0.0007646319806160949,0.0015674904904076409
2023-12-01 00:00:00+00:00,192.00999450683597,0.01712403726695122,1.74444928571904e-05,1.9630001421939447e-05,0.00019502733543388652,0.0002670380588700052,0.0004006306121279454,0.0005292674596871902,0.0007662753920303532,0.0013785210247969494
2023-12-04 00:00:00+00:00,187.8600006103516,-0.021850417580745685,0.0002932326523199342,0.00031067714517712486,0.0003128626537418735,0.0005333541704121027,0.0005785152435782116,0.0006965474226406068,0.0009391737272860658,0.0015229307310167851
2023-12-05 00:00:00+00:00,187.1499938964844,-0.003786606077862409,0.0004774407484529601,0.0007706734007728945,0.0007881178936300847,0.0009657007362067805,0.0010377114596428997,0.0011739763100806159,0.0013857535466620674,0.0019929339943415007
2023-12-06 00:00:00+00:00,187.83999633789065,0.003680115406356599,1.4338385588904536e-05,0.0004917791340418649,0.0007850117863617989,0.0008046417877837378,0.0010251333044539676,0.0011856423984897444,0.0013212439934445221,0.001995829187000939
2023-12-07 00:00:00+00:00,188.1499938964844,0.0016489674559858614,1.3543249404103195e-05,2.788163499300795e-05,0.0005053223834459678,0.0008159995286230923,0.0009935823711997886,0.0010838376270241796,0.001327822495453092,0.0020093604818552805
2023-12-08 00:00:00+00:00,185.63999938964844,-0.01343017351466802,2.7190936709004837e-06,1.6262343075003896e-05,3.0600728663908215e-05,0.0008012741294368024,0.0008209041308587417,0.0010683121883068082,0.0012045888997574748,0.0019944396484584868
2023-12-11 00:00:00+00:00,183.58999633789065,-0.011104320560253456,0.00018036956063409036,0.00018308865430499105,0.00019663190370909403,0.0006884110377509584,0.0009990881829280832,0.0012217652081630617,0.0013849465993786142,0.0021723216240053483
2023-12-12 00:00:00+00:00,183.4900054931641,-0.0005447904909061663,0.00012330593510486763,0.00030367549573895823,0.00030639458940985847,0.00033427622440286597,0.0011049496251757604,0.0012999769606096472,0.0015055802373037058,0.0021619316798739564
2023-12-13 00:00:00+00:00,187.6300048828125,0.022311764488914143,2.967966789817816e-07,0.00012360273178384964,0.00030397229241793975,0.00032023463549294323,0.000812013769534808,0.0011248764232766818,0.0013905290131130195,0.002130232314868317
2023-12-14 00:00:00+00:00,188.72999572753903,0.005845435089188555,0.0004978148346087702,0.0004981116312877522,0.0006214175663926196,0.0008045062206976102,0.0008323878556906182,0.001620505749320703,0.001870099315333518,0.0025981097935845136
2023-12-15 00:00:00+00:00,187.0,-0.009208782757507805,3.416911138191682e-05,0.0005319839459906872,0.0005322807426696688,0.0008359562384086266,0.0008522185814836304,0.0016372303678454296,0.001877351885937598,0.0026223209889871778
2023-12-18 00:00:00+00:00,187.8500061035156,0.0045351876568231475,8.480167987497305e-05,0.0001189707912568901,0.0006167856258656601,0.0007403883576495093,0.0009234770119545003,0.0014287993954004681,0.001917059383154289,0.0026961098254642607
2023-12-19 00:00:00+00:00,189.1300048828125,0.006790830606181686,2.056792708260103e-05,0.00010536960695757432,0.0001395387183394909,0.0006376503496272427,0.0009413258453662009,0.0009719265740301093,0.0017622299762249426,0.002703484029916608
2023-12-20 00:00:00+00:00,188.1000061035156,-0.005460866362358985,4.611538032185392e-05,6.668330740445516e-05,0.000151484987279428,0.0006834689332701148,0.0008070716650539644,0.0010037035687630587,0.0018061598479820478,0.0026883988131125493
2023-12-21 00:00:00+00:00,189.42999267578125,0.0070457557204406385,2.9821061427543853e-05,7.593644174939799e-05,9.65043688319988e-05,0.00021547516008888845,0.0007135867913766406,0.0010199813807864992,0.0018185364165524012,0.0027009662710832582
2023-12-22 00:00:00+00:00,190.2700042724609,0.00442461403136285,4.964267367212198e-05,7.946373509966606e-05,0.00012557911542151974,0.00023094872237909363,0.0007629326683697809,0.0010669049607877207,0.001574946437904589,0.0026502555636978087
2023-12-26 00:00:00+00:00,191.72000122070312,0.00759184215150821,1.957720932653301e-05,6.921988299865521e-05,9.904094442619884e-05,0.00016572425183065357,0.0002846950430875437,0.0009061126094801635,0.0011170828987781618,0.002654031691581409
2023-12-27 00:00:00+00:00,192.58999633789065,0.004527577262521731,5.763606725341681e-05,7.721327657995003e-05,0.0001268559502520718,0.00020279239200146935,0.0003081619989590437,0.0008404427416287127,0.001160380580442674,0.0025913334417706044
2023-12-28 00:00:00+00:00,191.47000122070312,-0.005832413160525185,2.0498955868103774e-05,7.81350231215208e-05,9.77122324480536e-05,0.00017717596754771923,0.0002438592749521744,0.0008606449008178346,0.0011673362869066748,0.0025809714685617498
2023-12-29 00:00:00+00:00,191.1699981689453,-0.0015680697977629166,3.401704327506738e-05,5.451599914317136e-05,0.00011215206639658797,0.00018137194939524276,0.0002573083911446407,0.00039684710948413186,0.0011986342365108416,0.0025361405730303676
2024-01-02 00:00:00+00:00,190.72000122070312,-0.0023566846852940415,2.458842890656234e-06,3.6475886165723815e-05,5.697484203382739e-05,0.000134188118613777,0.00021365185371344307,0.00036513684099287127,0.0010207235187674076,0.0025316346685254902
2024-01-03 00:00:00+00:00,189.1300048828125,-0.008371755159892302,5.5539627058994755e-06,8.012805596555912e-06,4.2029848871623086e-05,0.00012016487199314346,0.0001893847549917987,0.00028588912382379773,0.0009029715463684393,0.002411235941864872
2024-01-04 00:00:00+00:00,189.32000732421875,0.001004108607433274,7.008628445718339e-05,7.564024716308306e-05,7.80990900537391e-05,0.00013261508919691005,0.0002098283657768601,0.00033540748119838005,0.000972761034146641,0.0024813103653091046
2024-01-05 00:00:00+00:00,189.3500061035156,0.00015844285681865244,1.0082340955215885e-06,7.109451855270518e-05,7.664848125860445e-05,0.00011312436742432784,0.00019125939054584866,0.0002903003349720477,0.0004759544336333923,0.00247964630222485
2024-01-08 00:00:00+00:00,187.8699951171875,-0.007846978293015283,2.5104138876856e-08,1.033338234398648e-06,7.111962269158183e-05,7.913242828813732e-05,0.00013364842743130868,0.0002605043776833807,0.00044181042639035233,0.002364323385494059
2024-01-09 00:00:00+00:00,187.92999267578125,0.0003193058065589227,6.157506833105305e-05,6.160017246993011e-05,6.260840656545149e-05,0.00013824865372853414,0.00017472453989425795,0.0002724367723423118,0.00041858381484643234,0.00240765392143684
2024-01-10 00:00:00+00:00,187.5,-0.0022906686849220037,1.0195619810224418e-07,6.16770245291555e-05,6.170212866803215e-05,0.0001327966472207369,0.00014080945281729284,0.00025296151921388104,0.00039811784396193357,0.0023808393368571056
2024-01-11 00:00:00+00:00,187.8699951171875,0.001971362878363081,5.247163024082302e-06,5.3491192221847495e-06,6.692418755323759e-05,6.795752578763582e-05,0.00014359777295071892,0.0002005726149845465,0.00035724962666416194,0.002340992317222906
2024-01-12 00:00:00+00:00,189.7100067138672,0.009746417465784418,3.886271598187972e-06,9.133434622270477e-06,9.235390820372518e-06,7.08355632903022e-05,0.00014193008184300738,0.0001839599307146307,0.0003313148368348061,0.0021694812548091465
2024-01-16 00:00:00+00:00,187.91000366210935,-0.00953348146491706,9.499265341734756e-05,9.887892501553574e-05,0.00010412608803961783,0.0001658031125687729,0.00016683645080317155,0.00024493554085691085,0.00037666481658003164,0.002262288399661745
2024-01-17 00:00:00+00:00,185.83999633789065,-0.011077075533253655,9.088726884191712e-05,0.0001858799222592649,0.00018976619385745267,0.00019511531307963697,0.0002567154855495671,0.00033336396680817176,0.00044797487609541574,0.002335731175646472
2024-01-18 00:00:00+00:00,187.3699951171875,0.008199176794244423,0.00012270160236940676,0.0002135888712113241,0.00030858152462867144,0.00031771495925094146,0.000379391983780097,0.00045051160647167904,0.0005130404112114057,0.0021652001256959445
2024-01-19 00:00:00+00:00,187.92999267578125,0.0029842685447007966,6.722650010327625e-05,0.00018992810247268324,0.0002808153713146002,0.0003796942963301354,0.00038504341555232026,0.00044765182211777194,0.0005597679554465782,0.0017549858773462607
2024-01-22 00:00:00+00:00,187.22000122070312,-0.0037851116316351963,8.905858746890611e-06,7.613235885016708e-05,0.00019883396121957362,0.00038471388347883806,0.0003938473181011086,0.00045554944676914097,0.0005346567709184014,0.0017495533505042465
2024-01-23 00:00:00+00:00,187.9499969482422,0.003891551309362029,1.4327070063940057e-05,2.3232928810830883e-05,9.045942891410692e-05,0.0003040483001254306,0.00040292722514096634,0.00046985141269420414,0.0005465249980916852,0.0017503371711640836
2024-01-24 00:00:00+00:00,186.3999938964844,-0.008281084265806093,1.5144171593397322e-05,2.9471241657337597e-05,3.837710040422799e-05,0.00022830520287691076,0.0004141851251361757,0.0004234205159565484,0.0005561152069791831,0.0017627622490865805
2024-01-25 00:00:00+00:00,187.13999938964844,0.0039621270789886864,6.857635661738124e-05,8.372052821077878e-05,9.804759827471862e-05,0.00017417995712488524,0.0003877688283362094,0.0004918949163758274,0.000554605279139381,0.0016509690450698714
2024-01-26 00:00:00+00:00,187.00999450683597,-0.0006949345993065847,1.569845099005542e-05,8.427480760743689e-05,9.9418979200834e-05,0.0001226519080116644,0.0003125800104843477,0.0005023462043418005,0.0005692954960339147,0.0015433615609550591
2024-01-29 00:00:00+00:00,188.3300018310547,0.0070336909422517024,4.829340973134034e-07,1.6181385087369043e-05,8.475774170475007e-05,0.0001142289833620872,0.0001903613422122543,0.0004989428668409259,0.0005697533259923513,0.0015435476983733907
2024-01-30 00:00:00+00:00,188.58999633789065,0.00137957417666712,4.9472808271113644e-05,4.995574236842726e-05,6.565419335848248e-05,0.0001493747215692608,0.00017260765038009168,0.00045342302169469205,0.0005576510659324119,0.001095205672035734
2024-01-31 00:00:00+00:00,188.4499969482422,-0.0007426235867571407,1.9032249089267618e-06,5.137603318004062e-05,5.185896727735382e-05,0.00013613377488479024,0.00016560501654212784,0.0003644389777617017,0.0005594523346432364,0.0010629397855627441
2024-02-01 00:00:00+00:00,190.41000366210935,0.01034695770009364,5.514897916080404e-07,2.454714700535019e-06,5.192752297164846e-05,6.810890805901701e-05,0.00015182943626979581,0.00024228886518390296,0.0005547566614107621,0.0009786895954793792
2024-02-02 00:00:00+00:00,188.6100006103516,-0.009498266920115128,0.00010705953364752707,0.00010761102343913533,0.00010951424834806188,0.00015946999071648864,0.00024374479832392558,0.0002821218987281538,0.0006579299234601012,0.001065181202044305
2024-02-05 00:00:00+00:00,187.57000732421875,-0.005529246178959113,9.021707448575332e-05,0.0001972766081332806,0.00019782809792488846,0.0002492041311049286,0.00026538551619229765,0.0003634331144670165,0.000653154344528507,0.0011092828962082045
2024-02-06 00:00:00+00:00,188.5500030517578,0.0052110917695982195,3.057256330753395e-05,0.00012078963779328749,0.00022784917144081436,0.00023030388614134886,0.00028025962850977617,0.0003796786077106104,0.0005928396389941238,0.0011100343980881945
2024-02-07 00:00:00+00:00,188.5,-0.00026523300170389064,2.7155477431174304e-05,5.772804073870847e-05,0.0001479451152244616,0.00025555613866359644,0.0003069321718436371,0.0003916899135483874,0.0004972935140558914,0.001087547201847247
2024-02-08 00:00:00+00:00,188.3300018310547,-0.0009022539588237066,7.034854519285606e-08,2.7225825976367375e-05,5.779838928390114e-05,0.00025507499741718123,0.0002575297121177163,0.000323183905476199,0.00043013736249780795,0.0010680403410659068
2024-02-09 00:00:00+00:00,187.6000061035156,-0.0038836838223863523,8.140622062130509e-07,8.844107514061238e-07,2.8039888182580238e-05,0.00014882952597586722,0.00025644054941500257,0.0003082995166923566,0.00042204556595713046,0.001011218336018703
2024-02-12 00:00:00+00:00,187.1100006103516,-0.0026153866387206293,1.5083000032265468e-05,1.5897062238478735e-05,1.5967410783671403e-05,7.369545152237937e-05,0.00027097205965566,0.0003228995826273087,0.00042280149592545586,0.0010058023801828647
2024-02-13 00:00:00+00:00,184.52999877929688,-0.013884637194949256,6.840247269998391e-06,2.1923247302264076e-05,2.273730950847694e-05,4.996313548484381e-05,0.00017075277327813134,0.0002802670216261934,0.0004144975716020569,0.0009786255841777957
2024-02-14 00:00:00+00:00,184.4199981689453,-0.0005962900909111113,0.00019278315003536835,0.00019962339730536695,0.00021470639733763225,0.00021559080808903787,0.0002733188488277464,0.00047114694675263503,0.000538704365020044,0.0011689498913225078
2024-02-15 00:00:00+00:00,185.66000366210935,0.006701308514327486,3.5556187251878137e-07,0.00019313871190788736,0.00019997895917788554,0.0002158760214163638,0.00024310184739273122,0.0004709510188335458,0.0005233614759025075,0.0011637514904891272
2024-02-16 00:00:00+00:00,186.33999633789065,0.0036558786728413395,4.490753580419806e-05,4.526309767671706e-05,0.0002380462477120852,0.0002599694950143488,0.00026085390576575495,0.0004087990209902168,0.0005677860776093921,0.0011385727418361418
2024-02-20 00:00:00+00:00,187.47000122070312,0.006045896751115443,1.3365448870536154e-05,5.827298467473444e-05,5.862854654725299e-05,0.00025825194385261947,0.0002741490060910983,0.0003319473953749996,0.0005316787182088145,0.0011509299566111564
2024-02-21 00:00:00+00:00,187.47999572753903,5.331114505668921e-05,3.655286752514827e-05,4.9918316395684634e-05,9.482585219988248e-05,0.0002879645641077693,0.00030988781141003347,0.00033792769959261395,0.0005663283608250361,0.0011874577199974278
2024-02-22 00:00:00+00:00,187.55999755859372,0.00042663093910189076,2.8420781872553587e-09,3.655570960333573e-05,4.992115847387168e-05,9.518425615058828e-05,0.00029480765345595527,0.00031077506423962686,0.0005657797131116153,0.001125885493744562
2024-02-23 00:00:00+00:00,188.6199951171875,0.005635602023986053,1.8201395819896122e-07,1.8485603638643342e-07,3.673772356153449e-05,9.501070823626846e-05,0.0002881494201441558,0.000310886729652633,0.00045890219342228716,0.0011259655515046586
2024-02-26 00:00:00+00:00,188.1999969482422,-0.002229172292928183,3.176001017275569e-05,3.194202413095487e-05,3.194486620914191e-05,8.186318260482609e-05,0.00012712628028154318,0.00034183267761917564,0.0004004451291092896,0.001152478398653332
2024-02-27 00:00:00+00:00,188.0,-0.0010632481058259202,4.969209111558694e-06,3.6729219284314604e-05,3.691123324251335e-05,7.346694284584863e-05,0.0001317399275205831,0.0003317188866984689,0.0003748417749133143,0.0011535613361667028
2024-02-28 00:00:00+00:00,188.33999633789065,0.0018068578078276332,1.1304965345424072e-06,6.0997056461013184e-06,3.785971581885679e-05,3.804457185524276e-05,8.796288825092744e-05,0.00032600913596301286,0.00034881679401668243,0.0010596991792838977
2024-02-29 00:00:00+00:00,189.30999755859372,0.005137049487700551,3.26473513770768e-06,4.395231672250304e-06,9.36444078380878e-06,4.130646491476319e-05,7.786217451809897e-05,0.00013649072106535216,0.00035201118060919725,0.0009720766455796882
2024-03-01 00:00:00+00:00,192.88999938964844,0.018734204946424526,2.6389277439084497e-05,2.9654012576792395e-05,3.078450911133459e-05,6.751372839564873e-05,6.769858443203518e-05,0.0001625244366319179,0.00037758639584206866,0.000875764320649366
2024-03-04 00:00:00+00:00,196.00999450683597,0.016045575240363874,0.0003509704349746372,0.0003773597124137219,0.0003806244475514294,0.0003867241531975302,0.0004186661773284851,0.000468587335802357,0.0007134738307844404,0.001159508255520727
2024-03-05 00:00:00+00:00,197.19000244140625,0.006002093012313026,0.0002574604847941782,0.0006084309197688157,0.0006348201972078999,0.0006392154288801498,0.0006759446481644643,0.000712682371725999,0.0009640940683086202,0.0014080628815680144
2024-03-06 00:00:00+00:00,198.80999755859372,0.008181839163568405,3.602512052845685e-05,0.0002934856053226353,0.0006444560402972723,0.0006741100528740641,0.0006802097585201655,0.0007121546247293076,0.0008073360388017087,0.0014297609320325312
2024-03-07 00:00:00+00:00,199.94000244140625,0.005667751261581699,6.694249209850174e-05,0.00010296761262695881,0.0003604280974211368,0.0007377878098348582,0.0007421830415071085,0.0007790942747496222,0.0008739229690276917,0.001481559252537636
2024-03-08 00:00:00+00:00,201.6300048828125,0.008417025116951748,3.212340436316095e-05,9.90658964616629e-05,0.00013509101699011954,0.0007435219367589348,0.0007731759493357271,0.0008110356651545841,0.0008611388375866546,0.0014451063002834154
2024-03-11 00:00:00+00:00,202.0,0.0018333385345243869,7.084631181939659e-05,0.00010296971618255775,0.00016991220828105927,0.00046339781360369407,0.0008407575260174161,0.000850121966801225,0.0009186197005355149,0.0015002541611127567
2024-03-12 00:00:00+00:00,199.7899932861328,-0.011000916093968804,3.3611301821720264e-06,7.420744200156884e-05,0.00010633084636472957,0.00020929845899168788,0.0008177293787605035,0.0008485138878718384,0.0008854279631925388,0.0015031323571976154
2024-03-13 00:00:00+00:00,201.19000244140625,0.006982966028737714,0.00012102015490654186,0.0001243812850887141,0.00019522759690811047,0.0002942934933697729,0.0005877790986924083,0.0009684035462438379,0.0010064452760208933,0.0015746797038330433
2024-03-14 00:00:00+00:00,200.3500061035156,-0.004183879789555256,4.876181455850496e-05,0.00016978196946504704,0.00017314309964721887,0.00027611281582977615,0.000379080428456735,0.0010139006256646352,0.0010550250766211992,0.0016215382934826217
2024-03-15 00:00:00+00:00,199.7100067138672,-0.003199519647615112,1.7504850093448933e-05,6.626666465195411e-05,0.00018728681955849577,0.0002614942615600641,0.00036056015802172706,0.0010050161983189995,0.0010407699165418925,0.0016384916537844625
2024-03-18 00:00:00+00:00,200.02999877929688,0.0016010012977574206,1.0236925975475131e-05,2.774177606892428e-05,7.650359062742903e-05,0.00020088487571614264,0.00030385459189870046,0.0006642826893198375,0.001046037633405809,0.0015416690461124106
2024-03-19 00:00:00+00:00,199.8000030517578,-0.0011504677080447223,2.563205155420945e-06,1.2800131130896294e-05,3.0304981224345008e-05,0.00020008695068939158,0.00027429439269096044,0.0004093854096810802,0.0010474703420266876,0.0014540151767820783
2024-03-20 00:00:00+00:00,202.17999267578125,0.011841472011166587,1.3235759472536764e-06,3.886781102674838e-06,1.4123707078149752e-05,8.039037173010337e-05,0.00020477165681881754,0.00037468386509987705,0.0010455291828362335,0.001424766189421798
2024-03-21 00:00:00+00:00,201.97000122070312,-0.0010391759354035912,0.00014022045939124166,0.00014154403533849557,0.0001441072404939163,0.0001718490165628401,0.00034163098602788715,0.00044796183239261694,0.0011593603647883908,0.0015378311713818652
2024-03-22 00:00:00+00:00,200.3500061035156,-0.008053310017860582,1.0798866247219287e-06,0.0001413003460159638,0.00014262392196321728,0.0001554240530941131,0.00022169071774606725,0.00041691831465417794,0.0008094698164384755,0.0015388407094613944
2024-03-25 00:00:00+00:00,200.9900054931641,0.003189315361775691,6.485580224377361e-05,6.593568886849576e-05,0.0002061561482597372,0.00021004292936241156,0.00023778470543133588,0.000410927805078555,0.0006168651338880708,0.001602882449498955
2024-03-26 00:00:00+00:00,201.63999938964844,0.0032287432792985626,1.0171732476858406e-05,7.502753472063223e-05,7.610742134535395e-05,0.00021765145668384904,0.00023045158781474537,0.00041773840737324133,0.0005910117458364725,0.0015979711819435478
2024-03-27 00:00:00+00:00,203.1000061035156,0.007214572450621404,1.0424783163615636e-05,2.059651564047426e-05,8.545231788424765e-05,0.00022675266390021097,0.00023063944500288587,0.0003071430356303151,0.0005344940369015863,0.0016015557178371653
2024-03-28 00:00:00+00:00,205.72000122070312,0.012817528202409889,5.2050055645265324e-05,6.247483880888117e-05,7.264657128573936e-05,0.00013858226015423463,0.00028012629549273023,0.0003104312767170755,0.0005544206881836907,0.001460822623447062
2024-04-01 00:00:00+00:00,207.82000732421875,0.01015632882706452,0.00016428902921957289,0.00021633908486483843,0.00022676386802845385,0.0003017914027490856,0.0004430917487650495,0.0004572154558431994,0.000647863405583867,0.0016247560907941161
2024-04-02 00:00:00+00:00,210.88999938964844,0.014664311961913867,0.00010315101524346177,0.0002674400444630349,0.0003194901001083,0.00034008661574877377,0.0004060223046172696,0.0005501295451111861,0.0007476532906451567,0.00168299957023338
2024-04-03 00:00:00+00:00,212.7400054931641,0.008734121015037566,0.00021504204531633015,0.00031819306055979213,0.00048248208977936483,0.0005449569285882454,0.0006199844633088778,0.0007626083852720952,0.000841675181054945,0.001884676166679174
2024-04-04 00:00:00+00:00,211.5200042724609,-0.005751211782368593,7.628486990532084e-05,0.0002913269152216512,0.00039447793046511274,0.0006108170153299507,0.000631413530970425,0.0008375696792301624,0.000869198236401761,0.0019244081690593464
2024-04-05 00:00:00+00:00,215.13999938964844,0.016969399304690214,3.307643696565532e-05,0.00010936130687097637,0.0003244033521873063,0.0005918433966503407,0.000654318235459222,0.000730425656804576,0.0008847698232739673,0.0019574817639468147
2024-04-08 00:00:00+00:00,216.47999572753903,0.006209168519561992,0.0002879605127620207,0.00032103694972767624,0.00039732181963299685,0.0007155148801927884,0.000931853965057627,0.001017306282941875,0.0011624934100605128,0.002245260262750636
2024-04-09 00:00:00+00:00,217.6699981689453,0.005482001328254604,3.8553773704319655e-05,0.0003265142864663406,0.0003595907234319957,0.0006509176386536463,0.0009183576831166812,0.000991004254402421,0.0011984839786094114,0.0022520540262822002
2024-04-10 00:00:00+00:00,215.6100006103516,-0.009508923035404848,3.0052338562985247e-05,6.860611226730513e-05,0.0003565666250293256,0.0004659279319003015,0.0007841209924600937,0.0010108848604885477,0.0012272127412251432,0.0022771371557336268
2024-04-11 00:00:00+00:00,219.8000030517578,0.019246832874495468,9.041961729325295e-05,0.00012047195585623842,0.00015902572956055786,0.0004800626792882336,0.0007713895945098849,0.0010908796946181851,0.0011774118991271544,0.0023664262764923373
2024-04-12 00:00:00+00:00,216.88999938964844,-0.013327746093359849,0.0003704405756987595,0.00046086019299201267,0.0004909125315549976,0.0008174268180213377,0.0009267881248923143,0.001409270214671679,0.001546772588201192,0.002733602117053389
2024-04-15 00:00:00+00:00,220.9499969482422,0.0185461080043563,0.0001776288159290687,0.0005480693916278285,0.0006384890089210812,0.0007070951211883857,0.001028132070916062,0.001422610001381175,0.001659545601886487,0.002884841655543373
2024-04-16 00:00:00+00:00,221.22000122070312,0.0012212692273934067,0.00034395812210924877,0.0005215869380383177,0.000892027513737077,0.0010124994695933148,0.0013390137560596556,0.0016634171082469621,0.0019933319915188775,0.002877829342677985
2024-04-17 00:00:00+00:00,219.58999633789065,-0.007395532411290873,1.4914985257780886e-06,0.00034544962063502705,0.0005230784365640956,0.0009839386295561077,0.001052544741823413,0.00144986656145641,0.0019843987068810394,0.0026218603564095847
2024-04-18 00:00:00+00:00,220.33999633789065,0.00340963671078498,5.469389964645379e-05,5.6185398172232095e-05,0.00040014352028148065,0.0009482129119093085,0.001068684867765547,0.0014282755911975429,0.0019870425508822284,0.0026405291355275813
2024-04-19 00:00:00+00:00,221.02999877929688,0.003126642096903609,1.1625622499532618e-05,6.631952214598662e-05,6.781102067176449e-05,0.0005893979587100817,0.0010502581517020946,0.0014068247767314202,0.0018343791441621882,0.0025852122659286124
2024-04-22 00:00:00+00:00,215.57000732421875,-0.025012716627156983,9.775890802129798e-06,2.1401513301662633e-05,7.609541294811621e-05,0.0004215450335831427,0.0009696144252109713,0.0011286401547715293,0.0017410040197208562,0.0025628647523675816
2024-04-23 00:00:00+00:00,215.0399932861328,-0.002461690648096315,0.0006256359930704554,0.0006354118838725855,0.0006470375063721179,0.0007032229045443495,0.0012248098425826671,0.0017157223741376651,0.0021515979674749815,0.00311765443361864
2024-04-24 00:00:00+00:00,214.63999938964844,-0.0018618228395403946,6.0599208469248564e-06,0.0006316959139173805,0.0006414718047195101,0.0007077913268654961,0.0010532409475005236,0.0016917299564216048,0.0020813730184165856,0.0031203532242833933
2024-04-25 00:00:00+00:00,215.9199981689453,0.0059457569557404,3.466384285834258e-06,9.52630513275933e-06,0.0006351622982032146,0.0006565638115048766,0.0007127492096771089,0.001604776723414186,0.0020517629657367644,0.0030027994536626855
2024-04-26 00:00:00+00:00,216.6199951171875,0.0032366836371746643,3.535202577673535e-05,3.8818410062569824e-05,4.487833090949447e-05,0.0006802902147820793,0.0007466097369280662,0.001269688173492162,0.001799154478751479,0.002989389664880916
2024-04-29 00:00:00+00:00,216.17999267578125,-0.002033283758808402,1.0476120967154214e-05,4.582814674388978e-05,4.929453102972383e-05,0.0006809904449471037,0.0007023919582487666,0.0011025354785302473,0.0017710768260143137,0.0029823609357546212
2024-04-30 00:00:00+00:00,211.8699951171875,-0.02013850411793694,4.134242843834023e-06,1.4610363810988453e-05,4.9962389587723586e-05,5.948869472048227e-05,0.000694900578593068,0.0007627115992648328,0.0017451587302951624,0.00297625825262298
2024-05-01 00:00:00+00:00,213.7899932861328,0.009021337418355202,0.00040555934810816306,0.0004096935909519973,0.0004201697119191513,0.0004589881219817205,0.0010906840358991012,0.0011667794488472176,0.0020602984611100723,0.0033792543955757223
2024-05-02 00:00:00+00:00,213.1300048828125,-0.003091862325121042,8.13845288158157e-05,0.00048694387692397895,0.0004910781197678128,0.0005369062665117019,0.0005464325716444615,0.0011934700780165796,0.0017712424142271286,0.0034593153484442844
2024-05-03 00:00:00+00:00,212.9600067138672,-0.0007979449099417835,9.559612637502895e-06,9.094414145331881e-05,0.0004965034895614817,0.0005111138533724695,0.0005499322634350395,0.0011914040681545498,0.001603173210935563,0.0033286545016905453
2024-05-06 00:00:00+00:00,215.1999969482422,0.010463427933373737,6.367160793020009e-07,1.0196328716805114e-05,9.15808575326206e-05,0.0005012744484846173,0.0005471025952285072,0.001182264893431722,0.001259851804905616,0.0033282113311451254
2024-05-07 00:00:00+00:00,214.2100067138672,-0.004610940499420124,0.0001094833241169058,0.00011012004019620801,0.00011967965283371069,0.000606623529757689,0.0006212338935686776,0.0006661122244781723,0.0013678436304967439,0.003372838853018258
2024-05-08 00:00:00+00:00,213.5800018310547,-0.0029453952906237646,2.1260772289192703e-05,0.00013074409640609873,0.0001313808124854005,0.00022232495393871866,0.0006320185448907161,0.0006813130759204402,0.0013344105031394828,0.003383927892830592
2024-05-09 00:00:00+00:00,216.9499969482422,0.015655419861163367,8.67535341802865e-06,2.993612570722157e-05,0.00013941944982412717,0.00014961577854093162,0.0006365596554649107,0.0006865220450526345,0.0013314602340579787,0.003382178463085005
2024-05-10 00:00:00+00:00,218.7100067138672,0.008079783894319625,0.0002450921710293084,0.0002537675244473373,0.0002750282967365298,0.0003851483369327371,0.00047609247838605615,0.0008962621903052077,0.0015667765142851574,0.003575220578469048
2024-05-13 00:00:00+00:00,216.25999450683597,-0.011265319955387376,6.528290777890682e-05,0.0003103750788082155,0.0003190504322262439,0.000449794528632342,0.00045999085734914726,0.0009510689771169603,0.0010064234289936086,0.003476214457028382
2024-05-14 00:00:00+00:00,218.08999633789065,0.008426442720749883,0.00012690743369724904,0.00019219034147615607,0.0004372825125054643,0.0004672186382126852,0.0005773386784088935,0.0010738421679703752,0.0011272709418439328,0.003499970875482169
2024-05-15 00:00:00+00:00,220.88999938964844,0.012757032448187822,7.100493692607869e-05,0.00019791237062332794,0.00026319527840223456,0.0005169628028495712,0.0006477068992556701,0.0007392877567882909,0.0011948094944841774,0.003355933767091918
2024-05-16 00:00:00+00:00,220.02999877929688,-0.0039009421414322176,0.00016274187688411696,0.00023374681381019586,0.0003606542475074447,0.0006710293263156595,0.0007009654520228813,0.0008206451048565921,0.001322199345591559,0.003442390774070714
2024-05-17 00:00:00+00:00,223.66000366210935,0.016363162829441613,1.5217349590801776e-05,0.00017795922647491895,0.00024896416340099744,0.0004411545048771529,0.0006949220293244903,0.0008263028418098911,0.0013269405742152066,0.00342453168669586
2024-05-20 00:00:00+00:00,224.55999755859372,0.004015863208073789,0.0002677530977828197,0.00028297044737362166,0.0004457123242577384,0.0006436246948810659,0.0009539997736892813,0.0010934192235134087,0.0015905594291541923,0.0034043242717166594
2024-05-21 00:00:00+00:00,224.22999572753903,-0.0014706294501545258,1.6127157305960704e-05,0.0002838802550887806,0.0002990976046795822,0.0005328444184897775,0.0007250347599659337,0.0010000630567024635,0.0012011272383519898,0.0033818976553183005
2024-05-22 00:00:00+00:00,220.1100006103516,-0.018544867564565415,2.162750979661803e-06,1.8289908285622723e-05,0.00028604300606844223,0.0004640022325433605,0.0006619146031666887,0.0009809650353929328,0.0011219054605158358,0.003354008067734977
2024-05-23 00:00:00+00:00,215.72000122070312,-0.020146148039186684,0.0003439121129872704,0.00034607486396693243,0.00036220202127289295,0.000645172468646514,0.0008789192824567101,0.0013162017949621746,0.0014562579608656033,0.0036075005634289945
2024-05-24 00:00:00+00:00,215.9199981689453,0.000926684101738573,0.0004058672808168255,0.0007497793938040961,0.0007519421447837577,0.0010358223998725377,0.0012137816263474567,0.0014769769047496915,0.001861488525603127,0.0036429272685470607
2024-05-28 00:00:00+00:00,218.19000244140625,0.01045829379441443,8.587434244150258e-07,0.00040672602424124074,0.000750638137228511,0.0007689280455141329,0.001051898492887755,0.0014125527403951997,0.0017528639449106362,0.003466157196042407
2024-05-29 00:00:00+00:00,216.16000366210935,-0.009347362870368414,0.00010937590909028739,0.00011023465251470263,0.000516101933331528,0.0008621767972984597,0.0011460570523872404,0.0013950212157882382,0.0018409790817117307,0.0032315749830234453
2024-05-30 00:00:00+00:00,216.57000732421875,0.0018949634848048902,8.737319263034203e-05,0.00019674910172062964,0.0001976078451450445,0.0009473872389491399,0.0009656771472347629,0.0014113894714925014,0.0019196769209240442,0.0033174566771280094
2024-05-31 00:00:00+00:00,215.3000030517578,-0.005881436093592818,3.5908866087438935e-06,9.096407923908615e-05,0.00020033998832937337,0.0006070660125706135,0.000953140876537546,0.0012522384812171283,0.0016781756365034798,0.0032663536640902997
2024-06-03 00:00:00+00:00,217.22000122070312,0.008878251926791592,3.4591290523016344e-05,3.818217713176045e-05,0.00012555536976210233,0.0002357900222768043,0.0009855694160809006,0.0012716124221493431,0.0016474840192475893,0.0032893193321137833
2024-06-04 00:00:00+00:00,215.2700042724609,-0.009017596418210871,7.88233572755786e-05,0.00011341464779859517,0.00011700553440733889,0.00031375463612796787,0.0007204806603692088,0.0010826826816421019,0.0015993999428259187,0.0033583667985872317
2024-06-05 00:00:00+00:00,217.82000732421875,0.011775993219295344,8.131704516172953e-05,0.00016014040243730835,0.00019473169296032453,0.00028569577219941003,0.0003959304247141128,0.0011478725694978708,0.0016097120510615696,0.0028140478506785064
2024-06-06 00:00:00+00:00,219.42999267578125,0.007364174396756518,0.00013867401630088993,0.00021999106146261966,0.0002988144187381981,0.0003369965958699579,0.0005337456975905877,0.0012843838348190989,0.0015856441904783425,0.002946661946132471
2024-06-07 00:00:00+00:00,211.6000061035156,-0.03633551284065817,5.423106454584422e-05,0.00019290508084673436,0.0002742221260084637,0.00038763677380705827,0.0004786008530461445,0.0009947027863776727,0.001624657905433385,0.002997426626392481
2024-06-10 00:00:00+00:00,213.5399932861328,0.009126408480625514,0.0013202694933936345,0.001374500557939479,0.0015131745742403687,0.0016733149766776764,0.0017114971538094372,0.0019091049989544819,0.0026771743010442,0.004282344094009381
2024-06-11 00:00:00+00:00,214.1499938964844,0.0028525382508943764,8.329133175523331e-05,0.0014035608251488682,0.0014577918896947122,0.0016777829511573313,0.0017911975989559265,0.0019915375872853,0.0027443384754934725,0.004355159304797459
2024-06-12 00:00:00+00:00,214.72000122070312,0.002658183908153866,8.136974472815549e-06,9.142830622804908e-05,0.0014116977996216835,0.0016046028804684173,0.0017647432829057256,0.0018902986526678283,0.0027503126989866264,0.004359162036426441
2024-06-13 00:00:00+00:00,212.97000122070312,-0.008183543017197259,7.065941689568161e-06,1.5202916162383928e-05,9.849424791761701e-05,0.0014729948058570953,0.0016929858673197151,0.0018099914017270543,0.0024134665276889238,0.003960668630007847
2024-06-14 00:00:00+00:00,215.72999572753903,0.012876289526632334,6.697037631431802e-05,7.40363180038864e-05,8.217329247670173e-05,0.001485734117625569,0.0016786391984723035,0.0018733708914326285,0.0020745696231864166,0.003946254477506348
2024-06-17 00:00:00+00:00,214.6100006103516,-0.005205175700450759,0.00016579883197366153,0.00023276920828797977,0.0002398351499775477,0.00033126345620559613,0.001705764014145075,0.0020045784328832734,0.0022395097117356632,0.004102493696842508
2024-06-18 00:00:00+00:00,215.47000122070312,0.003999264104051825,2.7093854072563052e-05,0.0001928926860462248,0.0002598630623605426,0.0002750659785229259,0.001678626803671794,0.0019528489296802582,0.0021572276567179386,0.0041289508348357675
2024-06-20 00:00:00+00:00,218.16000366210935,0.012407060942233983,1.599411337395745e-05,4.308796744652072e-05,0.00020888679942018202,0.0002829231174240678,0.00037435142365211684,0.001887525997892486,0.0020858485774615542,0.00403546162409282
2024-06-21 00:00:00+00:00,214.77999877929688,-0.015614512577114326,0.000153935161224308,0.00016992927459826565,0.0001970231286708285,0.0004297923369588076,0.00044499525312119155,0.001902787142815904,0.002236192852077118,0.004168136013027936
2024-06-24 00:00:00+00:00,215.6300048828125,0.003949755820411127,0.00024381300302086145,0.00039774816424516967,0.0004137422776191269,0.0006066349636653511,0.0006806712816692375,0.002092369081290921,0.0024454145645749635,0.004403273662630768
2024-06-25 00:00:00+00:00,214.55999755859372,-0.004974590412272661,1.5600571040871578e-05,0.00025941357406173327,0.00041334873528604105,0.0004564367027325611,0.0006892059110205408,0.0007877001589381583,0.0023821917783402565,0.004173782062642331
2024-06-26 00:00:00+00:00,212.5800018310547,-0.009271011435783016,2.4746549769875088e-05,4.034712081074688e-05,0.0002841601238316081,0.0004540893984298731,0.0006469820844760979,0.0007291553769528001,0.0023256212829484016,0.004133245704633299
2024-06-27 00:00:00+00:00,214.9900054931641,0.011273144249924094,8.595165304241947e-05,0.00011069820281229478,0.00012629877385316615,0.0005240469380983351,0.0005671349055448559,0.000806970055522404,0.002272898919689931,0.00409228992397847
2024-06-28 00:00:00+00:00,215.00999450683597,9.297215668002679e-05,0.00012708378127959666,0.00021303543432201635,0.00023778198409189123,0.0004971955581536238,0.0006671248327518894,0.0009269878951124325,0.002345751636423684,0.004148368768331988
2024-07-01 00:00:00+00:00,215.57000732421875,0.0026012036358746826,8.64382191773545e-09,0.0001270924251015146,0.00021304407814393386,0.0002533911989546801,0.0006511393631998498,0.0008600261626200322,0.001025490786851967,0.003985635535269788
2024-07-02 00:00:00+00:00,215.55999755859372,-4.643502198220517e-05,6.766260355287669e-06,6.774904177205621e-06,0.00013385868545680207,0.0002445568882690962,0.0005039704623308294,0.0007009935910016583,0.0009489657154520214,0.0039771844460342745
2024-07-03 00:00:00+00:00,217.9900054931641,0.011209933637062797,2.1562112664878776e-09,6.768416566554373e-06,6.777060388471892e-06,0.00021981249471048758,0.0002601596155212345,0.0006739018931403618,0.0009408308971904723,0.003709433504462721
2024-07-05 00:00:00+00:00,220.92999267578125,0.01339666073469381,0.00012566261214735195,0.00012566476835861864,0.0001324310287139061,0.00025952345381542003,0.0003702216566277148,0.0007835703919137564,0.001059427567648256,0.003818968959304112
2024-07-08 00:00:00+00:00,218.19000244140625,-0.012479622087256281,0.00017947051884048692,0.0003051331309878391,0.00030513528719910537,0.0003119101913763103,0.0005249456256983267,0.0008091057495299353,0.001171927710174425,0.003996276727164938
2024-07-09 00:00:00+00:00,218.55999755859372,0.0016943111880909356,0.00015574096744073483,0.00033521148628122197,0.0004608740984285737,0.00046764251499512743,0.000594734940096642,0.0007210337139498086,0.0011618698456414985,0.003808105581618402
2024-07-10 00:00:00+00:00,219.3600006103516,0.0036536533844149233,2.870690402090118e-06,0.00015861165784282518,0.0003380821766833119,0.00046374694504192987,0.0004705218492191355,0.0007083038333110271,0.0011376466819710254,0.0034051089912036665
2024-07-11 00:00:00+00:00,223.25,0.017578001160185153,1.3349183053446623e-05,1.6219873455536958e-05,0.0001719608408962716,0.00047709397188410997,0.00048386238845066437,0.0006969064665945986,0.0011350017516505145,0.0034175994308326984
2024-07-12 00:00:00+00:00,223.1100006103516,-0.0006272936376374716,0.0003089861247874706,0.0003223353078409174,0.0003252059982430073,0.0006604174845242286,0.0007860822528828473,0.0009199409383396499,0.0012900527152136772,0.0036172096465298814
2024-07-15 00:00:00+00:00,223.8300018310547,0.0032219172131213725,3.934973078204515e-07,0.0003093796220952913,0.0003227288051487377,0.0004813404629915622,0.0007864735939794012,0.0007932506543678736,0.0010466332095006362,0.0035302299512073596
2024-07-16 00:00:00+00:00,228.2899932861328,0.019729877820048536,1.0380750528207791e-05,1.0774247836028459e-05,0.0003197603726234989,0.0003359802460790351,0.0006711917323602571,0.0008036227610741636,0.0010414133889879724,0.0035370198151268234
2024-07-17 00:00:00+00:00,227.22999572753903,-0.004654019570797807,0.0003892680787940432,0.0003996488293222512,0.0004000423266300715,0.0007223776344709882,0.0008809892923138133,0.0011861245795129192,0.0014059349180121404,0.0038916966033978504
2024-07-18 00:00:00+00:00,225.77999877929688,-0.006401633154546893,2.1659898165369004e-05,0.0004109279769594124,0.00042130872748762,0.0007306883495829106,0.0007469082230384475,0.0012077823214670215,0.0013416431631350899,0.003834533144287641
2024-07-19 00:00:00+00:00,221.72999572753903,-0.01810066223064588,4.0980907045394005e-05,6.264080521076323e-05,0.00045190888400480626,0.000462683131840834,0.0007850184396817515,0.0011231006163650637,0.0012555402889008872,0.0037941970061713052
2024-07-22 00:00:00+00:00,221.8000030517578,0.00031568247916791137,0.00032763397318793033,0.00036861488023332456,0.0003902747783986934,0.0007899236077209439,0.001099303229816235,0.001271264070712507,0.0015831656182668998,0.003983156963058346
2024-07-23 00:00:00+00:00,222.5800018310547,0.0035105070964620566,9.96554276535988e-08,0.00032773362861558415,0.000368714535660978,0.0007796425126203897,0.0007904167604564182,0.001115622758699426,0.001576499013339266,0.003929025553940155
2024-07-24 00:00:00+00:00,221.8000030517578,-0.0035105070964620566,1.2323660074310459e-05,1.2423315501964274e-05,0.0003400572886898944,0.00040269809390065694,0.0008023469232229082,0.0011250757283716463,0.0015888205172023097,0.0026210797206208314
2024-07-25 00:00:00+00:00,218.3300018310547,-0.015768400613655587,1.2323660074310459e-05,2.4647320148620918e-05,2.474697557627457e-05,0.00039336185580959843,0.0008042898327690108,0.00112405020539251,0.0014754815651292683,0.002550112048939908
2024-07-26 00:00:00+00:00,220.6300048828125,0.010479424389843395,0.00024864245791273386,0.0002609661179870445,0.00027328977806135484,0.0006010234066769382,0.0006636642118877015,0.0010637065385177735,0.0015446535042015152,0.0027906175323798264
2024-07-29 00:00:00+00:00,220.32000732421875,-0.0014060442276129237,0.0001098183355424446,0.0003584607934551787,0.000370784453529489,0.00038320776903145255,0.000751822649264777,0.0011731313767523975,0.001498730872303225,0.002893369926232703
2024-07-30 00:00:00+00:00,222.5200042724609,0.009935936183544491,1.976960370003623e-06,0.00011179529591244844,0.00036043775382518214,0.0003850850739738026,0.0007128187025893867,0.0011647275865941933,0.0014978371422711386,0.0028283765102883884
2024-07-31 00:00:00+00:00,226.5500030517578,0.017948680176280263,9.872282784346867e-05,0.00010069978821347251,0.00021051812375591695,0.0004714842417429608,0.00048390755724492506,0.0008741823356436188,0.0015832107870611606,0.0027613005061581956
2024-08-01 00:00:00+00:00,225.7700042724609,-0.00344888370988361,0.0003221551200703961,0.00042087794791386497,0.00042285490828386843,0.0007813157017390464,0.0008059630218876675,0.001174677557548646,0.0015963797823440862,0.003056361772156029
2024-08-02 00:00:00+00:00,225.33999633789065,-0.001906444389298656,1.1894798844300534e-05,0.00033404991891469683,0.00043277274675816534,0.0005445680426706131,0.0008055341606576576,0.0011455914493475525,0.0016078810838805661,0.0030522624576263717
2024-08-05 00:00:00+00:00,222.47999572753903,-0.012773165762624217,3.6345302094883254e-06,1.5529329053789076e-05,0.000337684449124185,0.0004383842373376568,0.0007968450307928355,0.0008215920063691104,0.0016011348635618467,0.002901961826611552
2024-08-06 00:00:00+00:00,220.6999969482422,-0.008032891286850585,0.00016315376359947548,0.00016678829380896402,0.00017868309265326438,0.0005995610405671286,0.0007113563364795772,0.0009846461145409323,0.0013750205483672791,0.002821302587190166
2024-08-07 00:00:00+00:00,220.5500030517578,-0.0006798590470786792,6.452734242636005e-05,0.00022768110602583577,0.00023131563623532392,0.00056536555515002,0.0006660653433634926,0.001036849796892982,0.0014178879926282702,0.0028702293585756546
2024-08-08 00:00:00+00:00,224.00999450683597,0.015566228805778515,4.622083238947297e-07,6.4989550750255e-05,0.00022814331434973032,0.00024367264340351868,0.0006645505913173837,0.0010249883451425663,0.001377369293906771,0.0028459450171296743
2024-08-09 00:00:00+00:00,224.55999755859372,0.0024522519879104365,0.0002423074792338488,0.00024276968755774375,0.00030729702998410363,0.00047408532379306697,0.0008081352427077638,0.001018653366463681,0.0012920427999526893,0.0030023008433211038
2024-08-12 00:00:00+00:00,228.41000366210935,0.016999354511923137,6.013539812210688e-06,0.0002483210190460597,0.0002487832273699543,0.0004764643333957893,0.0004919936624495784,0.0009148485707334473,0.0012979566843372462,0.0028812306018537177
2024-08-13 00:00:00+00:00,228.05999755859372,-0.0015335341694875382,0.0002889780538220415,0.0002949915936342524,0.0005372990728681011,0.0006022886236183553,0.0007690769174273193,0.001201849664185485,0.0015746110780849774,0.0031702000118538414
2024-08-14 00:00:00+00:00,226.1999969482422,-0.008189191333500823,2.3517270489858334e-06,0.00029132978087102756,0.0002973433206832381,0.0005401130082409811,0.0007677941142668167,0.001105478563391002,0.001564639145059653,0.0031657854785475397
2024-08-15 00:00:00+00:00,226.91000366210935,0.0031339290416108057,6.706285469668498e-05,6.941458174567104e-05,0.0003583926355677124,0.0006067136546137713,0.0006717032053640264,0.0008503862980172911,0.001383059541843604,0.003232846177032958
2024-08-16 00:00:00+00:00,231.9900054931641,0.022140811735288146,9.821511237851623e-06,7.688436593453683e-05,7.92360929835225e-05,0.0003742276866177742,0.0006169973741755179,0.0008483130104108422,0.0012830627175390108,0.0031170050761234577
2024-08-19 00:00:00+00:00,231.6100006103516,-0.0016393656726290118,0.0004902155442974733,0.0005000370555353252,0.0005670999102320099,0.0008584296911030368,0.0011067507101490963,0.0013348940244988271,0.0017713013014664806,0.003427750101580444
2024-08-20 00:00:00+00:00,232.4600067138672,0.003663270802502616,2.6875198085943723e-06,0.0004929030641060679,0.0005027245753439195,0.0005721391570895898,0.0008671307507238421,0.001174427780707946,0.0016752659934316063,0.0032746966539483036
2024-08-21 00:00:00+00:00,232.1499938964844,-0.001334507922706507,1.3419552972468162e-05,1.6107072781062752e-05,0.000506322617078536,0.000583206983013072,0.0008745367638840995,0.0011233199912540541,0.0013665304263336783,0.0032852455165186816
2024-08-22 00:00:00+00:00,229.3699951171875,-0.012047289256478244,1.7809113957664366e-06,1.5200464368234817e-05,1.788798417682908e-05,0.0005179250397121535,0.0005873396214578245,0.001124638694325926,0.0013564165388851442,0.0032736772448610013
2024-08-23 00:00:00+00:00,232.0200042724609,0.011487194343258622,0.00014513717842925611,0.00014691808982502278,0.00016033764279749083,0.000653240706903558,0.0007301250728380948,0.0010274683935213333,0.0014979191871049122,0.003109828298502787
2024-08-26 00:00:00+00:00,232.75999450683597,0.0031842629268954425,0.0001319556338797929,0.00027709281230904923,0.0002788737237048156,0.00029498079648587755,0.0007950178520212026,0.0011534104875889155,0.0014667210573852294,0.0032413904350747594
2024-08-27 00:00:00+00:00,233.38999938964844,0.0027030152296241283,1.013953038760073e-05,0.00014209516426739384,0.00028723234269664987,0.00030243280706488394,0.0007953358711709518,0.0008745719641544747,0.0014123332453464701,0.0032411492149341525
2024-08-28 00:00:00+00:00,231.75,-0.007051666972007986,7.306291331579979e-06,1.7445821719180926e-05,0.0001494014555989737,0.0002963195454239957,0.00031242661820505847,0.0008795265284370689,0.0014191773283541553,0.002859187427471689
2024-08-29 00:00:00+00:00,232.9499969482422,0.005164620716357149,4.972600708410828e-05,5.7032298415688474e-05,6.71718288032891e-05,0.0003442646411123376,0.0003594651054805724,0.000862189680824492,0.001226595856204415,0.0028872535363904284
2024-08-30 00:00:00+00:00,231.2899932861328,-0.0071515197828322385,2.667330714382543e-05,7.639931422793393e-05,8.37056055595138e-05,0.00022580076982690688,0.00037271885965192963,0.000879041476730466,0.0012472556235360297,0.00287294593648886
2024-09-03 00:00:00+00:00,230.2899932861328,-0.004332950273532532,5.1144235204240867e-05,7.781754234806651e-05,0.00012754354943217468,0.00014498937115135487,0.0004220821834604041,0.0004399701676372335,0.001009421804918229,0.0025964561985051702
2024-09-04 00:00:00+00:00,230.42999267578125,0.0006077417877383695,1.8774458072905643e-05,6.991869327714673e-05,9.659200042097204e-05,0.00015362429883665978,0.0002957194631040536,0.00045605710590154475,0.0010258445359421487,0.0026151310011504223
2024-09-05 00:00:00+00:00,232.3500061035156,0.008297784905919592,3.6935008056342936e-07,1.9143808153469288e-05,7.028804335771004e-05,0.00014668735758564322,0.00016413317930482414,0.00044300690300964,0.0009591510313260272,0.0026031766911566753
2024-09-06 00:00:00+00:00,230.6300048828125,-0.007430165851405768,6.8853234344907e-05,6.922258442547065e-05,8.799704249837619e-05,0.00016581458484644194,0.00022284688326213044,0.0005100792259587806,0.0010181827544330827,0.002659706265427272
2024-09-09 00:00:00+00:00,231.6000061035156,0.004197056104325192,5.52073645793964e-05,0.00012406059892430363,0.00012442994900486694,0.0001943486422820129,0.0002707479565099468,0.00042014941210892086,0.0005831745747150057,0.0024662711720939345
2024-09-10 00:00:00+00:00,232.6199951171875,0.004394427867848272,1.7615279942853356e-05,7.282264452224997e-05,0.00014167587886715688,0.0001608196870206254,0.00023863722936869189,0.0003058090581719813,0.0005981023348492647,0.0023740681164943433
2024-09-11 00:00:00+00:00,232.25,-0.0015918222264339477,1.9310996285721507e-05,3.692627622857508e-05,9.213364080797138e-05,0.00016135622523344128,0.000231274918510588,0.0003149805240701021,0.0006039937781625181,0.002391402152410061
2024-09-12 00:00:00+00:00,236.3300018310547,0.017414763446119252,2.5338980005691303e-06,2.1844894286290853e-05,3.9460174229144104e-05,0.00016352077315344698,0.00018266458130691626,0.0003102081307390913,0.0006047467647673207,0.0022952132225671617
2024-09-13 00:00:00+00:00,238.67999267578125,0.009894570827460036,0.0003032739858842913,0.00030580788388486066,0.00032511888017058203,0.00039794152469283125,0.0004671641091183019,0.0005637561095392742,0.000762883572222356,0.002276332088381057
2024-09-16 00:00:00+00:00,238.66000366210935,-8.375168155616564e-05,9.790253185962318e-05,0.00040117651774391474,0.0004037104157444838,0.00044063669197305806,0.0005646972908973617,0.0006349853342550721,0.0007288304702021862,0.0023623398213963795
2024-09-17 00:00:00+00:00,237.33999633789065,-0.005546263478780844,7.0143441634853755e-09,9.790954620378689e-05,0.00040118353208807813,0.0004230284263743682,0.0004958510708966182,0.0005838481133949947,0.0007186979541587491,0.0023587123055310547
2024-09-18 00:00:00+00:00,235.50999450683597,-0.00774034473177565,3.076103857605819e-05,3.0768052920221896e-05,0.00012867058477984502,0.00043447846866470494,0.00047140474489327995,0.0005958346938981472,0.0007421527014032272,0.0022263195805076372
2024-09-19 00:00:00+00:00,239.1699981689453,0.01542123641948745,5.9912936566727064e-05,9.067397514278547e-05,9.068098948694891e-05,0.0004918575072308628,0.0005137024015171536,0.0006553782803843109,0.000752339630885846,0.0022217051746480044
2024-09-20 00:00:00+00:00,242.2100067138672,0.012630557682531851,0.00023781453270572609,0.0002977274692724534,0.0003284885078485115,0.0004263980540522976,0.0007322059379371583,0.0008243395787451299,0.0009634808564477467,0.002459057499029836
2024-09-23 00:00:00+00:00,242.67999267578125,0.0019385267161009523,0.00015953098737176436,0.00039734552007749063,0.00045725845664421766,0.00048802650956443884,0.0008892030273083534,0.0009286632015374979,0.0010718676086152702,0.0023762810071677513
2024-09-24 00:00:00+00:00,246.07000732421875,0.013872405171650115,3.757885829037142e-06,0.0001632888732008017,0.0004011034059065278,0.0004917773810493125,0.0005896869272530994,0.0009148058074236817,0.0010568510363714017,0.0023740253531845776
2024-09-25 00:00:00+00:00,245.72999572753903,-0.001382723256375229,0.00019244362524642485,0.00019620151107546218,0.0003557324984472265,0.0006534599677196791,0.000684228020639901,0.001087938436384385,0.0012489253115372631,0.002277490924608961
2024-09-26 00:00:00+00:00,246.97999572753903,0.005073989582052185,1.9119236037209174e-06,0.00019435554885014595,0.00019811343467918306,0.000595458954756673,0.0006861329298994583,0.0010873164619875368,0.001181984000796077,0.0022770511211636963
2024-09-27 00:00:00+00:00,245.0200042724609,-0.007967487087645608,2.574537027877411e-05,2.7657293882495216e-05,0.00022010091912892004,0.00038338979232972097,0.0006811172616021743,0.0008097878463820197,0.0011525220064954546,0.0022357336367457856
2024-09-30 00:00:00+00:00,243.05999755859372,-0.008031540905022005,6.34808504917995e-05,8.92262207705738e-05,9.113814437429469e-05,0.00028733965544975616,0.0006846851755272468,0.0007753661650141959,0.0011983875770444007,0.002289392975999733
2024-10-01 00:00:00+00:00,245.6100006103516,0.010436598143315656,6.45056493090417e-05,0.00012798649980084138,0.00015373187007961545,0.0003480874189297607,0.0005113762921305624,0.0008398647999790741,0.001243582230067721,0.0018636830810113017
2024-10-02 00:00:00+00:00,245.66000366210935,0.00020356647666464056,0.0001089225808050598,0.0001734282301141017,0.00023690908060590115,0.00026456637448839563,0.0004607678855638578,0.0009180263422080757,0.0013499709128722117,0.0019699181420077673
2024-10-03 00:00:00+00:00,245.4900054931641,-0.0006922454344495677,4.143931042165565e-08,0.00010896402011548165,0.00017346966942452332,0.0002626958901950964,0.0004570514390452423,0.0008581548449517703,0.001046738366298342,0.0019565400283457204
2024-10-04 00:00:00+00:00,245.0,-0.0019980250389979304,4.792037415162706e-07,5.20643051938116e-07,0.0001094432238569979,0.00023742972365783853,0.0002650870175403337,0.0006208195159875605,0.0009493150381802352,0.00195523832069147
2024-10-07 00:00:00+00:00,244.1699981689453,-0.003393514036765133,3.992104056462681e-06,4.471307797979141e-06,4.5127471084007705e-06,0.00017794097722250172,0.0002671671979930755,0.00046528063267225887,0.0009533001278925343,0.001814093246318677
2024-10-08 00:00:00+00:00,242.3699951171875,-0.007399232494345043,1.1515937517721988e-05,1.5508041574184858e-05,1.5987245315701104e-05,0.00012495126543118202,0.00025293776523202337,0.0004730386843609437,0.0009340550268341981,0.0016936535499566061
2024-10-09 00:00:00+00:00,241.0500030517578,-0.005461070501716847,5.474864150537156e-05,6.626457902309374e-05,7.025668307955639e-05,7.077732613149378e-05,0.0002442055562455954,0.00033534370061989044,0.0009288907317728427,0.0017382626610743768
2024-10-10 00:00:00+00:00,242.82000732421875,0.007316064767088903,2.9823291024721895e-05,8.457193253009365e-05,9.608787004781562e-05,0.00010055917784579401,0.00020952319796127563,0.0003632550680408914,0.0007208994900918384,0.0017607796607675187
2024-10-11 00:00:00+00:00,245.47000122070312,0.010854286868861251,5.352480367623961e-05,8.334809470096169e-05,0.00013809673620633324,0.00015360477778051735,0.00015412542083245544,0.0003910345014383569,0.0006148933063963137,0.00176457845735965
2024-10-14 00:00:00+00:00,245.07000732421875,-0.0016308312397317337,0.00011781554343153379,0.0001713403471077736,0.00020116363813249547,0.00026742821715558843,0.0002718995249535676,0.00044536919437809114,0.0007289509639988103,0.0018557206936473587
2024-10-15 00:00:00+00:00,245.9199981689453,0.0034623584364341653,2.6596105324849437e-06,0.00012047515396401892,0.0001739999576402585,0.00025857189017035147,0.0002740799317445363,0.0003835231556015344,0.0005391669492848704,0.0018072360689756026
2024-10-16 00:00:00+00:00,247.1499938964844,0.004989142712823025,1.1987925942346838e-05,1.4647536474831959e-05,0.00013246307990636574,0.0002158111746073267,0.00028207575363042045,0.00028658850073882145,0.0005492429516234964,0.0018004495368450437
2024-10-17 00:00:00+00:00,248.6300048828125,0.005970452161761841,2.489154500891509e-05,3.68794709512621e-05,3.953908148374704e-05,0.00021087942859151988,0.00029545136112161353,0.0003114386064373149,0.0005483891263536372,0.0018249717317733955
2024-10-18 00:00:00+00:00,251.2700042724609,0.010562207979592841,3.564629901588664e-05,6.0537844024801906e-05,7.252576996714873e-05,0.00019300092393116695,0.0002763490186321286,0.0003466057017116852,0.0005205545748777244,0.0017917647964443752
2024-10-21 00:00:00+00:00,251.22000122070312,-0.00019902108052338718,0.0001115602374041747,0.00014720653642006151,0.0001720980814289766,0.00018674561790380783,0.0003580859650115814,0.00045417383505939727,0.0005676091629728575,0.0018481176692691534
2024-10-22 00:00:00+00:00,253.92999267578125,0.010729555523637302,3.9609390492696566e-08,0.00011159984679466758,0.00014724614581055422,0.0001841256167618156,0.0003046007707258345,0.000442697506932168,0.00045872619155829035,0.0018305419987167928
2024-10-23 00:00:00+00:00,250.8699951171875,-0.012123752431614676,0.00011512336173481574,0.00011516297112530862,0.0002267232085294833,0.0002872610525542845,0.0003019085890291164,0.0005030722271616121,0.0005738081139826845,0.001926354364165887
2024-10-24 00:00:00+00:00,252.8000030517578,0.007663817134298867,0.00014698537302308278,0.00026210873475789867,0.0002621483441483914,0.0004093548805684522,0.00044623435151971427,0.000620234309159973,0.0007203142832642509,0.0020708058391884004
2024-10-25 00:00:00+00:00,253.32000732421875,0.0020548662166115506,5.87340930679729e-05,0.00020571946609105587,0.0003208428278258716,0.0004324426746205384,0.0004929805186453403,0.0006254435985517063,0.0007750562722757612,0.0018262659463720821
2024-10-28 00:00:00+00:00,253.3300018310547,3.945329776655626e-05,4.222475168171468e-06,6.295656823614456e-05,0.0002099419412592273,0.0003251049123845352,0.0004723114488045967,0.000511850530288344,0.0007677628099262106,0.0017325858896806304
2024-10-29 00:00:00+00:00,256.0899963378906,0.010835937036952181,1.5565627046565532e-09,4.224031730876314e-06,6.295812479884918e-05,0.0003250668595567472,0.00043666670635141475,0.0005091924763185637,0.0007130157249835438,0.0017325804318991716
2024-10-30 00:00:00+00:00,257.5,0.00549078920793189,0.00011741753146879202,0.00011741908803149687,0.0001216415631996683,0.00032736102929072346,0.00044252400041603203,0.0006146220818450089,0.0008006099654276139,0.0018192369247919055
2024-10-31 00:00:00+00:00,253.50999450683597,-0.015616471787270214,3.014876612594131e-05,0.0001475662975947335,0.00014756785415743814,0.00021052442239358196,0.00047263315715148066,0.0006198793029620352,0.0007772339278773156,0.0017894727543511196
2024-11-01 00:00:00+00:00,252.47000122070312,-0.004110813705942462,0.00024387419108260657,0.00027402295720854806,0.0003914404886773401,0.00039566452040821565,0.0006013839864992714,0.0008281071950287551,0.0009032925755283884,0.001795532412728
2024-11-04 00:00:00+00:00,252.8300018310547,0.0014248987496037202,1.68987893249644e-05,0.00026077298040757114,0.00029092174653351245,0.00040834083456500856,0.0004712974028011531,0.0007334457469495447,0.0009175317543208678,0.0016529002146812002
2024-11-05 00:00:00+00:00,253.3999938964844,0.0022519104403704304,2.0303364466222454e-06,1.8929125771586835e-05,0.00026280331685419337,0.00041036961444892615,0.0004145936461798025,0.0007354364740056743,0.0009075741648251432,0.0016511726652987853
2024-11-06 00:00:00+00:00,245.6999969482422,-0.030857976694085743,5.071100631449346e-06,7.101437078071781e-06,2.400022640303615e-05,0.0002980231836115835,0.00041544227164308034,0.0006253842129023079,0.0008877537204476775,0.0014638001406838098
2024-11-07 00:00:00+00:00,249.6499938964844,0.015948645391861582,0.0009522147256527388,0.0009572858262841883,0.0009593161627308106,0.001220089143138381,0.0013676554407331145,0.001430613565531964,0.0018043221470845296,0.0024141029427328276
2024-11-08 00:00:00+00:00,247.9600067138672,-0.006792442588198,0.0002543592898353477,0.0012065740154880867,0.001211645116119536,0.001230574241891122,0.0015045971990996702,0.0016262387622993386,0.0019471211995157026,0.002642716862289401
2024-11-11 00:00:00+00:00,242.13999938964844,-0.02375140115119212,4.6137276313965946e-05,0.0003004965661493138,0.0012527112918020527,0.0012598127288801237,0.0015205857092876946,0.0016681535634451331,0.0019932188664391758,0.0026253732881115674
2024-11-12 00:00:00+00:00,240.0500030517578,-0.008668821068980037,0.0005641290566448504,0.0006102663329588165,0.0008646256227941643,0.0018219114490783516,0.0018408405748499385,0.002232281063527279,0.002442224561349211,0.0031249966954473764
2024-11-13 00:00:00+00:00,237.6300048828125,-0.010132384997697308,7.514845872599219e-05,0.0006392775153708428,0.0006854147916848088,0.0018919888071728945,0.0018990902442509664,0.002190011990784479,0.0023703876470521196,0.003091222573368309
2024-11-14 00:00:00+00:00,237.00999450683597,-0.00261255153137796,0.00010266522574156148,0.0001778136844675539,0.0007419427411124043,0.0010424393072617172,0.0019997251335459056,0.0022625284504000994,0.002414318779725709,0.0031938463597994487
2024-11-15 00:00:00+00:00,236.58999633789065,-0.0017736414154017055,6.825425504105324e-06,0.00010949065124566702,0.0001846391099716592,0.0007949054429304749,0.0020014794584185614,0.002025479684821598,0.0024169217300616425,0.003200192581562038
2024-11-18 00:00:00+00:00,241.08999633789065,0.018841622825925164,3.1458038704281653e-06,9.971229374533707e-06,0.00011263645511609518,0.0007519139704869371,0.001052410536636251,0.002011726699367062,0.002420065977369366,0.003199346281376003
2024-11-19 00:00:00+00:00,243.25,0.008919428494707837,0.00035500675071442416,0.0003581525545848525,0.00036497798008895785,0.0005427916645565109,0.0011530579975153276,0.002364703113634864,0.002657655196614998,0.003542837094572705
2024-11-20 00:00:00+00:00,244.6199951171875,0.0056162450322965185,7.955620467220611e-05,0.0004345629553866305,0.0004377087592570586,0.0005471994105027249,0.0011864769258735676,0.0024391882176756203,0.002707062635161263,0.00356764465773954
2024-11-21 00:00:00+00:00,246.66000366210935,0.00830491888622209,3.154220826279532e-05,0.00011109841293500165,0.0004661051636494258,0.0004760763930239586,0.0006538900774915125,0.001518515700285677,0.002494730652341452,0.003569363574977613
2024-11-22 00:00:00+00:00,249.83999633789065,0.012809813332371967,6.897167770672837e-05,0.0001005138859695239,0.00018007009064173002,0.0005382226452265817,0.0006477132964722487,0.0013331280881570577,0.0025468035407232156,0.0035848104490081023
2024-11-25 00:00:00+00:00,242.47999572753903,-0.0299014831873059,0.00016409131761021458,0.00023306299531694315,0.00026460520357973847,0.0006991681589663682,0.0007091393883409018,0.0014510821294533064,0.002708864521886808,0.003631086223186783
2024-11-26 00:00:00+00:00,242.9499969482422,0.001936433160953932,0.0008940986968007374,0.0010581900144109521,0.0011271616921176807,0.0012382601050526813,0.001596412659637534,0.0017810517696091933,0.003597892118056096,0.004522525309455036
2024-11-27 00:00:00+00:00,243.4900054931641,0.002220248187002838,3.749773386842037e-06,0.0008978484701875797,0.0010619397877977943,0.0011624536737673173,0.0015970166291539478,0.0017096530842700432,0.002649427165790199,0.00451428715689953
2024-11-29 00:00:00+00:00,245.58999633789065,0.008587567442534194,4.929502011889389e-06,8.679275398731642e-06,0.000902777972199469,0.0011358409675164113,0.0012469393804514129,0.0016119173605403712,0.002399997377966741,0.004494325113902504
2024-12-02 00:00:00+00:00,243.44000244140625,-0.008792948302693837,7.374631458007328e-05,7.867581659196289e-05,8.242558997880492e-05,0.0011406156043897561,0.0012411294903592802,0.0016788382496163389,0.0024276064162328482,0.004532425129466691
2024-12-03 00:00:00+00:00,243.92999267578125,0.002010753244455543,7.731593985384643e-05,0.00015106225443391994,0.0001559917564458093,0.0010538402266333882,0.0012869032219503312,0.0017530083855997573,0.0019407932994418443,0.004498180831916363
2024-12-04 00:00:00+00:00,244.6699981689453,0.003029087486077664,4.0431286100884935e-06,8.135906846393514e-05,0.0001551053830440084,0.00016378465844273918,0.0012219746728536914,0.0014020447634954217,0.0018696879693259406,0.004502184351135959
2024-12-05 00:00:00+00:00,242.8600006103516,-0.007425208209173029,9.175370998312301e-06,1.321849960840101e-05,9.053443946224743e-05,0.00016921025605420945,0.001067058726241789,0.0013316639298215278,0.0017761981145826915,0.0043962363603994555
2024-12-06 00:00:00+00:00,242.9499969482422,0.00037050015179662665,5.5133716949570535e-05,6.430908794788305e-05,6.835221655797155e-05,0.0002194144709918906,0.00022809374639062223,0.0013552554385083029,0.0018245064060281565,0.0043043847043259436
2024-12-09 00:00:00+00:00,245.3600006103516,0.009870874002919194,1.372703624813234e-07,5.527098731205208e-05,6.444635831036437e-05,0.00014580542677429864,0.00022448124336626153,0.001286421031164056,0.0018214978725202098,0.004245787881620452
2024-12-10 00:00:00+00:00,248.58999633789065,0.013078415980993796,9.7434153581506e-05,9.757142394398755e-05,0.00015270514089355807,0.00016592364050195822,0.0003169858949358781,0.0012197638671353475,0.0015639252753872916,0.004338999560033786
2024-12-11 00:00:00+00:00,250.9600067138672,0.00948865236059504,0.00017104496457191393,0.00026847911815342017,0.0002686163885159015,0.00033292547646378366,0.0004142845449277188,0.0004967101349065239,0.0016554140352869993,0.004510042968042995
2024-12-12 00:00:00+00:00,247.27999877929688,-0.014772297747821739,9.003452362022583e-05,0.00026107948819214,0.00035851364177364603,0.00041378462908569716,0.00042700312869409815,0.0005829948851399077,0.0017139063506444298,0.004482659960194429
2024-12-13 00:00:00+00:00,244.2899932861328,-0.012165276223374377,0.00021822078075029922,0.00030825530437052527,0.0004793002689424392,0.0005768716928864258,0.000641180780834309,0.0007962861638783176,0.0018631554536880006,0.004670731974818787
2024-12-16 00:00:00+00:00,244.8800048828125,0.0024122979128051725,0.00014799394559099796,0.0003662147263412974,0.0004562492499615232,0.0007247283681149425,0.0007799993554269946,0.0008705337948892422,0.001847058081668784,0.004574851729327178
2024-12-17 00:00:00+00:00,243.94000244140625,-0.00384601115345351,5.819181220124191e-06,0.00015381312681112238,0.00037203390756142154,0.0006331133957535607,0.0007306848196975482,0.00079903703625552,0.0009587785660881709,0.004563772121222338
2024-12-18 00:00:00+00:00,239.25999450683597,-0.019371499639531997,1.47918017924888e-05,2.0610983012613208e-05,0.00016860492860361117,0.00047686023297413555,0.0007453393511275558,0.0008097857094379203,0.0009698205944938177,0.004576533586568204
2024-12-19 00:00:00+00:00,239.6000061035156,0.001420087931280456,0.0003752549982843883,0.0003900468000768773,0.0003958659812970015,0.000762080707638298,0.001023160195830438,0.0011758653367239962,0.0013401460907663165,0.004946717484221144
2024-12-20 00:00:00+00:00,242.1000061035156,0.010379997439668998,2.016649732568405e-06,0.0003772716480169569,0.0003920634498094457,0.0005458765766205672,0.0008541318809910925,0.001122748269506994,0.0012684164259188116,0.003996519408300973
2024-12-23 00:00:00+00:00,240.9600067138672,-0.004719916680210545,0.00010774434684753495,0.00010976099658010358,0.0004850159948644919,0.0005056269778771042,0.0008718417042184016,0.0012303553459920478,0.0012988448329125002,0.0038499044653131607
2024-12-24 00:00:00+00:00,241.44000244140625,0.0019900326568702553,2.2277613468129733e-05,0.0001300219603156649,0.0001320386100482333,0.0005220854101251097,0.0006758985369362322,0.0011551988058786716,0.0013170793177705415,0.0038260448024673246
2024-12-26 00:00:00+00:00,243.07000732421875,0.006728492701914668,3.960229975410087e-06,2.6237843443540037e-05,0.000133982190291075,0.0005112538383080311,0.0005318648213206443,0.0009881140712821677,0.0013118641767476394,0.003265875975797884
2024-12-27 00:00:00+00:00,241.3999938964844,-0.00689421445370364,4.527261403971895e-05,4.923284401512925e-05,7.151045748325898e-05,0.0001812714540633617,0.000571318254140239,0.0009433521617016608,0.0013020030738377876,0.003236000131111611
2024-12-30 00:00:00+00:00,240.6300048828125,-0.00319477904087595,4.753019293365618e-05,9.280280697337534e-05,9.676303694878543e-05,0.0002267849972644495,0.0006040566452814064,0.0007726615738850177,0.0013493959964089625,0.0031808650983037056
2024-12-31 00:00:00+00:00,242.1300048828125,0.006214287831739718,1.0206613120020256e-05,5.773680605367665e-05,0.0001030094200933956,0.00012924726353693477,0.00023900826011703834,0.0006348742414140401,0.0012621684559474767,0.003184246285919621
2025-01-02 00:00:00+00:00,245.4199981689453,0.013496228917031061,3.8617373255708324e-05,4.882398637572879e-05,9.635417930938499e-05,0.00014558702332451336,0.0002756089836401783,0.0006676724334496242,0.0011297408646312713,0.003219717855304901
2025-01-03 00:00:00+00:00,243.4900054931641,-0.007895124609843762,0.00018214819498090542,0.00022076556823661395,0.00023097218135663422,0.0003237749883300087,0.0003500128317735487,0.0008350288266380408,0.0012218545359919508,0.003046859299571382
2025-01-06 00:00:00+00:00,243.19000244140625,-0.0012328556129919122,6.233299260496061e-05,0.0002444811875858663,0.00028309856084157454,0.00034083536689525035,0.00039006821091037964,0.0005221068209586132,0.0010659667478466121,0.0030296360875041364
2025-01-07 00:00:00+00:00,244.55999755859372,0.005617626735062942,1.5199329624856635e-06,6.38529255674465e-05,0.00024600112054835193,0.00029482510692407986,0.0003876279138974552,0.0005216101041885305,0.0009194927352180999,0.002999613812203827
2025-01-08 00:00:00+00:00,245.8600006103516,0.005301603121985465,3.1557730134493924e-05,3.3077663096979806e-05,9.541065570194043e-05,0.0003161762239385535,0.00037391302999223013,0.00044542348747548936,0.0009452312841324697,0.0029621998646315924
2025-01-10 00:00:00+00:00,248.2100067138672,0.009512918374949386,2.8106995663046034e-05,5.9664725797540175e-05,6.118465876002585e-05,0.0003056658463458912,0.00035448983272162005,0.0004512528696704057,0.0009585464780030268,0.002826215542684424
2025-01-13 00:00:00+00:00,245.7400054931641,-0.010001100303675514,9.049561600844967e-05,0.00011860261167149592,0.00015016034180598986,0.00021401326737343547,0.00043477883561004945,0.0005377882557034453,0.0006737870957270883,0.0020226124618921365
2025-01-14 00:00:00+00:00,247.02999877929688,0.005235693007988651,0.00010002200728417847,0.00019051762329262836,0.0002186246189556744,0.00025170228205265334,0.0004961834696385196,0.0005925376489479047,0.0007717924532786982,0.0021188846957894726
2025-01-15 00:00:00+00:00,248.8800048828125,0.007461090407550941,2.741248127390125e-05,0.00012743448855807992,0.0002179301045665296,0.00027759483036406894,0.0003414477559315154,0.0005724199372881498,0.0006914605877050646,0.0021413676750514843
2025-01-16 00:00:00+00:00,250.6000061035156,0.006887194609051406,5.566787006964867e-05,8.308035134355013e-05,0.00018310235862772857,0.00030170497029922364,0.0003347826333962035,0.0006178811942377782,0.0007248508443065835,0.00212328923054106
2025-01-17 00:00:00+00:00,249.2700042724609,-0.0053214033326849375,4.743344958294675e-05,0.00010310131965259563,0.00013051380092649685,0.00032103142421912434,0.00038069615001666454,0.0006266972705650167,0.0007683240639141202,0.00209340674027016
2025-01-21 00:00:00+00:00,253.1300048828125,0.015366546556983884,2.8317333429110358e-05,7.575078301205732e-05,0.00013141865308170596,0.00025885314163978505,0.000377455753311281,0.0004728664090132216,0.0007513687833035116,0.002117680945089182
2025-01-22 00:00:00+00:00,254.42999267578125,0.00512251021306831,0.00023613075308795328,0.00026444808651706383,0.0003118815361000106,0.0003949618874435598,0.0005854795107361882,0.0006466641694962143,0.0009399693434578087,0.002344636327178823
2025-01-23 00:00:00+00:00,254.07000732421875,-0.0014158718257650804,2.624011088298914e-05,0.00026237086397094264,0.00029068819740005295,0.00039378951705264773,0.0005212240056107276,0.0006713843474167177,0.0009560028412207775,0.002315742721112242
2025-01-24 00:00:00+00:00,255.6499938964844,0.006199449222330067,2.0046930269953424e-06,2.82448039099847e-05,0.0002643755569979379,0.00034012634000999445,0.00042320669135354454,0.0006418313103092191,0.0009193901609920646,0.0023176101437767556
2025-01-27 00:00:00+00:00,252.9900054931641,-0.010459313683880644,3.843317066024887e-05,4.0437863687244424e-05,6.667797457023354e-05,0.00033112606108729657,0.00043422738073989217,0.000652157485306422,0.000775675136671408,0.0022586091608554986
2025-01-28 00:00:00+00:00,255.17999267578125,0.008619165823802177,0.00010939724273781289,0.00014783041339806198,0.0001498351064250573,0.0004122059703959991,0.0004879567534080564,0.0006710591120357853,0.0008227393868042603,0.0021969614390213972
2025-01-29 00:00:00+00:00,254.1999969482422,-0.0038478030414186293,7.429001949819946e-05,0.0001836872622360126,0.00022212043289626142,0.0002503652368062453,0.0005148133233233091,0.0006453271242498062,0.000895509473339974,0.002181216934899371
2025-01-30 00:00:00+00:00,258.04998779296875,0.015031970539816086,1.4805588245550453e-05,8.909560774375013e-05,0.000198492850481563,0.00023893071416880658,0.0005013015781397492,0.0006327202312214554,0.0008787573314510306,0.0019778017423946227
2025-01-31 00:00:00+00:00,258.5599975585937,0.001974448600582157,0.00022596013830989873,0.0002407657265554494,0.00031505574605364883,0.00046288615945171,0.0004911309633616947,0.0008030124994617055,0.0010766104740978833,0.002055767935113523
2025-02-03 00:00:00+00:00,259.94000244140625,0.005323078655223412,3.898447276340838e-06,0.00022985858558623978,0.00024466417383179023,0.0004283514360678019,0.00046878929975504636,0.0007594774971550996,0.0009900133053657744,0.00205384720116974
2025-02-04 00:00:00+00:00,262.5,0.009800237486044416,2.8335166369695092e-05,3.223361364603615e-05,0.00025819375195593484,0.00034728935969968413,0.0004951197730977461,0.0007594953300956843,0.0009183264644512911,0.002067390565746946
2025-02-05 00:00:00+00:00,264.1300048828125,0.0061903426424301244,9.604465478287018e-05,0.0001243798211525655,0.0001282782684289063,0.0003690439949843549,0.0005527312572203674,0.0006194092317906012,0.0009869586379602602,0.0017881802222454281
2025-02-06 00:00:00+00:00,263.42999267578125,-0.0026537744373777983,3.832034203068878e-05,0.00013436499681355918,0.00016270016318325423,0.0003925587487694932,0.00048165435651324333,0.0006314894629383009,0.0009696111099213001,0.0018244839145435483
2025-02-07 00:00:00+00:00,263.8999938964844,0.0017825701444094122,7.04251876447985e-06,4.536286079516883e-05,0.000141407515578039,0.0001736411292240743,0.0004144068557795237,0.0006365272886757853,0.0009292201791028332,0.0017237820864604934
2025-02-10 00:00:00+00:00,268.3699951171875,0.016796386802506724,3.1775563197397926e-06,1.0220075084219846e-05,4.854041711490861e-05,0.00017292023826747326,0.000402778823853713,0.0006012716743352763,0.0009040804019934627,0.0017046820293121032
2025-02-11 00:00:00+00:00,267.3900146484375,-0.00365828558987058,0.00028211860961942204,0.00028529616593916203,0.0002923386847036419,0.0004267036815172002,0.0004589372951632364,0.0007739930412168855,0.0009500682585249314,0.001982840408956115
2025-02-12 00:00:00+00:00,267.6700134277344,0.0010466070727144228,1.3383053457054739e-05,0.000295501663076477,0.0002986792193962168,0.00034404208019138475,0.0004684219013439503,0.0007130860751757407,0.0009372112010989971,0.001950950848373451
2025-02-13 00:00:00+00:00,270.3099975585937,0.009814510830151058,1.095386364655853e-06,1.4478439821710808e-05,0.00029659704944113283,0.0003068171245253518,0.000441182121338911,0.0006993758732948462,0.0009363018944366576,0.0019045160418044507
2025-02-14 00:00:00+00:00,266.2900085449219,-0.01498346692654895,9.63246228351524e-05,9.742000919980846e-05,0.00011080306265686321,0.0003960992285960244,0.00044146208939119323,0.0005697403578200997,0.000994193346611561,0.001990634051519583
2025-02-18 00:00:00+00:00,270.70001220703125,0.016425269144477284,0.00022450428113898621,0.0003208289039741388,0.0003219242903387947,0.0006174259534152708,0.0006276460284994907,0.0007903461916827452,0.0011093003850127343,0.002176520959402861
2025-02-19 00:00:00+00:00,270.8500061035156,0.0005539429240091209,0.0002697894664685175,0.0004942937476075039,0.0005906183704426564,0.0006050968102643663,0.0008903929762035283,0.0010318004917815675,0.0013047998319830525,0.0022641622308904727
2025-02-20 00:00:00+00:00,270.989990234375,0.0005166991544358623,3.0685276305977473e-07,0.0002700963192315775,0.0004946006003705637,0.0005920206095703714,0.0008875222726468483,0.0009360626897617571,0.0012903010965005619,0.002202136091048572
2025-02-21 00:00:00+00:00,270.739990234375,-0.0009229691054981615,2.669780161947351e-07,5.738307792547267e-07,0.0002703632972477722,0.0005911922012219103,0.0006056706410436211,0.0008980093257472631,0.0010646079362068577,0.002200883136102281
2025-02-24 00:00:00+00:00,272.2099914550781,0.005414881156990958,8.518719697040764e-07,1.1188499858990282e-06,1.4257027489588032e-06,0.0004957194503564619,0.0005931394595562704,0.0008918186789524874,0.001061561360900221,0.0021701772779374913
2025-02-25 00:00:00+00:00,268.6199951171875,-0.01327607254097618,2.932093794433574e-05,3.017280991404003e-05,3.0439787930234768e-05,0.00030053610716181144,0.0006213650111359503,0.0009179620605770832,0.0010625471324748617,0.002171391220218781
2025-02-26 00:00:00+00:00,269.0299987792969,0.0015251697060953973,0.00017625410211326173,0.0002055750400575977,0.00020642691202730178,0.00020700074280655562,0.0007012944904140595,0.000812097553070923,0.0011427565798052533,0.002257149706323593
2025-02-27 00:00:00+00:00,264.92999267578125,-0.015357280506671067,2.3261426323911205e-06,0.00017858024474565307,0.00020790118268998882,0.00020902003267588695,0.0004791163519074645,0.0008010406422462594,0.0011067623804069556,0.0021594538416718056
2025-02-28 00:00:00+00:00,263.2699890136719,-0.006285532695668117,0.00023584606456057914,0.00023817220719297047,0.0004144263093062322,0.00044459911922027135,0.00044517294999952607,0.0010357913204421827,0.001335565926203055,0.0023678874249584833
2025-03-03 00:00:00+00:00,266.739990234375,0.013094284775934106,3.9507921268312905e-05,0.00027535398582889225,0.00027768012846128337,0.0004832551685188802,0.00048437401850477923,0.0009789746188753432,0.0013718962911516278,0.0023517274761571476
2025-03-04 00:00:00+00:00,269.0599975585937,0.008660029400338942,0.0001714602937932597,0.00021096821506157282,0.00044681427962215195,0.0006253945243678042,0.0006555673342818442,0.0009259306315296165,0.0012612379753254655,0.0024757543203674606
2025-03-05 00:00:00+00:00,269.6199951171875,0.0020791481693782643,7.499610921473486e-05,0.00024645640300799475,0.00028596432427630767,0.0005241365314692772,0.000729711571526875,0.000731137274275834,0.0013228510310831457,0.0025224330961530848
2025-03-06 00:00:00+00:00,268.25,-0.005094160642131307,4.322857110228988e-06,7.931896632496406e-05,0.00025077926011822375,0.0005261332459471151,0.0007047134906927683,0.0007351532786230032,0.0013260785018287188,0.0022906252001753612
2025-03-07 00:00:00+00:00,268.3900146484375,0.0005218196474086056,2.595047264783965e-05,3.0273329758068853e-05,0.0001052694389728037,0.0003162376540343757,0.0005544098612273461,0.0007608367732546481,0.001255704351641406,0.0022903355619402115
2025-03-10 00:00:00+00:00,266.0400085449219,-0.008794495623059895,2.722957444216415e-07,2.6222768392261508e-05,3.0545625502490495e-05,0.0002770020285104844,0.0005523560143393766,0.0007602571970293657,0.0010314723662468415,0.0022886031646576375
2025-03-11 00:00:00+00:00,269.1600036621094,0.011659306390657598,7.734315326401965e-05,7.76154490084415e-05,0.00010356592165628115,0.00018288488798124433,0.0003938531030428171,0.0008082794123490496,0.0008390260530423437,0.0023275131472614086
2025-03-12 00:00:00+00:00,270.3299865722656,0.004337373317600424,0.0001359394255112291,0.00021328257877524897,0.0002135548745196706,0.0002438282042777386,0.0004902846072857333,0.0007679647357470169,0.000974658625790513,0.002354055330034825
2025-03-13 00:00:00+00:00,275.1300048828125,0.017600345742840418,1.8812807296232107e-05,0.00015475223280746143,0.00023209538607148108,0.0002583181544637417,0.00033763712078870576,0.0007844514004108579,0.0009932044550705504,0.0022985781178328575
2025-03-14 00:00:00+00:00,275.239990234375,0.00039967786762495905,0.00030977217026752083,0.0003285849775637532,0.00046452440307498226,0.0005421398520834229,0.0005724131818414918,0.0008583775061177996,0.0013021247533683672,0.002593544699854828
2025-03-17 00:00:00+00:00,276.7300109863281,0.005398932434642845,1.5974239786923428e-07,0.0003099319126653903,0.0003287447199616224,0.0005420272987368705,0.000568250067129132,0.0008190293272473559,0.0012729635578219007,0.002367744303942798
2025-03-18 00:00:00+00:00,279.9599914550781,0.01160436401087761,2.9148471433838513e-05,2.9308213831708018e-05,0.0003390803840992288,0.0004938326169066894,0.0005714480659151309,0.0006767175048879347,0.0011258579271424774,0.002392994328100296
2025-03-19 00:00:00+00:00,281.1099853515625,0.004099294399691367,0.0001346612640969515,0.0001638097355307903,0.00016396947792865946,0.0004925544554924117,0.0007058370342676607,0.0007363826597701513,0.0012581930486070378,0.0024993204258275522
2025-03-20 00:00:00+00:00,280.75,-0.0012814060805395044,1.6804214575341003e-05,0.0001514654786722928,0.00018061395010613123,0.0004905458627715207,0.0006452980955789821,0.0007488640172352634,0.0010391511986217997,0.0024200799856200234
2025-03-21 00:00:00+00:00,278.489990234375,-0.008082476604942102,1.642001543243615e-06,1.8446216118584887e-05,0.00015310748021553635,0.00018241569404724343,0.0005110006716109965,0.0007245555461306674,0.0010012852788967303,0.002383401645132578
2025-03-24 00:00:00+00:00,277.25,-0.004462490783133433,6.53264280694364e-05,6.696842961268028e-05,8.377264418802124e-05,0.0002475823797188106,0.0005575142923842009,0.0007896096784556821,0.0008951514131729071,0.0024416855544375344
2025-03-25 00:00:00+00:00,278.4700012207031,0.004390711790074775,1.9913823989550837e-05,8.524025205898751e-05,8.688225360223108e-05,0.00023834773227452295,0.0002676559461062309,0.0007321803491812133,0.000840069127947723,0.0024584218221073454
2025-03-26 00:00:00+00:00,278.239990234375,-0.0008263225124265361,1.9278350023501635e-05,3.919217401305275e-05,0.0001045186020824891,0.00012296481820107307,0.0002867745537318633,0.0006155192736934859,0.0008550246208609957,0.0021955815625114253
2025-03-27 00:00:00+00:00,281.9700012207031,0.013316671121390122,6.828088945429029e-07,1.9961158918044808e-05,3.987498290759559e-05,0.00010684341252027497,0.00025830889119256767,0.0005973892752917967,0.0008297569571076989,0.002182881317948913
2025-03-28 00:00:00+00:00,284.0599975585937,0.007384788228781858,0.00017733372975526566,0.00017801653864980884,0.0001972948886733104,0.000282535140732297,0.0003009813568508818,0.0004649508347795415,0.001006818391118543,0.002359119661339523
2025-03-31 00:00:00+00:00,288.1400146484375,0.014261049112946012,5.453509718395509e-05,0.00023186882693922102,0.00023255163583376387,0.0002717438098468157,0.000338712239459496,0.0005193261895656274,0.0009840103350384783,0.0023173301356883254
2025-04-01 00:00:00+00:00,287.57000732421875,-0.0019801896396476337,0.00020337752180185823,0.00025791261898581357,0.00043524634874107923,0.0004552075076591231,0.0005404477597181106,0.0006935552399336471,0.0010514484313291076,0.0022962033763511977
2025-04-02 00:00:00+00:00,288.1600036621094,0.002049559804647494,3.921151008967826e-06,0.00020729867281082633,0.00026183376999478137,0.0004398503086445893,0.00047904248265764193,0.0005628151268456635,0.0010365567750418433,0.0020303350608916484
2025-04-03 00:00:00+00:00,286.4200134277344,-0.00605658220441363,4.200695392826673e-06,8.121846401794771e-06,0.00021149936820365295,0.000443368195142873,0.0004633293540609178,0.0005502116076631491,0.0007309853001671491,0.002034228903521415
2025-04-04 00:00:00+00:00,279.7200012207031,-0.023670204732145095,3.668218799881986e-05,4.0882883391646806e-05,4.480403440061457e-05,0.00030271665338642723,0.00048073319203623604,0.0005852517941187254,0.0007675077457680997,0.00207064411350404
2025-04-07 00:00:00+00:00,273.7099914550781,-0.02171998668570385,0.000560278592061664,0.0005969607800604841,0.0006011614754533107,0.0008084601482641362,0.0010403289752033572,0.001080203958110953,0.0012986378663959251,0.002630070833596
2025-04-08 00:00:00+00:00,275.20001220703125,0.005429029902152216,0.0004717578216271526,0.0010320364136888168,0.0010687186016876367,0.0010768404480894305,0.0013347530670752442,0.0015320479557485549,0.0016357344239261264,0.003072507717278817
2025-04-09 00:00:00+00:00,285.3800048828125,0.036323492196158824,2.94743656784629e-05,0.0005012321873056157,0.0010615107793672796,0.0011023936627589258,0.0013096923355697518,0.001542243971403516,0.0016484045750292482,0.0029257279808440183
2025-04-10 00:00:00+00:00,292.3500061035156,0.024130092886814225,0.001319396085324411,0.001348870451002874,0.0018206282726300265,0.0024175890526905103,0.0024257108990923043,0.002860957247833384,0.0029661586588104155,0.004242797923536038
2025-04-11 00:00:00+00:00,297.92999267578125,0.018906799500581606,0.0005822613827262825,0.0019016574680506936,0.0019311318337291567,0.002963168247417973,0.0030040511308096194,0.003265884900804401,0.003483093613467262,0.004589213241701741
2025-04-14 00:00:00+00:00,296.2300109863281,-0.005722318290653838,0.00035746706735519286,0.0009397284500814755,0.0022591245354058867,0.002760356722711501,0.0033573175027719854,0.0035688168709756387,0.0038206468568329037,0.004907172387788621
2025-04-15 00:00:00+00:00,297.7799987792969,0.005218738019025615,3.2744926619551465e-05,0.00039021199397474453,0.000972473376701027,0.0023213438277039002,0.003353380241392717,0.003398184275793332,0.0038341134334289534,0.004768457020614913
2025-04-16 00:00:00+00:00,307.4700012207031,0.03202257075367587,2.72352265112234e-05,5.998015313077508e-05,0.00041744722048596796,0.0023191046885366606,0.0028203368758422764,0.0034214983512955875,0.0038606658510456342,0.004720696137911402
2025-04-17 00:00:00+00:00,306.1199951171875,-0.004400359490662531,0.0010254450376741772,0.0010526802641854008,0.0010854251908049522,0.002025153640886427,0.0033740240918893006,0.0044427426935769385,0.0047087771589645454,0.0057418183184753495
2025-04-21 00:00:00+00:00,315.5899963378906,0.030466725196562017,1.936316364706381e-05,0.0010448082013212413,0.0010720434278324647,0.0014622554218072083,0.0033639128898579015,0.004425423669225182,0.004673605225427654,0.005735231009474573
2025-04-22 00:00:00+00:00,311.1099853515625,-0.014297390879939975,0.0009282213442028268,0.0009475845078498908,0.001973029545524068,0.002033009698654842,0.0029727381487363175,0.004793366421366345,0.005398449047828623,0.006663180057932979
2025-04-23 00:00:00+00:00,303.6499938964844,-0.02427079806460597,0.00020441538597379077,0.0011326367301766178,0.0011519998938236816,0.0022046801580090816,0.002594892151983826,0.004526023985712983,0.005598943282793446,0.00679025229064275
2025-04-24 00:00:00+00:00,308.07000732421875,0.014451351409752178,0.0005890716386928808,0.0007934870246666719,0.0017217083688694985,0.002766516570190739,0.0028264967233215138,0.005085621258727401,0.0061838142260935,0.007243384503824402
2025-04-25 00:00:00+00:00,304.7300109863281,-0.010900878955956372,0.00020884155756814625,0.0007979131962610273,0.0010023285822348181,0.001949913090084708,0.0030025933542701085,0.003975066730971135,0.0063559735956628255,0.007433413254096317
2025-04-28 00:00:00+00:00,309.07000732421875,0.014141637459613499,0.00011882916201241249,0.00032767071958055894,0.0009167423582734398,0.002049379088450057,0.0030941872897712976,0.003511634510257266,0.005914524165613575,0.007242470245841208
2025-04-29 00:00:00+00:00,306.0599975585937,-0.009786658970495132,0.00019998591003914372,0.0003188150720515564,0.0005276566296197027,0.0013211436542863737,0.0022687281621362647,0.003354153352941217,0.005642752254025566,0.007442296413482482
2025-04-30 00:00:00+00:00,303.7699890136719,-0.007510353244041923,9.577869380477285e-05,0.00029576460384391677,0.00041459376585632925,0.0012125069621173558,0.0023451436922939735,0.0034171871201264382,0.005709056582151876,0.007508926635853416
2025-05-01 00:00:00+00:00,297.4599914550781,-0.020991066503797562,5.6405405850291037e-05,0.0001521840996550641,0.00035217000969420785,0.0006798407292747659,0.0014733277539414377,0.003446357299465506,0.004446065902677756,0.007430670777606756
2025-05-02 00:00:00+00:00,297.9800109863281,0.001746673590377057,0.000440624872966852,0.0004970302788171433,0.0005928089726219161,0.0009116240446734716,0.001709537240934499,0.002861537134758181,0.004304429392918325,0.007854491435998267
2025-05-05 00:00:00+00:00,306.8800048828125,0.029430400577679094,3.0508686313206787e-06,0.0004436757415981729,0.0005000811474484639,0.0007958457512923799,0.001123516470872939,0.002845224839742438,0.003950013194194453,0.007855900303086343
2025-05-06 00:00:00+00:00,315.4800109863281,0.027638515747737458,0.000866148478162654,0.0008691993467939748,0.001309824219760827,0.00146200831941589,0.0017808233914674465,0.002783151973702265,0.0047834167457375554,0.008656722353179562
2025-05-07 00:00:00+00:00,310.75,-0.015106592963135768,0.0007638875527379315,0.0016300360309005855,0.0016330868995319064,0.0021301171783490486,0.0024258817821929653,0.0033426241404664056,0.005520069071964263,0.009400696081927944
2025-05-08 00:00:00+00:00,304.6300048828125,-0.01989078892817897,0.0002282091509538631,0.0009920967036917948,0.001858245181854449,0.0023019209234526206,0.002454105023107685,0.0029817616527273876,0.00472283318524395,0.009609626882858303
2025-05-09 00:00:00+00:00,306.8399963378906,0.007228485693538289,0.00039564348418536714,0.0006238526351392303,0.001387740187877162,0.002256939534671136,0.0027539698134882796,0.003168563579344609,0.0050991135057822535,0.010004587558149126
2025-05-12 00:00:00+00:00,298.19000244140625,-0.02859555174099615,5.225100542168772e-05,0.000447894489607055,0.0006761036405609182,0.002306139671461503,0.002749815413059676,0.003101985422753884,0.004223143167001114,0.00987950483381555
2025-05-13 00:00:00+00:00,299.4599914550781,0.004249948759953881,0.0008177055793719879,0.0008699565847936758,0.001265600068979043,0.002257696772670837,0.003126896119464812,0.0037197050920867282,0.004836433360399311,0.010642675316003583
2025-05-14 00:00:00+00:00,293.1600036621094,-0.021262276625643395,1.8062064462233532e-05,0.0008357676438342216,0.0008880186492559094,0.001511871284395139,0.0031419073152957246,0.003641988462744189,0.004265423786168664,0.010457359858663959
2025-05-15 00:00:00+00:00,297.8399963378906,0.015837869719407927,0.0004520844073053815,0.0004701464717676151,0.001287852051139603,0.0017357465407466573,0.002727843244438452,0.00403766746419928,0.0045086666359059,0.010905523114960371
2025-05-16 00:00:00+00:00,294.239990234375,-0.012160689602209729,0.0002508381172489385,0.00070292252455432,0.0007209845890165537,0.0015909411738102288,0.002214793808949459,0.0038478807084813657,0.004640675591142425,0.011152160536816483
2025-05-19 00:00:00+00:00,298.0299987792969,0.012798420816745093,0.00014788237160129182,0.00039872048885023046,0.000850804896155612,0.001686572539989833,0.0021344670295968876,0.003992712211451337,0.004588572052704573,0.011263360720418955
2025-05-20 00:00:00+00:00,303.5799865722656,0.01845097448398647,0.00016379957540249413,0.00031168194700378606,0.0005625200642527246,0.001032666536020339,0.001902623120814015,0.003290363308691177,0.004656592934302295,0.010866881703759785
2025-05-21 00:00:00+00:00,305.82000732421875,0.007351594562024388,0.0003404384594087198,0.0005042380348112141,0.000652120406412506,0.0013550429309668252,0.002190810574801047,0.002866914215361965,0.004940625987860723,0.010735562341541353
2025-05-22 00:00:00+00:00,303.1099853515625,-0.008900989925318292,5.4045942604386555e-05,0.00039448440201310647,0.0005582839774156007,0.0009570044662658303,0.0014271509380334455,0.002692751007012489,0.004554047057498258,0.010760133918467278
2025-05-23 00:00:00+00:00,309.75,0.021669792905121277,7.922762165061773e-05,0.0001332735642550044,0.00047371202366372435,0.0007853939706675096,0.0014883164952218299,0.0023763351444777395,0.004630223810517555,0.009519965454793484
2025-05-27 00:00:00+00:00,304.5,-0.01709443335929972,0.00046957992455084444,0.0005488075462014623,0.000602853488805849,0.0011070915236170622,0.0015058120124672929,0.002793664063606896,0.004233655256905746,0.009407283996618046
2025-05-28 00:00:00+00:00,303.8099975585937,-0.002268589173612945,0.00029221965187553915,0.0007617995764263837,0.0008410271980770016,0.0012355116000901073,0.0015471935470938933,0.0022681781361104476,0.003761987356043353,0.009342036581138392
2025-05-29 00:00:00+00:00,305.6099853515625,0.005907233361944542,5.146496838633864e-06,0.0002973661487141731,0.0007669460732650177,0.0009002196375200213,0.0014044576723312354,0.0022552625684868475,0.003538924701928124,0.009314438151357475
2025-05-30 00:00:00+00:00,303.6000061035156,-0.006598665713002383,3.489540599247061e-05,4.004190283110458e-05,0.00033226155470664383,0.0008810691009081054,0.001275553502921212,0.001838073567173937,0.0031781766237352275,0.009322098330838722
2025-06-02 00:00:00+00:00,311.6700134277344,0.026233913208447035,4.3542389191953246e-05,7.843779518442397e-05,8.358429202305793e-05,0.0008453838684494408,0.0009786574327044454,0.0016307778391169516,0.003169468007505493,0.008340195682356498
2025-06-03 00:00:00+00:00,308.9100036621094,-0.00889499464201915,0.0006882182022283318,0.0007317605914202852,0.0007666559974127559,0.0010640221461269282,0.0016128296923283907,0.0021711136697439917,0.003039980630361837,0.009009050720937765
2025-06-04 00:00:00+00:00,310.8999938964844,0.006421313241234294,7.912092968154938e-05,0.0007673391319098814,0.0008108815211018347,0.0008509234239329385,0.0016127230003593223,0.0020864350240230468,0.0031010394955811524,0.008159950306416489
2025-06-05 00:00:00+00:00,309.3299865722656,-0.00506267264407434,4.123326374205088e-05,0.00012035419342360037,0.0008085723956519324,0.0008870101908363555,0.0011843763395505288,0.0017872298283563778,0.0026901883520178216,0.007996768184184749
2025-06-06 00:00:00+00:00,305.17999267578125,-0.013506882324947789,2.5630654301058667e-05,6.686391804310966e-05,0.00014598484772465915,0.0008777454391449436,0.0009177873419760483,0.00175881454005305,0.002464980889069942,0.007433327199792926
2025-06-09 00:00:00+00:00,306.6199951171875,0.0047074374937485786,0.00018243587013998697,0.00020806652444104574,0.0002492997881830967,0.0010166389200929773,0.0010950767152774013,0.0018620227885424191,0.0024995343876086373,0.007406921512364766
2025-06-10 00:00:00+00:00,306.7099914550781,0.00029346792267404,2.2159967757549897e-05,0.000204595837897537,0.00023022649219859575,0.0003505806856221954,0.0010823412770424807,0.0014146028317491247,0.002357894779963693,0.007310252318109904
2025-06-11 00:00:00+00:00,308.3699951171875,0.00539769697833048,8.612342163861631e-08,2.2246091179188623e-05,0.0002046819613191757,0.00027154587936228464,0.001038885011272166,0.001122469303295224,0.0020175424439766118,0.007110352531492399
2025-06-12 00:00:00+00:00,312.20001220703125,0.012343702322692884,2.913513266987799e-05,2.9221256091516716e-05,5.1381223849066726e-05,0.00025944774829011173,0.0003798019417137122,0.0011464579391264682,0.0019926316340421035,0.0070437089703575045
2025-06-13 00:00:00+00:00,316.2900085449219,0.013015494091699331,0.0001523669870312537,0.00018150211970113182,0.00018158824312277053,0.00038618408102030676,0.00045304799906341656,0.0012639295201652514,0.002065770999422739,0.007139670551538467
2025-06-16 00:00:00+00:00,311.7799987792969,-0.014361734303801832,0.0001694030864510602,0.000321770073482314,0.0003509052061521921,0.00037315129733137995,0.0005812178217724259,0.0013897902174243582,0.001765594161322955,0.0068684487650226755
2025-06-17 00:00:00+00:00,311.94000244140625,0.0005130624809401851,0.00020625941221299828,0.0003756624986640586,0.0005280294856953124,0.0005572507417868284,0.0007618465796843654,0.0009078314274090248,0.0016796339216604143,0.007071657308604353
2025-06-18 00:00:00+00:00,310.260009765625,-0.005400182338402892,2.6323310934849785e-07,0.00020652264532234688,0.0003759257317734072,0.0005574278514745382,0.000579673942653727,0.0008289737308368239,0.0016747506579311289,0.006205772063551047
2025-06-20 00:00:00+00:00,310.1300048828125,-0.0004191069541601422,2.9161969287998532e-05,2.942520239734714e-05,0.00023568461461034553,0.0005574546880926588,0.0005866759441841757,0.0008169024363827715,0.0016690172212266566,0.0054710464801011145
2025-06-23 00:00:00+00:00,311.0799865722656,0.0030584905042090327,1.7565063902539154e-07,2.9337619927024032e-05,2.960085303637264e-05,0.00040526335170043044,0.0005867654714015624,0.0007914474327207383,0.0016256504826737286,0.0052430129797862764
2025-06-24 00:00:00+00:00,306.19000244140625,-0.015844238391270693,9.354364164336822e-06,9.530014803362322e-06,3.8691984091360965e-05,0.0002452146294137071,0.0005669847028960212,0.0006183659267450882,0.0009467866446097339,0.004856723859765246
2025-06-25 00:00:00+00:00,307.1199951171875,0.0030327025232494975,0.00025103989019941613,0.00026039425436375304,0.00026056990500277855,0.00028999510740012496,0.0006656576060641836,0.0008472458491869544,0.0011187056051276006,0.005055512744542974
2025-06-26 00:00:00+00:00,306.7799987792969,-0.0011076604529494105,9.19728459452387e-06,0.0002602371747939401,0.000269591538958277,0.0002989291588853003,0.0005054518042076473,0.0008563570103598396,0.0010866696259800735,0.00424700444976551
2025-06-27 00:00:00+00:00,301.2200012207031,-0.01828997550464706,1.2269116790280933e-06,1.0424196273552072e-05,0.0002614640864729683,0.0002709941012763299,0.00030041930367367714,0.0008284487893689897,0.001062265883358043,0.004230169296982305
2025-06-30 00:00:00+00:00,304.8299865722656,0.011913301279754762,0.0003345232039605895,0.00033575011563961773,0.0003449474002341417,0.000605341654597894,0.0006346792745249182,0.0010106050062983255,0.0012143532171786456,0.004112608093637513
2025-07-01 00:00:00+00:00,307.54998779296875,0.008883435847179655,0.00014192674738220645,0.0004764499513427961,0.00047767686302182426,0.0007379140378157636,0.0007474440526191261,0.0009831286672294718,0.0013341199968033022,0.004003696723770781
2025-07-02 00:00:00+00:00,309.25,0.005512375309430162,7.891543245095651e-05,0.00022084217983316307,0.0005553653837937527,0.000565789580067304,0.0008261838344310571,0.00085578468746743,0.00141294930583262,0.0039347297846204455
2025-07-03 00:00:00+00:00,307.1400146484375,-0.006846293882021293,3.0386281552015274e-05,0.00010930171400297189,0.0002512284613851785,0.0005869785770247954,0.0008472157518187355,0.0008859077359100968,0.0014142004547147572,0.003801316490769967
2025-07-07 00:00:00+00:00,307.3699951171875,0.0007485003525822265,4.687173991900218e-05,7.725802147101756e-05,0.00015617345392197418,0.0006326234052647695,0.0006430476015383218,0.0009036175065411005,0.0013087052076025056,0.003507749771280249
2025-07-08 00:00:00+00:00,304.1600036621094,-0.010498326962964377,5.602527778157174e-07,4.7431992696818004e-05,7.781827424883339e-05,0.0002986604540819957,0.0006344105697216135,0.0009040021086798907,0.0011398623739292612,0.0034542640814536783
2025-07-09 00:00:00+00:00,305.5199890136719,0.004461316177626351,0.00011021486902130484,0.00011077512179912067,0.00015764686171812297,0.0002669485757210941,0.0007433985270638903,0.0010048626135368587,0.0010438178307375678,0.0034852513288243657
2025-07-10 00:00:00+00:00,306.20001220703125,0.002223316131964914,1.9903342036750596e-05,0.00013011821105805556,0.00013067846383587136,0.0002079364853068882,0.0004287786651400514,0.0007737260653741932,0.0010634579396649698,0.0030355747463102715
2025-07-11 00:00:00+00:00,309.1400146484375,0.009555773018863789,4.943134622655428e-06,2.484647665940613e-05,0.0001350613456807111,0.00018249333837752835,0.00029179505238050035,0.0007694719154023249,0.0010392391049996268,0.0027482982290573882
2025-07-14 00:00:00+00:00,308.010009765625,-0.003662014424121729,9.131279798804517e-05,9.625593261070071e-05,0.00011615927464745143,0.00022693439644657132,0.000304192417917589,0.000859557801711342,0.0011303762523486467,0.002834464530206799
2025-07-15 00:00:00+00:00,306.7300109863281,-0.0041643640755140154,1.3410349642475598e-05,0.00010472314763052088,0.00010966628225317643,0.0002397844933112312,0.0002872164860080493,0.000538444947393228,0.0011344322378267853,0.0028129794738568042
2025-07-16 00:00:00+00:00,308.260009765625,0.0049756967893914705,1.73419281534317e-05,3.0752277795907405e-05,0.0001220650757839527,0.00014691155244335807,0.0002576866742424788,0.0004138601281644533,0.0009007342757808009,0.0027867790128182825
2025-07-17 00:00:00+00:00,307.5899963378906,-0.002175898954109634,2.4757558539960587e-05,4.209948669339239e-05,5.550983633586811e-05,0.00015176576894656804,0.00028188398000462376,0.0003597022542534573,0.0009162945497262377,0.0021233183691299114
2025-07-18 00:00:00+00:00,308.3900146484375,0.002597547797348554,4.734536258495399e-06,2.9492094798456094e-05,4.6834022951887914e-05,0.000151557170582408,0.00017640364724181426,0.0003340505089599374,0.000919802174305705,0.0020489319757068577
2025-07-21 00:00:00+00:00,313.1300048828125,0.015253192127432591,6.747254559510324e-06,1.1481790818005831e-05,3.623934935796654e-05,6.699162715387318e-05,0.00016324755976457398,0.00029392602360044556,0.0005920262249046258,0.0020144459665243173
2025-07-22 00:00:00+00:00,316.1000061035156,0.009440183161308013,0.00023265987007637157,0.000239407124635882,0.00024414166089437755,0.00028624114758776917,0.00039096429521829013,0.0005260256408990015,0.0006827593475987909,0.00222147518229963
2025-07-23 00:00:00+00:00,312.17999267578125,-0.012478717461641864,8.911705811904336e-05,0.000321776928195415,0.00032852418275492547,0.0003580162775533808,0.00038876855534928837,0.0005049278299967399,0.0006929609732668778,0.002128156370278686
2025-07-24 00:00:00+00:00,310.2699890136719,-0.0061370703288572415,0.00015571838948748556,0.000244835447606529,0.0004774953176829007,0.0004889771085009058,0.0005310765951942983,0.0006407428774474748,0.0008182930812023481,0.002261714792008622
2025-07-25 00:00:00+00:00,307.3999938964844,-0.009293039490678723,3.766363222133993e-05,0.00019338202170882557,0.000282499079827869,0.0005219062044637503,0.0005513982992622065,0.0006734633750461594,0.0008090849735046858,0.0022992923008083232
2025-07-28 00:00:00+00:00,305.4100036621094,-0.006494663067577733,8.636058297531426e-05,0.00012402421519665426,0.00027974260468414,0.0006015195328795542,0.0006130013236975602,0.0006685111600334285,0.0008948853037021844,0.002356517751113759
2025-07-29 00:00:00+00:00,306.25,0.0027466136773082184,4.2180648361358206e-05,0.00012854123133667256,0.00016620486355801262,0.0004110403111645409,0.0006504474358004229,0.0006972814587523111,0.0008268510830422377,0.0022463314124438636
2025-07-30 00:00:00+00:00,300.9599914550781,-0.01742442469843475,7.543886692376574e-06,4.972453505373486e-05,0.00013608511802904924,0.0003294671397378741,0.0006512440679332892,0.0006874834172912559,0.0008144916276978636,0.00208447221268518
2025-07-31 00:00:00+00:00,302.9599914550781,0.006623418228250522,0.0003036105760714229,0.0003111544627637995,0.0003533351111251579,0.00047735932632181143,0.0007221947739283406,0.0009663364348227182,0.001113159069146631,0.0021818233765436047
2025-08-01 00:00:00+00:00,309.1099853515625,0.02009639782657313,4.386966902632128e-05,0.00034748024509774424,0.0003550241317901209,0.0004835653631267928,0.0006769473848356186,0.0010054715675905442,0.0010657159401849072,0.0022254298124605777
2025-08-04 00:00:00+00:00,310.9100036621094,0.00580633979396783,0.0004038652056038933,0.00044773487463021464,0.0007513454507016376,0.0008010699857553718,0.0009250942009520263,0.0014025895186349272,0.0014561707961463248,0.0026001330487764726
2025-08-05 00:00:00+00:00,311.1600036621094,0.000803768098495361,3.3713581803014376e-05,0.0004375787874069078,0.00048144845643322915,0.0007926029191970281,0.0009211441505337007,0.0012036432303615698,0.0014725424497959076,0.0026336709799404615
2025-08-06 00:00:00+00:00,310.5,-0.002123359734255814,6.460431561588483e-07,3.4359624959173334e-05,0.0004382248305630667,0.0007857050756608103,0.0008354296107145453,0.0011151722153986854,0.0014484309344121058,0.0026249626589322835
2025-08-07 00:00:00+00:00,313.1199951171875,0.008402586680171353,4.508656561058921e-06,5.154699717217878e-06,3.886828152023236e-05,0.0004866031561504463,0.000797757618914246,0.0009639624824722588,0.0014482050547146694,0.0023784314252939267
2025-08-08 00:00:00+00:00,313.04998779296875,-0.00022360485625672055,7.060346291779305e-05,7.511211947885207e-05,7.575816263501102e-05,0.000513336950041918,0.0008608171951396625,0.000996902313168712,0.001512061263072952,0.0024398376036171955
2025-08-11 00:00:00+00:00,308.54998779296875,-0.01447901799294371,4.999913174158866e-08,7.065346204953474e-05,7.516211861059377e-05,0.0001095217435697664,0.0005572566181999811,0.0009105917293251392,0.0012794513921283222,0.002438660691069909
2025-08-12 00:00:00+00:00,308.2699890136719,-0.0009078785028293623,0.0002096419620399877,0.00020969196117172942,0.00028029542408952257,0.00028545012380673973,0.0007230289112136475,0.0010780530430037688,0.0013999762960492665,0.002313779449149307
2025-08-13 00:00:00+00:00,309.2099914550781,0.0030446433804476314,8.242433758996845e-07,0.0002104662054158875,0.0002105162045476292,0.00028562832402648057,0.00031998794898565393,0.0010713333996872918,0.0012450821499376805,0.0021726769451430004
2025-08-14 00:00:00+00:00,307.25,-0.006358881635978086,9.26985331410358e-06,1.0094096690003374e-05,0.00021973605872999116,0.00029038952077952524,0.0002955442204967431,0.0007769926769299726,0.0012166883710304443,0.0021030313660061473
2025-08-15 00:00:00+00:00,307.42999267578125,0.0005856467855478442,4.0435375660379345e-05,4.970522897448304e-05,5.0529472350382797e-05,0.00026022143352211153,0.00033533355300096365,0.0007735583835640306,0.0011707631637155095,0.002113080460114512
2025-08-18 00:00:00+00:00,306.95001220703125,-0.0015624875893935908,3.4298215742252265e-07,4.0778357817801974e-05,5.004821113190563e-05,0.00026051441654779245,0.00033116787859732727,0.00037003616011755986,0.0011289254975115736,0.0020665517023529317
2025-08-19 00:00:00+00:00,305.2699890136719,-0.005488312721199762,2.4413674670089945e-06,2.784349624431619e-06,4.3219725284811045e-05,5.3313821974813744e-05,0.0002630057831465432,0.00033876394578155443,0.001123822978286206,0.002068432817042125
2025-08-20 00:00:00+00:00,308.3599853515625,0.010071289165623831,3.0121576525683135e-05,3.256294399269223e-05,3.290592615011484e-05,8.26111551245972e-05,0.0002930773605404847,0.00036823947915107875,0.0008503339787404664,0.0019883395245465034
2025-08-21 00:00:00+00:00,307.2900085449219,-0.003475929162815916,0.00010143086545761197,0.0001315524419832952,0.00013399380945030429,0.00017477216726810558,0.000184866263958109,0.00046516168804763174,0.000907895175171757,0.002069867047967365
2025-08-22 00:00:00+00:00,310.5799865722656,0.01064951898275357,1.2082083544914155e-05,0.00011351294900252624,0.00014363452552820945,0.0001464188751526404,0.00019612410412712348,0.00040664030867475285,0.0005161120531127778,0.0020770059968896236
2025-08-25 00:00:00+00:00,309.8299865722656,-0.002417757282480615,0.00011341225456402862,0.0001254943381089429,0.00022692520356655494,0.0002594881475592465,0.0003002665053770485,0.0005200025641070399,0.0005958107258737921,0.002099105453465607
2025-08-26 00:00:00+00:00,312.0799865722656,0.007235805547642471,5.845550276988048e-06,0.00011925780484101678,0.00013133988838593102,0.00026289233036922555,0.00026567667999365726,0.00031620615234404024,0.0006010102329946213,0.0020915406541001194
2025-08-27 00:00:00+00:00,312.7099914550781,0.0020166939883496937,5.235688192329356e-05,5.820243220028172e-05,0.0001716146867643104,0.00028512763576683597,0.0003176905797595283,0.00036773879089143415,0.000648858458356856,0.0021265556078699814
2025-08-28 00:00:00+00:00,315.0299987792969,0.007391652350960953,4.067054642645795e-06,5.6423936565939465e-05,6.22694868429276e-05,0.00018776382495186978,0.00031931626693516504,0.00036253599221997636,0.0005823220500817087,0.0021058651039726666
2025-08-29 00:00:00+00:00,318.07000732421875,0.009603638858147079,5.463652447746659e-05,5.870357912011249e-05,0.00011106046104340613,0.0002303182658844222,0.0003438312148869485,0.0003767371410370636,0.0006369085754274337,0.002155767092191638
2025-09-02 00:00:00+00:00,325.5899963378906,0.02336740250914282,9.222987931771253e-05,0.00014686640379517923,0.0001509334584378251,0.00020913589063810612,0.0003346302287470491,0.0004686240381973536,0.0005194964927051585,0.00224124971694984
2025-09-03 00:00:00+00:00,328.1400146484375,0.007801481349129169,0.0005460355000242942,0.0006382653793420069,0.0006929019038194735,0.0007493258403854122,0.0008685836452264292,0.0010122181707546388,0.001064707749353553,0.0025546253468977627
2025-09-04 00:00:00+00:00,326.69000244140625,-0.004428674737355642,6.086311124081028e-05,0.0006068986112651046,0.0006991284905828171,0.0007578320697029289,0.0008160345019032108,0.001042959705469766,0.0011163010072802598,0.0025263714000195296
2025-09-05 00:00:00+00:00,331.04998779296875,0.013257668006979806,1.961315992929207e-05,8.047627117010257e-05,0.0006265117711943967,0.0007733781749895752,0.0008298021115555149,0.000961141999941446,0.0010954787915491723,0.0023902661704613363
2025-09-08 00:00:00+00:00,334.82000732421875,0.011323711365555766,0.0001757657609832959,0.00019537892091258817,0.0002562420321533985,0.0008945074114954045,0.0009532109906155173,0.0011248256773798277,0.0012709015703750459,0.002528368299223292
2025-09-09 00:00:00+00:00,334.0599975585937,-0.002272485609217334,0.00012822643909041683,0.0003039922000737129,0.00032360536000300503,0.0009305039712681088,0.0010773703750632882,0.0011396398619062161,0.0013966866419984536,0.0025702341553383947
2025-09-10 00:00:00+00:00,335.260009765625,0.0035857690781284646,5.164190844099878e-06,0.00013339062993451692,0.00030915639091781287,0.00038963266208791455,0.0010278980414299215,0.001138958502473328,0.0013717292563168702,0.0025332176978211363
2025-09-11 00:00:00+00:00,334.760009765625,-0.0014924929949513555,1.2857739881662259e-05,1.8021930725762352e-05,0.00014624836981617917,0.00034162729072876653,0.0009485259019938713,0.0010994593604316965,0.0012831561307409206,0.002538531551010422
2025-09-12 00:00:00+00:00,335.4200134277344,0.001969631599387789,2.2275353399788667e-06,1.508527522164134e-05,2.024946606574122e-05,0.00032424166613945335,0.000404717937309556,0.0010976198411290295,0.0012733015825359853,0.0022371485102789775
2025-09-15 00:00:00+00:00,338.9100036621094,0.010351078276419123,3.879448637306899e-06,6.106983977285983e-06,1.896472385894824e-05,0.0001523553537934643,0.0003477342747060526,0.00104686276528887,0.0011637687766092636,0.0021971582898899634
2025-09-16 00:00:00+00:00,339.5899963378906,0.002004400599687095,0.00010714482148455589,0.00011102427012186301,0.00011325180546184187,0.00013127373618760337,0.0004352659362613164,0.0010617777074557132,0.0012650680478168315,0.001900437905770626
2025-09-17 00:00:00+00:00,336.9700012207031,-0.007745087571334075,4.017621764025986e-06,0.00011116244324858209,0.00011504189188588901,0.00013012716710752948,0.00026351779704204646,0.0005197598291954451,0.0012167287876575638,0.0018707419457316377
2025-09-18 00:00:00+00:00,335.6199951171875,-0.004014356216470283,5.998638148763356e-05,6.400400325165976e-05,0.00017114882473621566,0.00017725580871350078,0.00019527773943926323,0.0005188830994422684,0.0012726481145025517,0.0019300822840631125
2025-09-19 00:00:00+00:00,339.17999267578125,0.010551365296973536,1.6115055832713606e-05,7.610143732034738e-05,8.011905908437338e-05,0.00019114332920623552,0.00020622860442787698,0.0005153849953456899,0.0012341266458577988,0.0019416886833347673
2025-09-22 00:00:00+00:00,345.04998779296875,0.017158380367683357,0.00011133130963017744,0.00012744636546289126,0.0001874327469505248,0.00029859519019910605,0.0003047021741763922,0.0004509505439925714,0.0012532280761702636,0.0019824165300471514
2025-09-23 00:00:00+00:00,346.4599914550781,0.004078048498239895,0.00029441001684210166,0.0004057413264722793,0.0004218563823049929,0.00048586038555665183,0.000596884655678515,0.0006171341217442563,0.001001602592988071,0.0022767765477575115
2025-09-24 00:00:00+00:00,343.32000732421875,-0.009104369003754442,1.663047955399666e-05,0.00031104049639609855,0.000422371806026276,0.0004984732433466225,0.0006096356865952047,0.0006286004104541531,0.0009573699613012575,0.002083765065271521
2025-09-25 00:00:00+00:00,344.75,0.004156538489887396,8.288953495652466e-05,9.952001451052154e-05,0.0003939300313526232,0.0005213763968155135,0.0005853804000671735,0.0006986322055290155,0.00102064633632849,0.0021658303568521456
2025-09-26 00:00:00+00:00,346.739990234375,0.005755674720215431,1.7276812217915394e-05,0.00010016634717444027,0.00011679682672843693,0.0005225381532007154,0.0005986395905210629,0.000713681482406952,0.0008621573875631095,0.0021738373157559575
2025-09-29 00:00:00+00:00,352.4599914550781,0.01636192499893241,3.3127791484926986e-05,5.04046037028426e-05,0.00013329413865936725,0.0004443346350554649,0.0005717810005183563,0.0007429298252545721,0.0007670587399576198,0.002166529731580505
2025-09-30 00:00:00+00:00,355.4700012207031,0.008503744538253422,0.0002677125896706893,0.00030084038115561654,0.0003181171933735319,0.0004176372078840526,0.000823378534356332,0.0009034975934407055,0.001029607138784209,0.002433899339093772
2025-10-01 00:00:00+00:00,356.0299987792969,0.0015741326049987237,7.23136711718749e-05,0.00034002626084256445,0.0003731540523274914,0.00047332039950193083,0.0007843608958980295,0.0009717936428485544,0.0010890630700744219,0.002503771642798638
2025-10-02 00:00:00+00:00,354.7900085449219,-0.0034889043060362113,2.4778934581200676e-06,7.479156462999518e-05,0.0003425041543006845,0.00039290875800352624,0.0004924287725140479,0.0009142851548190409,0.0010893134281925632,0.0024761279597310744
2025-10-03 00:00:00+00:00,357.6400146484375,0.008000845595952377,1.2172453256678017e-05,1.4650346714798302e-05,8.69640178866732e-05,0.00038780439904228885,0.0004879707462167292,0.0009103425522430053,0.0010976064328119342,0.002386869547530141
2025-10-06 00:00:00+00:00,364.3800048828125,0.018670357712141872,6.401353025027056e-05,7.618598350694879e-05,7.866387696506886e-05,0.00041869013780763243,0.0004690947415104751,0.0008630247728630984,0.0010544751415776487,0.002438800994235497
2025-10-07 00:00:00+00:00,366.260009765625,0.005146197838027611,0.0003485822570993355,0.0004125957873496063,0.00042476824060628426,0.0004995598052362786,0.0008004001863918952,0.0009171970131203323,0.0013990397769129584,0.0026739709967708043
2025-10-08 00:00:00+00:00,372.2999877929688,0.01635645771461558,2.6483352188120054e-05,0.0003750656092874557,0.0004390791395377263,0.00045372948625252375,0.0007937557470950883,0.0009270498857544557,0.0013655367476134448,0.002694608798681936
2025-10-09 00:00:00+00:00,365.4299926757813,-0.018625225753275743,0.0002675337089700075,0.00029401706115812776,0.0006425993182574633,0.0007187853017644112,0.0007935768663944065,0.0011116940597679385,0.0016169554007507388,0.0029097856257286497
2025-10-10 00:00:00+00:00,369.1199951171875,0.010047058859954383,0.00034689903436048593,0.0006144327433304937,0.0006409160955186137,0.001053511882868219,0.0010681622295830176,0.001441316281910509,0.001852523125481047,0.00325261760544649
2025-10-13 00:00:00+00:00,378.0899963378906,0.024010471634505315,0.00010094339173538787,0.000447842426095874,0.0007153761350658816,0.0010904417443533365,0.0011666277278602854,0.0015091318821609699,0.0016590565003743334,0.003298924472704411
2025-10-14 00:00:00+00:00,380.7900085449219,0.007115811676484007,0.0005765027481113844,0.0006774461398467725,0.0010243451742072583,0.0013183622353653852,0.0017309580227149917,0.0018179220406016649,0.002218928768931721,0.003783197341498083
2025-10-15 00:00:00+00:00,387.3900146484375,0.01718391083164228,5.063477581518614e-05,0.0006271375239265707,0.0007280809156619586,0.0013425136589924514,0.0017175792682799073,0.0017962431452449763,0.002186674009790383,0.0032877966172889747
2025-10-16 00:00:00+00:00,396.4500122070313,0.02311798516943142,0.00029528679146983283,0.0003459215672850192,0.0009224243153964036,0.0013702667414922766,0.0016642838026504046,0.002089052043256689,0.0024646839890423,0.0035222202975179976
2025-10-17 00:00:00+00:00,388.989990234375,-0.018996349267190737,0.0005344412382940511,0.0008297280297638841,0.0008803628055790703,0.0015578089454258417,0.0021722416887563355,0.002611320828294062,0.002965997435851424,0.004037048375882757
2025-10-20 00:00:00+00:00,403.1499938964844,0.03575507474940309,0.00036086128548109804,0.0008953025237751494,0.0011905893152449822,0.001817726839171552,0.0022655692652674263,0.00290816858352489,0.003059146131661833,0.004222143900380559
2025-10-21 00:00:00+00:00,377.239990234375,-0.06642712220281766,0.0012784253703354027,0.0016392866558165011,0.002173727894110552,0.0025196494613955703,0.003197095601242343,0.0038380116967609568,0.0042652578308253605,0.005372342831625545
2025-10-22 00:00:00+00:00,377.2799987792969,0.00010605032482136068,0.00441256256414807,0.005690987934483473,0.006051849219964571,0.006881577249728455,0.007508714773655025,0.008224090908720907,0.008675342501515311,0.009779741204929516
2025-10-23 00:00:00+00:00,378.7900085449219,0.003994370253229462,1.1246671394716108e-08,0.004412573810819465,0.0056909991811548676,0.006586301704930016,0.006932223272215036,0.007956568446422294,0.008663181294930027,0.009766894711719248
2025-10-24 00:00:00+00:00,377.5199890136719,-0.0033584660498817698,1.5954993719884398e-05,1.5966240391279114e-05,0.004428528804539349,0.00606781546035585,0.006897543490119734,0.007625624405781693,0.008615122758399641,0.009780622170099153
2025-10-27 00:00:00+00:00,367.010009765625,-0.02823439606845568,1.1279294208208458e-05,2.7234287928092857e-05,2.724553459948757e-05,0.0057182334690829605,0.006613535992858109,0.0075359603082545135,0.008277819795508515,0.009788022015670056
2025-10-28 00:00:00+00:00,364.3800048828125,-0.007191829710492925,0.0007971811213504256,0.000808460415558634,0.0008244154092785184,0.005236989220097982,0.006876275875914484,0.007756638681493555,0.009048517564670821,0.010478058315535926
2025-10-29 00:00:00+00:00,363.0,-0.0037944582730187193,5.1722414584728754e-05,0.0008489035359351544,0.0008601828301433628,0.0008761490705346411,0.006567137005018115,0.007757726320263098,0.008832706270285541,0.010525763108356628
2025-10-30 00:00:00+00:00,370.1300048828125,0.019451474207494712,1.4397913585680202e-05,6.612032817040895e-05,0.0008633014495208345,0.0008905357374489265,0.005303109548268393,0.007476837442378945,0.008500205149510736,0.010480174640454674
2025-10-31 00:00:00+00:00,368.1199951171875,-0.00544534976587574,0.00037835984884483203,0.0003927577624305122,0.000444480177015241,0.0012529405925738742,0.001268906832965154,0.007320756052929726,0.008777621606620179,0.010842419433466793
2025-11-03 00:00:00+00:00,368.7799987792969,0.001791298260436669,2.9651834072722975e-05,0.000408011682917555,0.00042240959650323515,0.0012713131324383886,0.0012985474203664824,0.006989546601521351,0.008230770692581518,0.010760739957909337
2025-11-04 00:00:00+00:00,362.3200073242188,-0.017672437504169025,3.2087494578434365e-06,3.286058353056641e-05,0.00041122043237539846,0.00047734076054580654,0.0012858011761044414,0.005714329980643792,0.008183344666224175,0.01046953869052508
2025-11-05 00:00:00+00:00,366.510009765625,0.011498013266248108,0.00031231504733875994,0.00031552379679660337,0.00034517563086932637,0.0007379333932998377,0.001586836929234993,0.0016140824638344814,0.008200372922093102,0.010765223258309843
2025-11-06 00:00:00+00:00,366.0700073242188,-0.0012012407765737976,0.0001322043090708175,0.0004445193564095774,0.00044772810586742083,0.000855739788784975,0.0009218601169553849,0.0017462755262339041,0.007798135992869868,0.010814538032424137
2025-11-07 00:00:00+00:00,368.30999755859375,0.006100376279774444,1.4429794033036204e-06,0.0001336472884741211,0.0004459623358128811,0.00047882291934344664,0.0008715806817739597,0.0017317635119173233,0.007438717686792075,0.010798704199609523
2025-11-10 00:00:00+00:00,378.3800048828125,0.02697402633060797,3.721459075483469e-05,3.865757015813831e-05,0.0001708618792289558,0.0004863856760255584,0.0008943973589431142,0.0017576988084639497,0.006197506907211507,0.010802790998879434
2025-11-11 00:00:00+00:00,379.8699951171875,0.003930081509220251,0.000727598096484332,0.0007648126872391667,0.0007662556666424704,0.001210775023052047,0.0012436356065826143,0.0016881157835978559,0.0025125424395477684,0.011262676505693073
2025-11-12 00:00:00+00:00,385.989990234375,0.015982361021277924,1.5445540669114926e-05,0.000743043637153447,0.0007802582279082816,0.0009139055163824019,0.001229429313179006,0.0016518389096822422,0.0025279767335454886,0.011205808375190316
2025-11-13 00:00:00+00:00,382.8699951171875,-0.008115943871202624,0.00025543586381446395,0.0002708814044835789,0.0009984795009679109,0.0010371370711260485,0.0014816564275356265,0.0018928768599110258,0.002767457603640068,0.011458766345546658
2025-11-14 00:00:00+00:00,375.9599914550781,-0.01821276119826276,6.586854492051144e-05,0.0003213044087349754,0.00033674994940409024,0.0011015626366432563,0.001235209925117378,0.0015803855559867054,0.0028220468543523713,0.011512462437210491
2025-11-17 00:00:00+00:00,371.6499938964844,-0.011530197275275711,0.0003317046704649456,0.00039757321538545705,0.0006530090791999209,0.0013960527163533673,0.0014347102865115062,0.001882438392378928,0.0023565704034668906,0.011780153577425167
2025-11-18 00:00:00+00:00,374.3500061035156,0.007238670232445621,0.00013294544920677544,0.00046465011967172104,0.0005305186645922324,0.0008014000690758105,0.001566212756314978,0.0020121750921278598,0.0024377934380889377,0.011564516769532606
2025-11-19 00:00:00+00:00,374.9599914550781,0.0016281258445651758,5.239834673409434e-05,0.00018534379594086978,0.0005170484664058152,0.0008383528751407899,0.0015813965122942377,0.0017522583915231943,0.002475793871237352,0.011590431764078582
2025-11-20 00:00:00+00:00,374.8500061035156,-0.0002933685939359165,2.6507937657410673e-06,5.5049140499835407e-05,0.00018799458970661075,0.0005855678050920671,0.0008564492095756468,0.001622704876218118,0.002100084816158261,0.011325548848874314
2025-11-21 00:00:00+00:00,374.2699890136719,-0.0015485295000221555,8.606513190793668e-08,2.7368588976490037e-06,5.5135205631743234e-05,0.0005197853253034636,0.0008410897340384398,0.0016213479619467223,0.002070519047217446,0.010978735879645736
2025-11-24 00:00:00+00:00,380.2000122070313,0.01572002942959294,2.397943612438867e-06,2.4840087443468035e-06,5.134802510087762e-06,0.0001904785984509568,0.0005880518138364146,0.0015865313148043265,0.0020697082413720417,0.010880190431522788
2025-11-25 00:00:00+00:00,380.0799865722656,-0.0003157406112368477,0.00024711932526726816,0.000249517268879707,0.00024960333401161485,0.00030465247451144954,0.0007693025941831714,0.0011060525435872626,0.0020045125193005496,0.010550807008678671
2025-11-26 00:00:00+00:00,383.1199951171875,0.007966521739529497,9.969213358421821e-08,0.00024721901740085237,0.0002496169610132911,0.0002523538199109394,0.00043769761585181,0.001090706695051732,0.0018724079023633162,0.010500271924997069
2025-11-28 00:00:00+00:00,387.8800048828125,0.012347782735317558,6.346546862639609e-05,6.356516075998031e-05,0.0003106844860272484,0.00031316849477159447,0.0003682176352714307,0.000898736299863664,0.0019344303915864087,0.010268450602153633
2025-12-01 00:00:00+00:00,389.75,0.004809481913079061,0.00015246773847860635,0.00021593320710500244,0.00021603289923858654,0.00046555016811829285,0.00046828702701594266,0.000985335493421759,0.0020496835393101803,0.00988647710233819
2025-12-02 00:00:00+00:00,387.239990234375,-0.006460877304548696,2.3131116272234627e-05,0.00017559885475084097,0.00023906432337723695,0.00048628334077808864,0.0004887673495224363,0.000676761939229048,0.001345216559098083,0.009548746933129324
2025-12-03 00:00:00+00:00,386.8800048828125,-0.0009300505859091146,4.174293554443242e-05,6.487405181666705e-05,0.0002173417902952733,0.00028090695105525287,0.0005304242199349607,0.0005855594255667049,0.0013715139539734007,0.008312064498338354
2025-12-04 00:00:00+00:00,387.1300048828125,0.0006459865002765852,8.649940923498873e-07,4.26079296367823e-05,6.57390459090168e-05,0.00028167225301401855,0.0005288912704148718,0.0005340260729249605,0.0011169430842512865,0.0039003669282826336
2025-12-05 00:00:00+00:00,386.4400024414063,-0.0017839435807101012,4.1729855853959066e-07,1.282292650889478e-06,4.302522819532176e-05,0.00021862408294616204,0.0002821892437061432,0.0005317925777177591,0.0010514918378893147,0.0039007729801697785
2025-12-08 00:00:00+00:00,385.4200134277344,-0.0026429393579947558,3.1824546991567775e-06,3.5997532576963682e-06,4.46474735004612e-06,6.93387991667125e-05,0.0002852720062717157,0.0005348889672850078,0.0007229696221235257,0.003888000441149051
2025-12-09 00:00:00+00:00,387.3999938964844,0.005124051608821567,6.985128450037732e-06,1.0167583149194509e-05,1.0584881707733965e-05,5.3192811344515595e-05,0.00022879166609535736,0.0005394761521226067,0.0005970093013667881,0.00388370627539088
2025-12-10 00:00:00+00:00,389.0499877929688,0.004250103468607769,2.625590488986689e-05,3.3241033339904624e-05,3.6423488039061265e-05,3.770578068995006e-05,0.00010257983250661792,0.00031861273174520546,0.0005708668595225606,0.003112781058930322
2025-12-11 00:00:00+00:00,393.239990234375,0.010712248978541616,1.806337949387179e-05,4.431928438373868e-05,5.1304412833776274e-05,5.490416609147197e-05,9.751209572825509e-05,0.00033657641910549304,0.0005862794452506913,0.0030791220238394644
2025-12-12 00:00:00+00:00,395.4400024414063,0.0055789875076310835,0.0001147522781782659,0.0001328156576721377,0.00015907156256200446,0.00016923914571119827,0.00017052143836208857,0.0003878632286573628,0.0007009456582970493,0.0031794763884320505
2025-12-15 00:00:00+00:00,395.7999877929688,0.0009099271544501519,3.112510161030369e-05,0.0001458773797885696,0.00016394075928244123,0.0001971817926223452,0.00020078154588004237,0.00026652059178906016,0.0007296728162949142,0.002832241641197522
2025-12-16 00:00:00+00:00,395.8900146484375,0.000227429563539161,8.279674264057506e-07,3.1953069036709445e-05,0.0001467053472149752,0.00019102463159871322,0.00020119221474790852,0.0002442174429432313,0.0004833814584540517,0.0028034177745512047
2025-12-17 00:00:00+00:00,399.2900085449219,0.008551559438576106,5.1724206371613266e-08,8.796916327773639e-07,3.200479324308092e-05,0.00016482045091521794,0.0001980614842551234,0.00020252623160517047,0.0004833334905268391,0.002800260749299733
2025-12-18 00:00:00+00:00,398.5700073242188,-0.0018048314286414069,7.312916883150009e-05,7.318089303787171e-05,7.400886046427732e-05,0.00021988624025284624,0.00026420552463658574,0.0002747904063443207,0.000492997190731943,0.002561074870792473
2025-12-19 00:00:00+00:00,399.0199890136719,0.0011283535131116906,3.257416485811782e-06,7.638658531731187e-05,7.643830952368335e-05,0.00010839137856039211,0.00024120703623253063,0.0002776305242715929,0.00034378686873914855,0.0024321279782074674
2025-12-22 00:00:00+00:00,408.2300109863281,0.022819254559299118,1.2731816505514941e-06,4.530598136363276e-06,7.765976696786323e-05,7.853945860063991e-05,0.00022441683838921034,0.0002757212512229876,0.0003219289341174654,0.002431958180454715
2025-12-23 00:00:00+00:00,413.6400146484375,0.013165297757330663,0.0005207183786420936,0.000521991560292645,0.0005252489767784567,0.0005984298698163277,0.000630382938853038,0.0007894545014150435,0.0008009043772151266,0.002915461968341974
2025-12-24 00:00:00+00:00,411.9299926757813,-0.004142651508748152,0.00017332506503917578,0.0006940434436812693,0.0006953166253318207,0.0007717032106491319,0.0007725829022819101,0.0009365236615643523,0.0009733644481619524,0.0023611889368968177
2025-12-26 00:00:00+00:00,416.739990234375,0.011609088487158914,1.716156152293334e-05,0.00019048662656210913,0.0007112050052042025,0.0007157356033405651,0.0007889164963784377,0.0009356218435934139,0.0009901087111263461,0.0023629049577506365
2025-12-29 00:00:00+00:00,398.6000061035156,-0.04450407961760128,0.00013477093550268564,0.00015193249702561898,0.0003252575620647947,0.0008472491223574391,0.0009236357076747518,0.0009556405009178337,0.001121697191929875,0.002242240029438858
2025-12-30 00:00:00+00:00,398.8900146484375,0.0007273032894685727,0.0019806131026097935,0.002115384038112479,0.0021325455996354125,0.002826589043316681,0.002831119641453045,0.0029051285019173236,0.003095325166089631,0.00415698458712814
2025-12-31 00:00:00+00:00,396.30999755859375,-0.006488999253824623,5.289700748718064e-07,0.001981142072684665,0.0021159130081873506,0.002306399634749459,0.002828391195042105,0.0029048295045657896,0.0030695982312746355,0.003825808886738066
2026-01-02 00:00:00+00:00,398.2799987792969,0.004958545328225483,4.210711131613652e-05,4.263608139100833e-05,0.002023249184000802,0.00217518168102642,0.0028692251247076903,0.002946884891675555,0.0030936419630969007,0.0037349705488474274
2026-01-05 00:00:00+00:00,408.760009765625,0.02597293817991453,2.4587171772066765e-05,6.669428308820328e-05,6.72232531630751e-05,0.002182607291275553,0.0023730939178376632,0.002898342894616121,0.003003476856690701,0.0037071593738854
2026-01-06 00:00:00+00:00,413.1799926757813,0.010755105002162146,0.0006745935176976618,0.0006991806894697286,0.0007412878007858651,0.0027224298734705296,0.0028743623704961495,0.0035696789958279715,0.003646945272778059,0.00437910209781732
2026-01-07 00:00:00+00:00,409.2300109863281,-0.009605943617543744,0.00011567228360753322,0.000790265801305195,0.0008148529730772618,0.0008574890544682692,0.002972873092580749,0.003684078097784953,0.0037617895889591867,0.004494688316292946
2026-01-08 00:00:00+00:00,411.489990234375,0.005507322733438791,9.227415278342939e-05,0.00020794643639096262,0.0008825399540886244,0.0009492342371768268,0.002930376309861493,0.0032556338719262885,0.0038540120175362446,0.0045845645254639356
2026-01-09 00:00:00+00:00,414.4700012207031,0.007215903791294664,3.0330603690251715e-05,0.0001226047564736811,0.00023827704008121432,0.0009374577295509421,0.0009800938109419512,0.0031126394105773646,0.003811213452394996,0.00436777580388692
2026-01-12 00:00:00+00:00,422.2300109863281,0.01854961673678268,5.206926752522071e-05,8.239987121547243e-05,0.0001746740239989018,0.000964939825304096,0.0010316341083923,0.0031475471165796523,0.003860025303434405,0.004419745379278556
2026-01-13 00:00:00+00:00,421.6300048828125,-0.0014220515093619213,0.00034408828108152816,0.00039615754860674885,0.00042648815229700057,0.0006344345886879623,0.0013336152781576918,0.0033568644621584944,0.004202840402865382,0.004700368191733688
2026-01-14 00:00:00+00:00,425.9400024414063,0.010170333239524432,2.0222304952785185e-06,0.0003461105115768067,0.0003981797791020274,0.0005207845355757076,0.0013110503368809034,0.0013782735900439793,0.003684144254718567,0.004549922683750361
2026-01-15 00:00:00+00:00,423.3299865722656,-0.006146511992686676,0.00010343567820297552,0.00010545790869825404,0.0004495461897797822,0.0005319460609952537,0.0007398924973862172,0.001481180298172083,0.003614254867882366,0.004630227245681101
2026-01-16 00:00:00+00:00,421.2900085449219,-0.00483053208751727,3.777960967624114e-05,0.00014121528787921665,0.00014323751837449518,0.0005393950669812432,0.0006619998234549252,0.0014768527965321877,0.0036348729160356743,0.00462626391981291
2026-01-20 00:00:00+00:00,437.2300109863281,0.03713794462564746,2.333404024853395e-05,6.111364992477509e-05,0.00016454932812775064,0.0005106598397045564,0.0005930597109200297,0.0014755996650086549,0.003523436020781523,0.004648732965969095
2026-01-21 00:00:00+00:00,443.6000061035156,0.014463871678662699,0.0013792269310176567,0.0014025609712661907,0.0014403405809424318,0.001545798489640685,0.0019419560382474346,0.0021802330783286497,0.002922049849189386,0.006027542598428212
2026-01-22 00:00:00+00:00,451.7900085449219,0.018294219779694032,0.00020920358393682092,0.0015884305149544775,0.0016117645552030115,0.0017529798430822277,0.002099090354659035,0.0022737643786579376,0.003130724463051335,0.006233563727665876
2026-01-23 00:00:00+00:00,458.0,0.013651695099227368,0.00033467847734774833,0.0005438820612845693,0.001923108992302226,0.001984222642227,0.002089680550925255,0.0025161687032222565,0.0034232958290829466,0.006561257076563585
2026-01-26 00:00:00+00:00,464.7000122070313,0.01452287824537457,0.00018636877908226852,0.0005210472564300168,0.0007302508403668377,0.002132811811633028,0.0022740270995122453,0.0026722068786142737,0.0035850774363931485,0.006721369950755988
2026-01-27 00:00:00+00:00,476.1000061035156,0.02423586666073163,0.00021091399252997397,0.0003972827716122425,0.0007319612489599908,0.0023203917639144675,0.0023815054138392436,0.0028310516036190265,0.0031213979112254607,0.00691422056379209
2026-01-28 00:00:00+00:00,494.55999755859375,0.038040544426992895,0.000587377232796763,0.000798291225326737,0.0009846600044090055,0.0015285420656935742,0.0029311030369597656,0.0030743405553342617,0.0035931028604146904,0.007386845518410587
2026-01-29 00:00:00+00:00,495.8999938964844,0.002705807739847188,0.00144708302030202,0.0020344602530987833,0.002245374245628757,0.0027664215020587733,0.004354852017013251,0.004519401345141004,0.004947911727933281,0.008802803437102304
2026-01-30 00:00:00+00:00,444.9500122070313,-0.10841233744964729,7.321395525016948e-06,0.0014544044158270372,0.0020417816486238,0.002439064420236042,0.0029829464815206122,0.004423287062463045,0.004924902519768046,0.008809296865200916
2026-02-02 00:00:00+00:00,427.1300048828125,-0.040873515763860446,0.011753234911296196,0.011760556306821213,0.013207639327123233,0.01400593055244997,0.014526977808879987,0.016138742364082997,0.016626068163539023,0.02056248005229074
2026-02-03 00:00:00+00:00,454.2900085449219,0.06164735147244915,0.0016706442908985483,0.013423879202194745,0.013431200597719762,0.015465660850818545,0.01586294362243079,0.017786052614733015,0.01795262417335604,0.022159995174357787
2026-02-04 00:00:00+00:00,453.9700012207031,-0.0007046601942608532,0.0038003959435676787,0.005471040234466227,0.017224275145762424,0.01867867956158946,0.019476970786916195,0.020207221627283035,0.021750997886428442,0.025957133701439657
2026-02-05 00:00:00+00:00,441.8800048828125,-0.02699275619765107,4.965459893757434e-07,0.0038008924895570543,0.005471536780455603,0.017232093087276815,0.0192665533403756,0.019998514589335593,0.021648058754214845,0.02595635706577848
2026-02-06 00:00:00+00:00,455.4599914550781,0.030269515441490036,0.0007286088871458302,0.0007291054331352059,0.004529501376702884,0.01795338057889763,0.019407784994724665,0.02039244499913367,0.02233888803168443,0.026164247574282217
2026-02-09 00:00:00+00:00,467.0299987792969,0.02508561432489298,0.0009162435650626038,0.001644852452208434,0.0016453489981978096,0.007116389232664036,0.01887694553948525,0.02112231978511401,0.023231797556498502,0.026907166074305645
2026-02-10 00:00:00+00:00,462.3999938964844,-0.00996318866202106,0.0006292880460572758,0.0015455316111198797,0.00227414049826571,0.006075032987822764,0.01949891219001751,0.02154069383864131,0.022481858671538117,0.027519292558839985
2026-02-11 00:00:00+00:00,467.6300048828125,0.011247091222494454,9.926512831502502e-05,0.0007285531743723008,0.0016447967394349046,0.0023739021725701108,0.007844942407036338,0.02105258173415957,0.022371920215916323,0.027483786751652323
2026-02-12 00:00:00+00:00,451.3900146484375,-0.03534565209196927,0.0001264970609671118,0.00022576218928213682,0.0008550502353394127,0.002499902687547847,0.006300795177104901,0.019731995774824665,0.02216373879953569,0.02562967071000964
2026-02-13 00:00:00+00:00,462.6199951171875,0.02457422891441219,0.0012493151218065316,0.0013758121827736434,0.0014750773110886685,0.003020608922208548,0.003749714355343754,0.02097398950110618,0.02322668514225995,0.026878456861741302
2026-02-17 00:00:00+00:00,448.2000122070313,-0.03166638360095497,0.0006038927267379321,0.0018532078485444638,0.0019797049095115755,0.0027082580838838763,0.004353110536092311,0.009824647316547915,0.02361966387646791,0.027440242477163097
2026-02-18 00:00:00+00:00,458.2799987792969,0.022240759759257323,0.00100275985036283,0.001606652577100762,0.002855967698907294,0.0030817298881894305,0.00462726149930931,0.009156762876012196,0.024035046494033978,0.02841841515575386
2026-02-19 00:00:00+00:00,459.55999755859375,0.002789156310915253,0.0004946513946689999,0.0014974112450318296,0.002101303971769762,0.003477116154543405,0.004205669328915707,0.005851018327113518,0.023082614868400957,0.0282384730327252
2026-02-20 00:00:00+00:00,468.6199951171875,0.0195226903950525,7.779392926718383e-06,0.0005024307875957182,0.0015051906379585486,0.0033583984865030118,0.0035841606757851486,0.00585830117405086,0.02308307286580266,0.028130580142044385
2026-02-23 00:00:00+00:00,481.2799987792969,0.026657023717321593,0.00038113544026107516,0.0003889148331877935,0.0008835662278567935,0.0024902188049575557,0.0038660309877311992,0.005510827727166105,0.011710973394767536,0.028419441429522033
2026-02-24 00:00:00+00:00,474.6099853515625,-0.013955835494471103,0.0007105969134658459,0.001091732353726921,0.0010995117466536396,0.0025969229916854696,0.0044501308402299326,0.005305181075569348,0.010750926017334832,0.029099707739297626
2026-02-25 00:00:00+00:00,473.4200134277344,-0.0025104111690774644,0.0001947653443487395,0.0009053622578145854,0.0012864976980756606,0.001788928485671379,0.003395581062772141,0.004870658373860811,0.007145295418115895,0.029242403816121147
2026-02-26 00:00:00+00:00,477.4800109863281,0.008539325114314877,6.302164237828882e-06,0.00020106750858656837,0.0009116644220524144,0.001300579255240208,0.002797990500272038,0.004777695409783615,0.007151101036364348,0.028904617699277445
2026-02-27 00:00:00+00:00,483.75,0.013045947108173195,7.292007340796879e-05,7.922223764579767e-05,0.00027398758199453726,0.0013657199357214583,0.0018681507233171766,0.004724118422224473,0.006495412222626487,0.028975515542190133
2026-03-02 00:00:00+00:00,490.0,0.012837146760680263,0.00017019673594925256,0.00024311680935722136,0.00024941897359505034,0.0011547812314096357,0.0015436960645974292,0.003645000036367193,0.0057493653935131355,0.029042276599936412
2026-03-03 00:00:00+00:00,468.1400146484375,-0.04563796333219461,0.00016479233695524377,0.0003349890729044963,0.0004079091463124652,0.0006089766548990334,0.0017007090086259545,0.003205899646584505,0.0052848696844111035,0.029169289327215412
2026-03-04 00:00:00+00:00,471.7999877929688,0.0077877133277795,0.0020828236971107395,0.002247616034065983,0.0024178127700152357,0.0024970350076610336,0.0034023972654756186,0.004285963493332414,0.007268428253206818,0.03122877898407762
2026-03-05 00:00:00+00:00,466.1300048828125,-0.012090565447196333,6.064847887567445e-05,0.002143472175986414,0.002308264512941658,0.002551381322298879,0.0027524488308854475,0.003851960577539089,0.007202579671115381,0.02991020053193564
2026-03-06 00:00:00+00:00,473.510009765625,0.015708476698148566,0.00014618177283293787,0.0002068302517086123,0.002289653948819352,0.002624643021723848,0.0027038652593696457,0.003990362957445309,0.006099446322141787,0.029847178720831754
2026-03-09 00:00:00+00:00,472.5299987792969,-0.0020718179527898783,0.0002467562401762765,0.0003929380130092144,0.00045358649188488923,0.002701202525950872,0.0029443193353080937,0.0038559837573605097,0.005742309835580131,0.029759256483660283
2026-03-10 00:00:00+00:00,477.8599853515625,0.011216537509720403,4.2924296295024426e-06,0.0002510486698057789,0.0003972304426387172,0.002540702618625131,0.0028756916915296275,0.0031496792735241663,0.0047438424148468035,0.029577180134207518
2026-03-11 00:00:00+00:00,476.239990234375,-0.0033958635686852645,0.0001258107137069648,0.0001301031433364672,0.00037685938351274414,0.0005836896352213561,0.0028313056692873396,0.0030807246428823914,0.004375001733884768,0.02949207685538451
2026-03-12 00:00:00+00:00,466.8800048828125,-0.01984963254664507,1.153188937712382e-05,0.00013734260308408857,0.0001416350327135915,0.0005345730457228054,0.0026780452217092196,0.0030859543680216866,0.004378754230335174,0.02891623151196487
2026-03-13 00:00:00+00:00,460.8399963378906,-0.01302137256955227,0.0003940079122368312,0.00040553980161395496,0.0005313505153209203,0.0007823991851266987,0.000989229436835311,0.0034070422068505487,0.004391626702310931,0.027863156403899678
2026-03-16 00:00:00+00:00,460.4299926757813,-0.0008900836759417885,0.00016955614359508828,0.0005635640558319194,0.0005750959452090437,0.0007051990885455104,0.0010981371015547248,0.0034064016144963846,0.0038505859324401725,0.02802539115196975
2026-03-17 00:00:00+00:00,459.2699890136719,-0.0025225710564997783,7.922489501780468e-07,0.00017034839254526627,0.000564356304782098,0.0007016989078661861,0.000952747577671965,0.0032424015264913186,0.003656612837041611,0.016272948489623733
2026-03-18 00:00:00+00:00,444.739990234375,-0.0321484286975835,6.363364735090408e-06,7.1556136852684e-06,0.00017671175728035718,0.0005822515588943118,0.000712354702230779,0.0011659411941156695,0.0036566740375388726,0.014608667563460274
2026-03-19 00:00:00+00:00,426.4100036621094,-0.04208848647076113,0.0010335214677236102,0.0010398848324587005,0.001040677081408879,0.0016042411372407981,0.0017415837403248866,0.0021388141829636054,0.0046172754318545145,0.011841793087616207
2026-03-20 00:00:00+00:00,413.3800048828125,-0.031034054726858606,0.001771440693399443,0.002804962161123053,0.002811325525858144,0.00298167391840341,0.0033872137200173648,0.0037640731035301104,0.0062185193893047035,0.013612737235026274
2026-03-23 00:00:00+00:00,404.0400085449219,-0.02285337448592628,0.000963112552789655,0.002734553246189098,0.0037680747139127086,0.0037752303275979766,0.0043387943834298955,0.004480429416143489,0.0070168396051391154,0.013847240900670098
2026-03-24 00:00:00+00:00,404.1300048828125,0.00022271635118187305,0.0005222767253939863,0.0014853892781836412,0.0032568299715830845,0.004296714804041785,0.004467063196587051,0.004998413711907973,0.005456292633422363,0.013453274061001481
2026-03-25 00:00:00+00:00,416.2900085449219,0.029645532839316147,4.9602573083767406e-08,0.0005223263279670701,0.0014854388807567255,0.004290401041879778,0.004297556655565046,0.004872652600774092,0.005395693757119771,0.012824035617517288
2026-03-26 00:00:00+00:00,400.6400146484375,-0.03831884826591203,0.000878857617326972,0.0008789072199000558,0.0014011839452940426,0.00413573719148314,0.00517562202394184,0.005739978328723939,0.0061283696016138055,0.013603628106529236
2026-03-27 00:00:00+00:00,414.7000122070313,0.03449209165387579,0.0014683341324259894,0.0023471917497529613,0.002347241352326046,0.0038326306305096866,0.00663759279163274,0.006814304548913098,0.0073499474938635186,0.014945465177988114
2026-03-30 00:00:00+00:00,414.5799865722656,-0.00028946950554864515,0.001189704386659368,0.0026580385190853573,0.0035368961364123297,0.004059222464379399,0.006793775710568497,0.007834452791977378,0.008535359450893384,0.014885854442840948
2026-03-31 00:00:00+00:00,430.2900085449219,0.03719349265015026,8.37925946425771e-08,0.0011897881792540105,0.0026581223116800006,0.0035370295315800557,0.005022418809763697,0.007833744335621843,0.008409632529781063,0.01428204550869766
2026-04-01 00:00:00+00:00,437.8200073242188,0.017348463901670108,0.0013833558955167816,0.0013834396881114242,0.0025731440747707923,0.004920335824523754,0.005442662152490823,0.009210736866403533,0.00978145653592072,0.014662641553851613
2026-04-02 00:00:00+00:00,429.4100036621094,-0.019395701723403214,0.00030096919974755085,0.0016843250952643324,0.0016844088878589754,0.0043424474069443325,0.005221354626844388,0.008478184598427474,0.009688417823431439,0.014468959358930163
2026-04-06 00:00:00+00:00,427.6499938964844,-0.004107092256447231,0.0003761932453432264,0.0006771624450907772,0.0020605183406075594,0.0032503065198615693,0.0055974982696145315,0.007082937150371257,0.009895054925179577,0.014837373211346672
2026-04-07 00:00:00+00:00,431.80999755859375,0.009680581273932454,1.6868206802968808e-05,0.0003930614521461952,0.0006940306518937464,0.0020774703400051704,0.004735508859090527,0.006136692804384571,0.009911130883032368,0.014473105977888565
2026-04-08 00:00:00+00:00,434.5299987792969,0.006279313363379835,9.371365380121169e-05,0.00011058186060418049,0.0004867751059474073,0.0021711002012117396,0.00336088838046575,0.005708129732791796,0.009998481172098488,0.013856222718223931
2026-04-09 00:00:00+00:00,437.9100036621094,0.007748433781413766,3.942977631552057e-05,0.00013314343011673225,0.0001500116369197015,0.0008271740820104783,0.0022106137701219026,0.005747509906534234,0.0090043894806904,0.013700887150190712
2026-04-10 00:00:00+00:00,437.1300048828125,-0.001782773309261465,6.003822606495403e-05,9.94680023804746e-05,0.00019318165618168674,0.0005862431083278815,0.002270568203592214,0.004928690515272216,0.007292987013355912,0.013754623212017836
2026-04-13 00:00:00+00:00,435.3599853515625,-0.004057403475821175,3.178280672215075e-06,6.321650673716911e-05,0.00010264628305269011,0.00021322814365687018,0.0008903905887476474,0.003463534663518441,0.006333052741238471,0.013684881419282084
2026-04-14 00:00:00+00:00,445.0899963378906,0.022103259292038047,1.6462522965605753e-05,1.964080363782083e-05,7.96790297027753e-05,0.0002128224598195071,0.0006058839119657024,0.002290292799824679,0.0058272385388100905,0.013531147206298435
2026-04-15 00:00:00+00:00,440.4599914550781,-0.010456884729500793,0.0004885540713310663,0.000505016594296672,0.0005081948749688875,0.0006076628773493617,0.0007182447379535423,0.002778763078561103,0.006315743007568073,0.013854908940674258
2026-04-16 00:00:00+00:00,440.0799865722656,-0.0008631178955775809,0.00010934643824606687,0.0005979005095771332,0.0006143630325427393,0.000677579539279908,0.0008107229693966404,0.001504753621290388,0.005546231828487168,0.011881431681809586
2026-04-17 00:00:00+00:00,445.9299926757813,0.013205474549607743,7.449725016662718e-07,0.00011009141074773315,0.0005986454820787998,0.0006182862857166202,0.0007177542880970949,0.0012045293940445036,0.004078642668562844,0.011821528175435577
2026-04-20 00:00:00+00:00,442.0899963378906,-0.008648499628928441,0.00017438455808033783,0.0001751295305820041,0.00028447596882807144,0.000789492563124743,0.0008527090698619123,0.001002720706781615,0.0030633228399838145,0.011849730960682977
2026-04-21 00:00:00+00:00,429.5700073242188,-0.028728747571709512,7.479654583157538e-05,0.0002491811039119132,0.0002499260764135799,0.0008478265859907126,0.0008674673896285336,0.0010606490458102216,0.0031380355932207477,0.011677771266338276
2026-04-22 00:00:00+00:00,435.260009765625,0.013158850718081538,0.0008253409370390051,0.0009001374828705805,0.0010745220409509187,0.0011846134516986515,0.0016896300459953236,0.001792276329048015,0.002580020634742971,0.012498819773747779
2026-04-23 00:00:00+00:00,431.0400085449219,-0.009742663076259817,0.000173155352220755,0.0009984962892597602,0.001073292835091336,0.0012484223656733398,0.0018463228752504729,0.0019260019049532496,0.0024522067872161752,0.01254616441226157
2026-04-24 00:00:00+00:00,433.25,0.005114015549751549,9.49194838175164e-05,0.0002680748360382714,0.001093415773077277,0.0013425968769891898,0.001452688287736923,0.0019608831627058116,0.002170933025690465,0.012629552006701962
2026-04-27 00:00:00+00:00,429.8900146484375,-0.007785532512715854,2.615315504310064e-05,0.00012107263886061703,0.0002942279910813725,0.0011943654739519527,0.0013694950045339568,0.0019838580370766974,0.002180217973930597,0.012261697249508232
2026-04-28 00:00:00+00:00,421.9100036621094,-0.018737366254643284,6.061451650655564e-05,8.676767154965627e-05,0.0001816871553671731,0.0011801834446269327,0.001429364548538846,0.002028010030617647,0.002147118836635941,0.012152755622419699
2026-04-29 00:00:00+00:00,417.4100036621094,-0.010723068864617602,0.0003510888941606449,0.0004117034106672005,0.0004378565657103016,0.0007059314017485726,0.0016060688846191533,0.0018905448534472257,0.0024587779544810655,0.012503052267630165
2026-04-30 00:00:00+00:00,423.6600036621094,0.01486229443655418,0.00011498420587533143,0.0004660731000359763,0.0005266876165425324,0.000647760255403149,0.0016462565446629092,0.0018961826210764905,0.0025137239342914426,0.012611673108770408
2026-05-01 00:00:00+00:00,423.1799926757813,-0.0011336522597229504,0.0002208877959188293,0.0003358720017941607,0.000686960895954806,0.0007737285675044619,0.0010418034035427335,0.0021163254444936533,0.002731433449538057,0.011799039436965626
2026-05-04 00:00:00+00:00,414.7099914550781,-0.020218142966322183,1.2851674459749516e-06,0.00022217296336480427,0.0003371571692401361,0.0007488605799073363,0.0008699332187679534,0.0019432260538592907,0.002716256094018426,0.010028883911012159
2026-05-05 00:00:00+00:00,418.2699890136719,0.00854767057380812,0.0004087733050066432,0.00041005847245261813,0.0006309462683714479,0.0010970193684074238,0.0011837870399570801,0.0022772028130343585,0.0026364753276940027,0.009474544663229147
2026-05-06 00:00:00+00:00,430.9599914550781,0.029888127796577457,7.306267223834523e-05,0.0004818359772449884,0.00048312114469096373,0.0008189931464851241,0.0012306965571523248,0.0015249245482336984,0.002600191561686281,0.009025330610073505
2026-05-07 00:00:00+00:00,431.6799926757813,0.0016692975079797279,0.0008933001831845461,0.0009663628554228913,0.001375136160429535,0.0015973091237943388,0.0020633822238303153,0.0022450693791974895,0.0034927467723691614,0.009918581190684967
2026-05-08 00:00:00+00:00,433.7699890136719,0.0048298583279891005,2.7865541701473296e-06,0.0008960867373546934,0.000969149409593039,0.0013792078820456567,0.0017150798838398175,0.0021529364495501205,0.0033211487684589704,0.009042510127528143
2026-05-11 00:00:00+00:00,434.6499938964844,0.002026681102102579,2.332753146844567e-05,2.6114085638593e-05,0.0009194142688231395,0.0014012502460681274,0.0016234232094329319,0.0021501108259754653,0.003269679754095841,0.007597503526570599
2026-05-12 00:00:00+00:00,432.9299926757813,-0.003965060284397914,4.107436289619724e-06,2.7434967758065394e-05,3.0221521928213157e-05,0.0009965843773511042,0.0014066428498037222,0.0020936037457585295,0.0024484462533464553,0.00641190657620085
2026-05-13 00:00:00+00:00,430.5,-0.005628711330521341,1.5721703058909668e-05,1.9829139348529392e-05,4.31566708169755e-05,0.0009392434081716684,0.0014210793854166571,0.0017582365546567943,0.00229101260418461,0.006427544486665118
2026-05-14 00:00:00+00:00,427.2099914550781,-0.0076716482577579015,3.168239124233933e-05,4.7404094301248995e-05,5.151153059086915e-05,7.762561622946172e-05,0.001043988471652353,0.001674934740023802,0.002227775511609433,0.0050758709823906754
2026-05-15 00:00:00+00:00,417.2900085449219,-0.023494231397838128,5.885418699075985e-05,9.053657823309918e-05,0.00010625828129200927,0.00013369324905007423,0.0010297799864047677,0.0015129011310957329,0.002260476543557092,0.004833755969633885
2026-05-18 00:00:00+00:00,418.4299926757813,0.002728150184871936,0.0005519789089751629,0.0006108330959659228,0.0006425154872082625,0.0006623446265567915,0.0006884587121953846,0.0020635948726249204,0.0027518409360257,0.005009541633265821
2026-05-19 00:00:00+00:00,411.5,-0.016700574279936653,7.442803431216777e-06,0.0005594217124063798,0.00061827589939714,0.0006656799936983885,0.000693114961456454,0.0016622643710494944,0.002408194845296271,0.005000116229894069
2026-05-20 00:00:00+00:00,417.3999938964844,0.01423595990327442,0.0002789091812796817,0.00028635198471089844,0.0008383308936860618,0.0009288674719191604,0.00094869661126769,0.0018681108800908306,0.0025721198207006215,0.0051853117573725386
2026-05-21 00:00:00+00:00,416.989990234375,-0.0009827627438161457,0.00020266255436763702,0.0004815717356473187,0.0004890145390785359,0.0010998476350444581,0.0011472517293457073,0.0011774732512739217,0.002553894579149429,0.005348544535424655
2026-05-22 00:00:00+00:00,413.8200073242188,-0.00763110290628255,9.658226106330392e-07,0.00020362837697827005,0.0004825375582579522,0.0010419592706643313,0.0011324958488974305,0.0011756525197144073,0.0025535752343140874,0.005289472131970335
2026-05-26 00:00:00+00:00,414.0,0.0004348594550140916,5.823373156627398e-05,5.919955417690702e-05,0.00026186210854454447,0.0005482140932554424,0.0011590471892213654,0.0012105587198122357,0.0022030356608737185,0.005344527582864394
2026-05-27 00:00:00+00:00,408.489990234375,-0.013398563535697683,1.8910274561515278e-07,5.842283431188913e-05,5.9388656922522606e-05,0.0005409603925698407,0.0011003821049762207,0.001206640386268231,0.002130162091380988,0.0053282541626444024
2026-05-28 00:00:00+00:00,412.7699890136719,0.010423100202116231,0.0001795215048201276,0.00017971060756574275,0.00023794433913201717,0.0004415727161102867,0.0007279247008211854,0.0013704401880294491,0.0014163834130165695,0.005019221596133464
2026-05-29 00:00:00+00:00,417.1199951171875,0.010483427987445282,0.00010864101782335541,0.000288162522643483,0.0002883516253890986,0.00034755117956600506,0.0008291229152133239,0.0014473988146104652,0.0015222378766697779,0.005018516175710753
2026-06-01 00:00:00+00:00,411.260009765625,-0.01414829684018315,0.00010990226236795103,0.00021854328019130643,0.0003980647850114345,0.00045648761932332304,0.0006601159963015934,0.0014984468899876563,0.0016088126075692831,0.005127673465577037
2026-06-02 00:00:00+00:00,411.9500122070313,0.0016763707549163342,0.0002001743034779365,0.00031007656584588757,0.0004187175836692434,0.0005984281912349856,0.0006576277454118928,0.00114664228449043,0.0018048794747575999,0.005153463210974636
2026-06-03 00:00:00+00:00,407.8699951171875,-0.009953528184733607,2.8102189079387606e-06,0.0002029845223858753,0.00031288678475382677,0.0006010493073973092,0.0006594721417091986,0.0011420096999671518,0.0017919679906066288,0.005081476884051
2026-06-04 00:00:00+00:00,411.2699890136719,0.008301422193564001,9.907272332428628e-05,0.00010188294223222506,0.000302057245710162,0.0005206005259014679,0.0007003111334672108,0.0009621732420117565,0.001859358322688576,0.004355208670336281
2026-06-05 00:00:00+00:00,396.239990234375,-0.03722984276849228,6.891361043579694e-05,0.00016798633376008325,0.00017079655266802243,0.00048087311851390945,0.0007690356411573926,0.0008284242980799165,0.001869417746133613,0.004250966928551323
2026-06-08 00:00:00+00:00,397.2699890136719,0.002596058990330441,0.0013860611925666571,0.0014549748030024542,0.0015540475263267407,0.0017570320487126155,0.001975575328903922,0.0022135196680359405,0.002703500029725107,0.005542108637300464
2026-06-09 00:00:00+00:00,390.7799987792969,-0.016471383961975228,6.739522281275509e-06,0.0013928007148479326,0.0014617143252837299,0.0015635972675159544,0.0018736738333618422,0.002162025458750942,0.002702796748575166,0.005522695004538638
2026-06-10 00:00:00+00:00,374.5799865722656,-0.042339376208338386,0.00027130648962281475,0.00027804601190409024,0.0016641072044707478,0.0018320935382308305,0.002035078060616706,0.002433142845628142,0.0026951940569182988,0.005733386977654897
2026-06-11 00:00:00+00:00,386.3200073242188,0.030860698069963277,0.0017926227777112105,0.0020639292673340255,0.0020706687896153014,0.0035256435926177545,0.00362752653484998,0.004046244118519225,0.004285154280261872,0.007174920861205462
2026-06-12 00:00:00+00:00,386.5400085449219,0.000569317139269998,0.0009523826853654352,0.0027450054630766456,0.003016311952699461,0.004409112667547393,0.004577099001307476,0.004889985786061305,0.005236571143016675,0.008012319340695566
2026-06-15 00:00:00+00:00,396.5499877929688,0.025566728082746515,3.2412200506657434e-07,0.0009527068073705017,0.0027453295850817126,0.0030233755969858024,0.004478350399988257,0.00478040764569842,0.0051786615334554675,0.007791755666781803
2026-06-16 00:00:00+00:00,397.6300048828125,0.0027198311858462887,0.0006536575848570993,0.0006539817068621658,0.0016063643922276014,0.0036702936595616256,0.0050630943744095595,0.005233890927077583,0.005832130015566952,0.008444128084192929
2026-06-17 00:00:00+00:00,388.6000061035156,-0.022971384282330476,7.397481679502029e-06,0.0006610550665366013,0.0006613791885416683,0.0034063846516183137,0.003684430663522404,0.005238478189849146,0.005660005992426326,0.008042752260865788
2026-06-18 00:00:00+00:00,387.1199951171875,-0.0038158427778745008,0.0005276844958464997,0.0005350819775260017,0.0011887395623831013,0.0021414463697536027,0.004205375637087628,0.00566708996237136,0.006079049470449471,0.008497374084473942
2026-06-22 00:00:00+00:00,384.5899963378906,-0.006556887617395368,1.4560656105456987e-05,0.0005422451519519567,0.0005496426336314592,0.001203624340493624,0.00394862980357027,0.00561273700804102,0.005983707864186976,0.007618634557394852
2026-06-23 00:00:00+00:00,377.3200073242188,-0.019084169061679646,4.299277522715271e-05,5.75534313326097e-05,0.0005852379271791098,0.0012462929937157104,0.002198999801086212,0.004269668590701515,0.005826526335936192,0.007658840778451858
2026-06-24 00:00:00+00:00,365.9200134277344,-0.030678886222522017,0.00036420550877477056,0.00040719828400192327,0.0004217589401073807,0.0009568409176333819,0.0016108226244955482,0.00462713457719501,0.006187921625803024,0.007999718755758183
2026-06-25 00:00:00+00:00,369.4599914550781,0.009627690032062652,0.0009411940598544513,0.0013053995686292219,0.0013483923438563751,0.0018906374958083312,0.0025516925623449327,0.005297022147426646,0.007030042962333189,0.008936805379323013
2026-06-26 00:00:00+00:00,373.6300048828125,0.011223558982924153,9.269241535347855e-05,0.0010338864752079298,0.0013980919839827008,0.00145564541531531,0.0019907273928413123,0.0035970917850689146,0.007053821767250871,0.009013776091617583
2026-06-29 00:00:00+00:00,368.5799865722656,-0.013608268012377245,0.00012596827624317746,0.000218660691596656,0.0011598547514511076,0.0015670530354530304,0.0021092981874049877,0.002770677375946657,0.005793728850927392,0.009108061976618422
2026-06-30 00:00:00+00:00,368.3800048828125,-0.0005427206271182428,0.00018518495829668972,0.0003111532345398671,0.0004038456498933462,0.0017092452185225675,0.0017667986498551775,0.00295553821223828,0.005972174286942805,0.00923439274792435
2026-07-01 00:00:00+00:00,370.6000061035156,0.006008302974758628,2.945456790996187e-07,0.00018547950397578933,0.0003114477802189672,0.0013453342554268965,0.0017525325394288202,0.0023021751730602806,0.00570116234299909,0.008682708384628288
2026-07-02 00:00:00+00:00,378.1300048828125,0.02011473443068912,3.609970463649338e-05,3.6394250315593e-05,0.00022157920861228314,0.0004402399002089386,0.0017456394688381608,0.002330877396017272,0.0039446392699243734,0.008711365285833564
2026-07-06 00:00:00+00:00,382.1300048828125,0.010522812875633392,0.0004046025412171503,0.0004407022458536437,0.00044099679153274373,0.0007521500260726104,0.0017860365012805405,0.0022077954413879225,0.0033968591257760882,0.008837058645771034
2026-07-07 00:00:00+00:00,377.489990234375,-0.012216825224767192,0.00011072959081559589,0.0005153321320327461,0.00055143183666924,0.0007369113406450287,0.0009555720322416851,0.002303964376098061,0.0035072645945866173,0.00874512568221899
2026-07-08 00:00:00+00:00,374.4500122070313,-0.008085737106823032,0.00014925081857250795,0.00025998040938810386,0.0006645829506052545,0.0007009772009208471,0.0010121304354607146,0.0024102224194434167,0.003002857828302026,0.008893410678180867
2026-07-09 00:00:00+00:00,378.1799926757813,0.0099119380907835,6.53791445606549e-05,0.00021462996313316283,0.00032535955394875915,0.0007660617998024023,0.000951541303778192,0.002111396055229301,0.0030608394911831793,0.008900556091175247
2026-07-10 00:00:00+00:00,377.010009765625,-0.003098515188066031,9.824651671552487e-05,0.00016362566127617976,0.00031287647984868815,0.0008282086118814337,0.0008646028621970271,0.0012684485120903744,0.0026314015120522042,0.008998613505145157
2026-07-13 00:00:00+00:00,367.1300048828125,-0.02655571613253116,9.600796370675872e-06,0.00010784731308620074,0.00017322645764685608,0.00043320686703495934,0.0008739091128886034,0.0011853568931075717,0.002626441652317423,0.008828692796695707
2026-07-14 00:00:00+00:00,372.1499938964844,0.013580960339774073,0.0007052060593115757,0.0007148068556822516,0.0008130533723977769,0.0010276833355309391,0.0015430154675636857,0.0017645946761759702,0.0032886549364018465,0.009425257838183926
2026-07-15 00:00:00+00:00,372.3500061035156,0.0005373061432996096,0.0001844424837505163,0.0008896485430620921,0.0008992493394327683,0.0010628750007089475,0.0013228554100970518,0.0017638522016297966,0.003108891911377592,0.009499798059566491
2026-07-16 00:00:00+00:00,364.9599914550781,-0.020046553425765445,2.886978916275006e-07,0.0001847311816421438,0.00088993724095372,0.00099778455403992,0.0012124145171730832,0.0017638463538423245,0.0021679865494147682,0.009299912453980182
2026-07-17 00:00:00+00:00,368.4100036621094,0.00940872323854336,0.0004018643042520683,0.0004021530021436958,0.0005865954858942125,0.0013014023415764634,0.0014650280028526436,0.0021296109534578995,0.002477158438313358,0.009698966539324312
2026-07-20 00:00:00+00:00,367.6000061035156,-0.002201051276090382,8.852407297950584e-05,0.0004903883772315741,0.0004906770751232021,0.0013803256181852935,0.0014881729312714947,0.001813532485220255,0.0024397142350496863,0.009688417888979532
2026-07-21 00:00:00+00:00,374.80999755859375,0.01942381730587961,4.8446267199791e-06,9.336869969948495e-05,0.0004952330039515537,0.0006799641855936968,0.001394771041275949,0.0017076475211246383,0.0022593739034729755,0.009624348905263713
2026-07-22 00:00:00+00:00,379.1199951171875,0.011433540388900987,0.0003772846787321882,0.0003821293054521673,0.0004706533784316736,0.0008728063805753687,0.0017624549236374613,0.0019356813812843184,0.002636364036526064,0.008615572391429245
2026-07-23 00:00:00+00:00,371.5199890136719,-0.020250095841770843,0.00013072584582463014,0.0005080105245568184,0.0005128551512767979,0.0010032435285083714,0.0011879747101505155,0.002001028082548294,0.002730990177714201,0.0087395587149726
2026-07-24 00:00:00+00:00,371.8999938964844,0.0010223155810828999,0.0004100663816009048,0.000540792227425535,0.0009180769061577236,0.0010114456058572079,0.0014135986080009042,0.0023128479474336734,0.002736454018097955,0.008878318606950689
2026-07-27 00:00:00+00:00,374.6300048828125,0.0073139007421554325,1.0451291473248673e-06,0.0004111115107482297,0.0005418373565728603,0.0009239666620250268,0.0014143550392566016,0.0023042922802103227,0.0026267695564296846,0.007086740958386803
2026-07-28 00:00:00+00:00,369.3699951171875,-0.014140046791040639,5.3493144066101785e-05,5.453827321342671e-05,0.00046460465481433185,0.0009726151793711496,0.001065983879070635,0.0016525793649648484,0.0025310118819232784,0.00618785141708747
2026-07-29 00:00:00+00:00,371.0799865722656,0.004618798129091495,0.00019994092325281867,0.0002534340673189205,0.0002544791964662458,0.00079527142389178,0.0011774007293439478,0.001668077804467151,0.0026655736606154418,0.006387468218335223
2026-07-30 00:00:00+00:00,377.1600036621094,0.01625187370765513,2.1333296157299094e-05,0.00022127421941011782,0.00027476736347621997,0.000685878874224449,0.0011938893987812676,0.0016891224027328225,0.0025886604400572164,0.005755143929635422
2026-07-31 00:00:00+00:00,371.5400085449219,-0.015012957345256872,0.0002641233990095721,0.00028545669516687124,0.0004853976184196903,0.0005399358916331163,0.0010807281190586516,0.0015513814974903264,0.0028431830426961123,0.006011869846965492
2026-08-03 00:00:00+00:00,371.7099914550781,0.00045740440799146853,0.00022538888825050226,0.0004895122872600743,0.0005108455834173739,0.0007642796507362937,0.0011753911614845237,0.0016882463127613227,0.002363365871635039,0.005709574239369495
2026-08-04 00:00:00+00:00,374.1600036621094,0.006569565835270907,2.092187924500258e-07,0.00022559810704295233,0.0004897215060525248,0.000710995725462642,0.000765533998676069,0.0016836109048337935,0.002179132606676973,0.005695222802056488
2026-08-05 00:00:00+00:00,389.6400146484375,0.04053975029237389,4.3159195263958734e-05,4.336841405640881e-05,0.0002687573023069114,0.000554213997473782,0.0008076480647927029,0.001349485421365564,0.002222003104049304,0.005695389222093294
2026-08-06 00:00:00+00:00,389.6700134277344,7.698804899458622e-05,0.0016434713537680288,0.0016866305490319876,0.001686839767824438,0.002176352055084512,0.00239762627449463,0.0028622309293089626,0.0034636101535652645,0.006974655067086552
2026-08-07 00:00:00+00:00,398.4700012207031,0.022331954604684512,5.927159687992809e-09,0.0016434772809277168,0.001686636476191676,0.0019122345832346275,0.0021976912784014992,0.0024521704748677463,0.0033750920077454468,0.006033466934391788
2026-08-10 00:00:00+00:00,402.5400085449219,0.010162275879128657,0.0004987161964656898,0.0004987221236253778,0.002142193477393407,0.002185561891449815,0.00267507417870989,0.002949841542186111,0.003868963577491157,0.006439490715504
2026-08-11 00:00:00+00:00,400.9599914550781,-0.003932841633815798,0.00010327185104352013,0.0006019880475092099,0.0006019939746688983,0.002288624523700885,0.0025142226307438382,0.002999620249163529,0.003594950749802489,0.006416794290304343
2026-08-12 00:00:00+00:00,404.9200134277344,0.009827899495455483,1.5467243316674913e-05,0.00011873909436019503,0.0006174552908258853,0.0022609325717536013,0.002304300985810011,0.0028151465692273854,0.0034796921472945337,0.006247076575324328
2026-08-13 00:00:00+00:00,398.9599914550781,-0.014828410072125209,9.658760849277414e-05,0.00011205485180944906,0.00021532670285296962,0.0007140488264783468,0.002400679375510335,0.0028904008815628605,0.0031662133741864034,0.006343369638138002
2026-08-14 00:00:00+00:00,401.4800109863281,0.006296606490295176,0.00021988174526710433,0.0003164693537598785,0.0003319365970765538,0.0009339246445857631,0.0025774019255134805,0.002846159227820393,0.0033850499903061828,0.006527151678768613
2026-08-17 00:00:00+00:00,405.489990234375,0.009938441945241294,3.964725329362733e-05,0.0002595289985607317,0.0003561166070535062,0.0004748557014137006,0.000973577825039079,0.002660417592863518,0.003371204099533708,0.006162196390845091
2026-08-18 00:00:00+00:00,398.5499877929688,-0.01726325801008688,9.877262829893155e-05,0.0001384198815925589,0.0003583016268596637,0.00047035647866911206,0.0010723445261783227,0.0027589810023699994,0.0032700358045798213,0.006150239428328426
2026-08-19 00:00:00+00:00,413.8399963378906,0.037646486600839246,0.0002980200771228288,0.00039679270542176037,0.00043643995871538816,0.0007529093124752659,0.0008716484068354616,0.0030138418842288696,0.0035467225855453505,0.006299008686878747
2026-08-20 00:00:00+00:00,415.260009765625,0.0034254367525550222,0.0014172579533871688,0.0017152780305099975,0.0018140506588089295,0.0020735796573696603,0.0021856345091791104,0.0027876284838480097,0.004699857139922948,0.00765088749570526
2026-08-21 00:00:00+00:00,423.3599853515625,0.019317992727441613,1.1733616945754696e-05,0.0014289915703329236,0.001727011647455753,0.0018654315290483109,0.00218190088280819,0.002799356173634076,0.0044862018686181995,0.007564374595935491
2026-08-24 00:00:00+00:00,426.6900024414063,0.007834913645818453,0.00037318484301748707,0.00038491845996324196,0.0018021764133504111,0.0021989691187721708,0.002458498117332903,0.0026738248201858736,0.004859177492843238,0.007927958642582302
2026-08-25 00:00:00+00:00,428.0700073242188,0.003228990748476157,6.13858718374322e-05,0.0004345707148549195,0.0004463043318006744,0.002161582362310671,0.0023000022439032307,0.0026319388409797853,0.004877404169416711,0.0072841384551081585
2026-08-26 00:00:00+00:00,421.3200073242188,-0.015894093368133966,1.0426381253744613e-05,7.181225309117703e-05,0.0004449970961086643,0.0018739886664415869,0.0022707813718633478,0.002626897978916855,0.0032443591969024263,0.007110122352611386
2026-08-27 00:00:00+00:00,422.6000061035156,0.0030334622724064175,0.0002526222039949601,0.00026304858524870496,0.00032443445708613735,0.0007093529170493784,0.0024246309475593766,0.0027829325744190415,0.003496975473737698,0.007362455858714719
2026-08-28 00:00:00+00:00,408.8900146484375,-0.03297991258547395,9.201893358113106e-06,0.00026182409735307343,0.00027225047860681827,0.0007068211934617369,0.002135812763794661,0.00257225272251005,0.003007461170630122,0.006969793447820764
2026-08-31 00:00:00+00:00,408.4200134277344,-0.0011501174740704556,0.0010876746341455029,0.0010968765275036162,0.0013494987314985765,0.0014213109845897527,0.0018062294445529948,0.003620280103361926,0.003991863953732105,0.007968944008986761
2026-09-01 00:00:00+00:00,396.75,-0.02898973015866524,1.322770204162205e-06,0.0010889974043496653,0.0010981992977077786,0.0013612478829564826,0.0017958185978114022,0.003522830245267156,0.003977719480619592,0.007965422152470945
2026-09-02 00:00:00+00:00,402.7799987792969,0.015084144741502215,0.0008404044546722249,0.0008417272248763873,0.0019294018590218904,0.002191225956374963,0.00226303820946614,0.004065214622816552,0.004721536326799043,0.008428541928410981
2026-09-03 00:00:00+00:00,410.2200012207031,0.0183030999814644,0.0002275314225825889,0.001067935877254814,0.0010692586474589764,0.0021661351749625917,0.002429183760211297,0.0028754880920119725,0.004729186004114527,0.008525347505168939
2026-09-04 00:00:00+00:00,406.7699890136719,-0.008445715995856418,0.0003350034689314821,0.0005625348915140712,0.0014029393461862964,0.002491936750535961,0.0027537608478890342,0.0031987579439977,0.005024542219752382,0.008450284592499517
2026-09-08 00:00:00+00:00,399.7200012207031,-0.01748358308614506,7.133011868266496e-05,0.0004063335876141472,0.0006338650101967363,0.0014755922350731228,0.0025724687625767392,0.0028969032196628774,0.004997099710136115,0.008520569582034856
2026-09-09 00:00:00+00:00,403.3500061035156,0.009040381467557701,0.0003056756775301376,0.0003770057962128028,0.000712009265144285,0.0017799451423990982,0.0028689425467487636,0.003141193025355583,0.005004755310543424,0.008772752115498892
2026-09-10 00:00:00+00:00,396.3599853515625,-0.017481834281749542,8.172849707896073e-05,0.00038740417460909855,0.00045873429329176374,0.001021269184805834,0.0018629964096822215,0.0032124951411807994,0.003669225854235216,0.008654539689325034
2026-09-11 00:00:00+00:00,398.7699890136719,0.006061929797228416,0.0003056145298545535,0.00038734302693351445,0.0006930187044636522,0.0010993522920777986,0.002167288169332613,0.0032654874670403925,0.003963106767144014,0.008938820923022289
2026-09-14 00:00:00+00:00,392.8399963378906,-0.0149823870630863,3.674699286652574e-05,0.0003423615227210795,0.0004240900198000404,0.0008010958160128423,0.0013636307075269138,0.003293032566548805,0.0036266689169930535,0.008711444516879243
2026-09-15 00:00:00+00:00,394.1499938964844,0.00332913705322202,0.0002244719221081357,0.0002612189149746617,0.0005668334448292154,0.0009542376194383132,0.0013605712070524606,0.002429829854511438,0.0037897549672637567,0.008710527550736875
2026-09-16 00:00:00+00:00,391.739990234375,-0.006133202522902614,1.1083153519135794e-05,0.00023555507562727173,0.0002723020684937977,0.0006596450954273113,0.0010366508916401145,0.0024395902378264115,0.003790411739529148,0.008721401485463562
2026-09-17 00:00:00+00:00,398.3599853515625,0.01675775279382652,3.761617318693899e-05,4.8699326706075004e-05,0.00027317124881421094,0.0006155327715352896,0.0010029369461443884,0.0016368019563411257,0.003575405708721127,0.008715858463386541
2026-09-18 00:00:00+00:00,401.1700134277344,0.007029228798811182,0.0002808222786990005,0.00031843845188593974,0.0003295216054050757,0.0005907405203797366,0.0009780835473132512,0.0016900928124575373,0.0038470260940620146,0.007353209388317514
2026-09-21 00:00:00+00:00,398.3800048828125,-0.006978975186592962,4.9410057506036496e-05,0.00033023233620503725,0.00036784850939197645,0.0006034035850192473,0.000945765107740327,0.0014044994010320917,0.0028087615174225483,0.0074026135186638625
