datetime,close,log_return,RV_1d,RV_2d,RV_3d,RV_5d,RV_7d,RV_10d,RV_14d,RV_30d
2021-09-22 00:00:00+00:00,369.5700073242188,,,,,,,,,
2021-09-23 00:00:00+00:00,372.9800109863281,0.009184640898631358,,,,,,,,
2021-09-24 00:00:00+00:00,373.3299865722656,0.0009378826834325338,8.435762843681183e-05,,,,,,,
2021-09-27 00:00:00+00:00,370.3500061035156,-0.008014190102577423,8.796239278826103e-07,8.523725236469445e-05,,,,,,
2021-09-28 00:00:00+00:00,359.8699951171875,-0.02870567938523827,6.422724300024993e-05,6.510686692813255e-05,0.00014946449536494438,,,,,
2021-09-29 00:00:00+00:00,359.2799987792969,-0.0016408161726131354,0.0008240160289680933,0.0008882432719683433,0.0008891228958962259,,,,,
2021-09-30 00:00:00+00:00,357.9599914550781,-0.0036808009383522133,2.6922777123088186e-06,0.0008267083066804022,0.0008909355496806522,0.0009761728020453466,,,,
2021-10-01 00:00:00+00:00,360.17999267578125,0.00618266171342885,1.3548295547774535e-05,1.624057326008335e-05,0.0008402566022281767,0.0009053634691563091,,,,
2021-10-04 00:00:00+00:00,352.6199951171875,-0.021212910151544584,3.822530586269896e-05,5.177360141047349e-05,5.446587912278231e-05,0.0009427091510911256,0.00102794640345582,,,
2021-10-05 00:00:00+00:00,357.3800048828125,0.013408679107940635,0.0004499875570975033,0.00048821286296020223,0.0005017611585079768,0.0013284694651883788,0.0013935763321165115,,,
2021-10-06 00:00:00+00:00,359.6700134277344,0.006387326607837807,0.00017979267541972367,0.000629780232517227,0.0006680055383799259,0.0006842461116400092,0.0015724893836083526,,,
2021-10-07 00:00:00+00:00,362.9700012207031,0.009133207863436965,4.0797941195192824e-05,0.0002205906166149165,0.0006705781737124197,0.0007223517751228932,0.0015490600818032954,0.0016985245771682397,,
2021-10-08 00:00:00+00:00,361.1600036621094,-0.0049991060054610514,8.341548587674681e-05,0.00012421342707193963,0.00030400610249166327,0.0007922189654518655,0.0008084595387119488,0.0016975824346081747,,
2021-10-11 00:00:00+00:00,358.3900146484375,-0.007699263780437171,2.499106085383675e-05,0.00010840654673058355,0.0001492044879257764,0.0007789847204430032,0.0008307583218534767,0.001721693871534129,,
2021-10-12 00:00:00+00:00,357.1400146484375,-0.003493917013763337,5.927866276075168e-05,8.426972361458843e-05,0.00016768520949133524,0.00038827582610625176,0.000876488689066454,0.0017167452912946306,,
2021-10-13 00:00:00+00:00,360.0,0.007976128665224458,1.2207456099064914e-05,7.14861188598166e-05,9.647717971365335e-05,0.00022069060678559297,0.0008504708393028198,0.0009049367184256022,0.0018784172427586399,
2021-10-14 00:00:00+00:00,366.6300048828125,0.01824914698595581,6.361862848421529e-05,7.58260845832802e-05,0.0001351047473440319,0.00024351129407461543,0.00046410191068953194,0.0009658630691975086,0.0018576782428060433,
2021-10-15 00:00:00+00:00,368.9400024414063,0.006280857374674653,0.0003330313657150201,0.00039664999419923537,0.00040885745029830027,0.0004931271739128888,0.0006173406009848284,0.0012853461393647543,0.0021898299845931808,
2021-10-18 00:00:00+00:00,372.6499938964844,0.010005589138234683,3.944916936100498e-05,0.00037248053507602506,0.00043609916356024034,0.0005075852824200569,0.0006159918291506405,0.0012865700028630604,0.002165051910953936,
2021-10-19 00:00:00+00:00,375.4700012207031,0.007538952839282409,0.00010011181400315986,0.00013956098336416484,0.0004725923490791849,0.000548418433662465,0.0006326881572770535,0.0009366942597687168,0.0014411476959890026,
2021-10-20 00:00:00+00:00,374.9800109863281,-0.001305857275061939,5.68358099129243e-05,0.00015694762391608416,0.00019639679327708914,0.0005930467874763245,0.000664532906336141,0.0008137373942619175,0.0014952912281896177,
2021-10-21 00:00:00+00:00,377.2699890136719,0.006088361850741464,1.7052632228321927e-06,5.854107313575649e-05,0.00015865288713891635,0.0005311334222149413,0.0006069595067982217,0.0007746447162895569,0.0014834481958646754,
2021-10-22 00:00:00+00:00,374.1000061035156,-0.008437924694684185,3.7068150025564025e-05,3.877341324839622e-05,9.560922316132052e-05,0.00023517020652548534,0.0006318202007247208,0.0007282973804383741,0.0014822910400275407,
2021-10-25 00:00:00+00:00,377.9299926757813,0.010185816236381484,7.11985731531612e-05,0.00010826672317872522,0.00010997198640155741,0.0002669196103176416,0.0006394001453936667,0.0007745048927376985,0.0011035020560831988,
2021-10-26 00:00:00+00:00,379.1199951171875,0.0031437908743203735,0.00010375085240133267,0.00017494942555449386,0.0002120175755800579,0.00027055864871581436,0.0004101196320799792,0.0008189770823782795,0.0010274602330648077,
2021-10-27 00:00:00+00:00,380.0,0.002318487940430991,9.883421061460058e-06,0.00011363427346279272,0.00018483284661595392,0.00022360625986435014,0.0003805538837804343,0.0008166530473406746,0.0009965457129310748,
2021-10-28 00:00:00+00:00,384.2200012207031,0.011044055656959095,5.3753863299239385e-06,1.5258807391383997e-05,0.00011900965979271668,0.00022727638297144188,0.0002858174561071984,0.0007584098051863833,0.0009185056133842519,
2021-10-29 00:00:00+00:00,386.1099853515625,0.004906956644791016,0.00012197116535401019,0.00012734655168393413,0.00013722997274539421,0.000312179398299888,0.0003509528115482843,0.0005473496048253734,0.0010154857178844253,
2021-11-01 00:00:00+00:00,387.4299926757813,0.0034129033870025083,2.4078223513858706e-05,0.0001460493888678689,0.00015142477519779286,0.00026505904866058554,0.0003733257718393108,0.0005319786589782271,0.0009802852786375323,
2021-11-02 00:00:00+00:00,389.0499877929688,0.004172670277244883,1.1647909529013193e-05,3.57261330428719e-05,0.00015769729839688212,0.00017295610578826608,0.00034790553134275996,0.00044351475450408047,0.0009797257320674807,
2021-11-03 00:00:00+00:00,393.1799926757813,0.010559664964874038,1.741117724260289e-05,2.9059086771616084e-05,5.313731028547481e-05,0.0001804838619694089,0.00029411813543220165,0.000404090121833759,0.0009335182808258684,
2021-11-04 00:00:00+00:00,398.2200012207031,0.012737115799984267,0.00011150652417038822,0.0001289177014129911,0.0001405656109420043,0.0002866149998098732,0.0003018738072012572,0.0005138913827813152,0.0007119934392812365,0.0029870606762391117
2021-11-05 00:00:00+00:00,398.6000061035156,0.0009538036397893634,0.00016223411890220883,0.0002737406430725971,0.0002911518203152,0.00032687795335807184,0.00045422450504200597,0.0006390573516579599,0.0008347783888224404,0.0030649371667045085
2021-11-08 00:00:00+00:00,398.05999755859375,-0.0013556815332647076,9.097413832754378e-07,0.00016314386028548427,0.0002746503844558725,0.0003037094712274886,0.0004497588600953575,0.0005687685198880742,0.0007355763162025558,0.0030649672841599014
2021-11-09 00:00:00+00:00,395.3200073242188,-0.006907159522512529,1.8378724196349486e-06,2.7476138029104135e-06,0.00016498173270511923,0.00029389943411811036,0.00032962556716098224,0.00046685553990637646,0.0006805783787092665,0.003002577913579286
2021-11-10 00:00:00+00:00,389.510009765625,-0.014806018041552349,4.770885266943551e-05,4.954672508907049e-05,5.0456466472345925e-05,0.0003241971095449429,0.000353256196316559,0.0005046809715143519,0.0007265819681558698,0.0022262707372806287
2021-11-11 00:00:00+00:00,390.5899963378906,0.002768843106759178,0.00021921817024677366,0.0002669270229162092,0.00026876489533584415,0.00043190875562132836,0.0005608264570343195,0.0007185237554312015,0.0009087319883770795,0.002442796629815094
2021-11-12 00:00:00+00:00,394.7000122070313,0.010467606495660142,7.666492149847816e-06,0.0002268846623966215,0.00027459351506605703,0.0002773411288689674,0.0005510817719415644,0.0006042190822270392,0.0008451999073737661,0.002436914826417167
2021-11-15 00:00:00+00:00,394.6099853515625,-0.00022811533146072094,0.00010957078574798641,0.00011723727789783425,0.0003364554481446079,0.0003860021732336783,0.0005491460335191626,0.0006897116444611669,0.0008510198407204199,0.0025082603063024543
2021-11-16 00:00:00+00:00,397.4200134277344,0.007095791500227655,5.203660444743458e-08,0.00010962282235243387,0.00011728931450228169,0.0003842163374184908,0.0003869639512214012,0.0006781157715366012,0.0008411884562634072,0.0020583247858093983
2021-11-17 00:00:00+00:00,397.6300048828125,0.000528247167158824,5.0350257014703035e-05,5.0402293619150494e-05,0.0001599730793671369,0.0003868577417637584,0.0004364044668528288,0.0007110548513087013,0.0008861633269481863,0.0019288823674043778
2021-11-18 00:00:00+00:00,401.75,0.010308067685529387,2.790450696113226e-07,5.062930208431438e-05,5.0681338688761815e-05,0.00016791861658659602,0.00043484563950280515,0.0005998273722079245,0.0007644712066637874,0.0018883634712787965
2021-11-19 00:00:00+00:00,403.989990234375,0.005560096388995461,0.00010625625940945519,0.00010653530447906653,0.00015688556149376956,0.0002665083838462034,0.0004933930462428248,0.0005438495127151708,0.0008466492425593839,0.0019112042448115047
2021-11-22 00:00:00+00:00,399.2999877929688,-0.011677117508519075,3.091467185492037e-05,0.00013717093126437558,0.0001374499763339869,0.00018785226995313736,0.00030508954785097154,0.0005738544431868157,0.0008659160048852911,0.0019171278558125884
2021-11-23 00:00:00+00:00,397.4800109863281,-0.004568337494983865,0.00013635507330776272,0.00016726974516268313,0.0002735260045721383,0.00032415530665645263,0.0004337781290088865,0.0007083716440749435,0.0009848599009504508,0.0019942042663595996
2021-11-24 00:00:00+00:00,398.760009765625,0.0032151106413698116,2.0869707468075455e-05,0.00015722478077583819,0.0001881394526307586,0.00029467475710982506,0.00034507705072897555,0.0006815324988735834,0.0008942230842481381,0.00200286651772861
2021-11-26 00:00:00+00:00,391.2000122070313,-0.019140787279754434,1.0336936436249401e-05,3.1206643904324885e-05,0.00016756171721208762,0.00030473264847646317,0.0003553619505607775,0.00047265126506305916,0.0007423259017821787,0.0019495848256806442
2021-11-29 00:00:00+00:00,399.6900024414063,0.02147028338375012,0.00036636973768880914,0.0003767066741250586,0.000397576381593134,0.0005648461267558171,0.0006713814312348836,0.0008313545106020205,0.0011077858980877123,0.001982923197654433
2021-11-30 00:00:00+00:00,393.8200073242188,-0.014795282033571056,0.00046097306857853656,0.0008273428062673456,0.0008376797427035952,0.0009949045234794332,0.0011320754547438088,0.0011827567934325706,0.001566921094246614,0.002404447096871965
2021-12-01 00:00:00+00:00,387.1199951171875,-0.01715926084302133,0.00021890037045291046,0.000679873439031447,0.0010462431767202561,0.001077449820624581,0.001244719565787264,0.0014016051272810338,0.001738112612030089,0.0025232356533217153
2021-12-02 00:00:00+00:00,389.9100036621094,0.0071812427819111235,0.00029444023267884503,0.0005133406031317555,0.0009743136717102921,0.0013510203458353505,0.0015082451266111888,0.0016456951029451758,0.0018133346744621604,0.002760840076087636
2021-12-03 00:00:00+00:00,383.1300048828125,-0.017541582732985894,5.1570247892750614e-05,0.00034601048057159565,0.0005649108510245062,0.0013922536572918518,0.0014234603011961766,0.001696986305768315,0.0018572384302050632,0.002810705060757554
2021-12-06 00:00:00+00:00,386.2000122070313,0.007981031681657313,0.00030770712477818887,0.0003592773726709395,0.0006537176053497847,0.0013335910443812314,0.0017102977185062902,0.0018984371711370485,0.0020553747692352658,0.003081344035510179
2021-12-07 00:00:00+00:00,397.8299865722656,0.02966934300270374,6.369686670361776e-05,0.0003714039914818066,0.00042297423937455735,0.0009363148425063128,0.0017636576487736586,0.001931219365985746,0.002119019599334436,0.003073842329060636
2021-12-08 00:00:00+00:00,399.6099853515625,0.004464290224293954,0.0008802699142120854,0.0009439667809157032,0.001251673905693892,0.0015976843862654877,0.002277557825296935,0.0026751342068900685,0.0029489392565318186,0.0038503613908713887
2021-12-09 00:00:00+00:00,393.7300109863281,-0.014823611727257102,1.9929887206726564e-05,0.000900199801418812,0.00096389666812243,0.0013231740407933694,0.0018365146439251248,0.00267419438662872,0.0029685900986689334,0.0038604078570166553
2021-12-10 00:00:00+00:00,398.010009765625,0.01081173203085406,0.00021973946464047428,0.00023966935184720084,0.0011199392660592863,0.0014913432575410928,0.0018373537381126887,0.002883596914832945,0.003082073303899953,0.004074771935327206
2021-12-13 00:00:00+00:00,392.260009765625,-0.014552245003903508,0.00011689354950699566,0.00033663301414746995,0.0003565629013541966,0.0013005296822698998,0.0016598070549408391,0.002634120726651131,0.003168052181552028,0.004069694319480191
2021-12-14 00:00:00+00:00,388.2000122070313,-0.010404207949039623,0.0002117678346536346,0.00032866138416063023,0.0005484008488011046,0.0014486006502199165,0.0018200046417017233,0.002384915492726229,0.0032434649428978997,0.0042573839306199665
2021-12-15 00:00:00+00:00,397.0499877929688,0.022541484416780833,0.00010824754304685928,0.0003200153777004939,0.00043690892720748967,0.0006765782790546903,0.0016205450599703936,0.0022742626653201783,0.003330842778476684,0.004353983564137813
2021-12-16 00:00:00+00:00,386.8399963378906,-0.02605102521486824,0.0005081185197119731,0.0006163660627588323,0.000828133897412467,0.001164766911559937,0.0020649667129787486,0.002487940952353306,0.0038286243617524076,0.004844690906607184
2021-12-17 00:00:00+00:00,384.9100036621094,-0.005001611141404183,0.0006786559147457009,0.001186774434457674,0.0012950219775045334,0.0016236833616651634,0.0018633527135123644,0.0031150266192062565,0.004140910538809299,0.005411840297182496
2021-12-20 00:00:00+00:00,380.6900024414063,-0.011024148186217886,2.5016114009818454e-05,0.0007036720287555195,0.0012117905484674925,0.0015318059261679865,0.0018684389403154562,0.002832335608437886,0.0037049535842405812,0.005274622292290106
2021-12-21 00:00:00+00:00,389.2099914550781,0.022133619703561536,0.0001215318432316911,0.00014654795724150966,0.0008252038719872106,0.001441569934746043,0.001770231318906673,0.0028901705849659594,0.003607585057019362,0.005395244394138521
2021-12-22 00:00:00+00:00,393.9500122070313,0.01210500691996863,0.0004898971211818874,0.0006114289644135786,0.0006364450784233971,0.001823219512881071,0.002143234890581565,0.002499797791935761,0.003803041945522404,0.005883303642900774
2021-12-23 00:00:00+00:00,396.9200134277344,0.007510754197923575,0.00014653119253248844,0.000636428313714376,0.000757960156946067,0.0014616321857015865,0.0020779982484604186,0.0026263990972615232,0.0038980028901621417,0.0059821259827638265
2021-12-27 00:00:00+00:00,403.4800109863281,0.016392164539697163,5.64114286216266e-05,0.00020294262115411516,0.0006928397423360026,0.0008393876995775122,0.002026162134035186,0.0024630710612426753,0.0036467071940055793,0.005819319241138679
2021-12-28 00:00:00+00:00,401.6099853515625,-0.00464551542393199,0.0002687030582965051,0.00032511448691813184,0.00047164567945062025,0.0010830746438641988,0.0017867466726197178,0.002614880570032185,0.003851713385598467,0.006080355807285337
2021-12-29 00:00:00+00:00,401.5499877929688,-0.00014940375693850427,2.1580813553990014e-05,0.00029028387185049524,0.00034669530047212185,0.0009831236141864977,0.0011296715714280072,0.0024246935489325404,0.002993024284940371,0.00599236583509134
2021-12-30 00:00:00+00:00,400.3500061035156,-0.002992848470600329,2.2321482587339663e-08,2.1603135036577463e-05,0.00029030619333308256,0.0004932488144871976,0.001104677778900776,0.0023164683273682687,0.0029731167192162326,0.0059923361199694805
2021-12-31 00:00:00+00:00,397.8500061035156,-0.006264114599299653,8.957141967974727e-06,8.979463450562174e-06,3.056027700455219e-05,0.0003556747639226839,0.0009921030776370596,0.00181730694962427,0.0027623343965437327,0.0059509430049227525
2022-01-03 00:00:00+00:00,401.6799926757813,0.009580668327693331,3.923913171315905e-05,4.8196273681133885e-05,4.821859516372122e-05,0.0003385024670142164,0.0005414450881683312,0.0011778901665917283,0.0026846799787498964,0.005989903091566299
2022-01-04 00:00:00+00:00,396.4700012207031,-0.013055354244045247,9.178920560526613e-05,0.0001310283373184253,0.0001399854792864,0.00016158861432297736,0.000486703101241109,0.0012446632581871759,0.0025647013497015277,0.005975436037762111
2022-01-05 00:00:00+00:00,384.2900085449219,-0.031202881118091774,0.00017044227443751027,0.0002622314800427765,0.00030147061175593554,0.0003104500752064976,0.0006007339470569926,0.001293573689392995,0.0026268960810921786,0.0061149636403447
2022-01-06 00:00:00+00:00,384.0199890136719,-0.0007028921743179595,0.0009736197900697682,0.0011440620645072786,0.0012358512701125448,0.0012840475437936785,0.0013056506788302557,0.0017772963582808757,0.0030923973514499735,0.006952228357106706
2022-01-07 00:00:00+00:00,379.8599853515625,-0.010891880734668291,4.940574087174287e-07,0.0009741138474784857,0.0011445561219159959,0.0012755844592344213,0.0012845639226849832,0.0016312592231571047,0.0024142354941129904,0.006931852707047348
2022-01-10 00:00:00+00:00,380.1099853515625,0.0006579207564918477,0.00011863306593823827,0.0001191271233469558,0.001092746913416724,0.0013549783934595002,0.0014031746671406338,0.0016934808604737164,0.0025078524460414096,0.007040148836549336
2022-01-11 00:00:00+00:00,385.8200073242188,0.014910312465401532,4.328597218228051e-07,0.00011906592566006119,0.00011955998306877862,0.001263622047576057,0.001394650384894482,0.0014252106618990342,0.002386753462531542,0.00667421195858235
2022-01-12 00:00:00+00:00,387.3500061035156,0.003957734391763168,0.00022231741781590832,0.00022275027753773123,0.0003413833434759695,0.001315497190954455,0.0015777286709972313,0.0016259472661609524,0.0021191737591655627,0.006435556307819722
2022-01-13 00:00:00+00:00,377.6600036621094,-0.025334363184745357,1.5663661515744972e-05,0.0002379810793316534,0.00023841393905347624,0.0003575410624004319,0.00150160312690771,0.0016415886061941101,0.0019883062281488193,0.0062323195988825564
2022-01-14 00:00:00+00:00,380.010009765625,0.006203264211714021,0.0006418299579765809,0.000657493619492326,0.0008798110373082343,0.0009988769629682953,0.001972990810446781,0.0022744614222027166,0.0025737247575037736,0.006579709324180292
2022-01-18 00:00:00+00:00,370.5499877929688,-0.025209238407627232,3.848048688033198e-05,0.0006803104448569131,0.000695974106372658,0.000918724383910389,0.0010378515072573446,0.0022737027773698892,0.0023435021860876,0.006566619563167874
2022-01-19 00:00:00+00:00,366.4800109863281,-0.011044375897899528,0.000635505701092588,0.0006739861879729202,0.001315816145949501,0.0015537972252811542,0.0016728631509412152,0.002817419272857211,0.0029574270736261983,0.006894418139482272
2022-01-20 00:00:00+00:00,361.7200012207031,-0.013073544309462726,0.000121978238974104,0.0007574839400666922,0.0007959644269470241,0.00145345804643935,0.001676208323977081,0.0027689552373938047,0.003079382991117715,0.00695269951175276
2022-01-21 00:00:00+00:00,351.69000244140625,-0.028120322553224497,0.00017091756081148523,0.0002928957997855895,0.0009284015008781774,0.0016087119457350901,0.0018466930250667433,0.0019662530081355216,0.0032413434099612254,0.006243347158352159
2022-01-24 00:00:00+00:00,353.29998779296875,0.004567407119863809,0.0007907525404973862,0.0009616701013088717,0.0010836483402829756,0.0017576345282558957,0.0024151281477482215,0.0027565114912241908,0.003992856818745453,0.007014169811642819
2022-01-25 00:00:00+00:00,345.1099853515625,-0.023454355467129595,2.0861207798582614e-05,0.0008116137482959691,0.0009825313091074543,0.001740015249174146,0.0024203256940310593,0.002658739633084535,0.003921928820938769,0.006815291554800927
2022-01-26 00:00:00+00:00,344.57000732421875,-0.0015658802442084507,0.000550106790378472,0.0005709679981770548,0.0013617205386744408,0.0016546163384600302,0.00232860252643295,0.003208413563741184,0.004301593336879731,0.007248504795672403
2022-01-27 00:00:00+00:00,341.1000061035156,-0.01012157678407366,2.451980939202317e-06,0.0005525587713176745,0.0005734199791162571,0.0015350900804251284,0.0022925740204918204,0.0029885481268644783,0.003330425527749165,0.007039188941957972
2022-01-28 00:00:00+00:00,351.79998779296875,0.030887090286450203,0.0001024463165958989,0.00010489829753510143,0.0006550050879135733,0.0014666188362095422,0.0017595146359951313,0.0030753307819446326,0.0034323777869363467,0.007033387715507011
2022-01-31 00:00:00+00:00,363.0499877929688,0.03147773459802572,0.0009540123463633264,0.0010564586629592256,0.0010589106438984278,0.0016298786420754824,0.002591548743384354,0.003387513170331378,0.004267757067361435,0.007479281542158364
2022-02-01 00:00:00+00:00,365.5199890136719,0.006780434995605766,0.0009908477754237454,0.0019448601217870718,0.002047306438382971,0.002599865209700645,0.003411478957996614,0.004339880458874791,0.005258171983063357,0.0077914734028364085
2022-02-02 00:00:00+00:00,368.489990234375,0.008092580519067916,4.5974298729635366e-05,0.0010368220741533807,0.0019908344205167073,0.0020957327180518084,0.0026667007162288633,0.0037503490565118387,0.005081828863977084,0.007812431587556225
2022-02-03 00:00:00+00:00,353.54998779296875,-0.04138866419415521,6.548985945759753e-05,0.0001114641581872329,0.0011023119336109784,0.002158770596570204,0.002711329367887878,0.003693860676995332,0.005131655061918937,0.007756389603782133
2022-02-04 00:00:00+00:00,358.010009765625,0.012536062725776453,0.0017130215237765457,0.0017785113832341432,0.0018244856819637789,0.0037693458037508505,0.0038742441012859516,0.005235964639960393,0.006202846627718902,0.00897951400637679
2022-02-07 00:00:00+00:00,355.1300048828125,-0.008077012874939449,0.00015715286866460176,0.0018701743924411473,0.0019356642518987455,0.002972486326052126,0.004028944989011351,0.004602364968127608,0.006321519009503172,0.008990135682508903
2022-02-08 00:00:00+00:00,359.1199951171875,0.011172647503014943,6.523813698193762e-05,0.0002223910056465394,0.0019354125294230853,0.002046876687610318,0.0039917368093973895,0.004646741897310964,0.005751251445392521,0.008998962390869215
2022-02-09 00:00:00+00:00,366.7300109863281,0.020969331555908077,0.00012482805222662605,0.00019006618920856366,0.00034721905787316563,0.002125730441107309,0.003162552515260689,0.004221463159159117,0.005754101258645044,0.008855087384799336
2022-02-10 00:00:00+00:00,358.42999267578125,-0.02289254991232781,0.00043971286590160225,0.0005645409181282283,0.0006297790551101661,0.002499953447551314,0.0026114176057385466,0.004658724044121518,0.006022896563735161,0.009273219437146948
2022-02-11 00:00:00+00:00,347.0599975585937,-0.03223569389283121,0.00052406884148842,0.0009637817073900222,0.0010886097596166486,0.0013110007652631876,0.0030895121484973307,0.0050803465690140385,0.0057562128647261936,0.00979726595715278
2022-02-14 00:00:00+00:00,347.489990234375,0.001238190881216461,0.0010391399607523153,0.0015632088022407352,0.002002921668142338,0.002192987857350901,0.0040631622497920485,0.005165474183403027,0.006774491617679927,0.01082744877593712
2022-02-15 00:00:00+00:00,356.1300048828125,0.02455998693527306,1.5331166583275964e-06,0.0010406730774106428,0.0015647419188990629,0.0021292828370272914,0.0023516738426738308,0.004176159524637609,0.006225917943959782,0.01078974276088229
2022-02-16 00:00:00+00:00,356.0400085449219,-0.00025273835368722075,0.0006031929582607833,0.0006047260749191112,0.0016438660356714262,0.0026076477430614486,0.0027977139322700123,0.004733378184168757,0.006826658921281364,0.011301146513537808
2022-02-17 00:00:00+00:00,345.45001220703125,-0.030195157819211893,6.387667542452669e-08,0.0006032568349362081,0.0006047899515945357,0.002167998753835271,0.002732539671963499,0.004667952201386584,0.006724276481360889,0.01113076811577572
2022-02-18 00:00:00+00:00,341.510009765625,-0.011470960516997586,0.0009117475557271132,0.0009118114324025379,0.0015150043906633213,0.0025556774680739643,0.0035194591754639866,0.003866678233337152,0.006682011690724676,0.011068895881433068
2022-02-22 00:00:00+00:00,338.0799865722656,-0.010094475604292441,0.0001315829351825175,0.001043330490909631,0.0010433943675850555,0.0016481204425041662,0.003211329244744901,0.003841108299855067,0.005822746850483448,0.011199984759206865
2022-02-23 00:00:00+00:00,329.4200134277344,-0.02594894103384693,0.00010189843772565525,0.000233481372908173,0.0011452289286352862,0.001748485763571494,0.0027891588409821367,0.003877768600598785,0.005878670989479468,0.011183250130994284
2022-02-24 00:00:00+00:00,340.489990234375,0.033052154785311316,0.0006733475407780649,0.0007752459785037205,0.0009068289136862379,0.0018186403460887755,0.0024233664210078863,0.004426288089150224,0.006486528670799936,0.011856164812050526
2022-02-25 00:00:00+00:00,345.7699890136719,0.015388054460713008,0.0010924449359521777,0.0017657924767302427,0.0018676909144558981,0.0029110214053655282,0.0035142782403017364,0.0050790201592008,0.005865952082975567,0.012726292330186795
2022-02-28 00:00:00+00:00,346.79998779296875,0.0029744273450349468,0.0002367922200858695,0.0013292371560380473,0.0020025846968161126,0.0022360660697242846,0.0031478775021268226,0.004791743537798249,0.0059455914343968345,0.012947420888756918
2022-03-01 00:00:00+00:00,341.489990234375,-0.015429842299202967,8.847218030891642e-06,0.00024563943811676116,0.001338084374068939,0.002113330352572659,0.0031566608434822896,0.003761450795076825,0.005889200515445789,0.012314438148811231
2022-03-02 00:00:00+00:00,347.2200012207031,0.016640220921319226,0.0002380800333782731,0.00024692725140916473,0.00048371947149503444,0.002249511948225277,0.0024829933211334494,0.0039979977117967705,0.006002452496597436,0.012514037695309172
2022-03-03 00:00:00+00:00,342.260009765625,-0.014387877647377145,0.0002768969523103101,0.0005149769856885832,0.0005238242037194751,0.001853061359757522,0.0026283073382612427,0.0036717017058462975,0.005839636583006144,0.012155428946526894
2022-03-04 00:00:00+00:00,337.29998779296875,-0.01459800480489637,0.00020701102319589489,0.000483907975506205,0.0007219880088844783,0.000967627447001239,0.0027334199237314823,0.003878648852366768,0.005522578764713619,0.012240461730748685
2022-03-07 00:00:00+00:00,324.8599853515625,-0.03757843067746691,0.0002131017442837775,0.0004201127674796724,0.0006970097197899827,0.0009439369711991471,0.0022731741272371945,0.003180003040923432,0.00469654054824508,0.012282645914220977
2022-03-08 00:00:00+00:00,323.3500061035156,-0.004658928431228837,0.0014121384521811862,0.0016252401964649637,0.0018322512196608587,0.0023472282053494417,0.0025928676434662026,0.004460558557922101,0.0061071458837679395,0.012904031825904775
2022-03-09 00:00:00+00:00,334.989990234375,0.03536530471278443,2.1705614127312392e-05,0.0014338440663084987,0.0016469458105922764,0.002130853786098481,0.0023777810375076457,0.004380365734323758,0.005525658539634468,0.012904876232233508
2022-03-10 00:00:00+00:00,331.2699890136719,-0.011166931809253988,0.0012507047774280924,0.001272410391555405,0.002684548843736591,0.0031046616112162632,0.003619638596904847,0.004957722970973785,0.006776299440387137,0.013605474219283127
2022-03-11 00:00:00+00:00,324.3999938964844,-0.02095641624553668,0.00012470036603252856,0.001375405143460621,0.0013971107575879338,0.003022350954052897,0.0035062589295591024,0.003989978401054136,0.005989252250692551,0.013727722604376453
2022-03-14 00:00:00+00:00,318.1700134277344,-0.01939143009127875,0.00043917138185619367,0.0005638717478887222,0.0018145765253168148,0.003248420591625313,0.003668533359104986,0.0041923575628244605,0.006296840697366228,0.014064447669636748
2022-03-15 00:00:00+00:00,328.1499938964844,0.03088492898476236,0.00037602756098495095,0.0008151989428411446,0.0009398993088736734,0.002212309700429078,0.0038375498968940417,0.00455953790577852,0.0065709698206255236,0.013486462884258373
2022-03-16 00:00:00+00:00,340.32000732421875,0.03641557065353318,0.0009538788383938142,0.0013299063993787651,0.001769077781234959,0.0031444829246955797,0.004578326991004079,0.005275336710794061,0.006851501118241273,0.013449493947228441
2022-03-17 00:00:00+00:00,344.44000244140625,0.012033543942518321,0.001326093786022467,0.002279972624416281,0.002656000185401232,0.003219871933289954,0.004492282324845359,0.006324533544506218,0.007085149968311562,0.014729613434521272
2022-03-18 00:00:00+00:00,351.489990234375,0.020261316644373473,0.00014480617981651938,0.0014708999658389864,0.002424778804232801,0.003239977747073945,0.004615382890534567,0.0062623287011268425,0.006993163928042213,0.014808929754880195
2022-03-21 00:00:00+00:00,350.0799865722656,-0.0040195721230107395,0.00041052095216356554,0.000555327131980085,0.001881420918002552,0.003211327317381317,0.0037751990652700393,0.0064597479090066304,0.007394837662174886,0.013506429183267214
2022-03-22 00:00:00+00:00,356.9599914550781,0.01946204530881257,1.6156960052085064e-05,0.00042667791221565065,0.0005714840920321702,0.002851456716448451,0.003666655659289596,0.005063766416877529,0.007172914588848698,0.013365433274654698
2022-03-23 00:00:00+00:00,351.8299865722656,-0.014475640519057364,0.00037877120760227334,0.0003949281676543584,0.0008054491198179242,0.0022763490856569104,0.0036062554850356753,0.005420832010352491,0.007274788844140661,0.013678966345275033
2022-03-24 00:00:00+00:00,359.6499938964844,0.02198325311552818,0.00020954416843697537,0.0005883153760392487,0.000604472336091334,0.0011597994680714184,0.0034397720924877,0.004379671401361373,0.007277321989381741,0.013763682461485382
2022-03-25 00:00:00+00:00,359.3500061035156,-0.0008344584433270796,0.00048326341754137934,0.0006928075859783547,0.0010715787935806284,0.0014982567057962785,0.0029691566716352653,0.004738234452870224,0.007547483662639343,0.01380723301312516
2022-03-28 00:00:00+00:00,364.9100036621094,0.015353896971650016,6.96320893639853e-07,0.0004839597384350192,0.0006935039068719949,0.0010884320745263526,0.0016437592065064379,0.00429975939190767,0.006136041531351798,0.013283860492530379
2022-03-29 00:00:00+00:00,371.1900024414063,0.017063309600256815,0.00023574215221604353,0.00023643847310968338,0.000719701890651063,0.0013080172666903112,0.001734695178905962,0.0041594739831387634,0.006350078069440528,0.012480462683994107
2022-03-30 00:00:00+00:00,367.0899963378906,-0.011107027849444506,0.0002911565345142164,0.0005268986867302599,0.0005275950076239,0.0012204025936022544,0.001615330761256613,0.003496751679259165,0.0053905298265266525,0.012770086101849997
2022-03-31 00:00:00+00:00,362.5400085449219,-0.012472203017420469,0.00012336606764833585,0.00041452260216255226,0.000650264754378596,0.0011342244928136147,0.0017225398688528637,0.002294023960885034,0.00538919552814246,0.012290259211237548
2022-04-01 00:00:00+00:00,361.8500061035156,-0.0019050584247040092,0.00015555584810775225,0.0002789219157560881,0.0005700784502703047,0.0008065169233799877,0.0014993245093583426,0.0023047736291762666,0.005105579994394018,0.012445751182669877
2022-04-04 00:00:00+00:00,369.2999877929688,0.020379510624338515,3.6292476015357213e-06,0.00015918509570928796,0.00028255116335762406,0.0008094498500878835,0.001293409588522903,0.0018978819246142369,0.0047331816810106024,0.011537632874544299
2022-04-05 00:00:00+00:00,361.1000061035156,-0.022454343618029782,0.0004153244532875264,0.0004189537008890621,0.0005745095489968145,0.0009890321511593664,0.00122547062426905,0.0022970494178496783,0.004194627295904315,0.01182137439264931
2022-04-06 00:00:00+00:00,353.260009765625,-0.02195058781437975,0.0005041975473165548,0.0009195220006040811,0.0009231512482056171,0.0012020731639617048,0.001728971850691965,0.0024224757575639594,0.0033727310571984026,0.012223673502240209
2022-04-07 00:00:00+00:00,354.1000061035156,0.002375018982962551,0.00048182830539679684,0.0009860258527133515,0.0014013503060008783,0.0015605354017101656,0.001975058003872718,0.002694759894523781,0.0037097531827786803,0.01203215426685894
2022-04-08 00:00:00+00:00,349.1499938964844,-0.014077764543584337,5.640715169432471e-06,0.0004874690205662293,0.0009916665678827842,0.001410620268771846,0.0016895421845279342,0.002217137192151834,0.0033048729457845474,0.010945350046076194
2022-04-11 00:00:00+00:00,340.8900146484375,-0.02394172424179075,0.0001981834545446003,0.00020382416971403278,0.0006856524751108298,0.0016051744757149106,0.0017643595714241988,0.0024146243258027947,0.003486899440277062,0.010906741280534926
2022-04-12 00:00:00+00:00,339.45001220703125,-0.004233190860322367,0.0005732061596699509,0.0007713896142145512,0.0007770303293839839,0.001763056182097335,0.0021820098829863975,0.0027520883332567015,0.00368133439234474,0.011471100222173984
2022-04-13 00:00:00+00:00,346.3500061035156,0.020123145382145324,1.791990485991682e-05,0.0005911260645298678,0.0007893095190744683,0.001276778539640697,0.0021963005402447786,0.0024788517036024023,0.0034897101287676814,0.011250940093655628
2022-04-14 00:00:00+00:00,338.42999267578125,-0.02313258744782143,0.0004049409800709567,0.00042286088493087353,0.0009960670446008246,0.001199891214314857,0.002185917067028209,0.0027604266160250234,0.0034113876912972587,0.011378984121416275
2022-04-18 00:00:00+00:00,338.69000244140625,0.0007679872999748483,0.0005351166020311055,0.0009400575821020622,0.0009579774869619793,0.0017293671011765301,0.0022168361217427598,0.003139987369948376,0.003945807972434724,0.011707089700251486
2022-04-19 00:00:00+00:00,346.260009765625,0.022104724210926463,5.898044929226576e-07,0.0005357064065240281,0.000940647386594985,0.0015317734511248525,0.0017355976208388853,0.0031369479268397635,0.003710655624711604,0.01149457776046063
2022-04-20 00:00:00+00:00,341.2099914550781,-0.014691867685478144,0.0004886188324411185,0.0004892086369340412,0.001024325238965147,0.00144718612389602,0.0022185757381105713,0.003210242305993355,0.0039081179226385055,0.010571058140720563
2022-04-21 00:00:00+00:00,334.1499938964844,-0.020908122777324678,0.0002158509760875969,0.0007044698085287154,0.0007050596130216383,0.0016451171951237002,0.002236243259653568,0.0029218957347643976,0.004000602831077767,0.010765203502680848
2022-04-22 00:00:00+00:00,325.3999938964844,-0.02653479966330874,0.000437149598071683,0.00065300057415928,0.0011416194066003987,0.0016773258131244264,0.0021001866980553,0.002877217027439284,0.004282196581041698,0.009951648323324437
2022-04-25 00:00:00+00:00,329.5799865722656,0.01276389981265158,0.0007040955931719296,0.0011412451912436127,0.0013570961673312098,0.0018463048042652505,0.002786362386367313,0.0035756719054417813,0.004982662926612091,0.01053104355046384
2022-04-26 00:00:00+00:00,317.1400146484375,-0.038475712890022606,0.00016291713842740704,0.0008670127315993367,0.0013041623296710199,0.002008632138199735,0.002544338544723763,0.0035404055893245878,0.004730255611751972,0.010254789307035052
2022-04-27 00:00:00+00:00,316.760009765625,-0.001198942778662726,0.0014803804823954518,0.001643297620822859,0.0023473932139947886,0.003000393788154068,0.0034896024250881093,0.004447579912050088,0.005706438546830869,0.011359142228445553
2022-04-28 00:00:00+00:00,328.010009765625,0.03489970532467623,1.4374637865074984e-06,0.0014818179461819592,0.0016447350846093664,0.0027859802758529784,0.0034904500843816943,0.004431097470976679,0.00522604770522058,0.010406700853838246
2022-04-29 00:00:00+00:00,313.25,-0.04604253172043915,0.0012179894317492347,0.0012194268955357422,0.0026998073779311944,0.0035668201095305305,0.0042198206836898105,0.005244145922654957,0.006438396421800382,0.010298596499565013
2022-05-02 00:00:00+00:00,318.4800109863281,0.016558119412015238,0.0021199147272276454,0.0033379041589768803,0.0033393416227633877,0.0049826392435862454,0.006123884434829859,0.006828944047851497,0.008360127694483428,0.012273705046976141
2022-05-03 00:00:00+00:00,318.82000732421875,0.001066989990203382,0.00027417131846255583,0.0023940860456902013,0.0036120754774394363,0.005093893423621394,0.005960906155220731,0.007102525561821131,0.008061092853276032,0.01213735541327513
2022-05-04 00:00:00+00:00,329.6000061035156,0.033253113374867915,1.138467639194213e-06,0.0002753097861017496,0.002395224513329396,0.0036146514088651375,0.0052579490296879965,0.0066150451970192065,0.008044311416055308,0.01212233692086224
2022-05-05 00:00:00+00:00,313.0,-0.05167662601311118,0.0011057695491218193,0.0011069080167610131,0.0013810793352235693,0.004718983494200449,0.006200801440382408,0.007504963770053429,0.008745139985106173,0.012849335262381785
2022-05-06 00:00:00+00:00,309.25,-0.012053179267555336,0.0026704736760989594,0.003776243225220778,0.0037773816928599727,0.006171467738550174,0.007390894634085916,0.009738287848080705,0.010880497059174026,0.015310264770043769
2022-05-09 00:00:00+00:00,297.1499938964844,-0.0399129700001124,0.00014527913045582578,0.0028157528065547843,0.003921522355676605,0.004196832141778355,0.007534736300755234,0.009179471385364601,0.011025186385136929,0.014972280482958216
2022-05-10 00:00:00+00:00,300.760009765625,0.012075595707166542,0.0015930451742298727,0.0017383243046856975,0.004408797980784657,0.005515705997545671,0.007909792043235872,0.010609599421167067,0.012129612726925683,0.016564629336294448
2022-05-11 00:00:00+00:00,291.8399963378906,-0.030106942642031953,0.00014582001168293902,0.0017388651859128108,0.0018841443163686374,0.005660387541589416,0.005935697327691167,0.009275038950454555,0.012059581762521025,0.016474707195761346
2022-05-12 00:00:00+00:00,291.1499938964844,-0.0023671170179655476,0.000906427995250602,0.00105224800693354,0.0026452931811634136,0.005461045987718198,0.006567954004479213,0.010180029481918648,0.012528860159699944,0.01708997865649773
2022-05-13 00:00:00+00:00,301.94000244140625,0.03638975290566915,5.603242976742107e-06,0.0009120312382273432,0.001057851249910283,0.0027961755545959813,0.006572418779816761,0.008967643293146156,0.011830367809504756,0.016972215831826138
2022-05-16 00:00:00+00:00,298.44000244140625,-0.011659414441449911,0.0013242141165356561,0.0013298173595123973,0.002236245354763,0.003975110540675812,0.006790863347230597,0.008171942682454166,0.012991664787613006,0.01814087410025404
2022-05-17 00:00:00+00:00,306.1700134277344,0.02557163131732576,0.00013594194511749074,0.001460156061653146,0.0014657593046298889,0.0025180073115634296,0.0042563316162491285,0.008033713309109103,0.011647226250335044,0.018273186797769996
2022-05-18 00:00:00+00:00,291.1400146484375,-0.05033624565061867,0.0006539083282292356,0.0007898502733467255,0.0021140643898823826,0.003026095628109726,0.004764960814022538,0.008686483169699144,0.012299697114777774,0.018511770672711706
2022-05-19 00:00:00+00:00,289.5799865722656,-0.005372750466994702,0.0025337376261994273,0.003187645954428662,0.003323587899546154,0.004653405259058552,0.005705653265992093,0.01011445124677675,0.013615445309227966,0.02054131075159458
2022-05-20 00:00:00+00:00,288.67999267578125,-0.0031127681509239835,2.8866447580591792e-05,0.002562604073780018,0.0032165124020092544,0.004676668463662401,0.005588699701889746,0.007472844018258383,0.011524397029580911,0.02008834889377837
2022-05-23 00:00:00+00:00,293.4800109863281,0.01649074844780518,9.689325561406716e-06,3.855577314199721e-05,0.0025722933993414256,0.0033621436726881514,0.00469196103220055,0.007337254213363963,0.011259915036679762,0.020092397504170346
2022-05-24 00:00:00+00:00,287.239990234375,-0.02149146203648833,0.000271944784368789,0.0002816341099301944,0.0003105005575107875,0.0034981465119394498,0.004958302573592597,0.00601615382350288,0.011530721353409358,0.020166158833994533
2022-05-25 00:00:00+00:00,291.260009765625,0.013898303339346718,0.0004618829404658191,0.0007338277248346068,0.0007435170503960148,0.0033061211241760336,0.00409597139752276,0.0063322167522857605,0.010886834744753356,0.020054835614790403
2022-05-26 00:00:00+00:00,299.3299865722656,0.02733022627199766,0.00019316283571249615,0.0006550457761783139,0.0009269905605471042,0.0009655463336891022,0.004153192288117766,0.005618951592747654,0.008409523904366892,0.02023007854564298
2022-05-27 00:00:00+00:00,309.1000061035156,0.032118270028834495,0.0007469412680785911,0.000940104103791086,0.0014019870442569062,0.0016836211541871016,0.004246225227967121,0.006360289617849504,0.00901118604198966,0.020572078833650618
2022-05-31 00:00:00+00:00,308.2799987792969,-0.002656411934086833,0.0010315832696451283,0.001778524537723718,0.0019716873734362153,0.0027055150982708233,0.002744070871412822,0.0060676587709589756,0.008449724137404914,0.02106854550126464
2022-06-01 00:00:00+00:00,306.0,-0.00742335499769009,7.056524363558949e-06,0.001038639794008686,0.001785581062087278,0.0024406268382655932,0.0027222609481957895,0.005938773350205044,0.008310960650085535,0.021075012221135274
2022-06-02 00:00:00+00:00,314.3800048828125,0.027017358879272813,5.510619942173044e-05,6.21627237852881e-05,0.0010937459934304175,0.0020338500972215045,0.002767677822056113,0.005339971221397538,0.007459638854256663,0.020641499588115887
2022-06-03 00:00:00+00:00,306.20001220703125,-0.02636393774186807,0.0007299376808114215,0.0007850438802331506,0.0007921004045967106,0.0025706249423204297,0.0032256707184987452,0.0035361712760095328,0.008183973292091343,0.02115558629283971
2022-06-06 00:00:00+00:00,307.2200012207031,0.0033255842045987194,0.0006950572132570957,0.001424994894068516,0.0014801010934902474,0.0025187408874989344,0.003458844991290022,0.004202362041686037,0.007554816388812782,0.021413493908025123
2022-06-07 00:00:00+00:00,309.8699951171875,0.008588731634651126,1.1059510301876497e-05,0.0007061167235589709,0.0014360544043703935,0.0014982171281556827,0.0032767416658794025,0.004203732226426506,0.007429933953997167,0.020720457825155074
2022-06-08 00:00:00+00:00,307.6400146484375,-0.007222523124666758,7.376631109205699e-05,8.482582139393219e-05,0.000779883034651029,0.0015649269148841807,0.0026035667088928683,0.0040055537531497746,0.006849791936859989,0.020631306997819718
2022-06-09 00:00:00+00:00,299.3999938964844,-0.02714986420466481,5.216484028634606e-05,0.00012593115137840175,0.00013699066168027934,0.0015619855557487963,0.0016241482795340862,0.0035958356529703014,0.004368219150946907,0.019203091355710616
2022-06-10 00:00:00+00:00,288.8399963378906,-0.035907562695401296,0.0007371151263317394,0.0007892799666180842,0.0008630462777101423,0.0015691630012691143,0.0023542068815022663,0.004139787943589545,0.005076467829698056,0.019938769018255847
2022-06-13 00:00:00+00:00,275.4100036621094,-0.04761197915140869,0.0012893530587241749,0.002026468185055913,0.0020786330253422603,0.0021634588467361934,0.003588453740804711,0.004682199734235129,0.006356131562860823,0.02001013264523079
2022-06-14 00:00:00+00:00,275.9100036621094,0.0018138291026623676,0.0022669005587141757,0.0035562536174383493,0.0042933687437700895,0.0044192998951484925,0.005125416618707464,0.005917517023304176,0.008351087337206211,0.020157118476717317
2022-06-15 00:00:00+00:00,282.79998779296875,0.024665152001969837,3.28997601366497e-06,0.0022701905347278393,0.0035595435934520155,0.0043488235600701005,0.004433649381464034,0.005913750474954282,0.007892494372754057,0.019886237134268427
2022-06-16 00:00:00+00:00,271.3900146484375,-0.04118293614377855,0.0006083697232802767,0.0006116596992939403,0.002878560258008117,0.004905028443064031,0.005030959594442434,0.006467013998812828,0.008307701260321836,0.02049346838990951
2022-06-17 00:00:00+00:00,274.69000244140625,0.012086243263614627,0.0016960342294225414,0.002304403952702817,0.002307693928716483,0.005863947546154833,0.006653227512772919,0.007433110547423948,0.009256794221665787,0.021083733070210234
2022-06-21 00:00:00+00:00,281.0799865722656,0.022996080574702482,0.00014607727622726994,0.00184211150564981,0.002450481228930088,0.004720671763657929,0.006747139948713843,0.006884130610394123,0.008371288228247929,0.01855933667033854
2022-06-22 00:00:00+00:00,280.6700134277344,-0.0014596287220971504,0.0005288197217982088,0.0006748969980254775,0.0023709312274480202,0.002982590926741961,0.006538844544180312,0.007401890821890455,0.008893051425682579,0.018942877261680924
2022-06-23 00:00:00+00:00,284.8500061035156,0.014783097523558553,2.1305160063709606e-06,0.0005309502378045785,0.0006770275140318497,0.0029814314667346675,0.005251622001462508,0.007330255026804769,0.00884007574226722,0.017351962603457425
2022-06-24 00:00:00+00:00,294.6099853515625,0.03368965070874985,0.000218539972391043,0.00022067048839741267,0.0007494902101956227,0.002591601715845434,0.0032032614151393753,0.007496630158909466,0.008328678033846841,0.017424682564165527
2022-06-27 00:00:00+00:00,292.45001220703125,-0.007358644432666317,0.0011349925648775694,0.001353532537268611,0.0013556630532749834,0.002030560051300462,0.00433496400400328,0.007894507597455296,0.008768613385467314,0.017653247133792495
2022-06-28 00:00:00+00:00,283.5400085449219,-0.03094051680355836,5.414964788641098e-05,0.0011891422127639792,0.0014076821851550236,0.001938632422959603,0.003780743928609414,0.006659304186617532,0.008811703523051849,0.017701793538702163
2022-06-29 00:00:00+00:00,283.79998779296875,0.0009164848870950593,0.0009573155800712773,0.001011465227957687,0.002146457792835258,0.0023671282812326713,0.00304202527925815,0.005349719207974633,0.009695252792031069,0.017334895002237786
2022-06-30 00:00:00+00:00,280.2799987792969,-0.012480622566111599,8.399445482736435e-07,0.0009581555246195497,0.001012305172505962,0.002365837709774574,0.0028967879475791537,0.005347269176509242,0.009643927896292996,0.01719979300166857
2022-07-01 00:00:00+00:00,282.1300048828125,0.0065788757812539345,0.00015576593963773406,0.0001566058841860064,0.0011139214642572853,0.0023030636770212647,0.0025237341654186793,0.0048946653928666995,0.009062578709598992,0.016701650613077067
2022-07-05 00:00:00+00:00,286.9599914550781,0.01697482851834131,4.328160654516957e-05,0.00019904754618290234,0.00019988749073117747,0.001211352718688865,0.0025648852559574773,0.0032419127699893275,0.007816507257419987,0.014211194593422807
2022-07-06 00:00:00+00:00,288.79998779296875,0.006391561303926707,0.0002881448032270935,0.0003314264097722618,0.00048719234940999736,0.0014453478740295476,0.002634490086793528,0.003383980296989151,0.0058377515019329045,0.01447047294906931
2022-07-07 00:00:00+00:00,294.9800109863281,0.02117322992511461,4.085205590185327e-05,0.0003289968591289455,0.0003722784656741166,0.0005288843498601236,0.001540349577817812,0.002896012631092796,0.005875313581821092,0.014501635679409756
2022-07-08 00:00:00+00:00,295.3500061035156,0.0012535197429377476,0.0004483056654617689,0.0004891577213636209,0.0007773025245907158,0.0009763500707736188,0.0019345055953931697,0.0033421877805481937,0.005715249524002585,0.014677996560502738
2022-07-11 00:00:00+00:00,289.0400085449219,-0.021595998016112894,1.5713117459347168e-06,0.00044987697720770233,0.0004907290331095571,0.0008221554428818195,0.0009787613270678271,0.003125219119903085,0.004020786606325978,0.014217684931782852
2022-07-12 00:00:00+00:00,286.239990234375,-0.009734530759000215,0.00046638713031195206,0.0004679584420578855,0.0009162641075196559,0.0012452609666486019,0.0014443085128315056,0.0024566136853374676,0.00434109646041066,0.014490909226382308
2022-07-13 00:00:00+00:00,285.6499938964844,-0.0020633218401364672,9.47610890979213e-05,0.0005611482194098721,0.0005627195311558083,0.0010518772525194297,0.0013833036622916928,0.0024972251265489784,0.003907037827710373,0.013838729047401637
2022-07-14 00:00:00+00:00,286.6700134277344,0.003564511455845576,4.257297015984138e-06,9.901838611390419e-05,0.0005654055164258576,0.0010152824936335606,0.0013442793527625074,0.0015441668434936853,0.003909164608719986,0.012811403074772494
2022-07-15 00:00:00+00:00,291.8699951171875,0.017976705666832515,1.2705741918854348e-05,1.696303893483724e-05,0.00011172412803276,0.0005796825700906461,0.0010688402914542682,0.001556032640864266,0.003703330378247797,0.012817052292327791
2022-07-18 00:00:00+00:00,289.3999938964844,-0.008498687818894624,0.00032316194663192826,0.0003358676885507814,0.00034012498556676695,0.0009012732049766396,0.001351150182184343,0.00172342864785846,0.002891499760002156,0.013085108039537987
2022-07-19 00:00:00+00:00,298.29998779296875,0.030289857491563765,7.222769464302786e-05,0.00039538964127495486,0.00040809538319381064,0.0005071137693077155,0.0009750722113656022,0.0017523747359563184,0.002909577806758773,0.012427398053369594
2022-07-20 00:00:00+00:00,303.0299987792969,0.015732155882171917,0.0009174754668592415,0.0009897031615022681,0.0013128651081341979,0.0013298281470690357,0.001890976366478909,0.002381705399588466,0.002869737693546737,0.012649816306971741
2022-07-21 00:00:00+00:00,307.3800048828125,0.014252976583551735,0.00024750072870095645,0.0011649761955601968,0.001237203890203226,0.001573071578754008,0.0016720899648679135,0.0025883540723875696,0.00311639847769942,0.012886257525370821
2022-07-22 00:00:00+00:00,301.989990234375,-0.017690911158153355,0.0002031473414912741,0.00045064807019222925,0.0013681235370514723,0.0017635131783264278,0.0017804762172612663,0.0023431957484170746,0.00316377987955296,0.013015638555770037
2022-07-25 00:00:00+00:00,300.2699890136719,-0.005711838595404473,0.00031296833760567486,0.0005161156790969477,0.0007636164077979056,0.0017533195693001744,0.002089187257850957,0.002654592774276815,0.0034334666106134656,0.013276442053089366
2022-07-26 00:00:00+00:00,294.3699951171875,-0.019844570409774498,3.262510013995214e-05,0.0003455934377456257,0.0005487407792369013,0.0017137169747970986,0.002109106616072055,0.0022208307441048147,0.003177946907526324,0.012571952026897577
2022-07-27 00:00:00+00:00,306.8099975585937,0.04139119262754498,0.0003938069747484976,0.00042643207488844844,0.0007394004124941249,0.0011900484826863548,0.002179751644188624,0.0025198766297553914,0.0035309018263729682,0.011676405942921903
2022-07-28 00:00:00+00:00,309.8099975585937,0.00973054294244502,0.001713230827130534,0.00210703780187903,0.002139662902018984,0.0026557785811159324,0.0038207547766761305,0.004228850159869941,0.004795826988041733,0.01112273621133826
2022-07-29 00:00:00+00:00,315.4599914550781,0.01807266550105968,9.468346595476658e-05,0.0018079142930852994,0.0022017212678337988,0.002547314705579425,0.0029979627757716555,0.004310827883905854,0.004888939142250566,0.01121412970127936
2022-08-01 00:00:00+00:00,315.2699890136719,-0.0006024842738963088,0.0003266212383131928,0.00042130470426795803,0.0021345355313984937,0.0025609676062869425,0.003077083285383892,0.004314287175587118,0.004749173250251805,0.010932381216312277
2022-08-02 00:00:00+00:00,314.3299865722656,-0.0029860329615924996,3.629873002923624e-07,0.00032698422561348384,0.0004216676915682519,0.002528705493447283,0.00287429893119291,0.0042424224682443825,0.004654775148454178,0.009236709974190028
2022-08-03 00:00:00+00:00,322.8900146484375,0.026868406574306114,8.916392847716875e-06,9.279380148007937e-06,0.0003359006184612022,0.0021438149115465023,0.002570246986434952,0.0033338633942328576,0.00465943424428591,0.009099549090810476
2022-08-04 00:00:00+00:00,324.3999938964844,0.004665550115509731,0.000721911271842216,0.0007308276646899317,0.0007311906519902255,0.0011524953562581839,0.0032595331581372162,0.0038082739373741176,0.005368639774209271,0.009292640640854482
2022-08-05 00:00:00+00:00,321.75,-0.008202456950238357,2.1767357880332865e-05,0.0007436786297225477,0.0007525950225702661,0.0010795792481837502,0.0028874935412690514,0.0036268939537631765,0.005067245185457676,0.009312277482728443
2022-08-08 00:00:00+00:00,320.7099914550781,-0.003237585117199515,6.728030002051353e-05,8.904765790084509e-05,0.0008109589297430627,0.0008202383098910711,0.0012415430141590306,0.003381205916178015,0.005062297790835162,0.009161017810357915
2022-08-09 00:00:00+00:00,317.0799865722656,-0.01138319573817892,1.0481957391111798e-05,7.776225741162402e-05,9.95296152919584e-05,0.0008303572799818905,0.0011573415055953758,0.0033590627734291748,0.0041553042813670315,0.008036507202871456
2022-08-10 00:00:00+00:00,325.92999267578125,0.027528546291232914,0.00012957714521369472,0.0001400591026048052,0.00020733940262532025,0.0009510180323478683,0.0009602974124958778,0.003094832943894372,0.00403738069787977,0.00811193470019874
2022-08-11 00:00:00+00:00,324.0799865722656,-0.00569225445105026,0.0007578208609085534,0.0008873980061222468,0.0008978799635133601,0.0009869276214142055,0.0017177552861041387,0.002139422977672391,0.004592054217297049,0.007912439981036017
2022-08-12 00:00:00+00:00,330.3900146484375,0.019283461720727146,3.24017607355015e-05,0.0007902226216440537,0.0009197997668577498,0.0009975620242693743,0.0017412406539919234,0.002077141272453126,0.004311487640426877,0.007944001797223245
2022-08-15 00:00:00+00:00,333.0599975585937,0.008048827418127402,0.00037185189593474916,0.00040425365667024935,0.0011620745175788044,0.0013021336201836098,0.0013911812780844565,0.0021223719300746823,0.004650714436221673,0.00816008775352026
2022-08-16 00:00:00+00:00,332.2799987792969,-0.0023446633027424113,6.478362280679943e-05,0.00043663551874154727,0.0004690372794770503,0.0013564352855992975,0.0014341975430109232,0.0021867925655811894,0.004321691084279975,0.00818158976978189
2022-08-17 00:00:00+00:00,328.489990234375,-0.011471616964976228,5.4974460032269525e-06,7.028106881002507e-05,0.00044213296474477574,0.0012323555863888297,0.0013724146889936366,0.0021833736187366996,0.002613957703152668,0.007898942412558023
2022-08-18 00:00:00+00:00,329.2799987792969,0.002402082606320022,0.0001315979957911304,0.00013709544179435604,0.000201879064601157,0.0006061327212714068,0.0014935307273936551,0.0015930603426856137,0.002650872232989032,0.0079896883524473
2022-08-19 00:00:00+00:00,322.8599853515625,-0.019689701579979513,5.770000847585189e-06,0.00013736799663871427,0.00014286544264194273,0.0005795009613834904,0.0013697235830275455,0.001577062985652866,0.002330020995523424,0.007547152687833117
2022-08-22 00:00:00+00:00,314.3599853515625,-0.026679967958194162,0.0003876843483086477,0.0003934543491562316,0.0005250523449473635,0.000595333413757389,0.00099958707042764,0.0018974670339410003,0.0027173423565317796,0.00793326572439583
2022-08-23 00:00:00+00:00,314.1000061035156,-0.0008273534239622293,0.0007118206902502672,0.0010995050385589136,0.0011052750394065004,0.001242370481200857,0.0016790059999424055,0.0025988057668001555,0.00342024665393433,0.008178699284334144
2022-08-24 00:00:00+00:00,315.010009765625,0.002892989378123545,6.845136881420244e-07,0.0007125052039384078,0.0011001895522470572,0.001237557548885772,0.0013078386176957983,0.0024699131352746025,0.0026990198957802555,0.008084622708924367
2022-08-25 00:00:00+00:00,320.5799865722656,0.01752739795749836,8.369387541935655e-06,9.05390123007627e-06,0.0007208745914803452,0.001114328940636577,0.0012514243824309347,0.0017204616619079852,0.0026856219254418586,0.008088734799450317
2022-08-26 00:00:00+00:00,307.44000244140625,-0.04185185911431155,0.0003072096791605176,0.00031557906670245185,0.0003162635803905956,0.0014157686189495097,0.0015531366155882255,0.0019952695803330013,0.0029255513045818625,0.00838323873669198
2022-08-29 00:00:00+00:00,304.4100036621094,-0.00990446520838173,0.0017515781113241829,0.0020587877904846993,0.0020671571780266364,0.0027796623819650447,0.0031731167311212774,0.003374995795722435,0.004666647458514934,0.009811654901384234
2022-08-30 00:00:00+00:00,301.0199890136719,-0.011198817762076985,9.809843106404414e-05,0.0018496765423882254,0.002156886221548745,0.0021659401227788217,0.0032654451613377366,0.0034083106039796795,0.004635168744365283,0.009837525637805251
2022-08-31 00:00:00+00:00,299.2699890136719,-0.005830531981784404,0.00012541351926821095,0.00022351195033225356,0.0019750900616564383,0.0022906691283588907,0.0030031743322973,0.0035282266772446638,0.004002761402724941,0.009045463690214221
2022-09-01 00:00:00+00:00,299.3999938964844,0.0004343123542760452,3.399510319061077e-05,0.0001594086224588202,0.00025750705352286607,0.002316294844007566,0.0023253487452376434,0.003430623784644144,0.0040043547451800495,0.008831958064703875
2022-09-02 00:00:00+00:00,295.1700134277344,-0.014228944562392876,1.88627221076801e-07,3.418373041168605e-05,0.00015959724967989873,0.002009273792068125,0.0023248528587705786,0.0034250424110176354,0.0036326914764663776,0.008628999350433679
2022-09-06 00:00:00+00:00,293.04998779296875,-0.007208305769987433,0.0002024628633596498,0.00020265149058072506,0.00023664659377133757,0.000460158544103592,0.002518946334588292,0.0032398209260686376,0.003770370717019228,0.008518493876187652
2022-09-07 00:00:00+00:00,298.9700012207031,0.020000036724393766,5.195967207363412e-05,0.00025442253543328237,0.0002546111626543609,0.000414019785113182,0.002263696327501409,0.002579959907892005,0.003816832943089635,0.008537828448121336
2022-09-08 00:00:00+00:00,300.5199890136719,0.005171032951515109,0.0004000014689770993,0.00045196114105073193,0.0006544240044103834,0.0006886077348220703,0.0009121196851543253,0.002979276863180962,0.004085236416275604,0.008544022942349936
2022-09-09 00:00:00+00:00,307.0899963378906,0.021626581365004505,2.6739581785655058e-05,0.00042674105076275285,0.0004787007228363887,0.0006813522134171147,0.0008407608358759361,0.0029976470574246813,0.0041062059972136735,0.006857531697005057
2022-09-12 00:00:00+00:00,310.739990234375,0.011815665928621044,0.0004677090215371601,0.0004944486033228136,0.0008944500722999147,0.001148872607733198,0.0011830563381448854,0.0031581463998013237,0.004186230670442187,0.007230557252587451
2022-09-13 00:00:00+00:00,293.70001220703125,-0.056397638469358746,0.0001396099613367762,0.0006073189828739347,0.0006340585646595915,0.0010860197057103243,0.0012886711962910506,0.0015461782498139172,0.0036140199415286957,0.007043545975611035
2022-09-14 00:00:00+00:00,296.0299987792969,0.007901916648632046,0.0031806936249204935,0.003320303586257268,0.0037880126077944297,0.0042147536585571835,0.004469176193990467,0.004628773443670367,0.006794029052761047,0.010223876613231236
2022-09-15 00:00:00+00:00,291.1000061035156,-0.016793924697478424,6.24402867219283e-05,0.0032431339116424204,0.003382743872979198,0.003877192476302013,0.004329153617352746,0.0045658002111240836,0.00684809995194104,0.010277400507105447
2022-09-16 00:00:00+00:00,289.32000732421875,-0.006133504422286329,0.0002820359067445758,0.00034447619346650234,0.003525169818386998,0.004132488801260934,0.004559229852023688,0.004813841014678049,0.006822926179525098,0.009837525142007806
2022-09-19 00:00:00+00:00,291.04998779296875,0.00596166448002311,3.761987649820595e-05,0.00031965578324278,0.00038209606996471047,0.0037023996562219794,0.004196848259544794,0.004851272263955178,0.005108967944699121,0.00985337766062568
2022-09-20 00:00:00+00:00,288.7300109863281,-0.00800299835799212,3.554144337236922e-05,7.316131987057344e-05,0.00035519722661515136,0.0035983311382575727,0.0042056501211315085,0.004684350843967898,0.005046410957007446,0.009821638803977534
2022-09-21 00:00:00+00:00,283.5599975585937,-0.018068301041420654,6.404798271802456e-05,9.958942609039203e-05,0.00013720930258860015,0.0004816854960551034,0.0038019890823123726,0.0046964391546122876,0.004985045420457259,0.009875204829304448
2022-09-22 00:00:00+00:00,280.07000732421875,-0.01238413430113372,0.00032646350252340265,0.00039051148524142545,0.00042605292861379687,0.0007457087118565777,0.003988842623498999,0.004622901188158592,0.005277513819790051,0.010072091186614156
2022-09-23 00:00:00+00:00,275.510009765625,-0.016415637055336774,0.0001533667823885168,0.0004798302849119177,0.0005438782676299444,0.0006170395875005187,0.0009615157809670227,0.004749528388761453,0.00543069197495749,0.009467637108094118
2022-09-26 00:00:00+00:00,274.3699951171875,-0.004146418388192075,0.0002694731399325458,0.0004228399223210609,0.0007493034248444656,0.0008488928509348586,0.0011685486341776402,0.004551292507156839,0.005497702251530387,0.009704708487291165
2022-09-27 00:00:00+00:00,274.4800109863281,0.00040089594384884464,1.719278544993736e-05,0.00028666592538248144,0.00044003270777100037,0.0008305441930124267,0.0009037055128830018,0.00442887533127,0.00546293536490669,0.009350049376806353
2022-09-28 00:00:00+00:00,279.94000244140625,0.0196968646375133,1.60717557794456e-07,1.735350300773008e-05,0.00028682664294027807,0.0007666569278521967,0.0008662463539425904,0.0012483424239073007,0.005063094613487386,0.009285426471557346
2022-09-29 00:00:00+00:00,271.8699951171875,-0.02925131030453887,0.00038796647654852195,0.00038812719410631467,0.0004053199795562542,0.0008281599018773159,0.001218671387118743,0.0015738686137338944,0.005424321508250252,0.009667895502102642
2022-09-30 00:00:00+00:00,267.260009765625,-0.017101989016430785,0.0008556391545324219,0.0012436056310809421,0.0012437663486387386,0.001530432274021221,0.0020102625589331403,0.0021474718615217404,0.005812251641245514,0.010391936660843934
2022-10-03 00:00:00+00:00,273.5299987792969,0.023189296705025342,0.0002924780283181192,0.0011481171828505393,0.0015360836593990635,0.0015534371624067946,0.001976277084727857,0.0024023300133416536,0.005965119708226857,0.010678644688314467
2022-10-04 00:00:00+00:00,282.1300048828125,0.03095667433055649,0.0005377434816736992,0.0008302215099918167,0.0016858606645242407,0.002073987858630556,0.0023606537840130393,0.0029045320516429838,0.0033221695649800626,0.01082870382167952
2022-10-05 00:00:00+00:00,281.9800109863281,-0.000531789529700788,0.000958315685608135,0.0014960591672818326,0.001788537195599954,0.003032142826680897,0.0030494963296886285,0.0037987997545330943,0.00421804496386627,0.011075198817037387
2022-10-06 00:00:00+00:00,279.760009765625,-0.007904057736315195,2.8280010389938527e-07,0.0009585984857120326,0.001496341967385734,0.0026444591502362744,0.0030325863443425908,0.003472619052113591,0.003936291857225592,0.011074797103453144
2022-10-07 00:00:00+00:00,269.1000061035156,-0.03884904724819549,6.247412869900409e-05,6.275692880290174e-05,0.001021072614411039,0.0018512941244028564,0.0030948997554838004,0.0033817263984240783,0.003961146109426391,0.011128901844610212
2022-10-10 00:00:00+00:00,266.4100036621094,-0.01004659116868023,0.0015092484720925256,0.0015717226007915279,0.0015720054008954297,0.0030680645681772627,0.004216181751027804,0.004621501730584059,0.005434853138146548,0.01233094063754222
2022-10-11 00:00:00+00:00,262.75,-0.013833479488336131,0.00010093399411060359,0.0016101824662031275,0.0016726565949021339,0.0026312550806141667,0.0034614765906059858,0.004705242939244724,0.0054717391495391265,0.01068029652032864
2022-10-12 00:00:00+00:00,262.6600036621094,-0.00034257565765205555,0.00019136515475421648,0.00029229914886481835,0.0018015476209573462,0.0018643045497602484,0.003360363717042083,0.0048964473764411464,0.0053366408017699405,0.010773563244018814
2022-10-13 00:00:00+00:00,268.82000732421875,0.023181603789403482,1.1735808121573837e-07,0.0001914825128354305,0.00029241650694603646,0.0018641391077375649,0.0028227375934495994,0.00450859825797384,0.00518339137746264,0.010648267082831817
2022-10-14 00:00:00+00:00,260.739990234375,-0.030518333107678153,0.0005373867542488858,0.0005375041123300998,0.0007288692670843187,0.002339051733287447,0.0024018086620903505,0.004190345857690304,0.00545130499177898,0.011151658733890093
2022-10-17 00:00:00+00:00,269.3500061035156,0.03248796700557399,0.0009313686556712044,0.0014687554099200885,0.0014688727680013066,0.0017611719168661257,0.0033328945176576553,0.004829236485043389,0.006365480862000246,0.01208283876234022
2022-10-18 00:00:00+00:00,271.4800109863281,0.00787684051712656,0.0010554680001552644,0.001986836655826467,0.0025242234100753555,0.0027157059229107865,0.0043258883891139155,0.005346961003524954,0.007420788144597717,0.012935843899135836
2022-10-19 00:00:00+00:00,270.489990234375,-0.0036534193808233084,6.20446165322466e-05,0.0011175126166875092,0.002048881272358716,0.0025863853846888165,0.0028786845335536364,0.004450689934449066,0.007094866284581441,0.012945928843594448
2022-10-20 00:00:00+00:00,269.1099853515625,-0.0051149294067753814,1.3347473172175366e-05,7.539208970442046e-05,0.001130860089859687,0.002599615499779776,0.0027910980126152085,0.0044637546075173415,0.006252574603221195,0.012559274847789525
2022-10-21 00:00:00+00:00,275.4200134277344,0.02317709053640815,2.6162502836295556e-05,3.95099760084694e-05,0.00010155459254071818,0.002088391248367186,0.0026258953606972876,0.004427442981654634,0.005986259077739371,0.012558697768840164
2022-10-24 00:00:00+00:00,278.45001220703125,0.010941299822254003,0.0005371775257328603,0.0005633400285691543,0.0005766875017413318,0.0016942001184288417,0.003162955528348932,0.0034553720352949683,0.005985693121798532,0.012628166273035864
2022-10-25 00:00:00+00:00,284.2099914550781,0.020474817591939143,0.00011971204180045547,0.0006568895675333142,0.0006830520703696119,0.0007584441600740326,0.002745280815900502,0.00347415008298482,0.005147089477990852,0.012608268353499544
2022-10-26 00:00:00+00:00,277.92999267578125,-0.022344114396678272,0.0004192181554231806,0.0005389301972236345,0.001076107722956497,0.0011156176989649666,0.0022331303156524775,0.003702003083653784,0.005566024833310134,0.009846792884002233
2022-10-27 00:00:00+00:00,272.8699951171875,-0.01837378367036191,0.0004992594481718452,0.0009184776035950242,0.001038189645395482,0.0016015296739646362,0.0016769217636690586,0.004201145173744414,0.0060028101527829746,0.010283612045452148
2022-10-28 00:00:00+00:00,281.2200012207031,0.030141812103614107,0.000337595926365258,0.0008368553745371017,0.0012560735299602843,0.0019129630974935989,0.00195247307350207,0.004001354345860786,0.004831157607055707,0.010339172065072831
2022-10-31 00:00:00+00:00,277.95001220703125,-0.011696000185850153,0.0009085288368895778,0.0012461247632548343,0.0017453842114266817,0.0022843144086503167,0.0028476544372194722,0.003978514527079159,0.005638752449834681,0.011210081025464202
2022-11-01 00:00:00+00:00,275.1099853515625,-0.01027032087541091,0.00013679642034740682,0.0010453252572369832,0.001382921183602243,0.0023013987871972675,0.0029582883547305833,0.0030598429472713014,0.005584183715427872,0.01131133600243924
2022-11-02 00:00:00+00:00,265.67999267578125,-0.03487841494148025,0.00010547949088390112,0.00024227591123130652,0.0011508047481208863,0.0019876601226579884,0.0025265903198816242,0.003103277821622956,0.005689545848230557,0.011352767510605117
2022-11-03 00:00:00+00:00,260.489990234375,-0.019728114249449646,0.0012165038288300728,0.0013219833197139724,0.0014587797400613812,0.002704904503316216,0.0036233821069112417,0.004306434177280854,0.006368662922811744,0.012242807836911786
2022-11-04 00:00:00+00:00,264.67999267578125,0.015957086220661942,0.0003891984918393382,0.0016057023206694095,0.0017111818115533126,0.002756507068790296,0.0035933624433273996,0.004669470166283896,0.005826492758979877,0.01247863954636261
2022-11-07 00:00:00+00:00,267.5899963378906,0.010934423190648523,0.00025462860065363926,0.000643827092492976,0.0018603309213230507,0.0021026068325543574,0.0033487315958091934,0.004386921241204675,0.0050256533594782524,0.012463795007083703
2022-11-08 00:00:00+00:00,269.5400085449219,0.007260889380351188,0.00011956161051219224,0.00037419021116583,0.0007633887030051701,0.002085372022719143,0.0031306972799561277,0.0043867708099164125,0.005083170353458198,0.012566163832145956
2022-11-09 00:00:00+00:00,263.32000732421875,-0.023346783628308998,5.272051459369665e-05,0.00017228212510588738,0.00042691072575952856,0.0020326130464289383,0.0022748889576602463,0.004020273169086928,0.0051225433948797194,0.01261872362918186
2022-11-10 00:00:00+00:00,282.75,0.07119306458165742,0.000545072305787077,0.0005977928203807722,0.0007173544308929664,0.0013611815233859426,0.002683164843099917,0.00406608602670216,0.005641453197830501,0.012775829458420413
2022-11-11 00:00:00+00:00,287.9599914550781,0.018258436930882915,0.005068452444528044,0.005613524750315119,0.005666245264908818,0.006040435476074649,0.00764613779674406,0.008796942544864945,0.010172728116625684,0.016988642748416036
2022-11-14 00:00:00+00:00,285.44000244140625,-0.008789693982335756,0.0003333705191590291,0.005401822963687072,0.005946895269474151,0.006119177394580039,0.006763004487073017,0.008221784227134397,0.010386386593984259,0.017029535239256946
2022-11-15 00:00:00+00:00,289.3900146484375,0.01374345202374716,7.725872030310939e-05,0.0004106292394621368,0.005479081683990183,0.006076874504370956,0.006451064715536788,0.008162246527090099,0.010044427158864187,0.016569050477886357
2022-11-16 00:00:00+00:00,285.44000244140625,-0.01374345202374716,0.00018888247352903993,0.0002661411938321476,0.0005995117129911793,0.0062130364633062995,0.006385318588412189,0.008245649509735237,0.00973405018422138,0.01579961726580726
2022-11-17 00:00:00+00:00,284.8099975585937,-0.0022095752358834986,0.00018888247352903993,0.00037776494705807985,0.0004550236673611901,0.005856846631048262,0.0064546394514290355,0.007218028154434205,0.009585336731385164,0.0159882169392324
2022-11-18 00:00:00+00:00,284.82000732421875,3.514479764188394e-05,4.882222723029618e-06,0.0001937646962520678,0.00038264716978111035,0.000793276409243248,0.006406801159558368,0.006833711885317896,0.008681690117218616,0.01593062503325643
2022-11-21 00:00:00+00:00,281.8900146484375,-0.010340451622776747,1.235156801288971e-09,4.8834578798291725e-06,0.0001937659314088717,0.00045990712524102015,0.005861730088928093,0.006579084519821058,0.008544894932028011,0.014421377796320703
2022-11-22 00:00:00+00:00,285.95001220703125,0.014300037166956159,0.00010692493976298627,0.00010692617491978582,0.00011180839764281804,0.000489573344700897,0.0009002025841630356,0.006566447849071852,0.008546340380907095,0.014427368741973085
2022-11-23 00:00:00+00:00,288.82000732421875,0.009986669006815774,0.00020449106297632753,0.00031141600273931205,0.0003114172378961159,0.0005051819341481846,0.000771323127980334,0.006718218397454483,0.00753432761505335,0.014440494650195196
2022-11-25 00:00:00+00:00,286.9200134277344,-0.006600203999721721,9.973355785169476e-05,0.0003042246208280206,0.00041114956059100946,0.00041603301847083945,0.0007937979655289194,0.006272879649519101,0.007244862681065707,0.014540110849965676
2022-11-28 00:00:00+00:00,282.7099914550781,-0.01478187102179973,4.3562692837942604e-05,0.00014329625068963567,0.00034778731366596577,0.0004547134885857524,0.000648478184837822,0.0012479898978289996,0.007033796773250009,0.014046286788554732
2022-11-29 00:00:00+00:00,280.57000732421875,-0.007598332734786162,0.0002185037109051226,0.0002620664037430635,0.00036179996159476085,0.0006732159643340738,0.0006780994222139046,0.0011331230895750932,0.0071327388736429406,0.01333342184378865
2022-11-30 00:00:00+00:00,293.3599853515625,0.04457719952853001,5.773466034852295e-05,0.00027623837125364387,0.000319801064091589,0.0006240256849196105,0.000730951859839398,0.0011135990296205066,0.0071377530193977665,0.01233568850398191
2022-12-01 00:00:00+00:00,293.7200012207031,0.001226462909666104,0.001987126717806376,0.0020448613781548974,0.0022633650890600226,0.002406661339749659,0.0027180773424889727,0.0029118432738978427,0.008579807431417065,0.014260770605256037
2022-12-02 00:00:00+00:00,292.54998779296875,-0.00399138623148243,1.5042112687866458e-06,0.001988630929075161,0.0020463655894236866,0.0023084319931667508,0.002612656613994773,0.0027244650116375895,0.0035128591981578084,0.014248927343352648
2022-12-05 00:00:00+00:00,287.6400146484375,-0.016925801347356995,1.5931164048867515e-05,1.7435375317652426e-05,0.002004562093124031,0.002280800464377676,0.0024240967150673132,0.0027355139529634275,0.003195419843047647,0.014238696004565222
2022-12-06 00:00:00+00:00,281.67999267578125,-0.02093810031569543,0.00028648275125019184,0.00030241391529905765,0.0003039181265678469,0.002348779504722745,0.00261084590846581,0.0030219954690568177,0.003404643873994729,0.013988001230082554
2022-12-07 00:00:00+00:00,280.5299987792969,-0.0040909820808368025,0.00043840404483012506,0.0007248867960803152,0.0007408179601291853,0.002729448889204347,0.0030056872604579924,0.0033534745741239567,0.0036541654452958146,0.014306693233112223
2022-12-08 00:00:00+00:00,283.8500061035156,0.011765284355296224,1.6736134385727813e-05,0.0004551401792158511,0.0007416229304660456,0.0007590583057836989,0.002803919683938598,0.0031657196455333572,0.0034820191061525024,0.013904211212074769
2022-12-09 00:00:00+00:00,282.0400085449219,-0.006397015971660203,0.00013842191596097808,0.00015515805034670415,0.0005935620951768319,0.0008959760104758903,0.002884606939551053,0.00320440800364264,0.0036155587993904506,0.013543373679863902
2022-12-12 00:00:00+00:00,285.5799865722656,0.012473217835294648,4.0921813341675724e-05,0.00017934372930265206,0.00019607986368838247,0.0009209666597686986,0.0009384020350863527,0.003201767124146373,0.0036564793775753254,0.01324669956684032
2022-12-13 00:00:00+00:00,288.6499938964844,0.010692707378924915,0.0001555811631667125,0.00019650297650838648,0.0003349248924693672,0.0007900650716852191,0.0010924789869842784,0.0031388445764079635,0.0037051356009790517,0.012493751893117454
2022-12-14 00:00:00+00:00,286.510009765625,-0.007441386717517595,0.00011433399109131533,0.0002699151542580261,0.0003108369675997044,0.0004659950179464094,0.0011908818140267264,0.0031954439071507556,0.003614978529094039,0.012471289463861364
2022-12-15 00:00:00+00:00,276.8900146484375,-0.03415310533676852,5.537423627964729e-05,0.0001697082273709609,0.00032528939053767596,0.000504633119840329,0.0009597732990561819,0.0012636914256240269,0.003570619207521992,0.01242118420925711
2022-12-16 00:00:00+00:00,274.25,-0.009580269152277943,0.0011664346041444062,0.0012218088404240518,0.0013361428315153696,0.001532645808023757,0.001687803858370463,0.0024286218184996463,0.004693491118828455,0.012371114984571442
2022-12-19 00:00:00+00:00,269.75,-0.01654449501709543,9.178155703008832e-05,0.0012582161611744927,0.0013135903974541426,0.0015835055517121697,0.0017628492810148233,0.0025044722114808673,0.0045667689649534216,0.012073698049762193
2022-12-20 00:00:00+00:00,269.5400085449219,-0.0007787700953620913,0.00027372031537069546,0.00036550187240078205,0.001531936476545191,0.0017016447039161528,0.001898147680424541,0.002491709775601371,0.004782754619975594,0.012092789764479249
2022-12-21 00:00:00+00:00,273.45001220703125,0.014402000390715486,6.064828614302808e-07,0.000274326798232124,0.0003661083552622149,0.0015879171956862676,0.0018578323499442956,0.002053912213632676,0.002796234385030648,0.011973834636828487
2022-12-22 00:00:00+00:00,266.760009765625,-0.024769420061211633,0.000207417615254169,0.00020802409811559755,0.00048174441348629565,0.0017399605746607893,0.001909668802031752,0.0022445936945011172,0.0030021477890160306,0.01212853173748896
2022-12-23 00:00:00+00:00,267.3599853515625,0.0022465956855075575,0.0006135241701687533,0.0008209417854229205,0.0008215482682843535,0.0011870501406851363,0.00240885898110919,0.0027196959487088925,0.003599740795135916,0.012196983601870636
2022-12-27 00:00:00+00:00,263.5799865722656,-0.014239133785828528,5.047192174141172e-06,0.0006185713623428927,0.0008259889775970643,0.0011003157758291892,0.0023585319370036835,0.0026838213275413576,0.0033183052360598654,0.007133578349516733
2022-12-28 00:00:00+00:00,260.1000061035156,-0.013290680351424555,0.00020275293097072347,0.00020780012314486291,0.0008213242933136188,0.0010293483914292172,0.001394850263830001,0.002730993095345369,0.003082654122200464,0.007002960761328427
2022-12-29 00:00:00+00:00,266.44000244140625,0.024082890787401112,0.00017664218420374275,0.0003793951151744645,0.0003844423073486083,0.0012053840927715295,0.0014797108910036554,0.0027933012884577965,0.0032425601720184787,0.007102344225229061
2022-12-30 00:00:00+00:00,266.2799987792969,-0.0006007045598224181,0.0005799856286778894,0.0007566278128816304,0.0009593807438523565,0.0015779521061952502,0.0017859762043108494,0.0033179126808560383,0.00368412388473539,0.00749344738037791
2023-01-03 00:00:00+00:00,264.4800109863281,-0.0067827065361525385,3.608459681914451e-07,0.0005803464746460792,0.0007569886588498245,0.0009647887819946882,0.0017857305674176104,0.0021518389226798233,0.0036435629173619056,0.0073049257528170625
2023-01-04 00:00:00+00:00,265.739990234375,0.004752674802299239,4.6005107955566366e-05,4.636595392375618e-05,0.0006263515826016481,0.0010057466977761134,0.0016243180601190079,0.0021060624736053014,0.0035339868621507594,0.007346048638049599
2023-01-05 00:00:00+00:00,261.5799865722656,-0.015778237686545182,2.2587917776410112e-05,6.859302573197486e-05,6.89538717001688e-05,0.0008255816845818,0.0010333818077266647,0.0018549300760110164,0.0034422407888358543,0.0073686353206692074
2023-01-06 00:00:00+00:00,268.79998779296875,0.027227450508110707,0.00024895278449311466,0.00027154070226952315,0.000317545810225092,0.000897892284871172,0.001277287400045638,0.002103276377642701,0.003635819337049322,0.007510663165399336
2023-01-09 00:00:00+00:00,270.5400085449219,0.006452430009805887,0.000741334061171618,0.000990286845664731,0.0010128747634411436,0.0010592407173649005,0.0018158685302465327,0.0026371928235601498,0.0032107187940765333,0.008047506163594627
2023-01-10 00:00:00+00:00,272.8299865722656,0.008428848135237033,4.1633853031443604e-05,0.0007829679142030599,0.001031920698696177,0.0011005137244281527,0.0016808601990742336,0.0020653025064228405,0.0031605710900778888,0.007989406458774375
2023-01-11 00:00:00+00:00,277.54998779296875,0.017152211773818316,7.10454808868888e-05,0.00011267933391833078,0.0008540133950899512,0.001125554097359475,0.0011719200512832332,0.0021313007951355876,0.0029578962555940826,0.008016889246823321
2023-01-12 00:00:00+00:00,279.04998779296875,0.00538988033468879,0.00029419836873391164,0.0003652438496207988,0.0004068777026522449,0.0013971645483169767,0.0014657575740489532,0.002222746232898776,0.0032514881414665636,0.00809258390465211
2023-01-13 00:00:00+00:00,280.9700012207031,0.006856972923610094,2.9050810022264946e-05,0.00032324917875617496,0.00039429465964306625,0.0011772625738461267,0.0014488032761156516,0.002075154858717298,0.0030731213362346593,0.008063900054325853
2023-01-17 00:00:00+00:00,281.5400085449219,0.00202665733737728,4.701807767512196e-05,7.606888769738528e-05,0.0003702672564312994,0.00048294659034963094,0.0014732334360143635,0.0015421873077145307,0.0025066152437410285,0.006123791414194599
2023-01-18 00:00:00+00:00,277.8800048828125,-0.013085180354130088,4.107339963145166e-06,5.112541763826549e-05,8.017622766053294e-05,0.0004454200772813325,0.0012283879914843942,0.0015459338017094844,0.0025056753915300325,0.006126394542888956
2023-01-19 00:00:00+00:00,275.1499938964844,-0.009873002073073067,0.00017122194490011203,0.00017532928486325557,0.00022234736253838003,0.0005455965412945558,0.0006582758752128881,0.00167115063865403,0.002474144405459421,0.006281685323740202
2023-01-20 00:00:00+00:00,282.67999267578125,0.026999108589459198,9.747616993490508e-05,0.00026869811483501546,0.0002728054547981632,0.00034887434249554917,0.0007141181921163497,0.001746038890812525,0.0023949783911905833,0.006092678742424915
2023-01-23 00:00:00+00:00,288.9599914550781,0.021972750744598812,0.0007289518646254094,0.0008264280345603129,0.0009976499794604275,0.0010487753970986936,0.0013720245758548702,0.00222603797094482,0.0025439446271381034,0.006383226562220199
2023-01-24 00:00:00+00:00,288.3699951171875,-0.0020438797810697906,0.00048280177528426765,0.0012117536399096753,0.001309229809844583,0.0014845590947078393,0.0015606279824052262,0.0019675056850574696,0.0030263855564541795,0.006849292203118739
2023-01-25 00:00:00+00:00,287.7300109863281,-0.0022217822855159497,4.177444559465896e-06,0.00048697921984373183,0.0012159310844691439,0.00148462919930416,0.0015357546169424271,0.0019300492765854918,0.002984557893058079,0.006715047731717227
2023-01-26 00:00:00+00:00,293.3399963378906,0.019309754743691343,4.936316524232477e-06,9.113761083696637e-06,0.0004919155363679669,0.0013183435709282804,0.0014936728557915376,0.0018639401122228355,0.0029669062918059015,0.006679062234899784
2023-01-27 00:00:00+00:00,296.260009765625,0.009905146782498875,0.0003728666282615103,0.00037780294478574107,0.0003819803893452096,0.0015937340292548857,0.001862432144089903,0.001942608371750434,0.003090820135574297,0.006896347699994581
2023-01-30 00:00:00+00:00,290.2699890136719,-0.020425993646078666,9.811193278284781e-05,0.0004709785610443564,0.0004759148775685915,0.0009628940974123241,0.0017893221319726386,0.002011669494511017,0.0024475980071855265,0.006880125641686114
2023-01-31 00:00:00+00:00,294.6199951171875,0.014874887342688048,0.000417221216429646,0.0005153331492124922,0.000888199777474005,0.0008973135385577026,0.0021090671784673794,0.002381872633265541,0.0028231853705837293,0.007241972621836113
2023-02-01 00:00:00+00:00,300.9200134277344,0.021158119500755745,0.0002212622734576611,0.0006384834898873054,0.0007365954226701559,0.0011143983674558977,0.0016013775872996314,0.0025990275667600567,0.002973402163154501,0.006296800291149368
2023-02-02 00:00:00+00:00,311.7200012207031,0.03526085957709224,0.00044766602080826054,0.0006689282942659198,0.0010861495106955685,0.0015571280717399257,0.0015662418328236242,0.002875471642668205,0.0031268698152288506,0.0066526847549275405
2023-02-03 00:00:00+00:00,306.17999267578125,-0.017932212508734224,0.0012433282181154176,0.0016909942389236763,0.00191225651238134,0.002427589661593833,0.002805392606379576,0.004021323690848718,0.004341147223322003,0.007622292657672262
2023-02-06 00:00:00+00:00,303.5899963378906,-0.008495045542743718,0.0003215642454584042,0.00156489246357382,0.0020125584843820833,0.00265104197426939,0.0031220205353137474,0.0036139360716817125,0.004615693391105286,0.007943250420269235
2023-02-07 00:00:00+00:00,309.8800048828125,0.020507046680902086,7.21657987732899e-05,0.0003937300442316923,0.0016370582623471126,0.0023059865566130333,0.0028213197058255274,0.003203300095170735,0.0046837518499154305,0.007807998603788357
2023-02-08 00:00:00+00:00,304.3699951171875,-0.017941090965962303,0.00042053896357269725,0.0004927047623459854,0.0008142690078043922,0.002505263246728069,0.0031437467366153765,0.0036196616141839664,0.004933068868588015,0.0076150133971923
2023-02-09 00:00:00+00:00,301.67999267578125,-0.008877221882850783,0.0003218827450489342,0.0007424217086216296,0.0008145875073949222,0.0023794799709687432,0.003048408265234665,0.003936608042708668,0.005157475443702044,0.007931848950067094
2023-02-10 00:00:00+00:00,299.70001220703125,-0.0065848136185442385,7.88050683573648e-05,0.00040068781340629717,0.0008212267769789971,0.0012149568212106903,0.0029059510601343688,0.0036425464828045225,0.004507328647434,0.007807901087453735
2023-02-13 00:00:00+00:00,304.5,0.015889072096499923,4.335977039096567e-05,0.00012216483874832868,0.0004440475837972655,0.0009367523461432519,0.0025016448097170737,0.0035877943204126405,0.0040678866425406975,0.0076746186736409575
2023-02-14 00:00:00+00:00,306.75,0.007361996441068719,0.00025246261208777246,0.00029582238247873635,0.0003746274508361038,0.0011170491594577343,0.0015107792036894285,0.0034230357160707665,0.004316171810069005,0.007347095657050841
2023-02-15 00:00:00+00:00,309.1000061035156,0.007631785293137128,5.419899159830848e-05,0.00030666160368607916,0.0003500213740770475,0.0007507091874833456,0.0012434139498293327,0.0032559724342114144,0.00436543448514308,0.0074009338026809575
2023-02-16 00:00:00+00:00,303.29998779296875,-0.01894249443700602,5.8244146760544154e-05,0.00011244313835885085,0.00036490575044662596,0.00048707058919495556,0.001229492297816587,0.002866550560163698,0.004050812003642114,0.007413172841485936
2023-02-17 00:00:00+00:00,301.1600036621094,-0.007080677305217442,0.00035881809549600396,0.0004170622422565463,0.00047126123385485746,0.0007670836163335947,0.0011677714297398936,0.0019820404375442842,0.00431151816635527,0.00774940301920553
2023-02-21 00:00:00+00:00,294.0299987792969,-0.02395989834436385,5.013599110062134e-05,0.00040895408659662354,0.00046719823335717033,0.0007738598370432504,0.0008960246757915809,0.0017106121831865014,0.003944432941026245,0.007550586225813036
2023-02-22 00:00:00+00:00,294.25,0.0007479473428162464,0.0005740767286722496,0.0006242127197728692,0.0009830308152688758,0.0010954739536277276,0.0013912963361064658,0.002212523113085461,0.004297247396240834,0.0073833288933136685
2023-02-23 00:00:00+00:00,296.82000732421875,0.008696173002909369,5.594252276258837e-07,0.0005746361538998736,0.0006247721450004976,0.001041834387257045,0.0013484959909431259,0.0017925435747403896,0.0038501408006601993,0.00734225446550985
2023-02-24 00:00:00+00:00,291.8500061035156,-0.016885926580302524,7.562342489652975e-05,7.61828501241538e-05,0.000650259578796406,0.0010592136653930304,0.001171656803751883,0.0015462842545879852,0.0026824360074413113,0.007346832409519491
2023-02-27 00:00:00+00:00,293.94000244140625,0.007135680621343177,0.0002851345164753673,0.0003607579413718952,0.0003613173665995238,0.000985530086372394,0.001402592328628942,0.0017526137027059877,0.002646006278458275,0.007337768557260946
2023-02-28 00:00:00+00:00,293.5599975585937,-0.001293633824023921,5.0917937929812546e-05,0.00033605245440517797,0.00041167587930171046,0.000986312033201585,0.0013952661197982102,0.0017601718702448346,0.0026247584176147974,0.007359635685168495
2023-03-01 00:00:00+00:00,291.20001220703125,-0.008071681118032359,1.6734884706587528e-06,5.2591426400469456e-05,0.00033772594287583945,0.0004139087929999942,0.001038121512772865,0.0015093827466277209,0.002205892942512759,0.0073142910959640315
2023-03-02 00:00:00+00:00,293.6099853515625,0.008241947972757124,6.51520360712001e-05,6.682552454185701e-05,0.00011774346247167227,0.0004785014038435685,0.0010531375577434439,0.0015203357911006126,0.0019491622335350248,0.007375335792072087
2023-03-03 00:00:00+00:00,299.67999267578125,0.02046290804060913,6.792970638563527e-05,0.00013308174245683354,0.00013475523092749497,0.000470807685332674,0.0005469905354568296,0.0015300213507257036,0.0019382868715632953,0.007272043553557609
2023-03-06 00:00:00+00:00,300.0199890136719,0.0011338882264446681,0.0004187306054784257,0.0004866603118640592,0.0005518123479352619,0.0006044037743357324,0.0009651617157076294,0.0015899338607081254,0.0023136577066507555,0.00759329798910113
2023-03-07 00:00:00+00:00,296.3399963378906,-0.012341671059298953,1.285702510069835e-06,0.00042001630798849376,0.0004879460143741316,0.0005547715389159898,0.0008908239933211695,0.001541083572117574,0.0020624807970730527,0.006865631826985791
2023-03-08 00:00:00+00:00,297.82000732421875,0.004981870332036564,0.00015231684453593735,0.0001536025470460054,0.0005723331525244337,0.0007054148949812683,0.0007580063213817396,0.0011193236879812616,0.0021605986500106817,0.0065351468962374605
2023-03-09 00:00:00+00:00,292.6600036621094,-0.01747776357736086,2.4819032005226107e-05,0.00017713587654116168,0.0001784215790512341,0.0006650818909152942,0.0007319074154571531,0.0011435832947588617,0.0021271735352553635,0.00655578848368322
2023-03-10 00:00:00+00:00,288.54998779296875,-0.014143199325228117,0.0003054722196661219,0.0003302912516713462,0.0004826080962072862,0.000902624404195781,0.0010357061466526164,0.001373432089528454,0.0020738276594254815,0.00685632438682511
2023-03-13 00:00:00+00:00,290.69000244140625,0.007389076794763305,0.00020003008715313307,0.0005055023068192533,0.0005303213388244819,0.0006839238858704883,0.0011705841977345493,0.0012883276602062197,0.002223721755477993,0.006683487845716733
2023-03-14 00:00:00+00:00,297.3699951171875,0.022719722627469352,5.459845587890956e-05,0.0002546285430320409,0.0005601007626981654,0.000737236639239328,0.0011572529472278236,0.0012920081781553168,0.0017042434826846531,0.006639974368812794
2023-03-15 00:00:00+00:00,298.92999267578125,0.005232269493494535,0.0005161857962691429,0.0005707842521480508,0.0007708143393011864,0.0011011055909725335,0.0012547081380185408,0.001806520485953801,0.0022198698537261702,0.006738938948652292
2023-03-16 00:00:00+00:00,306.8099975585937,0.026019247760675768,2.7376644052553555e-05,0.0005435624403216947,0.0005981608962006068,0.001103663203019861,0.0012807990795610244,0.0017687450939351543,0.002171623072882194,0.006545053319247184
2023-03-17 00:00:00+00:00,305.3599853515625,-0.004737295062711588,0.000677001254031431,0.0007043778980839828,0.0012205636943531282,0.00147519223738517,0.001805483489056518,0.0023778166415809503,0.0025634898104382577,0.006774388552470353
2023-03-20 00:00:00+00:00,305.9700012207031,0.001995701454222676,2.244196451119159e-05,0.0006994432185426209,0.0007268198625951769,0.0012976041147432285,0.0018031064215624836,0.001981528000613716,0.002535013837019637,0.005553502298866128
2023-03-21 00:00:00+00:00,310.3399963378906,0.014181396934870527,3.982824294386503e-06,2.642478880557636e-05,0.0007034260428370098,0.0012469884831587054,0.0015016170261907482,0.0019842251223980323,0.002537323172843365,0.0052359208777021105
2023-03-22 00:00:00+00:00,306.1199951171875,-0.01369129286395232,0.00020111201902435518,0.00020509484331873994,0.00022753680782993402,0.0009319147059139178,0.0015026989580619703,0.0020330202968864507,0.002673283155796519,0.005364867097953176
2023-03-23 00:00:00+00:00,309.75,0.01178835451817939,0.00018745150028651173,0.00038856351931086517,0.0003925463436052542,0.001091989562147876,0.0016355520024695725,0.002195652765167736,0.002792804949697396,0.00513177963466699
2023-03-24 00:00:00+00:00,310.8900146484375,0.003673678472734032,0.00013896530224628042,0.0003264168025327904,0.000527528821557148,0.0005539536103627255,0.00125833150844671,0.0020291458477478944,0.0025130396464652506,0.004948862191864337
2023-03-27 00:00:00+00:00,308.760009765625,-0.006874891271802852,1.349591352102945e-05,0.00015246121576730813,0.00033991271605382235,0.0005450075593725633,0.0012444507779151859,0.001842611674115791,0.00252524985747621,0.004883553037028001
2023-03-28 00:00:00+00:00,307.1199951171875,-0.005325772916353166,4.726412999911104e-05,6.0760043520138754e-05,0.00019972534576642167,0.0005882888650772878,0.0006147136538828658,0.0018352773482359925,0.002420197142939384,0.004887457396636147
2023-03-29 00:00:00+00:00,312.7200012207031,0.01806969059437158,2.836385715656091e-05,7.562798715567021e-05,8.912390067670216e-05,0.00041554070320949356,0.0006206355465282352,0.0013474554091234103,0.002423741968090719,0.004663358641704934
2023-03-30 00:00:00+00:00,315.67999267578125,0.0094207936847015,0.0003265137181763207,0.0003548775753328799,0.0004021417053319934,0.0005546029210993025,0.0009431664404101694,0.0016465924832471776,0.0024447834666009175,0.004935673368282947
2023-03-31 00:00:00+00:00,320.92999267578125,0.016493988919029867,8.875135364971168e-05,0.00041526507182603064,0.00044362892898259414,0.0005043889725027338,0.000830805775035526,0.0010583425828654582,0.0023335047330974965,0.0049661805751721145
2023-04-03 00:00:00+00:00,320.1499938964844,-0.0024333910916709556,0.00027205167046108003,0.00036080302411078995,0.0006873167422871133,0.0007629447294427844,0.0009154059452100942,0.0013079522888153469,0.002550957947679667,0.004879414150137191
2023-04-04 00:00:00+00:00,319.07000732421875,-0.003379079496343529,5.921392205023565e-06,0.00027797306266610184,0.00036672441631581604,0.0007216019916486969,0.0007823620351688374,0.001309890856725984,0.002040693543615547,0.004835199551241593
2023-04-05 00:00:00+00:00,315.9200134277344,-0.009921477921934319,1.1418178242609237e-05,1.7339570447631065e-05,0.0002893912409087136,0.0007046563127347452,0.0007802842998904172,0.0011201970159442378,0.002024735077805603,0.004272541000811952
2023-04-06 00:00:00+00:00,318.04998779296875,0.006719505261973069,9.843572415543012e-05,0.00010985390239803762,0.00011577529460306369,0.00047657831871385464,0.0008314558940467362,0.0010311812398131565,0.0014461695479296023,0.004370417299739757
2023-04-10 00:00:00+00:00,317.8699951171875,-0.0005660859398197715,4.515175096568376e-05,0.00014358747512111214,0.00015500565336372388,0.00043297871602982667,0.000848243787855859,0.0009373676885325596,0.0014688793343840944,0.004339945625808911
2023-04-11 00:00:00+00:00,315.8299865722656,-0.0064384271767732315,3.20453291261634e-07,4.5472204256943656e-05,0.00014390792841237628,0.00016124749886000826,0.0005220505229708,0.0009241922283027918,0.0014652169633809695,0.004055131562624805
2023-04-12 00:00:00+00:00,313.0400085449219,-0.008873046428625742,4.145334451061213e-05,4.1773797801872025e-05,8.692554876755828e-05,0.0001967794511655968,0.0004747525138317005,0.000918381442814293,0.0013055582888672264,0.0040456669692056045
2023-04-13 00:00:00+00:00,319.1700134277344,0.019392913068436712,7.873095292454803e-05,0.00012018429743515841,0.00012050475072642255,0.0002640922258475356,0.0002814317962951685,0.00096874853858228,0.0011968377415052629,0.004122724433659494
2023-04-14 00:00:00+00:00,318.57000732421875,-0.0018816641923864452,0.0003760850772799434,0.0004548160302044897,0.0004962693747151044,0.0005417415789720489,0.0006515954813700884,0.0010183198976859028,0.0014339575165389258,0.004433657474868237
2023-04-17 00:00:00+00:00,318.8399963378906,0.000847143999206601,3.540660132909333e-06,0.000379625737412851,0.00045835669033740154,0.0005001304881392744,0.0006437179632603884,0.0009331092041691004,0.0014240022631508058,0.004369268428615512
2023-04-18 00:00:00+00:00,318.8599853515625,6.26909651950669e-05,7.176529553917536e-07,4.258313088299352e-06,0.00038034339036824527,0.0005005276878034046,0.0005459998920603501,0.0006617751866634121,0.0013774557861070864,0.003951255476092478
2023-04-19 00:00:00+00:00,318.7099914550781,-0.00047051744814918806,3.930157117089089e-09,7.21583112507108e-07,4.262243245418989e-06,0.00045907827344990955,0.0005008520712517834,0.0006558577246155057,0.0013490958591076425,0.003949973703739525
2023-04-20 00:00:00+00:00,316.2799987792969,-0.007653678247879547,2.2138666901282388e-07,2.2531682612817825e-07,9.429697815224798e-07,0.00038056870719437437,0.0005007530046295345,0.0006446609330419092,0.0010228035276003348,0.0037978782458726002
2023-04-21 00:00:00+00:00,316.6099853515625,0.0010427929353999943,5.857879072206454e-05,5.880017739107563e-05,5.8804107548195265e-05,6.306242063649548e-05,0.000517878450840987,0.0006048039996085436,0.0009926309646726874,0.0038316380045894387
2023-04-24 00:00:00+00:00,315.95001220703125,-0.0020866744231389234,1.0874171061201368e-06,5.966620782818294e-05,5.9887594497198314e-05,6.060917760970629e-05,0.0004402349150225591,0.0005607396657489801,0.0007216667113177276,0.0035272532020294367
2023-04-25 00:00:00+00:00,309.989990234375,-0.01904400446408161,4.354210148182158e-06,5.441627254300561e-06,6.402041797636766e-05,6.42457348024967e-05,6.850404789079783e-05,0.0005647734226059005,0.0007200995292608862,0.003331577325024486
2023-04-26 00:00:00+00:00,311.8699951171875,0.0060464112652356405,0.0003626741060279603,0.0003670283161761407,0.0003681157332822634,0.0004269159106733399,0.00042763749378584877,0.0008859941841232487,0.0010713554570462372,0.0036396529751735367
2023-04-27 00:00:00+00:00,320.3500061035156,0.02682774848110192,3.655908918836846e-05,0.000399233195216327,0.0004035874053645117,0.0004632536131926955,0.0004634789300188255,0.0008438223203870691,0.0010094788220791756,0.003160026268092762
2023-04-28 00:00:00+00:00,322.5599975585937,0.006874990736426945,0.0007197280885652664,0.0007562871777536332,0.001118961283781596,0.0011244029110358974,0.0011832030884269748,0.0011874653316723922,0.0016840551596787583,0.003852377712605475
2023-05-01 00:00:00+00:00,322.19000244140625,-0.001147716658556952,4.7265497625956306e-05,0.0007669935861912211,0.000803552675379592,0.0011705809915557336,0.0012302471993839183,0.001231190169165439,0.0017310002040134527,0.0032226419562000003
2023-05-02 00:00:00+00:00,319.3800048828125,-0.008759809514416794,1.3172535283291353e-06,4.858275115428382e-05,0.0007683108397195527,0.0011675440349358805,0.0011729856621901828,0.0012317897697383766,0.00169086411303117,0.0032015172452171383
2023-05-03 00:00:00+00:00,317.2900085449219,-0.00656542259320414,7.6734262728867e-05,7.805151625719451e-05,0.00012531701388315331,0.0008816041916367872,0.0012486325078129297,0.0013085201023101262,0.0016888674228354888,0.0032742686836516183
2023-05-04 00:00:00+00:00,316.1700134277344,-0.003536123023990534,4.3104773827355376e-05,0.00011983903655622075,0.00012115629008455236,0.0008881498762757741,0.001287383071492103,0.001351403489468469,0.0013558871193829008,0.0031162614384546185
2023-05-05 00:00:00+00:00,322.8900146484375,0.021031667227028095,1.2504166040795958e-05,5.560893986814971e-05,0.0001323432025970192,0.00018092595375130365,0.0009372131315049387,0.0013053288647872003,0.0013648506252907874,0.002941314104208903
2023-05-08 00:00:00+00:00,323.69000244140625,0.00247452188448527,0.00044233102634844764,0.00045483519238924197,0.0004979399662165999,0.000575991482473795,0.0013429850686650178,0.001746572474029528,0.0018064639986838434,0.0032446798283110702
2023-05-09 00:00:00+00:00,321.6400146484375,-0.0063533219725435686,6.123258556796532e-06,0.00044845428490524256,0.00046095845094604106,0.0005807974875022624,0.0006293802386565479,0.001748341522438142,0.0018125833270835226,0.003237307173346837
2023-05-10 00:00:00+00:00,325.1400146484375,0.01082295063587857,4.03647000868049e-05,4.648795864359981e-05,0.00048881898499205,0.0005444279248602002,0.0006224794411173965,0.0014260321164969868,0.0018527266405013148,0.003230407743434531
2023-05-11 00:00:00+00:00,326.20001220703125,0.003254823750050484,0.00011713626046666433,0.0001575009605534676,0.00016362421911026668,0.0006184594114995092,0.0007382984480557318,0.0015066092877752827,0.0019112841102459147,0.0033191801467446344
2023-05-12 00:00:00+00:00,325.0299987792969,-0.0035932456025458137,1.0593877643892695e-05,0.0001277301381105554,0.00016809483819736287,0.000616549123102606,0.0006721580629707574,0.0007974750768539089,0.0019207905707836872,0.0030032603062122064
2023-05-15 00:00:00+00:00,326.7900085449219,0.005400306904225438,1.2911413960214828e-05,2.35052916041059e-05,0.00014064155207077277,0.00018712951071437313,0.0006419647031036169,0.0007631209931881675,0.0019293477745957197,0.0029274203665227098
2023-05-16 00:00:00+00:00,327.1600036621094,0.0011315701498926245,2.9163314659824935e-05,4.207472862003814e-05,5.266860626393338e-05,0.00021016956681740154,0.0006586238517226459,0.0007909670543196634,0.0015958369832275844,0.0026845320107214544
2023-05-17 00:00:00+00:00,331.1199951171875,0.012031473633715706,1.2804510041280167e-06,3.044376566395133e-05,4.335517962416871e-05,0.00017108531773472465,0.00021757327637832624,0.0007155132425949244,0.001560558345043344,0.0026798910695205592
2023-05-18 00:00:00+00:00,337.2699890136719,0.018402931248640897,0.00014475635779879621,0.0001460368088029226,0.0001752001234627501,0.0001987054150668565,0.00035620637562032594,0.0008171648265663652,0.0009855866142768738,0.0028132292490767458
2023-05-19 00:00:00+00:00,336.510009765625,-0.0022558685972118298,0.0003386678785422036,0.0004834242363409982,0.0004847046873451287,0.0005267794159651674,0.0006545095540757246,0.0011433285390677727,0.0012769889951931212,0.003053461403463519
2023-05-22 00:00:00+00:00,337.6400146484375,0.0033523871547469497,5.088943127886468e-06,0.00034375682167008843,0.0004885131794688871,0.000518956945132839,0.0005424622367369467,0.0007060864558472116,0.0012807606847926784,0.0030133985956257224
2023-05-23 00:00:00+00:00,333.3599853515625,-0.012757339327899686,1.1238499635312349e-05,1.632744276319719e-05,0.0003549953213054033,0.0005010321301083265,0.0005431068587283664,0.0007112016969257275,0.001215264921699124,0.0030243166419697725
2023-05-24 00:00:00+00:00,331.6499938964844,-0.005142765604319699,0.000162749706727176,0.00017398820636248673,0.00017907714949037568,0.0006625013858313745,0.0006929451514953275,0.0008335867035660985,0.0013349098545989444,0.003145613004186337
2023-05-25 00:00:00+00:00,339.7200012207031,0.024041574936990884,2.6448038060973757e-05,0.00018919774478814815,0.00020043624442346299,0.000544193066093552,0.0006902298748964764,0.0007428984811604079,0.0013488537266191222,0.0030933300893227623
2023-05-26 00:00:00+00:00,348.3999938964844,0.025229474954574727,0.0005779973254509482,0.0006044453635119203,0.0007671950702390989,0.0007835225130022966,0.0012669467493432967,0.0013103019289674635,0.0014845200257216228,0.003295242337493767
2023-05-30 00:00:00+00:00,349.9800109863281,0.004524813925257831,0.0006365264064835134,0.00121452373193446,0.0012409717699954363,0.0014149599763579237,0.001758716798028014,0.001933916921490762,0.00211492317364834,0.003928228083844371
2023-05-31 00:00:00+00:00,347.989990234375,-0.005702325718436541,2.0473941058207182e-05,0.000657000347541719,0.0012349976729926697,0.0014241954177808185,0.0014405228605440174,0.0019252275478891445,0.002095032414619742,0.0039479843719471865
2023-06-01 00:00:00+00:00,352.010009765625,0.01148589636147257,3.251651859914281e-05,5.2990459657348363e-05,0.0006895168661408643,0.0012939622296527851,0.0014679504360152738,0.001956463615484159,0.0020104126727522203,0.003980496960389212
2023-06-02 00:00:00+00:00,354.6499938964844,0.0074717584101868795,0.00013192581522648882,0.00016444233382563,0.00018491627488383968,0.0013994400068183003,0.0015886377516064502,0.0019436330729118516,0.0021317446103348166,0.0041122013889466884
2023-06-05 00:00:00+00:00,354.8999938964844,0.0007046720164778364,5.582717374019836e-05,0.00018775298896668555,0.00022026950756583085,0.0008772698551075504,0.0014817152186194726,0.0016607923681098466,0.0021746603701148,0.004109449771964822
2023-06-06 00:00:00+00:00,354.8399963378906,-0.0001690691226707841,4.965626508069401e-07,5.632373639100367e-05,0.000188249551617495,0.0002412400112748439,0.0014557637432093058,0.001656199987632767,0.0021459936181057824,0.004108858917509509
2023-06-07 00:00:00+00:00,348.82000732421875,-0.01711092249428159,2.8584368240668647e-08,5.251470190459824e-07,5.635232075924684e-05,0.0002207946545848774,0.0008777950021265982,0.0016449900723656953,0.002144741751469895,0.004104533291729567
2023-06-08 00:00:00+00:00,353.1499938964844,0.01233682773421041,0.00029278366860531165,0.0002928122529735507,0.00029330881562436014,0.0004810618045910462,0.0005340522642483964,0.001775024034243831,0.00229276906227641,0.004034642854306918
2023-06-09 00:00:00+00:00,354.5,0.003815467400319683,0.00015219731854358313,0.00044498098714889316,0.00044500957151713636,0.0005013333079081405,0.0006657756417337724,0.0019007733147264404,0.00210629850227779,0.004150281083662133
2023-06-12 00:00:00+00:00,360.489990234375,0.01675584402717689,1.4557791482902242e-05,0.00016675511002648376,0.0004595387786317979,0.00046006392565084436,0.0006478169146175318,0.0013373337807583944,0.0021157673506328055,0.0034451107865797696
2023-06-13 00:00:00+00:00,363.260009765625,0.0076546682052311965,0.00028075830906307953,0.0002953161005459802,0.00044751341908956575,0.000740325672063117,0.0007966494084541225,0.0009815656833379604,0.0023852871600605727,0.0036786035980168924
2023-06-14 00:00:00+00:00,365.8999938964844,0.007241197139741473,5.8593945332177385e-05,0.0003393522543952553,0.00035391004587816,0.0007988910330270537,0.0007994161800461015,0.0010196856876119307,0.002281131398665574,0.0037358802898207408
2023-06-15 00:00:00+00:00,370.260009765625,0.011845432591745642,5.243493601660009e-05,0.00011102888134877586,0.0003917871904118579,0.0005585423004383422,0.0008513545534118947,0.001039604105029388,0.0023071182966212,0.003711580963108474
2023-06-16 00:00:00+00:00,367.9299926757813,-0.0063128051586280876,0.00014031427328558988,0.00019274920930218835,0.00025134315463436825,0.0005466592551803489,0.000991640242329244,0.001047992563088489,0.001869435244455842,0.0038087904625667087
2023-06-20 00:00:00+00:00,366.8999938964844,-0.0028033680515786585,3.985150897080139e-05,0.00018016578225638966,0.00023260071827299223,0.0005719529726682481,0.0007387080826947337,0.001032016898319092,0.00127276034694313,0.003836137805496714
2023-06-21 00:00:00+00:00,361.8999938964844,-0.01372140102137287,7.858872432611924e-06,4.771038140341169e-05,0.00018802465468900406,0.00029905353603778043,0.0005943696365837623,0.001039379208100897,0.0012601452783175349,0.003401665651580878
2023-06-22 00:00:00+00:00,366.1700134277344,0.011729829404100833,0.00018827684598933243,0.00019613571842194274,0.00023598722739274662,0.0004287364366949355,0.0007680886910901926,0.0012276274697219888,0.0014159056057077245,0.0035838192390134143
2023-06-23 00:00:00+00:00,362.5400085449219,-0.00996290650422793,0.0001375888978493085,0.0003258657438386393,0.00033372461627125373,0.000513890398527644,0.0006249192798764216,0.0010724326989659857,0.001421568688330544,0.0036810434367759177
2023-06-26 00:00:00+00:00,357.67999267578125,-0.013496125155660899,9.925950601198721e-05,0.00023684840386129408,0.000425125249850629,0.00047283563125404124,0.0006655848405562315,0.0010194948864343896,0.001465001020602333,0.0036631666823212406
2023-06-27 00:00:00+00:00,363.8299865722656,0.017047977220515875,0.0001821453942172629,0.00028140490022924853,0.0004189937980785595,0.0006151295165005028,0.0007952952987568942,0.0011870824891687505,0.001646649852168789,0.003834718198894611
2023-06-28 00:00:00+00:00,364.5400085449219,0.0019496195678474493,0.0002906335273112282,0.0004727789215284895,0.0005720384275404792,0.0008979041713791189,0.0009456145527825325,0.0011969577074168992,0.0019372547951117766,0.004112440312245624
2023-06-29 00:00:00+00:00,363.80999755859375,-0.0020045616109261033,3.801016459333675e-06,0.0002944345437705603,0.0004765799379878257,0.0007134283418491202,0.0009095640602710648,0.0011421647785440554,0.0016482721429657984,0.004087078014045133
2023-06-30 00:00:00+00:00,369.4200134277344,0.015302497873178389,4.018267251998654e-06,7.819283711330758e-06,0.0002984528110225614,0.0005798577112518104,0.0009057234550904516,0.001093748109779454,0.001500093091674214,0.004089815830293004
2023-07-03 00:00:00+00:00,370.2900085449219,0.002352261000917899,0.0002341664411586291,0.0002381847084106262,0.00024198572486996232,0.0007147646463984523,0.0009516130502597483,0.001187600277652493,0.0017197017413499408,0.0041792259136528365
2023-07-05 00:00:00+00:00,370.2799987792969,-2.7032597935239266e-05,5.533131816439276e-06,0.00023969957297506682,0.00024371784022706792,0.0005381523839976287,0.000819557284226879,0.001153281900498131,0.0014444765641033006,0.0038460911669270723
2023-07-06 00:00:00+00:00,367.4599914550781,-0.00764502696473901,7.307613511283023e-10,5.533862577788832e-06,0.00023970030373642037,0.00024751958744775166,0.000720298508976243,0.0011454237588268703,0.0013858833495324744,0.0038410029545605366
2023-07-07 00:00:00+00:00,366.239990234375,-0.003325616397863662,5.8446437291586563e-05,5.844716805293612e-05,6.398029986937783e-05,0.0003021650082800045,0.0005965995520505667,0.0010155933501291244,0.001391894850807461,0.0038882108922168113
2023-07-10 00:00:00+00:00,366.3599853515625,0.0003275870113554902,1.105972442573968e-05,6.950616171732467e-05,6.950689247867824e-05,0.00030920646545374555,0.0003170257491650781,0.0008890641767055556,0.0012626403019476106,0.0037365209099153745
2023-07-11 00:00:00+00:00,368.1700134277344,0.0049284079421045845,1.0731325000882206e-07,1.116703767574693e-05,6.961347496733593e-05,7.514733754512525e-05,0.00031333204595575324,0.0007899119839435771,0.0012228961062268181,0.0037101801851044097
2023-07-12 00:00:00+00:00,372.8200073242188,0.012550924593389468,2.4289204843799547e-05,2.4396518093806797e-05,3.545624251954891e-05,9.390341057248553e-05,0.0003336029835475542,0.0006320557945701138,0.0012393264386380057,0.0031564720644972613
2023-07-13 00:00:00+00:00,379.1499938964844,0.01683613996249811,0.00015752570814894857,0.00018181491299274654,0.00018192222624275782,0.00025142838796008294,0.00025696225053787355,0.0004989479754078342,0.001208575300797622,0.0026774713661626964
2023-07-14 00:00:00+00:00,379.0700073242188,-0.00021098512947048675,0.00028345560883682585,0.0004409813169857728,0.0004652705218295748,0.0004764375595053222,0.0005348847275582602,0.0007786025677853263,0.0013544420117851392,0.002940453033941315
2023-07-17 00:00:00+00:00,382.6099853515625,0.009295251417104744,4.451472485767806e-08,0.0002835001235616819,0.00044102583171063293,0.0004654223498044402,0.0005349285115217666,0.0007746288152581854,0.0012552270204980096,0.00290798103006703
2023-07-18 00:00:00+00:00,385.739990234375,0.008147386728363237,8.640169890718775e-05,8.644621363204381e-05,0.0003699018224688721,0.0005517167354616192,0.0005628837731373678,0.000626864073006744,0.0011594833251879345,0.0028624569137477287
2023-07-19 00:00:00+00:00,385.6499938964844,-0.00023333551160931165,6.637991050150942e-05,0.00015278160940869554,0.00015282612413355565,0.000593807441119329,0.0006182039592131376,0.0006877108516918142,0.0009352297083782158,0.0028730096505090396
2023-07-20 00:00:00+00:00,376.760009765625,-0.023321800678809623,5.4445460977979215e-08,6.643435596248577e-05,0.00015283605486967597,0.0004363361784313584,0.0006181510914241068,0.000687764566391441,0.0009314831373798601,0.0028725675333192108
2023-07-21 00:00:00+00:00,375.6300048828125,-0.0030037765266701655,0.000543906386902125,0.0005439608323631013,0.0006103407428646132,0.0006967869564966575,0.0011377682734824322,0.0011732245160019795,0.0014713712570299862,0.003416445335853095
2023-07-24 00:00:00+00:00,376.2300109863281,0.0015960583572018905,9.022673422174684e-06,0.000552929060324298,0.0005529835057852784,0.0007057651151939745,0.0009892652387556583,0.0011711874649984145,0.001246227489293532,0.003132684340669958
2023-07-25 00:00:00+00:00,378.7799987792969,0.006754870679702485,2.5474022795939974e-06,1.1570075701767055e-05,0.0005554764626038944,0.0006219108185663807,0.0007083570321984265,0.0011736275540279997,0.0012432417597566868,0.002983034424405969
2023-07-26 00:00:00+00:00,377.5199890136719,-0.0033320400680478812,4.562827789950431e-05,4.817568017909668e-05,5.719835360127375e-05,0.0006011591859643756,0.0007539407953730731,0.0011949666270837044,0.0012888693068948398,0.003014104910822571
2023-07-27 00:00:00+00:00,376.6199951171875,-0.0023868097241477315,1.1102491015076529e-05,5.673076891457921e-05,5.927817119417559e-05,0.0006122072315184741,0.0006786415874809619,0.0010485434099498322,0.0012415253606183297,0.0027444490927745683
2023-07-28 00:00:00+00:00,383.4800109863281,0.018050788265150608,5.69686065928617e-06,1.6799351674361073e-05,6.242762957386777e-05,7.399770527563535e-05,0.0006179585376387386,0.0007707846617722926,0.0012361624968518763,0.0026915520081016767
2023-07-31 00:00:00+00:00,383.6799926757813,0.0005213558919345829,0.0003258309569932989,0.0003315278176525834,0.00034263030866766236,0.00039080598884675956,0.0009437350491710596,0.0010965711040407339,0.0015618861405951663,0.002964948029078376
2023-08-01 00:00:00+00:00,382.7900085449219,-0.002322294491420074,2.7181196605490445e-07,0.0003261027689593522,0.0003317996296186407,0.00038853039853322047,0.0004001004742349895,0.0010104412170996008,0.0015378687477174218,0.0028249055677588408
2023-08-02 00:00:00+00:00,374.3900146484375,-0.0221884842871658,5.393051704880019e-06,5.664863670933298e-06,0.00033149582066423455,0.0003482951723385962,0.0003964708525176948,0.0009494543583029716,0.001385736091273353,0.0027904471104929192
2023-08-03 00:00:00+00:00,373.7900085449219,-0.0016039087212780245,0.0004923288349618036,0.0004977218866666819,0.0004979936986327393,0.0008295215162853233,0.0008862522851999044,0.0014417287478037972,0.001594609317398331,0.0032749170730221114
2023-08-04 00:00:00+00:00,372.0400085449219,-0.004692766907875345,2.5725231861917077e-06,0.0004949013581479936,0.000500294409852876,0.0008263971788122287,0.0008431965304865918,0.0009003948840878639,0.001597137325859665,0.0030892127502189703
2023-08-07 00:00:00+00:00,375.1900024414063,0.008431172489965277,2.202206125164993e-05,2.4594584437840014e-05,0.0005169234193996458,0.0005225882830705797,0.0008541161007231652,0.0009133942719173391,0.0015327576882041272,0.002973645913621312
2023-08-08 00:00:00+00:00,372.0,-0.008538716558835091,7.108466955554729e-05,9.31067308071956e-05,9.567925399338958e-05,0.0005934011406600722,0.0009195039096194263,0.0009819315391932926,0.001537462447258165,0.002945471077164872
2023-08-09 00:00:00+00:00,367.9100036621094,-0.011055501278737445,7.290968047212457e-05,0.00014399435002767025,0.00016601641127932245,0.0006609177694273167,0.0006665826330982521,0.0010092129417659126,0.0016103176822693116,0.0028362353634197334
2023-08-10 00:00:00+00:00,368.5899963378906,0.0018465522579731442,0.00012222410852416528,0.00019513378899628823,0.0002662184585518378,0.00029081304298967834,0.0007885349296563623,0.0011203345592750015,0.001188635403891352,0.0026678259446326707
2023-08-11 00:00:00+00:00,366.239990234375,-0.006396075712676641,3.409755241425717e-06,0.00012563386376558938,0.00019854354423771623,0.00029165027504491237,0.0007865516331929081,0.001118047453857141,0.0011830224857106028,0.0026674346834147625
2023-08-14 00:00:00+00:00,370.3500061035156,0.011159691399991623,4.0909784522292e-05,4.431953976371609e-05,0.00016654364828788364,0.00031053799831555446,0.0003351325827533965,0.0008331262813861341,0.0012213848679533009,0.002704326200685056
2023-08-15 00:00:00+00:00,366.4200134277344,-0.010668267830852507,0.00012453871214304697,0.00016544849666533734,0.00016885825190676533,0.0003639920409030541,0.00045709877171025177,0.0009573931815631261,0.0013002953021968434,0.0025946984716694738
2023-08-16 00:00:00+00:00,362.5400085449219,-0.010645416504473815,0.00011381193851080245,0.0002383506506538478,0.00027926043517614206,0.000404894298941732,0.0005488886489694042,0.0010658120683690487,0.0014030047496925695,0.0027029772783638373
2023-08-17 00:00:00+00:00,358.5799865722656,-0.010983086884059468,0.00011332489255372349,0.00022713683106452434,0.00035167554320757356,0.0003959950829712902,0.0005911288719675805,0.0006868081259609686,0.0015106327815870067,0.0028163014401562094
2023-08-18 00:00:00+00:00,358.1300048828125,-0.0012556871089950405,0.0001206281975027991,0.000233953090056521,0.0003477650285673257,0.0005132135252326636,0.0006388473889982549,0.0008048638002775759,0.0013054300220965071,0.0028784832003674217
2023-08-21 00:00:00+00:00,363.8999938964844,0.015983025234289627,1.5767501156963228e-06,0.00012220494761849382,0.00023552984017221956,0.00047388049082606787,0.000518200030589786,0.0007844184891416223,0.0013067349602461484,0.0028690002260573786
2023-08-22 00:00:00+00:00,363.3800048828125,-0.0014299557341033164,0.000255457095639939,0.0002570338457556337,0.0003776620432584351,0.0006047988743229599,0.0007702473709882993,0.0009687909152260141,0.0015567990041812075,0.003124350008447309
2023-08-23 00:00:00+00:00,369.1099853515625,0.01564553080035669,2.0447734014949547e-06,0.00025750186904143234,0.0002590786191571309,0.0004930317092136524,0.0007313823598675023,0.0008979260081553843,0.0010665149426208986,0.003102105577005004
2023-08-24 00:00:00+00:00,361.2200012207031,-0.021607468536951835,0.0002447826340249098,0.00024682740742640313,0.0005022845030663444,0.0006244894506848387,0.0008516262817493651,0.001020484533656129,0.0013087250534596169,0.0031893625028809654
2023-08-25 00:00:00+00:00,364.0199890136719,0.007721586626791677,0.0004668826965753635,0.0007116653306002717,0.0007137101040017688,0.0009707439497574032,0.001204697039813926,0.0014839574749900668,0.0017535856887833303,0.0033727895906195027
2023-08-28 00:00:00+00:00,366.760009765625,0.007498928806746186,5.962290003504806e-05,0.0005265055966104099,0.0007712882306353219,0.0010287900996767548,0.0011509950472952508,0.0015026705905028226,0.0017421239192628312,0.0034323679759296934
2023-08-29 00:00:00+00:00,374.7699890136719,0.021604765347945865,5.623393324864777e-05,0.0001158568332836942,0.0005827395298590599,0.0008295669372854635,0.0010866007830410993,0.0014343658116084236,0.0017254481720393544,0.0034022002102711535
2023-08-30 00:00:00+00:00,376.8599853515625,0.005561251668246392,0.0004667658857398024,0.0005229998189884486,0.0005826227190234988,0.0012942880496237712,0.0015517899186652056,0.0017873197588374236,0.0020699899492549914,0.0038025861855094465
2023-08-31 00:00:00+00:00,377.989990234375,0.002993987582883939,3.0927520117573275e-05,0.0004976934058573741,0.000553927339106024,0.0010804329357164346,0.0013272603431428397,0.0017049223864012734,0.0020975077141311394,0.0038334592601660415
2023-09-01 00:00:00+00:00,377.5899963378906,-0.0010587732363447344,8.963961646463212e-06,3.989148176403486e-05,0.0005066573675038395,0.0006225142007875344,0.0013341795313878081,0.0015932581505449374,0.00206556189125531,0.0032985168349103796
2023-09-05 00:00:00+00:00,378.0700073242188,0.0012704418615889779,1.1210007659999028e-06,1.0084962412461488e-05,4.1012482530036984e-05,0.0005640123015184862,0.0010905178981288981,0.001592802401195241,0.0019421441798782634,0.003290615162254205
2023-09-06 00:00:00+00:00,374.739990234375,-0.008846956922134552,1.6140225236776676e-06,2.7350232896759443e-06,1.1698984936141378e-05,0.0005093923907935161,0.0006252492240772124,0.0013389593280789796,0.0018299462638911384,0.003289681782498289
2023-09-07 00:00:00+00:00,372.05999755859375,-0.0071773010826508,7.826864678210447e-05,7.988266930578051e-05,8.100367007178263e-05,0.00012089515183581809,0.0006438949708242687,0.0014151832014595892,0.0017948900181195195,0.0033223221513808887
2023-09-08 00:00:00+00:00,372.5799865722656,0.0013966187937128893,5.151365083102034e-05,0.0001297822976131232,0.00013139632013680307,0.00014148128254926515,0.0006391746884066413,0.0012219142182656997,0.0017257754714477406,0.0033627333111968328
2023-09-11 00:00:00+00:00,376.9700012207031,0.011713868101391967,1.950544054952046e-06,5.346419488597076e-05,0.00013173284166807743,0.00013446786495775398,0.00017435934672179092,0.0007569820657452883,0.0017261492653869964,0.0033589869945924986
2023-09-12 00:00:00+00:00,372.7900085449219,-0.01115033058421222,0.00013721470589680824,0.00013916524995175866,0.00019067890078278122,0.0002705615700885623,0.00028064653250102587,0.0008345738716070486,0.0016079068756438657,0.0031703707434960083
2023-09-13 00:00:00+00:00,374.2099914550781,0.0038018329866602585,0.00012432987213721844,0.00026154457803402505,0.0002634951220889793,0.0003932774197021031,0.0003960124429917811,0.0009026698104956192,0.0017301919743795892,0.0032944288036671713
2023-09-14 00:00:00+00:00,377.2699890136719,0.008143968038449856,1.445393405845806e-05,0.00013878380619567488,0.00027599851209248534,0.00032946270697845666,0.00040934537628423926,0.00045035785881427477,0.0014998632744131373,0.0033034896860207495
2023-09-15 00:00:00+00:00,370.80999755859375,-0.01727128690362445,6.632421541129279e-05,8.077814946974923e-05,0.0002051080216069699,0.00034427327155872915,0.00047405556917185437,0.0004857545541079943,0.0010993047932490669,0.0028774850664702385
2023-09-18 00:00:00+00:00,370.6600036621094,-0.0004045852112248838,0.00029829735130730946,0.00036462156671860063,0.0003790755007770609,0.0006406200788110865,0.0006940842736970594,0.0007750879437688405,0.001337979244521328,0.0031732098945913565
2023-09-19 00:00:00+00:00,369.8699951171875,-0.002133630901991701,1.6368919314188383e-07,0.0002984610405004497,0.0003647852559117447,0.0005035690621074203,0.000642734312059181,0.0007741306321959826,0.0012819090004658224,0.0031513515225328483
2023-09-20 00:00:00+00:00,364.5400085449219,-0.014515271110068895,4.55238082593392e-06,4.7160700190741775e-06,0.00030301342132638587,0.0003837915707961357,0.0006453361488301628,0.0007770689904982387,0.0008196954955519537,0.003084819233803235
2023-09-21 00:00:00+00:00,357.8599853515625,-0.018494500706788486,0.00021069309539880067,0.00021524547622473296,0.00021540916541787708,0.0005800307321364783,0.0007188145383321552,0.000909493439114935,0.0009994610708331812,0.0032226026487299116
2023-09-22 00:00:00+00:00,357.9100036621094,0.00013976084886468954,0.0003420465563933998,0.0005527396517921989,0.000557292032618135,0.0008557530731185853,0.0009365312225883366,0.0012000263446773143,0.0013325436655801178,0.0034424250965991456
2023-09-25 00:00:00+00:00,359.6099853515625,0.004738501773735138,1.953309487537859e-08,0.0003420660894882736,0.0005527591848870765,0.0005574752549061513,0.000922096821624754,0.0011980953337172378,0.0013314421979089932,0.0034390348744525955
2023-09-26 00:00:00+00:00,354.2099914550781,-0.015130136689642804,2.2453399059691043e-05,2.2472932154564797e-05,0.00036451948854796684,0.0005797649647727005,0.0008782260052731521,0.0010833340268801206,0.0013522815744450066,0.0034205784889899944
2023-09-27 00:00:00+00:00,355.0400085449219,0.0023405497885322646,0.0002289210362472753,0.0002513744353069647,0.0002513939684018423,0.0008041336201940418,0.0008088496902131179,0.0011879251909901775,0.0015029339639101775,0.0035249608130942228
2023-09-28 00:00:00+00:00,358.010009765625,0.008330462997222732,5.478173312598429e-06,0.0002343992095598721,0.00025685260861956535,0.0005989186981078395,0.0008141641743325745,0.001178949430244318,0.0014568984863917555,0.0034166270478960185
2023-09-29 00:00:00+00:00,358.2699890136719,0.0007259151725751423,6.939661374809714e-05,7.487478706069395e-05,0.0003037958233079715,0.0003262687554625369,0.0008790084072547378,0.001182021828581122,0.0015243445560849007,0.0033726987690903924
2023-10-02 00:00:00+00:00,361.260009765625,0.008311086314963134,5.269528377747986e-07,6.992356658587032e-05,7.540173989847097e-05,0.00032677617520543624,0.0006688422646937119,0.0008842514301115875,0.001387656803025867,0.003252597524425368
2023-10-03 00:00:00+00:00,354.9200134277344,-0.01770549793626852,6.907415573476749e-05,6.960110857254066e-05,0.00013899772232064,0.0003733969318805127,0.00039586986403507957,0.000953161896653213,0.0013324010866234163,0.0033200949300444395
2023-10-04 00:00:00+00:00,359.75,0.01351689596721073,0.0003134846571712089,0.00038255881290597476,0.00038308576574375174,0.0004579605528044463,0.000709334988111413,0.001262094172998488,0.001631431809736167,0.003378122491575709
2023-10-05 00:00:00+00:00,358.69000244140625,-0.0029508332613579213,0.00018270647658839766,0.000496191133759605,0.0005652652894943746,0.0006351888560802455,0.0008695880656401197,0.0012341075541880849,0.0017478140709132719,0.003558784194762612
2023-10-06 00:00:00+00:00,364.7000122070313,0.016616618779947245,8.707416936336227e-06,0.00019141389352473226,0.0005048985506959433,0.0005744996592684845,0.0006493744463291806,0.0009007684147310214,0.0014582241365422987,0.0033227089776740383
2023-10-09 00:00:00+00:00,366.55999755859375,0.005087080758801044,0.0002761120196780955,0.0002848194366144301,0.00046752591320282997,0.0008500847261088053,0.0009200082926946777,0.0011768609013142414,0.0017341724670272521,0.0031319383007767706
2023-10-10 00:00:00+00:00,368.5899963378906,0.0055226932075145285,2.58783906465638e-05,0.00030199041032465763,0.0003106978272609961,0.0008068889610206016,0.0008764900695931443,0.0011802858929011143,0.0017554984768478822,0.003098193791388286
2023-10-11 00:00:00+00:00,371.2200012207031,0.007109976806925822,3.050014026432711e-05,5.637853091088929e-05,0.000332490550588987,0.0005239044441137198,0.0009064632570196966,0.0009818649969181661,0.0015753055217134085,0.0030724599984039654
2023-10-12 00:00:00+00:00,369.9299926757813,-0.0034811033076902476,5.0551770195023106e-05,8.105191045934859e-05,0.00010693030110591461,0.0003917497377203453,0.0008879408714799523,0.0010269385938005908,0.001283810735515032,0.002656245882859186
2023-10-13 00:00:00+00:00,365.2799987792969,-0.012649599311960635,1.2118080238811982e-05,6.266985043383345e-05,9.316999069816279e-05,0.00039516040102282105,0.0005865742945475554,0.0009696600602913056,0.0012959092826589685,0.002637436442980425
2023-10-16 00:00:00+00:00,369.4100036621094,0.01124296879829867,0.00016001236275315497,0.00017213044299196532,0.00022268221318699066,0.00027906074409788056,0.0005638801807123126,0.0011291454702066857,0.0014334682463524324,0.0027884848440871165
2023-10-17 00:00:00+00:00,368.2000122070313,-0.0032808462857163434,0.00012640434739951743,0.0002864167101526708,0.00029853479039148494,0.00037958670085083414,0.0006815771111754939,0.0011864756618714357,0.0013309515575046745,0.0029137681907206343
2023-10-18 00:00:00+00:00,363.3699951171875,-0.013204716495365254,1.0763952350498726e-05,0.00013716829975001456,0.0002971806625031717,0.00035985051293700574,0.0004162290438478971,0.0008837549570507255,0.001336237336542575,0.0029229181205474553
2023-10-19 00:00:00+00:00,359.9700012207031,-0.009400887421342041,0.00017436453772297122,0.00018512849007346836,0.000311532837472988,0.00048366328046495395,0.0005647151909243046,0.0008754130181852991,0.0014412052605174488,0.003019014011488322
2023-10-20 00:00:00+00:00,354.6000061035156,-0.01503028718302879,8.837668430874702e-05,0.0002627412220317166,0.0002735051743822176,0.0005599218845348889,0.0006225917349687245,0.0009550822855577099,0.0015290549919884213,0.0030558770449660485
2023-10-23 00:00:00+00:00,355.6700134277344,0.0030129615618008643,0.0002259095328043195,0.00031428621711306493,0.0004886507548360384,0.0006258190545860535,0.0007979494975780209,0.000904879798683934,0.001685890369057973,0.0032798360337154163
2023-10-24 00:00:00+00:00,359.1300048828125,0.009681081113309453,9.077937372889504e-06,0.00023498747017720742,0.0003233641544859566,0.0005084926445594255,0.0007949093547120983,0.0008880793454102596,0.0013814836492596536,0.0031516992651914972
2023-10-25 00:00:00+00:00,350.3399963378906,-0.024780352457127286,9.3723331522477e-05,0.00010280126889536491,0.00032871080169968663,0.0005914520237314039,0.0007286203234814205,0.0009513025366684096,0.001292500504193733,0.003121092724576756
2023-10-26 00:00:00+00:00,343.6600036621094,-0.019251293895687915,0.0006140658678994544,0.0007077891994219297,0.0007168671367948215,0.0010311533539078869,0.0012162818439813575,0.0015148166343728407,0.0018978589551568513,0.0037207046584177526
2023-10-27 00:00:00+00:00,345.3099975585937,0.0047897500559752615,0.0003706123166581508,0.0009846781845576035,0.0010784015160800828,0.0013133889862572909,0.0015761302082890093,0.0018733108707921797,0.001992359252136907,0.0040249927596646105
2023-10-30 00:00:00+00:00,349.20001220703125,0.01120230169180747,2.294170559871502e-05,0.0003935540222568642,0.0010076198901563208,0.0011104211590516862,0.0014247073761647533,0.0017362402136377397,0.001989422567089058,0.0037496371139560157
2023-10-31 00:00:00+00:00,350.8699951171875,0.004770911652568266,0.0001254915631942725,0.0001484332687929859,0.0005190455854511389,0.0012268347848730693,0.0014618222550502786,0.0017353274294324946,0.002084413990019003,0.0038749649879571465
2023-11-01 00:00:00+00:00,356.9599914550781,0.017207936171035776,2.2761597996611662e-05,0.00014825316119088255,0.00017119486678959984,0.0011558730513472038,0.001258674320242571,0.0017473250750786077,0.0020566238178205917,0.003893174205127824
2023-11-02 00:00:00+00:00,363.4400024414063,0.017990521422457384,0.0002961130672664414,0.0003188746652630515,0.00044436622845732627,0.000837920250714191,0.001545709450136123,0.0018690736046220778,0.0023406188048482215,0.0039785941769954645
2023-11-03 00:00:00+00:00,367.7099914550781,0.011680332614331768,0.0003236588610518981,0.0006197719283183379,0.0006425335263149518,0.0007909667951079382,0.0017756449796655438,0.002104355781365229,0.002504265303146964,0.003960206481653963
2023-11-06 00:00:00+00:00,369.2099914550781,0.0040710039255822394,0.00013643016998142238,0.0004600890310333189,0.0007562020982997625,0.0009044552594906455,0.0012980092817475117,0.0020148764185423315,0.0025142911257288693,0.00409661711854051
2023-11-07 00:00:00+00:00,372.7000122070313,0.00940827452962445,1.6573072962106004e-05,0.0001530032429435268,0.00047666210399542716,0.0007955367692584791,0.0009439700380514671,0.002022371554131548,0.0025201002463404766,0.004090736792442926
2023-11-08 00:00:00+00:00,372.9400024414063,0.0006437161041450423,8.851562962478016e-05,0.0001050887025868846,0.00024151887256830925,0.0008612908008866476,0.0010095439620775321,0.0020171638522338514,0.002434251338242286,0.00395033138582043
2023-11-09 00:00:00+00:00,370.0700073242188,-0.007725358617443057,4.1437042273567095e-07,8.893000004751426e-05,0.00010550307300962254,0.0005655921040429418,0.0008844667693059954,0.0014035123547571327,0.002346289024356274,0.003945267582930567
2023-11-10 00:00:00+00:00,378.3900146484375,0.02223325175486668,5.968116576810169e-05,6.009553619083579e-05,0.00014861116581561823,0.00030161440875914547,0.0009213863370774854,0.0010925812038670836,0.002180060657320056,0.003935552134950572
2023-11-13 00:00:00+00:00,377.2099914550781,-0.00312340959014179,0.0004943174835952823,0.0005539986493633824,0.0005544130197861204,0.0006595017223730054,0.0011195907534063262,0.001563956981863651,0.002665300203542449,0.004429342665708079
2023-11-14 00:00:00+00:00,385.3299865722656,0.021298036270795073,9.755687467789707e-06,0.0005040731710630703,0.0005637543368311744,0.0006526843368786892,0.0008056875798222179,0.001448221106137168,0.002581332559487762,0.004370024197441102
2023-11-15 00:00:00+00:00,385.6199951171875,0.0007523407886083078,0.00045360634899210253,0.0004633620364598906,0.0009576795200551752,0.0010177750562460116,0.001122863758832898,0.0018790658571326592,0.0024208730405804097,0.004510145889261995
2023-11-16 00:00:00+00:00,385.9500122070313,0.0008554430753813236,5.660166622037704e-07,0.00045417236565430466,0.0004639280531220966,0.0010179267024854797,0.001106856702532996,0.0015835188065284214,0.0020508267405844626,0.004328005429335801
2023-11-17 00:00:00+00:00,386.0400085449219,0.00023315414935254353,7.317828552178569e-07,1.297799517420001e-06,0.00045490414850952483,0.0009589773195725957,0.0010190728557634336,0.0012605917283317412,0.002028616817840966,0.004320029795254683
2023-11-20 00:00:00+00:00,390.739990234375,0.012101338997101863,5.436085736030817e-08,7.861437125765387e-07,1.352160374782586e-06,0.00046471419683467375,0.0010187128461980582,0.0011242159192076792,0.0019031796155040536,0.004043972136433947
2023-11-21 00:00:00+00:00,388.4700012207031,-0.005826402279653031,0.00014644240552277833,0.000146496766380137,0.00014722854923535715,0.0006014009148896624,0.0011054740859527347,0.0012540852517683512,0.0020268604230302203,0.004164536151310162
2023-11-22 00:00:00+00:00,390.05999755859375,0.0040846172941853,3.394696352434604e-05,0.00018038936904712273,0.00018044372990448532,0.00018174152942190586,0.0006451035658817985,0.0011995165856679172,0.001764694319288125,0.004167982974570181
2023-11-24 00:00:00+00:00,389.510009765625,-0.0014110031916318988,1.668409843995764e-05,5.0631061964302054e-05,0.00019707346748708266,0.00019785961119965972,0.0006520319768539665,0.0012157863136851392,0.0014577195566761844,0.004134115302815115
2023-11-27 00:00:00+00:00,389.1700134277344,-0.0008732633414760826,1.990930006795405e-06,1.8675028446751417e-05,5.2621991971099734e-05,0.00019911875835123728,0.00020041655786865934,0.001158096077923833,0.0013232803167015574,0.004123988152583099
2023-11-28 00:00:00+00:00,390.1900024414063,0.002617505582170665,7.625888635659733e-07,2.753518870359752e-06,1.943761731031967e-05,0.00019982698635744294,0.00020061313007002152,0.0006645411831921167,0.0013074698326030175,0.00396473837869351
2023-11-29 00:00:00+00:00,389.80999755859375,-0.0009743715714796153,6.8513354726945915e-06,7.613924336258938e-06,9.60485434305662e-06,6.0235916307359214e-05,0.00020673268268749827,0.0006616368311970215,0.0012258055384509318,0.003845185366766687
2023-11-30 00:00:00+00:00,388.8299865722656,-0.0025172390932581834,9.49399959307655e-07,7.80073543200062e-06,8.56332429556887e-06,2.7238352742320832e-05,0.00020762772178944562,0.00020897988216422668,0.0012263405679875038,0.0038353708143754957
2023-12-01 00:00:00+00:00,389.9400024414063,0.0028506918255883917,6.3364926526272815e-06,7.28589261193331e-06,1.4137228084630178e-05,1.689074695499047e-05,6.752180891929459e-05,0.00021475035815465019,0.0011729958948720294,0.0036673427693051522
2023-12-04 00:00:00+00:00,386.3200073242188,-0.009326826871062899,8.126443884476477e-06,1.4462936537102133e-05,1.5412336496412065e-05,2.3026260832671545e-05,4.1701289279425026e-05,0.00022214501918390884,0.0006868048551612236,0.0035870925288808814
2023-12-05 00:00:00+00:00,387.2900085449219,0.002507727948558802,8.698969948278095e-05,9.51161433672558e-05,0.00010145263601988536,0.00010925337145188652,0.00011200689032224832,0.00030908035780932946,0.0007640388671762148,0.003448172695559343
2023-12-06 00:00:00+00:00,385.0499877929688,-0.005800624189986614,6.288699463982938e-06,9.327839894676226e-05,0.000101404842831241,0.00010869073544317487,0.00011630465977943587,0.00016892665175053406,0.0003167212176480952,0.0034453834576504364
2023-12-07 00:00:00+00:00,390.4299926757813,0.013875512806697188,3.364724099345786e-05,3.9935940457439175e-05,0.0001269256399402224,0.00014138857647732507,0.00014918931190932775,0.0001686269292196459,0.0003498024419793493,0.003385307367121417
2023-12-08 00:00:00+00:00,392.1700134277344,0.0044467764007656285,0.00019252985564881768,0.00022617709664227392,0.00023246579610625913,0.00032758193947351544,0.00033486783208545087,0.0003444726864285059,0.000541600514772949,0.002963771354870781
2023-12-11 00:00:00+00:00,395.5199890136719,0.008505873562084432,1.9773820358406117e-05,0.00021230367600722218,0.0002459509170006823,0.0003392293159474451,0.00035369225248454934,0.00036225557678011664,0.0005613199742739949,0.002612932858571036
2023-12-12 00:00:00+00:00,398.6700134277344,0.007932713640503408,7.23498850541669e-05,9.212370541257139e-05,0.00028465356106139136,0.00032458950151883104,0.0004197056448860889,0.00043384287297071756,0.00048722745380538353,0.0026623410380264877
2023-12-13 00:00:00+00:00,403.739990234375,0.012637041547523431,6.292794570222884e-05,0.00013527783075639412,0.0001550516511148025,0.0003812287477570769,0.00047450714670384123,0.0004899194832002518,0.0005162084359832663,0.0025997774205344442
2023-12-14 00:00:00+00:00,403.3900146484375,-0.0008672100052127263,0.00015969481907383338,0.0002226227647760606,0.0002949726498302298,0.0005072763258374525,0.0005472122662948937,0.0006486649023147776,0.000659219156617142,0.002736710641611666
2023-12-15 00:00:00+00:00,405.3399963378906,0.004822339821343391,7.520531931410567e-07,0.0001604468722669728,0.00022337481796920393,0.0003154985233817759,0.0005416756200240518,0.0006430804628552913,0.0006579802798034876,0.0024413496275383652
2023-12-18 00:00:00+00:00,407.0799865722656,0.00428348128173095,2.3254961352514208e-05,2.4007014545653638e-05,0.00018370183361948928,0.00031897966437588395,0.0005312833403831081,0.0006582089803233291,0.0006804726522924359,0.002140945727838982
2023-12-19 00:00:00+00:00,409.1600036621094,0.005096593200880406,1.834821189093942e-05,4.1603173243452e-05,4.2355226436595335e-05,0.0002649779912126565,0.00035710169662522996,0.0005895674927314875,0.0006919695287106808,0.0020228637697484986
2023-12-20 00:00:00+00:00,403.0799865722656,-0.014971266439744113,2.5975262255260383e-05,4.432347414619818e-05,6.757843549871467e-05,0.00022802530776568802,0.00036330313852208414,0.000609254055522765,0.0007169953910066334,0.002032265959041653
2023-12-21 00:00:00+00:00,407.7699890136719,0.011568242919174132,0.00022413881880980837,0.0002501140810650671,0.0002684622929560088,0.000292469307501663,0.0005150920722777257,0.0007997456333391155,0.0009347977171638146,0.0021678891482266815
2023-12-22 00:00:00+00:00,408.3800048828125,0.0014948624328825488,0.00013382424423702245,0.0003579630630468292,0.00038393832530209186,0.0004255414985455444,0.0005859883708125193,0.0007410400219273202,0.0010604955175163606,0.002301299022040968
2023-12-26 00:00:00+00:00,410.8800048828125,0.006103087493903203,2.2346136932435327e-06,0.00013605885793026436,0.000360197676740075,0.0004045211508862737,0.0004285281654319294,0.0007235008152621577,0.0009757404317268231,0.00224385246996611
2023-12-27 00:00:00+00:00,411.5,0.001507807171790887,3.724767695823768e-05,3.948229065147959e-05,0.00017330653488850434,0.000423420615953572,0.00046502378919702604,0.0006883986071662284,0.0010066994092210778,0.0017867826633290653
2023-12-28 00:00:00+00:00,411.2999877929688,-0.00048617455988875236,2.2734824673040335e-06,3.952115942554009e-05,4.1755773118785926e-05,0.0003997188361656156,0.00044404231031181586,0.0006277441439313036,0.000975325650694924,0.0017793004583285797
2023-12-29 00:00:00+00:00,409.5199890136719,-0.004337130235238185,2.3636570268302205e-07,2.5098481699854295e-06,3.9757525128225415e-05,0.00017581638305849028,0.00042593046412355945,0.0004682856905601533,0.0007830321607487894,0.00132593047503916
2024-01-02 00:00:00+00:00,402.5899963378906,-0.017067050070591172,1.881069867741723e-05,1.9047064380098626e-05,2.1320546847404964e-05,6.080283749888507e-05,0.0004187659005457163,0.00048634433604442947,0.0007820690390678005,0.0013441751570543734
2024-01-03 00:00:00+00:00,398.3299865722656,-0.010637891499831298,0.00029128419811206614,0.0003100948967894817,0.00031033126249216706,0.0003498524219177077,0.0004859112798479741,0.0007543735728039814,0.0010010033521256998,0.0016347275723112217
2024-01-04 00:00:00+00:00,396.2799987792969,-0.005159744727150972,0.00011316473556218298,0.00040444893367424747,0.00042325963235166706,0.00042576948052165295,0.00046525177117313465,0.0008491900964752249,0.0010512401419856539,0.0017478379470160445
2024-01-05 00:00:00+00:00,396.75,0.0011853303820945627,2.662296564936226e-05,0.00013978770121154363,0.00043107189932361205,0.00045011896370371124,0.0004896401231292534,0.0008498377998693268,0.0009181682885611827,0.0016280185071426286
2024-01-08 00:00:00+00:00,404.9500122070313,0.02045727343301973,1.405008114716442e-06,2.8027973764077078e-05,0.00014119270932626233,0.00045128760611574465,0.0004537974542857321,0.0006271039891742349,0.0009188212434827582,0.0015954765517329989
2024-01-09 00:00:00+00:00,405.75,0.0019735735551620337,0.0004185000363133348,0.0004199050444280496,0.00044652801007741413,0.0008509769437516621,0.0008700240081317629,0.0009117797812505473,0.0013140663184435788,0.001997292489606376
2024-01-10 00:00:00+00:00,408.5,0.006754707905357371,3.894992577634909e-06,0.00042239502889096807,0.0004238000370056868,0.0005635877382172309,0.0008736826350067148,0.0009134401601349387,0.0012996130991302741,0.001999196552177216
2024-01-11 00:00:00+00:00,409.3500061035156,0.0020786364326612627,4.5626078886697366e-05,4.952107146433065e-05,0.00046802110777766776,0.0004960490815417454,0.0009004980152159949,0.0009218185620633982,0.0013192639157617112,0.002044060042200347
2024-01-12 00:00:00+00:00,409.55999755859375,0.0005128560128504489,4.32072941918674e-06,4.994680830588248e-05,5.384180088351967e-05,0.0004737468453115698,0.0006135345465231155,0.000923865809015281,0.0010994458263710897,0.002041529436146839
2024-01-16 00:00:00+00:00,409.5199890136719,-9.769142357196614e-05,2.630212899168598e-07,4.583750709101974e-06,5.0209829595801614e-05,0.00047260485848677023,0.0005006328322508494,0.0009238924646025148,0.0009658846034239839,0.0020408430574774482
2024-01-17 00:00:00+00:00,407.2099914550781,-0.005656713414515124,9.543614239517302e-09,2.725649041547508e-07,4.593294323343768e-06,5.411436578767496e-05,0.0004740194102157266,0.0009050913095393371,0.00096365953334498,0.002034516108439061
2024-01-18 00:00:00+00:00,412.989990234375,0.014094354039194457,3.1998406653955356e-05,3.200795026819325e-05,3.2270971558112385e-05,8.22177798639954e-05,0.0005046128087549655,0.0006458055180812264,0.0009584102630406977,0.0020583880712085395
2024-01-19 00:00:00+00:00,421.1799926757813,0.01963692241519599,0.00019865081578215708,0.0002306492224361108,0.00023065876605035261,0.00023524251675945511,0.0002847635882237878,0.0007312915983012005,0.0011547875963555507,0.0021700491875079157
2024-01-22 00:00:00+00:00,421.7300109863281,0.001305046532181997,0.0003856087219404267,0.0005842595377225821,0.0006162579443765398,0.0006165305092806951,0.0006664773175865796,0.001090277354592265,0.0015401599525932943,0.0025493692099843594
2024-01-23 00:00:00+00:00,423.4800109863281,0.004140988524092393,1.7031464511602564e-06,0.00038731186839158536,0.0005859626841737447,0.0006179706344419385,0.0006225543851510425,0.0010905754929287086,0.0015230524003670373,0.0025174251154420615
2024-01-24 00:00:00+00:00,425.8299865722656,0.0055338606392281164,1.7147785956664894e-05,1.8850932407823525e-05,0.00040445965434825253,0.0006351088767843639,0.0006353814416885206,0.0006892232425720388,0.0012489159882116362,0.002342043045749909
2024-01-25 00:00:00+00:00,426.3500061035156,0.0012204454464228576,3.062361357439822e-05,4.777139953106149e-05,4.947454598222408e-05,0.0006337340837048067,0.000665742033973002,0.0007159518635688021,0.0011663748662238515,0.0023528928389659007
2024-01-26 00:00:00+00:00,423.80999755859375,-0.005975383672730317,1.489487087694288e-06,3.211310066209088e-05,4.926088661875811e-05,0.00043657275501034394,0.0006672219774464567,0.0006718152717697991,0.0011412413876621835,0.002282032440999428
2024-01-29 00:00:00+00:00,428.1499938964844,0.01018835138557872,3.570521003633205e-05,3.719469712402471e-05,6.781831069842526e-05,8.666924310624928e-05,0.0006709287808288336,0.0007031997523869444,0.0011755415895837989,0.0022548097053335316
2024-01-30 00:00:00+00:00,425.2999877929688,-0.006678813659225291,0.00010380250395602382,0.00013950771399235426,0.00014099720108005085,0.00018876860061111284,0.0005760804690027003,0.0008067392350530514,0.000860844057226488,0.0021989173902157225
2024-01-31 00:00:00+00:00,416.9700012207031,-0.01978049386508829,4.4606551894654325e-05,0.00014840905585067652,0.0001841142658870109,0.00021622736654910226,0.00023507829895692785,0.0008513362433334662,0.0009015556165435075,0.002242771888917235
2024-02-01 00:00:00+00:00,421.8800048828125,0.011706645290017192,0.00039126793754679545,0.00043587448944144814,0.0005396769933974743,0.0005768716905214994,0.0006246430900525631,0.0012106057742263061,0.0012471974752036054,0.002610784865111517
2024-02-02 00:00:00+00:00,429.010009765625,0.016759326460466184,0.0001370455439462817,0.0005283134814930755,0.0005729200333877322,0.0007124277473800869,0.0007445408480421798,0.001149000502390431,0.0013799222897307006,0.002729482197166859
2024-02-05 00:00:00+00:00,428.4500122070313,-0.0013061778365432986,0.000280875023408482,0.0004179205673547621,0.0008091885049015599,0.0009575975607522369,0.0009947922578762637,0.0010442668038584861,0.0016605342918492656,0.0029843819583200803
2024-02-06 00:00:00+00:00,427.5899963378906,-0.0020092896357581935,1.706100540676932e-06,0.0002825811239491573,0.00041962666789544136,0.0008555011573368899,0.0009950088713292463,0.0010442697579480028,0.0016622308487757032,0.0027619492400509493
2024-02-07 00:00:00+00:00,431.989990234375,0.010237633251388267,4.037244840365294e-06,5.7433453810406e-06,0.00028661836878952495,0.0008149318502826009,0.0009633409061332796,0.0010311592168317032,0.001634269686962113,0.002632162240654292
2024-02-08 00:00:00+00:00,432.7900085449219,0.0018502244267981638,0.0001048091345899307,0.00010884637943029437,0.00011055247997097363,0.0005284730473257362,0.0009643475367671863,0.0011053447378472359,0.0015404280057698865,0.002734736761550979
2024-02-09 00:00:00+00:00,437.0499877929688,0.009794935447280828,3.4233304295205937e-06,0.00010823246501944967,0.0001122697098598173,0.0003948508338089751,0.0009231643153020527,0.001107278581189062,0.0011582426142589806,0.002700912415022262
2024-02-12 00:00:00+00:00,435.3399963378906,-0.003920250521358248,9.594076041639847e-05,9.936409084591744e-05,0.00020417322543585047,0.00020991657081689157,0.0006278371381716557,0.0011675141315691283,0.0012524802282242186,0.0027945796929713567
2024-02-13 00:00:00+00:00,428.5499877929688,-0.015719937714229637,1.536836415020962e-05,0.00011130912456660646,0.00011473245499612938,0.00022357883442642424,0.0005061599583755836,0.0010790799917633142,0.0012507008064177635,0.002809711691418883
2024-02-14 00:00:00+00:00,433.2200012207031,0.010838296070182274,0.0002471164417392593,0.00026248480588946725,0.0003584255663058681,0.0004666580313253182,0.0004724013767063609,0.0012815898816079191,0.0014671936345826246,0.003038017434480725
2024-02-15 00:00:00+00:00,434.510009765625,0.0029732969447833213,0.00011746866170492852,0.00036458510344418617,0.00037995346759439814,0.00047931755844031606,0.0005881639378706125,0.0010077906057660523,0.0015831728091998587,0.0028642018980735875
2024-02-16 00:00:00+00:00,430.5700073242188,-0.009109052589251654,8.840494721857834e-06,0.00012630915642678473,0.00037342559816604635,0.00048473472273265336,0.000592967187752105,0.0008795855565416284,0.0015563080938853844,0.002759877657233262
2024-02-20 00:00:00+00:00,427.3200073242188,-0.007576765068529667,8.297483907375226e-05,9.181533379560846e-05,0.0002092839955005393,0.0004717688013900071,0.0005711328922359265,0.0006816853722068986,0.001535480429003113,0.0028162295306576523
2024-02-21 00:00:00+00:00,425.6099853515625,-0.004009764643087443,5.7407368903691375e-05,0.000140382207977442,0.00014922270269930216,0.0005138078061434889,0.0006251169307100973,0.0007373866405699131,0.00154828124601215,0.0028722318914466273
2024-02-22 00:00:00+00:00,438.0700073242188,0.028855332103409737,1.6078212492954172e-05,7.348558139664391e-05,0.00015646042047039852,0.00028276957689718377,0.0005452543827866531,0.000749427608222502,0.0011730915209583086,0.0024698100676262464
2024-02-23 00:00:00+00:00,436.7799987792969,-0.0029490986360523053,0.0008326301907980685,0.0008487084032910211,0.0009061157721947148,0.0009979311059903238,0.001362516209434512,0.0014772486644306399,0.0018686761678100956,0.00329854526584668
2024-02-26 00:00:00+00:00,436.5499877929688,-0.000526744747536334,8.697182765165567e-06,0.0008413273735632324,0.000857405586056189,0.0009977877940336316,0.0011240969504604183,0.001482522516766285,0.0015964983271667791,0.0032616163697251487
2024-02-27 00:00:00+00:00,437.6000061035156,0.002402376761163616,2.774600290571163e-07,8.974642794221057e-06,0.000841604833592292,0.0009150904149889364,0.0010069057487845467,0.0013868592163789435,0.0015950696866551593,0.0032575731003350187
2024-02-28 00:00:00+00:00,435.2699890136719,-0.005338762100032923,5.771414102578985e-06,6.048874131634475e-06,1.4746056896802429e-05,0.000863454460187824,0.001003836668165268,0.0013772622663313129,0.001596803855917373,0.003263081493147681
2024-02-29 00:00:00+00:00,439.0,0.008532910119728676,2.850238076074795e-05,3.427379486332531e-05,3.455125489238481e-05,0.0008758786284556177,0.0009493642098522637,0.0011586482053528014,0.0015204971020881903,0.0032915743302941894
2024-03-01 00:00:00+00:00,445.6099853515625,0.014944684065022251,7.281055511136805e-05,0.00010131293587211436,0.00010708434997469574,0.00011605899276891724,0.0009647673960599404,0.001113990098759241,0.0015898843267700376,0.003332386478751602
2024-03-04 00:00:00+00:00,444.0199890136719,-0.00357451542028997,0.00022334358180333,0.0002961541369146964,0.00032465651767544677,0.00033070539180708166,0.001172032765370316,0.001328493185840713,0.0017172871481569694,0.0033570792447727748
2024-03-05 00:00:00+00:00,436.0499877929688,-0.018112694041477084,1.277716048989078e-05,0.00023612074229321914,0.0003089312974045896,0.00034320509226791533,0.0003521797350621385,0.0012582955072568517,0.0017146959444966504,0.0029842476833222393
2024-03-06 00:00:00+00:00,438.7900085449219,0.006264070511089237,0.0003280696854401595,0.0003408468459300487,0.000564190427733381,0.0006655033636054959,0.0006715522377371325,0.00152895782379332,0.0017956491881975507,0.0033106142223112383
2024-03-07 00:00:00+00:00,445.4500122070313,0.015064076380955527,3.923857936789777e-05,0.0003673082648080556,0.00038008542529794877,0.0006762395622126457,0.0007105133570759731,0.0015521181906682634,0.00171741910586052,0.003332705015722471
2024-03-08 00:00:00+00:00,439.0199890136719,-0.014540089471142714,0.00022692639721126216,0.00026616497657915825,0.0005942346620193201,0.0008303554043125398,0.0009316683401846561,0.000946414397081457,0.0019355050083499242,0.0035290077993593355
2024-03-11 00:00:00+00:00,437.3900146484375,-0.003719665995987498,0.0002114142018288352,0.0004383405990400957,0.00047757917840799584,0.000818426024338045,0.0011145801612527434,0.0011491314161451267,0.0020639443711050072,0.003738932514100476
2024-03-12 00:00:00+00:00,443.6600036621094,0.014233232469061718,1.3835915121705665e-05,0.0002252501169505392,0.0004521765141618037,0.00081948477896986,0.0010556055212630811,0.0011626898712377752,0.0020203729173230217,0.0037170632191858496
2024-03-13 00:00:00+00:00,440.25,-0.007715764196087882,0.00020258490651835274,0.00021642082164005674,0.00042783502346889436,0.0006940000000480531,0.0010348468459781038,0.0013595033636535489,0.00220687961134842,0.003815845621748179
2024-03-14 00:00:00+00:00,439.1400146484375,-0.0025244451780235266,5.953301712963168e-05,0.0002621179236479827,0.0002759538387696908,0.000714294437809787,0.0010816027026178448,0.0013905340000224327,0.0014337824376799832,0.003830772086983156
2024-03-15 00:00:00+00:00,433.9200134277344,-0.011958085941131458,6.372823456846235e-06,6.590584058647624e-05,0.00026849074710483137,0.0004937408640553711,0.0007599058406345316,0.001324096268367911,0.0014314580783716638,0.0034458769728932066
2024-03-18 00:00:00+00:00,437.4800109863281,0.008170799322619438,0.00014299581937548582,0.00014936864283233037,0.00020890165996196444,0.0004253224816020217,0.0008636630806421195,0.0012437485059400668,0.0015741764377180925,0.003451827248322411
2024-03-19 00:00:00+00:00,438.5700073242188,0.0024884353120819824,6.676196157051826e-05,0.0002097577809460024,0.00021613060440285102,0.0004782485280508343,0.0007034986450013757,0.0012977333070206942,0.001635166985186032,0.0032377141864844473
2024-03-20 00:00:00+00:00,443.7699890136719,0.011786934547851402,6.192310302416553e-06,7.295427187293314e-05,0.00021595009124842133,0.0002818559318348981,0.000498276753474957,0.0009758559318829512,0.0016128569147277005,0.0032422003962461867
2024-03-21 00:00:00+00:00,445.8699951171875,0.004721033320021384,0.00013893182603533292,0.0001451241363377478,0.00021188609790826843,0.0003612547407405994,0.0006233726643885843,0.0010755491785503864,0.0016789781856516653,0.0033770949774411542
2024-03-22 00:00:00+00:00,446.3800048828125,0.00114319937499463,2.228815560875213e-05,0.00016121998164408336,0.0001674122919465023,0.00037717007289250526,0.00044307591347898356,0.0008709109369478764,0.0014779227594570875,0.0032945739984599756
2024-03-25 00:00:00+00:00,444.760009765625,-0.0036357853426141062,1.3069048109881129e-06,2.3595060419738565e-05,0.00016252688645507386,0.00023548115832800753,0.00038484980116034004,0.0006608036399300293,0.0014664525037781848,0.003292457572841443
2024-03-26 00:00:00+00:00,443.3200073242188,-0.003242959363371156,1.3218935057567573e-05,1.4525839868554005e-05,3.6813995477308524e-05,0.00018193813181505684,0.0003916959127610614,0.0006601866598658911,0.0011516017533955928,0.0032097357474826123
2024-03-27 00:00:00+00:00,444.8299865722656,0.0034002830901957992,1.0516785432476655e-05,2.3735720490042548e-05,2.5042625301033048e-05,0.00018626260694511697,0.0002592168788180522,0.0004681185387800151,0.0011228799594601717,0.0032048841687648795
2024-03-28 00:00:00+00:00,444.010009765625,-0.0018450498236655122,1.1561925093471494e-05,2.207871052594647e-05,3.5297645583516425e-05,5.8892706003255536e-05,0.00020401684234100544,0.00042014744674385486,0.0009075154873423811,0.0029693296521190915
2024-04-01 00:00:00+00:00,444.9500122070313,0.0021148370422103824,3.4042088518081376e-06,1.496613394527795e-05,2.5482919377756994e-05,4.000875924631153e-05,0.00020122874089039704,0.0004171788321388168,0.000699505494365354,0.0028552651992659714
2024-04-02 00:00:00+00:00,441.1099853515625,-0.008667699495456205,4.472535715105158e-06,7.876744566911615e-06,1.9438669660385493e-05,4.317439015042858e-05,6.676945057016927e-05,0.0002786555484784361,0.0006901421149587535,0.0028508972402592186
2024-04-03 00:00:00+00:00,442.1000061035156,0.0022418703959043995,7.512901454353175e-05,7.960155025863523e-05,8.300575911044575e-05,0.00010508446963639276,0.00011961030950494888,0.00028702260145144963,0.0005626862229839325,0.002843051415728998
2024-04-04 00:00:00+00:00,435.3399963378906,-0.015408788063308698,5.025982872032549e-06,8.015499741556262e-05,8.462753313067017e-05,9.959366707594866e-05,0.0001233293875659933,0.0002858562740210656,0.0005081791887263334,0.002790670029697339
2024-04-05 00:00:00+00:00,440.4700012207031,0.01171501482697579,0.00023743074957996462,0.00024245673245199548,0.0003175857469955296,0.0003254624915624418,0.00034754120208839033,0.0003843551975656973,0.0007392371148494518,0.00301202256678435
2024-04-08 00:00:00+00:00,440.6000061035156,0.0002951068193794981,0.00013724157239626257,0.0003746723219762255,0.00037969830484826044,0.00045929985510689624,0.0004742659890521763,0.0004993086143532078,0.0007334828678702285,0.0023166339483825437
2024-04-09 00:00:00+00:00,442.2300109863281,0.003692685349335534,8.708803484428373e-08,0.0001373286604311052,0.0003747594100110722,0.00045491440742663535,0.00046279115199354903,0.0004980887975770639,0.0006668079943345545,0.0023080238536522225
2024-04-10 00:00:00+00:00,438.3699951171875,-0.00876684207349232,1.3635925089197293e-05,1.3723013124039897e-05,0.00015096458552030486,0.00039342131797230086,0.00047302286823093823,0.0004985057876086936,0.0006742516091213352,0.002321382318712363
2024-04-11 00:00:00+00:00,445.3699951171875,0.015842094908136595,7.685751994155513e-05,9.049344503075074e-05,9.05805330655974e-05,0.00046525285504182346,0.0005454078524573882,0.0005648465221177721,0.0006121773030275575,0.002392468424551339
2024-04-12 00:00:00+00:00,438.2699890136719,-0.01607025265991524,0.0002509719710784074,0.0003278294910199609,0.0003414654161091605,0.00047879407654026626,0.0007212508089922638,0.000804256568102708,0.0008408611184972127,0.002614938014868998
2024-04-15 00:00:00+00:00,431.05999755859375,-0.0165878478571031,0.0002582530205535129,0.0005092249916319187,0.0005860825115734761,0.0005998055246975166,0.0009744778466737442,0.0010591053798044128,0.0010978072342397375,0.002800380480311143
2024-04-16 00:00:00+00:00,431.1000061035156,9.281002315209008e-05,0.0002751566965303999,0.0005334097170839111,0.0007843816881623209,0.0008748751331930722,0.0010122037936241795,0.0013297895406197075,0.0013597449957125699,0.002852193595038213
2024-04-17 00:00:00+00:00,425.8399963378906,-0.012276415646321759,8.613700397491498e-09,0.0002751653102307957,0.000533418330784311,0.0008612478218042724,0.0008749708349283144,0.0012546691397765733,0.0013492368239804906,0.0028394250482487197
2024-04-18 00:00:00+00:00,423.4100036621094,-0.005722694866006073,0.0001507103811212537,0.0001507189948216495,0.0004258756913520518,0.0009351006829839709,0.0010255941280147237,0.0014003535380257945,0.001488385280008273,0.002662065743929814
2024-04-19 00:00:00+00:00,414.6499938964844,-0.02090620922123332,3.274923652941226e-05,0.00018345961765066428,0.00018346823135106415,0.0007168779484349758,0.0010447074394549388,0.0011956720249752422,0.0015177303076858771,0.0026555764010913283
2024-04-22 00:00:00+00:00,418.8200073242188,0.010006474658222686,0.00043706958400198105,0.00046981882053139163,0.0006205292016526477,0.000895694511883444,0.0014049195035153645,0.0014955000365809604,0.001950327355972753,0.0028657195878820474
2024-04-23 00:00:00+00:00,425.0700073242188,0.014812627639108733,0.00010012953508565282,0.0005371991190876321,0.0005699483556170469,0.0007206673504386969,0.00125407706752261,0.001595542483631769,0.001975327876514874,0.002754434921138865
2024-04-24 00:00:00+00:00,426.510009765625,0.0033819577374440968,0.00021941393757488796,0.0003195434726605391,0.0007566130566625226,0.0009400726743131874,0.0012152379845439853,0.0018013204961174597,0.0021897158312177293,0.002960012943592047
2024-04-25 00:00:00+00:00,424.4500122070313,-0.004841594268685689,1.1437638137857995e-05,0.00023085157571274429,0.0003309811107983995,0.0008007999313297918,0.0009515189261514433,0.0017359006143137627,0.001963722719775623,0.002768865675211552
2024-04-26 00:00:00+00:00,431.0,0.015313848160126042,2.3441035062570114e-05,3.487867320042643e-05,0.00025429261077531675,0.0007914917298629496,0.0009749513475136158,0.0015083696782979253,0.0018499221824419302,0.002732773693144491
2024-04-29 00:00:00+00:00,432.75,0.004052103952571606,0.00023451394547139578,0.0002579549805339642,0.0002693926186718246,0.0005889360913323643,0.001058754911863758,0.0014846306032158083,0.0020843490398784817,0.0029609148151590403
2024-04-30 00:00:00+00:00,424.5899963378906,-0.019036205267510375,1.6419546442446434e-05,0.00025093349191384056,0.00027437452697641305,0.0005052261026891579,0.001042425221776792,0.0012258934531278547,0.002087132661231731,0.002834338542226001
2024-05-01 00:00:00+00:00,421.5199890136719,-0.007256788951377047,0.0003623771109867898,0.0003787966574292345,0.0006133106029006328,0.0006481892761010597,0.0009677327487616009,0.001588261950414247,0.0023726522522769656,0.0031299536916422725
2024-05-02 00:00:00+00:00,426.8999938964844,0.01268257962918895,5.266098588482798e-05,0.0004150380968716161,0.0004314576433140649,0.0006894126238480297,0.0009202641995607761,0.0014902125551778213,0.0021743412670833864,0.0031764223672246837
2024-05-03 00:00:00+00:00,435.4800109863281,0.019899116774447556,0.00016084782605071854,0.0002135088119355448,0.000575885922922337,0.0008268194148361781,0.0008616980880366067,0.0016183111446991276,0.002076936072580592,0.0031983383672400697
2024-05-06 00:00:00+00:00,440.25,0.01089385113524699,0.0003959748484031001,0.0005568226744538169,0.0006094836603386473,0.0009882803177678826,0.0012462352983018488,0.0015772164091002467,0.002197754224453292,0.003572025060034418
2024-05-07 00:00:00+00:00,440.3200073242188,0.0001590045624633163,0.00011867599255692213,0.0005146508409600205,0.0006754986670107415,0.0010905367638823582,0.0013414702557962006,0.001595762866571516,0.0023164216033098165,0.0036893941477803517
2024-05-08 00:00:00+00:00,440.05999755859375,-0.0005906762346779004,2.528245088415065e-08,0.00011870127500780455,0.0005146761234109071,0.0007281849353464525,0.0011069815927756891,0.0013763742114475121,0.002165736504639447,0.0036762004951736683
2024-05-09 00:00:00+00:00,441.0199890136719,0.0021791252771423686,3.488984142132621e-07,3.7418086509567803e-07,0.00011905017342202025,0.0006758728478758378,0.0010909109447474559,0.0013652854717238676,0.0021333361665242484,0.0036660326081554046
2024-05-10 00:00:00+00:00,442.05999755859375,0.002355412967259163,4.7485869734808045e-06,5.097485387692332e-06,5.122767838578922e-06,0.0005197736087986,0.000733282420734147,0.001346593023634778,0.0017010151694957477,0.003659219270035414
2024-05-13 00:00:00+00:00,443.0799865722656,0.002304696394789474,5.547970246332614e-06,1.0296557219811683e-05,1.0645455634027385e-05,0.00012934673064183254,0.0006861694050956516,0.001117627048409715,0.0016064336046564278,0.0036613630314299385
2024-05-14 00:00:00+00:00,445.9299926757813,0.00641166226148826,5.3116254721555984e-06,1.0859595718486478e-05,1.560818269196972e-05,1.5982363557065997e-05,0.0005306332045170887,0.001106519127439424,0.0013923312925536952,0.003662202121186989
2024-05-15 00:00:00+00:00,452.8999938964844,0.015509364480869259,4.110941295539275e-05,4.6421038427546615e-05,5.1969008673881664e-05,5.7066494061574596e-05,0.00017576776906938133,0.0007852514294080271,0.0014220030673712301,0.00362818251959885
2024-05-16 00:00:00+00:00,451.9800109863281,-0.0020333817128799225,0.00024054038660044897,0.00028164979955583997,0.000286961425027998,0.0002972579822478103,0.00029763216311290815,0.0009731308301236481,0.001639102418909109,0.0038636969233272664
2024-05-17 00:00:00+00:00,451.760009765625,-0.0004868683913450411,4.134641190274488e-06,0.00024467502779072173,0.00028578444074611693,0.000296644036464604,0.00030174152185229847,0.000816417645263204,0.0014087231146279876,0.003630400814937576
2024-05-20 00:00:00+00:00,454.9100036621094,0.00694851825647369,2.370408304909081e-07,4.371682020763661e-06,0.00024491206862121506,0.0002913331070487623,0.00030162966426857616,0.0004206798376905948,0.001392540609016032,0.0034933962833718045
2024-05-21 00:00:00+00:00,455.7999877929688,0.0019544847921340036,4.828190596054817e-05,4.851894679103735e-05,5.26535879813143e-05,0.0003343033875371549,0.00034516298325564345,0.0003502857510942209,0.0010784454039897903,0.0035415911012975083
2024-05-22 00:00:00+00:00,455.7099914550781,-0.00019746649017982065,3.820010802683099e-06,5.2101916763229534e-05,5.233895759372291e-05,0.0002970139853844452,0.00034343502381199394,0.0003540804794460198,0.0010296044289076454,0.0035317751870109944
2024-05-23 00:00:00+00:00,453.6600036621094,-0.004508596669253073,3.899301474393721e-08,3.859003817425302e-06,5.214090977797594e-05,5.651259179874017e-05,0.0003381623913545823,0.00035377057404655047,0.000868795595871671,0.003454956660084183
2024-05-24 00:00:00+00:00,457.9500122070313,0.009412007634214348,2.0327443925999907e-05,2.036643694074211e-05,2.4186447743427673e-05,7.270539453446559e-05,0.0003173804223251895,0.00036934943099906954,0.0004931481913945708,0.0032243121329317754
2024-05-28 00:00:00+00:00,459.6799926757813,0.003770544792867092,8.858588770650916e-05,0.00010891333163250734,0.00010895232464725374,0.00016105424141048383,0.00016542592343124968,0.0004523873484592461,0.0004630580865441578,0.003054645000084772
2024-05-29 00:00:00+00:00,456.4400024414063,-0.007073317382401356,1.4217008035017143e-05,0.00010280289574152457,0.00012313033966752696,0.00012698934348495282,0.00017550829027599232,0.0004612927310221077,0.00047724981212829084,0.002793705311589389
2024-05-30 00:00:00+00:00,451.5499877929688,-0.010771180252091561,5.0031818792181174e-05,6.424882682719658e-05,0.0001528347145337082,0.00017320115147445087,0.0002253030682376826,0.0004702151368588961,0.0005269327325062587,0.0028437285166811725
2024-05-31 00:00:00+00:00,450.7099914550781,-0.0018619834635211774,0.00011601832402304723,0.00016605014281522666,0.00018026715085024626,0.0002891804824827542,0.00029303948630018164,0.00034569307428149437,0.0006382024695558251,0.0028090364595829663
2024-06-03 00:00:00+00:00,453.1300048828125,0.005354972606895103,3.4669824184263197e-06,0.00011948530644147182,0.00016951712523365545,0.0002723200209751806,0.00029268645791592486,0.0003450254155096462,0.0006361214817279189,0.0027797542054719803
2024-06-04 00:00:00+00:00,454.3699951171875,0.0027327625477937545,2.8675731620596936e-05,3.214271403902152e-05,0.00014816103806207122,0.00021240986488926838,0.00032132319652177784,0.0003734641062997522,0.0006594855878763601,0.0023713603530905966
2024-06-05 00:00:00+00:00,463.5299987792969,0.0199592718425885,7.467991142624212e-06,3.6143722763219414e-05,3.96107051816482e-05,0.00020566084799687544,0.00030846374373840217,0.0003326501914818282,0.0006258441660635917,0.0022786988091475675
2024-06-06 00:00:00+00:00,463.3699951171875,-0.00034524471842178883,0.0003983725324863461,0.0004058405236289686,0.000434516255249568,0.0005540015616910404,0.0006182503885182392,0.0007272027131654912,0.0007836763119494888,0.002457657404059026
2024-06-07 00:00:00+00:00,462.9599914550781,-0.0008852216700878657,1.1919391559814025e-07,0.0003984917264019425,0.0004059597175445692,0.0004381024315835913,0.0006041525743988201,0.0007272829140663455,0.0007796608646748124,0.002446338959836766
2024-06-10 00:00:00+00:00,464.8299865722656,0.004031079648836311,7.836174051931501e-07,9.028113207895557e-07,0.00039927534380713813,0.00043541906657035815,0.0005549043730118321,0.0007077390875455387,0.0007802074412495147,0.0024236815421793886
2024-06-11 00:00:00+00:00,468.0199890136719,0.00683928811593848,1.6249603135262277e-05,1.703322054045369e-05,1.7152414456054272e-05,0.00042299293808502347,0.0004551356521240471,0.0006354028029742918,0.0007481751384242288,0.0022054171998432555
2024-06-12 00:00:00+00:00,474.1499938964844,0.013012707883985897,4.677586193281732e-05,6.302546506807787e-05,6.380908247327345e-05,0.00046230080887521655,0.0004984445316384381,0.000667961656872092,0.000791130989554363,0.0022357735153336264
2024-06-13 00:00:00+00:00,476.7200012207031,0.0054056045421582155,0.0001693305664739487,0.0002161064284067643,0.000232356031542029,0.00023325884286281917,0.0006390993664917899,0.0007872604045538595,0.0009604225630135677,0.0020427269708207852
2024-06-14 00:00:00+00:00,479.1900024414063,0.005167864565482461,2.922056046620153e-05,0.0001985511269401485,0.00024532698887296824,0.0002623602094134226,0.0006608519358153672,0.0007004626409970138,0.0009693156795537694,0.002019286545402159
2024-06-17 00:00:00+00:00,485.05999755859375,0.012175406028032576,2.6706824167169222e-05,5.592738463336899e-05,0.00022525795110732016,0.00028828341617539863,0.0002891862274961904,0.0007237024827457567,0.0009074366160144295,0.0018851455435186094
2024-06-18 00:00:00+00:00,485.2099914550781,0.0003091797115803985,0.000148240511947452,0.00017494733611461946,0.00020416789658082344,0.0004202743249875884,0.00043730754552804424,0.0008432672630726117,0.0010414601199268644,0.0016374112070629615
2024-06-20 00:00:00+00:00,481.4700012207031,-0.0077378427679066775,9.559209405293839e-08,0.00014833610404150317,0.00017504292820867486,0.00037359405514882397,0.00043661952021690397,0.0008358948640240406,0.000991523893228736,0.0015188308066000921
2024-06-21 00:00:00+00:00,480.1799926757813,-0.002682908182601196,5.987421070084567e-05,5.9969802794896845e-05,0.0002082103147423513,0.0002641376993757209,0.0004802441277824874,0.0004973965422385401,0.0009353797799065345,0.0015786797348500536
2024-06-24 00:00:00+00:00,473.9599914550781,-0.013038106434184016,7.197996316268451e-06,6.707220701711235e-05,6.716779911116776e-05,0.00024211513522578784,0.0004406662621659385,0.0005044753446392104,0.0009391107938043767,0.001585528832752109
2024-06-25 00:00:00+00:00,479.3800048828125,0.01137070058077061,0.00016999221938911063,0.0001771902157053773,0.00023706442640622545,0.00038540053044772924,0.00044132791508110045,0.0006736839466231279,0.0010804272815728903,0.0017507724651677388
2024-06-26 00:00:00+00:00,480.3699951171875,0.0020630176306219994,0.00012929283169753707,0.0002992850510866459,0.00030648304740291685,0.00036645285019781435,0.000541400186312436,0.0007867271751854027,0.001202252122127803,0.001874517326618943
2024-06-27 00:00:00+00:00,481.6099853515625,0.002577997351932204,4.2560417442572086e-06,0.00013354887344179251,0.0003035410928309056,0.0003706132998480186,0.0005189494038895239,0.0007442073549968426,0.0008081356313857143,0.001873461742891045
2024-06-28 00:00:00+00:00,479.1099853515625,-0.00520444191688707,6.6460703465694564e-06,1.0902112090824903e-05,0.00014019494378836444,0.00031738515949374243,0.0003773549622886414,0.0005815228588694634,0.0008146625078166857,0.0018389984002822215
2024-07-01 00:00:00+00:00,481.9200134277344,0.00584796746827454,2.7086215666251162e-05,3.373228601281886e-05,3.7988327757078533e-05,0.0003372733788437251,0.0004043455858608396,0.0005793885140695129,0.0008409651060777436,0.0016255442293480237
2024-07-02 00:00:00+00:00,486.9800109863281,0.01044492400313235,3.419872350999733e-05,6.128493917624673e-05,6.793100952281865e-05,0.0002014798829646118,0.0003786700986699913,0.0005868804134123411,0.0008589142264524787,0.0016556083116677466
2024-07-03 00:00:00+00:00,491.0400085449219,0.008302531235506727,0.00010909643743121031,0.00014329516094120588,0.0001703813766074595,0.00018128348869828504,0.0004805685397849332,0.0005477363388960994,0.0009212348019508718,0.001764467708268466
2024-07-05 00:00:00+00:00,496.1600036621094,0.010372854459935077,6.893202491656486e-05,0.0001780284623477734,0.0002122271858577732,0.0002459594718705927,0.0003795083453123874,0.0006165727717186112,0.0008208362603934877,0.0017851178272244826
2024-07-08 00:00:00+00:00,497.3399963378906,0.002375426735055086,0.00010759610964699502,0.00017652813456355812,0.00028562457199477094,0.00034690951117101823,0.0003578116232618453,0.0006642946706647607,0.0008992118095742813,0.0018888939260687946
2024-07-09 00:00:00+00:00,497.7699890136719,0.0008642114115486876,5.642652173614467e-06,0.00011323876182060773,0.00018217078673717505,0.0003254659476783815,0.0003591982336912026,0.0006627393265221066,0.0008781476375807265,0.0018944975852276651
2024-07-10 00:00:00+00:00,502.9599914550781,0.010372526205891575,7.468613638509752e-07,6.38951353746368e-06,0.00011398562318446116,0.0002920140855322352,0.0003532990247084841,0.0004934939684968471,0.0007306539869971256,0.001874917002665516
2024-07-11 00:00:00+00:00,491.9299926757813,-0.022174212026986773,0.00010758929989190747,0.00010833616125575667,0.00011397881342937361,0.00029050694799293236,0.0004338021089341404,0.0004717904366912174,0.00083814769479498,0.0018939204148509144
2024-07-12 00:00:00+00:00,494.8200073242188,0.005857659816551397,0.0004916956790177649,0.0005992849789096706,0.000600031840273524,0.0007132706020941324,0.000891299064441908,0.0009592300739647251,0.0012699691631118991,0.002371399085833662
2024-07-15 00:00:00+00:00,496.1499938964844,0.0026842131833930694,3.4312178526440944e-05,0.000526007857544204,0.000633597157436114,0.0006399866709735783,0.0008165148055371386,0.0009868961821445966,0.0012970833453220718,0.0023556794455679222
2024-07-16 00:00:00+00:00,496.3399963378906,0.000382880322415069,7.205000413901155e-06,4.1517178940340365e-05,0.0005332128579581077,0.0006415490192138649,0.0007547877810344749,0.0009670149668922466,0.0011342961263468621,0.0022468661219587757
2024-07-17 00:00:00+00:00,481.7699890136719,-0.029794369443495228,1.4659734129266716e-07,7.351597755192087e-06,4.166377628163553e-05,0.0006409487551913066,0.0006473382687287725,0.0009329628407235419,0.0010051498919906178,0.002243545736881642
2024-07-18 00:00:00+00:00,479.489990234375,-0.004743780255435759,0.0008877044505354821,0.000887851047876773,0.0008950560482906767,0.0014210639058348812,0.00152940006709064,0.0017115708538278135,0.0018885983007818426,0.003102574455796527
2024-07-19 00:00:00+00:00,475.239990234375,-0.008903099640721557,2.2503451111862154e-05,0.0009102079016473425,0.0009103544989886377,0.0009518716779289785,0.0015511566568386513,0.001665142280023111,0.0019044556815471353,0.0031176099157657652
2024-07-22 00:00:00+00:00,482.3200073242188,0.014787890325284714,7.926518321261631e-05,0.00010176863432447673,0.0009894730848599613,0.000996824682615154,0.0015228325401593602,0.0016368113535887322,0.0019566346490935004,0.002798502566492035
2024-07-23 00:00:00+00:00,480.6199951171875,-0.003530882441086902,0.00021868170027264925,0.00029794688348526384,0.00032045033459712844,0.001208301382473902,0.0012498185614142445,0.0018498504016877671,0.0021411176258561526,0.0030170650728490863
2024-07-24 00:00:00+00:00,463.3800048828125,-0.03652946457884543,1.2467130812775801e-05,0.00023114883108542333,0.0003104140142980421,0.0012206219159453852,0.0012279735137005795,0.001861570671136692,0.002044488319237718,0.0030287485862566695
2024-07-25 00:00:00+00:00,458.2699890136719,-0.011088956253701099,0.0013344017824171227,0.0013468689132298968,0.0015655506135025484,0.0016673192478270258,0.0025551702957038007,0.003088383153661907,0.0033099580767382755,0.004346900765538529
2024-07-26 00:00:00+00:00,462.9700012207031,0.010203753714313812,0.00012296495079649672,0.001457366733213618,0.001469833864026396,0.0017677807475116605,0.002677988649159005,0.002719652425440639,0.0033253269178877775,0.0044230898544022085
2024-07-29 00:00:00+00:00,463.8999938964844,0.002006738793510543,0.00010411658986237293,0.00022708154065886812,0.001561483323075993,0.001792632154161417,0.001894400788485896,0.002789456836776571,0.0034238008555765357,0.004357875877790633
2024-07-30 00:00:00+00:00,457.5299987792969,-0.013826544932560303,4.02700058538015e-06,0.00010814359044775156,0.00023110854124425045,0.001577977454474148,0.0018759243379594139,0.00278627883694805,0.0034270809947980654,0.004332682317909812
2024-07-31 00:00:00+00:00,471.0700073242188,0.029164264810977336,0.000191173344772109,0.00019520034535748764,0.0002993169352198627,0.001756683668433481,0.0019878324995189064,0.0029773055843788664,0.0035106650396782664,0.004497148838514752
2024-08-01 00:00:00+00:00,459.6600036621094,-0.024519624755370728,0.000850554341964811,0.0010417276867369185,0.0010457546873223007,0.0012728362279811694,0.0026197051412110684,0.002940155475808195,0.0038695237026253127,0.00519946266853211
2024-08-02 00:00:00+00:00,448.75,-0.024021153921292004,0.0006012119981441891,0.0014517663401089986,0.0016429396848811097,0.0017510832753288618,0.0032084500085424817,0.0035188640228405225,0.004436423522243061,0.005800579074582247
2024-08-05 00:00:00+00:00,435.3699951171875,-0.030269706750154945,0.0005770158357104022,0.00117822783385459,0.002028782175819403,0.002223982521176891,0.002451064061835761,0.004016614675338308,0.005006234357539562,0.0063177206995918035
2024-08-06 00:00:00+00:00,439.5299987792969,0.009509738351706432,0.0009162551467403759,0.0014932709824507766,0.002094482980594968,0.0031362106673318868,0.00324435425777964,0.004714188121806035,0.0059223429069386446,0.00722677785001591
2024-08-07 00:00:00+00:00,434.7699890136719,-0.010888841046802433,9.043512351791616e-05,0.0010066902702582905,0.0015837061059686948,0.003035472446077694,0.0032306727914351834,0.0047921561145111745,0.005125073579921079,0.0071472207541447156
2024-08-08 00:00:00+00:00,448.0700073242188,0.03013235619813681,0.00011856685934252951,0.00020900198286044426,0.0011252571296008222,0.0023034849634554124,0.003345212650192333,0.003576321191436582,0.0052211369881517465,0.007136494781789709
2024-08-09 00:00:00+00:00,450.4100036621094,0.0052088006409265475,0.000907958890051394,0.001026525749393922,0.0011169608729118402,0.0026102318553626173,0.004061998195471618,0.004361315130691479,0.006049830694990524,0.008040197630096845
2024-08-12 00:00:00+00:00,451.3800048828125,0.0021512804214047776,2.7131604116916812e-05,0.0009350904941683093,0.001053657353510841,0.002060347623769132,0.0032385754576237237,0.0042843301449460225,0.005858280598834792,0.008060683163867193
2024-08-13 00:00:00+00:00,462.5799865722656,0.024509918321728996,4.628007451519517e-06,3.175961156843492e-05,0.0009397185016198309,0.0011487204844802756,0.002641991466931054,0.004284931151812162,0.005850441475473535,0.008038224955652462
2024-08-14 00:00:00+00:00,462.7300109863281,0.00032426844143707,0.0006007360961378267,0.0006053641035893448,0.0006324957077062637,0.001659021457100186,0.0026657117273584784,0.004694493903177881,0.00511677578919424,0.00860476232828029
2024-08-15 00:00:00+00:00,474.4200134277344,0.02494927923349355,1.051500221120265e-07,0.0006008412461599373,0.000605469253611459,0.0015405597477797686,0.0017495617306402147,0.003844044711235181,0.004993915988419855,0.008495771040871191
2024-08-16 00:00:00+00:00,475.0299987792969,0.0012849237508980593,0.0006224665342708324,0.0006225716842929431,0.001223307780430772,0.001255067391999207,0.002281593141393131,0.003865299247361824,0.005512265932828314,0.00904930555022546
2024-08-19 00:00:00+00:00,481.2699890136719,0.013050462986975653,1.651029045621938e-06,0.0006241175633164529,0.000624222713338567,0.0012295868169279122,0.0021646773110962233,0.003289934440697044,0.005509889961288556,0.008943360469624087
2024-08-20 00:00:00+00:00,480.260009765625,-0.0021007760980324974,0.00017031458417442148,0.00017196561322004202,0.0007944321474908766,0.001395273393650814,0.0014270330052192509,0.0025439938781310896,0.0054890312006908686,0.009108032401624893
2024-08-21 00:00:00+00:00,482.5,0.004653276524834382,4.413260214064645e-06,0.0001747278443884847,0.00017637887343410871,0.0007989505577270521,0.0014043146613163988,0.002457972014827238,0.004642890118940123,0.009111698800475108
2024-08-22 00:00:00+00:00,474.8500061035156,-0.015981943236513807,2.1652982416574746e-05,2.606624263063798e-05,0.00019638082680506152,0.0008204983901215149,0.001421339636281454,0.0023610581379012834,0.004063331103212508,0.009025762482999775
2024-08-23 00:00:00+00:00,480.0,0.010787126359409704,0.00025542250961514945,0.00027707549203172276,0.0002814887522457895,0.0004534543654658318,0.0010760260497587769,0.0017085217574650388,0.0037417377771172553,0.00878948931359716
2024-08-26 00:00:00+00:00,475.3399963378906,-0.009755774152905516,0.00011636209509387167,0.00037178460470901973,0.00039343758712559647,0.0005681654315140816,0.0011922829948305365,0.0017977522484419937,0.0029418447254707515,0.00887153923016459
2024-08-27 00:00:00+00:00,476.760009765625,0.002982910348791279,9.517512932249935e-05,0.0002115372244163696,0.0004669597340315211,0.0004930259766621594,0.0006649915898822033,0.0018882993703129736,0.0029465847312753345,0.008959509359073189
2024-08-28 00:00:00+00:00,471.3500061035156,-0.011412309306654045,8.89775414892611e-06,0.00010407288347142405,0.0002204349785652978,0.0004975104705970208,0.0006722383149855074,0.001296461028324073,0.002836915626081731,0.008968260515880823
2024-08-29 00:00:00+00:00,470.6600036621094,-0.0014649580315584387,0.00013024080371074252,0.00013913855785966723,0.00023431368718216864,0.0006060982918911886,0.0006321645345218285,0.0014265966820127035,0.0020591975397410795,0.008210796869056082
2024-08-30 00:00:00+00:00,476.2699890136719,0.011848924482764644,2.1461020342275758e-06,0.00013238690574496865,0.00014128465989389686,0.0003528218843102668,0.0006298973763419915,0.0008062762497760987,0.0020342120376583904,0.008190439519978448
2024-09-03 00:00:00+00:00,461.80999755859375,-0.030831351447193178,0.0001403970113982594,0.00014254311343248554,0.00027278391714323014,0.0003768568006146545,0.0007486414053236761,0.0009450222321287362,0.00216998104160513,0.008251571348164092
2024-09-04 00:00:00+00:00,460.6099853515625,-0.002601879634545945,0.0009505722320603409,0.0010909692434585988,0.0010931153454928285,0.001232253903352496,0.0014437911277688674,0.0017252798800146555,0.002519817177527644,0.008983461879951781
2024-09-05 00:00:00+00:00,461.0400085449219,0.0009331595017894045,6.7697776326649405e-06,0.0009573420096930045,0.0010977390210912658,0.0012301259268362348,0.0013341988103076608,0.0017276363974332556,0.0025264818051381976,0.008977764526771672
2024-09-06 00:00:00+00:00,448.6900024414063,-0.027152594093400317,8.707866557798498e-07,7.640564288443381e-06,0.0009582127963487863,0.0011007559097812722,0.0012398944676409412,0.0017068542016724607,0.0019048860575231444,0.007644233531010329
2024-09-09 00:00:00+00:00,454.4599914550781,0.01277765057226432,0.0007372633660009578,0.0007381341526567362,0.0007449039302894032,0.0018358731737480023,0.001968260079492973,0.002188695058058269,0.0026404983944784805,0.00825853194621479
2024-09-10 00:00:00+00:00,458.6600036621094,0.00919932067890361,0.00016326835414688673,0.000900531720147843,0.000901402506803625,0.0018587445164966298,0.002001287629929117,0.002235601317111284,0.0026334521644509456,0.008317683710499303
2024-09-11 00:00:00+00:00,468.6199951171875,0.021482992247538135,8.46275009533036e-05,0.00024789585510018894,0.0009851592211011487,0.0009927997853895923,0.002083769028848193,0.0022250536887420884,0.0027136664051901844,0.008398284210867227
2024-09-12 00:00:00+00:00,473.2200012207031,0.009768204149791515,0.0004615189559077836,0.0005461464568610858,0.0007094148110079745,0.001447548963664711,0.002404890973357717,0.0026776748905009457,0.0031535323786813932,0.008668629822002902
2024-09-13 00:00:00+00:00,475.3399963378906,0.004469930531509014,9.541781231200417e-05,0.0005569367682197864,0.000641564269173092,0.0015420959893209353,0.0015497365536093805,0.0026428518991022075,0.002993527681378248,0.007913493292350094
2024-09-16 00:00:00+00:00,473.239990234375,-0.004427690999240674,1.998027895651646e-05,0.00011539809126851917,0.0005769170471763048,0.0008248129022764939,0.001562947054933232,0.0026606860760244964,0.0028971458652408927,0.007332261573162422
2024-09-17 00:00:00+00:00,473.489990234375,0.0005281337043694379,1.960444758475688e-05,3.958472654127188e-05,0.00013500253885327817,0.0006811489957143642,0.0015816807158622092,0.0025398935122109938,0.0028215751835031504,0.0067748501850367765
2024-09-18 00:00:00+00:00,471.4400024414063,-0.004338926745886873,2.7892520969098476e-07,1.98833727944464e-05,3.986365175096497e-05,0.0005968004199707515,0.0008446962750709423,0.001589600205360344,0.0028129563545639157,0.0058588739635060914
2024-09-19 00:00:00+00:00,483.3599853515625,0.02496984162464866,1.8826285306172448e-05,1.910521051586197e-05,3.8709658100620966e-05,0.0001541077493691404,0.0007002542062302281,0.0016016567130338517,0.0027015418361593453,0.0057872651252943485
2024-09-20 00:00:00+00:00,482.4400024414063,-0.0019051215573409053,0.0006234929907600367,0.0006423192760662077,0.0006425982012759009,0.000682182927817173,0.001239119696036961,0.0022242789171381086,0.0033228887248851545,0.006292191256711856
2024-09-23 00:00:00+00:00,483.0400085449219,0.001242917872832372,3.6294881482450364e-06,0.0006271224789082803,0.0006459487642144549,0.0006658321370089015,0.0007812302282774226,0.0014906450392853958,0.00318612120163514,0.005387861854808706
2024-09-24 00:00:00+00:00,485.3699951171875,0.0048119929769621095,1.5448448386061485e-06,5.174332986849667e-06,0.0006286673237468885,0.0006477725342627507,0.0006873572608040245,0.0013289215299771152,0.0022370938144134055,0.005362275095530396
2024-09-25 00:00:00+00:00,485.8200073242188,0.0009267233766951932,2.3155276410332666e-05,2.4700121248937296e-05,2.83296093971845e-05,0.0006706488854633925,0.0006905322582578409,0.0012674493054341443,0.002253479313191073,0.005380802364489208
2024-09-26 00:00:00+00:00,489.4700012207031,0.007484975556717011,8.58816216913341e-07,2.4014092627244488e-05,2.5558937465852805e-05,0.0006526814163741334,0.0006717866268899973,0.0008067891657432741,0.0022534673427522067,0.004780925084568296
2024-09-27 00:00:00+00:00,486.75,-0.005572531306478723,5.6024859084651125e-05,5.688367530156295e-05,8.003895171189779e-05,8.521328469874778e-05,0.0007275325607649574,0.0007673962125159209,0.0015722288358358998,0.0048368447936308345
2024-09-30 00:00:00+00:00,488.0700073242188,0.0027082089433720924,3.105310516168546e-05,8.707796424633506e-05,8.793678046325058e-05,0.0001126369017121882,0.0007397593806204705,0.0007784690387210901,0.0014400135868506986,0.004245431364521687
2024-10-01 00:00:00+00:00,481.2699890136719,-0.014030432843441965,7.334395680960585e-06,3.838750084264452e-05,9.441235992729782e-05,0.00011842645255454264,0.00012360078554139424,0.0007661989868172937,0.0013627204815783555,0.004251114731157026
2024-10-02 00:00:00+00:00,481.9500122070313,0.0014119792061562109,0.00019685304577433496,0.00020418744145529402,0.00023524054661698166,0.0002921242219185449,0.0003168243431674842,0.0009627731073819376,0.001098054571444907,0.00427765319275694
2024-10-03 00:00:00+00:00,481.5899963378906,-0.0007472775031676093,1.9936852786175233e-06,0.00019884673105295098,0.00020618112673391372,0.0002932590909802491,0.0003172731836074955,0.0009459405073543827,0.0010046304444115205,0.0042752336178214926
2024-10-04 00:00:00+00:00,487.3200073242188,0.011827884460567262,5.584236667404164e-07,2.5521089453564215e-06,0.00019940515471969354,0.0002377926555623384,0.0002946763308639033,0.0003230059402610864,0.0009852085891217444,0.004254139059071659
2024-10-07 00:00:00+00:00,482.1000061035156,-0.010769432443948901,0.0001398988508125285,0.0001404572744792674,0.0001424509597578871,0.0003466384012131814,0.00043371636545951845,0.0004592753029253699,0.0011055029923495159,0.0041386154002690375
2024-10-08 00:00:00+00:00,489.2999877929688,0.014824199275283334,0.0001159806751647792,0.0002558795259773062,0.00025643794964404877,0.0004552846806970001,0.0004936721815396465,0.0005737111332515429,0.0012212047423046041,0.0041382339803399445
2024-10-09 00:00:00+00:00,493.1499938964844,0.007837601676282446,0.00021975688415331094,0.0003357375593180886,0.0004756364101306193,0.00047818851907597605,0.000682375960531272,0.0007703127409945212,0.0014221353411517429,0.004262815735170756
2024-10-10 00:00:00+00:00,492.5899963378906,-0.0011361974240369221,6.142800003606541e-05,0.00028118488418937484,0.0003971655593541562,0.0005376228338334239,0.0007364695648863768,0.0008308819248136732,0.0008600703504277713,0.004315345981057896
2024-10-11 00:00:00+00:00,493.3599853515625,0.0015619233926882359,1.2909445863881376e-06,6.271894462245203e-05,0.00028247582877576516,0.0005383553547530717,0.00054090746369843,0.0007761480103154103,0.0008577318068659144,0.004186396121933542
2024-10-14 00:00:00+00:00,497.5,0.00835645560658449,2.439604684626729e-06,3.7305492710133486e-06,6.515854930708093e-05,0.00040089610862516987,0.0005413533831044392,0.0007475345098383516,0.000858626566711935,0.0041866896245839405
2024-10-15 00:00:00+00:00,490.8500061035156,-0.013456962025532704,6.983035030481735e-05,7.226995498944257e-05,7.356089957583287e-05,0.000354745783765208,0.0006106253097425161,0.0008100304644622084,0.0009053016406064196,0.004116122963490499
2024-10-16 00:00:00+00:00,490.9100036621094,0.00012222449085630416,0.00018108982695662926,0.00025092017726144507,0.000253359781946074,0.00031607872656852634,0.0006518162858866168,0.0007942672456445025,0.0010855326513461356,0.003346640558386787
2024-10-17 00:00:00+00:00,491.25,0.0006923441194999214,1.4938826165082777e-08,0.00018110476578279283,0.0002509351160876124,0.000254665665358626,0.0005358505495480027,0.0007922884991920502,0.0010295227310876496,0.003339885719580287
2024-10-18 00:00:00+00:00,494.4700012207031,0.006533321166920736,4.793403798061214e-07,4.942792059696863e-07,0.0001815841061626011,0.00025385406115204396,0.0003165730057744979,0.0007922094159051159,0.0009989489663057704,0.0033394942733043134
2024-10-21 00:00:00+00:00,495.4200134277344,0.0019194304107390536,4.2684285470134524e-05,4.316362584993913e-05,4.3178564676106376e-05,0.0002940987419375518,0.000297829291208567,0.0006949948505627219,0.0010342988560949442,0.00264491519277349
2024-10-22 00:00:00+00:00,495.9599914550781,0.001089346321456297,3.6842131016698923e-06,4.6368498571802896e-05,4.6847838951611185e-05,0.00022795260473440433,0.00030022255972384876,0.0005826983884996126,0.0008411300234222791,0.002485331051728273
2024-10-23 00:00:00+00:00,488.3599853515625,-0.015442452277095065,1.1866754080703662e-06,4.870888509738741e-06,4.755517397987543e-05,4.8049453185845445e-05,0.0002989696304472924,0.000364128179754372,0.0008403230135517319,0.00240189022618304
2024-10-24 00:00:00+00:00,492.3200073242188,0.008076117645186898,0.00023846933233035854,0.0002396560077384274,0.00024334022084009945,0.0002865038466900389,0.0004676086124728336,0.0005411695120486652,0.0010782339222153501,0.0021788406026056147
2024-10-25 00:00:00+00:00,495.3200073242188,0.0060751066830615486,6.522367621889916e-05,0.0003036930085492562,0.00030487968395732874,0.00035124818252913197,0.00035174246173510354,0.0006051022436811762,0.0010035587476217207,0.0021486464665125098
2024-10-28 00:00:00+00:00,495.3999938964844,0.0001614716011397732,3.6906921210579094e-05,0.00010213059742947674,0.00034059992975983745,0.0003454708182695765,0.00038863444411951754,0.0006395695602071285,0.0009244849936675206,0.0021655731087665726
2024-10-29 00:00:00+00:00,500.1600036621094,0.009562549820107513,2.607307797464201e-08,3.693299428855222e-05,0.00010215667050745354,0.00034181267824588126,0.00038818117681768606,0.0005697652829802859,0.0007047541825921844,0.00214599473425979
2024-10-30 00:00:00+00:00,496.3800048828125,-0.007586282287997292,9.144235906203824e-05,9.146843214001137e-05,0.00012837535335059262,0.00043206836189984914,0.0004369392504095898,0.0004801178150856948,0.0007347685416181571,0.002237158168112138
2024-10-31 00:00:00+00:00,483.8500061035156,-0.025566818325559737,5.7551678953181435e-05,0.00014899403801521815,0.00014902011109319495,0.000251150708522672,0.0004908067162611013,0.0005376545552127111,0.0007910292759849504,0.002275883561759147
2024-11-01 00:00:00+00:00,487.4299926757813,0.007371721416690846,0.0006536621992921772,0.0007112138782453571,0.0008026562373073976,0.0008395892315959501,0.0011432822401452082,0.0011908374141250822,0.001442251870592501,0.002306052770291287
2024-11-04 00:00:00+00:00,486.010009765625,-0.002917455444161554,5.4342276645298496e-05,0.0007080044759374743,0.0007655561548906577,0.0008570245870306694,0.0009591551844601481,0.001202495405300246,0.001426763796932982,0.0023567655587883405
2024-11-05 00:00:00+00:00,492.2099914550781,0.012676217420622748,8.511546268667891e-06,6.285382291396487e-05,0.0007165160222061442,0.0008655100602213627,0.0009024430545099169,0.0012073227384672442,0.0012541855162450208,0.0023637322602184023
2024-11-06 00:00:00+00:00,505.5799865722656,0.0268008211945725,0.00016068648809489965,0.00016919803436356602,0.00022354031100886657,0.0009347541892542242,0.0010262226213942373,0.0013668225511540735,0.0014148570655137553,0.002501263471902969
2024-11-07 00:00:00+00:00,513.5399780273438,0.015621621805767205,0.0007182840167034465,0.0008789705047983446,0.0008874820510670145,0.0015954865270044892,0.0017444805650197093,0.0018466372355271615,0.0021326617418373954,0.0032186886723895025
2024-11-08 00:00:00+00:00,514.1400146484375,0.0011677500653046735,0.00024403506784242144,0.0009623190845458664,0.001123005572640768,0.0011858593955547335,0.0018970732738000924,0.002025448627150684,0.0023340125242096825,0.003406698881147273
2024-11-11 00:00:00+00:00,513.8400268554688,-0.0005836451864285053,1.3636402150190693e-06,0.000245398708057439,0.0009636827247608876,0.001132880759124454,0.0018408852350619302,0.0019899053461551234,0.002331691951323032,0.0033770094162006064
2024-11-12 00:00:00+00:00,512.9099731445312,-0.0018116463896999946,3.4064170364116466e-07,1.7042819186587161e-06,0.0002457393497610822,0.0011247098545594273,0.001187563677473394,0.0019902199147807903,0.002330845917618603,0.003370015662223287
2024-11-13 00:00:00+00:00,512.25,-0.0012875517050892071,3.2820626413130246e-06,3.6227043449526712e-06,4.9863445599738e-06,0.0009673054291058406,0.0011365034634694085,0.001902059618360065,0.002095658647929557,0.003176444679090265
2024-11-14 00:00:00+00:00,508.6900024414063,-0.006973988635752271,1.6577893932781245e-06,4.939852034589632e-06,5.280493738232857e-06,0.00025067920179567226,0.0011296497065940187,0.0018461657288001616,0.002032092761103936,0.003176108783204926
2024-11-15 00:00:00+00:00,496.5700073242188,-0.024114323277771632,4.8636517491601816e-05,5.029430688487842e-05,5.357636952619351e-05,5.528065144485266e-05,0.001017599735990721,0.0012411400469995862,0.0020438223573849587,0.003224186877029787
2024-11-18 00:00:00+00:00,500.0199890136719,0.0069236004449502175,0.0005815005871448788,0.0006301371046364791,0.0006317948940297593,0.0006354175983747124,0.0008808163064321533,0.0017682983574991667,0.002625296871451863,0.0036657886133621377
2024-11-19 00:00:00+00:00,503.4599914550781,0.006856172487202272,4.793624312131485e-05,0.0006294368302661921,0.000678073347757796,0.0006830131997923861,0.0006847174817110468,0.0018077230543518136,0.0025817907555111394,0.003597744181318673
2024-11-20 00:00:00+00:00,503.1700134277344,-0.0005761362843514917,4.7007101174269394e-05,9.494334429558273e-05,0.0006764439314404636,0.0007267382383253424,0.000730360942670297,0.0016940436674311836,0.0025712461777322275,0.003424994398339632
2024-11-21 00:00:00+00:00,504.9800109863281,0.003590734433386089,3.3193301814634286e-07,4.733903419241422e-05,9.527527731373113e-05,0.0007254123819502106,0.0007303522339848022,0.0009760915837458832,0.0019179159114581965,0.0033638983313217124
2024-11-22 00:00:00+00:00,505.7900085449219,0.0016027339876192315,1.2893373771104518e-05,1.3225306789249342e-05,6.0232407963520796e-05,0.0006896692382297134,0.0007399635451145937,0.0007449498896745663,0.0018764670085840028,0.0033755007605064287
2024-11-25 00:00:00+00:00,506.5899963378906,0.0015804104301162525,2.568756235069843e-06,1.546213000617284e-05,1.5794063024321244e-05,0.0001107374073199044,0.0007408745119563855,0.0007461550056946171,0.0018705242185504045,0.003375629912056872
2024-11-26 00:00:00+00:00,509.30999755859375,0.005354872992687554,2.4976971276202383e-06,5.066453362688564e-06,1.795982713379514e-05,6.529886132620979e-05,0.0006947356915924038,0.0007483120611185962,0.0017123354275831253,0.0033082972588796746
2024-11-27 00:00:00+00:00,505.2999877929688,-0.007904575557220461,2.867466476781456e-05,3.1172361895433284e-05,3.374111813050518e-05,4.696642491975496e-05,0.00014190976921533952,0.0007737046632450977,0.0010227260756474933,0.0031558820966908602
2024-11-29 00:00:00+00:00,509.739990234375,0.008748484504674359,6.248231473980716e-05,9.11569795076202e-05,9.36546766352425e-05,0.00010911680664141578,0.00015645584083383185,0.0008345291885916268,0.000841173322544879,0.0032183494726045025
2024-12-02 00:00:00+00:00,515.2899780273438,0.010829033688823486,7.653598112852736e-05,0.000139018295868333,0.0001676929606361496,0.0001727594139988386,0.00018598472078808982,0.0008624286522285522,0.0009163456634583872,0.0032944061133532237
2024-12-03 00:00:00+00:00,516.8699951171875,0.0030615764321648697,0.000117267970633674,0.00019380395176219986,0.0002562862665020091,0.0002874586283974428,0.0003029207584036175,0.0003981960357173474,0.0010332729923884201,0.003368989798516763
2024-12-04 00:00:00+00:00,523.260009765625,0.012287108364456678,9.373250249987374e-06,0.00012664122088365987,0.00020317720201218928,0.0002943341815198099,0.00029940063488250037,0.0003596330428460199,0.0010393641799970946,0.0033746788356650804
2024-12-05 00:00:00+00:00,521.8099975585938,-0.00277495885891188,0.00015097303195990127,0.00016034628220988715,0.0002776142528435632,0.00041663254871189667,0.0004478049106073317,0.0004635989736316518,0.0011886794225637177,0.0035244651922169117
2024-12-06 00:00:00+00:00,526.47998046875,0.008909774778979695,7.700396668653523e-06,0.0001586734286285533,0.0001680466788785427,0.000361850630640743,0.000453007610148365,0.000470967437282159,0.0011477433017407694,0.0032936962565552064
2024-12-09 00:00:00+00:00,522.3800048828125,-0.007818005312685727,7.938408661214268e-05,8.708448328079472e-05,0.00023805751524069802,0.0003646987361243583,0.0005037170319926931,0.0005374581501231972,0.0006456268012080331,0.0033078566669484497
2024-12-10 00:00:00+00:00,520.5999755859375,-0.003413356072922369,6.112120706918226e-05,0.00014050529368132345,0.000148205690349979,0.0003085519725598666,0.0005023559243220683,0.0005960106009573095,0.0006588117651559005,0.0033320709528070532
2024-12-11 00:00:00+00:00,529.9199829101562,0.017744073842528962,1.1650999680556016e-05,7.277220674973678e-05,0.00015215629336188152,0.0003108297219904352,0.0004374709428740969,0.0006051639035102453,0.0006234556636621871,0.0033436958794096344
2024-12-12 00:00:00+00:00,526.5,-0.006474687932953138,0.0003148521565291205,0.00032650315620967504,0.00038762436327885935,0.0004747088465596544,0.0006350551287695435,0.0008913413952715513,0.0009379758871731613,0.0035671056768767167
2024-12-13 00:00:00+00:00,530.530029296875,0.007625230527120053,4.1921583829128984e-05,0.00035677374035824797,0.00036842474003880607,0.0005089300337201299,0.0006676034623486851,0.0008707806643608731,0.0009670040972311858,0.003551475581752664
2024-12-16 00:00:00+00:00,538.1699829101562,0.014297901522483336,5.814414059172356e-05,0.00010006572442085102,0.0004149178809499736,0.00048769008769971076,0.0005747745709805072,0.0008523888238240693,0.0010225794815878395,0.0029559575230522104
2024-12-17 00:00:00+00:00,535.7999877929688,-0.00441352929593819,0.0002044299879466313,0.00026257412853835337,0.0003044957123674844,0.0006309988685771599,0.0007715041622584852,0.0009395508411370266,0.0012245117724068507,0.0031060452343535435
2024-12-18 00:00:00+00:00,516.469970703125,-0.03674378743278428,1.9479240846104654e-05,0.00022390922879273443,0.0002820533693844601,0.0006388271097427085,0.0007115993164924472,0.000949656831733144,0.0012153163484851408,0.00311701292893098
2024-12-19 00:00:00+00:00,514.1699829101562,-0.0044632300600513375,0.001350105914905636,0.0013695851557517392,0.0015740151436983724,0.001674080868119224,0.0020005840243289006,0.0021487897146788785,0.0025029399486509694,0.004306432355741716
2024-12-20 00:00:00+00:00,518.6599731445312,0.008694593903761039,1.9920422568945864e-05,0.0013700263374745803,0.001389505578320687,0.0016520797068590408,0.0020088534472172907,0.002161009740579171,0.002446324390091388,0.003608068761607216
2024-12-23 00:00:00+00:00,522.8699951171875,0.008084347124596825,7.559596315131861e-05,9.551638572026297e-05,0.0014456223006259008,0.0016695315294186358,0.0017695972538394888,0.002157221617118347,0.0024046523826090327,0.003439629656916113
2024-12-24 00:00:00+00:00,529.9600219726562,0.01346871559767493,6.535666843097694e-05,0.00014095263158229405,0.00016087305415124186,0.0015304582099029814,0.0017930323384413368,0.0021614570784801415,0.0024606358007900225,0.003503622685132071
2024-12-26 00:00:00+00:00,529.5999755859375,-0.0006796149371552929,0.00018140629985105192,0.00024676296828202735,0.0003223589314333479,0.001692385268907929,0.0019162944977006652,0.0023312123786506374,0.002491069068681173,0.0036846883432794814
2024-12-27 00:00:00+00:00,522.5599975585938,-0.013382153413648012,4.6187646280459266e-07,0.000181868176313855,0.0002472248447448339,0.0003427412304650975,0.0017123263862168384,0.0020168220985843214,0.002483830548475324,0.0036818681571009733
2024-12-30 00:00:00+00:00,515.6099853515625,-0.013389167763301124,0.00017908202998641114,0.00017954390644921422,0.00036095020630026807,0.0005019028378825628,0.0018719291753571449,0.0021539825447416034,0.002583528491849592,0.0038592923976941062
2024-12-31 00:00:00+00:00,511.2300109863281,-0.00853102906938652,0.00017926981339382202,0.00035835184338023167,0.0003588137198430382,0.0006055766881250662,0.0007010930738453309,0.0022751082175437023,0.002701677098174232,0.003989925693596326
2025-01-02 00:00:00+00:00,510.2300109863281,-0.001957982295857086,7.277845698271783e-05,0.0002520482703765383,0.0004311303003629514,0.0006129984766768071,0.0007539511082591028,0.0021434566865797884,0.0027628045554763943,0.003481203563434165
2025-01-03 00:00:00+00:00,518.5800170898438,0.016232713966133794,3.833694670889785e-06,7.66121516536061e-05,0.0002558819650474301,0.00043542587149664495,0.000682188839778674,0.0021278111404045737,0.002451786093618163,0.00343710101498374
2025-01-06 00:00:00+00:00,524.5399780273438,0.011427306199129461,0.0002635010027063151,0.0002673346973772034,0.0003401131543599232,0.0006984649977401555,0.0008803331740540122,0.0010412062282052527,0.002673365512495349,0.003653594916515786
2025-01-07 00:00:00+00:00,515.1799926757812,-0.01800530620276586,0.0001305833269686626,0.0003940843296749762,0.0003979180243458679,0.0006499662947224069,0.0008295102011716229,0.0011518691326049696,0.0027458046988722887,0.0037838463104663024
2025-01-08 00:00:00+00:00,515.27001953125,0.00017473308677029564,0.0003241910514553587,0.00045477437842401973,0.0007182753811303368,0.0007948875327839436,0.001153239376164177,0.0014004642209090095,0.0028655657623810156,0.004095143988150557
2025-01-10 00:00:00+00:00,507.1900024414063,-0.01580538137689569,3.0531651612275665e-08,0.0003242215831069694,0.00045480491007563394,0.000722139607452838,0.0009741878778293781,0.001335138084129645,0.0028461170531865233,0.0040926057635670985
2025-01-13 00:00:00+00:00,505.55999755859375,-0.0032189707041032634,0.00024981008046912105,0.0002498406121207318,0.0005740316635760923,0.0009681159932510693,0.0010447281449046772,0.0014035418647477139,0.0017458212187500084,0.0043399181469086
2025-01-14 00:00:00+00:00,505.0799865722656,-0.0009499149646954308,1.0361772393875058e-05,0.0002601718528629946,0.00026020238451460875,0.0007149767629386292,0.0009823114603158343,0.0014134417606787844,0.0017362625685749375,0.00432160525453466
2025-01-15 00:00:00+00:00,516.7000122070312,0.022745652933008564,9.023384401523215e-07,1.1264110834025862e-05,0.0002610741913031488,0.0005852957744101189,0.0009793801040850968,0.0012352620691325257,0.0016615689438637714,0.004260025278235005
2025-01-16 00:00:00+00:00,513.0800170898438,-0.007030647178135396,0.0005173647273488811,0.0005182670657890319,0.0005286288381829089,0.0007784694503036413,0.0012332438287276626,0.0015733569830875846,0.0021135770027816752,0.004700854024455359
2025-01-17 00:00:00+00:00,521.739990234375,0.016737549048857936,4.942999974342321e-05,0.0005667947270923027,0.0005676970655324569,0.0008278689183954522,0.0011520905015024235,0.00155000852584829,0.0019816007026740466,0.004633016053565108
2025-01-21 00:00:00+00:00,524.7999877929688,0.005847853580680962,0.0002801455481629252,0.0003295755479063469,0.0008469402752552299,0.0008582043860892565,0.00110804499820999,0.0018263203793403254,0.002261284374374167,0.0049037883514780455
2025-01-22 00:00:00+00:00,531.510009765625,0.012704816284286657,3.4197391501083144e-05,0.0003143429396640068,0.0003637729394074319,0.0008820400051964645,0.0011422118580594607,0.0015970167681350934,0.0021163997358888396,0.004787012711019228
2025-01-23 00:00:00+00:00,532.6400146484375,0.0021237706744701157,0.00016141235681747543,0.00019560974831855707,0.0004757552964814841,0.0010425500235737876,0.0010538141344078153,0.0016278457979839063,0.0020985422793124925,0.0049407246711680505
2025-01-24 00:00:00+00:00,529.6300048828125,-0.0056671425648726625,4.5104018777392505e-06,0.00016592275869521317,0.00020012015019629816,0.0005296956981026458,0.0010479627638916795,0.0013081651484062868,0.0020302742242075144,0.004865850986433646
2025-01-27 00:00:00+00:00,514.2100219726562,-0.029546873704103582,3.21165048505915e-05,3.662690672832924e-05,0.00019803926354580652,0.0005123822032098141,0.0010791769303021186,0.0013402511216052662,0.002058557034387216,0.004836846284215056
2025-01-28 00:00:00+00:00,521.8099975585938,0.014671747211772335,0.0008730177456862478,0.0009051342505368377,0.0009096446524145789,0.0011052544007331367,0.0014348299486394854,0.001963458786822393,0.0026680737773671485,0.0056982130302207475
2025-01-29 00:00:00+00:00,520.8300170898438,-0.0018798065364062921,0.00021526016624614928,0.0010882779119323956,0.001120394416782989,0.0012863171754782029,0.0016006601151422114,0.002168357180674667,0.002752750616644635,0.005598621039937776
2025-01-30 00:00:00+00:00,523.0499877929688,0.004253312716920199,3.5336726143158206e-06,0.00021879383886046357,0.0010918115845467134,0.0011284384912750433,0.0013240482395936019,0.0021709885148488307,0.0024320932378035925,0.005560233128722962
2025-01-31 00:00:00+00:00,522.2899780273438,-0.0014540913470977301,1.8090669067915086e-05,2.162434168222939e-05,0.0002368845079283805,0.001142018758465219,0.001307941517160434,0.0016717144565678646,0.0024501533752198956,0.005520179657199155
2025-02-03 00:00:00+00:00,518.1099853515625,-0.008035400449670327,2.1143816457044915e-06,2.020505071361806e-05,2.3738723327935724e-05,0.0011120166352603321,0.001148643541988663,0.001624398838470146,0.002202457676396479,0.005317864050898228
2025-02-04 00:00:00+00:00,524.469970703125,0.012200626354937683,6.456766038656209e-05,6.668204203226506e-05,8.477271110018199e-05,0.0003035665499606463,0.0012087008004974858,0.0014088209506937827,0.0022566635643891655,0.005362952470438685
2025-02-05 00:00:00+00:00,526.8499755859375,0.0045276586960856235,0.00014885528345279995,0.0002134229438393605,0.00021553732548506687,0.000237161667167297,0.0013254395790996943,0.0015234788426454998,0.0024046165094018133,0.004161701838985849
2025-02-06 00:00:00+00:00,529.5999755859375,0.005206126817885348,2.049969326823977e-05,0.0001693549767210382,0.00023392263710760215,0.000254127687821221,0.0004729215266816863,0.0013825661790962639,0.001907751475321172,0.004162281109685143
2025-02-07 00:00:00+00:00,522.9199829101562,-0.012693502511642585,2.710375644390502e-05,4.760344971214327e-05,0.00019645873316494506,0.00026314077519721087,0.000284765116879442,0.0014051595336624298,0.0018854252320216539,0.004113788902977729
2025-02-10 00:00:00+00:00,529.25,0.012032454002880222,0.00016112500601307662,0.00018822876245698012,0.00020872845572522173,0.000422151399564583,0.00044235645027820283,0.0015341680348249147,0.0017664046898718051,0.004209557240559829
2025-02-11 00:00:00+00:00,527.989990234375,-0.0023835843778572396,0.00014477994933142826,0.00030590495534450334,0.0003330087117884102,0.0005023636885094491,0.000569045730541716,0.0008059302384700953,0.0018769872477021506,0.004172930890040205
2025-02-12 00:00:00+00:00,528.2999877929688,0.0005869554269031241,5.6814744863650845e-06,0.00015046142381779182,0.0003115864298308703,0.0003591898795430143,0.0005726128233823766,0.0005963515467103111,0.0017212563653710398,0.004178150488063766
2025-02-13 00:00:00+00:00,535.9000244140625,0.014283340993906712,3.445166731710286e-07,6.025991159534595e-06,0.0001508059404909647,0.0003390347029479455,0.0005083896796689854,0.0005931623907691662,0.0017170904801664718,0.003999412974750526
2025-02-14 00:00:00+00:00,538.1500244140625,0.004189755019028851,0.000204013829948216,0.0002043583466213855,0.00021003982110775243,0.0005159447764522565,0.0005635482261644015,0.0007790855516494672,0.0018889878052640962,0.004024156991304919
2025-02-18 00:00:00+00:00,539.3699951171875,0.002264405676550396,1.755404711947745e-05,0.00022156787706769193,0.0002219123937408648,0.0003723738175586574,0.0005606025800156392,0.0007945252171232402,0.0010335241066973257,0.003968932581441679
2025-02-19 00:00:00+00:00,539.52001953125,0.0002781088210888072,5.127533067993657e-06,2.268158018746959e-05,0.0002266954101356874,0.00023272140129522274,0.0005386263566397279,0.0007350850898046717,0.0008233914735191704,0.003970226419838783
2025-02-20 00:00:00+00:00,537.22998046875,-0.004253619717406565,7.734451636740617e-08,5.204877584359545e-06,2.2758924703838838e-05,0.00022711727132522508,0.0003775786951430187,0.0005863071508682392,0.0008199351454212219,0.0037068027616488355
2025-02-21 00:00:00+00:00,526.0800170898438,-0.0209729469441724,1.8093280700309904e-05,1.8170625216675792e-05,2.3298158284671292e-05,0.00024486603535236394,0.0002508920265119003,0.0005839007383003093,0.0008199377570536167,0.003594312715380483
2025-02-24 00:00:00+00:00,519.8699951171875,-0.011874553985125047,0.0004398645035230704,0.0004579577842233788,0.000458035128739748,0.0004807167089272183,0.0006850750555486057,0.0009966614853794747,0.0012576878789309826,0.0037099861674481944
2025-02-25 00:00:00+00:00,513.3200073242188,-0.012679324283301874,0.00014100503234564914,0.000580869535868718,0.0005989628165690298,0.00060416769415339,0.0008257355712210837,0.0009765415117120473,0.0013341252508900698,0.0038509606681422313
2025-02-26 00:00:00+00:00,514.5599975585938,0.0024127151613093645,0.00016076526428112858,0.00030177029662677623,0.0007416348001498484,0.000759805425366525,0.0007824870055539963,0.0009925268266617476,0.0013460352317183981,0.003761915851954239
2025-02-27 00:00:00+00:00,500.2699890136719,-0.02816423109203825,5.821194449612073e-06,0.00016658645873073914,0.0003075914910763902,0.0007655492752997697,0.0007707541528841309,0.0009926665466249945,0.0013313567328997705,0.003757375274009976
2025-02-28 00:00:00+00:00,508.1700134277344,0.01566813297624492,0.0007932239130057341,0.0007990451074553446,0.0009598103717364751,0.0015406799076051938,0.0015588505328218713,0.0017855459429575575,0.0020974768894616,0.004549696848575558
2025-03-03 00:00:00+00:00,497.0499877929688,-0.022125463590912275,0.00024549039096129346,0.001038714303967026,0.00104453549841664,0.0013463057950434168,0.0018042635792667973,0.0018270225039706352,0.0021818422744098167,0.0042778225121879706
2025-03-04 00:00:00+00:00,495.5499877929688,-0.0030223678797751674,0.0004895361391127847,0.0007350265300740767,0.0015282504430798127,0.0016948369018105524,0.002275706437679272,0.0022990045959639426,0.002526598464191173,0.004717928651557331
2025-03-05 00:00:00+00:00,502.010009765625,0.012951827045677433,9.13470760069664e-06,0.0004986708467134798,0.0007441612376747753,0.0015432063451301205,0.0018449766417568984,0.0023030117704966454,0.0025300516973055043,0.004446917810995103
2025-03-06 00:00:00+00:00,488.2000122070313,-0.02789487630207521,0.00016774982382114143,0.00017688453142183656,0.0006664206705346232,0.00170513497450165,0.0018717214332323907,0.0024706842498014195,0.002697457004453475,0.004580470243315161
2025-03-07 00:00:00+00:00,491.7900085449219,0.007326630518598165,0.0007781241239080772,0.0009458739477292171,0.0009550086553299157,0.0016900351854039928,0.002489080292859339,0.0032307150930091866,0.003271567298413336,0.005197182010405763
2025-03-10 00:00:00+00:00,472.7300109863281,-0.03952738925616828,5.367951475605402e-05,0.0008318036386641297,0.000999553462485273,0.0014982243091987534,0.0025369386131657815,0.00284453010424217,0.0033076927660499124,0.005246351123284078
2025-03-11 00:00:00+00:00,471.6000061035156,-0.002393242620088998,0.0015624145014086473,0.0016160940161646998,0.002394218140072779,0.002571102671494616,0.0033061292015686946,0.004265939573305168,0.004864979734390566,0.006776649119842134
2025-03-12 00:00:00+00:00,476.9200134277344,0.011217608487678277,5.727610238610451e-06,0.0015681421116472561,0.0016218216264033119,0.0025676955741325298,0.0030663664208460113,0.0041109019192626505,0.00487063000011281,0.0059093589843944964
2025-03-13 00:00:00+00:00,468.3399963378906,-0.018154270038512443,0.0001258347401828317,0.00013156235042144064,0.0016939768518300896,0.0025257804904942204,0.0027026650219160583,0.00423091546499587,0.004978371459595331,0.005819933558331179
2025-03-14 00:00:00+00:00,479.6600036621094,0.023883007162294412,0.00032957752063123057,0.00045541226081406076,0.000461139871052673,0.0020772338872173737,0.003023107834946592,0.003767269072621366,0.004868084476703491,0.006145977406348094
2025-03-17 00:00:00+00:00,482.7699890136719,0.006462799788011786,0.0005703980311142062,0.0008999755517454353,0.0010258102919282687,0.0025939524035755255,0.0034257560422396574,0.004092176712774279,0.005297477475472048,0.006698284768394384
2025-03-18 00:00:00+00:00,474.5400085449219,-0.017194395238704807,4.1767781099925186e-05,0.0006121658122141298,0.0009417433328453622,0.0010733056832668037,0.002689399699431505,0.0036444083547614195,0.005178479992290845,0.006737938167848605
2025-03-19 00:00:00+00:00,480.8900146484375,0.013292652418442685,0.00029564722762479457,0.00033741500872471825,0.0009078130398389261,0.001363225300652988,0.0029313674123002454,0.0039309208747855175,0.005468306025466027,0.006969017735086838
2025-03-20 00:00:00+00:00,479.260009765625,-0.0033953161636830487,0.00017669460831753016,0.0004723418359423232,0.0005141096170422502,0.0014140851687876863,0.0015456475192091286,0.003939865659281907,0.004851776720777824,0.0069968570599515684
2025-03-21 00:00:00+00:00,480.8399963378906,0.0032912987990991738,1.1528171851367376e-05,0.00018822278016889603,0.0004838700077936923,0.0010960358200078231,0.0015514480808218856,0.0031732697072251966,0.004617814501667897,0.006987885538534695
2025-03-24 00:00:00+00:00,490.6600036621094,0.0202168642155387,1.0832647784951663e-05,2.236081963631752e-05,0.00019905542795384943,0.0005364704366785686,0.0014364459884240056,0.003130422840254094,0.004139111010340065,0.006971614429875743
2025-03-25 00:00:00+00:00,493.4599914550781,0.005690353538565063,0.0004087215987095292,0.00041955424649447933,0.00043108241834584847,0.0009034242542881726,0.0015155900665023044,0.001976729937554976,0.004538697901448897,0.007219211022572195
2025-03-26 00:00:00+00:00,484.3800048828125,-0.018572051858570582,3.2380123393859934e-05,0.0004411017221033876,0.000451934369888341,0.0006401571500572379,0.0009775721587819578,0.0020033824507102254,0.004403328201021615,0.007106811196634626
2025-03-27 00:00:00+00:00,481.6199951171875,-0.005714321482289009,0.000344921110237435,0.00037730123363129343,0.0007860228323408243,0.0008083836519771427,0.0012807254879194678,0.002222468820764829,0.003970125187350973,0.007446050832385696
2025-03-28 00:00:00+00:00,468.9400024414063,-0.026680577534418326,3.265347000294965e-05,0.0003775745802403831,0.0004099547036342448,0.000829508950128725,0.0010177317302976227,0.001925544770136548,0.003949099142597869,0.007478359785715475
2025-03-31 00:00:00+00:00,468.9200134277344,-4.262685973799307e-05,0.0007118532175701079,0.000744506687573056,0.0010894277978104928,0.0015305295199138811,0.0015528903395502006,0.0020669999565924497,0.00309853785875933,0.007986199173337366
2025-04-01 00:00:00+00:00,472.7000122070313,0.008028756784171698,1.8170491711225348e-09,0.0007118550346192776,0.0007445085046222289,0.0011218097382535233,0.0015413639847480043,0.0020252339925416955,0.0030928120655698906,0.00796864694326706
2025-04-02 00:00:00+00:00,476.1499938964844,0.007271954198335706,6.446093549938307e-05,6.446275254855267e-05,0.0007763159701186623,0.0011538905503590462,0.0015949922724624358,0.001794047700416284,0.003031438260886442,0.00802798034569845
2025-04-03 00:00:00+00:00,450.6600036621094,-0.0550197347695045,5.28813178626923e-05,0.00011734225336207385,0.0001173440704112467,0.0008618507579843036,0.0012391519916155986,0.0016702344099614461,0.0027547420581179034,0.008080784319044774
2025-04-04 00:00:00+00:00,422.6700134277344,-0.0641214185499468,0.0030271712141066226,0.0030800525319693134,0.003144513467468698,0.0038563685020879764,0.004233943082328362,0.004685877452216701,0.005211515241110319,0.011089862252451088
2025-04-07 00:00:00+00:00,423.6900024414063,0.002410297009197926,0.004111556316857461,0.007138727530964083,0.007191608848826777,0.007256071601375329,0.008000578288948387,0.00878660112128921,0.009281303776867856,0.01476155406578548
2025-04-08 00:00:00+00:00,416.05999755859375,-0.01817258674901101,5.809531672548466e-06,0.004117365848530009,0.007144537062636633,0.007261879315998707,0.007973734350617986,0.00838368905425223,0.008991466080915608,0.014626358565112378
2025-04-09 00:00:00+00:00,466.0,0.11335615936332744,0.00033024290915033055,0.00033605244082287813,0.00444760875768034,0.007527661289649654,0.007592124042198208,0.0086815518400087,0.009145014381748409,0.01479583620998158
2025-04-10 00:00:00+00:00,446.1799926757813,-0.04346319249653163,0.012849618865604087,0.013179861774754416,0.013185671306426967,0.02032439883739105,0.020441741090753123,0.02118624959537535,0.02198310507550113,0.027639633881136057
2025-04-11 00:00:00+00:00,454.3999938964844,0.018255412345794753,0.0018890491019905636,0.014738667967594649,0.01506891087674498,0.019186276725274988,0.022266329257244307,0.023042645227362966,0.023861321529706738,0.028735459070120886
2025-04-14 00:00:00+00:00,457.4800109863281,0.0067553379529892155,0.00033326007991499546,0.0022223091819055575,0.015071928047509644,0.015407980488332524,0.02254670801929661,0.022664052089707856,0.023785860010912208,0.028823228759074587
2025-04-15 00:00:00+00:00,457.989990234375,0.0011141365639941725,4.5634590859096524e-05,0.00037889467077409025,0.002267943772764654,0.015447805547519072,0.01956517139604908,0.02270968486351778,0.023799114478377445,0.028379327210820898
2025-04-16 00:00:00+00:00,444.1799926757813,-0.0306174592981332,1.2413002832287408e-06,4.687589114232353e-05,0.000380135971057319,0.015118803938651969,0.01545485637947485,0.022646465228301625,0.023455434668423238,0.028371433803503432
2025-04-17 00:00:00+00:00,444.1000061035156,-0.0001800931521405147,0.0009374288138728431,0.0009386701141560701,0.0009843047050151666,0.0032066138869207257,0.016386475661675146,0.023531012724311774,0.024360210012293132,0.02914111279355513
2025-04-21 00:00:00+00:00,433.1099853515625,-0.02505807255330339,3.243354344790657e-08,0.0009374612474162893,0.0009387025476995181,0.0013175972184736099,0.016056265186068265,0.0205038739437486,0.02364838922826647,0.028363021103190503
2025-04-22 00:00:00+00:00,444.4800109863281,0.025913380794924556,0.0006279070000866166,0.0006279394336300628,0.001565368247502906,0.001612244138645231,0.0038345533205507917,0.01702022462697776,0.024276294411303915,0.028937248588521067
2025-04-23 00:00:00+00:00,454.55999755859375,0.022424828451716117,0.0006715033042227649,0.0012994103043093798,0.001299442737852828,0.0022381128520088996,0.0026170075227829933,0.01768591839952797,0.0248833367800273,0.02804633739133518
2025-04-24 00:00:00+00:00,467.3500061035156,0.027748541953475758,0.0005028729310888966,0.00117437623531166,0.0018022832353982764,0.0027397444828145675,0.0027866203739568946,0.01785854842146654,0.0253333283932535,0.02854348271218547
2025-04-25 00:00:00+00:00,472.55999755859375,0.011086263144207464,0.0007699815805438042,0.0012728545116326992,0.0019443578158554642,0.002572297249485529,0.0035109673636416023,0.0057789111364062555,0.023076138759690685,0.029187629552546442
2025-04-28 00:00:00+00:00,472.4100036621094,-0.0003174574802384811,0.00012290523050261277,0.0008928868110464152,0.001395759742135312,0.0026951700464446933,0.003632631293860986,0.004012767264918305,0.019087487673335835,0.028980957262417825
2025-04-29 00:00:00+00:00,475.5299987792969,0.006582708558473094,1.0077925175936561e-07,0.0001230060097543704,0.0008929875902981747,0.002067363825609836,0.0026953032592399026,0.0036796079642550687,0.019081778920915046,0.028410660010555377
2025-04-30 00:00:00+00:00,475.4700012207031,-0.00012617783106882996,4.333205196579492e-05,4.343283121755255e-05,0.00016633806172016542,0.001439192573352866,0.0027386028776622494,0.003677305425361767,0.01879486806373051,0.028412224281421247
2025-05-01 00:00:00+00:00,481.6799926757813,0.012976186870818474,1.5920845053234192e-08,4.334797281084642e-05,4.34487520626059e-05,0.0009363355631090228,0.002110711798420686,0.0036760800459235917,0.005945265118971476,0.028116592974641506
2025-05-02 00:00:00+00:00,488.8299865722656,0.014734775349694473,0.00016838142570640172,0.0001683973465514532,0.00021172939851724825,0.00033473540827162025,0.0016075899199043228,0.0029070326577571503,0.004224597442687314,0.02810827979203038
2025-05-05 00:00:00+00:00,485.9299926757813,-0.005950187767951753,0.00021711360460596388,0.00038549503031236386,0.0003855109511574172,0.0004289437823749714,0.00132183059342139,0.0031241138288196665,0.004108450967378283,0.028313865224784976
2025-05-06 00:00:00+00:00,481.4100036621094,-0.009345260045939163,3.540473447388267e-05,0.0002525183390798448,0.0004208997647862466,0.00046424773759709466,0.0005872537473514685,0.002531611563206933,0.004098221110993069,0.028338437311473903
2025-05-07 00:00:00+00:00,483.2999877929688,0.0039182481069426345,8.733388532622685e-05,0.00012273861980010778,0.00033985222440607177,0.0005082495709575266,0.0005516824021750827,0.0019474421443103945,0.004184313696036068,0.028017049598090604
2025-05-08 00:00:00+00:00,488.2900085449219,0.010271955550630985,1.535266822755954e-05,0.00010268655355378465,0.00013809128802766743,0.0005235863183400329,0.0005669342911508828,0.0014599218814490575,0.0032622375503907836,0.028000022142924304
2025-05-09 00:00:00+00:00,487.9700012207031,-0.0006555780887849139,0.00010551307083413869,0.0001208657390616965,0.00020819962438792345,0.0004607179634677699,0.0006291153100192265,0.0007954533717393919,0.0033677181876814745,0.027760614103521007
2025-05-12 00:00:00+00:00,507.8500061035156,0.03993220934863828,4.297826304948804e-07,0.00010594285346463184,0.00012129552169219149,0.00024403414149230088,0.0006295291718046682,0.0006729779238672741,0.002740240970225353,0.02772839041614855
2025-05-13 00:00:00+00:00,515.5900268554688,0.015125787680211111,0.0015945813434634745,0.0015950111260939676,0.0017005241969281065,0.0018032107504818927,0.002055729089561741,0.002267458488078989,0.0036633190094660624,0.028611118542041916
2025-05-14 00:00:00+00:00,518.6799926757812,0.005975180475736863,0.00022878945294682623,0.001823370796410299,0.001823800579040794,0.001944666318102492,0.0020674049379026034,0.0024529158890600204,0.0033892355313239917,0.02883990617793957
2025-05-15 00:00:00+00:00,519.25,0.001098354196420459,3.570278171762701e-05,0.0002644922346644515,0.0018590735781279263,0.0019650164315925594,0.002067702985146348,0.0024886027499325942,0.0026549567324978146,0.028811148024157816
2025-05-16 00:00:00+00:00,521.510009765625,0.004343005681846535,1.2063819407944323e-06,3.6909163658419704e-05,0.00026569861660524617,0.0018607097426992154,0.001981575481760915,0.002321427706166987,0.002533257883935996,0.02875947308823592
2025-05-19 00:00:00+00:00,522.010009765625,0.0009582950569333448,1.886169835255128e-05,2.006808029334398e-05,5.5770862010971205e-05,0.0018791416584212717,0.001985084511885907,0.0021231757999135743,0.002552018803036788,0.025751163572481847
2025-05-20 00:00:00+00:00,520.27001953125,-0.0033388183633471513,9.183294161428826e-07,1.978002776869243e-05,2.098640970948708e-05,0.0002854786443739401,0.0018804897704679112,0.0020886893948558346,0.0025096050804871363,0.02164052558504053
2025-05-21 00:00:00+00:00,513.0399780273438,-0.013994173119397324,1.114770806342415e-05,1.2066037479565298e-05,3.092773583211679e-05,6.783689949053802e-05,0.0018912076959008404,0.002012503217593032,0.002520736867705507,0.021645863761431405
2025-05-22 00:00:00+00:00,514.0,0.001869493442907988,0.00019583688129566263,0.00020698458935908504,0.00020790291877522814,0.00022797099906857364,0.0004924632337330287,0.0021929874306611348,0.002548192323294768,0.021511457733576735
2025-05-23 00:00:00+00:00,509.239990234375,-0.009303866438582276,3.4950057330759623e-06,0.00019933188702873686,0.00021047959509216122,0.00023025962286085517,0.00026716878651927834,0.002090969365560072,0.00233457372442188,0.008665333873705725
2025-05-27 00:00:00+00:00,521.219970703125,0.02325276227502826,8.656193070697763e-05,9.005693644005186e-05,0.0002858938177357147,0.0002979598552152815,0.0003180279355086289,0.002177101513636555,0.0023857309206549745,0.006862846702422139
2025-05-28 00:00:00+00:00,518.9099731445312,-0.004441755321287211,0.0005406909534189775,0.0006272528841259533,0.0006307478898590295,0.000837732479218116,0.000857512506986812,0.0011232111235920579,0.0028390879887477257,0.007070277575926122
2025-05-29 00:00:00+00:00,519.9299926757812,0.001963767072136413,1.9729190334183253e-05,0.000560420143753159,0.0006469820744601368,0.0008463139614888752,0.0008583799989684439,0.000914150860979415,0.0028434645108543492,0.007044372175401208
2025-05-30 00:00:00+00:00,519.1099853515625,-0.001578394502235625,3.856381113607221e-06,2.358557144778874e-05,0.0005642765248667664,0.0006543334613068198,0.0008613180506659082,0.0008823044603753952,0.002741807821133818,0.0070469872562315865
2025-06-02 00:00:00+00:00,523.2100219726562,0.0078671765658207,2.491329204687646e-06,6.3477103182931324e-06,2.6076900652476602e-05,0.0006533297847784316,0.0008526616718071719,0.0008835894076392885,0.00274386936770801,0.006112049771563431
2025-06-03 00:00:00+00:00,527.2999877929688,0.0077866682803096054,6.189246711779838e-05,6.43837963224843e-05,6.824017743609172e-05,0.0006286603211892522,0.0007187172576293075,0.0009266201764045355,0.0012111804913623346,0.006173909805137781
2025-06-04 00:00:00+00:00,528.77001953125,0.00278396825502103,6.063220290757975e-05,0.0001225246700253764,0.00012501599923006425,0.00014860157067785452,0.0007758544548038113,0.0009863340498959723,0.001043023241323088,0.005606635007958745
2025-06-05 00:00:00+00:00,524.7899780273438,-0.00755545094051957,7.750479244964838e-06,6.838268215254286e-05,0.00013027514927034143,0.0001366228595886361,0.0006970430033417986,0.000982936821077513,0.0010150709388504256,0.004942882182980945
2025-06-06 00:00:00+00:00,529.9199829101562,0.009727878806126355,5.708483891459806e-05,6.483531815956118e-05,0.00012546752106714113,0.00018985131738962695,0.00021343688883741915,0.0008441847786964486,0.0010709493958242294,0.004497094090806645
2025-06-09 00:00:00+00:00,530.7000122070312,0.0014708933286202708,9.463162606668232e-05,0.00015171646498127867,0.00015946694422624372,0.0002819916142516216,0.00028833932456991823,0.0009353213990300549,0.0011467193235383606,0.0038217441363295242
2025-06-10 00:00:00+00:00,534.2100219726562,0.006592148376849849,2.1635271841796197e-06,9.679515325086024e-05,0.00015387999216545848,0.00022226267431800286,0.0002866464706404906,0.0008509229955072569,0.0011479645213063972,0.003701002433011091
2025-06-11 00:00:00+00:00,532.4099731445312,-0.003375242439202175,4.34564202224041e-05,4.561994740658201e-05,0.00014025157347326454,0.00020508689163282722,0.0003276115616582071,0.00035368846231068345,0.0011802732334653774,0.003744358073981736
2025-06-12 00:00:00+00:00,533.6599731445312,0.002345062961763844,1.1392261523391449e-05,5.484868174579384e-05,5.7012208929973666e-05,0.0002087286739112538,0.0002771113560638001,0.00034535153349989165,0.000995828613693106,0.0037124182835393325
2025-06-13 00:00:00+00:00,526.9600219726562,-0.012634195705568452,5.499320294636612e-06,1.6891581818026352e-05,6.0348002040430656e-05,0.00015714315529129238,0.00022197847345085703,0.00034699447268092103,0.0009978329282546666,0.0037179016829889154
2025-06-16 00:00:00+00:00,534.2899780273438,0.013814035557057736,0.0001596229011266043,0.0001651222214212392,0.00017651448294463086,0.00022213443035121435,0.0003738508953324965,0.0005041260446028377,0.0010708938986742932,0.0037091431584091185
2025-06-17 00:00:00+00:00,529.0800170898438,-0.009799040127600023,0.0001908275783716554,0.00035045047949825803,0.0003559497997928948,0.00041079848153869014,0.0005075936347895538,0.0006330611558566947,0.0007210305236269712,0.00368285713217481
2025-06-18 00:00:00+00:00,528.989990234375,-0.0001701718318498635,9.602118742231547e-05,0.0002868487657939692,0.00044647166692057366,0.0004633632487386015,0.000508983196145187,0.0006684501403714304,0.0007973225207151035,0.0037434735851232426
2025-06-20 00:00:00+00:00,526.8300170898438,-0.0040915613321717,2.895845235513822e-08,9.60501458746689e-05,0.00028687772424632453,0.0004519999456675652,0.0005068486274133625,0.0006607286195788207,0.0007934950980538514,0.003656168658249371
2025-06-23 00:00:00+00:00,531.6500244140625,0.009107475723517666,1.6740874134922658e-05,1.676983258727609e-05,0.00011279102000959177,0.00046324149950785124,0.000480133081325881,0.0006203846547991453,0.0008077446429840863,0.0036575568641567338
2025-06-24 00:00:00+00:00,539.780029296875,0.015176279395149983,8.294611405446364e-05,9.968698818938459e-05,9.971594664173995e-05,0.0003865647124357106,0.0005516869338569533,0.0006086991427869267,0.0008287982899207516,0.003634989907377059
2025-06-25 00:00:00+00:00,541.1599731445312,0.0025532306958622186,0.00023031945627965394,0.0003132655703341159,0.00033000644446903876,0.0004260565903437091,0.0007765070698419706,0.0008368550718824009,0.0009984855432928258,0.003864879581026218
2025-06-26 00:00:00+00:00,546.219970703125,0.00930683724809711,6.518986986293069e-06,0.00023683844326594528,0.00031978455732040916,0.0003365543899076867,0.0006234031557016594,0.00079991763864629,0.000997254051034154,0.0022768172245490365
2025-06-27 00:00:00+00:00,548.0900268554688,0.003417784680571856,8.66172195625678e-05,9.313620654885915e-05,0.00032345566282851327,0.00042314265101789936,0.0005191927968925717,0.0008751425966854663,0.0010267864316821239,0.002134644991164778
2025-06-30 00:00:00+00:00,551.6400146484375,0.006456130122397319,1.1681252122751664e-05,9.829847168531776e-05,0.00010481745867161102,0.00041808302900572835,0.0004348528615930079,0.0008813245285135814,0.0009438360577381932,0.002110623461569903
2025-07-01 00:00:00+00:00,546.989990234375,-0.008465183294644518,4.168161615732602e-05,5.336286828007597e-05,0.000139980087842644,0.0003768185311085907,0.00047650551929797876,0.0007633832435443032,0.0009833541467113396,0.0021510986957864347
2025-07-02 00:00:00+00:00,550.7999877929688,0.0069412418262988496,7.165932821192862e-05,0.00011334094436925293,0.00012502219649200482,0.00021815840304086542,0.0005314239733749847,0.0006442149933845764,0.001011557054700864,0.002203896325645812
2025-07-03 00:00:00+00:00,556.219970703125,0.009792102078251652,4.818083809116059e-05,0.0001198401663030875,0.00016152178246041374,0.0002598202541457329,0.0004966586974116817,0.0005963746440534215,0.001048345631268633,0.002251158834320829
2025-07-07 00:00:00+00:00,552.030029296875,-0.007561401072829099,9.588526311090033e-05,0.0001440661012020592,0.00021572542941398804,0.0002690882976940655,0.0003622245042429281,0.0006922309487119666,0.001138731574084897,0.002335896389368306
2025-07-08 00:00:00+00:00,552.3400268554688,0.0005614016153527857,5.7174786184181055e-05,0.00015306004929507968,0.0002012408873862405,0.00031458183175549486,0.00041288030344081606,0.000732664860761225,0.0010362834591424736,0.002197234294256824
2025-07-09 00:00:00+00:00,556.25,0.007053986167541382,3.151717737207171e-07,5.748995795790006e-05,0.0001533752210688006,0.00027321538737188955,0.000326578255651969,0.000650033918480482,0.000845771052544539,0.002194054460297469
2025-07-10 00:00:00+00:00,555.4500122070312,-0.001439215475886435,4.975872085186515e-05,5.007389262558416e-05,0.00010724867880976542,0.0002513147800118261,0.0003646557243810825,0.00046947318305269327,0.0007995085859740887,0.0021572512504423563
2025-07-11 00:00:00+00:00,554.2000122070312,-0.0022529635492851696,2.0713411860310176e-06,5.183006203789446e-05,5.2145233811615397e-05,0.00020520528310669653,0.0003250454494097875,0.0004650255372524312,0.0008015509687077646,0.0016186316382094097
2025-07-14 00:00:00+00:00,556.2100219726562,0.0036203058314008274,5.075844754407629e-06,7.147185940436939e-06,5.690590679230231e-05,0.00011439586475020384,0.0002584619659522665,0.00038348416244427105,0.0007898859393272495,0.0016039782926296343
2025-07-15 00:00:00+00:00,556.719970703125,0.0009164076258389997,1.3106614312874835e-05,1.8182459067280757e-05,2.0253800253311992e-05,7.032769287889761e-05,0.00022338774217398074,0.0003849095246343942,0.0007200464395856607,0.0016132285258289019
2025-07-16 00:00:00+00:00,557.2899780273438,0.0010233434173771983,8.398029366958721e-07,1.3946417249569e-05,1.9022262003976845e-05,7.085232404187277e-05,0.0001283422819997763,0.0003440677114137641,0.0004905667862427026,0.00161157699956091
2025-07-17 00:00:00+00:00,561.7999877929688,0.008060181611819317,1.0472317498892425e-06,1.8870346865834053e-06,1.499364899945846e-05,2.2140834939896862e-05,7.221472756548446e-05,0.0002734556149517247,0.0004850950310062988,0.001550731764193001
2025-07-18 00:00:00+00:00,561.260009765625,-0.0009616192725729888,6.496652761551024e-05,6.601375936539777e-05,6.685356230209386e-05,8.503602136937608e-05,0.000136866083407274,0.00029024130447607435,0.0004634443390592412,0.0015550660889009315
2025-07-21 00:00:00+00:00,564.1699829101562,0.00517132055921099,9.247116253838042e-07,6.589123924089234e-05,6.693847099078179e-05,8.088488824035225e-05,8.803207418079264e-05,0.00019528075299055783,0.0004526877985618734,0.0015482403212813505
2025-07-22 00:00:00+00:00,561.25,-0.005189155171888338,2.6742556326118266e-05,2.766726795150036e-05,9.263379556701082e-05,9.452083025359569e-05,0.0001127032893208799,0.00016484852313249505,0.0004377487387306656,0.0015178980386928707
2025-07-23 00:00:00+00:00,563.8099975585938,0.004550871922154087,2.6927331397935483e-05,5.366988772405204e-05,5.459459934943606e-05,0.0001206083587148353,0.00013455477596440775,0.0001914606827567098,0.0003930167419166725,0.0014501937440241236
2025-07-24 00:00:00+00:00,565.010009765625,0.002126136410224966,2.0710435251850437e-05,4.7637766649784216e-05,7.43803229759027e-05,0.00014027156221679647,0.00014215859690338336,0.00016241239715669508,0.00036554633907736234,0.0014687406520917947
2025-07-25 00:00:00+00:00,566.3699951171875,0.002404118864976823,4.520456034884304e-06,2.5230891286733034e-05,5.215822268466873e-05,7.982549063617054e-05,0.00014583925000157178,0.0001648615120055484,0.0002741815320013463,0.0014298046879042746
2025-07-28 00:00:00+00:00,568.1400146484375,0.0031203267527910583,5.779787516937448e-06,1.0300243551820045e-05,3.10106788036707e-05,8.468056652772418e-05,0.00015057180576862,0.0001655654547680782,0.0002227865333341027,0.0014241922138978208
2025-07-29 00:00:00+00:00,567.260009765625,-0.001550123375202439,9.73643904418359e-06,1.551622656111933e-05,2.0036682596003852e-05,6.767444924578951e-05,9.534171719729333e-05,0.00016219527949938695,0.0002322078006045656,0.0014284293326473677
2025-07-30 00:00:00+00:00,568.02001953125,0.001338894122238088,2.402882478349002e-06,1.2139321522530885e-05,1.791910903946855e-05,4.315000032620303e-05,9.681988805025853e-05,0.00016375835904104008,0.00018485196223104943,0.0012712093139991124
2025-07-31 00:00:00+00:00,565.010009765625,-0.00531321636480353,1.7926374705637e-06,4.195519948910994e-06,1.3931958993094802e-05,2.4232202544916295e-05,7.186996919470397e-05,0.00016450376476171455,0.00018457325851558212,0.0010821743730980208
2025-08-01 00:00:00+00:00,553.8800048828125,-0.0198953817866796,2.823026813921604e-05,3.0022905609778033e-05,3.242578808812725e-05,4.794201464924803e-05,7.317290593598452e-05,0.00012776750528542034,0.00020772768190039054,0.0010143834538149214
2025-08-04 00:00:00+00:00,564.0999755859375,0.01828343186409498,0.00039582621643774235,0.0004240564845769567,0.0004258491220475206,0.0004379884435700529,0.00044828868712187646,0.0005226690100977789,0.000590447284025258,0.0014101807118003084
2025-08-05 00:00:00+00:00,560.27001953125,-0.006812652213017856,0.0003342838807290036,0.0007301100971667442,0.0007583403653059605,0.0007625358852548729,0.0007780521118159957,0.0008302103345006642,0.0009238913618175657,0.0017277237183943896
2025-08-06 00:00:00+00:00,567.3200073242188,0.012504686083373073,4.641223017553709e-05,0.000380696110904539,0.0007765223273422816,0.000806545232952061,0.0008186845544745954,0.0008496952332782658,0.0009692563602432137,0.0016911898345154629
2025-08-07 00:00:00+00:00,569.239990234375,0.0033785893232956,0.0001563671740437042,0.00020277940421923961,0.0005370632849482433,0.0009611197695252015,0.000965315289474116,0.0009853519720701197,0.0010606570066714076,0.001617237552279513
2025-08-08 00:00:00+00:00,574.5499877929688,0.009284983797486213,1.141486581548702e-05,0.00016778203985918954,0.0002141942700347268,0.0009443043672014725,0.000974327272811254,0.0009922463818507223,0.0010711471608615107,0.001622133431108707
2025-08-11 00:00:00+00:00,572.8499755859375,-0.002963244736357673,8.621092411958149e-05,9.762578993506684e-05,0.0002539929639787712,0.0006346890748833116,0.0010587455594602718,0.0010726775184533664,0.0011306155286549741,0.0016217271356657207
2025-08-12 00:00:00+00:00,580.0499877929688,0.012490425955586026,8.780819367551456e-06,9.499174348713126e-05,0.00010640660930261845,0.0003091860135218595,0.0010392961106886073,0.0010717218987767343,0.00111246901662459,0.0016188267029105207
2025-08-13 00:00:00+00:00,580.3400268554688,0.0004998992836524607,0.0001560107405519771,0.00016479155991952688,0.00025100248403910855,0.0004187845238982995,0.000799480634802842,0.0012253297568503622,0.0012477693219247168,0.0017331558273051717
2025-08-14 00:00:00+00:00,579.8900146484375,-0.0007757293183248137,2.498992937962434e-07,0.00015626063984577166,0.00016504145921332326,0.00026266724914839154,0.0004654466533676347,0.0012237870186735948,0.0012434987651836287,0.0016617463983870393
2025-08-15 00:00:00+00:00,577.3400268554688,-0.0044070613943771875,6.017559753086802e-07,8.51655269103243e-07,0.00015686239582108052,0.00025185413930821316,0.00041963617916740626,0.0011961585065096876,0.0012383207336419998,0.0016141673162711873
2025-08-18 00:00:00+00:00,577.1099853515625,-0.000398530043776546,1.94221901338098e-05,2.00239461091168e-05,2.0273845402913206e-05,0.00018506540532244148,0.00028269119525751183,0.000819754480205755,0.001248006484731626,0.0015377042432940969
2025-08-19 00:00:00+00:00,569.280029296875,-0.01366040826329673,1.5882619579253566e-07,1.9581016329600657e-05,2.01827723049095e-05,0.00017644341215068257,0.00027143515563781735,0.0004856294256725439,0.0012457624284490695,0.0014806882833057085
2025-08-20 00:00:00+00:00,565.9000244140625,-0.005955028650015848,0.0001866067539199456,0.00018676558011573646,0.00020618777024954642,0.00020703942551865106,0.00037183098543818144,0.0006258239494169524,0.0014305765448984513,0.0016669798654519333
2025-08-21 00:00:00+00:00,563.280029296875,-0.004640535068397789,3.546236622250957e-05,0.00022206912014245347,0.00022222794633824618,0.0002422518924473644,0.00039851253229313953,0.0005049191415957577,0.0014378086429817452,0.0016526835108225777
2025-08-22 00:00:00+00:00,571.969970703125,0.01530959900884099,2.1534565721029667e-05,5.699693194353756e-05,0.0002436036858634833,0.0002631847021930854,0.00026403635746219216,0.0005150388415013005,0.0010635169922650323,0.0016721467353575763
2025-08-25 00:00:00+00:00,570.3200073242188,-0.002888871579258989,0.00023438382181150503,0.000255918387532533,0.00029138075375504275,0.00047814633387078056,0.000498170279979901,0.0006632117391932239,0.0009636169333475338,0.0019014547124146736
2025-08-26 00:00:00+00:00,572.6099853515625,0.004007211476365846,8.345579001450326e-06,0.00024272940081295367,0.00026426396653398353,0.00048633308667643836,0.0005059141030060426,0.0006627764988271227,0.000925550282173447,0.0018966936771032492
2025-08-27 00:00:00+00:00,573.489990234375,0.0015356514693234402,1.6057743816318145e-05,2.440332281776679e-05,0.000258787144629272,0.0003157840765728109,0.0005025496566885509,0.0005228235020914638,0.0007852408519460609,0.0019119116179828716
2025-08-28 00:00:00+00:00,577.0800170898438,0.0062404520945529285,2.3582254352352407e-06,1.8415969251551705e-05,2.6761548253002195e-05,0.0002826799357855366,0.0005047490559279935,0.0005249318282329028,0.0007761842115658092,0.0019132226116682174
2025-08-29 00:00:00+00:00,570.4000244140625,-0.011643022790174484,3.894324234441003e-05,4.1301467779643596e-05,5.73592115959619e-05,0.000300088612408917,0.0003570855443524581,0.0005632733146020042,0.0007289165297906377,0.0018871993263971172
2025-09-02 00:00:00+00:00,565.6199951171875,-0.008415445898296348,0.00013555997969252244,0.00017450322203693079,0.0001768614474721662,0.0002012647702899344,0.0004571831578224709,0.0006794111041607168,0.0008556956901156087,0.0020218345944642557
2025-09-03 00:00:00+00:00,570.0700073242188,0.007836707150462807,7.081972966715282e-05,0.00020637970935967362,0.0002453229517040838,0.0002637389209556369,0.000506468321768594,0.0007500720076320771,0.0007705046792307844,0.0020659117678052904
2025-09-04 00:00:00+00:00,575.22998046875,0.009010753710962938,6.14139789621149e-05,0.00013223370862926604,0.0002677936883217886,0.00030909515610143365,0.00033349847891920393,0.0006248792326742465,0.0008316687588991031,0.00210039841536947
2025-09-05 00:00:00+00:00,576.0599975585938,0.0014418908346094383,8.119368243963236e-05,0.0001426076614017456,0.00021342739106889854,0.00038793061310583073,0.000406346582357386,0.0006706105488913692,0.0009122606853634266,0.002160881662557252
2025-09-08 00:00:00+00:00,578.8699951171875,0.004866101185744043,2.0790491789307027e-06,8.327273161856141e-05,0.00014468671058067643,0.00035106641994035146,0.00039236788771999855,0.0006511550323492702,0.0008949175444085476,0.0021584402557012984
2025-09-09 00:00:00+00:00,580.510009765625,0.0028291254556975787,2.367894074989958e-05,2.5757989928828628e-05,0.00010695167236846112,0.00023918538099772856,0.0004136886030346629,0.0004404501512876648,0.0009184376589626547,0.0021763394089342604
2025-09-10 00:00:00+00:00,580.7000122070312,0.0003272490583210441,8.003950844076033e-06,3.1682891593973956e-05,3.37619407729048e-05,0.00017636960217465178,0.00038274931153432887,0.0004401085231302905,0.0007398348558867851,0.002174606920734153
2025-09-11 00:00:00+00:00,584.0800170898438,0.005803695608014081,1.0709194617201014e-07,8.11104279024639e-06,3.1789983540146106e-05,0.0001150627151587089,0.00024729642378797844,0.00042415787126014436,0.0007044795816104476,0.0021723111302019756
2025-09-12 00:00:00+00:00,586.6599731445312,0.00440740087901581,3.368288271048193e-05,3.3789974656652286e-05,4.179392550072846e-05,6.755191542955847e-05,0.00021015957683130756,0.00045548252853539107,0.0007166278985998997,0.002204201375441894
2025-09-15 00:00:00+00:00,591.6799926757812,0.008520545933809132,1.9425182508349336e-05,5.310806521882961e-05,5.321515716500177e-05,8.48980487589771e-05,0.000168170780377542,0.0004359644686993304,0.0005016692592967441,0.0021953962898110272
2025-09-16 00:00:00+00:00,591.1799926757812,-0.0008454086467919453,7.259970301015133e-05,9.202488551849901e-05,0.0001257077682289811,0.00013381881101922884,0.00015957680094806097,0.0003730041920169592,0.0005659233833054452,0.0018721697763834364
2025-09-17 00:00:00+00:00,590.0,-0.0019979902735212107,7.147157800705881e-07,7.331441879022026e-05,9.273960129856974e-05,0.0001265295759552234,0.00015821246754920088,0.00030289917812987703,0.0005505803552691976,0.0015386006114345033
2025-09-18 00:00:00+00:00,595.3200073242188,0.008976551504187746,3.991965133085363e-06,4.706680913154298e-06,7.730638392330578e-05,0.00013041444914213676,0.00013852549193238664,0.0002454771643008475,0.0005522140949670477,0.0014961803463920515
2025-09-19 00:00:00+00:00,599.3499755859375,0.006746605514922344,8.057847690733529e-05,8.4570442040419e-05,8.528515782048974e-05,0.00017731004333899013,0.00021110001799564592,0.0002448619587685504,0.0005938493295299729,0.0014203916492556827
2025-09-22 00:00:00+00:00,602.2000122070312,0.004743942399484169,4.5516685973980584e-05,0.00012609516288131424,0.00013008712801439973,0.00020340154680462136,0.00025650961202345447,0.0002882995955636003,0.0005038060358114312,0.0014544934694141762
2025-09-23 00:00:00+00:00,598.2000122070312,-0.006664469716240795,2.2504989489623616e-05,6.802167546360255e-05,0.000148600152370938,0.00015330683328409366,0.00024533171880259617,0.00028712564430332434,0.0004554912956339019,0.0013907875347842183
2025-09-24 00:00:00+00:00,596.0999755859375,-0.0035167693325588445,4.441515659869067e-05,6.692014608831263e-05,0.00011243683206229337,0.00019700727410271375,0.0002703216928929375,0.000323536850057939,0.0004384924732704777,0.0014264218720153575
2025-09-25 00:00:00+00:00,593.530029296875,-0.004320587537940845,1.236766653842638e-05,5.6782823137115394e-05,7.928781262673916e-05,0.00020538297550805475,0.00021008965642121255,0.00033579742465019336,0.0003696664573692717,0.0012827787980018068
2025-09-26 00:00:00+00:00,595.969970703125,0.004102471338078395,1.8667476673009735e-05,3.103514321143446e-05,7.545029981012528e-05,0.0001434719752737292,0.00022804241731415168,0.00032078201861272115,0.0003862548848633507,0.0013011963753810202
2025-09-29 00:00:00+00:00,598.72998046875,0.004620431553650661,1.6830271079754736e-05,3.5497747752762814e-05,4.7865414291189343e-05,0.00011478556037950335,0.00024088072326082106,0.0003181871071841266,0.00037940621519320586,0.0013174248904854664
2025-09-30 00:00:00+00:00,600.3699951171875,0.002735411065702742,2.1348387741970665e-05,3.817865882172375e-05,5.684613549473363e-05,0.00011362895863185039,0.00018165063409545642,0.0002669357919159459,0.0003927506520911005,0.0013193510880936273
2025-10-01 00:00:00+00:00,603.25,0.004785580816091262,7.482473698369011e-06,2.883086144033802e-05,4.566113252009291e-05,7.669627573152874e-05,0.00014361642181984484,0.0002737035498342443,0.00040012603384329747,0.0013266747355962036
2025-10-02 00:00:00+00:00,605.72998046875,0.004102605481098642,2.2901783747340705e-05,3.038425744570806e-05,5.1732645187678875e-05,8.723039294044306e-05,0.00014401321607756195,0.0002926133684484997,0.00038934493488015627,0.0011629697654235989
2025-10-03 00:00:00+00:00,603.1799926757812,-0.004218662483531865,1.6831371733540622e-05,3.973315548087967e-05,4.7215629179248836e-05,8.539428800097396e-05,0.00011642943121241191,0.00022886626327470498,0.00038675112410534754,0.0011443387709346299
2025-10-06 00:00:00+00:00,607.7100219726562,0.007482183147598853,1.7797113149959247e-05,3.4628484883498216e-05,5.753026863083907e-05,8.636113007117846e-05,0.00012185887782394477,0.00020114669045068366,0.0003319485342451555,0.0011406013183635595
2025-10-07 00:00:00+00:00,604.510009765625,-0.0052796019804866035,5.5983064654212284e-05,7.378017780416988e-05,9.061154953771066e-05,0.00012099580698342009,0.00015917446580514732,0.00023462476561527233,0.0003872168831192972,0.0009622005612062668
2025-10-08 00:00:00+00:00,611.4400024414062,0.011398606257687405,2.7874197072358064e-05,8.38572617265687e-05,0.00010165437487652808,0.00014138753035740912,0.00017021839179775066,0.00021808380608893973,0.0004110991150585699,0.0009817291792771745
2025-10-09 00:00:00+00:00,610.7000122070312,-0.001210974709830559,0.00012992822461779045,0.00015780242169014685,0.0002137854863443593,0.0002484139712278589,0.00027879822867357045,0.00033564436416830376,0.000460448862769025,0.0010955996600786467
2025-10-10 00:00:00+00:00,589.5,-0.035331140240251635,1.4664597478492065e-06,0.00013139468436563804,0.00015926888143799622,0.00023304905924216747,0.00027278221472305065,0.00031844334724314327,0.00041639863654289365,0.0010947078943912608
2025-10-13 00:00:00+00:00,602.010009765625,0.020999352710808772,0.0012482894706763283,0.0012497559304241758,0.0013796841550419664,0.0014635414167685364,0.0014981699016520383,0.0015499025468397169,0.0016421831177295984,0.002304054122723179
2025-10-14 00:00:00+00:00,598.0,-0.006683318737603194,0.0004409728142729517,0.0016892622849492783,0.0016907287446971278,0.001848531166387276,0.0019223113441914495,0.001969526973370698,0.0020387407754038594,0.0026094669573036083
2025-10-15 00:00:00+00:00,602.219970703125,0.007032024455004837,4.466674934839796e-05,0.00048563956362134795,0.0017339290342976764,0.0018653237186633156,0.001949180980389888,0.002006711249020727,0.0020710398582138314,0.0025833139769848535
2025-10-16 00:00:00+00:00,599.989990234375,-0.003709806271359639,4.944936793578608e-05,9.41161172841823e-05,0.0005350889315571342,0.0017848448619813113,0.0019426472836714618,0.0020332588332091723,0.0021018217494766073,0.0025713493659585245
2025-10-17 00:00:00+00:00,603.9299926757812,0.006545312916974133,1.3762662571019308e-05,6.321203050680366e-05,0.00010787877985520183,0.0017971410648044814,0.0019285357491701232,0.0020301901240466513,0.002098754140967872,0.0025039183460899114
2025-10-20 00:00:00+00:00,611.5399780273438,0.012522044925655784,4.2841121181108434e-05,5.660378375212601e-05,0.00010605315168791231,0.0005916927153092616,0.0018414486457334412,0.0020552341320778,0.0021202468744070096,0.0025446804180920893
2025-10-21 00:00:00+00:00,611.3800048828125,-0.00026162487763592424,0.00015680160912014178,0.0001996427303012485,0.000213405392872268,0.00030752151015645164,0.0019967837951057337,0.0021560526765437293,0.0022695660098287825,0.0026778030864623315
2025-10-22 00:00:00+00:00,605.489990234375,-0.009680673647599392,6.844757659801233e-08,0.00015687005669673805,0.00019971117787784672,0.0002629232083846517,0.0007485627720060035,0.0021282469270479695,0.0022467326736580395,0.0026698675831948533
2025-10-23 00:00:00+00:00,610.5800170898438,0.008371321634644602,9.371544227132531e-05,9.378388984792159e-05,0.0002505854989680636,0.00030718928272019093,0.0004013054000043771,0.0020920341447015042,0.0023236167441958245,0.002763475933520007
2025-10-24 00:00:00+00:00,617.0999755859375,0.010621692678133954,7.007902591066877e-05,0.00016379446818199234,0.00016386291575859056,0.00036350564605984036,0.00042671767656664793,0.002160646710864324,0.002375898656956534,0.0027998720767201937
2025-10-27 00:00:00+00:00,628.0900268554688,0.017652465294818676,0.00011282035534872444,0.00018289938125939147,0.00027661482353071704,0.0004334848802274564,0.0004900886639795862,0.0010251775955367201,0.002432735947651046,0.002893267249560569
2025-10-28 00:00:00+00:00,632.9199829101562,0.007660493789927614,0.0003116095309847778,0.0004244298863335005,0.0004945089122441695,0.0005882928020920924,0.0007879355323933447,0.0008958143122485461,0.002716471281563466,0.0031322770775351954
2025-10-29 00:00:00+00:00,635.77001953125,0.0044928885856370115,5.8683165105519534e-05,0.00037029269609029563,0.0004831130514390203,0.0006469075196210139,0.0008037775763177559,0.0009098307280056677,0.002645226222051195,0.003190245526860644
2025-10-30 00:00:00+00:00,626.0499877929688,-0.015406672818369493,2.0186047842947346e-05,7.886921294846514e-05,0.0003904787439332431,0.000573378125192636,0.0006671620150405615,0.000880567407912829,0.0026639458101462934,0.003206439609570506
2025-10-31 00:00:00+00:00,629.0700073242188,0.004812329293231166,0.0002373655673322854,0.000257551615175231,0.00031623478028075075,0.0007406646666142525,0.0009044591347962489,0.0011041703126740952,0.0016530219068022502,0.003363226699995456
2025-11-03 00:00:00+00:00,632.0800170898438,0.004773445542252119,2.315851322649077e-05,0.00026052408055877443,0.00028071012840172197,0.0006510028244920188,0.0008339022057514143,0.0010844877047194775,0.0012352076057557892,0.003340868527247966
2025-11-04 00:00:00+00:00,619.25,-0.02050692708247759,2.278578234484663e-05,4.594429557133567e-05,0.00028330986290362126,0.0003621790758520877,0.0007866089621855921,0.0009504718779441823,0.001213326638752238,0.0033411493201031895
2025-11-05 00:00:00+00:00,623.280029296875,0.0064868346574886715,0.0004205340583660528,0.00044331984071089767,0.00046647835393738866,0.0007240299691126209,0.0010943226652029205,0.001370937488733637,0.0015844113291825046,0.0037172682218705516
2025-11-06 00:00:00+00:00,611.6699829101562,-0.018803009569612783,4.207902387359617e-05,0.00046261308223964723,0.00048539886458449406,0.0007459229451432697,0.0008247921580917388,0.0013193010703359078,0.0016127276904850814,0.0037469795792057213
2025-11-07 00:00:00+00:00,609.739990234375,-0.003160272675849285,0.0003535531688749499,0.0003956321927485443,0.0008161662511145973,0.0008621105466859343,0.0011196621618611692,0.001602775213300189,0.001923439738178923,0.004081865271407662
2025-11-10 00:00:00+00:00,623.22998046875,0.021882979916944656,9.9873233857196e-06,0.00036354049226066775,0.00040561951613426415,0.0008489393568451631,0.0011094634374039414,0.0014999421813371842,0.0017766254524445007,0.004075022323713626
2025-11-11 00:00:00+00:00,621.5700073242188,-0.002667053574522349,0.00047886481004540317,0.0004888521334311211,0.0008424053023060711,0.0013050183845457197,0.0013509626801170593,0.0016671974603978093,0.0022554218149133057,0.004532538746017059
2025-11-12 00:00:00+00:00,621.0800170898438,-0.0007886214946166703,7.113174769372439e-06,0.00048597798481477385,0.0004959653082004937,0.0008915975009490394,0.001334917341659941,0.0016156274700616625,0.002168819547411353,0.004532169447088062
2025-11-13 00:00:00+00:00,608.4000244140625,-0.020627325115856188,6.21923861771431e-07,7.735098631142136e-06,0.0004865999086765455,0.0008501404009372146,0.0013127534831768658,0.0015960633460804865,0.0020993624453624557,0.004509889587202493
2025-11-14 00:00:00+00:00,608.8599853515625,0.0007557316525659274,0.0004254865414352315,0.0004261084652970012,0.00043322164006637384,0.0009220737734974962,0.0013177059662460443,0.0017841843201834326,0.0024120286314489627,0.004918544756904184
2025-11-17 00:00:00+00:00,603.6599731445312,-0.008577251121737461,5.711303306900277e-07,0.0004260576717659198,0.00042667959562769144,0.0009126575804424666,0.0012761980727031383,0.0017615969372876319,0.002100990230794875,0.004901318774084914
2025-11-18 00:00:00+00:00,596.3099975585938,-0.012250419067846074,7.356923680534654e-05,7.414036713603484e-05,0.0004996269085712666,0.00050736200720241,0.0009962141406335348,0.0018123803917481317,0.002115876302494702,0.004918904946236049
2025-11-19 00:00:00+00:00,599.8699951171875,0.00595229495765448,0.00015007276733784667,0.00022364200414319148,0.00022421313447388173,0.0006503215997708841,0.001136299584585662,0.0015419191007199256,0.0022457630219896016,0.005041103516501538
2025-11-20 00:00:00+00:00,585.6699829101562,-0.023956495091644214,3.542981526291895e-05,0.0001855025826007639,0.00025907181940611066,0.0006851294911720317,0.0006928645898031777,0.0015352698921092486,0.002043827269920235,0.004946605107146665
2025-11-21 00:00:00+00:00,590.0700073242188,0.0074847244999300955,0.0005739136570759733,0.0006093434723388905,0.0007594162396767374,0.0008335566068127735,0.0012596650721097787,0.0017556303803102718,0.0025945824137697175,0.005519052304474791
2025-11-24 00:00:00+00:00,605.1599731445312,0.02525165515679717,5.602110083985382e-05,0.0006299347579158253,0.0006653645731787445,0.0008890065773219372,0.001315064249087861,0.001801664157764406,0.0026278177322647243,0.004326783934638315
2025-11-25 00:00:00+00:00,608.8900146484375,0.006144809980138888,0.0006376460881578011,0.0006936671889976532,0.0012675808460736267,0.0014530834286743918,0.0015272237958104307,0.0019604454358768037,0.002844929762056473,0.004523457208523165
2025-11-26 00:00:00+00:00,614.27001953125,0.008796951220348959,3.775868969201448e-05,0.0006754047778498139,0.0007314258786896679,0.0013407693510285594,0.0015644113551717552,0.001991090950799446,0.002840609427874891,0.004516549148866782
2025-11-28 00:00:00+00:00,619.25,0.008074465669816178,7.738635077319903e-05,0.00011514504046521177,0.0007527911286230131,0.0013827258865388397,0.0015682284691396077,0.002067855377710874,0.00256444260977314,0.004544486131704195
2025-12-01 00:00:00+00:00,617.1699829101562,-0.003364583362960971,6.519699585304001e-05,0.00014258334662623732,0.000180342036318252,0.0008740092253159065,0.001483352697654801,0.001707565832128682,0.0026196522822404607,0.004595920464986215
2025-12-02 00:00:00+00:00,622.0,0.007795607732671073,1.1320421206313758e-05,7.651741705935203e-05,0.00015390376783255128,0.0008293085456823664,0.0014592433035981957,0.0017183151230043057,0.0021521078934013714,0.00456439976501142
2025-12-03 00:00:00+00:00,623.52001953125,0.002440780175394508,6.077149992168102e-05,7.209192112799304e-05,0.00013728891698103326,0.00025243395744624635,0.0009461011464439034,0.0017055173861206404,0.0022057662185536796,0.00446836965581296
2025-12-04 00:00:00+00:00,622.9400024414062,-0.0009306630320802256,5.957407864598845e-06,6.672890778627813e-05,7.80493289925921e-05,0.00022063267561883072,0.0008960374534686485,0.0015614020266473926,0.002211101702556507,0.004474258616100961
2025-12-05 00:00:00+00:00,625.47998046875,0.004069113866797203,8.661336792807591e-07,6.82354154387787e-06,6.759504146555911e-05,0.00014411245852491246,0.0002592574989901281,0.0015268383450637542,0.0017864812948005565,0.004381409307508916
2025-12-08 00:00:00+00:00,624.280029296875,-0.0019202911458764405,1.6557687660961283e-05,1.7423821340240306e-05,2.338122920483937e-05,9.547315033283372e-05,0.0002380564969590749,0.0009694823756487424,0.0018024678521308278,0.004327887969259208
2025-12-09 00:00:00+00:00,625.0499877929688,0.001232594403470344,3.6875180849314527e-06,2.0245205745891004e-05,2.1111339425171975e-05,8.784024721145141e-05,0.00016435766427080734,0.00091714879289382,0.0017325861334104126,0.004218755131995416
2025-12-10 00:00:00+00:00,627.6099853515625,0.004087304100762523,1.519288963466413e-06,5.2068070483961344e-06,2.176449470935763e-05,2.85880362532368e-05,0.00010067995738123376,0.00028102199369948533,0.0015840326550360323,0.003908664889974104
2025-12-11 00:00:00+00:00,625.5800170898438,-0.003239684378639751,1.6706054812110138e-05,1.822534377557482e-05,2.1912861860506485e-05,3.9336683200748095e-05,0.00010606559098703013,0.00025996935881958096,0.0015653088945852235,0.0038666877796806947
2025-12-12 00:00:00+00:00,613.6199951171875,-0.019303410640419294,1.049555487320243e-05,2.7201609685310836e-05,2.8720898648777465e-05,4.896610439466976e-05,5.578964593855154e-05,0.00019307856291958436,0.0010018907923824527,0.0038569972867109497
2025-12-15 00:00:00+00:00,610.5399780273438,-0.005032060607543798,0.0003726216623526528,0.0003831172172258535,0.0003998232720379639,0.0004050300790863613,0.0004224539004266055,0.0005005032294191972,0.0013184913538952518,0.003992253381731317
2025-12-16 00:00:00+00:00,611.75,0.0019799268417370897,2.5321633957994055e-05,0.0003979432963106451,0.00040843885118384775,0.00042666419495942387,0.00044690940070531875,0.0005145044421708775,0.0007061668996954448,0.00399441650246282
2025-12-17 00:00:00+00:00,600.4099731445312,-0.0187109918677697,3.920110298631006e-06,2.9241744256623328e-05,0.0004018634066092764,0.0004290650162945885,0.00043427182334298853,0.0004576530525478275,0.0006723283203020613,0.003975550830416605
2025-12-18 00:00:00+00:00,609.1099853515625,0.01438614086914658,0.0003501012166757438,0.0003540213269743731,0.0003793429609323674,0.0007624601781582222,0.0007806855219338009,0.0008017968613589724,0.0009450431862046061,0.0039051179887262958
2025-12-19 00:00:00+00:00,617.0499877929688,0.012951186792145464,0.00020696104910692951,0.0005570622657826716,0.0005609823760813028,0.0009589256723919493,0.000986127282077264,0.0010078917767866213,0.0010868072394584955,0.004070000013959629
2025-12-22 00:00:00+00:00,619.2100219726562,0.003494469384588861,0.00016773323932504312,0.00037469428843197087,0.000724795505107715,0.0007540372493643396,0.001137154466590197,0.001159067328450703,0.001243220057577225,0.0038841800844097224
2025-12-23 00:00:00+00:00,622.1099853515625,0.0046723949305871315,1.2211316279828852e-05,0.00017994455560487024,0.00038690560471179994,0.0007409269316861743,0.0011388702279968234,0.0011675911266456006,0.001194659873935373,0.0038864040773038317
2025-12-24 00:00:00+00:00,623.9299926757812,0.002921268419331824,2.1831274387376327e-05,3.4042590667203446e-05,0.00020177582999224676,0.0007588380957749197,0.0007880798400315469,0.0011879031120695103,0.0012105337404581503,0.0034293705416458048
2025-12-26 00:00:00+00:00,623.8900146484375,-6.407659297469337e-05,8.533809177785454e-06,3.0365083565160046e-05,4.2576399844989116e-05,0.0004172706882769613,0.0007712920152513383,0.0011797308664351857,0.001218201415956655,0.003430791176054218
2025-12-29 00:00:00+00:00,620.8699951171875,-0.00485238187801329,4.105809767244524e-09,8.537914987550963e-06,3.0369189374927506e-05,0.00021031374497979905,0.0007673760107624746,0.0011692394173717503,0.001201647834105461,0.0034301733580022137
2025-12-30 00:00:00+00:00,619.4299926757812,-0.002322023869377965,2.3545609890071784e-05,2.3549715699837293e-05,3.2083524877622964e-05,6.61261155448277e-05,0.0004408204039768025,0.0008201633649091695,0.0012215059259106013,0.003028232426457054
2025-12-31 00:00:00+00:00,614.3099975585938,-0.008300005756092688,5.3917948499610165e-06,2.8937404740031066e-05,2.8941510549798527e-05,5.930659411495987e-05,0.000239251149719834,0.0008002335258011364,0.001225378431797096,0.003033053090976325
2026-01-02 00:00:00+00:00,613.1199951171875,-0.0019390153757896655,6.889009555117175e-05,7.428189040113103e-05,9.782750029120303e-05,0.00010636541527875529,0.00014040800594596265,0.0008652035110536772,0.0012775624725361574,0.00302837394972215
2026-01-05 00:00:00+00:00,617.989990234375,0.007911592916198806,3.7597806275487377e-06,7.264987617871876e-05,7.804167102867999e-05,0.00010159138672851859,0.00013195647029368252,0.0005188620750054821,0.0012708266982905038,0.002882060963011852
2026-01-06 00:00:00+00:00,623.4199829101562,0.008748161241056707,6.259330247164714e-05,6.635308309919414e-05,0.0001352431786503661,0.00016418058339039848,0.00017271849837795336,0.0003744943283701997,0.0009607983384094981,0.00290922445022058
2026-01-07 00:00:00+00:00,624.02001953125,0.0009620289011049721,7.653032509952682e-05,0.00013912362757117222,0.0001428834081987212,0.00021716529859985351,0.00024071501429969472,0.0002832914141446834,0.0010120070295510308,0.002411841118244134
2026-01-08 00:00:00+00:00,620.469970703125,-0.005705242284666845,9.254996065612401e-07,7.745582470608632e-05,0.0001400491271777337,0.00021269900335645376,0.00024163640809648872,0.0002720055974714158,0.001009012418858961,0.0023567455170108416
2026-01-09 00:00:00+00:00,626.6500244140625,0.009911001864920443,3.254978952675056e-05,3.347528913331007e-05,0.0001100056142328371,0.00017635869733203255,0.00025064058773316747,0.00028272411261079004,0.0006914609917099678,0.001751649218379791
2026-01-12 00:00:00+00:00,627.1699829101562,0.000829398993257513,9.82279579664565e-05,0.00013077774749320533,0.0001317032470997668,0.00027082687467094033,0.000343476750849663,0.0003724182613994611,0.0005827279005694947,0.001812118486654233
2026-01-13 00:00:00+00:00,626.239990234375,-0.0014839403967847886,6.87902690016576e-07,9.891586065647135e-05,0.00013146565018322214,0.00020892147488930975,0.0002752745579885078,0.0003731020582797104,0.0004156825639344683,0.0017354200385710505
2026-01-14 00:00:00+00:00,619.5499877929688,-0.010740280254209367,2.202079101209796e-06,2.8899817912246374e-06,0.00010111793975768136,0.00013459322889099274,0.00027371685646216884,0.0003517585274908484,0.00040567332675584927,0.0016724251218192205
2026-01-15 00:00:00+00:00,621.780029296875,0.003592991182490124,0.00011535361993895962,0.00011755569904016768,0.00011824360173018446,0.0002490213492233911,0.0003264771739294813,0.000461720352579847,0.0004991956723074325,0.0017764583205518662
2026-01-16 00:00:00+00:00,621.260009765625,-0.0008366899621012891,1.290958563745178e-05,0.00012826320557640967,0.00013046528467761966,0.00022938114533409233,0.0002628564344674063,0.00040573984266612705,0.0005035714487670989,0.001728596406267637
2026-01-20 00:00:00+00:00,608.0599975585938,-0.021476132287177485,7.000500926810566e-07,1.3609635730131101e-05,0.0001289632556690909,0.00013185323746031687,0.0002626309849535261,0.00040268011213125934,0.0005042673930500127,0.001723339048495719
2026-01-21 00:00:00+00:00,616.280029296875,0.013427895959174485,0.00046122425801634726,0.0004619243081090266,0.00047483389374647854,0.0005923895927866476,0.0006913054534431228,0.0008013110676759595,0.0009419460411762881,0.0021836971728327855
2026-01-22 00:00:00+00:00,620.760009765625,0.007243096283321648,0.00018030838989041448,0.00064153264790676,0.0006422326979994413,0.0007704959035758522,0.0007733858853670808,0.0009050891324668472,0.0011168626362167415,0.002347447875062239
2026-01-23 00:00:00+00:00,622.719970703125,0.0031523829758102195,5.2462443769467876e-05,0.0002327708336598806,0.0006939950916762281,0.0007076047274063605,0.0008251604264465321,0.0009566260766297538,0.0011004349844350376,0.0023962228007467752
2026-01-26 00:00:00+00:00,625.4600219726562,0.004390481640658805,9.937518426178095e-06,6.239996219564424e-05,0.00024270835208605894,0.0007046326601950868,0.0008328958657715003,0.0009340138055291814,0.001106612722233667,0.002404641030209487
2026-01-27 00:00:00+00:00,631.1300048828125,0.009024457093563143,1.9276329036962037e-05,2.9213847463138398e-05,8.16762912326065e-05,0.0007232089391393678,0.0007368185748695028,0.0008550621765996868,0.001063295748798982,0.0024072113044343387
2026-01-28 00:00:00+00:00,633.219970703125,0.0033059955933261165,8.144082583356213e-05,0.00010071715487052243,0.00011065467329670074,0.0003434255069565827,0.0008053498150656131,0.0009358150997432323,0.0010682062495330172,0.0024781565753946985
2026-01-29 00:00:00+00:00,629.4299926757812,-0.006003230538059512,1.09296068630917e-05,9.23704326966521e-05,0.00011164676173361434,0.0001740467239292599,0.0008155793718360238,0.0009445426275051142,0.0010782103567895476,0.0021164645199051374
2026-01-30 00:00:00+00:00,621.8699951171875,-0.012083576472739388,3.6038776893090295e-05,4.6968383756180264e-05,0.0001284092095897426,0.00015762305705288232,0.00039039389071276684,0.0008652277844592451,0.0010816993441558874,0.0021271816628402338
2026-02-02 00:00:00+00:00,626.1400146484375,0.0068429518355594965,0.00014601282037254087,0.00018205159726562945,0.00019298120412872136,0.00029369835899924505,0.0003560983211948932,0.0009983310191943341,0.0011294842065619718,0.0022692743729141435
2026-02-03 00:00:00+00:00,616.52001953125,-0.015483216704916813,4.682598982378708e-05,0.0001928388101963262,0.00022887758708941674,0.00032124801978607013,0.00035046186724921243,0.0010444569589254402,0.0011756222936957423,0.0019659991460621866
2026-02-04 00:00:00+00:00,605.75,-0.01762343526171506,0.00023972999953141507,0.0002865559893552004,0.0004325688097277415,0.00047953719348392304,0.0005802543483544494,0.0008229627004405079,0.0014131502141259476,0.001998768096486672
2026-02-05 00:00:00+00:00,597.030029296875,-0.014499947239278832,0.00031058547042386175,0.000550315469955275,0.0005971414597790624,0.000779193057044693,0.000871563489741349,0.0009532397809739551,0.0016083820646108499,0.0021416203275854907
2026-02-06 00:00:00+00:00,609.6500244140625,0.020917649594947463,0.00021024846994186983,0.0005208339403657298,0.0007605639398971452,0.0009534027500934727,0.0010003711338496567,0.001111025807146357,0.0018057209489152678,0.0023396574812475316
2026-02-09 00:00:00+00:00,614.3200073242188,0.00763091489246559,0.00043754806457700575,0.0006477965345188738,0.0009583820049427359,0.0012449379942979376,0.0014269895915635707,0.0015386363532971848,0.002242568963399592,0.0027553742714371615
2026-02-10 00:00:00+00:00,611.469970703125,-0.004650130622501969,5.823086209605313e-05,0.0004957789266730571,0.0007060273966149272,0.0012563428665702035,0.0014491816767665338,0.0015775908863562757,0.0018395755674792986,0.002805071324355429
2026-02-11 00:00:00+00:00,613.1099853515625,0.0026784949742646447,2.162371480633055e-05,7.985457690238189e-05,0.0005174026414793879,0.001038236581845119,0.0013247925712003234,0.0015177737753290443,0.0016808908923952144,0.0028266909333519922
2026-02-12 00:00:00+00:00,600.6400146484375,-0.020548563510339513,7.174335327160959e-06,2.879805013348972e-05,8.702891222954312e-05,0.0007348254467484184,0.0012851409167036973,0.0015140185037931136,0.0016356027839529075,0.0028103196587890814
2026-02-13 00:00:00+00:00,601.9199829101562,0.0021287399342551083,0.0004222434623384565,0.0004294177976656157,0.0004510415124719465,0.000946820439145005,0.0014676543795107387,0.0019002231892384796,0.002047908727865186,0.0032271713262775766
2026-02-17 00:00:00+00:00,601.2999877929688,-0.0010305599759909967,4.531533707692443e-06,0.00042677499604614714,0.0004339493313733084,0.0005138039082756916,0.0011616004427945693,0.0017587419025736314,0.0020331639325359163,0.0031628127644340977
2026-02-18 00:00:00+00:00,605.7899780273438,0.007439397343305565,1.0620538641145636e-06,5.5935875718052175e-06,0.000427837049910262,0.00045663510004375306,0.0009524140267168142,0.0017129779666139589,0.0019527851605664688,0.0031601150376706633
2026-02-19 00:00:00+00:00,603.469970703125,-0.003837074357975645,5.53446328315819e-05,5.640668669569467e-05,6.0938220403387386e-05,0.0004903560180690044,0.0005702105949713902,0.0015285925999141256,0.001997200186534959,0.0031528663680305984
2026-02-20 00:00:00+00:00,608.8099975585938,0.008809947428244591,1.4723139628634209e-05,7.006777246021432e-05,7.112982632432916e-05,0.0004979048223704777,0.0005267028725039713,0.001232730269118898,0.0019758845492705026,0.0030910591825597054
2026-02-23 00:00:00+00:00,601.4099731445312,-0.012229374527715109,7.761517368843349e-05,9.23383133170659e-05,0.0001476829461486481,0.00015327653372045465,0.0005826943313860743,0.0011000969728654619,0.0019074869025863955,0.0031677488566415777
2026-02-24 00:00:00+00:00,607.8699951171875,0.0106841816518628,0.00014955760133912715,0.00022717277502755885,0.00024189591465619331,0.00029830260135188936,0.0007250775973980405,0.0008121065096275831,0.002010218514101736,0.0032847566684539543
2026-02-25 00:00:00+00:00,616.6799926757812,0.014389203633104586,0.00011415173757000172,0.0002637093389091271,0.00034132451259756086,0.0004113922850577765,0.0004169858726295857,0.0008680273851015317,0.001884640252140322,0.0033006804480575
2026-02-26 00:00:00+00:00,609.239990234375,-0.01213797619717294,0.00020704918119495021,0.0003212009187649502,0.0004707585201040776,0.0005630968334211448,0.0006195035201168435,0.0010534528514901515,0.0017811039629114106,0.0035070417265624333
2026-02-27 00:00:00+00:00,607.2899780273438,-0.0032058624580040274,0.00014733046616313686,0.0003543796473580853,0.00046853138492808724,0.0006957041599556475,0.0007657719324158657,0.0011936089823261274,0.0017181859591326777,0.0036521701136243605
2026-03-02 00:00:00+00:00,608.0900268554688,0.0013165412306763713,1.0277554099639623e-05,0.00015760802026277472,0.0003646572014577252,0.0006283665403668537,0.0007207048536839235,0.0007816430740873106,0.0012909154486553116,0.0035470940477850404
2026-03-03 00:00:00+00:00,601.5800170898438,-0.01076338568035684,1.7332808120708544e-06,1.2010834911708715e-05,0.00015934130107484582,0.00048054221983979733,0.0007077149948673602,0.0007788448211916889,0.0012344178673713293,0.0035359177429596595
2026-03-04 00:00:00+00:00,610.75,0.015128154327423537,0.00011585047130411069,0.00011758375211617978,0.00012786130621581963,0.0004822409535739063,0.0007459502924830374,0.000893633238631685,0.0013286446238691095,0.0036510681641710894
2026-03-05 00:00:00+00:00,608.9099731445312,-0.0030172807043733485,0.0002288610533543435,0.0003447115246584524,0.0003464448054705235,0.0005040528257332995,0.0008252537444982536,0.0010671496591544466,0.001550331341896292,0.0034187049595090853
2026-03-06 00:00:00+00:00,599.75,-0.015157527713672181,9.10398284898373e-06,0.0002379650362033255,0.0003538155075074364,0.00036582634241914645,0.0007202059897772358,0.001061530502374796,0.0011371918624068192,0.0032475005524676545
2026-03-09 00:00:00+00:00,607.760009765625,0.01326718154338824,0.00022975064639074022,0.0002388546292397222,0.00046771568259406596,0.000585299434710247,0.0007429074549730257,0.0012136659750771027,0.001362410975089867,0.003424788755088927
2026-03-10 00:00:00+00:00,607.77001953125,1.6469795700579937e-05,0.00017601810610522157,0.00040576875249596,0.00041487273534494406,0.0007595842600033977,0.0007715950949151104,0.0012401264798431973,0.001537367027330974,0.0035908693427679703
2026-03-11 00:00:00+00:00,607.6900024414062,-0.00013166552336230097,2.712541704188414e-10,0.00017601837735939022,0.0004057690237501307,0.0006437340599534575,0.0007613178120696411,0.0011259750135273658,0.0014820226657535625,0.0035715932849851788
2026-03-12 00:00:00+00:00,597.260009765625,-0.017312341711788193,1.7335810042268624e-08,1.7607064210925637e-08,0.00017603571316943277,0.00041489034240915627,0.0007596018670676125,0.0009189431681424579,0.0014673168619349706,0.003490169794961659
2026-03-13 00:00:00+00:00,593.719970703125,-0.0059447674117780736,0.0002997171755457213,0.00029973451135576184,0.00029973478260993255,0.0007055035351058939,0.0009434685713092233,0.0010713298775250424,0.0016894188637922585,0.0037789573636442886
2026-03-16 00:00:00+00:00,600.3800048828125,0.011155017799468148,3.534025958013858e-05,0.00033505743512585813,0.0003350747709359007,0.0005110931482952922,0.0007499477775350184,0.0010963925830055415,0.00157520152203327,0.003778258846331337
2026-03-17 00:00:00+00:00,603.3099975585938,0.004868360552634066,0.0001244344221064512,0.00015977468168658804,0.00045949185723230963,0.00045950946429652184,0.0008652782167924858,0.0012190937242999218,0.0015854842065697195,0.003756680448065247
2026-03-18 00:00:00+00:00,594.9000244140625,-0.014037791531272603,2.3700934470443466e-05,0.00014813535657689294,0.00018347561615703178,0.00048321012751279484,0.0006592285048721891,0.0011269441874662547,0.0014021359598452125,0.0037335553927119033
2026-03-19 00:00:00+00:00,593.02001953125,-0.0031652070557592893,0.00019705959107546881,0.00022076052554591055,0.000345194947652362,0.0006802523827782215,0.0006802699898424363,0.0010951427251873799,0.0014518650847575444,0.0036908849842559573
2026-03-20 00:00:00+00:00,582.0599975585938,-0.01865462717021149,1.0018535705828389e-05,0.00020707812678129548,0.00023077906125173922,0.0003905537429383285,0.0006902882542940943,0.0010960572780442245,0.0014516060663637333,0.003390318049537924
2026-03-23 00:00:00+00:00,588.0,0.010153416891803602,0.0003479951148595928,0.0003580136505654195,0.0005550732416408885,0.0007032085982177827,0.0010382660333436448,0.0012143017465130771,0.0017978679004112552,0.003528064694455647
2026-03-24 00:00:00+00:00,583.97998046875,-0.006860245677236421,0.00010309187457876272,0.0004510869894383538,0.00046110552514418244,0.0006818660506900942,0.0008416407323766863,0.0011413755149866183,0.0017851093036859074,0.003193608504457404
2026-03-25 00:00:00+00:00,587.8200073242188,0.006554088823183868,4.7062970752041e-05,0.00015015484533080205,0.000498149960190395,0.0007052280869716918,0.0008533634435485886,0.0011884382144844888,0.0016033112210836046,0.0031824406131133916
2026-03-26 00:00:00+00:00,573.7899780273438,-0.024157353618221578,4.29560803021837e-05,9.001905105422302e-05,0.00019311092563298595,0.0005511245761984066,0.0007718851017443211,0.0012313769589766303,0.0016371633185368046,0.0032037729786092446
2026-03-27 00:00:00+00:00,562.5800170898438,-0.019730060860553067,0.0005835777338358032,0.0006265338141379852,0.0006735967848900264,0.0011246837743283814,0.0013317619011096807,0.0015152375172667121,0.0019909904059818677,0.003780176377117887
2026-03-30 00:00:00+00:00,558.280029296875,-0.007672695448329492,0.000389275301561128,0.0009728530353969296,0.0010158091156991134,0.0011659639610299166,0.00152397761159534,0.0018691725592477014,0.002204247601437774,0.003747208216340559
2026-03-31 00:00:00+00:00,577.1799926757812,0.03329348245760766,5.88702554428161e-05,0.0004481455570039425,0.0010317232908397457,0.00112174234189397,0.0015728293313323279,0.0018036083925840663,0.00226311758562642,0.0038015469380756825
2026-04-01 00:00:00+00:00,584.3099975585938,0.012277496156568368,0.001108455974155029,0.0011673262295978433,0.0015566015311589715,0.002183135345296958,0.0023332901906277636,0.002888363432268652,0.003371556223971407,0.004908940858366597
2026-04-02 00:00:00+00:00,584.97998046875,0.0011459654937038266,0.00015073691187455105,0.0012591928860295782,0.0013180631414723945,0.0022909161768693252,0.0023809352279235522,0.002842040753067734,0.003222575960300236,0.005004333137409566
2026-04-06 00:00:00+00:00,588.5,0.005999301474981067,1.313236912759855e-06,0.00015205014878730917,0.0012605061229423384,0.001708651679946282,0.002335185494084271,0.0028333354542746654,0.0031885489376328575,0.004990923234693691
2026-04-07 00:00:00+00:00,588.5900268554688,0.00015296511497098209,3.599161818771001e-05,3.730485510046813e-05,0.0001880417669750194,0.001355367996572864,0.0023282210319697976,0.0025213319576027826,0.003100106133714116,0.004949299679192968
2026-04-08 00:00:00+00:00,606.0900268554688,0.02929864238763269,2.339832639808577e-08,3.601501651410636e-05,3.732825342686643e-05,0.001296521139456446,0.0017446666964603924,0.002418263481350418,0.0030764285975700707,0.004799765476180239
2026-04-09 00:00:00+00:00,610.1900024414062,0.006741853876921944,0.0008584104457583869,0.0008584338440847832,0.0008944254622724935,0.001046475611059804,0.002213801840657651,0.0032296109563567637,0.0037377794522529886,0.005544024184368624
2026-04-10 00:00:00+00:00,611.0700073242188,0.0014411428001936955,4.5452593697767446e-05,0.0009038630394561526,0.000903886437782551,0.0009411912928830203,0.0022003841789126023,0.003232107469752348,0.003773213510244928,0.005382427596871441
2026-04-13 00:00:00+00:00,617.3900146484375,0.010289407828256714,2.0768925705501258e-06,4.7529486268315834e-05,0.0009059399320267029,0.0009419549485408106,0.0010940050973281237,0.002650606628487095,0.0034272952879558856,0.005237174023278855
2026-04-14 00:00:00+00:00,628.5999755859375,0.01799414681637046,0.00010587191345619055,0.00010794880602673894,0.0001534013997245066,0.001011835243809291,0.0010491400989097632,0.0023672032403821573,0.0034300753268333133,0.005332768382635406
2026-04-15 00:00:00+00:00,637.4000244140625,0.013902354761134994,0.00032378931964909517,0.000429661233105284,0.0004317381256758343,0.001335601165131988,0.0013716161816460985,0.0026321223045884363,0.003706801675730367,0.00565482442147243
2026-04-16 00:00:00+00:00,640.469970703125,0.004804795803753592,0.00019327546790445284,0.0005170647875535463,0.000622936701009737,0.0006704661872780542,0.0015289000313628413,0.0017169417983378603,0.0038571210633326367,0.005732249418072772
2026-04-17 00:00:00+00:00,648.8499755859375,0.012999291467006735,2.3086062715768128e-05,0.00021636153062021924,0.0005401508502693146,0.0006480996562960548,0.0015519626957522113,0.0015892909491790775,0.0032966293922126015,0.0055264744274341965
2026-04-20 00:00:00+00:00,646.7899780273438,-0.003179894674741668,0.00016898157864419412,0.0001920676413599605,0.0003853431092644135,0.0008150043423696988,0.0008625338286380186,0.0017569592909105116,0.0030763356692956674,0.005686352023229407
2026-04-21 00:00:00+00:00,644.3300170898438,-0.003810589137301257,1.0111730142450417e-05,0.00017909330878664278,0.00020217937150241109,0.0007192441590559587,0.0008271929650827015,0.001731079402865252,0.003027577143995302,0.0054667131069811165
2026-04-22 00:00:00+00:00,655.1099853515625,0.016592094361584486,1.4520589573318336e-05,2.4632319715767018e-05,0.0001936138983599613,0.00040997542898018187,0.0008396366620854698,0.0017455765941121722,0.0019336417594135913,0.005305215590449214
2026-04-23 00:00:00+00:00,651.4199829101562,-0.005648568869053072,0.0002752975953037237,0.00028981818487704034,0.00029992991501949084,0.0004919975563794528,0.001009062343933003,0.0011624637436575091,0.002058202442842764,0.005580512914498768
2026-04-24 00:00:00+00:00,663.8800048828125,0.018946848370418934,3.19063302684355e-05,0.00030720392557215747,0.00032172451514547593,0.0005008178239321201,0.0007171793545523433,0.001148917480228177,0.0020887955361984394,0.005612401908957161
2026-04-27 00:00:00+00:00,664.22998046875,0.0005270280291522766,0.0003589830631716466,0.0003908893934400804,0.0006661869887438042,0.0006908193084595726,0.0008828869498195371,0.0015058236508292736,0.002411786981182376,0.005671667796583085
2026-04-28 00:00:00+00:00,657.5499877929688,-0.010107657413073845,2.77758543512133e-07,0.00035926082171515704,0.00039116715198359264,0.0006809853368606343,0.0008600786456472811,0.0014002294959165951,0.00241204134139949,0.00563660529554646
2026-04-29 00:00:00+00:00,661.5700073242188,0.006095020909684834,0.00010216473838006665,0.00010244249692357705,0.0004614255600952238,0.0007686294856673827,0.0007932618053831536,0.0011786049146475666,0.00165579563402117,0.0056143356118200744
2026-04-30 00:00:00+00:00,667.739990234375,0.009283052455253404,3.714927988949534e-05,0.00013931401826956026,0.0001395917768130725,0.0005304811702531543,0.0008202993551301985,0.0010224787266326092,0.0016474923202128978,0.005627783957239126
2026-05-01 00:00:00+00:00,674.1500244140625,0.009553812706171172,8.617506288698626e-05,0.00012332434277647985,0.00022548908115654665,0.0005847499028717051,0.0008919538284438664,0.0010855677268038274,0.001731590490529334,0.005516899429050644
2026-05-04 00:00:00+00:00,672.8800048828125,-0.0018856593838991742,9.127533722459773e-05,0.00017745040011158227,0.00021459968000107771,0.00031704217692465615,0.0007079315703647405,0.001007861485384231,0.0017169939142977412,0.005598156230569413
2026-05-05 00:00:00+00:00,681.6099853515625,0.01289061036727901,3.5557113120870132e-06,9.4831048536683e-05,0.00018100611142366939,0.00032032012969323106,0.0006795809514083919,0.0010013054665538677,0.0013967603059607332,0.005253716827021908
2026-05-06 00:00:00+00:00,695.77001953125,0.020561548743811997,0.00016616783564100108,0.00016972354695308635,0.0002609988841776842,0.0003843232269541655,0.00048676572387774643,0.0011529527126215504,0.0013696526736972814,0.0053167927880841456
2026-05-07 00:00:00+00:00,694.9400024414062,-0.0011936596059314297,0.00042277728674415673,0.000588945122385156,0.0005925008336972431,0.0007699512338088268,0.000909265252078391,0.0013004324040619833,0.0017693438977256699,0.005692507104076262
2026-05-08 00:00:00+00:00,711.22998046875,0.02317032366011329,1.424823254832376e-06,0.0004242021099989874,0.0005903699456399885,0.0006852009941766729,0.0008085253369531568,0.0012699508970483802,0.001601787142336308,0.0056509758470289105
2026-05-11 00:00:00+00:00,713.2899780273438,0.0028922009583194352,0.0005368638985144057,0.0005382887217692364,0.0009610660085133932,0.001130789555466481,0.0013082399555780673,0.0014478317323911392,0.0021285393107082634,0.005604262011707512
2026-05-12 00:00:00+00:00,707.239990234375,-0.00851798203255072,8.36482638330386e-06,0.000545228724897708,0.0005466535481525403,0.0011355986705376977,0.0012304297190743846,0.001455918800230931,0.0021223835475182493,0.005223351536529689
2026-05-13 00:00:00+00:00,714.7100219726562,0.010506839754400588,7.255601790685688e-05,8.092084429015911e-05,0.0006177847428045648,0.0010419868528035534,0.001211710399756644,0.0014263100797577213,0.0019196419701213822,0.00523703729899373
2026-05-14 00:00:00+00:00,719.7899780273438,0.007082575517746825,0.0001103936816246526,0.00018294969953150785,0.0001913145259148117,0.0007296032476840495,0.0013185483700692093,0.0014995544814928785,0.0019981293214775993,0.004238975006463353
2026-05-15 00:00:00+00:00,708.9299926757812,-0.015202691553876768,5.016287596458671e-05,0.00016055655758923768,0.00023311257549609455,0.0007783413003938038,0.0012025434103927952,0.0014635422945704789,0.0016893091342705393,0.004138400970553389
2026-05-18 00:00:00+00:00,705.8800048828125,-0.004311522427707715,0.000231121830482316,0.0002812847064469011,0.0003916783880715537,0.0004725992323617141,0.0010108879541309544,0.0016033887878281973,0.0019201532062093434,0.004368209564122945
2026-05-19 00:00:00+00:00,701.530029296875,-0.006181552400382095,1.8589225644626625e-05,0.000249711056126941,0.00029987393209152775,0.00048282363162303687,0.0010280523565207487,0.0016184223021607368,0.0018365776934739031,0.004350807171579861
2026-05-20 00:00:00+00:00,713.1500244140625,0.016428105311558916,3.8211590078669646e-05,5.6800815723294615e-05,0.00028792264620561064,0.00044847920379484965,0.0005294000480850125,0.0014904660565984054,0.0018376400036630776,0.004388995363332133
2026-05-21 00:00:00+00:00,714.510009765625,0.0019051955372741958,0.00026988264412767024,0.0003080942342063382,0.0003266834598509649,0.0006079681662978674,0.0007909178658293789,0.001337571413981919,0.0020213475849037614,0.0038004675617014164
2026-05-22 00:00:00+00:00,717.5399780273438,0.004231657845742198,3.6297700352495116e-06,0.0002735124141629181,0.00031172400424158775,0.00056143506036853,0.0007219916179577716,0.0013397763607623362,0.0019337020177144133,0.003758644738038899
2026-05-26 00:00:00+00:00,730.280029296875,0.01759939777605979,1.79069281234315e-05,2.1536698158679386e-05,0.0002914193422863496,0.00034822015800964557,0.0006295048644565504,0.0008208193903713618,0.0019480532345257577,0.0037744747735917804
2026-05-27 00:00:00+00:00,729.4500122070312,-0.0011372201101531587,0.0003097388020799782,0.0003276457302034081,0.0003312755002386576,0.0006393697344449971,0.000889080790571942,0.0011221933660680362,0.002091624200964735,0.003978341662215568
2026-05-28 00:00:00+00:00,735.5999755859375,0.008395617288374346,1.2932695789367625e-06,0.0003110320716589134,0.0003289389997823449,0.0006024514139452643,0.0006592522296685627,0.001050930617740116,0.001670140183799515,0.003655845612145409
2026-05-29 00:00:00+00:00,738.3099975585938,0.0036773277553496797,7.048638965285022e-05,7.177965923178535e-05,0.0003815184613117636,0.00040305515947044426,0.0007111493936767864,0.0010110233257683136,0.001739201750197533,0.0035330565338938065
2026-06-01 00:00:00+00:00,742.739990234375,0.005982250327469352,1.3522739420265114e-05,8.40091290731137e-05,8.530239865205046e-05,0.0004129481288554599,0.0006864605430183818,0.0009743831892239922,0.0012158605911033922,0.0035234932105983035
2026-06-02 00:00:00+00:00,746.1599731445312,0.004593980803372588,3.5787318980507164e-05,4.931005840077065e-05,0.00011979644805362087,0.0004308285197125355,0.00045236521787121866,0.0007790486777221833,0.0012432830837005955,0.0033902989509346166
2026-06-03 00:00:00+00:00,744.2100219726562,-0.0026167358319382217,2.110465962175585e-05,5.689197860226139e-05,7.041471802252651e-05,0.00014219437725431316,0.000469840107457725,0.0007815641116993126,0.0011918317254154944,0.0034012918804139218
2026-06-04 00:00:00+00:00,740.6099853515625,-0.004849131420141539,6.847306414149417e-06,2.795196603590364e-05,6.37392850164108e-05,0.0001477484140895258,0.000458780485748443,0.0007501998280347923,0.0010882853502049913,0.003393618597254753
2026-06-05 00:00:00+00:00,705.0599975585938,-0.04919124906374783,2.35140755298039e-05,3.036138194395169e-05,5.146604156570754e-05,0.0001007760999664795,0.00017255575919826864,0.0005038312594369259,0.0010616365497702084,0.0031418350774808333
2026-06-08 00:00:00+00:00,716.0700073242188,0.015495035662196344,0.002419778984451672,0.0024432930599814742,0.002450140366395624,0.0025070323449978863,0.002591041474071004,0.0029199804738533485,0.0032502937037395645,0.00552970773166407
2026-06-09 00:00:00+00:00,707.8300170898438,-0.011573961761784268,0.0002400961301727365,0.002659875114624407,0.0026833891901542105,0.0027113411561901155,0.0027606512145908904,0.0031421696759026535,0.0034718006082676747,0.005410820798665159
2026-06-10 00:00:00+00:00,693.6900024414062,-0.020178797658188863,0.00013395659086324442,0.0003740527210359792,0.0027938317054876515,0.0028241930874316045,0.0028810850660338696,0.00296638746468592,0.0035675456090522493,0.005544499630984892
2026-06-11 00:00:00+00:00,717.1199951171875,0.033218005450207144,0.00040718387493012833,0.000541140465793371,0.0007812365959661074,0.003224529655947583,0.0032524816219834905,0.0033722780700371113,0.0037048468398547074,0.005849518767534955
2026-06-12 00:00:00+00:00,721.3400268554688,0.005867446826061773,0.0011034358860899916,0.0015106197610201182,0.0016445763518833625,0.004304451466507771,0.004334812848451726,0.004405227566474252,0.004804652955909449,0.00691580537373545
2026-06-15 00:00:00+00:00,744.0,0.030930404203387774,3.4426932256662375e-05,0.0011378628183466523,0.0015450466932767806,0.001919099414312761,0.00436239247429424,0.00442613175931065,0.00482117296004268,0.006864057243105126
2026-06-16 00:00:00+00:00,729.8599853515625,-0.019188319975068424,0.0009566899041849481,0.0009911168364416087,0.0020945527225316,0.0026356931883249725,0.005295568302949383,0.005347034344515091,0.00546812406214765,0.007729471810065476
2026-06-17 00:00:00+00:00,722.510009765625,-0.010121440620520339,0.0003681916234656099,0.0013248815276505563,0.0013593084599072187,0.002869928220927338,0.003243980941963321,0.005694121308358945,0.005835022416034323,0.008094107722219
2026-06-18 00:00:00+00:00,740.6199951171875,0.024756392415480555,0.00010244356023471914,0.0004706351837003273,0.0014273250878852754,0.0025651879062319285,0.0031063283720253036,0.0057897175621795145,0.005866979586616192,0.008030383446812717
2026-06-22 00:00:00+00:00,737.9500122070312,-0.003611578483385003,0.0006128789654292631,0.0007153225256639804,0.0010835141491295905,0.0020746309855712002,0.003585250746591322,0.0063790824520789735,0.00646633581262519,0.008220485125497824
2026-06-23 00:00:00+00:00,713.6500244140625,-0.0334834078836872,1.3043499141649517e-05,0.0006259224645709108,0.0007283660248056299,0.002053247552456188,0.0031911103708028438,0.003972346966768951,0.006443591992786332,0.008232103801384642
2026-06-24 00:00:00+00:00,710.6199951171875,-0.0042548587368704816,0.0011211386035053662,0.0011341821026470138,0.001747061068076277,0.0022176962517766055,0.003208813088218218,0.004853389440101581,0.007543625936669942,0.008816378506375601
2026-06-25 00:00:00+00:00,716.3800048828125,0.008072937699171057,1.810382287072307e-05,0.0011392424263760874,0.0011522859255177372,0.001867608451181719,0.003192489978832279,0.00473753667210906,0.007554882453126516,0.00882611750286302
2026-06-26 00:00:00+00:00,706.52001953125,-0.013859221316670833,6.517232309469727e-05,8.327614596541839e-05,0.0012044147494707847,0.0018303372140416967,0.0023009723977420278,0.004395525120273629,0.007596540700691409,0.008818733808050861
2026-06-29 00:00:00+00:00,724.0800170898438,0.024550369189523025,0.00019207801550446323,0.0002572503385991586,0.00027535416146988185,0.001409536264116897,0.002124858789780881,0.0034841672496881,0.005368839731744201,0.008900418141930672
2026-06-30 00:00:00+00:00,736.4000244140625,0.016871575391120608,0.0006027206273418814,0.0007947986428463428,0.0008599709659410402,0.001999213392317129,0.002625135856888044,0.004052460944773319,0.005731464228913346,0.009452975893307966
2026-07-01 00:00:00+00:00,725.1699829101562,-0.015367395952346818,0.0002846500561782665,0.0008873706835201459,0.0010794486990246092,0.0011627248449900293,0.0022969069476370474,0.003380421096766637,0.005882157694228367,0.009506504119003917
2026-07-02 00:00:00+00:00,712.5999755859375,-0.017485867648645126,0.00023615685835620537,0.0005208069145344699,0.0011235275418763515,0.0013807778804755114,0.0025200203068516027,0.0032483863316572327,0.005711130677654445,0.009724071751715494
2026-07-06 00:00:00+00:00,722.8200073242188,0.01424001972846245,0.0003057555674259342,0.0005419124257821376,0.0008265624819604043,0.0016213611248067487,0.001704637270772171,0.003451698338848448,0.0049134503589903875,0.009991615729062759
2026-07-07 00:00:00+00:00,709.4299926757812,-0.018698418259860183,0.0002027781618669998,0.000508533729292932,0.0007446905876491376,0.0016320612711692851,0.0018893116097684476,0.003041597535286185,0.005081801588600725,0.00992451124680209
2026-07-08 00:00:00+00:00,711.4400024414062,0.002829268143230479,0.00034963084542067273,0.0005524090072876706,0.000858164574713605,0.0013789714892480764,0.0021737701320944233,0.0033781848815652078,0.004474742529836449,0.010270512322187512
2026-07-09 00:00:00+00:00,723.280029296875,0.016505374411663887,8.004758226298842e-06,0.0003576356036469697,0.0005604137655139697,0.0011023261912961088,0.001989696874816259,0.002265051036286141,0.004114555664597138,0.01026061015229038
2026-07-10 00:00:00+00:00,725.510009765625,0.0030784063524382788,0.000272427384469209,0.0002804321426955059,0.000630062988116179,0.0011385967174091123,0.0016594036319435865,0.002519374597884627,0.004284539488831628,0.010223298734679611
2026-07-13 00:00:00+00:00,711.739990234375,-0.019162206825520833,9.476585670732349e-06,0.0002819039701399394,0.0002899087283662385,0.0008423177356539106,0.0013842301614360522,0.002463678860460662,0.003681137109073098,0.010231482050771406
2026-07-14 00:00:00+00:00,719.6900024414062,0.011107904669584556,0.00036719017042403723,0.00037666675609476763,0.0006490941405639769,0.0010067297442109481,0.0015152634735038843,0.002638791015380236,0.004035283780355485,0.010528185831542594
2026-07-15 00:00:00+00:00,717.739990234375,-0.0027131942608766835,0.0001233855461485784,0.0004905757165726137,0.0005000523022433462,0.0007804844449388537,0.0013328934522265283,0.0021594559341869325,0.0030375307229986975,0.010638048638270906
2026-07-16 00:00:00+00:00,705.9400024414062,-0.016577121365890513,7.361423097254172e-06,0.00013074696924583062,0.0004979371396698682,0.000779841109809809,0.001137476713456783,0.0018821673011059205,0.003026788323225229,0.010609622742387654
2026-07-17 00:00:00+00:00,695.3300170898438,-0.015143673909127742,0.00027480095277946374,0.00028216237587671596,0.00040554792202529457,0.0007822146781200638,0.0010626468208155737,0.0019208113955291788,0.0032364169529099955,0.010863319035545362
2026-07-20 00:00:00+00:00,696.0599975585938,0.0010492824126089317,0.00022933085946599629,0.0005041318122454581,0.0005114932353427125,0.0010020689519153277,0.001283972922055271,0.001844386687569241,0.0032736697968715283,0.011085802588597208
2026-07-21 00:00:00+00:00,708.969970703125,0.018377311188777945,1.1009935814104205e-06,0.00023043185304740476,0.0005052328058268687,0.0006359797750727008,0.0010126465311674725,0.0016427095192836515,0.0026720501631110577,0.011063389506648815
2026-07-22 00:00:00+00:00,705.3499755859375,-0.005119072288864324,0.00033772556652918303,0.0003388265601105915,0.000568157419576588,0.0008503197954533054,0.0013408955120259233,0.0016308042403921617,0.0027251256734619742,0.008981336088726326
2026-07-23 00:00:00+00:00,691.9600219726562,-0.019165916674813488,2.6204901098618626e-05,0.0003639304676277997,0.00036503146120921034,0.00086916327345467,0.0009999102427005046,0.0016490043832644815,0.0025151737162043874,0.008767444859652208
2026-07-24 00:00:00+00:00,684.22998046875,-0.01123409236719386,0.00036733236198589373,0.0003935372630845104,0.0007312628296136936,0.0009616946826610999,0.0012438570585378201,0.0017439093607811663,0.0025767505107643467,0.009000820630774857
2026-07-27 00:00:00+00:00,682.1199951171875,-0.0030885015793877812,0.00012620483131464333,0.0004935371933005351,0.000519742094399154,0.000858568654509747,0.001362700466755209,0.0018606376064250773,0.0025001771802119904,0.008719841587159372
2026-07-28 00:00:00+00:00,675.489990234375,-0.009767249301846803,9.538842005880818e-06,0.00013574367332052219,0.0005030760353064162,0.0008670065029342174,0.0010974383559816264,0.0015029862780069209,0.0021600851767971984,0.007625944543075262
2026-07-29 00:00:00+00:00,661.72998046875,-0.02058075074336685,9.539915892442687e-05,0.00010493800093030574,0.00023114283224494927,0.0006246800953294612,0.0009635066554400569,0.0014749998907827692,0.0022474795774953264,0.0076869167697430265
2026-07-30 00:00:00+00:00,683.5499877929688,0.03244220027850542,0.0004235673011605951,0.00051896646008502,0.0005285053020909011,0.0010220424953914376,0.0013859729630192417,0.00189120576884611,0.0023986194941867122,0.007153794166718673
2026-07-31 00:00:00+00:00,687.989990234375,0.006474500229845859,0.001052496358910657,0.0014760636600712502,0.0015714628189956773,0.001707206492316201,0.0021007437554007155,0.002668901174977304,0.003441639267426637,0.00783809890216372
2026-08-03 00:00:00+00:00,700.0700073242188,0.017406051756299945,4.191915322627408e-05,0.0010944155121369293,0.0015179828132975246,0.0016229208142278318,0.002116458007528371,0.0024814894687375812,0.003116368250228874,0.007777574495155275
2026-08-04 00:00:00+00:00,723.8499755859375,0.03340381436612194,0.0003029706377429924,0.0003448897909692645,0.0013973861498799219,0.0019163526099649432,0.0020520962832854695,0.0027833591128991635,0.003295953341823288,0.007467666167469004
2026-08-05 00:00:00+00:00,717.2999877929688,-0.00909000875762267,0.0011158148142063346,0.001418785451949325,0.0014607046051755993,0.002936768265246851,0.003041706266177161,0.003561448360576315,0.004404406732932369,0.00857043748253369
2026-08-06 00:00:00+00:00,714.6500244140625,-0.0037011995969722378,8.262825921365683e-05,0.0011984430734199895,0.001501413711162982,0.0025958292232999133,0.0031147956833849372,0.0036178717186913533,0.004212234039366562,0.007531927138241981
2026-08-07 00:00:00+00:00,723.030029296875,0.011657809076050185,1.3698878456627456e-05,9.632713767028233e-05,0.0012121419518766172,0.0015570317428458833,0.0030330954029171376,0.003264238235162087,0.003996602058357193,0.007527522193827885
2026-08-10 00:00:00+00:00,720.8699951171875,-0.002991946470674911,0.00013590451245363807,0.00014960339091026357,0.0002322316501239204,0.0016510171020732473,0.0027454326142101805,0.0032739379163010817,0.004131405577229421,0.007598254383186826
2026-08-11 00:00:00+00:00,718.4500122070312,-0.0033626784567610812,8.951743683384056e-06,0.0001448562561370202,0.00015855513459364764,0.0013569982080136392,0.0017018879989829077,0.003273350817978585,0.0038026317543836214,0.0074151281113657465
2026-08-12 00:00:00+00:00,723.7000122070312,0.007280828073609413,1.1307606403565087e-05,2.025935008694719e-05,0.00015616386254058525,0.00025249100021086933,0.0016712764521601986,0.003189259265457723,0.0037877344596885677,0.0068237150904274305
2026-08-13 00:00:00+00:00,732.0700073242188,0.011499189069700932,5.301045743745896e-05,6.43180638410221e-05,7.326980752440615e-05,0.00022287319843467142,0.001421316271854665,0.0028187024217345867,0.003473412555140133,0.006592075491686623
2026-08-14 00:00:00+00:00,731.0700073242188,-0.00136692339173905,0.0001322313492607294,0.0001852418066981864,0.0001965494131017515,0.00034140566923877337,0.00043773280690906005,0.0018984374120846594,0.003479439073086219,0.006488149982591147
2026-08-17 00:00:00+00:00,729.8699951171875,-0.0016427950154094262,1.8684795588833882e-06,0.00013409982881961083,0.0001871102862570698,0.0002073696363440187,0.0003569730272542866,0.0018583867384172688,0.0034717687106392216,0.006184262894724096
2026-08-18 00:00:00+00:00,717.510009765625,-0.017079530972844204,2.698775462654057e-06,4.567255021535494e-06,0.0001367986042822649,0.0002011166681232887,0.0003459729242603132,0.0015581148761369301,0.003379068327177449,0.0059841835083197506
2026-08-19 00:00:00+00:00,716.0800170898438,-0.001994982000806722,0.00029171037825234447,0.00029440915371499655,0.00029627763327387996,0.00048151943997206813,0.0005017787900590196,0.0007340104401829402,0.0032472114042691987,0.005926263041151422
2026-08-20 00:00:00+00:00,710.9299926757812,-0.007217954657645187,3.979953183542792e-06,0.0002956903314358853,0.0002983891068985393,0.00043248893571815186,0.0004968069995591783,0.0006553621341528263,0.002198694998542084,0.005922238236108666
2026-08-21 00:00:00+00:00,713.4400024414062,0.003524382530319059,5.209886943982185e-05,5.607882262336269e-05,0.00034778920087570717,0.00035235645589724434,0.0005375982625954351,0.0006937621251360206,0.002208874714755632,0.0057019097210792785
2026-08-24 00:00:00+00:00,706.3200073242188,-0.010029941338312476,1.2421272220018173e-05,6.452014165983807e-05,6.850009484338087e-05,0.0003629092485583791,0.0004970090773779943,0.0005702788849024007,0.0019183253492326578,0.005704854407628565
2026-08-25 00:00:00+00:00,710.719970703125,0.006210096521784614,0.00010059972324998946,0.00011302099547000569,0.00016511986490982754,0.0004608101963457145,0.00046537745136725434,0.0006619268644690061,0.0009031102582763123,0.005438263960454517
2026-08-26 00:00:00+00:00,711.3699951171875,0.0009141819082563174,3.856529880988136e-05,0.00013916502205986886,0.00015158629427988702,0.0002076651169032514,0.0005020742706182523,0.0006891845568753225,0.0008590472978725369,0.00535344371311582
2026-08-27 00:00:00+00:00,721.1099853515625,0.013598989822028784,8.35728561383162e-07,3.940102737126258e-05,0.00014000075062125205,0.0002045208922810918,0.0005002112237169814,0.0006370098279992465,0.0008461841479772926,0.005346918018579949
2026-08-28 00:00:00+00:00,716.4299926757812,-0.006511136081480018,0.00018493252417964247,0.0001857682527410237,0.00022433355155090505,0.0003373545470209124,0.00039343336964427943,0.0006897110029181596,0.000895212159703297,0.005257049589980127
2026-08-31 00:00:00+00:00,716.760009765625,0.00046053502342946473,4.2394893071550964e-05,0.0002273274172511915,0.00022816314581257467,0.0003673281678724452,0.00043184830953228764,0.0007302374164308272,0.0009286553090914638,0.005070113623585682
2026-09-01 00:00:00+00:00,707.6400146484375,-0.012805559656071885,2.1209250780517764e-07,4.260698557935422e-05,0.00022753950975899667,0.0002669405371302609,0.0003799615326002709,0.0007277507334759783,0.000917559795195704,0.005069224722512077
2026-09-02 00:00:00+00:00,709.239990234375,0.0022584499188251783,0.0001639823581052159,0.00016419445061301917,0.0002065893436845701,0.00039235759642559546,0.0005315226184854687,0.0006000227133288497,0.0010285316958634609,0.00489548151408811
2026-09-03 00:00:00+00:00,717.6699829101562,0.011815869134703227,5.1005960358414544e-06,0.00016908295414105545,0.0001692950466488606,0.00039662246390005375,0.00043602349127132067,0.0006011433561811484,0.000901400942638573,0.004874377209025333
2026-09-04 00:00:00+00:00,718.9600219726562,0.0017959243574896533,0.0001396147634084324,0.00014471535944427194,0.00030869771754948785,0.00035130470312884365,0.0005370729558698717,0.0006886592501497591,0.001039147226488122,0.004646659610447871
2026-09-08 00:00:00+00:00,718.3599853515625,-0.0008349381528045541,3.225344297824624e-06,0.0001428401077062551,0.00014794070374209658,0.00031213515435511734,0.0005394625716063132,0.0006794633222275654,0.0010396737953232925,0.004523680123431052
2026-09-09 00:00:00+00:00,716.3099975585938,-0.002857785013367753,6.971217190086809e-07,3.92246601683138e-06,0.00014353722942526379,0.00031262018356632083,0.00035522716914567935,0.0005795607206965847,0.0007486605387899567,0.0045148384031441805
2026-09-10 00:00:00+00:00,708.6900024414062,-0.010694831926934434,8.166935182629328e-06,8.864056901636084e-06,1.2089401199460708e-05,0.00015680476064373428,0.00032099921125675773,0.0005491623570693326,0.0007528475207890432,0.0044276061794023824
2026-09-11 00:00:00+00:00,714.8800048828125,0.008696504452302634,0.00011437942994537609,0.0001225463651280035,0.00012324348684701218,0.0002660835945532689,0.00043516654869432865,0.0006627060584533256,0.0008151280812945976,0.004118418308187164
2026-09-14 00:00:00+00:00,709.1799926757812,-0.008005340585984122,7.562918968891952e-05,0.0001900086196342937,0.00019817555481692301,0.00020209802083375603,0.0003468133802780323,0.0005534027239626027,0.0008783359987634988,0.003141551138965426
2026-09-15 00:00:00+00:00,704.5399780273438,-0.006564286288720744,6.408547789760461e-05,0.0001397146675865222,0.0002540940975318983,0.000262958154433536,0.0004057982621397954,0.0005750933087886564,0.0008418217534111141,0.003163717463636757
2026-09-16 00:00:00+00:00,704.719970703125,0.0002554428328460645,4.308985448028716e-05,0.00010717533237788985,0.00018280452206680936,0.0003053508871948145,0.00030927335321165013,0.0006179710707611383,0.0008463463090815198,0.0029038366803740517
2026-09-17 00:00:00+00:00,716.9199829101562,0.017163715296351967,6.525104085242245e-08,4.3155105521137654e-05,0.00010724058341874227,0.00029724920305303757,0.00030611325995467796,0.0004540539636967748,0.0008455758315609891,0.0017880871172085693
2026-09-18 00:00:00+00:00,721.4500122070312,0.0062988581378702335,0.0002945931227742265,0.000294658373815077,0.0003377482282953642,0.000477462895881888,0.0006000092610098959,0.0007435464904351598,0.0009552364301555731,0.002000051980769139
2026-09-21 00:00:00+00:00,741.469970703125,0.02737157005422919,3.9675613841014066e-05,0.0003342687366152386,0.00033433398765609105,0.00044150932003398253,0.0006315179396682805,0.0006436073408677414,0.0009525171509250362,0.0020260287161535254
