datetime,close,log_return,RV_1d,RV_2d,RV_3d,RV_5d,RV_7d,RV_10d,RV_14d,RV_30d
2021-09-22 00:00:00+00:00,437.8599853515625,,,,,,,,,
2021-09-23 00:00:00+00:00,443.1799926757813,0.012076800409974275,,,,,,,,
2021-09-24 00:00:00+00:00,443.9100036621094,0.0016458558976699678,0.00014584910814235483,,,,,,,
2021-09-27 00:00:00+00:00,442.6400146484375,-0.0028650157490215378,2.7088416358950154e-06,0.00014855794977824984,,,,,,
2021-09-28 00:00:00+00:00,433.7200012207031,-0.0203576642647203,8.208315242141442e-06,1.0917156878036458e-05,0.0001567662650203913,,,,,
2021-09-29 00:00:00+00:00,434.4500122070313,0.001681723964404469,0.00041443449431506987,0.0004226428095572113,0.0004253516511931063,,,,,
2021-09-30 00:00:00+00:00,429.1400146484375,-0.01229765123154447,2.828195492452284e-06,0.00041726268980752214,0.00042547100504966356,0.0005740289548279134,,,,
2021-10-01 00:00:00+00:00,434.239990234375,0.011814114006162946,0.00015123222581270724,0.0001540604213051595,0.0005684949156202294,0.0005794120724982658,,,,
2021-10-04 00:00:00+00:00,428.6400146484375,-0.012979914186982633,0.0001395732897506155,0.0002908055155633227,0.000293633711055775,0.0007162765206129863,0.0008648344703912361,,,
2021-10-05 00:00:00+00:00,433.1000061035156,0.010351222342687372,0.00016847817230143303,0.00030805146205204853,0.00045928368786475577,0.000876546377672278,0.0008874635345503144,,,
2021-10-06 00:00:00+00:00,434.8999938964844,0.004147443256091066,0.00010714780398775025,0.0002756259762891833,0.0004151992660397988,0.0005692596873449583,0.0009919024969021696,,,
2021-10-07 00:00:00+00:00,438.6600036621094,0.00860852831238379,1.720128556249526e-05,0.0001243490895502455,0.0002928272618516786,0.0005836327774150012,0.0010008954672225234,0.0011576617322429147,,
2021-10-08 00:00:00+00:00,437.8599853515625,-0.0018254427571049447,7.41067597051133e-05,9.130804526760855e-05,0.0001984558492553588,0.0005065073113074074,0.0006605677326125669,0.001085919383805673,,
2021-10-11 00:00:00+00:00,434.6900024414063,-0.007266052148832358,3.3322412594669022e-06,7.74390009645802e-05,9.464028652707545e-05,0.0003702662628162588,0.0006610717783795814,0.001086542783429245,,
2021-10-12 00:00:00+00:00,433.6199951171875,-0.002464575713377215,5.279551382955133e-05,5.612775508901823e-05,0.00013023451479413152,0.000254583604344377,0.0005626350663964256,0.0011311299820166549,,
2021-10-13 00:00:00+00:00,435.1799926757813,0.003591158510690917,6.074133446968809e-06,5.886964727652014e-05,6.220188853598704e-05,0.0001535099338035956,0.0004291359100927789,0.0007227696211485539,0.001293970380484015,
2021-10-14 00:00:00+00:00,442.5,0.016680742674927806,1.2896419448907807e-05,1.8970552895876614e-05,7.176606672542795e-05,0.00014920506769000813,0.00027355415724025366,0.0007328378451050094,0.001161017691790568,
2021-10-15 00:00:00+00:00,445.8699951171875,0.007586954311750382,0.00027824717618715766,0.0002911435956360655,0.0002972177290830343,0.0003533454841720525,0.0004446535294396611,0.0008598527954794598,0.0014365560263418307,
2021-10-18 00:00:00+00:00,447.1900024414063,0.002956146931004433,5.7561875728587716e-05,0.00033580905191574537,0.0003487054713646532,0.0004075751186411733,0.00048501411960575355,0.0007778413814574321,0.001485909586828277,
2021-10-19 00:00:00+00:00,450.6400146484375,0.007685261401571886,8.738804677686928e-06,6.630068040627464e-05,0.0003445478565934323,0.00036351840948930896,0.00041964616457832723,0.000618102013833686,0.001080213897190894,
2021-10-20 00:00:00+00:00,452.4100036621094,0.003920029332475927,5.906324281049067e-05,6.780204748817759e-05,0.00012536392321676532,0.0004165075188528308,0.00047537716612935097,0.0005700174526564264,0.0011364489445089324,
2021-10-21 00:00:00+00:00,453.5899963378906,0.0026048418167521348,1.5366629967471663e-05,7.442987277796233e-05,8.316867745564926e-05,0.0004189777293713946,0.00043794828226727126,0.0005681827970614029,0.0010005833486636966,
2021-10-22 00:00:00+00:00,453.1199951171875,-0.0010367179522194903,6.785200890300562e-06,2.2151830857772226e-05,8.12150736682629e-05,0.00014751575407453754,0.0004386593497106031,0.00050086123824659,0.0008677952598033819,
2021-10-25 00:00:00+00:00,455.5499877929688,0.00534847307429942,1.0747841124541734e-06,7.859985002754736e-06,2.32266149702264e-05,9.102866245840399e-05,0.0004268377143741494,0.0004986037810995774,0.0007003918716144031,
2021-10-26 00:00:00+00:00,455.9599914550781,0.0008996142644512872,2.8606164226505892e-05,2.9680948338960065e-05,3.646614922926063e-05,0.00011089602200722295,0.00017719670241349766,0.0004744144314965319,0.0006218502318531586,
2021-10-27 00:00:00+00:00,453.9400024414063,-0.004440031532488398,8.093058248042306e-07,2.9415470051310123e-05,3.0490254163764296e-05,5.264208502153652e-05,0.00012044413250971418,0.0004691496038743673,0.0006054582521154676,
2021-10-28 00:00:00+00:00,458.3200073242188,0.009602609985319255,1.9713880009491268e-05,2.05231858342955e-05,4.912935006080139e-05,5.698933506355613e-05,0.00013141920784151851,0.00047596706443495075,0.0005510653724198456,
2021-10-29 00:00:00+00:00,459.25,0.002027078014334549,9.221011853015306e-05,0.00011192399853964433,0.00011273330436444855,0.00014241425270340862,0.00016456608356118092,0.00028993000677794614,0.0006399432496905318,
2021-11-01 00:00:00+00:00,460.0400085449219,0.0017187367034470213,4.109045276198498e-06,9.631916380635155e-05,0.00011603304381584283,0.00014544851386715294,0.00015330849886990773,0.00023647717632555696,0.0005912567811371789,
2021-11-02 00:00:00+00:00,461.8999938964844,0.004034943423944171,2.954055855775934e-06,7.063101131974433e-06,9.927321966212749e-05,0.000119796405496423,0.00014947735383538313,0.00023069242750364593,0.0005881367035459861,
2021-11-03 00:00:00+00:00,464.7200012207031,0.006086672088399858,1.6280768434430308e-05,1.923482429020624e-05,2.334386956640474e-05,0.00013526786810604907,0.00016468333815735923,0.00018790995312758558,0.0005915210525315086,
2021-11-04 00:00:00+00:00,466.9100036621094,0.00470145114229048,3.704757711170589e-05,5.3328345546136194e-05,5.628240140191213e-05,0.0001526015652082637,0.00017312475104255926,0.00020959090027181982,0.0003503214534560568,0.0019354354295761374
2021-11-05 00:00:00+00:00,468.5299987792969,0.003463603721219677,2.2103642843344462e-05,5.915121995505035e-05,7.543198838948066e-05,8.249508952145511e-05,0.0001944190880610995,0.0002249093422248637,0.00031486322057081354,0.001811689964277127
2021-11-08 00:00:00+00:00,468.9299926757813,0.0008533567819508647,1.1996550737646793e-05,3.410019358099126e-05,7.114777069269715e-05,9.038259498290339e-05,0.000186701758789255,0.00023583110885005634,0.0003181209666307734,0.0018209776733788788
2021-11-09 00:00:00+00:00,467.3800048828125,-0.0033108462216269174,7.282177973015357e-07,1.272476853494833e-05,3.482841137829279e-05,8.8156756924429e-05,9.521985805640347e-05,0.00020795316242085197,0.00025978594161758426,0.0018134975759340388
2021-11-10 00:00:00+00:00,463.6199951171875,-0.008077401093241399,1.0961702703261235e-05,1.1689920500562771e-05,2.3686471238209563e-05,8.283769119325994e-05,0.00010207251548346621,0.00021810555929930897,0.00025538101435337385,0.0014100247843222302
2021-11-11 00:00:00+00:00,463.7699890136719,0.00032347534555920987,6.524440842109734e-05,7.620611112435858e-05,7.693432892166011e-05,0.0001110345225026514,0.00016436286804878762,0.00026363608771091506,0.0003138402218841706,0.0014724409972508752
2021-11-12 00:00:00+00:00,467.2699890136719,0.007518509559019115,1.0463629918465024e-07,6.534904472028199e-05,7.631074742354322e-05,8.903551595849158e-05,0.00014818673591354196,0.00017153060547994665,0.00031287007407090114,0.0013213134077373527
2021-11-15 00:00:00+00:00,467.4299926757813,0.00034236368205142753,5.652798598906181e-05,5.663262228824646e-05,0.00012187703070934381,0.0001335669512099066,0.0001676671447908979,0.00022394954619280995,0.000340791895833457,0.001238268103975799
2021-11-16 00:00:00+00:00,469.2799987792969,0.00395001339966683,1.1721289078781096e-07,5.664519887984962e-05,5.674983517903427e-05,0.00013295594630339288,0.00014568071483834124,0.00022111270322782185,0.00034009980289944063,0.0010699071445651536
2021-11-17 00:00:00+00:00,468.1400146484375,-0.0024321748554383404,1.5602605857547505e-05,1.5719818748335317e-05,7.224780473739712e-05,0.00013759684945767914,0.00014928676995824196,0.00022043454065093904,0.00033598852874749686,0.0009783619464349509
2021-11-18 00:00:00+00:00,469.7300109863281,0.0033906571651112216,5.915474527426512e-06,2.1518080384974017e-05,2.163529327576183e-05,7.826791556400832e-05,0.00015447402668836694,0.00018930243806665969,0.0002496938847447703,0.0009670761353998823
2021-11-19 00:00:00+00:00,468.8900146484375,-0.0017898543376428933,1.1496556011320066e-05,1.741203053874658e-05,3.301463639629408e-05,8.965983527614373e-05,0.00015500887999642576,0.00017869535123463527,0.0002570813954798919,0.000904465931706089
2021-11-22 00:00:00+00:00,467.5700073242188,-0.0028191447952607973,3.20357854997908e-06,1.4700134561299147e-05,2.061560908872566e-05,3.6335427837061e-05,9.296805012530749e-05,0.00016990237904696757,0.000257330918174095,0.0009043372689966012
2021-11-23 00:00:00+00:00,468.1900024414063,0.0013251158447458167,7.947577376646043e-06,1.1151155926625123e-05,2.264771193794519e-05,4.416579232291924e-05,0.00010081099120276889,0.00017712173862631205,0.0002489977271163107,0.0008594893325436959
2021-11-24 00:00:00+00:00,469.4400024414063,0.0026662985058640842,1.7559320019964194e-06,9.703509378642463e-06,1.2907087928621542e-05,3.0319118467368147e-05,4.603893721570349e-05,0.00016791596792504725,0.00021370608200660127,0.0008551711310987235
2021-11-26 00:00:00+00:00,458.9700012207031,-0.0225556490482397,7.109147722373048e-06,8.865079724369468e-06,1.681265710101551e-05,3.151279166231469e-05,5.3030872047288736e-05,0.00010978070722632295,0.00019871158688562987,0.0008493838593721889
2021-11-29 00:00:00+00:00,464.6000061035156,0.012191982366394072,0.0005087573039873565,0.0005158664517097295,0.000517622383711726,0.0005287735396383511,0.0005461855701770977,0.0006184333749144949,0.0006954723401353396,0.0010798939871723878
2021-11-30 00:00:00+00:00,455.55999755859375,-0.01964940742643062,0.000148644434022464,0.0006574017380098205,0.0006645108857321936,0.000674214395110836,0.0006889145296721353,0.000710549822947897,0.0008433885563605021,0.001170976545466264
2021-12-01 00:00:00+00:00,450.5,-0.011169348998626205,0.0003860992122098668,0.0005347436462323307,0.0010435009502196874,0.0010523660299440567,0.0010635171858706818,0.0010965318222669758,0.0012185260658671077,0.0015483369529984438
2021-12-02 00:00:00+00:00,457.3999938964844,0.015200191196353963,0.0001247543570531122,0.000510853569262979,0.000659498003285443,0.0011753644549951725,0.0011850679643738151,0.0012056835734625406,0.0012780360144991226,0.0016140280672410656
2021-12-03 00:00:00+00:00,453.4200134277344,-0.0087393903697226,0.00023104581240571652,0.0003558001694588287,0.0007418993816686955,0.001399301119678516,0.0014081661994028855,0.0014308139113408307,0.0015089771906056544,0.00182970724967931
2021-12-06 00:00:00+00:00,458.7900085449219,0.011773729778026265,7.637694403440012e-05,0.0003074227564401166,0.00043217711349322887,0.0009669207597255596,0.0014827872114352891,0.0014956942993639107,0.0015288261486509928,0.0018992989928234099
2021-12-07 00:00:00+00:00,468.2799987792969,0.020473797351641565,0.0001386207128859824,0.00021499765692038251,0.00044604346932609906,0.0009568970385890781,0.0016142987765988986,0.0016311114336999138,0.0016673296486461873,0.002036844921596938
2021-12-08 00:00:00+00:00,469.5199890136719,0.0026444678463244387,0.00041917637799608517,0.0005577970908820676,0.0006341740349164677,0.0009899742043752964,0.0015247178506076272,0.002042340234319353,0.002070903420784725,0.0024274151353665175
2021-12-09 00:00:00+00:00,466.3500061035156,-0.006774434590300693,6.993210190243815e-06,0.00042616958818632897,0.0005647903010723114,0.000872213057512428,0.001383066626775407,0.0020475775125076007,0.002071981156447542,0.0024335990397319567
2021-12-10 00:00:00+00:00,470.739990234375,0.009369465607831806,4.589296401826252e-05,5.288617420850634e-05,0.00047206255220459144,0.000687060209124974,0.0010428603785838028,0.00208636132880349,0.002106377564454485,0.0024597781237407283
2021-12-13 00:00:00+00:00,466.5700073242188,-0.00889782554948848,8.778688577634304e-05,0.00013367984979460555,0.00014067305998484938,0.0006984701508669169,0.0010058929073070335,0.0016653909105924765,0.0021909608716808486,0.002455354890986918
2021-12-14 00:00:00+00:00,463.3599853515625,-0.006903820175275577,7.917129950912999e-05,0.00016695818528547304,0.00021285114930373554,0.0006390207374900645,0.000854018394410447,0.0015959177760791424,0.0022621845938133323,0.0025304171452198492
2021-12-15 00:00:00+00:00,470.6000061035156,0.015504231119125578,4.7662733012542095e-05,0.00012683403252167208,0.00021462091829801513,0.0002675070925065215,0.000825304183388589,0.001257481296881818,0.002308091394823878,0.0025751258223766157
2021-12-16 00:00:00+00:00,466.4500122070313,-0.008857629685864232,0.00024038118259526198,0.00028804391560780407,0.0003672152151169341,0.0005008950649115396,0.0009270646530978686,0.0013731081224239677,0.0025413634296967674,0.0027992262365374478
2021-12-17 00:00:00+00:00,459.8699951171875,-0.014207029348729527,7.84576036519033e-05,0.0003188387862471653,0.00036650151925970737,0.0005334597045451805,0.0005863458787536867,0.0012205199136701545,0.0021110637293613142,0.0028406362630776444
2021-12-20 00:00:00+00:00,454.9800109863281,-0.010690344140578567,0.00020183968291566213,0.00028029728656756546,0.0005206784691628274,0.0006475125016844994,0.000781192351479105,0.0013459826525514165,0.002164258978254512,0.0030203723031499625
2021-12-21 00:00:00+00:00,463.05999755859375,0.017603143962984014,0.0001142834578440025,0.00031612314075966463,0.00039458074441156793,0.000682624660019372,0.000849582845304845,0.0013216453975094366,0.0018924432238886478,0.0031226592102563183
2021-12-22 00:00:00+00:00,467.6900024414063,0.009949058445394066,0.0003098706773815405,0.00042415413522554305,0.0006259938181412052,0.0009448326043883705,0.0010716666369100425,0.0012123396968948918,0.002077559544217076,0.003431801669840557
2021-12-23 00:00:00+00:00,470.6000061035156,0.0062028007667942475,9.898376394986699e-05,0.00040885444133140756,0.00052313789917541,0.0008034351857429755,0.0010914791013507796,0.0013043302506545152,0.0019454974957612264,0.0035198237310871626
2021-12-27 00:00:00+00:00,477.260009765625,0.014052946964016932,3.8474737352543306e-05,0.0001374585013024103,0.0004473291786839509,0.0007634523194436154,0.0010822911056907808,0.0012969120239887959,0.0019075952890793696,0.003493054060018609
2021-12-28 00:00:00+00:00,476.8699951171875,-0.0008175294103818231,0.00019748531837347272,0.00023596005572601604,0.00033494381967588303,0.0007590979549014261,0.0010393952414689915,0.0014066104565859255,0.00196645989456686,0.003690434742092897
2021-12-29 00:00:00+00:00,477.4800109863281,0.0012783904192747997,6.683543368392514e-07,0.00019815367271031197,0.0002366284100628553,0.0006454828513942628,0.0009616059921539274,0.0013281075114136348,0.0015479518709076141,0.003634575110440674
2021-12-30 00:00:00+00:00,476.1600036621094,-0.0027683573402246253,1.6342820640935981e-06,2.3026364009328498e-06,0.0001997879547744056,0.0003372464560768159,0.0007614005913023588,0.0012820790604651862,0.001542592942781464,0.0036360921796139804
2021-12-31 00:00:00+00:00,474.9599914550781,-0.002523367923997988,7.663802363175562e-06,9.298084427269161e-06,9.96643876410844e-06,0.00024592649449012446,0.000654780935821532,0.0010493616802330998,0.001504363781126377,0.0036281533761196084
2022-01-03 00:00:00+00:00,477.7099914550781,0.00577326395831701,6.367385679861915e-06,1.4031188043037477e-05,1.5665470107131103e-05,0.00021381914281744306,0.00035127764411985337,0.0009772714622610585,0.0014229442810298957,0.003628605287272044
2022-01-04 00:00:00+00:00,477.5499877929688,-0.0003349950109532429,3.3330576732402186e-05,3.96979624122641e-05,4.736176477543969e-05,4.9664401176372515e-05,0.00028562445690238854,0.0008087623560777985,0.001377103558253168,0.003650439307993126
2022-01-05 00:00:00+00:00,468.3800048828125,-0.019388898230360496,1.1222165736356333e-07,3.344279838976575e-05,3.9810184069627684e-05,4.9108268496896826e-05,0.0002472619412072088,0.0006945911198911597,0.0013295530468979896,0.0036473479511005104
2022-01-06 00:00:00+00:00,467.9400024414063,-0.000939854900788184,0.0003759293745872764,0.00037604159624463995,0.00040937217297704216,0.00042340336102007965,0.0004257059974210125,0.0007606498170968955,0.001465101238890004,0.00401532974831114
2022-01-07 00:00:00+00:00,466.0899963378906,-0.00396134711982743,8.833272345355672e-07,0.00037681270182181195,0.0003769249234791755,0.00041662288589143964,0.0004259209703187088,0.0006625493803815642,0.0013875269624726363,0.0040144571435436795
2022-01-10 00:00:00+00:00,465.510009765625,-0.0012451409261462487,1.569227100376507e-05,1.657559823830064e-05,0.00039250497282557705,0.0004259477712153428,0.0004399789592583803,0.0006397669140327858,0.0012013795505607392,0.004023040266825072
2022-01-11 00:00:00+00:00,469.75,0.009067038551737738,1.550375925964338e-06,1.724264692972941e-05,1.812597416426498e-05,0.00039416757040890496,0.00043386553282116904,0.00044383197158527746,0.0010886464686427012,0.0035158333387636798
2022-01-12 00:00:00+00:00,471.0199890136719,0.0026998943417853027,8.221118809869838e-05,8.376156402466271e-05,9.945383502842779e-05,0.00047626653685023976,0.0005097093352400056,0.0005253748053471365,0.0008609869793598588,0.0034494000928399137
2022-01-13 00:00:00+00:00,464.5299987792969,-0.013874393518961803,7.2894294568042935e-06,8.950061755550267e-05,9.105099348146702e-05,0.00010762659171976766,0.00048366818796440763,0.0005310299527398473,0.0007692926448667962,0.0030705903100868514
2022-01-14 00:00:00+00:00,464.7200012207031,0.0004089371946278675,0.00019249879551900927,0.00019978822497581356,0.00028199941307451194,0.00029924206000424134,0.0006760547618260533,0.000715864945895681,0.0009233167030332622,0.0031383347485527484
2022-01-18 00:00:00+00:00,456.489990234375,-0.017868303713833633,1.6722962915011036e-07,0.00019266602514815938,0.00019995545460496368,0.00028371701862962633,0.00030029261686792704,0.0007096647898449692,0.0007259986142889394,0.002907456165776182
2022-01-19 00:00:00+00:00,451.75,-0.010437843124854851,0.0003192762776098008,0.0003194435072389509,0.0005119423027579602,0.0006014429203134628,0.0006186855672431923,0.0009956104907223678,0.0010446065375619012,0.0031503554993515827
2022-01-20 00:00:00+00:00,446.75,-0.011129775432800137,0.00010894856909907968,0.0004282248467088806,0.0004283920763380306,0.0006281803013138441,0.0007119418653385069,0.001104446838164084,0.0011519208245968872,0.00312068335556468
2022-01-21 00:00:00+00:00,437.9800109863281,-0.019825881722007388,0.0001238719011845615,0.00023282047028364125,0.000552096747893442,0.0007447627730416014,0.0008342633905971042,0.0008523893647613691,0.0012681289234182731,0.0028253788787531565
2022-01-24 00:00:00+00:00,439.8399963378906,0.004237743773401803,0.0003930655860550266,0.0005169374872395882,0.0006258860563386679,0.0009453295635776187,0.0011451177885534324,0.00124457162358186,0.0016548271237934377,0.0032114512546179393
2022-01-25 00:00:00+00:00,434.4700012207031,-0.012284115838727239,1.7958472289005752e-05,0.0004110240583440324,0.0005348959595285939,0.0009631208062374744,0.0011557868313856337,0.0012468378248671008,0.0016394550193500415,0.0031835167628886823
2022-01-26 00:00:00+00:00,433.3800048828125,-0.0025119476945789643,0.0001508995019392694,0.00016885797422827521,0.0005619235602833017,0.0007947440305669429,0.001114187537805894,0.0013961869508804059,0.0017902422996319473,0.003246629379051609
2022-01-27 00:00:00+00:00,431.239990234375,-0.004950195532162027,6.3098812203005734e-06,0.00015720938315957005,0.00017516785544857574,0.0006921053426881639,0.0011203301893970444,0.001320285644002008,0.0014206228062649715,0.0031737679607627797
2022-01-28 00:00:00+00:00,441.9500122070313,0.024532024102335015,2.4504435806636897e-05,3.0814317026937525e-05,0.00018171381896620688,0.0005927378773102393,0.0008255583475938804,0.0013375006503518407,0.0014442439148370729,0.0031506096635568743
2022-01-31 00:00:00+00:00,449.9100036621094,0.017850789773548037,0.0006018202065575461,0.000626324642364183,0.0006326345235844836,0.0008014924978127588,0.0013184299850523469,0.0017468220613903775,0.0020303718503908537,0.0035120486875191586
2022-02-01 00:00:00+00:00,452.9500122070313,0.00673420016401316,0.0003186506955394072,0.0009204709020969533,0.0009449753379035902,0.0011021847210631601,0.0015132087794071927,0.0020653055273006345,0.002347472170004297,0.003752241779406662
2022-02-02 00:00:00+00:00,457.3500061035156,0.009667204382406425,4.534945184899487e-05,0.00036400014738840206,0.0009658203539459481,0.0009966346709728857,0.0011654926452011607,0.0017913787015398288,0.002310610433754593,0.003595751548339995
2022-02-03 00:00:00+00:00,446.6000061035156,-0.023785622375082305,9.345484057121798e-05,0.00013880429242021285,0.00045745498795962,0.0010837796303238031,0.0012409890134833731,0.001775884973011967,0.002396775844869007,0.0035749229310672102
2022-02-04 00:00:00+00:00,448.7000122070313,0.004691187114582718,0.000565755831770016,0.0006592106723412339,0.0007045601241902288,0.0016250310262871822,0.0016558453433141197,0.0022177689035974214,0.0027700328811200133,0.0038308080854556857
2022-02-07 00:00:00+00:00,447.260009765625,-0.0032144373543605553,2.2007236544026924e-05,0.0005877630683140428,0.0006812179088852608,0.001045218056273663,0.001671542698637846,0.0018467105540864216,0.0027918728880348903,0.003753831558049846
2022-02-08 00:00:00+00:00,450.9400024414063,0.008194195539497962,1.0332607505108487e-05,3.233984404913541e-05,0.0005980956758191514,0.0007368999682393643,0.0016573708703363176,0.0018390846893025243,0.002482929217930198,0.003725689428202411
2022-02-09 00:00:00+00:00,457.5400085449219,0.014530032891024725,6.714484053952829e-05,7.747744804463677e-05,9.94846845886637e-05,0.0007586953569298977,0.0011226955043182997,0.0017553300279027832,0.0024411254893706466,0.0035953489503684666
2022-02-10 00:00:00+00:00,449.3200073242188,-0.018128986189386964,0.00021112185581426032,0.0002782666963537886,0.0002885993038588971,0.0008763623721729399,0.001015166664593153,0.001960142002496743,0.0025283754440003454,0.003805802451845888
2022-02-11 00:00:00+00:00,440.4599914550781,-0.019915729123292536,0.0003286601402549833,0.0005397819960692436,0.0006069268366087719,0.0006392666806579073,0.0012984773529991413,0.0022642977069450895,0.002463969998200302,0.004132828310036777
2022-02-14 00:00:00+00:00,439.0199890136719,-0.003274670851420858,0.0003966362665123625,0.0007252964067673458,0.000936418262581606,0.0010138957106262429,0.0016016587789402857,0.002059113766899906,0.002842647792423659,0.004521800774185964
2022-02-15 00:00:00+00:00,446.1000061035156,0.015998210716834826,1.0723469185145405e-05,0.0004073597356975079,0.0007360198759524912,0.0010142865723062797,0.0010466264163554151,0.001751186540545644,0.002702471759669535,0.004526156857691248
2022-02-16 00:00:00+00:00,446.6000061035156,0.001120197256520683,0.0002559427461402487,0.0002666662153253941,0.0006633024818377566,0.001203084477907,0.001280561925951637,0.001961779834836898,0.0029521046245894827,0.004748769027099095
2022-02-17 00:00:00+00:00,437.05999755859375,-0.02159287321665282,1.2548418935164649e-06,0.00025719758803376515,0.00026792105721891056,0.0009932174639862563,0.0012714841603400449,0.0018695798361591963,0.0029288550306763627,0.004749911647335248
2022-02-18 00:00:00+00:00,434.2300109863281,-0.00649610691384872,0.00046625217375044264,0.0004675070156439591,0.0007234497617842078,0.0011308094974817157,0.0016705914935509593,0.001770076178139623,0.002793286997869259,0.0048402344464984134
2022-02-22 00:00:00+00:00,429.5700073242188,-0.010789647538040903,4.219940503615315e-05,0.0005084515787865958,0.0005097064206801122,0.0007763726360055064,0.0015016690427728523,0.0017902683466317494,0.002516835707366005,0.0048815505243000315
2022-02-23 00:00:00+00:00,421.9500122070313,-0.017897872870124232,0.00011641649399515212,0.00015861589903130526,0.0006248680727817479,0.000882065660815513,0.001289425396513021,0.0018963522331217927,0.0025879027495121624,0.004982274747291418
2022-02-24 00:00:00+00:00,428.2999877929688,0.01493700358618355,0.000320333853275129,0.0004367503472702811,0.00047894975230643427,0.0009464567679503934,0.0012131229832757875,0.0021495412458573935,0.002814781762216073,0.005301058224640583
2022-02-25 00:00:00+00:00,437.75,0.021824115045760095,0.00022311407613366025,0.0005434479294087893,0.0006598644234039414,0.0011683160021905372,0.0014255135902243024,0.0021615334661767936,0.002472140006579717,0.005441961112675545
2022-02-28 00:00:00+00:00,436.6300048828125,-0.0025618054472031915,0.00047629199753057214,0.0006994060736642323,0.0010197399269393614,0.0011783558259706667,0.0016458628416146258,0.0023091653234523822,0.0029264247675662627,0.005910963680749312
2022-03-01 00:00:00+00:00,429.9800109863281,-0.015347444189967696,6.562847149319944e-06,0.00048285484467989207,0.0007059689208135523,0.0011427192680838335,0.0016511708468704292,0.0019190919040893398,0.0029226550072104745,0.005725027732379624
2022-03-02 00:00:00+00:00,437.8900146484375,0.018229049206145653,0.00023554404316417318,0.00024210689031349314,0.0007183988878440653,0.0012618468172528544,0.0014204627162841597,0.0021439124780683674,0.003091054209835119,0.005960404545914646
2022-03-03 00:00:00+00:00,435.7099914550781,-0.004990905914229238,0.00033229823496007946,0.0005678422781242526,0.0005744051252735726,0.001273811198937805,0.001710561546208086,0.002220267966888198,0.003212230588980938,0.005973426503264925
2022-03-04 00:00:00+00:00,432.1700134277344,-0.008157804395692025,2.4909141844688384e-05,0.00035720737680476785,0.000592751419968941,0.001075606264648833,0.0016190541940576226,0.0022439222668393702,0.0029084795905706434,0.005889387076010533
2022-03-07 00:00:00+00:00,419.4299926757813,-0.02992243121948679,6.654977255837214e-05,9.145891440306052e-05,0.00042375714936314,0.0006658640396766331,0.0013652701133408656,0.0018442198656472997,0.0025783930966166526,0.005832064947384344
2022-03-08 00:00:00+00:00,416.25,-0.007610587910874322,0.0008953518900849176,0.0009619016626432898,0.0009868108044879783,0.0015546530826122309,0.002037507927292123,0.002697372350696064,0.003463021517516425,0.006334351251414235
2022-03-09 00:00:00+00:00,427.4100036621094,0.0264577071707377,5.7921048349146386e-05,0.000953272938434064,0.0010198227109924362,0.0013770300877972042,0.001619136978110697,0.002638876905050059,0.003264999819725323,0.006374313827474376
2022-03-10 00:00:00+00:00,425.4800109863281,-0.004525779260906582,0.000700010268732505,0.0007579313170816514,0.001653283207166569,0.0017447421215696294,0.0023125843996938825,0.003018553320507434,0.003963755246564312,0.006923424594267612
2022-03-11 00:00:00+00:00,420.0700073242188,-0.012796587712039731,2.0482677918452126e-05,0.0007204929466509572,0.0007784139950001035,0.0017403156576433934,0.002097523034448161,0.0028159219222922264,0.0035179857507323213,0.0069375973909657634
2022-03-14 00:00:00+00:00,417.0,-0.0073351596936435115,0.00016375265707192625,0.00018423533499037836,0.0008842456037228834,0.0018375185421569476,0.001928977456560008,0.0025033825818335806,0.003639539002768094,0.007076845612231052
2022-03-15 00:00:00+00:00,426.1700134277344,0.021752137407685446,5.380456773125237e-05,0.00021755722480317863,0.00023803990272163074,0.0009959712198032821,0.001957872882446572,0.002550624302415513,0.003576927076504194,0.006528829973404758
2022-03-16 00:00:00+00:00,435.6199951171875,0.0219319332717145,0.0004731554818028285,0.0005269600495340809,0.0006907127066060071,0.0014112056532569642,0.0023644785916910284,0.0027882357410541686,0.0037297487050318937,0.00668333475966818
2022-03-17 00:00:00+00:00,441.0700073242188,0.012433317136645528,0.00048100969703493743,0.0009541651788377659,0.0010079697465690182,0.0011922050815593966,0.001950136398641048,0.0029369472031290263,0.003987644325933171,0.007118995004854123
2022-03-18 00:00:00+00:00,444.5199890136719,0.007791413987561668,0.00015458737502040335,0.0006355970720553408,0.0011087525538581694,0.001326309778661348,0.002046802725312305,0.0030666254363047414,0.003665939703423002,0.007180127539303307
2022-03-21 00:00:00+00:00,444.3900146484375,-0.00029243537731638014,6.070613192557162e-05,0.00021529350694597497,0.0006963032039809124,0.0012232632535149933,0.0014074985885053717,0.0030607817956719405,0.0037200829881992538,0.006675077839458863
2022-03-22 00:00:00+00:00,449.5899963378906,0.01163345996870735,8.551844990617362e-08,6.079165037547779e-05,0.00021537902539588114,0.0011695442042336471,0.0013871014290368258,0.002165515424036929,0.003484624463484987,0.006653156121364742
2022-03-23 00:00:00+00:00,443.7999877929688,-0.012962065201009842,0.0001353373908435164,0.00013542290929342257,0.0001961290412189942,0.000831726113274335,0.0013586861628084158,0.002242931766531299,0.0032876636193684234,0.00677816090470315
2022-03-24 00:00:00+00:00,450.489990234375,0.014961874573180545,0.00016801513427523032,0.0003033525251187467,0.00030343804356865287,0.0005187315505146278,0.0014728967293523938,0.0017109366320740246,0.0034307696117989654,0.006879031198438853
2022-03-25 00:00:00+00:00,452.6900024414063,0.004871712340952961,0.0002238576907435865,0.00039187282501881686,0.0005272102158623332,0.000588001866237811,0.0012235989382931517,0.001914311644899159,0.00358807752998418,0.006891767033368179
2022-03-28 00:00:00+00:00,455.9100036621094,0.007087859739226765,2.3733581132993375e-05,0.00024759127187657987,0.0004156064061518102,0.0005510293154452327,0.0007663228223912078,0.001774292568960226,0.0027164592210322555,0.006586840474246189
2022-03-29 00:00:00+00:00,461.5499877929688,0.012294934342103936,5.023775568295171e-05,7.397133681594508e-05,0.0002978290275595316,0.0006011815526782783,0.0006619732030537562,0.0017707257569119254,0.002708775928366061,0.006240441963416778
2022-03-30 00:00:00+00:00,458.7000122070313,-0.006193935772895287,0.00015116541047664674,0.00020140316615959843,0.00022513674729259181,0.0006170095723114086,0.0007524324816048311,0.0014487356855857438,0.0021599310701102027,0.00638088390470828
2022-03-31 00:00:00+00:00,451.6400146484375,-0.015510993469157519,3.836484035875194e-05,0.00018953025083539869,0.00023976800651835038,0.00048735927839493024,0.000790711803513677,0.0010060908289095582,0.0021778132325505025,0.0061633059989267824
2022-04-01 00:00:00+00:00,452.9200134277344,0.0028301043466703035,0.0002405909184002472,0.00027895575875899915,0.0004301211692356459,0.000504092506051591,0.0008959653310704078,0.001092094372289402,0.0022546514938788236,0.006402642075433514
2022-04-04 00:00:00+00:00,456.7999877929688,0.008530092526005895,8.009490613042145e-06,0.00024860040901328935,0.0002869652493720413,0.0004883684155316397,0.0007359596874082195,0.0010393977309768726,0.0022088564167606134,0.0059443993922961135
2022-04-05 00:00:00+00:00,451.0299987792969,-0.012711778187951772,7.276247850222163e-05,8.077196911526378e-05,0.000321362887515511,0.0005108931383509096,0.0005848644751668547,0.001112074691029188,0.0018084634134600066,0.005974962465762181
2022-04-06 00:00:00+00:00,446.5199890136719,-0.010049685888730231,0.00016158930469968645,0.00023435178320190808,0.00024236127381495023,0.0005213170325739494,0.0007227201987335478,0.001138326604885358,0.0014890430211247556,0.006020135276466716
2022-04-07 00:00:00+00:00,448.7699890136719,0.005026315031306794,0.00010099618646214353,0.00026258549116183,0.0003353479696640516,0.0005839483786773409,0.0007734786295127396,0.0010713076570722712,0.0014354518325664957,0.00580079760965373
2022-04-08 00:00:00+00:00,447.5700073242188,-0.0026775161462264663,2.5263842793940616e-05,0.00012626002925608416,0.00028784933395577055,0.0003686213030710344,0.0006475770618300336,0.0008727138091226254,0.0014000095434348646,0.005602947376314011
2022-04-11 00:00:00+00:00,439.9200134277344,-0.017240043704589425,7.169092713303427e-06,3.243293550724404e-05,0.00013342912196938756,0.00036778090517129567,0.0006163813141845851,0.0008561493207029354,0.0014070931176982618,0.005133824471496742
2022-04-12 00:00:00+00:00,438.2900085449219,-0.0037121114853793102,0.00029721910693615344,0.00030438819964945685,0.0003296520424433975,0.0005922375336052275,0.0006730095027204912,0.0011031306719561371,0.001568974833790899,0.005424480731283575
2022-04-13 00:00:00+00:00,443.30999755859375,0.011388482839124414,1.3779771679884989e-05,0.0003109988786160384,0.00031816797132934183,0.00044442800058542604,0.0006787797837873342,0.0009657450331593755,0.0014147394711955536,0.005202716459799287
2022-04-14 00:00:00+00:00,437.7900085449219,-0.012529931210355727,0.00012969754137703127,0.00014347731305691626,0.0004406964199930697,0.0004731293555003138,0.0007357148466621438,0.0010570777341776549,0.0013205793218289985,0.005000115766216239
2022-04-18 00:00:00+00:00,437.9700012207031,0.0004110548011073689,0.00015699917613624654,0.0002866967175132778,0.0003004764891931628,0.0006048646888426198,0.0007311247180987039,0.000973485991913654,0.0014538449168322518,0.005132205800507798
2022-04-19 00:00:00+00:00,445.0400085449219,0.01601376730020032,1.6896604951341862e-07,0.00015716814218575998,0.00028686568356279125,0.0005978645621788297,0.0006302974976860737,0.0009656454673501254,0.0014037761271988134,0.005065824993998939
2022-04-20 00:00:00+00:00,444.7099914550781,-0.0007418198482218585,0.0002564407431449651,0.0002566097091944785,0.00041360888533072506,0.0005570861983876413,0.0008614743980370982,0.001149323731992869,0.0015090514598671318,0.004426913847058986
2022-04-21 00:00:00+00:00,438.05999755859375,-0.015066483396335428,5.502966872159013e-07,0.000256991039832181,0.0002571600058816944,0.0005438567233949722,0.0008548556020110107,0.0009882847239803983,0.0014712369161955956,0.004369543095397055
2022-04-22 00:00:00+00:00,426.0400085449219,-0.02782262309124217,0.00022699892193205114,0.00022754921861926704,0.00048398996176423216,0.0006411581039499921,0.0007846354170069084,0.0011142874594503058,0.0014576449197273996,0.0038965317485966018
2022-04-25 00:00:00+00:00,428.510009765625,0.00578083914653682,0.0007740983556773221,0.0010010972776093733,0.001001647574296589,0.0012582572834910677,0.0015449540010043453,0.0018631219723336874,0.00222373378479168,0.004650147426355471
2022-04-26 00:00:00+00:00,416.1000061035156,-0.029388467120838868,3.341810123813255e-05,0.0008075164569154547,0.0010345153788475058,0.0012915064186796868,0.0014486745608654468,0.0018893709808585166,0.0021843894075275904,0.004519812870521678
2022-04-27 00:00:00+00:00,417.2699890136719,0.002807837300803584,0.0008636819997126272,0.0008971001009507598,0.0016711984566280817,0.001898747675247349,0.0021553573844418274,0.00245583387363499,0.0028864821025405313,0.005329690302503054
2022-04-28 00:00:00+00:00,427.80999755859375,0.024945698119335447,7.883950307783956e-06,0.0008715659500204111,0.0009049840512585437,0.001906081328867917,0.002163072368700098,0.002449938052262889,0.002793369866386172,0.004864418771008008
2022-04-29 00:00:00+00:00,412.0,-0.0376558167278942,0.000622287854661016,0.0006301718049688,0.0014938538046814272,0.002301370261596882,0.002528919480216149,0.002942528365546874,0.0033903938782532473,0.005005696928634087
2022-05-02 00:00:00+00:00,414.4800109863281,0.006001399663298379,0.0014179605334447565,0.0020402483881057725,0.0020481323384135565,0.002945232439364316,0.00394632971697369,0.0042034897228553835,0.0048011853189847,0.00626907008705844
2022-05-03 00:00:00+00:00,416.3800048828125,0.0045735675616205285,3.6016797918637896e-05,0.0014539773313633944,0.0020762651860244106,0.002947831136044822,0.0037553475929602764,0.004239337554724509,0.004539983009967185,0.0062443807530515065
2022-05-04 00:00:00+00:00,429.05999755859375,0.029998447023785957,2.0917520240707545e-05,5.693431815934544e-05,0.001474894851604102,0.0021050666565729016,0.0030021667575236615,0.004003814331820251,0.004547120758528007,0.006265212754842308
2022-05-05 00:00:00+00:00,413.80999755859375,-0.03618983821471655,0.0008999068238388925,0.0009208243440796001,0.000956841141998238,0.0029970895301040107,0.0038686554801244215,0.0049031708589719275,0.005317330040989868,0.007029782187837684
2022-05-06 00:00:00+00:00,411.3399963378906,-0.005986811165078265,0.0013097043900073585,0.002209611213846251,0.0022305287340869586,0.003684506065450353,0.004314677870419153,0.005985876327047235,0.006470035254860981,0.008171471443569812
2022-05-09 00:00:00+00:00,398.1700134277344,-0.032541030728461706,3.584190792630578e-05,0.0013455462979336643,0.002245453121772557,0.0023023874399319025,0.004342635828037675,0.005247619879296218,0.006505708196737773,0.007983455660752531
2022-05-10 00:00:00+00:00,399.0899963378906,0.0023078626977994787,0.001058918680870689,0.0010947605887969948,0.0024044649788043534,0.0033252893228839535,0.004779266654247348,0.006273120458928775,0.007308186134463497,0.009018640760490226
2022-05-11 00:00:00+00:00,392.75,-0.016013669052044044,5.326230231894288e-06,0.0010642449111025833,0.001100086819028889,0.0033096980328751404,0.003366632351034486,0.005414764689448042,0.007312962068008176,0.008973729235039168
2022-05-12 00:00:00+00:00,392.3399963378906,-0.001044475668511069,0.0002564375965083932,0.0002617638267402875,0.0013206825076109766,0.002666228805544641,0.0035870531496242407,0.005663318335648651,0.007342400742584517,0.009079001421070917
2022-05-13 00:00:00+00:00,401.7200012207031,0.02362653009661031,1.0909294221116445e-06,0.0002575285259305048,0.0002628547561623991,0.001357615344959394,0.003567226558805645,0.005042121410409747,0.006569393316329307,0.009041727510134276
2022-05-16 00:00:00+00:00,400.0899963378906,-0.0040658189177653625,0.0005582129244060328,0.0005593038538281444,0.0008157414503365376,0.001879986361439121,0.0032255326593727852,0.004182373801371023,0.007094188139497207,0.009359349516140062
2022-05-17 00:00:00+00:00,408.3200073242188,0.02036168600775401,1.6530883472058703e-05,0.0005747438078780914,0.0005758347373002031,0.0008375985640404907,0.0019323591528374855,0.004162887886924444,0.006247037023256639,0.009367870908999078
2022-05-18 00:00:00+00:00,391.8599853515625,-0.04114660289301231,0.0004145982570783654,0.000431129140550424,0.000989342064956457,0.001246870590886962,0.0023111155019895453,0.004556568623762102,0.00665375133002722,0.009709706687575223
2022-05-19 00:00:00+00:00,389.4599914550781,-0.006143453427808865,0.0016930429296352488,0.002107641186713614,0.002124172070185673,0.002683475924013817,0.002945239750754105,0.005349704729558459,0.007724506405001453,0.011241160312510783
2022-05-20 00:00:00+00:00,389.6300048828125,0.0004364410561858989,3.774202001965649e-05,0.001730784949654905,0.0021453832067332705,0.002720127014611362,0.002977655540541867,0.0040777423595707565,0.006344287891576353,0.011177906146068296
2022-05-23 00:00:00+00:00,396.9200134277344,0.018537199486682532,1.9048079552466295e-07,3.793250081518115e-05,0.00173097543045043,0.002162104571000854,0.002721408424828998,0.004042090932439976,0.00630846157445324,0.011152832784069882
2022-05-24 00:00:00+00:00,393.8900146484375,-0.007663063186207353,0.00034362776480906314,0.0003438182456045878,0.0003815602656242443,0.002489201452337858,0.00306394526021595,0.003326800016378349,0.006631171819021595,0.01148929145616564
2022-05-25 00:00:00+00:00,397.3699951171875,0.008796104601187515,5.872253739580639e-05,0.0004023503022048695,0.0004025407830003942,0.0021333257326552994,0.0025644548732057237,0.0033801963235422614,0.005789987532578509,0.011250794886625294
2022-05-26 00:00:00+00:00,405.30999755859375,0.019784376097156553,7.737145615503218e-05,0.00013609399355083855,0.0004797217583599017,0.0005176542591750826,0.002625295445888697,0.0032011301831889006,0.004557654598726183,0.01131438657110044
2022-05-27 00:00:00+00:00,415.260009765625,0.024252653210717234,0.00039142153755373956,0.00046879299370877173,0.0005275155311045782,0.0008713337767091657,0.002602118726364071,0.003591460791320528,0.004913234228353617,0.01157611056727715
2022-05-31 00:00:00+00:00,412.9299926757813,-0.005626784265614582,0.0005881911877593129,0.0009796127253130526,0.0010569841814680847,0.001459334483672954,0.0014972669844881352,0.003621439054673808,0.00444250673524224,0.012007302578900215
2022-06-01 00:00:00+00:00,409.5899963378906,-0.008121418909250444,3.166070117176783e-05,0.0006198518889310808,0.0010112734264848201,0.0011473674200356586,0.0014911856656402468,0.0036365688723735174,0.004468841206182113,0.01203879431402247
2022-06-02 00:00:00+00:00,417.3900146484375,0.0188644211933644,6.595744509953067e-05,9.76181462712985e-05,0.0006858093340306114,0.001154602327739383,0.0015569526299442527,0.003287928060394683,0.0042783610547732515,0.011848311015977034
2022-06-03 00:00:00+00:00,410.5400085449219,-0.016547684514327088,0.00035586638696065594,0.0004218238320601866,0.00045348453323195445,0.0014330972585450065,0.0015691912520958454,0.0019507515177200898,0.004633136512311796,0.012203627106250475
2022-06-06 00:00:00+00:00,411.7900085449219,0.003040144313791515,0.0002738258627857005,0.0006296922497463565,0.0006956496948458872,0.0013155015837769677,0.0017842945774857399,0.002186835360486134,0.004348749450691464,0.012250454047104125
2022-06-07 00:00:00+00:00,415.739990234375,0.009546509960919991,9.242477448678882e-06,0.0002830683402343794,0.0006389347271950354,0.0007365528734663337,0.0017161655987793863,0.0021958873571392883,0.004341461044668083,0.011485598168875481
2022-06-08 00:00:00+00:00,411.2200012207031,-0.010931687318656458,9.113585243394461e-05,0.00010037832988262349,0.000374204192668324,0.0007960280247285104,0.0014158799136595912,0.0019433954447641694,0.004017998640023663,0.011543315920071295
2022-06-09 00:00:00+00:00,401.4400024414063,-0.02407026535921286,0.00011950178763287441,0.00021063764006681903,0.00021988011751549792,0.0008495723672618541,0.0009471905135331528,0.0020041746950012376,0.0024444574980212884,0.01079913570799154
2022-06-10 00:00:00+00:00,389.7999877929688,-0.029424332942413756,0.0005793776744629226,0.0006988794620957971,0.0007900153145297417,0.0010730836547641208,0.0014949074868243076,0.002506180913309128,0.0029860931524645544,0.01137062943214668
2022-06-13 00:00:00+00:00,375.0,-0.03870772978690962,0.0008657913691060154,0.001445169043568938,0.0015646708312018125,0.0016650491610844358,0.0022947414108307924,0.0029805507448614037,0.003851694040775045,0.01161413294659168
2022-06-14 00:00:00+00:00,373.8699951171875,-0.003017895623606215,0.00149828834525641,0.0023640797143624254,0.002943457388825348,0.0031540950288921664,0.003437163369126546,0.003890647902358501,0.005006354621222392,0.011694460758403333
2022-06-15 00:00:00+00:00,379.2000122070313,0.014155672225600213,9.107693994981544e-06,0.0015073960392513915,0.0023731874083574066,0.0030720668704532035,0.0031724452003358272,0.0038680948951817147,0.004956739777821567,0.011667551654479675
2022-06-16 00:00:00+00:00,366.6499938964844,-0.03365610467930491,0.00020038305615862928,0.00020949075015361083,0.0017077790954100208,0.0031529481389789586,0.003363585779045778,0.004002520506240813,0.005079751377825165,0.011847017190397598
2022-06-17 00:00:00+00:00,365.8599853515625,-0.0021569913683165964,0.0011327333821843299,0.0013331164383429592,0.0013422241323379407,0.003706303846700366,0.004405183308796163,0.0047793875014644875,0.005821063222455755,0.012079843748743034
2022-06-21 00:00:00+00:00,375.0700073242188,0.024861988219845088,4.652611762992303e-06,0.001137385993947322,0.0013377690501059514,0.0028451650893573425,0.004290334132926281,0.004510214250441779,0.005237524646459433,0.010774791970498668
2022-06-22 00:00:00+00:00,374.3900146484375,-0.0018146207734588415,0.0006181184582437159,0.0006227710700067083,0.0017555044521910383,0.0019649952023446486,0.004329074916707074,0.005119090231236816,0.005823982403531382,0.01135706852081608
2022-06-23 00:00:00+00:00,378.05999755859375,0.009754832753127829,3.2928485514683644e-06,0.0006214113067951843,0.0006260639185581766,0.0019591803569011354,0.0034665763961525273,0.005031247227354339,0.00576131780698332,0.01030144268849686
2022-06-24 00:00:00+00:00,390.0799865722656,0.03129890514558209,9.515676204149545e-05,9.844961059296382e-05,0.0007165680688366797,0.0018539540627840018,0.002063444812937613,0.005006902201762961,0.0055006081820641595,0.01039127322030646
2022-06-27 00:00:00+00:00,388.5899963378906,-0.003827018083701006,0.0009796214633121451,0.0010747782253536407,0.001078071073905109,0.001700842143911817,0.0030339585822547763,0.005407145990612183,0.006206403782590604,0.011114457087110213
2022-06-28 00:00:00+00:00,380.6499938964844,-0.020644492068412568,1.464606741297452e-05,0.0009942675307251197,0.001089424292766615,0.0017108355995617995,0.0028482215935091214,0.004556000688919142,0.006211807372554899,0.011128012225101075
2022-06-29 00:00:00+00:00,380.3399963378906,-0.0008147218221505881,0.0004261950527627494,0.0004408411201757239,0.001420462583487869,0.0015189121940808329,0.002141683264087541,0.003483907396425482,0.006546866572883704,0.010995994353457791
2022-06-30 00:00:00+00:00,377.25,-0.008157482247656667,6.637716474883745e-07,0.0004268588244102378,0.0004415048918232123,0.0015162831171768526,0.0021376944239720375,0.003475463474077989,0.006428028556898319,0.010980127241633221
2022-07-01 00:00:00+00:00,381.239990234375,0.010520974806039973,6.654451662083366e-05,6.720828826832203e-05,0.0004934033410310714,0.0014876708717561909,0.001586120482349155,0.0033416249345401927,0.005915195399056229,0.010632073501175688
2022-07-05 00:00:00+00:00,381.9599914550781,0.0018867962567554741,0.00011069091086932785,0.00017723542749016152,0.00017789919913764986,0.0006187403193133736,0.0016935185446670144,0.002319582463225191,0.005160094940819542,0.009049721482409769
2022-07-06 00:00:00+00:00,383.25,0.003371649041169711,3.560000114506469e-06,0.00011425091098383432,0.000180795427604668,0.0006076542520149055,0.0016019217827400254,0.0023184898515767054,0.003665366595677638,0.00901553946250462
2022-07-07 00:00:00+00:00,388.989990234375,0.014866093490139676,1.136801725682063e-05,1.49280173713271e-05,0.00012561892824065494,0.00019282721650897675,0.0006336683366847008,0.00171173941058981,0.0036676269189394772,0.009026716998965914
2022-07-08 00:00:00+00:00,388.6700134277344,-0.0008229221592763736,0.00022100073565757325,0.00023236875291439389,0.00023592875302890035,0.00041316418051906166,0.0008400230049292997,0.0019294472976959147,0.0036882445984384215,0.008904089969814424
2022-07-11 00:00:00+00:00,384.2300109863281,-0.011489328872572813,6.772008802280892e-07,0.00022167793653780134,0.00023304595379462195,0.00034729686477845607,0.0004145051530467783,0.0018349677365346474,0.0025561884171343197,0.008846044633298845
2022-07-12 00:00:00+00:00,380.8299865722656,-0.008888314142629916,0.00013200467794213526,0.00013268187882236335,0.00035368261447993657,0.0003686106318512635,0.0005458460593414252,0.0009873509511646374,0.0026835404833134625,0.00890067785508595
2022-07-13 00:00:00+00:00,378.8299865722656,-0.005265525871211096,7.900212829807498e-05,0.00021100680624021025,0.00021168400712043831,0.000444052760034832,0.0005583036710186665,0.001051707012049738,0.0021444241533678213,0.008588258445830286
2022-07-14 00:00:00+00:00,377.9100036621094,-0.002431438473624148,2.7725762700393374e-05,0.00010672789099846835,0.00023873256894060358,0.00046041050547840476,0.00047533852284973205,0.000653237721987382,0.0021688570675167463,0.008027793020771366
2022-07-15 00:00:00+00:00,385.1300048828125,0.01892487058594927,5.911893051019726e-06,3.36376557514131e-05,0.00011263978404948806,0.0002453216628718512,0.0004776904157862453,0.0006584858433909132,0.0020796121985262707,0.008002044212650617
2022-07-18 00:00:00+00:00,381.9500122070313,-0.008291210361567103,0.0003581507266949279,0.00036406261974594766,0.000391788382446341,0.0006027951886865511,0.0008244731252243526,0.0009500920534650075,0.0014581414619090536,0.008294237494246015
2022-07-19 00:00:00+00:00,392.2699890136719,0.026660608249491347,6.874416925975769e-05,0.0004268948959546856,0.00043280678900570527,0.0005395346800041735,0.000672216558826537,0.0009081453118554374,0.0015122395637558366,0.008007115276545115
2022-07-20 00:00:00+00:00,394.7699890136719,0.006352938803842356,0.000710788032232846,0.0007795322014926037,0.0011376829281875315,0.0011713205839389445,0.001382327390179155,0.001615373343973777,0.0017968325432259334,0.00844407744599226
2022-07-21 00:00:00+00:00,398.7900085449219,0.01013169497427402,4.035983144536595e-05,0.0007511478636782118,0.0008198920329379695,0.001183954652683917,0.0012906825436823856,0.0016443651581623223,0.001836528603023811,0.008475194799988947
2022-07-22 00:00:00+00:00,395.0899963378906,-0.009321406194838566,0.00010265124305172942,0.00014301107449709525,0.0008537991067299414,0.0012806940026846268,0.00131433165843604,0.0015260156655564783,0.0018726353294547067,0.008486710190606733
2022-07-25 00:00:00+00:00,395.5700073242188,0.0012142034327720097,8.68886134491748e-05,0.00018953985650090413,0.00022989968794627017,0.0010094318894388738,0.0013734945091848215,0.0016122270781254253,0.0018488330320345536,0.008454097016423034
2022-07-26 00:00:00+00:00,390.8900146484375,-0.011901553256690178,1.4742899761553324e-06,8.836290342533002e-05,0.00019101414647705958,0.0009421620101552713,0.001369056906109957,0.0014816966901594452,0.0018467473218962023,0.007876193631936267
2022-07-27 00:00:00+00:00,401.0400085449219,0.025634966306172124,0.0001416469699218326,0.0001431212598979878,0.00023000987334716275,0.0003730209478442579,0.0011525531493368616,0.0015443415317832028,0.0019770262745612143,0.007152049232752083
2022-07-28 00:00:00+00:00,406.0700073242188,0.012464382307969757,0.0006571514975185801,0.0007987984674404125,0.000800272757416568,0.000989812613917472,0.001740960477595684,0.0021737672666013895,0.0024131770364222214,0.006310912385014253
2022-07-29 00:00:00+00:00,411.989990234375,0.014473476936627705,0.0001553608263192295,0.0008125123238378095,0.0009541592937596422,0.001042522197184972,0.0011855332716820676,0.002323216199869599,0.002567860661861223,0.006457165517338501
2022-08-01 00:00:00+00:00,410.7699890136719,-0.0029656331023177884,0.00020948153463509409,0.0003648423609543235,0.0010219938584729036,0.0011651151183708914,0.0013546549748717958,0.0021745470078097656,0.0026453375185541816,0.006466263995814966
2022-08-02 00:00:00+00:00,408.05999755859375,-0.006619203971790277,8.79497969756303e-06,0.000218276514332657,0.0003736373406518866,0.0011724358080922991,0.0012607987115176294,0.0021145978182475706,0.0025751303699536694,0.005342325593328199
2022-08-03 00:00:00+00:00,414.4500122070313,0.015538153058459514,4.381386122016418e-05,5.26088409177271e-05,0.0002620903755528213,0.0010746026993906307,0.0012177239592886188,0.001447623647234889,0.0025912184684734403,0.0053814868427853714
2022-08-04 00:00:00+00:00,414.1700134277344,-0.0006758195102500864,0.00024143420046811474,0.0002852480616882788,0.00029404304138584193,0.0006588854023401654,0.0014576838697805783,0.0016486980162576377,0.0028267407758905353,0.005004802585009771
2022-08-05 00:00:00+00:00,413.4700012207031,-0.001691586587316607,4.567320104346666e-07,0.0002418909324785493,0.0002857047936987136,0.0005039813080313706,0.0013164936318691804,0.001546503505216343,0.002469046781206042,0.005001966468468736
2022-08-08 00:00:00+00:00,412.989990234375,-0.0011616074468596693,2.8614651823894447e-06,3.318197192824003e-06,0.00024475239766093884,0.00029736123857866594,0.0006622035995329896,0.0014624763569495575,0.002403164077128674,0.00490967117160963
2022-08-09 00:00:00+00:00,411.3500061035156,-0.0039789074939697855,1.3493318605998394e-06,4.210797042989176e-06,4.66752905342395e-06,0.00028991559074170275,0.00050819210507436,0.001462351398834002,0.0016937253767564278,0.003931399040158085
2022-08-10 00:00:00+00:00,419.989990234375,0.020786429765403902,1.583170484556892e-05,1.718103670616865e-05,2.00425018885582e-05,0.0002619334343671075,0.0003145422752848348,0.0013365361337577385,0.0016691972501566305,0.003932584677590679
2022-08-11 00:00:00+00:00,419.989990234375,0.0,0.00043207566239206934,0.00044790736723763813,0.0004492566990982381,0.0004525748962910621,0.0007378229579793412,0.0011114602986312277,0.0019986216694969704,0.003938465287219999
2022-08-12 00:00:00+00:00,427.1000061035156,0.016787313919910396,0.0,0.0004320756623920692,0.00044790736723763824,0.00045211816428062746,0.000694009096759177,0.0009560994723119983,0.0019117330560477958,0.00393780151557251
2022-08-15 00:00:00+00:00,428.8599853515625,0.004112299046374446,0.00028181390864561736,0.00028181390864561725,0.0007138895710376866,0.0007310706077438554,0.0007343888049366796,0.0010284318463225214,0.002192072674717258,0.004153070907597294
2022-08-16 00:00:00+00:00,429.7000122070313,0.001956828004818334,1.6911003446812176e-05,0.0002987249120924294,0.0002987249120924295,0.0007466322793300677,0.000750843076373057,0.0010365478700717708,0.0020673367082422373,0.004059291000174779
2022-08-17 00:00:00+00:00,426.6499938964844,-0.007123328512293803,3.829175840441302e-06,2.074017928725337e-05,0.00030255408793287085,0.0007346297503249401,0.0007518107870311089,0.000996563184692048,0.0014140143865640988,0.0040595601759007135
2022-08-18 00:00:00+00:00,427.8900146484375,0.0029021967606395194,5.074180909405784e-05,5.457098493449903e-05,7.148198838131131e-05,0.00035329589702692854,0.0008012032642645669,0.0008058707933179909,0.001309395369338927,0.004098933967737951
2022-08-19 00:00:00+00:00,422.1400146484375,-0.013529140164663112,8.42274603746652e-06,5.916455513152425e-05,6.299373097196567e-05,0.0003617186430643951,0.0007937943054564646,0.0008138368073450227,0.0011083365807412994,0.003886355978117844
2022-08-22 00:00:00+00:00,413.3500061035156,-0.021042340808237192,0.0001830376335951006,0.00019146037963256701,0.00024220218872662497,0.00026294236801387833,0.0005447562766594958,0.000994012975757734,0.0012825792346388368,0.004068716410832717
2022-08-23 00:00:00+00:00,412.3500061035156,-0.002422188383511603,0.00044278010669000426,0.0006258177402851048,0.0006342404863225714,0.0006888114712570704,0.0009875363833495,0.0014354437505871382,0.001681545480108677,0.004379491839580586
2022-08-24 00:00:00+00:00,413.6700134277344,0.003196068900625626,5.866996565218553e-06,0.0004486471032552227,0.0006316847368503235,0.0006908492919818477,0.0007115894712691012,0.001425479042306788,0.0014459782762057808,0.004306356707847729
2022-08-25 00:00:00+00:00,419.510009765625,0.014018799822279604,1.0214856417546298e-05,1.608185298276469e-05,0.0004588619596727691,0.000650322339305336,0.0007048933242398353,0.001003618236332265,0.0014557364006128925,0.004288845801564882
2022-08-26 00:00:00+00:00,405.30999755859375,-0.03443518641605081,0.00019652674845714666,0.0002067416048746928,0.00021260860143991153,0.0008384263417250163,0.0008975908968565407,0.0012001449847894115,0.0016494016838876496,0.004479460656971009
2022-08-29 00:00:00+00:00,402.6300048828125,-0.00663416218288404,0.0011857820635081703,0.0013823088119653169,0.0013925236683828633,0.001841170771638086,0.002032631151270653,0.0021041131396519644,0.0028338344155352203,0.005307091993784251
2022-08-30 00:00:00+00:00,398.2099914550781,-0.011038555340141087,4.401210786880873e-05,0.001229794171376979,0.0014263209198341256,0.0014424027728168903,0.0020682205131019953,0.002131214244073961,0.0028620148185584597,0.005282359932393303
2022-08-31 00:00:00+00:00,395.1799926757813,-0.007638144093186305,0.00012184970399735732,0.00016586181186616604,0.0013516438753743364,0.0015583854802490292,0.002007032583504252,0.002249234772230877,0.0025517888601637477,0.004693421604157814
2022-09-01 00:00:00+00:00,396.4200134277344,0.003132950370552834,5.834124518827685e-05,0.00018019094918563417,0.0002242030570544429,0.0016065118690197597,0.0016225937220025245,0.002256834208325096,0.002610130105352025,0.0047114030179007255
2022-09-02 00:00:00+00:00,392.239990234375,-0.010600416696432191,9.81537802434714e-06,6.815662321262399e-05,0.0001900063272099813,0.00141980049858696,0.0016265421034616532,0.0022582268403119766,0.0023381315747307545,0.004618567152873343
2022-09-06 00:00:00+00:00,390.760009765625,-0.003780286669806898,0.00011236883413799837,0.0001221842121623455,0.00018052545735062236,0.0003463872692167882,0.0017286960811821054,0.002187558040854874,0.0024335894054219407,0.004644047373562166
2022-09-07 00:00:00+00:00,397.7799987792969,0.017805499790206625,1.4290567305919728e-05,0.0001266594014439181,0.00013647477946826522,0.0003166657286538992,0.0015464599000308782,0.0017590685014707897,0.0024440507968874195,0.00465686365089193
2022-09-08 00:00:00+00:00,400.3800048828125,0.0065150227727048815,0.00031703582277904814,0.00033132639008496786,0.00044369522422296623,0.00051185184743559,0.0006777136593017561,0.0020702373276846194,0.0027103448105724095,0.004832252503749145
2022-09-09 00:00:00+00:00,406.6000061035156,0.015415807866335562,4.24455217288632e-05,0.00035948134450791133,0.00037377191181383105,0.0004959561239761764,0.0006761470731618106,0.002102467992995936,0.0027443675862638063,0.004217546527959429
2022-09-12 00:00:00+00:00,410.9700012207031,0.010690305896353891,0.0002376471321717734,0.0002800926539006366,0.0005971284766796848,0.0007237878781236026,0.0007919445013362266,0.002143588376710563,0.002798977084840479,0.0042998328338119726
2022-09-13 00:00:00+00:00,393.1000061035156,-0.044456174147267546,0.00011428264015761877,0.0003519297723293922,0.00039437529405825537,0.0007257016841432231,0.0008478858963055685,0.0010720889533600115,0.0024704796183080933,0.0042046339393344975
2022-09-14 00:00:00+00:00,394.6000061035156,0.003808561101678265,0.0019763514198121793,0.002090634059969798,0.0023282811921415715,0.0026877625366494825,0.002814421938093401,0.003004428265303382,0.004440964041555054,0.006172190379449114
2022-09-15 00:00:00+00:00,390.1199951171875,-0.011418237468483028,1.450513766521676e-05,0.001990856557477396,0.002105139197635015,0.002385231851535651,0.002716558241620619,0.0028970836989712415,0.004445254322802725,0.0061428816558941664
2022-09-16 00:00:00+00:00,385.55999755859375,-0.011757555003970133,0.0001303761468866697,0.00014488128455188647,0.0021212327043640656,0.0024731624766934574,0.002832643821201369,0.002969118600669634,0.004379103721232248,0.006031823602312722
2022-09-19 00:00:00+00:00,388.5499877929688,0.0077250136547011294,0.0001382400996713831,0.0002686162465580528,0.0002831213842232696,0.0023737554441930673,0.002653848098093704,0.0030975433223166702,0.00333156175739546,0.00616960696997367
2022-09-20 00:00:00+00:00,384.0899963378906,-0.0115449396466758,5.96758359653189e-05,0.00019791593563670202,0.00032829208252337176,0.0023191486400007673,0.00267107841233016,0.0030448503241439907,0.0033472254854919705,0.006226421340756599
2022-09-21 00:00:00+00:00,377.3900146484375,-0.01759771627849549,0.00013328563144538675,0.00019296146741070564,0.00033120156708208874,0.0004760828516339748,0.002566716911603773,0.0031638453882834577,0.00335866141294,0.006358357640341386
2022-09-22 00:00:00+00:00,374.2200012207031,-0.008435311285113656,0.00030967961821842517,0.0004429652496638119,0.0005026410856291308,0.0007712573321871832,0.0027621138896645795,0.003156489183722835,0.003609999785970148,0.0066522055537142424
2022-09-23 00:00:00+00:00,367.9500122070313,-0.01689677047968363,7.11544764767658e-05,0.00038083409469519096,0.0005141197261405777,0.0007120356617772793,0.0008569169463291662,0.0031851981384707372,0.003671338884422567,0.006291284367798939
2022-09-26 00:00:00+00:00,364.30999755859375,-0.009941945708146882,0.00028550085264310825,0.00035665532911987403,0.0006663349473382991,0.0008592964147490043,0.0011279126613070577,0.0032330518589420722,0.0038444709029276766,0.006576785220442047
2022-09-27 00:00:00+00:00,363.3800048828125,-0.0025560147287464474,9.88422844637402e-05,0.00038434313710684843,0.0004554976135836142,0.0008984628632474257,0.0010963787988841282,0.003217611503248194,0.003929022620085497,0.00639381359626017
2022-09-28 00:00:00+00:00,370.5299987792969,0.019485277712051996,6.533211293568775e-06,0.00010537549575730897,0.0003908763484004172,0.0007717104430956077,0.0009646719105063139,0.0012477932947295835,0.003618520008600018,0.006383435804106927
2022-09-29 00:00:00+00:00,362.7900085449219,-0.021110231804905233,0.00037967604751579025,0.000386209258809359,0.0004850515432730992,0.0008417068723929728,0.0012846721220567852,0.0016129642045801568,0.0039557505343869445,0.006759282675782276
2022-09-30 00:00:00+00:00,357.17999267578125,-0.015584342130975593,0.0004456418868568324,0.0008253179343726227,0.0008318511456661914,0.0012161942827730394,0.0015970283774682308,0.0019282299445503195,0.004163745289072004,0.00715418275354505
2022-10-03 00:00:00+00:00,366.6099853515625,0.02605873687629412,0.00024287171965530087,0.0006885136065121332,0.0010681896540279236,0.001173565149785232,0.0015302204789051064,0.0020328615645342375,0.004292334368569686,0.007388631727162884
2022-10-04 00:00:00+00:00,377.9700012207031,0.03051625785631007,0.000679057767587931,0.0009219294872432318,0.0013675713741000644,0.001753780632909423,0.0021381237700162717,0.0026522434961568494,0.002995040716345438,0.007884651861155716
2022-10-05 00:00:00+00:00,377.0899963378906,-0.0023309545840213275,0.0009312419935528061,0.0016102997611407372,0.001853171480796038,0.0026784894151686603,0.0027838649109259697,0.0034501998582642684,0.003911777572233027,0.008373113748018517
2022-10-06 00:00:00+00:00,373.2000122070313,-0.010369374353981442,5.4333492727700395e-06,0.0009366753428255761,0.0016157331104135072,0.00230424671692564,0.0026904559757349993,0.0031459535893186134,0.0037868347746191277,0.008372680100726069
2022-10-07 00:00:00+00:00,362.7900085449219,-0.028290323663625827,0.00010752392449300805,0.00011295727376577808,0.0010441992673185844,0.0019661287545618155,0.002791446688934439,0.0031823230373348556,0.003756118599440753,0.008469989168801529
2022-10-10 00:00:00+00:00,360.0199890136719,-0.007664623071973686,0.0008003424129927074,0.0009078663374857155,0.0009132996867584856,0.002523599447899222,0.003212113054411356,0.003697164597684455,0.004496785176468141,0.009073804833337092
2022-10-11 00:00:00+00:00,357.739990234375,-0.006353116679683524,5.874644683543135e-05,0.0008590888598281387,0.0009666127843211469,0.0019032881271467226,0.002825217614389955,0.0036570687600561464,0.004422245991858186,0.00794676921666435
2022-10-12 00:00:00+00:00,356.5599975585937,-0.0033039164758035255,4.0362091545673004e-05,9.910853838110436e-05,0.0008994509513738119,0.0010124082251395895,0.002622707986280327,0.0036908976403082503,0.004152928465185433,0.007943119200341216
2022-10-13 00:00:00+00:00,365.9700012207031,0.026048844373095292,1.0915864079085989e-05,5.127795562475899e-05,0.00011002440246019045,0.0010178907399459054,0.001954566082771482,0.003322137456871546,0.004092689852787754,0.007832185360422943
2022-10-14 00:00:00+00:00,357.6300048828125,-0.023052420113011785,0.0006785422931737383,0.0006894581572528243,0.0007298202487984974,0.0015889091086266356,0.001701866382392414,0.0035550378631884517,0.004485731293318383,0.008452386408408405
2022-10-17 00:00:00+00:00,366.8200073242188,0.025372338438407027,0.0005314140730667903,0.0012099563662405287,0.0012208722303196145,0.0013199807687007184,0.0022278471061864345,0.003843580216599941,0.004918303081921434,0.00897398510345085
2022-10-18 00:00:00+00:00,371.1300048828125,0.011681134209780453,0.0006437555578330667,0.0011751696308998569,0.0018537119240735953,0.0019049898796983538,0.0027640787395264927,0.003808278006845077,0.005555525428460932,0.009505371827145916
2022-10-19 00:00:00+00:00,368.5,-0.007111707070068363,0.0001364488964269032,0.00078020445425997,0.0013116185273267602,0.002001076684579584,0.0021001852229606886,0.0030134849097191744,0.005312298277372045,0.009627530156266901
2022-10-20 00:00:00+00:00,365.4100036621094,-0.00842069076929608,5.057637745046034e-05,0.00018702527387736353,0.0008307808317104304,0.0020407371979509585,0.0020920151535757177,0.0030586279378968647,0.0049172327679656725,0.009361070710938313
2022-10-21 00:00:00+00:00,374.2900085449219,0.024010899985540846,7.09080330321082e-05,0.00012148441048256853,0.0002579333069094718,0.0014331029378093284,0.002122561095062153,0.0030220120464359646,0.0047452690813424795,0.009389533222241557
2022-10-24 00:00:00+00:00,378.8699951171875,0.012162204592721437,0.0005765233181156454,0.0006474313511477536,0.0006980077285982139,0.0014782121828581835,0.002688168549098712,0.0027981929515589025,0.004642734631870194,0.00972840940818543
2022-10-25 00:00:00+00:00,384.9200134277344,0.015842429934322944,0.0001479192205552144,0.0007244425386708598,0.0007953505717029681,0.000982375845580331,0.0021575454764801885,0.0028873657252786854,0.0038594118588726025,0.009762045988583027
2022-10-26 00:00:00+00:00,382.0199890136719,-0.0075626208742072265,0.00025098258622393167,0.0003989018067791461,0.0009754251248947915,0.0010969095353773597,0.00187711398963733,0.0030979862199569446,0.004104961095823765,0.008036677154994778
2022-10-27 00:00:00+00:00,379.9800109863281,-0.005354285829167971,5.719323448699488e-05,0.00030817582071092657,0.000456095041266141,0.0011035263924138942,0.001290551666291258,0.0031442635903648534,0.004054630405817751,0.008079365251816555
2022-10-28 00:00:00+00:00,389.0199890136719,0.023512079268203756,2.8668376740428944e-05,8.586161122742383e-05,0.0003368441974513555,0.0010612867361222149,0.0011827711466047836,0.0024943896739315443,0.0032829563695654725,0.007977657481670316
2022-10-31 00:00:00+00:00,386.2099914550781,-0.007249487083863748,0.0005528178715142969,0.0005814862482547258,0.0006386794827417207,0.0010375812895208664,0.0016850126406686202,0.0025157934723790505,0.0037770277942443383,0.008392235253513229
2022-11-01 00:00:00+00:00,384.5199890136719,-0.004385466227568635,5.255506297910731e-05,0.0006053729344934042,0.0006340413112338331,0.0009422171319447592,0.0016666596706156195,0.001924592977525091,0.0037892207656777723,0.008385114480527018
2022-11-02 00:00:00+00:00,374.8699951171875,-0.025416488450460406,1.9232314033145077e-05,7.178737701225239e-05,0.0006246052485265492,0.0007104668597539726,0.0011093686665331194,0.001807376395131333,0.0037975372156318315,0.008271061163114775
2022-11-03 00:00:00+00:00,371.010009765625,-0.010350243431810568,0.0006459978851523872,0.0006652301991855323,0.0007177852621646396,0.001299271510419365,0.001607447331130292,0.00240279790283326,0.0037649928076104802,0.008607379430048738
2022-11-04 00:00:00+00:00,376.3500061035156,0.014290534954393586,0.00010712753909773781,0.000753125424250125,0.0007723577382832701,0.0013777306727766738,0.0014635922840040981,0.0024390174088988895,0.003340706273641428,0.008643352492669709
2022-11-07 00:00:00+00:00,379.9500122070313,0.009520119545588734,0.00020421938928274488,0.0003113469283804827,0.0009573448135328699,0.0010291321905451219,0.001610618438799848,0.002066713480065989,0.002901170105091106,0.008562071029309346
2022-11-08 00:00:00+00:00,382.0,0.0053809113627876215,9.063267616230065e-05,0.0002948520654450455,0.00040197960454278335,0.0010672098037283152,0.0016725827382217198,0.0020094269356730754,0.002855353884826504,0.008553861421007907
2022-11-09 00:00:00+00:00,374.1300048828125,-0.020817264954698267,2.895420709417694e-05,0.00011958688325647759,0.00032380627253922247,0.001076931696789347,0.0011487190738016,0.0017873985565433205,0.0028337317144702203,0.008576282416808516
2022-11-10 00:00:00+00:00,394.6900024414063,0.053497309183601516,0.00043335852019410866,0.0004623127272882856,0.0005529454034505863,0.0008642923318310685,0.001529522531016601,0.0021635638422504346,0.0031961822016322206,0.008629964889486834
2022-11-11 00:00:00+00:00,398.510009765625,0.009631963688169876,0.0028619620898858553,0.003295320610079964,0.003324274817174141,0.003619126882619186,0.004372252306869311,0.00499685755539586,0.005481620973402431,0.011046285092515856
2022-11-14 00:00:00+00:00,395.1199951171875,-0.008543112649075368,9.277472449022303e-05,0.002954736814376078,0.0033880953345701865,0.003507682217826664,0.0038190291462071473,0.004536814408371786,0.005426476477337439,0.010896188097350778
2022-11-15 00:00:00+00:00,398.489990234375,0.008492875431373115,7.298477373479156e-05,0.0001657594982250146,0.00302772158811087,0.003490034315399155,0.003784886380844201,0.00455724411912747,0.005248478664848299,0.010290115103497638
2022-11-16 00:00:00+00:00,395.4500122070313,-0.007657991471810455,7.212893309282107e-05,0.00014511370682761263,0.00023788843131783565,0.003533209041397799,0.003652795924654277,0.004610140738187146,0.005263414363454125,0.009431002043037654
2022-11-17 00:00:00+00:00,394.239990234375,-0.0030645516997971356,5.864483338232165e-05,0.00013077376647514273,0.00020375854020993428,0.0031584953545860123,0.0036208080818742982,0.004022787686417081,0.005293390820096017,0.009484213527147206
2022-11-18 00:00:00+00:00,396.0299987792969,0.004530126744088925,9.391477120729514e-06,6.803631050305116e-05,0.00014016524359587224,0.00030592474182088636,0.003601245351900851,0.003925051624440073,0.004749964425702451,0.009386081079774927
2022-11-21 00:00:00+00:00,394.5899963378906,-0.0036427210104266194,2.0522048317509723e-05,2.9913525438239237e-05,8.855835882056088e-05,0.00023367206564817308,0.003188408880024252,0.003741354283474838,0.004717931411040853,0.008606260715099729
2022-11-22 00:00:00+00:00,399.8999938964844,0.01336725872216693,1.3269416359803532e-05,3.379146467731326e-05,4.318294179804277e-05,0.00017395670827318504,0.00033971620649820005,0.0036639910236723407,0.004711968513367512,0.008560783684624103
2022-11-23 00:00:00+00:00,402.4200134277344,0.006281852116995168,0.00017868360574534788,0.00019195302210515142,0.00021247507042266114,0.00028051138092571187,0.0004256250877533249,0.0038137204223235117,0.004244654233960472,0.008699105198823776
2022-11-25 00:00:00+00:00,402.3299865722656,-0.0002237386911323469,3.9461666019796673e-05,0.00021814527176514456,0.0002314146881249481,0.0002613282135631869,0.00039210198003833,0.0034198235681491998,0.004176988360882532,0.008727651000764489
2022-11-28 00:00:00+00:00,395.9100036621094,-0.016085692069329305,5.005900190961573e-08,3.951172502170629e-05,0.00021819533076705418,0.000251986795444367,0.0003200231059474186,0.0005579115372652538,0.0039728190306016955,0.008049158766592658
2022-11-29 00:00:00+00:00,395.2300109863281,-0.0017190202256003317,0.0002587494893492837,0.0002587995483511933,0.00029826121437099,0.000490214236476141,0.0005201277619143807,0.0007238863021243145,0.004140935843788679,0.007776494182875153
2022-11-30 00:00:00+00:00,407.6799926757813,0.031014633257036017,2.9550305360230155e-06,0.0002617045198853067,0.0002617545788872163,0.00047989985065236045,0.0005136913153296742,0.000653856558925546,0.004114936667230525,0.0071356936555781085
2022-12-01 00:00:00+00:00,407.3800048828125,-0.0007361122062512493,0.0009619074760684446,0.0009648625066044675,0.0012236119959537512,0.001263123720975457,0.001455076743080609,0.0015436351019011696,0.00464348562310486,0.00796115223521965
2022-12-02 00:00:00+00:00,406.9100036621094,-0.001154383003511228,5.418611801920818e-07,0.0009624493372486366,0.0009654043677846596,0.0012242039161358526,0.0014423491879009974,0.0014855321296990398,0.0017820653943991975,0.007911117718949381
2022-12-05 00:00:00+00:00,399.5899963378906,-0.018153027496799368,1.3326001187956036e-06,1.874461298987577e-06,0.0009637819373674321,0.0012254864572527385,0.0012649981822744454,0.0014774732526971058,0.0016906232700277704,0.00784154228603607
2022-12-06 00:00:00+00:00,393.8299865722656,-0.014519702260978207,0.0003295324072995539,0.00033086500741834937,0.00033140686859854147,0.0012962693752030087,0.0015550689235542025,0.00178648361167915,0.0019471709035925326,0.007594551375219978
2022-12-07 00:00:00+00:00,393.1600036621094,-0.0017026469976162417,0.00021082175374745565,0.0005403541610470094,0.0005416867611658051,0.0015041360984144412,0.0017658406182997485,0.0019840359490668025,0.002085863724247167,0.0076574539084122185
2022-12-08 00:00:00+00:00,396.239990234375,0.007803400621268608,2.8990067984916022e-06,0.00021372076054594714,0.0005432531678455011,0.0005451276291444884,0.0015099901357489562,0.001808251350119946,0.002030117897663337,0.007409370328986779
2022-12-09 00:00:00+00:00,393.2799987792969,-0.007498240360482633,6.0893061256015296e-05,6.379206805450679e-05,0.00027461382180196247,0.0006054788292203116,0.0015679281664689488,0.0018296827453561646,0.0020816194817986225,0.0074130701557558
2022-12-12 00:00:00+00:00,398.9500122070313,0.014314303078420743,5.6223608503570726e-05,0.00011711666975958591,0.00012001567655807751,0.0006603698376050868,0.0006622442989040749,0.0018858562948578256,0.0021173210419846837,0.007440625387518941
2022-12-13 00:00:00+00:00,401.9700012207031,0.007541335653240111,0.00020489927262088556,0.0002611228811244562,0.00032201594238047144,0.0005357367029264184,0.0008666017103447683,0.0018320060781294276,0.0023089508982457657,0.00709270678862553
2022-12-14 00:00:00+00:00,399.3999938964844,-0.006414056305424687,5.687174343483045e-05,0.0002617710160557159,0.0003179946245592866,0.0003817866926137932,0.0009221408536608032,0.001885922791028235,0.0021871390359352485,0.007097023469081253
2022-12-15 00:00:00+00:00,389.6300048828125,-0.024765822310819807,4.114011828915818e-05,9.80118617239885e-05,0.0003029111343448741,0.00042002780410445973,0.0006337485646504075,0.0009651554332489486,0.00218881748820461,0.007118931273337266
2022-12-16 00:00:00+00:00,383.2699890136719,-0.016457910405920373,0.0006133459547311001,0.0006544860730202582,0.0007113578164550887,0.0009724806975795445,0.001036272765634052,0.0015779595267998566,0.0028021133839338007,0.007086279342915979
2022-12-19 00:00:00+00:00,380.0199890136719,-0.008515818978745315,0.00027086281492930207,0.0008842087696604021,0.0009253488879495603,0.001187119904005276,0.0013042365737648623,0.0018474897416103633,0.0028142267095138188,0.007250014618747544
2022-12-20 00:00:00+00:00,380.5400085449219,0.0013674650624642126,7.25191728787589e-05,0.00034338198780806085,0.000956727942539161,0.0010547398042631492,0.0013158626853876062,0.0015904765071895683,0.0028837908518565547,0.0071183144023435575
2022-12-21 00:00:00+00:00,386.2300109863281,0.014841756314111443,1.869960697060253e-06,7.438913357581905e-05,0.0003452519485051211,0.0009997380215253792,0.0012615090375810956,0.0013815247141391728,0.0019237533364851705,0.007029551686878317
2022-12-22 00:00:00+00:00,380.7200012207031,-0.014368875361936873,0.00022027773048746688,0.00022214769118452702,0.00029466686406328594,0.001178875633723688,0.0012768874954476768,0.001598903437828148,0.0021434892057924453,0.007220875210271606
2022-12-23 00:00:00+00:00,382.9100036621094,0.005735784166452262,0.0002064645791668765,0.00042674230965434327,0.00042861227035140357,0.0007719942581594642,0.001426480331179723,0.0017444749557390092,0.002348621184840526,0.006993981269244375
2022-12-27 00:00:00+00:00,381.3999938964844,-0.0039513070222145785,3.2899220004124474e-05,0.00023936379917100087,0.00045964152965846775,0.0005340306632342866,0.0014182394328946892,0.0017211505672395631,0.0020519879975450968,0.004164918399362645
2022-12-28 00:00:00+00:00,376.6600036621094,-0.012505743674206649,1.561282718380224e-05,4.851204718792661e-05,0.0002549766263548031,0.00047712431753932995,0.0008205063053473914,0.0015318641218024797,0.0018567790709814432,0.0040877565020562235
2022-12-29 00:00:00+00:00,383.4400024414063,0.017840227729302605,0.0001563936248449596,0.00017200645202876174,0.0002049056720328862,0.0006316479816872293,0.000706037115263049,0.0016313860032126089,0.0020102736890279115,0.004171165353166391
2022-12-30 00:00:00+00:00,382.4299926757813,-0.0026375503873756756,0.0003182737254333776,0.00047466735027833706,0.0004902801774621393,0.0007296439766331399,0.0009517916678176677,0.0019085196103568282,0.0022676543532052736,0.0044173101455069474
2023-01-03 00:00:00+00:00,380.8200073242188,-0.004218769051922422,6.956672045945577e-06,0.00032523039747932303,0.0004816240223242826,0.000530136069512209,0.000956878379166553,0.0013021303276716737,0.0022183874167476486,0.0043656219841705715
2023-01-04 00:00:00+00:00,383.760009765625,0.0076905408618364035,1.779801231345841e-05,2.475468435940393e-05,0.0003430284097927814,0.0005150348618215429,0.0007543986609925444,0.00104906552505583,0.0020312861564402212,0.0043740285193633
2023-01-05 00:00:00+00:00,379.3800048828125,-0.011479028471945263,5.9144418747575414e-05,7.694243106103377e-05,8.389910310697924e-05,0.0005585664533853162,0.0006070785005732434,0.0010356907709246465,0.0020335588317529664,0.004412650889793366
2023-01-06 00:00:00+00:00,388.0799865722656,0.022673115167449076,0.00013176809465973,0.00019091251340730536,0.00020871052572076366,0.0005339409232000866,0.0007059473752288489,0.001165588904887316,0.0021241868081235383,0.004531149568093292
2023-01-09 00:00:00+00:00,387.8599853515625,-0.0005670573357701159,0.0005140701513964093,0.0006458382460561393,0.0007049826648037146,0.0007297373491631184,0.0012044046994414562,0.0014593813257962587,0.002024911004788847,0.004866536113744354
2023-01-10 00:00:00+00:00,390.5799865722656,0.006988367474913382,3.215540220507019e-07,0.00051439170541846,0.00064615980007819,0.0007231022311392234,0.0010483326286185473,0.0012532383006514328,0.0017543697438815958,0.0048273960017466075
2023-01-11 00:00:00+00:00,395.5199890136719,0.012568547576673694,4.883727996442724e-05,4.915883398647783e-05,0.0005632289853828872,0.0007541414987901923,0.0007788961831495969,0.0012691763606117357,0.0017306878509672642,0.004876183222709126
2023-01-12 00:00:00+00:00,396.9599914550781,0.0036341713652401353,0.0001579683881871102,0.00020680566815153734,0.00020712722217358802,0.000852965468229727,0.0009299078992907614,0.0014115319216150438,0.0018867862784573142,0.004775402121546952
2023-01-13 00:00:00+00:00,398.5,0.0038719998126808264,1.3207201511931349e-05,0.00017117558969904144,0.00022001286966346866,0.0007344045750819284,0.0009253170884892343,0.0012683454982820152,0.0016797157494817785,0.00478565429252286
2023-01-17 00:00:00+00:00,397.7699890136719,-0.0018335770553337127,1.4992382549400355e-05,2.8199584061331595e-05,0.0001861679722484418,0.0002353268062349194,0.0008811650522910593,0.0009650641553980383,0.0014882435528643025,0.0038387391990038163
2023-01-18 00:00:00+00:00,391.489990234375,-0.01591397379922732,3.362004817846249e-06,1.8354387367246495e-05,3.156158887917785e-05,0.00023836725703071493,0.0007527589624491756,0.0009614694881699389,0.0014587063376780244,0.0038415593426414704
2023-01-19 00:00:00+00:00,388.6400146484375,-0.007306444430313697,0.0002532545620824937,0.0002566165669003398,0.0002716089494497402,0.0004427845391487814,0.0004919433731352599,0.001196926037938974,0.0016963480725767158,0.004093481304605169
2023-01-20 00:00:00+00:00,395.8800048828125,0.01845764441716735,5.338413021326204e-05,0.0003066386922957556,0.0003100006971136018,0.00033820028117493325,0.0005450059493264712,0.0011911657494046608,0.0015933385779450184,0.003817333027518877
2023-01-23 00:00:00+00:00,400.6300048828125,0.011927172921546436,0.0003406846374305891,0.00039406876764385107,0.0006473233297263447,0.000665677717093591,0.0008368533067926331,0.0014000822921755199,0.0016157494899422297,0.00394719591120201
2023-01-24 00:00:00+00:00,400.2000122070313,-0.001073867632149117,0.00014225745390047056,0.0004829420913310596,0.0005363262215443217,0.0007929427884446612,0.0008211423725059935,0.001028269594679581,0.0017510502717967547,0.00408655435830399
2023-01-25 00:00:00+00:00,400.3500061035156,0.00037472711213215604,1.1531916913775512e-06,0.000143410645591848,0.00048409528302243717,0.0007907339753181925,0.0008090883626854396,0.001029101232348908,0.0017344054511746739,0.004026814488739352
2023-01-26 00:00:00+00:00,404.75,0.0109304127936527,1.4042040856690545e-07,1.2936120999443483e-06,0.0001435510660004149,0.0005376198336442657,0.0007942364005446062,0.0009804043727930478,0.0016754014528356654,0.003970731300644348
2023-01-27 00:00:00+00:00,405.6799926757813,0.002295060874841326,0.00011947392383964661,0.00011961434424821341,0.00012076753593959096,0.0006037096272706503,0.0009103483195664066,0.0009419099084455841,0.001663107282015582,0.0038853059518631087
2023-01-30 00:00:00+00:00,400.5899963378906,-0.012626202210393345,5.267304419227432e-06,0.00012474122825887395,0.00012488164866744083,0.0002682922942592886,0.0006623610619031404,0.0009339700113528801,0.0011543044350384,0.003833701512847506
2023-01-31 00:00:00+00:00,406.4800109863281,0.014596303091250817,0.0001594209822577418,0.00016468828667696913,0.0002841622105166157,0.00028545582261655983,0.0007683979139476201,0.0010783986110612215,0.0013134038632740912,0.003951982376816089
2023-02-01 00:00:00+00:00,410.7999877929688,0.010571694025693468,0.00021305206393165818,0.00037247304618939986,0.0003777403506086273,0.0004973546948568405,0.0006407653404486892,0.0012880886701750335,0.0014776186472413222,0.0035516884860166474
2023-02-02 00:00:00+00:00,416.7799987792969,0.014452053374915508,0.00011176071457288296,0.00032481277850454106,0.00048423376076228285,0.0006089749890211564,0.0006102686011211014,0.0011465948226654227,0.0014314109736270947,0.003392586385660228
2023-02-03 00:00:00+00:00,412.3500061035156,-0.010685983632904517,0.00020886184675140672,0.0003206225613242896,0.0005336746252559478,0.0006983629119329167,0.0008179772561811308,0.0013020725392035673,0.0016270656188665702,0.0035289290595328757
2023-02-06 00:00:00+00:00,409.8299865722656,-0.006130111277800054,0.0001141902462027032,0.0003230520929541098,0.0004348128075269928,0.0008072858537163924,0.0009320270819752671,0.0010755781479756814,0.001726263482519873,0.003641249345038519
2023-02-07 00:00:00+00:00,415.1900024414063,0.01299384586008312,3.7578264278211414e-05,0.00015176851048091453,0.0003606303572323212,0.0006854431357368621,0.0008501314224138318,0.0009708989583534223,0.0017604797419802382,0.0034585498788292633
2023-02-08 00:00:00+00:00,410.6499938964844,-0.010994997340289636,0.00016884003023559922,0.00020641829451381052,0.0003206085407165137,0.000641231102040803,0.0010137041482302035,0.0011385857968976441,0.0016760652101333437,0.0034209253298979865
2023-02-09 00:00:00+00:00,407.0899963378906,-0.00870697310092261,0.00012088996651297617,0.00028972999674857524,0.00032730826102678667,0.0006503603539808962,0.000975173132485438,0.0012593353430020533,0.0017435710464330579,0.003508916076406838
2023-02-10 00:00:00+00:00,408.0400085449219,0.002330947533482508,7.581138058018989e-05,0.00019670134709316595,0.00036554137732876517,0.0005173098878096795,0.0008379324491339697,0.0012156727997425965,0.0014786977895826588,0.0035691146298032256
2023-02-13 00:00:00+00:00,412.8299865722656,0.011670623663535551,5.433316403848188e-06,8.124469698403797e-05,0.00020213466349701414,0.00040855295801082444,0.0007316050509649348,0.0012158388117272172,0.0013418736520860364,0.003418154321362114
2023-02-14 00:00:00+00:00,412.6400146484375,-0.00046027578688701,0.00013620345669587596,0.00014163677309972405,0.00021744815367991392,0.000507178150428489,0.0006589466609094041,0.0011926212861653517,0.0014769239170905346,0.0032360840526246123
2023-02-15 00:00:00+00:00,413.9800109863281,0.0032421123856005707,2.1185379999445622e-07,0.0001364153104958703,0.00014184862689971853,0.0003385499739928842,0.0005449682685066955,0.000979781076033688,0.001476995350481962,0.0032293392343786614
2023-02-16 00:00:00+00:00,408.2799987792969,-0.01386447947252023,1.0511292720864624e-05,1.0723146520858972e-05,0.00014692660321673497,0.00022817130020077266,0.0005179012969493485,0.0008785316541816693,0.0013680327193631803,0.0032220525147860675
2023-02-17 00:00:00+00:00,407.260009765625,-0.0025013844442147715,0.00019222379104393483,0.00020273508376479935,0.00020294693756479383,0.00034458371066451755,0.0005412850577576842,0.0008618935984741976,0.0015549892059878877,0.003355131887082427
2023-02-21 00:00:00+00:00,399.0899963378906,-0.020264879913440836,6.256924137759641e-06,0.00019848071518169437,0.00020899200790255903,0.00034540731839842904,0.0004266520153824677,0.0007539602764092539,0.0014018251478679054,0.0032296207165604567
2023-02-22 00:00:00+00:00,398.5400085449219,-0.0013790551427739217,0.0004106653579061779,0.00041692228204393743,0.0006091460730878723,0.0006198692196087309,0.0007615059927084558,0.0011270473700372204,0.0015994384418424252,0.003126215923070225
2023-02-23 00:00:00+00:00,400.6600036621094,0.005305305448698228,1.9017930868112016e-06,0.00041256715099298897,0.0004188240751307486,0.0006215591588955477,0.0007579744693914188,0.0009601091328884325,0.0014895795203563535,0.0031277961621349855
2023-02-24 00:00:00+00:00,396.3800048828125,-0.010739837078983072,2.8146265903987103e-05,3.0048058990798196e-05,0.0004407134168969761,0.0006391941320786702,0.0006499172785995298,0.0008673654322794434,0.001308863939508934,0.0031071051480745454
2023-02-27 00:00:00+00:00,397.7300109863281,0.0034000513205540983,0.00011534410048309965,0.00014349036638708666,0.00014539215947389784,0.000562314441517835,0.0007650495252826351,0.000906898152182353,0.0013100177937893302,0.0030644808603705353
2023-02-28 00:00:00+00:00,396.260009765625,-0.0037028246246686436,1.1560348982401668e-05,0.0001269044494655012,0.00015505071536948828,0.0005676178663624771,0.0007660985815441721,0.0009130251847609067,0.0012839998784935204,0.003062834007841005
2023-03-01 00:00:00+00:00,394.739990234375,-0.0038432905240251003,1.371091020105248e-05,2.527125918345404e-05,0.0001406153596665537,0.00017066341865735161,0.0005875857007012897,0.0007905326382660831,0.0011288707584589737,0.0030615525354926575
2023-03-02 00:00:00+00:00,397.80999755859375,0.007747202640651096,1.477088205206113e-05,2.8481792253113503e-05,4.004214123551517e-05,0.00018353250762260154,0.0005960996586155912,0.0008050916665181498,0.0010227516739980587,0.0030729614127268726
2023-03-03 00:00:00+00:00,404.1900024414063,0.015910572248882815,6.001914875531132e-05,7.479003080737234e-05,8.850094100842482e-05,0.00021540539047392576,0.00024545344946472463,0.0008545995225525965,0.0010069594421731802,0.00287972599939969
2023-03-06 00:00:00+00:00,404.4700012207031,0.0006925006534723721,0.00025314630928691996,0.00031316545804223117,0.00032793634009429227,0.00035320759927774605,0.0004966979656648334,0.0009155220407955815,0.001254672435056252,0.0030794881784733477
2023-03-07 00:00:00+00:00,398.2699890136719,-0.015447431474281181,4.795571550596624e-07,0.0002536258664419795,0.00031364501519729084,0.00034212680745040406,0.000469031256915906,0.0009097446738128817,0.0011189485355154356,0.0027392830981978183
2023-03-08 00:00:00+00:00,398.9200134277344,0.0016307895385843096,0.00023862313915261286,0.00023910269630767243,0.0004922490055945924,0.0005670390364019644,0.0005923102955854192,0.0007377024550593166,0.0013573598208680541,0.002835648783449961
2023-03-09 00:00:00+00:00,391.55999755859375,-0.01862217503573138,2.6594745191560257e-06,0.00024128261367176878,0.00024176217082682845,0.0005549276288690592,0.0005834094211221736,0.0007384601364916614,0.0013495080026663454,0.0028371550662777394
2023-03-10 00:00:00+00:00,385.9100036621094,-0.01453456301170597,0.00034678540306141704,0.00034944487758057296,0.0005880680167331858,0.0008416938831751651,0.0009164839139825381,0.0010570992736490914,0.0015040696146838277,0.0031838000489305893
2023-03-13 00:00:00+00:00,385.3599853515625,-0.0014262668368294484,0.00021125352194125132,0.0005580389250026683,0.0005606983995218243,0.0007998010958294964,0.0011129665538717284,0.001153008695107243,0.0017090662124873194,0.0032755796470321937
2023-03-14 00:00:00+00:00,391.7300109863281,0.01639493070147502,2.0342370898394805e-06,0.00021328775903109069,0.0005600731620925078,0.0008013557757642763,0.0010549816422062565,0.001143482583214681,0.0013004350916709809,0.003272346579702806
2023-03-15 00:00:00+00:00,389.2799987792969,-0.006273979111678152,0.00026879375270616815,0.0002708279897960075,0.00048208151173725883,0.0008315263893178314,0.0010706290856255045,0.0013985654257197967,0.0015673270512903377,0.0033817193501512323
2023-03-16 00:00:00+00:00,396.1099853515625,0.017393037579006787,3.936281389377377e-05,0.00030815656659994174,0.00031019080368978124,0.0008682297286924492,0.0011095123423642188,0.001423157357561509,0.0015785435992801244,0.003208030100113348
2023-03-17 00:00:00+00:00,389.989990234375,-0.015570840749814074,0.00030251775622474225,0.00034188057011851585,0.000610674322824684,0.0008239620818557745,0.0011734069594363482,0.00166565596503094,0.0017657172550217671,0.0033987871417652075
2023-03-20 00:00:00+00:00,393.739990234375,0.009569695461115302,0.00024245108165607052,0.0005449688378808126,0.0005843316517745865,0.0008551596415705936,0.0014131985665732625,0.0016549607374000904,0.001996607987695436,0.003432376376669871
2023-03-21 00:00:00+00:00,398.9100036621094,0.013045068527290482,9.15790712184908e-05,0.0003340301528745612,0.0006365479090993034,0.000944704475699245,0.0011579922347303363,0.0017460602514635217,0.002074476148712874,0.0034097652016856586
2023-03-22 00:00:00+00:00,392.1099853515625,-0.017193461403886445,0.00017017381288170466,0.00026175288410019526,0.0005042039657562659,0.0008460845358747815,0.0011169125256707897,0.0016776109251926134,0.0022298790795425177,0.003542360750289152
2023-03-23 00:00:00+00:00,393.1700134277344,0.002699747151758025,0.00029561511504693286,0.0004657889279286373,0.0005573679991471281,0.0011023368370279406,0.0014104934036278831,0.0019705665657203907,0.0024654750458341394,0.0036691358351004853
2023-03-24 00:00:00+00:00,395.75,0.006540576296235834,7.288634683425569e-06,0.00030290374973035824,0.000473077562612063,0.0008071077154866239,0.0011489882856051403,0.0016310697973423989,0.002219617371230645,0.003555534503270935
2023-03-27 00:00:00+00:00,396.489990234375,0.0018680966845829872,4.277913828688206e-05,5.006777297030741e-05,0.0003456828880172404,0.0006074357721174354,0.0011524046099982488,0.0014625954136880297,0.002261916952362467,0.003522502260977627
2023-03-28 00:00:00+00:00,395.6000061035156,-0.0022471802686450104,3.4897852229499487e-06,4.626892350983179e-05,5.355755819325747e-05,0.0005193464861218945,0.0008533766389964565,0.00146405096182114,0.0020267835984328045,0.003520558729796729
2023-03-29 00:00:00+00:00,401.3500061035156,0.014430264607990573,5.049819159787461e-06,8.539604382737193e-06,5.1318742669619364e-05,0.0003542224923999774,0.0006159753765001734,0.0012003070282747593,0.0020291739430734358,0.0033894050922606404
2023-03-30 00:00:00+00:00,403.7000122070313,0.005838178311722508,0.00020823253665662532,0.00021328235581641257,0.00021677214103936262,0.00026683991400966987,0.000732628841938308,0.0013691767510376112,0.001890621076668644,0.003597425775117271
2023-03-31 00:00:00+00:00,409.3900146484375,0.013996224623975984,3.408432599946708e-05,0.0002423168626560922,0.00024736668181587975,0.00029363560532571137,0.0005965393550560705,0.0011007433208123358,0.0017134518807268599,0.0036209988083958735
2023-04-03 00:00:00+00:00,410.9500122070313,0.0038032995781795975,0.00019589430372479166,0.0002299786297242585,0.000438211166380884,0.00044675077076362094,0.0004968185437339292,0.0010541865428810569,0.0019073119473618121,0.0036246693210767304
2023-04-04 00:00:00+00:00,408.6700134277344,-0.0055635650401377745,1.4465087681381105e-05,0.00021035939140617252,0.0002444437174056397,0.0004577260732220521,0.0005039949967318848,0.0009770725593439473,0.0016529832823370249,0.0036328774846203517
2023-04-05 00:00:00+00:00,407.6000061035156,-0.0026217009359426058,3.095325595584324e-05,4.541834363722412e-05,0.0002413126473620159,0.0004836295100181079,0.0004921691144008459,0.0008378520024180857,0.0016445737243990946,0.0032531653826700173
2023-04-06 00:00:00+00:00,409.1900024414063,0.0038932854947857365,6.873315797522335e-06,3.782657175336535e-05,5.229165943474659e-05,0.0002822702891590049,0.0004955526449754184,0.0005491102031686752,0.0013489292839718747,0.0032581369053807283
2023-04-10 00:00:00+00:00,409.6099853515625,0.0010258499102313579,1.5157671943909016e-05,2.2030987741431135e-05,5.298424369727451e-05,0.00026334363510344686,0.0005056604977595399,0.0005569792404291588,0.0011216358742597132,0.0032451483114206503
2023-04-11 00:00:00+00:00,409.7200012207031,0.00026855081982812834,1.0523680383216849e-06,1.6210039982230484e-05,2.3083355779752948e-05,6.850169941697689e-05,0.0002984803291412362,0.0005152524701805985,0.001031109171079544,0.003130856578975872
2023-04-12 00:00:00+00:00,408.0499877929688,-0.004084316547969813,7.211954283035985e-08,1.1244875811518278e-06,1.6282159525060975e-05,5.410873127842614e-05,0.0002644681226845995,0.0005118348045004788,0.0008610074777406697,0.0031193683495363013
2023-04-13 00:00:00+00:00,413.4700012207031,0.01319527739381332,1.668164166402005e-05,1.675376120685019e-05,1.7806129245172008e-05,3.983711698660296e-05,8.52554606238279e-05,0.0005234666270047114,0.0005820740043577569,0.0031223390809992685
2023-04-14 00:00:00+00:00,412.4599914550781,-0.0024457527346068986,0.00017411534549968086,0.00019079698716370068,0.00019086910670653118,0.0002070791466887615,0.00024490571844212764,0.000489349435847767,0.0007489007151740121,0.0032816835444468883
2023-04-17 00:00:00+00:00,413.9400024414063,0.0035818310251141128,5.981706438837122e-06,0.00018009705193851777,0.00019677869360253795,0.0001979031811836896,0.00021993416892512153,0.00046124681628713696,0.0007121032833259672,0.003227646102130414
2023-04-18 00:00:00+00:00,414.2099914550781,0.0006520292826834861,1.2829513492470016e-05,1.881121993130692e-05,0.0001929265654309879,0.00020968032663783794,0.0002258903666200692,0.00027818202605481534,0.0007214430115954873,0.0029873293063359643
2023-04-19 00:00:00+00:00,414.1400146484375,-0.00016895468411082248,4.251421854767415e-07,1.325465567794654e-05,1.923636211678377e-05,0.00021003334928048432,0.00021115783686163694,0.000264142080558911,0.0007168183346211765,0.002987274891366381
2023-04-20 00:00:00+00:00,411.8800048828125,-0.00547205963912667,2.854568528298781e-08,4.5368787075951246e-07,1.3283201363229637e-05,0.00019338025330174725,0.00021013401450859824,0.00023321737028835074,0.0005086143436498342,0.0027486802978990512
2023-04-21 00:00:00+00:00,412.2000122070313,0.0007766414272092348,2.9943436694159096e-05,2.9971982379441868e-05,3.0397124564918717e-05,4.920834449622547e-05,0.00024000533165992698,0.0002562874911849875,0.0005044734543445263,0.0027759642600740544
2023-04-24 00:00:00+00:00,412.6300048828125,0.001042621402772781,6.031719064575971e-07,3.054660860061648e-05,3.057515428589957e-05,4.382980996384595e-05,0.0002239268619023645,0.00024173299114753607,0.0003091823225261922,0.002429782028919095
2023-04-25 00:00:00+00:00,406.0799865722656,-0.01600116801417073,1.0870593895198814e-06,1.6902312959772618e-06,3.1633667990136465e-05,3.208735586089582e-05,5.089857579220352e-05,0.00024176768249873428,0.00029580429423433095,0.002219615566367364
2023-04-26 00:00:00+00:00,404.3599853515625,-0.004244617399672634,0.00025603737781772044,0.0002571244372072401,0.0002577276091136978,0.0002876995914931395,0.00030095424717108685,0.0004977329407736243,0.0005208884160962082,0.0024736187070952447
2023-04-27 00:00:00+00:00,412.4100036621094,0.019712474971588456,1.8016776869603676e-05,0.0002740541546873239,0.0002751412140768439,0.0003056878226774602,0.0003061415105482205,0.0004990680759792079,0.0005320318771682895,0.00222284173125868
2023-04-28 00:00:00+00:00,415.9299926757813,0.008498950231163427,0.0003885816695055013,0.0004065984463751048,0.0006626358241928253,0.0006643260554888024,0.0006942980378682451,0.0007135343999850284,0.0009054558747298818,0.002572060586870408
2023-05-01 00:00:00+00:00,415.510009765625,-0.0010102543650605256,7.223215503179287e-05,0.000460813824537294,0.0004788306014068978,0.0007359550386141377,0.0007665016472147549,0.0007797848485779842,0.000976635661723353,0.002341774985677458
2023-05-02 00:00:00+00:00,410.8399963378906,-0.011302869513428071,1.0206138821238457e-06,7.32527689139165e-05,0.0004618344384194179,0.0007358885931067416,0.0007375788244027197,0.000767975948967638,0.0009775841560626466,0.002100344517903512
2023-05-03 00:00:00+00:00,408.0199890136719,-0.006887669499263893,0.00012775485923758172,0.00012877547311970533,0.00020100762815149833,0.0006076060745266029,0.0008647305117338439,0.0008953056660197429,0.0010886573736362082,0.0021365203059226026
2023-05-04 00:00:00+00:00,405.1300048828125,-0.007108150576824457,4.743999113109013e-05,0.00017519485036867163,0.00017621546425079557,0.0006370292887880895,0.0009110834434754141,0.0009427171114655501,0.0009619820192676175,0.002013786484171988
2023-05-05 00:00:00+00:00,412.6300048828125,0.018343304165668428,5.0525804622809856e-05,9.79657957538998e-05,0.0002257206549914816,0.00029897342390539794,0.0007055718702805036,0.0009632994793942009,0.0010065261174515901,0.0017686971737478651
2023-05-08 00:00:00+00:00,412.739990234375,0.000266511632029065,0.0003364768077142287,0.0003870026123370384,0.0004344426034681286,0.0005632180765878338,0.0010240319011251286,0.001299173115201972,0.0013301734116733489,0.002097885346778668
2023-05-09 00:00:00+00:00,410.9299926757813,-0.004394965239956861,7.102845000679576e-08,0.0003365478361642354,0.0003870736407870453,0.0005622684911557167,0.000635521260069634,0.0012981570842624589,0.0013298192979378791,0.0020551772369417926
2023-05-10 00:00:00+00:00,412.8500061035156,0.004661479781750799,1.9315719460429066e-05,1.9386747910435698e-05,0.0003558635556246645,0.0004538293513785641,0.0005826048244982702,0.0010614354259051676,0.001349106471713025,0.0020710031711792722
2023-05-11 00:00:00+00:00,412.1300048828125,-0.001745500239814568,2.172939375567148e-05,4.104511321610038e-05,4.1116141666107235e-05,0.0004281187540031454,0.0006033136043718179,0.0010651480427912353,0.0013408924287745374,0.002087682745775156
2023-05-12 00:00:00+00:00,411.5899963378906,-0.0013111460726520363,3.0467710871927144e-06,2.477616484286403e-05,4.409188430329315e-05,0.0003806397204675283,0.0004786055162214289,0.0006796131443729267,0.0013433360279552725,0.0018824969802057234
2023-05-15 00:00:00+00:00,413.010009765625,0.003444130053141592,1.719104023830859e-06,4.765875111023411e-06,2.6495268866694943e-05,4.5882016777130424e-05,0.00043288462911416964,0.0006091000933649647,0.0013439680725895835,0.001850131758230087
2023-05-16 00:00:00+00:00,410.25,-0.006705099417769311,1.1862031822953104e-05,1.3581135846783801e-05,1.662790693397657e-05,5.767302015007673e-05,0.00039422085631431284,0.0006199415113057941,0.0010997927265948163,0.0016660994863282486
2023-05-17 00:00:00+00:00,415.2300109863281,0.012065880064935364,4.495835820217036e-05,5.68203900251233e-05,5.8539494048954216e-05,8.331565889181802e-05,0.00010270240680225449,0.0005371450102703826,0.001126734307927383,0.0016965927568490379
2023-05-18 00:00:00+00:00,419.2300109863281,0.009587111502516343,0.00014558546174140463,0.00019054381994357484,0.00020240585176652798,0.00020717172687755118,0.0002482168400936523,0.0006352904808806972,0.0008837381001632861,0.0018112249626345994
2023-05-19 00:00:00+00:00,418.6199951171875,-0.0014561460225204215,9.191270696168118e-05,0.00023749816870308565,0.000282456526905256,0.00029603766275203963,0.0003208138275949045,0.0006766773832195685,0.0009034186520931745,0.001896264353798758
2023-05-22 00:00:00+00:00,418.7900085449219,0.0004060458540662282,2.1203612389020438e-06,9.403306820058304e-05,0.00023961852994198774,0.0002964389199671108,0.000301204795078135,0.0003423209367442418,0.0009045183994499527,0.0018832270430937511
2023-05-23 00:00:00+00:00,414.0899963378906,-0.011286288709353443,1.6487323560437267e-07,2.2852344745062268e-06,9.419794143618749e-05,0.00028474176137976206,0.00029832289722654665,0.00034241478152983936,0.0007769284134479753,0.001882339548291034
2023-05-24 00:00:00+00:00,411.0899963378906,-0.007271172941916149,0.000127380312830879,0.0001275451860664832,0.0001296655473053853,0.0003671637160084707,0.00042398410603359485,0.0004504793749002893,0.0008568687351477642,0.0020096477415790827
2023-05-25 00:00:00+00:00,414.6499938964844,0.008622616459603272,5.286995595125354e-05,0.00018025026878213236,0.00018041514201773683,0.00027444821021831964,0.0004649920301618953,0.00048161993709587136,0.0008592128864762079,0.002045836055866316
2023-05-26 00:00:00+00:00,420.0199890136719,0.01286752685707171,7.434951460942125e-05,0.0001272194705606746,0.00025459978339155366,0.0002568850178660597,0.0004943831865691461,0.0005529226806180999,0.0005970855933714003,0.0019460702249760565
2023-05-30 00:00:00+00:00,420.1799926757813,0.00038087042973256047,0.00016557324741746173,0.00023992276202688278,0.0002927927179781364,0.00042033790404461934,0.0005143709722452033,0.0007167768240117307,0.0007625878123388554,0.002105661765954681
2023-05-31 00:00:00+00:00,417.8500061035156,-0.005560642409936811,1.4506228424466528e-07,0.00016571830970170623,0.00024006782431112755,0.0004203180930932597,0.00042260332756776677,0.0007050598544730224,0.000743417155162671,0.0020929773147464557
2023-06-01 00:00:00+00:00,421.8200073242188,0.00945616906644453,3.0920744011187866e-05,3.106580629543234e-05,0.00019663905371289416,0.0003238585242735685,0.0004514037103400525,0.0006910222402820398,0.0007526085054181873,0.002123472916572167
2023-06-02 00:00:00+00:00,427.9200134277344,0.014357593481227227,8.941913341318243e-05,0.0001203398774243701,0.00012048493970861484,0.00036040770173549744,0.0005406579705176306,0.0006348559119538176,0.0008389808677441771,0.0022128635043000664
2023-06-05 00:00:00+00:00,427.1000061035156,-0.001918101464049471,0.00020614049057217856,0.0002955596239853608,0.00032648036799654874,0.0004921986776982547,0.0006194181482589301,0.0007490836955643151,0.0010434022542925247,0.0023890605581780855
2023-06-06 00:00:00+00:00,428.0299987792969,0.002175091593377587,3.6791132263887237e-06,0.0002098196037985671,0.0002992387372117496,0.0003303045435071817,0.0005702273055340654,0.0007506424475518018,0.0010352193356959604,0.0023921364994980167
2023-06-07 00:00:00+00:00,426.5499877929688,-0.0034637189947499536,4.731023439581851e-06,8.410136665970411e-06,0.00021455062723814902,0.00033489050466251893,0.0005006088143642259,0.0007552085977557793,0.000994992000933372,0.0023957804635480785
2023-06-08 00:00:00+00:00,429.1300048828125,0.006030349968388471,1.1997349274591629e-05,1.6728372714173316e-05,2.0407485940562095e-05,0.00031596710992592265,0.00034703291622135583,0.0006398256341994919,0.0008614038884665588,0.0021517404350049497
2023-06-09 00:00:00+00:00,429.8999938964844,0.0017926945996737942,3.636512074124283e-05,4.83624700158343e-05,5.3093493455416205e-05,0.00026291309725398306,0.00038325297467835403,0.0006233207989894811,0.0008058563022461205,0.0021700887788765892
2023-06-12 00:00:00+00:00,433.7999877929688,0.009030960948294364,3.213753927699585e-06,3.9578874668942255e-05,5.157622394353394e-05,5.99863606095041e-05,0.00035554598459486573,0.0005521850383077594,0.000806949694934918,0.0017847208632987875
2023-06-13 00:00:00+00:00,436.6600036621094,0.006571298368602818,8.155825564961784e-05,8.477200957731726e-05,0.00012113713031856016,0.00013786550303273323,0.0003476851068313011,0.00046817004653991554,0.0008883430773489315,0.0017940469639166124
2023-06-14 00:00:00+00:00,437.1799926757813,0.0011901242269223289,4.318196224920206e-05,0.00012474021789881973,0.0001279539718265194,0.00017631644184235343,0.00018472657850832465,0.0005112069465048729,0.0008041447267672546,0.0018362083122836906
2023-06-15 00:00:00+00:00,442.6000061035156,0.012321448558557435,1.416395675507471e-06,4.4598357924709364e-05,0.00012615661357432727,0.00016573548824326927,0.0001824638609574434,0.00048170259816919254,0.0007526911664915084,0.0017098698487216164
2023-06-16 00:00:00+00:00,439.4599914550781,-0.00711976038210782,0.0001518180945811771,0.0001532344902566844,0.00019641645250588653,0.00028118846208320355,0.00032955093209903865,0.0005441015593371872,0.0008301597464632644,0.0018142479521717032
2023-06-20 00:00:00+00:00,437.1799926757813,-0.005201688176449615,5.06909878986321e-05,0.00020250908247980903,0.0002039254781553166,0.00032866569605413605,0.0003682445707230791,0.00038865205666364076,0.0007152774869444347,0.0018144131354475256
2023-06-21 00:00:00+00:00,434.9400024414063,-0.005136896694486914,2.705755988501572e-05,7.774854778364763e-05,0.0002295666423648248,0.0002741650002895339,0.000358937009866852,0.00041203050332226773,0.0007421899845452056,0.0015049938876183124
2023-06-22 00:00:00+00:00,436.510009765625,0.003603210742692653,2.6387707649830586e-05,5.344526753484611e-05,0.00010413625543347829,0.00025737074569016243,0.00038211096358898303,0.00043368718753251646,0.0007376569481838485,0.0015313105668181364
2023-06-23 00:00:00+00:00,433.2099914550781,-0.007588727735143408,1.298312765625574e-05,3.937083530608614e-05,6.642839519110194e-05,0.0002689374776709107,0.0003135358355956209,0.00043467296591418055,0.0006612209424269218,0.001524977975013963
2023-06-26 00:00:00+00:00,431.4400024414063,-0.004094122473882855,5.7588788638134796e-05,7.057191629439035e-05,9.695962394422102e-05,0.00017470817172786842,0.00032794266198455367,0.00045589663381107254,0.000512669240492878,0.0015608373698964262
2023-06-27 00:00:00+00:00,436.1700134277344,0.010903649709285368,1.6761838831152672e-05,7.435062746928728e-05,8.733375512554311e-05,0.00014077902266038898,0.0003432881051401988,0.0004694447187145257,0.000525751966097642,0.0015745524376403863
2023-06-28 00:00:00+00:00,436.3900146484375,0.0005042661095773227,0.0001188895769827989,0.0001356514158139514,0.00019324020445208624,0.00023261103975817218,0.00031035958754182066,0.0005067760400477067,0.000639910519640859,0.0016917229105993545
2023-06-29 00:00:00+00:00,438.1099853515625,0.003933614456099299,2.542843092682484e-07,0.00011914386129206696,0.0001359057001232197,0.00020647761641760985,0.0002599228839524568,0.0004638483621077729,0.0006281674546755357,0.0016801151630856696
2023-06-30 00:00:00+00:00,443.2799987792969,0.01173163484262485,1.5473322689233386e-05,1.5727606998501444e-05,0.00013461718398130043,0.0002089678114505875,0.0002483386467566745,0.0004779052891214988,0.0006072756566235262,0.0016506301275727325
2023-07-03 00:00:00+00:00,443.7900085449219,0.0011498750213831954,0.00013763125608068938,0.00015310457876992258,0.0001533588630791909,0.0002890102788931421,0.00035958219518753324,0.0004637184506210111,0.0007416931587765159,0.0016426759219120171
2023-07-05 00:00:00+00:00,443.1300048828125,-0.0014883050871459247,1.3222125648010042e-06,0.00013895346864549018,0.00015442679133472365,0.00027357065262679044,0.0003479212800960785,0.00041434967528717996,0.0006614571156916991,0.0015520854275151371
2023-07-06 00:00:00+00:00,439.6600036621094,-0.007861482478150883,2.2150520324244383e-06,3.5372645972252525e-06,0.0001411685206779147,0.00015689612767641595,0.00029254754349036815,0.0003895071674345887,0.0006204902054749215,0.0015521801183086595
2023-07-07 00:00:00+00:00,438.5499877929688,-0.0025279066989751797,6.180290675427335e-05,6.40179587866976e-05,6.534017135149869e-05,0.00021844475012142104,0.00033758861141348884,0.0004249223665390315,0.0006808767165536874,0.0016138181518273284
2023-07-10 00:00:00+00:00,439.6600036621094,0.0025279066989751797,6.39031227872359e-06,6.819321903299675e-05,7.040827106542127e-05,0.00020936173971091126,0.00022508934670941355,0.00041832955116149936,0.0005354489342512339,0.001492828151275173
2023-07-11 00:00:00+00:00,442.4599914550781,0.006348336308152902,6.39031227872359e-06,1.278062455744718e-05,7.458353131172042e-05,7.812079590894546e-05,0.00023122537467886887,0.00036713107480208817,0.0004911482586313254,0.0014463485076026432
2023-07-12 00:00:00+00:00,446.0199890136719,0.00801372386251753,4.0301373881412415e-05,4.6691686160135814e-05,5.3081998438859485e-05,0.00011709995722555686,0.0002560534258710479,0.00039067060985234785,0.0005043920726277221,0.0014123003668746342
2023-07-13 00:00:00+00:00,449.55999755859375,0.007905551787355414,6.421977014468288e-05,0.00010452114402609511,0.00011091145630481877,0.00017910467533781532,0.0001826419399350414,0.00033600080301423186,0.0005422241351225744,0.0013109468896018554
2023-07-14 00:00:00+00:00,449.2799987792969,-0.0006230225390382316,6.249774906255838e-05,0.00012671751920724107,0.00016701889308865355,0.00017979951764610032,0.0002438174764327988,0.000398244267767522,0.000591738756528877,0.001373299576380169
2023-07-17 00:00:00+00:00,450.8399963378906,0.0034662025706486688,3.881570841496448e-07,6.288590614670783e-05,0.00012710567629139078,0.00017379736245152637,0.000241990581484524,0.0003831591021624382,0.0005345381249748919,0.001342766989453131
2023-07-18 00:00:00+00:00,454.1900024414063,0.007403116820647426,1.201456026077144e-05,1.2402717344920895e-05,7.490046640747935e-05,0.00017942161043357424,0.00019220223499102207,0.0002575424063425203,0.0005297908464045106,0.00126536241630072
2023-07-19 00:00:00+00:00,455.2000122070313,0.0022212915573058822,5.4806138660152855e-05,6.682069892092411e-05,6.720885600507381e-05,0.00019392637521231467,0.00024061806137245134,0.00031102633243787215,0.00046570740808186457,0.0011140280643886942
2023-07-20 00:00:00+00:00,452.1799926757813,-0.006656595178376357,4.934136182558391e-06,5.974027484271106e-05,7.175483510348256e-05,0.0001346407412501902,0.00023916188527628614,0.0003137454165880061,0.00047038725995515474,0.0011152830873448639
2023-07-21 00:00:00+00:00,452.1799926757813,0.0,4.431025936878336e-05,4.9244395551341564e-05,0.00010405053421149448,0.00011645325155641516,0.00024317077076365707,0.00029625276920251613,0.0004992241966347047,0.0011548623232740653
2023-07-24 00:00:00+00:00,454.2000122070313,0.004457342096755745,0.0,4.431025936878317e-05,4.924439555134163e-05,0.00011606509447226552,0.00017895100061897422,0.00028986245692379253,0.00036159294055401536,0.0011428649739994737
2023-07-25 00:00:00+00:00,455.4400024414063,0.0027263334560183594,1.9867898567510904e-05,1.9867898567510714e-05,6.417815793629414e-05,0.00012391843277900498,0.00013632115012392673,0.0003033400432125798,0.00038013862655672526,0.001126367751825742
2023-07-26 00:00:00+00:00,455.510009765625,0.00015370179135754114,7.432894113405012e-06,2.7300792680915725e-05,2.7300792680915793e-05,7.654518823225714e-05,0.0001433658871531821,0.00027047156344457246,0.00038535646863770585,0.0011305868920114472
2023-07-27 00:00:00+00:00,452.489990234375,-0.006652049928426607,2.3624240666517108e-08,7.45651835407134e-06,2.7324416921582312e-05,7.163467629036526e-05,0.00013137495113307718,0.00020627541754055607,0.00032357718612409896,0.001049052260602496
2023-07-28 00:00:00+00:00,456.9200134277344,0.00974270838693947,4.4249768250280425e-05,4.4273392490946754e-05,5.170628660435183e-05,7.157418517186233e-05,0.00012081858072320475,0.00018802743672827811,0.0003614366420956558,0.0010501200666035743
2023-07-31 00:00:00+00:00,457.7900085449219,0.0019022320924175773,9.492036671294067e-05,0.00013917013496322092,0.0001391937592038875,0.000166494551884803,0.00021080481125358702,0.00028255964635706915,0.0004499666965298729,0.0011436240376410075
2023-08-01 00:00:00+00:00,456.4800109863281,-0.0028656708129783937,3.6184869334233544e-06,9.853885364636384e-05,0.00014278862189664432,0.00015024514025071547,0.000170113038818227,0.000274163573029721,0.0004132838095818838,0.0009954244299932539
2023-08-02 00:00:00+00:00,450.1300048828125,-0.014008470752225222,8.212069208356248e-06,1.1830556141779413e-05,0.00010675092285472015,0.0001510243153456667,0.00017832510802658327,0.00022756950357792448,0.00035727610864555724,0.0009529455113029779
2023-08-03 00:00:00+00:00,448.8399963378906,-0.0028699721428431246,0.00019623725281594948,0.00020444932202430554,0.00020806780895772897,0.00034723794392094967,0.0003546944622750219,0.00041887262021131556,0.0004910156123989483,0.0011221252042339118
2023-08-04 00:00:00+00:00,446.80999755859375,-0.004533025778414412,8.236740100695556e-06,0.00020447399291664484,0.00021268606212500118,0.0003112249157713648,0.00035549830826231237,0.00038279910094322775,0.0004988641954154942,0.0011039742366847766
2023-08-07 00:00:00+00:00,450.7099914550781,0.008690655340468645,2.054832270776959e-05,2.8785062808464955e-05,0.0002250223156244145,0.0002368528717661937,0.0003760230067294155,0.00040334742365099734,0.0005073979578624924,0.0011115394317362903
2023-08-08 00:00:00+00:00,448.75,-0.0043581583971779025,7.552749024681618e-05,9.607581295458557e-05,0.00010431255305528122,0.00030876187507958655,0.0004073007287259512,0.0004590070153303026,0.0005281193094491557,0.001129478133344972
2023-08-09 00:00:00+00:00,445.75,-0.006707683059238079,1.8993544614892266e-05,9.452103486170825e-05,0.00011506935756947794,0.00031954335048612253,0.0003313739066279028,0.00047056766583178985,0.0005421787178814895,0.0011317098391287115
2023-08-10 00:00:00+00:00,445.9100036621094,0.0003588894044126434,4.499301202318951e-05,6.398655663808158e-05,0.00013951404688489785,0.00016829910969336258,0.000372748431717669,0.0005155370536143129,0.0005428614705358958,0.001057813274169102
2023-08-11 00:00:00+00:00,445.6499938964844,-0.0005832692666967176,1.2880160459966188e-07,4.512181362778899e-05,6.411535824268133e-05,0.0001601911711972667,0.00036466516411391237,0.0004714160869686321,0.0005429902721404954,0.0010576877914644336
2023-08-14 00:00:00+00:00,448.1099853515625,0.0055048284199656905,3.402030374729267e-07,4.6900464207239885e-07,4.546201666526199e-05,0.00013998305152697005,0.00016876811433543583,0.0003768359232931643,0.0005234625766104573,0.001042554671812673
2023-08-15 00:00:00+00:00,442.8900146484375,-0.01171724001216301,3.0303135933261962e-05,3.06433389707347e-05,3.077214057533444e-05,9.475869721341582e-05,0.00019083451016800224,0.000403520572293003,0.0005463328184303144,0.0009352265516652457
2023-08-16 00:00:00+00:00,439.6400146484375,-0.007365221768905528,0.00013729371350263382,0.0001675968494358956,0.0001679370524733686,0.00021305886610115736,0.0003075799009628665,0.0005326022165872805,0.0006836029076922817,0.0010711980526030783
2023-08-17 00:00:00+00:00,436.2900085449219,-0.00764906407671706,5.4246491705159874e-05,0.0001915402052077935,0.00022184334114105556,0.00022231234578312773,0.0002862989024212102,0.0003906114554764909,0.0006935996311471612,0.0011232294922758138
2023-08-18 00:00:00+00:00,436.5,0.0004811958365102953,5.850818124972342e-05,0.0001127546729548831,0.00025004838645751703,0.0002806917254282515,0.00032581353905604133,0.00044088289662551876,0.0006571874456839438,0.0011199347667712638
2023-08-21 00:00:00+00:00,439.3399963378906,0.006485217170904001,2.3154943307484284e-07,5.873973068279807e-05,0.00011298622238795803,0.0002805830718238534,0.00028105207646592664,0.000420566123350824,0.0006538005081835954,0.0011137760039256152
2023-08-22 00:00:00+00:00,438.1499938964844,-0.0027122888788975175,4.205804175378809e-05,4.2289591186862744e-05,0.00010079777243658624,0.00029233797764437956,0.00032298131661511506,0.0003870966748577959,0.0006876464807290272,0.0011494437334006796
2023-08-23 00:00:00+00:00,443.0299987792969,0.011076181515512928,7.356510962591152e-06,4.941455271637905e-05,4.964610214945398e-05,0.00016240077510433685,0.00032999762454023334,0.0003754596412054948,0.0004987657388756688,0.0011164988704818585
2023-08-24 00:00:00+00:00,436.8900146484375,-0.013956004395685895,0.00012268179696459027,0.00013003830792718122,0.0001720963496809694,0.00023083608036376723,0.00042237628557156165,0.00045314842614689555,0.0006132107957395635,0.0011749608973017657
2023-08-25 00:00:00+00:00,439.9700012207031,0.007025064852663299,0.00019477005869240403,0.0003174518556569941,0.00032480836661958533,0.0003670979578064478,0.0004798526307613318,0.0006477896832346999,0.000787432531724198,0.0013072332069316115
2023-08-28 00:00:00+00:00,442.760009765625,0.006321339029518924,4.935153618412521e-05,0.00024412159487652903,0.00036680339184111936,0.0004162179445574982,0.00047495767524029713,0.0006968010163813522,0.000761256577661507,0.001356196586031587
2023-08-29 00:00:00+00:00,449.1600036621094,0.014351295283906218,3.995932712611926e-05,8.931086331024428e-05,0.0002840809220026484,0.0004141192299298294,0.000456408821116693,0.0007064572075742095,0.000782222360172734,0.0013841413528969347
2023-08-30 00:00:00+00:00,451.010009765625,0.0041103540010762885,0.00020595967632586884,0.0002459190034519879,0.0002952705396361132,0.0006127223952931071,0.000662136948009487,0.0007751231703974446,0.0009431890244754133,0.0015352948905626507
2023-08-31 00:00:00+00:00,450.3500061035156,-0.0014644620760764226,1.6895010014163852e-05,0.00022285468634003247,0.00026281401346615185,0.0005069356083426806,0.0006369739162698627,0.0007377716887064486,0.0009599552328849775,0.0015472557643942562
2023-09-01 00:00:00+00:00,451.1900024414063,0.0018634704461355511,2.144649172266066e-06,1.9039659186429727e-05,0.00022499933551229864,0.0003143101988225427,0.0006317620544795376,0.0006814081566289911,0.0009617596790197707,0.001505090154197739
2023-09-05 00:00:00+00:00,449.239990234375,-0.004331297871980944,3.47252210362063e-06,5.617171275886507e-06,2.251218129005044e-05,0.0002684311847420381,0.0005125527796185679,0.000684649129299537,0.0009349290651901293,0.0015085626763013597
2023-09-06 00:00:00+00:00,446.2200012207031,-0.00674513767781626,1.876014125582665e-05,2.223266335944709e-05,2.4377312531713238e-05,0.0002472319988717455,0.0003365428621819907,0.0006613512288015755,0.0008163954929433222,0.0015074549189896752
2023-09-07 00:00:00+00:00,444.8500061035156,-0.003074946267750178,4.549688229269652e-05,6.425702354852299e-05,6.77295456521437e-05,8.676920483857318e-05,0.0003326882082905619,0.0006994916001316809,0.0008076458835308588,0.0015455189071689667
2023-09-08 00:00:00+00:00,445.5199890136719,0.0015049542106844171,9.45529454955075e-06,5.495217684224708e-05,7.371231809807382e-05,7.932948937396008e-05,0.0003021841757139934,0.0005862650977166414,0.0007585929968306861,0.001554950577477851
2023-09-11 00:00:00+00:00,448.4500122070313,0.0065551051626568935,2.264887176256757e-06,1.1720181725807318e-05,5.721706401850392e-05,7.944972737795078e-05,9.848938656438136e-05,0.00039375992620049416,0.000760626334573868,0.0015129656964038274
2023-09-12 00:00:00+00:00,445.989990234375,-0.005500711436985384,4.296940369349106e-05,4.523429086974763e-05,5.468958541929846e-05,0.00011894660896782119,0.00012456378024370857,0.00038737779370985994,0.0007615376965135711,0.0014610147333843778
2023-09-13 00:00:00+00:00,446.510009765625,0.001165310005819542,3.0257826312981806e-05,7.322723000647267e-05,7.549211718272952e-05,0.00013044429402497636,0.00015267695738442432,0.00037767629289672247,0.0007844390118639617,0.0014876540727639363
2023-09-14 00:00:00+00:00,450.3599853515625,0.008585412055524877,1.3579474096631411e-06,3.161577372264476e-05,7.458517741613589e-05,8.630535914194297e-05,0.00015056238269046683,0.0001730745639805168,0.0006631151623090345,0.0014807999509652433
2023-09-15 00:00:00+00:00,443.3699951171875,-0.01564260552722807,7.37093001631519e-05,7.506724757281485e-05,0.00010532507388579673,0.0001505593647555441,0.00020551154159779208,0.00022988885412950484,0.0005420544037797824,0.0013582719983124456
2023-09-18 00:00:00+00:00,443.6300048828125,0.0005862678085062356,0.00024469110768046617,0.00031840040784361786,0.00031975835525328107,0.0003929855852597535,0.00040470576698556175,0.00047243531263770495,0.0007373939752761233,0.0015947263658922161
2023-09-19 00:00:00+00:00,442.7099914550781,-0.002075983848075502,3.4370994329070415e-07,0.00024503481762375666,0.0003187441177869087,0.00035035989150955315,0.00039559418237930164,0.00046930650047737505,0.0006977783580932948,0.0015745217531277372
2023-09-20 00:00:00+00:00,438.6400146484375,-0.00923584435115199,4.309708937470369e-06,4.653418880760857e-06,0.0002493445265612271,0.0003244117741340417,0.0003976390041405152,0.0004548560681590187,0.0004961283907048964,0.0015033039718183915
2023-09-21 00:00:00+00:00,431.3900146484375,-0.016666477191232154,8.530082087870611e-05,8.961052981617626e-05,8.995423975946714e-05,0.00040835464760308475,0.0004399704213257303,0.0004946600067450283,0.0005645342015694387,0.0015696112480822054
2023-09-22 00:00:00+00:00,430.4200134277344,-0.00225107993342899,0.0002777714619658616,0.0003630722828445675,0.00036738199178203807,0.0006124168094057945,0.0006874840569786101,0.0007629761741613392,0.0008401610143630343,0.0018023896980248774
2023-09-25 00:00:00+00:00,432.2300109863281,0.004196372024504846,5.067360866686666e-06,0.0002828388228325481,0.00036813964371125435,0.00037279306259201497,0.0006911934704356337,0.000765778647851769,0.0008417558531261003,0.0018073282572869645
2023-09-26 00:00:00+00:00,425.8800048828125,-0.014800251479124782,1.7609538168046904e-05,2.2676899034733352e-05,0.0003004483610005951,0.00039005889081677114,0.0006350937084405287,0.000740418782326325,0.0008406052500383206,0.0018245975924175383
2023-09-27 00:00:00+00:00,426.0499877929688,0.00039905371068815754,0.0002190474438453353,0.00023665698201338198,0.0002417243428800688,0.0006047966257246361,0.0006094500446053978,0.0009292083998586784,0.0010141558115909592,0.0020133419003296117
2023-09-28 00:00:00+00:00,428.5199890136719,0.0057807041341906285,1.5924386401398775e-07,0.00021920668770934905,0.00023681622587739612,0.000519655048709944,0.0006092655785261211,0.0009280096963130292,0.0010048597609054225,0.001876207430690992
2023-09-29 00:00:00+00:00,427.4800109863281,-0.0024298563996039135,3.341654028704862e-05,3.357578415106239e-05,0.00025262322799639785,0.00027530012703113097,0.0006383724098756993,0.000887716936436926,0.0010360114140162144,0.0018553774792728808
2023-10-02 00:00:00+00:00,427.30999755859375,-0.0003977899326779166,5.904202122696093e-06,3.9320742409744497e-05,3.9479986273758646e-05,0.0002761369682871404,0.0005589757911196893,0.0006489300308791559,0.0009989462124454195,0.0018027735001458535
2023-10-03 00:00:00+00:00,421.5899963378906,-0.013476470329893964,1.5823683053990143e-07,6.062438953235778e-06,3.947897924028456e-05,0.0002586856669496334,0.0002813625659843675,0.0006487445577664051,0.0009688466229629775,0.0018027001875433185
2023-10-04 00:00:00+00:00,424.6600036621094,0.007255588282935044,0.0001816152525525123,0.000181773489383052,0.00018767769150574825,0.00022125347565681044,0.00045791045767019315,0.0008260501013814471,0.0011491039281058266,0.0019422573983420427
2023-10-05 00:00:00+00:00,424.5,-0.0003768516258721988,5.26435613314643e-05,0.0002342588138839764,0.00023441705071451646,0.00027373779312426074,0.0004929444808336106,0.0007933928418342053,0.0011280381892741392,0.0019875444487109156
2023-10-06 00:00:00+00:00,429.5400085449219,0.011802882777938173,1.4201714792251967e-07,5.27855784793866e-05,0.00023440083103189906,0.00024046326998513462,0.0002740390541361978,0.0005157633970162661,0.0008834890987415954,0.0018650046688942481
2023-10-09 00:00:00+00:00,432.2900085449219,0.006381790559136569,0.00013930804186974952,0.00013945005901767183,0.00019209362034913627,0.000373867109732188,0.00041318785214193327,0.000650004078019329,0.0010224534306680544,0.0018095426520715937
2023-10-10 00:00:00+00:00,434.5400085449219,0.005191340882911177,4.0727250740684636e-05,0.00018003529261043392,0.0001801773097583566,0.0004144361236423328,0.00042049856259556936,0.0006731217905919667,0.0010588709724712684,0.0018009183666281528
2023-10-11 00:00:00+00:00,436.3200073242188,0.004087915912236895,2.6950020162585002e-05,6.767727090326942e-05,0.0002069853127730191,0.00025977089125240547,0.00044154438063545825,0.0004810243669092165,0.0010005201717551474,0.0017879090596646188
2023-10-12 00:00:00+00:00,433.6600036621094,-0.006115110502897814,1.6711056505519603e-05,4.366107666810439e-05,8.438832740878919e-05,0.00022383838642646078,0.00045809720031043797,0.0004975761795507221,0.0007394597662948053,0.0015986604398442695
2023-10-13 00:00:00+00:00,431.5,-0.004993314857244968,3.7394576462651155e-05,5.410563296817054e-05,8.105565313075571e-05,0.0002610909457411894,0.00031387652422057677,0.0005015542157263246,0.0007717869818907699,0.0016191600062927568
2023-10-16 00:00:00+00:00,436.0400085449219,0.01046649133332167,2.4933193263583336e-05,6.232776972623428e-05,7.903882623175405e-05,0.00014671609713502325,0.0002861661561526958,0.0005205832068672119,0.0007791106369863062,0.001641948550384074
2023-10-17 00:00:00+00:00,436.0199890136719,-4.591319704960739e-05,0.00010954744083049763,0.00013448063409408076,0.0001718752105567321,0.00021553628722483626,0.0003955715798352709,0.0006299724108671696,0.0006696106339714686,0.001748023469110951
2023-10-18 00:00:00+00:00,430.2099914550781,-0.013414646956172227,2.1080216633160768e-09,0.00010954954885216075,0.00013448274211574424,0.00018858837508391456,0.00025626564598718474,0.00044835926633632063,0.000669453498129118,0.0017292654358767878
2023-10-19 00:00:00+00:00,426.4299926757813,-0.008825232029717078,0.00017995275295874078,0.0001799548609804039,0.0002895023018109017,0.0003518300715371357,0.00039549114820524087,0.000575668457963597,0.0008159897108008101,0.001863721306542832
2023-10-20 00:00:00+00:00,421.1900024414063,-0.012364165589842102,7.788472037834422e-05,0.00025783747333708477,0.00025783958135874825,0.0003923202154528288,0.0004464258484210001,0.0006534111611940188,0.0008879702290564582,0.0019321507323716255
2023-10-23 00:00:00+00:00,420.4599914550781,-0.001734714369836965,0.0001528725907330355,0.00023075731111137952,0.00041071006407012047,0.000520259612922281,0.000582587382648516,0.0006669757100573048,0.0010406845829589537,0.002082758435928404
2023-10-24 00:00:00+00:00,423.6300048828125,0.007511114561209453,3.009233944918858e-06,0.00015588182467795417,0.00023376654505629854,0.00041372140603670223,0.0005482020401307837,0.0006292576932615389,0.0008620785643513603,0.002042798266179832
2023-10-25 00:00:00+00:00,417.5499877929688,-0.014456175911054636,5.6416841951612674e-05,5.942607589653131e-05,0.00021229866662956698,0.00047013613996665156,0.000579685688818813,0.0006587245150505666,0.0008658518449715087,0.002068957281818463
2023-10-26 00:00:00+00:00,412.5499877929688,-0.012046887403205808,0.00020898102197135633,0.00026539786392296876,0.00026840709786788786,0.0004991644089792672,0.0006791192699596718,0.0008509944805164035,0.0010746908497949426,0.002276580356380156
2023-10-27 00:00:00+00:00,410.6799926757813,-0.004543076364740273,0.00014512749610551878,0.0003541085180768749,0.0004105253600284877,0.0005664071847064417,0.0008242446580435272,0.000958727400159271,0.0010805103040307119,0.002347998552322523
2023-10-30 00:00:00+00:00,415.5899963378906,0.011884883929670131,2.0639542855861693e-05,0.00016576703896138025,0.00037474806093273677,0.0004341741368292678,0.000664931447940648,0.0009544337497515493,0.0010604225961458888,0.0021239469874979183
2023-10-31 00:00:00+00:00,418.2000122070313,0.006260627657925788,0.00014125046602173134,0.00016189000887759282,0.0003070175049831118,0.0005724153689060803,0.0007282971935840352,0.000986136774942783,0.0011747230420050352,0.002264853743576359
2023-11-01 00:00:00+00:00,422.6600036621094,0.010608265814448181,3.9195458671185336e-05,0.00018044592469291647,0.00020108546754877833,0.000555193985625653,0.0006146200615221851,0.001025330125592305,0.001197207444170701,0.002299739493310074
2023-11-02 00:00:00+00:00,430.760009765625,0.018983031132927763,0.00011253530358998993,0.00015173076226117506,0.00029298122828290657,0.0004587482672442866,0.0007241461311672561,0.0009579126762235543,0.0012723481712980397,0.002326973976021358
2023-11-03 00:00:00+00:00,434.6900024414063,0.009082025844375785,0.00036035547099370473,0.00047289077458369445,0.00051208623325488,0.0006739762421324725,0.0010280847602093482,0.0012403834268389148,0.0016077704490281611,0.0024095579850492007
2023-11-06 00:00:00+00:00,435.6900024414063,0.0022978479156199327,8.24831934379097e-05,0.0004428386644316142,0.0005553739680216043,0.0007358198927145205,0.0009015869316759016,0.001169994029543789,0.0015807062016355731,0.002486973817620424
2023-11-07 00:00:00+00:00,436.9299926757813,0.0028419955442773315,5.280105043318869e-06,8.776329848122835e-05,0.00044811876947493327,0.000599849531736108,0.0007617395406137017,0.0011722649006421888,0.0015859841986572288,0.002474644384495696
2023-11-08 00:00:00+00:00,437.25,0.0007321314630717168,8.076938673692206e-06,1.3357043717010858e-05,9.584023715492072e-05,0.0005687310117386149,0.0007491769364315321,0.0011239249973642685,0.0014141083843721802,0.002263673879324053
2023-11-09 00:00:00+00:00,433.8399963378906,-0.007829319807058255,5.360164792195327e-07,8.612955152911521e-06,1.3893060196230552e-05,0.00045673172462784453,0.0006084624868890204,0.0009154799918721317,0.0013367596804730554,0.0022640506519392583
2023-11-10 00:00:00+00:00,440.6099853515625,0.015484303096414465,6.12982486411947e-05,6.183426512041402e-05,6.991120379410639e-05,0.0001576745022753345,0.0006305652768590298,0.0008316507444078076,0.0012451853383812145,0.0022919323602934045
2023-11-13 00:00:00+00:00,440.1900024414063,-0.0009536397543268293,0.00023976364238163057,0.00030106189102282506,0.0003015979075020448,0.0003149549512190554,0.0007577936156506703,0.0010507748439335764,0.0014819397468179263,0.002525791800552339
2023-11-14 00:00:00+00:00,448.7300109863281,0.0192149376135875,9.094287810325354e-07,0.0002406730711626629,0.0003019713198038577,0.0003105842749567691,0.00039834757343799816,0.0009104338066928776,0.0014264323336473461,0.0025265429925028313
2023-11-15 00:00:00+00:00,449.6799926757813,0.0021148073588674876,0.00036921382749405973,0.00037012325627509206,0.0006098868986567227,0.0006717211637771366,0.0006850782074941482,0.001240452175515752,0.0015866651391700495,0.002714141567444379
2023-11-16 00:00:00+00:00,450.2300109863281,0.0012223852980763894,4.472410165120079e-06,0.0003736862376591796,0.0003745956664402123,0.0006756575574630372,0.0006842705126159494,0.0011323892820908823,0.001446010053229651,0.0026659704162780348
2023-11-17 00:00:00+00:00,450.7900085449219,0.0012430303845869517,1.4942258169533035e-06,5.966635982073166e-06,0.00037518046347613304,0.0006158535346387958,0.0006776877997592105,0.0007735280369141308,0.0014268647361907426,0.0026673226249470656
2023-11-20 00:00:00+00:00,454.260009765625,0.007668124752286509,1.5451245370063851e-06,3.0393503539594718e-06,7.511760519079714e-06,0.00037763501679417155,0.0006786969078169974,0.0006925899680132275,0.0012871593947060176,0.0025295597076143224
2023-11-21 00:00:00+00:00,453.2699890136719,-0.0021817926592202497,5.8800137216629036e-05,6.0345261753635205e-05,6.183948757058867e-05,0.00043552572522976803,0.0006761987963924317,0.0007461100001865377,0.0013067640732514613,0.0025476325940902668
2023-11-22 00:00:00+00:00,455.0199890136719,0.0038533997022272004,4.760219207827369e-06,6.356035642445619e-05,6.510548096146274e-05,7.107211694353569e-05,0.0004411953732186285,0.0007427932807206729,0.0011989889888692987,0.0025254427931355092
2023-11-24 00:00:00+00:00,455.2999877929688,0.0006151656456214738,1.4848689265124677e-05,1.960890847295183e-05,7.840904568958103e-05,8.144839604354029e-05,0.0004551346337027206,0.0007571059535065779,0.0008534822071407187,0.0025235804258951144
2023-11-27 00:00:00+00:00,454.4800109863281,-0.0018025831074997,3.784287715528847e-07,1.5227118036677348e-05,1.9987337244504878e-05,8.033259899813987e-05,8.629923498021379e-05,0.000696186133636936,0.0007713774424743618,0.0024865642782040164
2023-11-28 00:00:00+00:00,454.9299926757813,0.0009896124396355788,3.2493058594432754e-06,3.627734630995943e-06,1.8476423896120784e-05,8.203678032057676e-05,8.507613067453698e-05,0.00045967179711474887,0.0007693466432904863,0.002464880390799876
2023-11-29 00:00:00+00:00,454.6099853515625,-0.0007036685470760418,9.79332780681482e-07,4.228638640124541e-06,4.607067411677587e-06,2.42159758846292e-05,8.456123763826518e-05,0.00045974170111439777,0.0007622490373974756,0.0023563122827500596
2023-11-30 00:00:00+00:00,456.3999938964844,0.003929728299914892,4.951494241441076e-07,1.4744822048253729e-06,4.7237880642688105e-06,1.995090610094594e-05,8.35112625254029e-05,9.102302304448217e-05,0.0007622081703424001,0.0023568053241525408
2023-12-01 00:00:00+00:00,459.1000061035156,0.0058984599349507505,1.5442764511151985e-05,1.5937913935295875e-05,1.691724671597752e-05,2.0544981346973246e-05,4.015388981992584e-05,0.00010199337739051407,0.0007163526862123574,0.0021922953357049516
2023-12-04 00:00:00+00:00,456.6900024414063,-0.005263235464554761,3.479182960421921e-05,5.0234594115370975e-05,5.0729743539515245e-05,5.495838217963957e-05,7.018550021631767e-05,0.00013529098117778,0.0005113808734349461,0.002149202444930827
2023-12-05 00:00:00+00:00,456.6000061035156,-0.00019708162213571967,2.7701647555346968e-05,6.249347715956595e-05,7.79362416707181e-05,7.941072387554326e-05,8.303845850653997e-05,0.00016144750419612057,0.0005381730922092606,0.0020240315017531385
2023-12-06 00:00:00+00:00,454.760009765625,-0.004037918727863854,3.8841165783646586e-08,2.7740488721130397e-05,6.253231832534977e-05,7.847023226064544e-05,8.269887090077073e-05,0.00010268620814527517,0.0001689981058809844,0.0020210611089740028
2023-12-07 00:00:00+00:00,458.2300109863281,0.007601436708840836,1.6304787652833644e-05,1.6343628818617073e-05,4.4045276373964204e-05,9.427987048933498e-05,9.57543526941611e-05,0.00011423077659028144,0.00018083048336869797,0.001980949054675224
2023-12-08 00:00:00+00:00,460.2000122070313,0.004289938682770611,5.778184003851301e-05,7.408662769134643e-05,7.412546885713024e-05,0.000136618946016696,0.00015255685995199263,0.00015716392736366978,0.00023711809759025768,0.0018297498727423808
2023-12-11 00:00:00+00:00,461.989990234375,0.003882020560905808,1.8403573901931643e-05,7.618541394044444e-05,9.249020159327823e-05,0.00012023069031440841,0.00017046528442978017,0.00017518907249404852,0.00025397654695518296,0.0017030259505387937
2023-12-12 00:00:00+00:00,464.1000061035156,0.004556834710761848,1.5070083635295443e-05,3.347365753722688e-05,9.125549757574004e-05,0.00010759912639435689,0.00017009260355392363,0.00018700985026990068,0.00021024649337384935,0.0016974564913182272
2023-12-13 00:00:00+00:00,470.5,0.013695899627010455,2.0764742581204013e-05,3.5834826216499245e-05,5.423840011843104e-05,0.00012832502780977726,0.00015606551653090845,0.00020679526007042322,0.000226251016747226,0.0015769707678777
2023-12-14 00:00:00+00:00,472.010009765625,0.0032042334658139993,0.00018757766659314513,0.00020834240917434892,0.00022341249280964453,0.0002995979067500887,0.0003159415355687066,0.00039387777723942424,0.0003989799940752464,0.0017253529757996597
2023-12-15 00:00:00+00:00,469.3299865722656,-0.005694075349752303,1.0267112103442394e-05,0.0001978447786965873,0.00021860952127779147,0.00025208317881501814,0.00032616980650636534,0.0003887021248317147,0.000408868677407136,0.0016230847843131122
2023-12-18 00:00:00+00:00,471.9700012207031,0.0056093096884453075,3.242249408865682e-05,4.2689606192099e-05,0.0002302672727852443,0.0002661020990017433,0.00034228751294218855,0.0003863327893161523,0.0004380418656363495,0.0012951518074080643
2023-12-19 00:00:00+00:00,474.8399963378906,0.006062470643089846,3.146435518088639e-05,6.388684926954299e-05,7.415396137298555e-05,0.0002824963705473342,0.0003159700280845619,0.00039009549694169165,0.0004685268880365544,0.001244132969151041
2023-12-20 00:00:00+00:00,468.260009765625,-0.013954179408551148,3.675355029832621e-05,6.821790547921239e-05,0.00010064039956786936,0.00029848517826445645,0.00033432000448095644,0.00042681020607423424,0.0005047852889107365,0.0012756064144060484
2023-12-21 00:00:00+00:00,472.7000122070313,0.00943724555876635,0.00019471912296603288,0.00023147267326435888,0.00026293702844524543,0.00030562663463734423,0.0005139690438116939,0.0006052245413874335,0.0006840616473656174,0.001462248598698389
2023-12-22 00:00:00+00:00,473.6499938964844,0.0020076758121660987,8.906160373645519e-05,0.00028378072670248787,0.0003205342770008142,0.000384421126270357,0.000582265904966945,0.0006365043050853757,0.0007383314214978534,0.0015507741859556246
2023-12-26 00:00:00+00:00,475.6499938964844,0.004213637385105606,4.030762166756804e-06,9.309236590321178e-05,0.0002878114888692448,0.000356029394348457,0.0003987190005405567,0.0006221314933502008,0.0007146605361092632,0.0014935066994811869
2023-12-27 00:00:00+00:00,476.510009765625,0.0018064529064556467,1.7754740013159613e-05,2.17855021799162e-05,0.00011084710591637153,0.0003423197791807302,0.00040620662845027396,0.000624816149728065,0.0007323764349566391,0.0012714977971127158
2023-12-28 00:00:00+00:00,476.6900024414063,0.000377659831337418,3.2632721032420535e-06,2.101801211640145e-05,2.504877428315839e-05,0.00030882950098564603,0.0003770474064648592,0.000607314679250103,0.0007193349194070476,0.0012738516404349253
2023-12-29 00:00:00+00:00,475.30999755859375,-0.0028991719525492954,1.42626948205807e-07,3.4058990514476437e-06,2.1160639064607393e-05,0.00011425300496781898,0.0003457256782321786,0.0004198796396051637,0.0006616957063167404,0.0009047804398890713
2024-01-02 00:00:00+00:00,472.6499938964844,-0.0056120736477627275,8.405198010448494e-06,8.547824958654084e-06,1.1811097061896273e-05,3.359659924181228e-05,0.0003173773259443009,0.0004180177255121698,0.0006516973304252572,0.0009087132277343998
2024-01-03 00:00:00+00:00,468.7900085449219,-0.008200218753116495,3.149537062791285e-05,3.9900568638361124e-05,4.0043195586567066e-05,6.106120770296833e-05,0.0001541535736061809,0.0004170906020514258,0.0006681226174178747,0.0009387143725453594
2024-01-04 00:00:00+00:00,467.2799987792969,-0.003226278085188383,6.724358759896344e-05,9.873895822687608e-05,0.0001071441562373247,0.00011055005528877215,0.00013233555746868913,0.0004528698344695029,0.0007146014624356341,0.0010044128356073165
2024-01-05 00:00:00+00:00,467.9200134277344,0.0013687227117209488,1.040887028296682e-05,7.765245788193005e-05,0.00010914782850984304,0.00011769565346849693,0.00013871366558489915,0.0004265251544541435,0.0005374326661254558,0.0009560215686736542
2024-01-08 00:00:00+00:00,474.6000061035156,0.014174987030584063,1.8734018615807476e-06,1.2282272144547351e-05,7.952585974351093e-05,0.00011942642838187186,0.0001228323274333203,0.0002336794333496914,0.0005290389558835941,0.0009531347513274075
2024-01-09 00:00:00+00:00,473.8800048828125,-0.0015182214715405706,0.00020093025731722638,0.0002028036591788069,0.00021321252946177385,0.00031195148768864975,0.00032049931264730466,0.0003455480869304626,0.0006975467191121638,0.0011392163193795094
2024-01-10 00:00:00+00:00,476.55999755859375,0.005639492806995605,2.3049964366468157e-06,0.000203235253753873,0.00020510865561545387,0.0002827611134973837,0.00032266168213574564,0.0003438223212003526,0.0006683873603679241,0.0011411428870446033
2024-01-11 00:00:00+00:00,476.3500061035156,-0.0004407372315755609,3.180387912015517e-05,3.410887555680177e-05,0.00023503913287402825,0.0002473214050185755,0.0003460603632454523,0.0003578714603073482,0.0006634376891897531,0.001169697460305315
2024-01-12 00:00:00+00:00,476.6799926757813,0.0006924998916622016,1.9424930729688958e-07,3.199812842745185e-05,3.430312486409877e-05,0.0002371067840429055,0.00031475924192483635,0.000354802437511403,0.0004689128155310171,0.0011689123768319307
2024-01-16 00:00:00+00:00,474.9299926757813,-0.0036779815254259773,4.79556099952161e-07,6.738054072488338e-07,3.2477684527404115e-05,0.00023571293828127693,0.0002479952104258251,0.00035513936666314936,0.00038033076789451405,0.0011688967835077387
2024-01-17 00:00:00+00:00,472.2900085449219,-0.0055741875449362155,1.3527548101374799e-05,1.4007104201326743e-05,1.4201353508623741e-05,4.831022906542535e-05,0.00025111388824423307,0.00036026171675407565,0.000389827553829132,0.0011669815670979616
2024-01-18 00:00:00+00:00,476.489990234375,0.008853494233072468,3.107156678612203e-05,4.4599114887496615e-05,4.507867098744888e-05,7.707679941490057e-05,0.00028031205316877435,0.00035983791291228483,0.0004031443806020945,0.0011632613042798644
2024-01-19 00:00:00+00:00,482.4299926757813,0.012389101331860886,7.838436013504743e-05,0.00010945592692116924,0.00012298347502254415,0.00012365728042979283,0.00015776615598659538,0.00037097868544836885,0.0004782654686338999,0.0012139440168595647
2024-01-22 00:00:00+00:00,483.4500122070313,0.0021121048272760845,0.00015348983181111717,0.0002318741919461644,0.0002629457587322865,0.00027695286293361314,0.0003089509913610657,0.0005140596469765191,0.0006316126734968112,0.0013673950075048982
2024-01-23 00:00:00+00:00,484.8599853515625,0.0029122370823371213,4.460986801402939e-06,0.00015795081861251988,0.00023633517874756743,0.0002809342936350639,0.0002816080990423135,0.0005166472319163415,0.0006276684622877656,0.0013555512066534675
2024-01-24 00:00:00+00:00,485.3900146484375,0.00109256243153677,8.48112482373943e-06,1.2942111625142151e-05,0.00016643194343625943,0.00027588787035742854,0.00028989497455875603,0.0003241980994228544,0.0006046542164835922,0.001306250491438694
2024-01-25 00:00:00+00:00,488.0299987792969,0.005424155178897827,1.1936926668055391e-06,9.674817490544751e-06,1.4135804291947798e-05,0.000246009996238112,0.0002906091111256094,0.00032308679565301314,0.0005386043215514343,0.0012890406102035678
2024-01-26 00:00:00+00:00,487.4100036621094,-0.001271211348985446,2.9421459404764117e-05,3.061515207156944e-05,3.9096276895308975e-05,0.0001970470955078287,0.0003065030224289988,0.00032070437593762207,0.0005576169106732316,0.0013033919859730366
2024-01-29 00:00:00+00:00,491.2699890136719,0.007888186936643393,1.6159782937893972e-06,3.10374376985533e-05,3.223113036535895e-05,4.517324199050094e-05,0.0002770474339366661,0.0003221261049241146,0.0005573594871054403,0.001284243221685622
2024-01-30 00:00:00+00:00,490.8900146484375,-0.0007737525103346243,6.222349314743148e-05,6.383947144122067e-05,9.326093084598489e-05,0.00010293574833652948,0.00026088656694905015,0.00038387004197159387,0.0004186527229356453,0.0011588890482399083
2024-01-31 00:00:00+00:00,482.8800048828125,-0.01645191425814474,5.98692947249133e-07,6.282218609468041e-05,6.44381643884699e-05,9.505331646003919e-05,0.00010799542808518212,0.00037094118681746825,0.00041694641944624766,0.001149220629083715
2024-02-01 00:00:00+00:00,489.2000122070313,0.013003243074726889,0.0002706654827573462,0.00027126417570459514,0.0003334876688520267,0.00036452510655057987,0.0003741999240411254,0.0006105351027886924,0.0006558080230834387,0.0013874636177524046
2024-02-02 00:00:00+00:00,494.3500061035156,0.010472351923623613,0.0001690843304604328,0.0004397498132177788,0.000440348506165028,0.0005041879776062485,0.0005348031296778188,0.0007012350731140778,0.0008246981042365746,0.0015250835930319508
2024-02-05 00:00:00+00:00,492.5499877929688,-0.003647827171335827,0.00010967015481222318,0.00027875448527265575,0.0005494199680300021,0.0006122421541246823,0.0006432795918232363,0.0006574153961151838,0.0009338887029488457,0.0015980001975458478
2024-02-06 00:00:00+00:00,493.9800109863281,0.00289909926046672,1.330664307193594e-05,0.0001229767978841589,0.0002920611283445918,0.0005633253040491867,0.0006271647754904083,0.0006662610523857168,0.0009336677979194068,0.001416587717651751
2024-02-07 00:00:00+00:00,498.1000061035156,0.008305819554012217,8.404776522038681e-06,2.1711419593974403e-05,0.0001313815744061977,0.0005711313876239763,0.0006339535737186575,0.000666184704084016,0.0009110010076553235,0.0013359308904373343
2024-02-08 00:00:00+00:00,498.3200073242188,0.00044158331087995606,6.89866384638117e-05,7.739141498585017e-05,9.069805805778622e-05,0.0003694525433304418,0.0006407167190350377,0.0007339776498810222,0.0009016032859840877,0.0014008867667343891
2024-02-09 00:00:00+00:00,501.2000122070313,0.005762791733809891,1.949958204477039e-07,6.918163428425919e-05,7.758641080629798e-05,0.00020056320869045672,0.0006403130219082363,0.0007047511862967058,0.0007483084499934182,0.0013833270225416772
2024-02-12 00:00:00+00:00,500.9800109863281,-0.0004390453194949018,3.320976856726761e-05,3.34047643877151e-05,0.00010239140285152692,0.00012410282244550115,0.0004028573077181577,0.0007363449765701841,0.0007770572317592829,0.001413273519005703
2024-02-13 00:00:00+00:00,494.0799865722656,-0.013868781838918487,1.9276079257038037e-07,3.3402529359837773e-05,3.359752518028559e-05,0.00011098894016613559,0.00023396573805029532,0.0006743142442153228,0.0007687688677281138,0.0014133236528500676
2024-02-14 00:00:00+00:00,498.5700073242188,0.009046595278884517,0.00019234310969551524,0.0001925358704880854,0.00022574563905535314,0.0002949272733396122,0.0003166386929335874,0.000866058660963589,0.0009599182847568235,0.0015972615645351343
2024-02-15 00:00:00+00:00,502.010009765625,0.006876043767102047,8.184088613993563e-05,0.00027418399583545067,0.00027437675662802115,0.00030778152101573606,0.00038517293600158703,0.0006772340643461784,0.0010123377114919952,0.0016476070800471572
2024-02-16 00:00:00+00:00,499.510009765625,-0.004992421806456093,4.727997788710291e-05,0.00012912086402703832,0.0003214639737225537,0.0003548665030823913,0.00042404813736665126,0.0005554297117728485,0.0010580017110853085,0.0016276434703352965
2024-02-20 00:00:00+00:00,496.760009765625,-0.005520605720169769,2.4924275493578322e-05,7.220425338068102e-05,0.00015404513952061677,0.00034658101000870203,0.0003799857743964179,0.0004706838324542037,0.0010207024934314555,0.001642158875545908
2024-02-21 00:00:00+00:00,497.2099914550781,0.0009054231408223146,3.0477087517571172e-05,5.540136301114928e-05,0.00010268134089825232,0.00037686533673370276,0.00041026786609354136,0.0004878542768998389,0.0010505808880017773,0.0016707625612018984
2024-02-22 00:00:00+00:00,507.5,0.020484256036650272,8.197910639365449e-07,3.12968785815075e-05,5.622115407508596e-05,0.0001853420181021241,0.00037787788859021035,0.0004802692914417368,0.0007807351963083678,0.0014706520949486085
2024-02-23 00:00:00+00:00,507.8500061035156,0.0006894294879113971,0.0004196047453750431,0.00042042453643897947,0.00045090162395655073,0.0005231058773372316,0.0007972898731726831,0.0008308873983529682,0.001031255611222978,0.0018879518438870049
2024-02-26 00:00:00+00:00,505.989990234375,-0.0036692534575610836,4.753130188017713e-07,0.0004200800583938447,0.0004208998494577814,0.00047630121246893046,0.0006054220764959696,0.0008311677155513222,0.0009220607694295567,0.0018566232777856516
2024-02-27 00:00:00+00:00,506.9299926757813,0.001856025603427014,1.3463420935823966e-05,1.393873395462552e-05,0.0004335434793296687,0.00046484035791117607,0.0005370446112918579,0.0008114213679198786,0.0009222175472934447,0.0018698924494141786
2024-02-28 00:00:00+00:00,506.260009765625,-0.0013225219478982808,3.4448310405766113e-06,1.690825197640036e-05,1.738356499520224e-05,0.0004378081014341815,0.0004932094644453317,0.0008146734381678849,0.0009172576018119827,0.0018728577243548028
2024-02-29 00:00:00+00:00,508.0799865722656,0.0035884984645120355,1.749064302672663e-06,5.1938953432490574e-06,1.865731627907313e-05,0.00043873737467291766,0.000470034253254426,0.0006240793927750423,0.0008500200276508437,0.0018610792405561007
2024-03-01 00:00:00+00:00,512.8499755859375,0.009344468082400859,1.2877321229805236e-05,1.4626385532477682e-05,1.8071216573054402e-05,3.200995052767976e-05,0.00045243448696666007,0.0005551158278649119,0.0008627023530602012,0.0018428849949997839
2024-03-04 00:00:00+00:00,512.2999877929688,-0.001072990031474319,8.731908374300837e-05,0.0001001964049728134,0.00010194546927548616,0.00011885372125188635,0.0005389337796457319,0.0005951549337208174,0.000916811668235942,0.001851819718607745
2024-03-05 00:00:00+00:00,507.1799926757813,-0.010044411389432462,1.1513076076432602e-06,8.847039135065141e-05,0.00010134771258045675,0.00010654160792370566,0.00012048034187833198,0.0005713819658348824,0.0009177702150510149,0.0016994811944042712
2024-03-06 00:00:00+00:00,509.75,0.005054453726737407,0.00010089020016016056,0.0001020415077678036,0.00018936059151081208,0.0002039869770432896,0.00022089522901969078,0.0006417950784774717,0.0008263173055156602,0.0017959104077630288
2024-03-07 00:00:00+00:00,514.8099975585938,0.009877486355824416,2.554750247572966e-05,0.00012643770263589,0.00012758901024353337,0.0002277854152163466,0.00023297931055959645,0.0006665227898892648,0.0007700239218514542,0.0018129767854150188
2024-03-08 00:00:00+00:00,511.7200012207031,-0.0060202929760651,9.756473670949751e-05,0.00012311223918522695,0.00022400243934538763,0.00031247283069603887,0.00032709921622851737,0.0003444827812237192,0.0008203086806738488,0.0019093478294577109
2024-03-11 00:00:00+00:00,511.2799987792969,-0.0008602198798408622,3.624392751765878e-05,0.00013380866422715607,0.00015935616670288583,0.0002613976744706893,0.0003615940794435035,0.00038025139572257614,0.0008316283326979293,0.0019161702975706056
2024-03-12 00:00:00+00:00,516.780029296875,0.010699925765845997,7.399782416734275e-07,3.698390575933199e-05,0.00013454864246882962,0.00026098634510471943,0.00034945673645537167,0.0003675279530284257,0.0008018912234220315,0.0019152942975184896
2024-03-13 00:00:00+00:00,515.969970703125,-0.0015687412440108517,0.00011448841139461504,0.00011522838963628826,0.00015147231715394714,0.0002745845563391739,0.0003766260641069783,0.0004785715333824641,0.00091555984375271,0.001967559215765673
2024-03-14 00:00:00+00:00,514.9500122070312,-0.0019787351992333058,2.4609490906607145e-06,0.00011694936048527555,0.00011768933872694908,0.000251498002954105,0.0003779357055899958,0.0004792834181704521,0.0004984160474683276,0.0019694214719090846
2024-03-15 00:00:00+00:00,509.8299865722656,-0.009992521797621556,3.91539298868487e-06,6.376342079345381e-06,0.00012086475347396051,0.00015784865923329234,0.0002809608984185201,0.00047032148992933175,0.0005018561274382107,0.0017026713821404235
2024-03-18 00:00:00+00:00,512.8599853515625,0.005925564400415695,9.985049187594194e-05,0.0001037658848646266,0.00010622683395528742,0.0002214552235915755,0.0003552638878187324,0.00048285289806226537,0.0005882431983783286,0.0016334375435559324
2024-03-19 00:00:00+00:00,515.7100219726562,0.00554175971450821,3.511231346347381e-05,0.00013496280533941554,0.00013887819832810052,0.0002558275588133759,0.0002928114645727087,0.0005168139039180959,0.0006199106808012258,0.0015588797022071832
2024-03-20 00:00:00+00:00,520.47998046875,0.009206790605196247,3.0711100733346114e-05,6.582341419681973e-05,0.00016567390607276177,0.00017205024815210697,0.000287278637788396,0.0004466348044912815,0.0006488727172318993,0.0015762841598685933
2024-03-21 00:00:00+00:00,522.2000122070312,0.0032992544416057257,8.476499324792987e-05,0.0001154760939812758,0.0001505884074447497,0.0002543542923093761,0.00037130365279465245,0.0005058522952634816,0.0007207603892500239,0.0016526443765944848
2024-03-22 00:00:00+00:00,521.2100219726562,-0.0018976059248378974,1.0885079870455108e-05,9.56500731183848e-05,0.000126361173851731,0.00026132397919114634,0.0002677003212704925,0.00041917263842443923,0.0006443263853774706,0.001594542818001128
2024-03-25 00:00:00+00:00,519.77001953125,-0.0027666301033706375,3.6009082459798916e-06,1.448598811643481e-05,9.925098136436477e-05,0.0001650743955611843,0.0002688402804258117,0.00038652961915276035,0.0006467759860158072,0.0015979487304266602
2024-03-26 00:00:00+00:00,518.8099975585938,-0.0018487208116599874,7.654242128876624e-06,1.1255150374856327e-05,2.214023024531153e-05,0.0001376163242265871,0.0002725791295660035,0.0003934438830399635,0.0005535400279845234,0.001572393203988269
2024-03-27 00:00:00+00:00,523.1699829101562,0.008368703582209314,3.4177686394647623e-06,1.1072010768341199e-05,1.4672919014321184e-05,0.00011032299213270578,0.00017614640632952628,0.00028237324028481325,0.0005314102941482584,0.0015756182118351635
2024-03-28 00:00:00+00:00,523.0700073242188,-0.00019111406020577704,7.0035199646883e-05,7.345296828634757e-05,8.110721041522429e-05,9.55931985316589e-05,0.00021106929251293549,0.00034994749084103554,0.0005038807570856439,0.0014533103017865313
2024-04-01 00:00:00+00:00,522.1599731445312,-0.0017413094278575514,3.652458400833737e-08,7.007172423089115e-05,7.3489492870356e-05,8.474464324521213e-05,0.0001803947163635977,0.000346068622436359,0.00046767335415199353,0.001371505940230604
2024-04-02 00:00:00+00:00,518.8400268554688,-0.006378400662398143,3.032158523545593e-06,3.0686831075537408e-06,7.310388275443683e-05,8.417589352277783e-05,9.866188163921343e-05,0.0002492502890839627,0.0004699655344338657,0.0013272581208670466
2024-04-03 00:00:00+00:00,519.4099731445312,0.0010978980906584113,4.0683995010081066e-05,4.371615353362647e-05,4.3752678117634904e-05,0.00011720564640398227,0.00012846079677883939,0.00025482197063056997,0.0003961611180493317,0.0013430178403835494
2024-04-04 00:00:00+00:00,513.0700073242188,-0.012281197944720823,1.2053802174713851e-06,4.188937522755226e-05,4.492153375109795e-05,0.0001149932579819889,0.00012606526875033087,0.0002253162501146952,0.0003949055491761424,0.0013137461330834498
2024-04-05 00:00:00+00:00,518.4299926757812,0.01039269722731273,0.00015082782295741497,0.00015203320317488616,0.00019271719818496732,0.00019578588129252086,0.0002692388495788692,0.0002913790798241803,0.0005418179791448725,0.0014637541649769282
2024-04-08 00:00:00+00:00,518.719970703125,0.0005591824618207397,0.00010800815565859372,0.0002588359786160085,0.00026004135883348,0.00030375751236710625,0.00037382923659799814,0.0003885021556123189,0.0005499756429275242,0.0011521575752604786
2024-04-09 00:00:00+00:00,519.3200073242188,0.0011560955273921536,3.1268502560790303e-07,0.00010832084068420143,0.0002591486636416165,0.0003010380388691685,0.0003041067219767231,0.00038521393239194693,0.0005151760144896583,0.0011519949472672847
2024-04-10 00:00:00+00:00,514.1199951171875,-0.010063585851018964,1.3365568684561417e-06,1.649241894063855e-06,0.00010965739755265766,0.0002616906007275436,0.00030540675426117086,0.00037889624713152644,0.00048580147062476833,0.0011398680831999168
2024-04-11 00:00:00+00:00,518.0,0.007518550514969746,0.00010127576018082907,0.00010261231704928503,0.00010292500207489301,0.0003617609806909013,0.0004036503559184544,0.0004767542386728908,0.0005023122375576675,0.0012376990123401696
2024-04-12 00:00:00+00:00,510.8500061035156,-0.013899225274285776,5.652860184615184e-05,0.0001578043620269807,0.00015914091889543695,0.0002674617595796382,0.00041949496275452516,0.00046324764087215956,0.0005479557595333644,0.0012924785498836487
2024-04-15 00:00:00+00:00,504.4500122070313,-0.012607265932114586,0.0001931884632253445,0.00024971706507149615,0.0003509928252523253,0.00035264206714638894,0.0006114780457623983,0.0006563995795134958,0.000737543314512729,0.001472789691879188
2024-04-16 00:00:00+00:00,503.5299987792969,-0.0018254601741851673,0.00015894315428305707,0.0003521316175084014,0.00040866021935455333,0.0005112725364038381,0.0006195933770880404,0.0008123105752730073,0.0008888322266669094,0.0015444137624192366
2024-04-17 00:00:00+00:00,500.5499877929688,-0.005935821400640862,3.332304847536141e-06,0.00016227545913059303,0.0003554639223559376,0.0005132682843829181,0.0005149175262769826,0.0007749588851104623,0.0008887467628749808,0.0015465947596591293
2024-04-18 00:00:00+00:00,499.5199890136719,-0.002059854144959239,3.523397570030604e-05,3.8566280547841987e-05,0.00019750943483089913,0.0004472264999023951,0.0005498388169516809,0.000808987480593297,0.0008539455389284038,0.0014809385351992749
2024-04-19 00:00:00+00:00,495.1600036621094,-0.008766665273877372,4.242999098505757e-06,3.94769747988116e-05,4.280927964634782e-05,0.000394940897154749,0.0005527452591817305,0.0006624026567343878,0.0008581520134429011,0.001459634031822051
2024-04-22 00:00:00+00:00,499.7200012207031,0.009166993946982949,7.685442002420742e-05,8.109741912271299e-05,0.00011633139482301911,0.0002786068539536119,0.0005283239190251089,0.0006312489211000014,0.000931974274943563,0.001438923715136761
2024-04-23 00:00:00+00:00,505.6499938964844,0.011796774271143562,8.403377802402203e-05,0.00016088819804822927,0.00016513119714673508,0.00020369747769457687,0.000555829095202979,0.0007149700140984157,0.000975324057957504,0.001486713565643124
2024-04-24 00:00:00+00:00,505.4100036621094,-0.00047472996550457225,0.0001391638832043147,0.00022319766122833653,0.00030005208125254406,0.00033952905605135543,0.0005018045151819492,0.0008527973404342742,0.0011132825609443473,0.0016251374706057655
2024-04-25 00:00:00+00:00,503.489990234375,-0.0038061567197109625,2.2536854014797235e-07,0.00013938925174446248,0.0002234230297684846,0.00030452044889119734,0.00034308672943904014,0.000751746948793593,0.0009626801065270804,0.0015108744277512983
2024-04-26 00:00:00+00:00,508.260009765625,0.009429315293020935,1.4486828975000914e-05,1.471219751514867e-05,0.0001538760807194635,0.0003147642787676925,0.0003542412535665049,0.0007097051759224421,0.0008691587798434875,0.0015229003076356385
2024-04-29 00:00:00+00:00,510.05999755859375,0.003535214185462543,8.891198689519847e-05,0.00010339881587019917,0.00010362418441034726,0.00032682184563868357,0.00040791926476139734,0.0006054286995922961,0.0009577580817130781,0.0016078969015421523
2024-04-30 00:00:00+00:00,501.9800109863281,-0.015968060924206995,1.2497739337095592e-05,0.00010140972623229384,0.00011589655520729487,0.00025528580695175716,0.00041617400499998714,0.0004589832846463346,0.0009689192641817176,0.001520544149003306
2024-05-01 00:00:00+00:00,500.3500061035156,-0.003252434411649574,0.00025497896967918634,0.0002674767090162817,0.00035638869591148026,0.00037110089342662876,0.0005942985546549661,0.0007106299494779848,0.001122622473680075,0.0017404108052190184
2024-05-02 00:00:00+00:00,505.0299987792969,0.009309965299443057,1.0578329602082311e-05,0.0002655572992812684,0.0002780550386183641,0.0003814538544885631,0.0005208431062330264,0.0006859743033797611,0.0010766722014360053,0.0017202780340877548
2024-05-03 00:00:00+00:00,511.2900085449219,0.01231912958333048,8.667545387683386e-05,9.725378347891595e-05,0.0003522327531581024,0.00045364247939039606,0.00046835467690554554,0.0007684067581580892,0.0009701591920874946,0.0017221884947166586
2024-05-06 00:00:00+00:00,516.5700073242188,0.010273860527032497,0.0001517609536908882,0.00023843640756772183,0.00024901473716980424,0.0005164914461860857,0.0006198902620562856,0.0008433132918247699,0.0009629769914953258,0.0018630643685370917
2024-05-07 00:00:00+00:00,517.1400146484375,0.001102838068463008,0.00010555221012891645,0.0002573131638198044,0.0003439886176966384,0.0006095459169779067,0.0007109556432102012,0.0008648317239296643,0.001065196896776706,0.001965015670420028
2024-05-08 00:00:00+00:00,517.1900024414062,9.665733795216624e-05,1.2162518052512182e-06,0.00010676846193416745,0.0002585294156250557,0.00035578319910397146,0.0006232599081202539,0.0007268840925306009,0.0010311791728816512,0.0019585776800964028
2024-05-09 00:00:00+00:00,520.1699829101562,0.0057453318191686975,9.342640979999277e-09,1.2255944462310006e-06,0.00010677780457514755,0.0003452142121428692,0.0006107715114241384,0.0007266680666314329,0.0010269455164241253,0.0019551692540979177
2024-05-10 00:00:00+00:00,520.8400268554688,0.001287296052018938,3.300883771235229e-05,3.3018180353332076e-05,3.42344321585834e-05,0.0002915475959783876,0.00038880137945730437,0.0007451900753687842,0.0009830999341122703,0.0019181428921633873
2024-05-13 00:00:00+00:00,520.9099731445312,0.00013428613231081243,1.6571311255435443e-06,3.466596883789562e-05,3.467531147887572e-05,0.00014144377341304297,0.0003798801809807656,0.0006579352195991293,0.0009007232872137918,0.0019197634987049225
2024-05-14 00:00:00+00:00,523.2999877929688,0.004577659496461273,1.803276533099702e-08,1.6751638908743245e-06,3.468400160322672e-05,3.59095960494575e-05,0.0002932227598692627,0.0006454555130273647,0.0007615774367748081,0.001916749372946708
2024-05-15 00:00:00+00:00,529.780029296875,0.012306991279978696,2.0954966465542073e-05,2.0972999230872854e-05,2.2630130356416506e-05,5.5648310709748356e-05,0.00016241677264391662,0.0004114315098137205,0.0007823070347002022,0.0018970203444021688
2024-05-16 00:00:00+00:00,528.6900024414062,-0.0020596279688884778,0.00015146203436547167,0.00017241700083101352,0.00017243503359634464,0.00020710100243424005,0.00020832659688047186,0.0005523152145771098,0.0009192822400906729,0.002047276998550169
2024-05-17 00:00:00+00:00,529.4500122070312,0.0014365015702946238,4.242067370227676e-06,0.00015570410173569913,0.00017665906820124133,0.00017833423209211543,0.0002113524124454483,0.00046988182807050367,0.0008346123205657021,0.001900691242962982
2024-05-20 00:00:00+00:00,530.0599975585938,0.001151448147417966,2.06353676145892e-06,6.30560413168638e-06,0.00015776763849715815,0.0001787406377280308,0.00021340660656592723,0.0003201844111410744,0.0008241781179900655,0.0017947466240658472
2024-05-21 00:00:00+00:00,531.3599853515625,0.0024495269806736886,1.325832836192266e-06,3.3893695976509692e-06,7.631436967878753e-06,0.0001800484377988921,0.00018172360168976722,0.0002159580338483502,0.0005705249811470715,0.0017957597718764313
2024-05-22 00:00:00+00:00,529.8300170898438,-0.0028834974288916015,6.000182429048357e-06,7.326015265240407e-06,9.389552026699435e-06,0.00016509365376239836,0.00018606665299327203,0.00022074196447214738,0.0005659468339740375,0.0018004233974370236
2024-05-23 00:00:00+00:00,525.9600219726562,-0.007331026636718363,8.314557422424476e-06,1.4314739851472617e-05,1.564057268766499e-05,2.1946176819351153e-05,0.00019436317765036552,0.00022904717925359183,0.0004875859375196281,0.001707462194678619
2024-05-24 00:00:00+00:00,529.4400024414062,0.006594642789596428,5.374395154827415e-05,6.205850897069841e-05,6.805869139974688e-05,7.144806099739763e-05,0.00022715216273309756,0.0002497822930895137,0.0003895689353770141,0.0017046775443807414
2024-05-28 00:00:00+00:00,529.8099975585938,0.0006985983143454888,4.3489313522376155e-05,9.723326507065009e-05,0.00010554782249307468,0.00011287383775831487,0.00011917944189000205,0.0002916144754863463,0.0003275060387704738,0.001554978394677773
2024-05-29 00:00:00+00:00,526.0999755859375,-0.007027184767931516,4.880396048063583e-07,4.39773531271823e-05,9.772130467545654e-05,0.00011203604452692896,0.00011542541412458074,0.00029208448232582166,0.00032677782657002894,0.0013965232799995223
2024-05-30 00:00:00+00:00,522.6099853515625,-0.006655802363201957,4.938132576264871e-05,4.986936536745485e-05,9.335867888983111e-05,0.0001554171878605293,0.00016274320312577051,0.0003205108416229283,0.00037614980969169763,0.001442572300914635
2024-05-31 00:00:00+00:00,527.3699951171875,0.009066920253297361,4.4299705098004754e-05,9.368103086065325e-05,9.41690704654597e-05,0.00019140233553610958,0.000205717075387583,0.0002133485123554614,0.0003874406770773501,0.0014516380303123337
2024-06-03 00:00:00+00:00,527.7999877929688,0.0008150207199744131,8.220904287965389e-05,0.0001265087479776584,0.00017589007374030723,0.00021986742686748933,0.00028192593583818855,0.0002913154878648876,0.00046799258883146045,0.0015296040740934817
2024-06-04 00:00:00+00:00,528.3900146484375,0.001117274194004203,6.642587739876107e-07,8.287330165364127e-05,0.00012717300675164613,0.00017704237211910078,0.0002742756371897517,0.0002899162098774163,0.00046863881484011705,0.001453413912843262
2024-06-05 00:00:00+00:00,534.6699829101562,0.011815027054442595,1.2483016245877415e-06,1.9125603985751216e-06,8.412160327822912e-05,0.00017780263413888218,0.00022177998726606528,0.00028983867866581175,0.0004489321499991627,0.0013706284364438275
2024-06-06 00:00:00+00:00,534.6599731445312,-1.8721565909096682e-05,0.00013959486429721045,0.00014084316592179795,0.0001415074246957857,0.00026801617267344395,0.00031788553804089955,0.00042343336053397385,0.00043706497993090153,0.0013710594175367233
2024-06-07 00:00:00+00:00,534.010009765625,-0.0012163969596636903,3.504970300886511e-10,0.0001395952147942403,0.00014084351641882817,0.00022371681807246925,0.0003173978489331233,0.00041511915360857945,0.0004328232630577039,0.0013708343994936055
2024-06-10 00:00:00+00:00,535.6599731445312,0.0030849976419915492,1.4796215634790695e-06,1.4799720605089142e-06,0.0001410748363577195,0.00014298739675629442,0.0002694961447339537,0.00036285482362378443,0.00043223934785972405,0.0013578271920820836
2024-06-11 00:00:00+00:00,536.9500122070312,0.002405421732293078,9.517210451093418e-06,1.0996832014572243e-05,1.0997182511602468e-05,0.00015184034843340022,0.00023471365008704233,0.0003288827205525017,0.0004404307254746252,0.0012784324156379786
2024-06-12 00:00:00+00:00,541.3599853515625,0.00817946182713758,5.786053710187833e-06,1.5303264161281007e-05,1.6782885724760215e-05,0.0001563781005190003,0.00015829066091757626,0.00033418073465788314,0.0004402165967557647,0.0012717207300110707
2024-06-13 00:00:00+00:00,542.4500122070312,0.0020114729065916492,6.690359578160083e-05,7.268964949178842e-05,8.220685994288198e-05,8.36868320033907e-05,0.00022452999792518948,0.0003517030046768353,0.0004988056351149411,0.0010836453561134853
2024-06-14 00:00:00+00:00,542.780029296875,0.0006081975017195873,4.046023253952258e-06,7.094961903555284e-05,7.67356727457408e-05,8.773250476031286e-05,0.000227327719554554,0.0003114493228327828,0.00044910770682061915,0.0010771130497653552
2024-06-17 00:00:00+00:00,547.0999755859375,0.007927421171588733,3.699042010979474e-07,4.415927455049961e-06,7.131952323665093e-05,8.662278739793175e-05,8.81027594584415e-05,0.00022961018415422683,0.00040598829749934095,0.0009908075000896195
2024-06-18 00:00:00+00:00,548.489990234375,0.002537473758677855,6.284400643175328e-05,6.321391063285098e-05,6.725993388680338e-05,0.0001399495833785916,0.0001509464153931647,0.0002917899318119925,0.0004683442643262879,0.0009018905528304844
2024-06-20 00:00:00+00:00,547.0,-0.002720227781978224,6.438773075978721e-06,6.928277950773175e-05,6.965268370882984e-05,0.0001406023027443825,0.00015590556690566433,0.0002969804032633835,0.0004254017116396179,0.0008027771157775468
2024-06-21 00:00:00+00:00,544.510009765625,-0.004562476809995886,7.399639185846168e-06,1.3838412261824646e-05,7.668241869357805e-05,8.109834614862783e-05,0.0001537879956404171,0.00016478517815201918,0.0003885016457274593,0.0008089605031581416
2024-06-24 00:00:00+00:00,542.739990234375,-0.003255959705596112,2.0816194641750233e-05,2.8215833827596155e-05,3.4654606903575014e-05,9.786851753642582e-05,0.0001688181365719795,0.00018560102229673935,0.0003271087974895556,0.000829767355158912
2024-06-25 00:00:00+00:00,544.8300170898438,0.0038434848594226523,1.060127360446552e-05,3.141746824621551e-05,3.8817107432061814e-05,0.00010809988693979338,0.00011251581439484418,0.00019472267433772578,0.00033704581232003357,0.0008073597910510253
2024-06-26 00:00:00+00:00,545.510009765625,0.0012473040467968488,1.4772375864611166e-05,2.5373649469076442e-05,4.618984411082681e-05,6.0028256372651266e-05,0.0001232421670055031,0.00019997783975124353,0.000350569886560057,0.0008204750357900929
2024-06-27 00:00:00+00:00,546.3699951171875,0.0015752381681970462,1.5557673851557956e-06,1.6328143249766717e-05,2.6929416854232372e-05,5.514525068182834e-05,0.00012442803018956094,0.0001957475534262115,0.00021253078964800234,0.0008220127704099176
2024-06-28 00:00:00+00:00,544.219970703125,-0.00394286994533477,2.4813752865447858e-06,4.037142671700337e-06,1.8809518536311636e-05,5.022698678252696e-05,6.406539904435244e-05,0.00013132533293115544,0.00021501181443751705,0.0008035391792309203
2024-07-01 00:00:00+00:00,545.3400268554688,0.0020559795686292404,1.5546223405824215e-05,1.8027598692368757e-05,1.9583366077524687e-05,4.4957015546600936e-05,7.317284937419794e-05,0.00014282553308302742,0.0002290784162798622,0.0006676233682712729
2024-07-02 00:00:00+00:00,549.010009765625,0.006707171463487427,4.2270519866208775e-06,1.977327539244485e-05,2.225465067898977e-05,3.858279392875629e-05,7.000026217497264e-05,0.00014668268086855032,0.00022378825781538964,0.0006676083528876661
2024-07-03 00:00:00+00:00,551.4600219726562,0.0044526723749998,4.4986149040620075e-05,4.921320102724071e-05,6.475942443306506e-05,6.87965671047652e-05,9.417021657384249e-05,0.00012882482347741713,0.0002629883531458219,0.0007105309651668272
2024-07-05 00:00:00+00:00,554.6400146484375,0.00574993460235973,1.9826291279086357e-05,6.481244031970618e-05,6.90394923063272e-05,8.706709099869577e-05,0.00010339523424846333,0.00014221234168052476,0.00021591104864330737,0.0007290314236097213
2024-07-08 00:00:00+00:00,555.280029296875,0.0011532627469241774,3.3061747931413743e-05,5.288803921049986e-05,9.787418825112006e-05,0.00011764746364356472,0.0001216846063152659,0.00016787445042609232,0.0002449267733207689,0.0007560929891120867
2024-07-09 00:00:00+00:00,555.8200073242188,0.0009719702134054486,1.3300149634430992e-06,3.43917628948566e-05,5.42180541739431e-05,0.00010343125520118361,0.0001214588538935532,0.0001483882707477852,0.000245886884083114,0.0007491084466531053
2024-07-10 00:00:00+00:00,561.3200073242188,0.00984665192586398,9.447260957474333e-07,2.2747410591902885e-06,3.5336488990604175e-05,0.00010014892931031016,0.00011992220470275585,0.0001387317232390671,0.00018398760374710817,0.0006963092212005786
2024-07-11 00:00:00+00:00,556.47998046875,-0.008659969863070494,9.695655414912083e-05,9.790128024486803e-05,9.923129520831127e-05,0.00015211933441881093,0.0002013325354460525,0.0002209159015235768,0.0002745053848202503,0.0007497764618273233
2024-07-12 00:00:00+00:00,559.989990234375,0.006287712919899491,7.499507802928919e-05,0.00017195163217840977,0.00017289635827415738,0.00020728812116901376,0.0002721005614887208,0.0002943552121677102,0.0003421008236636933,0.0008242835002518061
2024-07-15 00:00:00+00:00,561.530029296875,0.0027463442535964333,3.953533376307098e-05,0.00011453041179235993,0.00021148696594148092,0.00021376170700067098,0.00026664974621117167,0.00033140917064423633,0.0003608199627850141,0.0008144375082522284
2024-07-16 00:00:00+00:00,564.8599853515625,0.005912633656969035,7.54240675926215e-06,4.707774052233289e-05,0.00012207281855162221,0.00021997409879649004,0.0002543658616913475,0.0003234053539976743,0.0003577610959398107,0.0007776802099134858
2024-07-17 00:00:00+00:00,556.9400024414062,-0.014120368318038423,3.495923676152303e-05,4.250164352078494e-05,8.203697728385607e-05,0.0002539886094622656,0.00025626335052145676,0.00035413753877257644,0.0003779479568367226,0.0007304304037953549
2024-07-18 00:00:00+00:00,552.6599731445312,-0.007714582945410164,0.00019938480143706324,0.00023434403819858602,0.0002418864449578483,0.000356416856750208,0.0004543181369950769,0.0005085361911690196,0.00057577699088863,0.0009291509464584305
2024-07-19 00:00:00+00:00,548.989990234375,-0.006662727016045089,5.951479002161337e-05,0.00025889959145867635,0.00029385882822019954,0.0003409365687425322,0.0005128882009209428,0.0005482246899115466,0.0006328104056236986,0.000987417434855456
2024-07-22 00:00:00+00:00,554.6500244140625,0.010257119582686158,4.43919312903371e-05,0.00010390672131195022,0.0003032915227490136,0.00034579316626979833,0.00046032357806215907,0.0005595548732704699,0.0006616561135082115,0.0008922145018485828
2024-07-23 00:00:00+00:00,553.780029296875,-0.0015697793341651334,0.00010520850213352387,0.00014960043342386072,0.00020911522344547423,0.00044345926164406004,0.0004905370021663938,0.0006634333604405507,0.0007626375636551144,0.0009974226534850766
2024-07-24 00:00:00+00:00,541.22998046875,-0.02292325782152549,2.4642071579719293e-06,0.00010767270929149555,0.00015206464058183282,0.000410964232040509,0.00045346587556129475,0.0006649528415027752,0.0007201156217724663,0.0009984072390795695
2024-07-25 00:00:00+00:00,538.4099731445312,-0.00522398921595979,0.0005254757491521295,0.0005279399563101012,0.0006331484584436252,0.0007370551797555752,0.0009713992179541621,0.001093472036505784,0.0012257650796455096,0.0015143657777806055
2024-07-26 00:00:00+00:00,544.4400024414062,0.011137446118048011,2.729006332846418e-05,0.0005527658124805934,0.0005552300196385656,0.0007048304530624262,0.0009637300445211033,0.0010457670218049588,0.00121999339504256,0.0015358697873988818
2024-07-29 00:00:00+00:00,544.760009765625,0.0005876006791032395,0.0001240427060324227,0.00015133276936088656,0.0006768085185130163,0.0007844812278045116,0.0008883879491164626,0.0011302743940743106,0.0013427060861115395,0.0015930088976497038
2024-07-30 00:00:00+00:00,542.0,-0.005079347187582073,3.452745580825883e-07,0.00012438798059050495,0.00015167804391896935,0.0006796180002290704,0.000829218433652932,0.0011230772618731311,0.0013421066345738746,0.001589308148953834
2024-07-31 00:00:00+00:00,550.8099975585938,0.01612391622796583,2.5799767851997912e-05,2.6145042410080176e-05,0.0001501877484425031,0.0007029535609230964,0.0008106262702145927,0.0011139177929636059,0.0012709498482767515,0.001614738012604734
2024-08-01 00:00:00+00:00,543.010009765625,-0.014262163712746911,0.0002599806745264598,0.0002857804423784574,0.0002861257169365402,0.00043745848629742664,0.0009653984426075287,0.0011745136660530025,0.0014559354447739223,0.0018118746806994406
2024-08-02 00:00:00+00:00,532.9000244140625,-0.018793918838539092,0.00020340931376919475,0.0004633899882956542,0.0004891897561476524,0.0006135777367381572,0.0011663435492187514,0.001318408189800584,0.001619809424780046,0.0020088452213926564
2024-08-05 00:00:00+00:00,517.3800048828125,-0.02955621148646337,0.0003532113853095946,0.0005566206990787891,0.0008166013736052491,0.0008427464160153291,0.0009940791853762165,0.0016272276438198414,0.0019654784033303783,0.002354656967516405
2024-08-06 00:00:00+00:00,522.1500244140625,0.009177326052492774,0.0008735696374325492,0.0012267810227421434,0.0014301903365113383,0.0017159707788897958,0.0018403587594803016,0.002395588779118867,0.0028040888040014047,0.003207410410307204
2024-08-07 00:00:00+00:00,518.6599731445312,-0.006706438943735016,8.42233134737626e-05,0.0009577929509063114,0.0013110043362159064,0.0017743943245115603,0.0018005393669216414,0.0024773478854346574,0.002688927316038104,0.003281032450176501
2024-08-08 00:00:00+00:00,530.6500244140625,0.022854205477053746,4.4976323306045636e-05,0.0001291996367798078,0.0010027692742123574,0.0015593899732911462,0.0018451704156696046,0.0019968484595885736,0.002674388849322536,0.0033112363976179355
2024-08-09 00:00:00+00:00,532.989990234375,0.0043999277257462666,0.0005223147079873935,0.0005672910312934387,0.0006515143447672016,0.0018782953675093449,0.002341685355805,0.002491873104247503,0.0031523116260195926,0.003831995338220173
2024-08-12 00:00:00+00:00,533.27001953125,0.0005252551924455062,1.9359363991790714e-05,0.0005416740719791838,0.0005866503952852298,0.001544443346191541,0.002101064045270331,0.002387189762206871,0.0030664624878778595,0.003848873326925419
2024-08-13 00:00:00+00:00,542.0399780273438,0.016311859783681548,2.758930171909658e-07,1.9635257008981247e-05,0.000541949964996375,0.0006711496017761828,0.0018979306245183272,0.0023871203806659796,0.0030642741737370786,0.003833602996536786
2024-08-14 00:00:00+00:00,543.75,0.0031498234853462037,0.00026607676960248744,0.00026635266261967796,0.00028571202661146903,0.0008530030579049077,0.0018107960088112201,0.0026273973824164688,0.002804875194187436,0.004095452714152653
2024-08-15 00:00:00+00:00,553.0700073242188,0.016995006629903386,9.921387988838506e-06,0.0002759981575913255,0.00027627405060851685,0.0008179481225877006,0.0009471477593675094,0.0023773380958788475,0.0027875065188478106,0.00406038795310087
2024-08-16 00:00:00+00:00,554.3099975585938,0.0022395035979680955,0.00028883025035046005,0.00029875163833929813,0.0005648284079417859,0.0005844636649507671,0.0011517546962442069,0.0024627590324601124,0.0029522940631658483,0.004329391912172244
2024-08-19 00:00:00+00:00,559.6099853515625,0.009515993731818106,5.015376365312045e-06,0.00029384562671577166,0.0003037670147046105,0.0005701196773242885,0.001111793749303473,0.00211456302351583,0.0029569641649730776,0.004301345540606143
2024-08-20 00:00:00+00:00,558.7000122070312,-0.001627408048489265,9.055413670400149e-05,9.55695130693131e-05,0.0003843997634197735,0.000660397921011099,0.0006800331780200812,0.0013315475227872824,0.003021718533825081,0.004390569662346701
2024-08-21 00:00:00+00:00,560.6199951171875,0.0034306271319159976,2.648456956287638e-06,9.320259366028869e-05,9.821797002560106e-05,0.0003969696083648992,0.0006633222709845781,0.0012499726662698076,0.0027643863162549087,0.004392273393207241
2024-08-22 00:00:00+00:00,556.219970703125,-0.00787945867562545,1.1769202518238184e-05,1.4417659474525388e-05,0.0001049717961785272,0.0003988174228942989,0.0006748155804856254,0.001216765545482,0.0025727462050039525,0.004307086041576359
2024-08-23 00:00:00+00:00,562.1300048828125,0.01056930178596538,6.208586902088917e-05,7.385507153912692e-05,7.650352849541488e-05,0.00017207304156472797,0.00047082467990402707,0.0007565367065154958,0.0022816206887152474,0.004294176832567959
2024-08-26 00:00:00+00:00,560.7899780273438,-0.0023866838456125805,0.00011171014024281096,0.0001737960092636997,0.0001855652117819382,0.0002787678054422269,0.0005726134321579995,0.000848887482766516,0.001519761191525509,0.0043663516390476985
2024-08-27 00:00:00+00:00,561.5599975585938,0.0013721560454698079,5.696259778908056e-06,0.00011740640002171858,0.00017949226904260808,0.00019390992851713346,0.00028947944158644757,0.0008543078495282331,0.0014412341378306544,0.004364505492067345
2024-08-28 00:00:00+00:00,558.2999877929688,-0.005822190304537678,1.8828122131193414e-06,7.579071992026964e-06,0.00011928921223483825,0.00019314428377396515,0.00028634687743425485,0.000590113892138865,0.0013981406267377279,0.004331429067518941
2024-08-29 00:00:00+00:00,558.3499755859375,8.953171475667432e-05,3.389789994225254e-05,3.5780712155371444e-05,4.147697193427983e-05,0.00021527298119797952,0.00022969064067250588,0.000614090404092279,0.0009097238186925871,0.00416594216602413
2024-08-30 00:00:00+00:00,563.6799926757812,0.00950073943292562,8.015927947270494e-09,3.390591587019938e-05,3.578872808331905e-05,0.00015319512810503763,0.0002270501996441655,0.0003252681696697663,0.0008903724706287436,0.004106435391930464
2024-09-03 00:00:00+00:00,552.0800170898438,-0.020793707331630884,9.026404977234784e-05,9.027206570029467e-05,0.00012416996564254754,0.0001317490376345745,0.0003055450468982752,0.00041051684307680204,0.0009803606273839007,0.0041523075104124745
2024-09-04 00:00:00+00:00,550.9500122070312,-0.0020489111776029745,0.00043237826459351997,0.0005226423143658674,0.000522650330293815,0.0005584310424491864,0.0006758374424709059,0.0007523409709663206,0.001146662122374933,0.004479477272872471
2024-09-05 00:00:00+00:00,549.6099853515625,-0.0024351739489825164,4.1980370137064075e-06,0.00043657630160722595,0.0005268403513795742,0.0005607462672497736,0.0005683253392418015,0.0007538905510237393,0.001140938771399801,0.004481211102728205
2024-09-06 00:00:00+00:00,540.3599853515625,-0.01697335214831952,5.930072161803104e-06,1.0128109175509132e-05,0.00044250637376902935,0.000532778439469324,0.0005685591516246965,0.0007480514206673042,0.0008580385932111439,0.0039616654257378795
2024-09-09 00:00:00+00:00,546.4099731445312,0.011134003557899064,0.0002880946831508629,0.0002940247553126656,0.00029822279232637227,0.0008208651066922397,0.00085477102256244,0.0009740602347972779,0.0011411178999966949,0.004222470045560278
2024-09-10 00:00:00+00:00,548.7899780273438,0.00434625408223166,0.000123966035227309,0.0004120607183781715,0.0004179907905399749,0.0008545670921472008,0.0009448391578474964,0.000986316129781776,0.0011745297985200024,0.004222393374755164
2024-09-11 00:00:00+00:00,554.4199829101562,0.010206676803408143,1.8889924547315366e-05,0.000142855959774624,0.00043095064292548714,0.00044107875210099625,0.0009637210664668646,0.0009995097945501832,0.00119077126611103,0.004240938024744396
2024-09-12 00:00:00+00:00,559.0900268554688,0.008388018582504486,0.00010417625136922987,0.00012306617591654486,0.00024703221114385414,0.0005410569664565197,0.0009776332680637467,0.0011018032337062938,0.0012831783149620218,0.004319314508261629
2024-09-13 00:00:00+00:00,562.010009765625,0.0052091506870812765,7.035885574044056e-05,0.00017453510710967006,0.00019342503165698568,0.0006054857500351571,0.0006156138592106671,0.001138264189504482,0.001291451301681573,0.00412969268947561
2024-09-16 00:00:00+00:00,562.8400268554688,0.001475782928327618,2.7135250880719337e-05,9.749410662115952e-05,0.00020167035799038965,0.0003445263177650137,0.0006385510730776801,0.0011653914244572538,0.0012068764123194815,0.003953418626587134
2024-09-17 00:00:00+00:00,563.0700073242188,0.00040852370965183127,2.1779352515432395e-06,2.9313186132262197e-05,9.967204187270304e-05,0.0002227382177892479,0.0006347989361674203,0.001077305309936449,0.0012033580877921168,0.0036023851765290826
2024-09-18 00:00:00+00:00,561.4000244140625,-0.0029702599283183417,1.6689162134769375e-07,2.344826872890554e-06,2.9480077753610163e-05,0.00020401518486328022,0.00034687114463790507,0.0006450939369642771,0.001201642167200345,0.0027289824307178815
2024-09-19 00:00:00+00:00,570.97998046875,0.01692044115073177,8.82244404177368e-06,8.989335663120994e-06,1.1167270914664505e-05,0.00010866137753582402,0.00023172755345236975,0.0006497183439923442,0.0011765667112998662,0.0026535815612858927
2024-09-20 00:00:00+00:00,568.25,-0.004792685833680643,0.000286301328735377,0.0002951237727771503,0.00029529066439849827,0.0003246038505307605,0.0004991389576404314,0.0009300896005659182,0.0014628600241072959,0.002894906566715224
2024-09-23 00:00:00+00:00,569.6699829101562,0.00249575307323191,2.2969837500363124e-05,0.00030927116623573976,0.0003180936102775137,0.0003204384371504043,0.0004179325437715646,0.0006649647549154184,0.0013955658118353113,0.0023955616962281936
2024-09-24 00:00:00+00:00,571.2999877929688,0.0028572285574197664,6.2287834025465236e-06,2.9198620902909268e-05,0.00031549994963828653,0.0003244892853014075,0.00035380247143367054,0.000547227503090656,0.0009694163306443377,0.0023824311156389493
2024-09-25 00:00:00+00:00,570.0399780273438,-0.0022079491041084864,8.16375502933504e-06,1.4392538431881184e-05,3.7362375932244575e-05,0.0003324861487093949,0.0003348309755822863,0.0005365013335726757,0.0009733820486599664,0.002390318977651093
2024-09-26 00:00:00+00:00,572.2999877929688,0.0039568128260834,4.875039246333468e-06,1.3038794275668128e-05,1.9267577678214922e-05,0.00032853874391395465,0.0003375280795770765,0.0004372001214497792,0.0009723270157444968,0.0021291172472949395
2024-09-27 00:00:00+00:00,571.469970703125,-0.0014513709323793478,1.5656367740658102e-05,2.053140698699119e-05,2.86951620163265e-05,5.789378291923577e-05,0.0003530175556963869,0.0003824976334499968,0.000699888700334292,0.002134852227046759
2024-09-30 00:00:00+00:00,573.760009765625,0.003999270284268164,2.1064775833556973e-06,1.776284532401342e-05,2.263788457034716e-05,3.703042300222834e-05,0.0003463015892379689,0.0003574688601526331,0.0005780291426903387,0.0018481284542796546
2024-10-01 00:00:00+00:00,568.6199951171875,-0.008998843314137694,1.599416280663036e-05,1.810064038998568e-05,3.375700813064405e-05,4.679580240631218e-05,7.599442330922226e-05,0.00037128508770772027,0.0005751333809496537,0.001859107240720973
2024-10-02 00:00:00+00:00,568.8599853515625,0.0004219682843773498,8.097918099240068e-05,9.697334379903066e-05,9.907982138238663e-05,0.00011961122836937783,0.00013400376680125983,0.00045209737707877325,0.0005519363105728246,0.001849532285009372
2024-10-03 00:00:00+00:00,567.8200073242188,-0.001829852419731104,1.7805723302036393e-07,8.115723822542067e-05,9.71514010320513e-05,0.00011491424635606472,0.00012795304063173367,0.00044345299027001995,0.00048175551206540435,0.0018470618852861047
2024-10-04 00:00:00+00:00,572.97998046875,0.009046298016800236,3.348359877995776e-06,3.5264171110157605e-06,8.450559810341672e-05,0.0001026062384934024,0.0001231376454803944,0.0001605000214126387,0.0004579686210626807,0.0018386410426458626
2024-10-07 00:00:00+00:00,567.7999877929688,-0.009081555464429236,8.183550780876389e-05,8.518386768675929e-05,8.536192491977992e-05,0.0001823352687188106,0.00020009811404282483,0.00021936569172103945,0.0005376261936199014,0.0018583906814337373
2024-10-08 00:00:00+00:00,573.1699829101562,0.00941310447497301,8.247464965350452e-05,0.00016431015746226803,0.00016765851734026408,0.0002488157555656848,0.0002669163959556712,0.0002956115579719975,0.0006199339516520582,0.0018291551908444308
2024-10-09 00:00:00+00:00,577.1400146484375,0.006902569758639565,8.860653585675693e-05,0.00017108118551026108,0.00025291669331902524,0.00025644311043004095,0.00035341645422907244,0.0003760543387994193,0.0006997180434670415,0.0019120654669222796
2024-10-10 00:00:00+00:00,576.1300048828125,-0.0017515586232921265,4.7645469272885465e-05,0.000136252005129642,0.0002187266547831468,0.0003039105224699061,0.0003850677606953276,0.00041882476882597135,0.0004610621840045499,0.001957828123982046
2024-10-11 00:00:00+00:00,579.5800170898438,0.005970394631147791,3.0679576108290096e-06,5.0713426883714094e-05,0.0001393199627404713,0.0003036301202027393,0.00030715653731375593,0.00040623635869614227,0.00044116030411501584,0.0019269981816506221
2024-10-14 00:00:00+00:00,584.3200073242188,0.00814505771963514,3.564561205163836e-05,3.871356966246699e-05,8.635903893535274e-05,0.0002574402244456138,0.0003426240921323739,0.00043977549316442493,0.00047057713276410767,0.001962635777774313
2024-10-15 00:00:00+00:00,579.780029296875,-0.007800018730860003,6.634196525618799e-05,0.00010198757730782597,0.00010505553491865524,0.00024130754004829725,0.00040561769751056617,0.0004901232956139826,0.0005287553429909606,0.0019387136932581533
2024-10-16 00:00:00+00:00,582.2999877929688,0.004336986109308327,6.08402922017669e-05,0.00012718225745795452,0.00016282786950959312,0.00021354129639330723,0.00038462248190356907,0.0004699844068233488,0.000584720595946394,0.0015671757208664005
2024-10-17 00:00:00+00:00,582.3499755859375,8.584174571080183e-05,1.880944851233338e-05,7.96497407140999e-05,0.00014599170597028816,0.00018470527563275513,0.00032095728076239795,0.0004886157981026618,0.0005878736767180693,0.0015817871323650272
2024-10-18 00:00:00+00:00,584.5900268554688,0.0038391931312018457,7.368805306677964e-09,1.881681731763968e-05,7.965710951940684e-05,0.00018164468682723282,0.00023235811371094775,0.0004852748070299727,0.0005857745679400204,0.001575864429008531
2024-10-21 00:00:00+00:00,583.6300048828125,-0.001643563990829655,1.4739403898667432e-05,1.474677270397373e-05,3.355622121630737e-05,0.00016073847867426188,0.00019945204833672972,0.0004181787031198762,0.0005845198090320574,0.0013025091497563355
2024-10-22 00:00:00+00:00,583.3200073242188,-0.0005312953642278018,2.7013025919519025e-06,1.7440706490618956e-05,1.744807529592589e-05,9.709781601002581e-05,0.0001990853933178526,0.00033840535605832357,0.0005062419306316085,0.0011812444171209783
2024-10-23 00:00:00+00:00,577.989990234375,-0.009179382812641634,2.822747640499525e-07,2.9835773560014757e-06,1.7722981254669167e-05,3.6539798572308856e-05,0.00016372205603026418,0.0002500810949656167,0.0005063461481626383,0.001162636767337713
2024-10-24 00:00:00+00:00,579.239990234375,0.0021603320122123293,8.426106882102064e-05,8.454334358507022e-05,8.724464617702238e-05,0.00010199141888099611,0.00018164115959509684,0.0002866966945137518,0.000587258857105663,0.0011427215847895037
2024-10-25 00:00:00+00:00,579.0399780273438,-0.00034536073229229913,4.667034402989371e-06,8.892810322400963e-05,8.921037798805985e-05,0.00010665108447867882,0.00012546790179631932,0.0002882957713059122,0.0005100903836998885,0.0010770297634520524
2024-10-28 00:00:00+00:00,580.8300170898438,0.0030866226235923833,1.192740354094731e-07,4.786308438398465e-06,8.904737725941937e-05,9.203095461542086e-05,0.00010677772731939541,0.0002527694332896833,0.0004277350080817935,0.0010500137866067427
2024-10-29 00:00:00+00:00,581.77001953125,0.001617069700038165,9.527239220472328e-06,9.646513255881422e-06,1.431354765887105e-05,9.885689124394128e-05,0.00011629759773456105,0.00019595470725396763,0.0003486557114455089,0.001057363090575672
2024-10-30 00:00:00+00:00,580.010009765625,-0.003029852584225168,2.614914414781521e-06,1.2142153635253469e-05,1.22614276706632e-05,0.00010118953089467285,0.00010417310825067514,0.00013772932946698224,0.0003036251565874049,0.0010598111133691057
2024-10-31 00:00:00+00:00,568.6400146484375,-0.01979779088137601,9.180006682135927e-06,1.1794921096917068e-05,2.1322160317389653e-05,2.6108468755788134e-05,0.00011065181234085917,0.0001280998876367848,0.00030973720565871183,0.0010601686760094678
2024-11-01 00:00:00+00:00,571.0399780273438,0.004211650536773526,0.00039195252378269505,0.0004011325304648306,0.00040374744487961235,0.0004133939581354938,0.0005023220613595042,0.0005200450426141732,0.0006660441173897686,0.001165819871056786
2024-11-04 00:00:00+00:00,569.8099975585938,-0.002156253620775317,1.7738000243904728e-05,0.0004096905240265994,0.00041887053070873554,0.00043101268434398907,0.00043579899278238835,0.0005230436389594105,0.0006174401523774853,0.0011605880338003275
2024-11-05 00:00:00+00:00,576.7000122070312,0.012019254145644531,4.649429677106664e-06,2.2387429921011014e-05,0.0004143399537037063,0.00042613487480062343,0.00043578138805650565,0.0005249917660445652,0.000561249289852825,0.0011590086800748877
2024-11-06 00:00:00+00:00,591.0399780273438,0.02456143804621025,0.00014446247021759326,0.00014911189989469953,0.0001668499001386045,0.0005679824306034351,0.0005801245842386894,0.0006691719614981085,0.000686902311558085,0.0012953073952631459
2024-11-07 00:00:00+00:00,595.6099853515625,0.007702406032088938,0.0006032642388978243,0.0007477267091154172,0.000752376138792524,0.0011620666628191236,0.0011738615839160414,0.001188175131574912,0.0012901591816506025,0.0018936965949146365
2024-11-08 00:00:00+00:00,598.1900024414062,0.004322367453619691,5.932705868316005e-05,0.000662591297580984,0.0008070537677985775,0.0008294411977195886,0.0012305737281844199,0.0012428351558550828,0.0013347468364350952,0.0019373672858571387
2024-11-11 00:00:00+00:00,598.760009765625,0.0009524330364589773,1.868286040411077e-05,7.800991908727039e-05,0.0006812741579850949,0.0008303860578797945,0.001240076581906395,0.0012613987422237841,0.001350728394247254,0.001953943668677894
2024-11-12 00:00:00+00:00,596.9000244140625,-0.0031112302807514425,9.071286889384675e-07,1.9589989093048802e-05,7.891704777620907e-05,0.0008266437568916264,0.0008490311868126383,0.0012527786316922503,0.0013513532481721426,0.0019388566345602018
2024-11-13 00:00:00+00:00,597.1900024414062,0.00048568872785548223,9.6797538598647e-06,1.0586882548802734e-05,2.9269742952913723e-05,0.0006918610405338977,0.0008409729404285981,0.0012598434711373336,0.0012767719332109867,0.001867557207427666
2024-11-14 00:00:00+00:00,593.3499755859375,-0.006450921838880852,2.3589354036587668e-07,9.915647400230143e-06,1.0822776089168827e-05,8.883269517643933e-05,0.0008365594042918574,0.0012508993579955635,0.001272340792348363,0.0018676150437350113
2024-11-15 00:00:00+00:00,585.75,-0.012891325577101043,4.161439257134991e-05,4.1850286111715355e-05,5.153003997158027e-05,7.112002906462919e-05,0.0007337113266456142,0.0009005612267842184,0.0013138359108843035,0.0019058810764283655
2024-11-18 00:00:00+00:00,588.1500244140625,0.004088981528469482,0.00016618627513481952,0.000207800667706169,0.00020803656124653507,0.00021862344379533792,0.0002966333628826093,0.0010490095016751331,0.001470494946798651,0.0019902318437544212
2024-11-19 00:00:00+00:00,590.2999877929688,0.0036488026509005067,1.671976994016462e-05,0.00018290604507498372,0.00022452043764633383,0.0002344360850465641,0.00025402607413961385,0.0010610798419381912,0.0014845998023240339,0.0019244769640410812
2024-11-20 00:00:00+00:00,590.5,0.00033877407014148986,1.3313760785218565e-05,3.003353072538275e-05,0.0001962198058602025,0.00023807009197191793,0.0002486569745207217,0.0009299311325058164,0.0014887335564271165,0.001849184188969543
2024-11-21 00:00:00+00:00,593.6699829101562,0.005353945004731742,1.147678706002311e-07,1.3428528655818361e-05,3.01482985959832e-05,0.0002379489663021523,0.00024786461370238344,0.0003267816614785923,0.0010968958005150217,0.0018016534875672575
2024-11-22 00:00:00+00:00,595.510009765625,0.0030946170222216907,2.8664727113691968e-05,2.8779494984291765e-05,4.209325576951054e-05,0.00022499930084449437,0.0002668495869562107,0.00029611932990912423,0.0011078225273848088,0.0018272502570701205
2024-11-25 00:00:00+00:00,597.530029296875,0.0033863431158405177,9.576654514224244e-06,3.824138162791578e-05,3.8356149498516224e-05,6.838968022389908e-05,0.00027619034793006903,0.00028701312401923767,0.0011127497522219264,0.0018011812995327064
2024-11-26 00:00:00+00:00,600.6500244140625,0.0052079020332431725,1.1467319698200466e-05,2.1043974212424275e-05,4.9708701326116457e-05,6.313722998193493e-05,0.0002460432750569196,0.0002975733150284997,0.0009797546017025337,0.001746306653974719
2024-11-27 00:00:00+00:00,598.8300170898438,-0.003034662783830022,2.712224358785837e-05,3.85895632860584e-05,4.816621780028286e-05,7.694571278457473e-05,0.00010697924350995846,0.0003150158047564933,0.00040361260639256775,0.0017125886053608104
2024-11-29 00:00:00+00:00,602.5499877929688,0.0061928491848251,9.20917821156298e-06,3.6331421799420914e-05,4.7798741497621596e-05,8.604012312553749e-05,9.946865178135682e-05,0.00032398908942769046,0.00035349472592097073,0.00170298833506004
2024-12-02 00:00:00+00:00,603.6300048828125,0.001790806322498284,3.8351381025988904e-05,4.756055923755145e-05,7.468280282541003e-05,9.572677703783441e-05,0.00012450627202212716,0.0003207260778823294,0.0003731632465428488,0.0017413323472807221
2024-12-03 00:00:00+00:00,603.9099731445312,0.00046370020343733387,3.206987284699828e-06,4.15583683106883e-05,5.0767546522251496e-05,8.935710980830999e-05,0.00012759849143622676,0.00015774679003220974,0.0003754631051386102,0.0017297999306667546
2024-12-04 00:00:00+00:00,607.6599731445312,0.006190335088049892,2.1501787866782482e-07,3.422005163367219e-06,4.177338618935634e-05,7.810480798877735e-05,9.91487822012026e-05,0.00014124203797071292,0.00036599836915741327,0.0017273136459534705
2024-12-05 00:00:00+00:00,606.6599731445312,-0.001647012764815159,3.832024850234166e-05,3.853526638100905e-05,4.17422536657091e-05,8.930281290326066e-05,0.00012789237618932004,0.00016624852568783603,0.0004040827241193891,0.0017653516196917622
2024-12-06 00:00:00+00:00,607.8099975585938,0.0018938710475220333,2.712651047464074e-06,4.10328995498053e-05,4.1247917428473346e-05,8.280628573916175e-05,0.00011913770753858364,0.00016884640886469988,0.0003651809825955033,0.0016838032019182057
2024-12-09 00:00:00+00:00,604.6799926757812,-0.0051629487431874566,3.5867475446422034e-06,6.299398592105844e-06,4.461964709444772e-05,4.804165225781505e-05,9.560221149536748e-05,0.00014376842929565012,0.00020258145500532594,0.0016827229150598584
2024-12-10 00:00:00+00:00,602.7999877929688,-0.003113933866162988,2.6656039724780936e-05,3.0242787269422707e-05,3.2955438316886996e-05,7.149070469789616e-05,0.00011304907300858543,0.0001608478145062068,0.00021251772478994224,0.0017092596807492299
2024-12-11 00:00:00+00:00,607.4600219726562,0.007700919095089631,9.696584122836773e-06,3.6352623847617276e-05,3.993937139225969e-05,8.097227094206511e-05,8.439427610543331e-05,0.00015907707893084313,0.00020890054812756047,0.0017094290256515945
2024-12-12 00:00:00+00:00,604.3300170898438,-0.005165930966160026,5.9304154909116106e-05,6.900073903195244e-05,9.565677875673359e-05,0.00010195617734883955,0.00014049144372984957,0.00019125899025210086,0.00026808993516607636,0.001766118266145929
2024-12-13 00:00:00+00:00,604.2100219726562,-0.00019857863819705557,2.668684274713106e-05,8.599099765624674e-05,9.568758177908372e-05,0.00012593036904850653,0.00016696326859831282,0.0002087366547876689,0.0002661120507995154,0.001783625102210924
2024-12-16 00:00:00+00:00,606.7899780273438,0.004260875240226447,3.94334755481971e-08,2.6726276222678826e-05,8.603043113179514e-05,0.0001223830549794125,0.00012868245357151934,0.00017042470723722822,0.0002565748297608394,0.0013917120119037773
2024-12-17 00:00:00+00:00,604.2899780273438,-0.004128552435419763,1.8155057812774785e-05,1.819449128832255e-05,4.488133403545382e-05,0.00011388207306740638,0.00014412486033683008,0.0001853727777653032,0.0002632625678754137,0.0013921290694726472
2024-12-18 00:00:00+00:00,586.280029296875,-0.030256637667441133,1.704494521201046e-05,3.520000302478481e-05,3.523943650033322e-05,0.00012123043415658007,0.00015758305800419833,0.00020220270509864582,0.0002531852694995658,0.0014045245850075512
2024-12-19 00:00:00+00:00,586.0999755859375,-0.0003071593026202635,0.0009154641229388176,0.0009325090681508276,0.0009506641259636027,0.0009773904021862815,0.001046391141218235,0.0010793465795351218,0.0011594402142268204,0.0021755262377287756
2024-12-20 00:00:00+00:00,591.1500244140625,0.008579451781121072,9.43468371861666e-08,0.0009155584697760034,0.0009326034149880141,0.0009507979062763367,0.0010367889039325845,0.0010767282753248438,0.0011211831800380177,0.0015723563456681374
2024-12-23 00:00:00+00:00,594.6900024414062,0.005970431867182491,7.360699286458154e-05,7.370133970176728e-05,0.000989165462640585,0.00102436546566537,0.0010510917418880498,0.001146748520644783,0.0011915831856178995,0.0015866362798495587
2024-12-24 00:00:00+00:00,601.2999877929688,0.011053692268884419,3.5646056680668206e-05,0.00010925304954524931,0.0001093473963824357,0.0010418564645332635,0.001060050955821587,0.0011557385376006705,0.0012270142244198998,0.0016035994761261162
2024-12-26 00:00:00+00:00,601.3400268554688,6.658528242375894e-05,0.00012218411277519517,0.00015783016945586294,0.0002314371623204447,0.0011469956320964481,0.0011821956351212339,0.001268226066253029,0.0013108780886927534,0.001724876460212373
2024-12-27 00:00:00+00:00,595.010009765625,-0.01058231448725433,4.433599835451741e-09,0.0001221885463750302,0.00015783460305569862,0.000231535942757466,0.0011640450109082945,0.0012089263449437482,0.0013081698712451245,0.0017152011399523435
2024-12-30 00:00:00+00:00,588.219970703125,-0.011477250763649138,0.00011198537990715286,0.00011198981350698788,0.00023417392628218326,0.0003434269758274327,0.001258985445603437,0.0012942248821037699,0.0014165685036076354,0.0018269506263191308
2024-12-31 00:00:00+00:00,586.0800170898438,-0.003644649585898385,0.00013172728509168474,0.00024371266499883718,0.00024371709859867283,0.00040154726805453585,0.0004752486077563041,0.0014259127337199065,0.0015216397489745393,0.0019170635188394656
2025-01-02 00:00:00+00:00,584.6400146484375,-0.0024600299449542007,1.3283470603989271e-05,0.00014501075569567357,0.00025699613560282666,0.00037918468197785697,0.0004884377315231073,0.001421041146511121,0.0015252266354556915,0.001764160714308635
2025-01-03 00:00:00+00:00,591.9500122070312,0.012425894234247892,6.051747330071368e-06,1.9335217934060206e-05,0.00015106250302574515,0.00026305231653273313,0.00042088248598859705,0.001410047948629182,0.001471974227876647,0.0017534926916985421
2025-01-06 00:00:00+00:00,595.3599853515625,0.005744047514603778,0.000154402847520715,0.00016045459485078593,0.0001737380654547754,0.00041745073045361267,0.0005396392768286438,0.0006489866732110794,0.0015996902326502309,0.0018945817784340386
2025-01-07 00:00:00+00:00,588.6300048828125,-0.011368428798641084,3.2994081850025844e-05,0.0001873969293707404,0.00019344867670081199,0.00033845943239648563,0.0004504492459034745,0.000681886408223919,0.0016326448810247084,0.0019274610924134641
2025-01-08 00:00:00+00:00,589.489990234375,0.0014599285435679121,0.00012924117334977195,0.00016223525519979735,0.0003166381027205126,0.00033597332065457287,0.000579685985653411,0.0007375205887091094,0.0017437309965617055,0.002028037538649544
2025-01-10 00:00:00+00:00,580.489990234375,-0.015385182101261385,2.131391352324325e-06,0.00013137256470209584,0.0001643666465521219,0.00032482124140290796,0.0004698319970985825,0.0007040059233807655,0.0017288174427020195,0.002020592275487644
2025-01-13 00:00:00+00:00,581.3900146484375,0.0015492556723577522,0.0002367038282889737,0.0002388352196412976,0.00036807639299106976,0.0005554733223618102,0.0005748085402958714,0.0008185256388945441,0.0010500571480521756,0.0022458287840784173
2025-01-14 00:00:00+00:00,582.1900024414062,0.0013750458193975135,2.4001931383326707e-06,0.00023910402142730594,0.00024123541277963048,0.00040347066797942797,0.0005639252628302149,0.0008209213984330413,0.0010523629943533222,0.0022211067336288916
2025-01-15 00:00:00+00:00,592.780029296875,0.01802652551454731,1.8907510054425792e-06,4.290944143774816e-06,0.00024099477243274875,0.00037236733713484464,0.0005597642665055861,0.000710826769531331,0.000980646752494183,0.0022137883064227712
2025-01-16 00:00:00+00:00,591.6400146484375,-0.001925018081736951,0.00032495562212662515,0.0003268463731320673,0.0003292465662704002,0.0005680817859116979,0.0007303170411114962,0.0009040551065662714,0.0012699563179401402,0.0025003925475234074
2025-01-17 00:00:00+00:00,597.5800170898438,0.00998982809263893,3.705694615014211e-06,0.00032866131674163894,0.0003305520677470817,0.0005696560891743878,0.0007010286538764846,0.0008944773305772964,0.001151477899779959,0.0025008912548537218
2025-01-21 00:00:00+00:00,603.0499877929688,0.009111897132251023,9.979666532047797e-05,0.00010350235993549174,0.0004284579820621171,0.000432748926205892,0.0006715841458471907,0.000988222248567703,0.0012512701315006017,0.002600472902295532
2025-01-22 00:00:00+00:00,606.4400024414062,0.005605707452083664,8.302666934872442e-05,0.00018282333466920195,0.00018652902928421638,0.0005133754024162838,0.0007524794238435907,0.0009168460703957125,0.001222311420942173,0.002645179323141915
2025-01-23 00:00:00+00:00,609.75,0.005443237856848526,3.142395603834632e-05,0.00011445062538707031,0.00021424729070754848,0.0005429086074491876,0.0005471995515929633,0.0009152759445840329,0.0011220080918888347,0.002673890628132797
2025-01-24 00:00:00+00:00,607.969970703125,-0.0029235466405159727,2.9628838366228936e-05,6.105279440457482e-05,0.00014407946375329946,0.0002475818236887913,0.0005744281968208596,0.0008156636096004899,0.0011383534596510745,0.002699932718954384
2025-01-27 00:00:00+00:00,599.3699951171875,-0.014246395022120772,8.54712495927223e-06,3.817596332550073e-05,6.959991936384727e-05,0.0002524232540330493,0.0005810845707746893,0.0008220793432074378,0.0011408488372802751,0.002681823804188875
2025-01-28 00:00:00+00:00,604.52001953125,0.008555691577218028,0.00020295977112630754,0.00021150689608557933,0.00024113573445180847,0.00035558635983887893,0.00045908871977437164,0.0007883352860447717,0.001189405760885868,0.002875086991192346
2025-01-29 00:00:00+00:00,601.8099975585938,-0.004493010193278302,7.31998583644795e-05,0.0002761596294907866,0.00028470675445005903,0.000345759548854634,0.0005285828835238369,0.0008591349512709184,0.0012296115374003215,0.002888982694647709
2025-01-30 00:00:00+00:00,605.0399780273438,0.005352758414401748,2.0187140596902723e-05,9.338699896138179e-05,0.00029634677008768954,0.00033452273341319044,0.0004489733588002617,0.0008774313408623786,0.0011205575046474524,0.002882482992497481
2025-01-31 00:00:00+00:00,601.8200073242188,-0.00533612578546272,2.8652022642948717e-05,4.883916323985101e-05,0.00012203902160433073,0.0003335459176899102,0.000394598712094486,0.0005811277413787021,0.0011470781359380765,0.0029110955816648815
2025-02-03 00:00:00+00:00,597.77001953125,-0.006752312190203114,2.8474238398280126e-05,5.712626104122841e-05,7.731340163813135e-05,0.0003534730311289181,0.0003916489944544198,0.000605896285161968,0.000938848546047383,0.0029214147622503867
2025-02-04 00:00:00+00:00,601.780029296875,0.006685881438886376,4.559371991396557e-05,7.406795831224527e-05,0.0001027199809551942,0.0001961069799165761,0.0004076138760021564,0.0005516933397554557,0.000982042072823016,0.002949963536952342
2025-02-05 00:00:00+00:00,604.219970703125,0.004046342844649331,4.470101061484536e-05,9.02947305288105e-05,0.00011876896892709082,0.00016760813216694194,0.00044376776165772953,0.0005133676810215766,0.0010248523324324188,0.0020792004246283696
2025-02-06 00:00:00+00:00,606.3200073242188,0.0034695900439603022,1.637289041644484e-05,6.107390103128976e-05,0.00010666762094525554,0.00016379388198648406,0.0002571808809478668,0.0004983166153996752,0.0007162696007222384,0.0020954789682076282
2025-02-07 00:00:00+00:00,600.77001953125,-0.009195713292096563,1.2038055073148452e-05,2.8410945489592856e-05,7.311195610443843e-05,0.0001471799144166838,0.00019601907765653576,0.00048072583210659466,0.0007246019611803727,0.002033910030416195
2025-02-10 00:00:00+00:00,604.8499755859375,0.006768254750558533,8.456114295044142e-05,9.659919802358944e-05,0.00011297208844003449,0.0002032668189688451,0.00026039308001007445,0.0005567398500977638,0.0007093664388103362,0.002082825116685968
2025-02-11 00:00:00+00:00,605.3099975585938,0.0007602664193546715,4.580927236845815e-05,0.00013037041531889913,0.0001424084703920478,0.00020348237142333767,0.00027755032973558394,0.0003995893513399144,0.0006721490418300698,0.0020064502762792316
2025-02-12 00:00:00+00:00,603.3599853515625,-0.0032267102294394334,5.780050283983733e-07,4.638727739685609e-05,0.00013094842034729772,0.00015935936583689068,0.0002496540963657022,0.00032696749800383327,0.0006413030908201219,0.0020070238477077943
2025-02-13 00:00:00+00:00,609.72998046875,0.01050219496552085,1.041165890476908e-05,1.098966393316702e-05,5.679893630162538e-05,0.00015339813432521494,0.00021447203535650568,0.0003171920163116996,0.000622085911358662,0.0019054501267054104
2025-02-14 00:00:00+00:00,609.7000122070312,-4.915126231885836e-05,0.00011029609909381149,0.00012070775799858013,0.0001212857630269787,0.00025165617834587795,0.00028006712383547177,0.0003988360927625624,0.0007238348854932014,0.0018840189407075371
2025-02-18 00:00:00+00:00,611.489990234375,0.0029315328583932043,2.4158465875372256e-09,0.0001102985149403986,0.00012071017384516788,0.00016709745124202408,0.0002636966492656145,0.0003703642702108698,0.0005208775302134813,0.0018707378859501357
2025-02-19 00:00:00+00:00,612.9299926757812,0.0023521391767742372,8.593884899839031e-06,8.596300746426136e-06,0.00011889239984023782,0.000129882063773405,0.0002602524790923051,0.0003333644351967433,0.00045627155674884083,0.0018732800235199032
2025-02-20 00:00:00+00:00,610.3800048828125,-0.004169002936971644,5.5325587069161865e-06,1.4126443606754784e-05,1.4128859453342525e-05,0.00013483661745192278,0.00018122389484877984,0.00029419598328881417,0.0004416169748588543,0.0017244097347061044
2025-02-21 00:00:00+00:00,599.9400024414062,-0.0172520677481085,1.7380585488478195e-05,2.291314419539395e-05,3.150702909523318e-05,0.0001418055440356319,0.0001527952079687999,0.0002952036783608475,0.0004303455377043838,0.0017087962383445566
2025-02-24 00:00:00+00:00,597.2100219726562,-0.004560807159101898,0.00029763384158532557,0.0003150144270738033,0.00032054698578071975,0.000329143286527146,0.0004498510445257271,0.0005807994648730245,0.0006995051408914292,0.0018771889065801106
2025-02-25 00:00:00+00:00,594.239990234375,-0.0049855853955937945,2.080096194251513e-05,0.0003184348035278403,0.0003358153890163187,0.00034994183262307356,0.00046024034756347317,0.0005170392838650984,0.0006747123829199789,0.0018958584771703012
2025-02-26 00:00:00+00:00,594.5399780273438,0.0005046986109213947,2.4856061736758132e-05,4.565702367927283e-05,0.00034329086526459863,0.0003662040094599927,0.0003748003102064198,0.0004960860732333983,0.0006548674340418916,0.0016840107106180855
2025-02-27 00:00:00+00:00,585.0499877929688,-0.01609066754142674,2.547206878659853e-07,2.5110782424623682e-05,4.591174436713903e-05,0.00036092617144094246,0.0003750526150476982,0.0004957627888928659,0.0006387492643133126,0.001681865238167619
2025-02-28 00:00:00+00:00,594.1799926757812,0.015484998634637037,0.00025890958192872405,0.0002591643026165896,0.00028402036435334796,0.0006024551678811883,0.0006253683120765833,0.0007442607119168209,0.0008856207911688884,0.0019388840690909004
2025-03-03 00:00:00+00:00,583.77001953125,-0.017675188339395298,0.0002397851827147109,0.0004986947646434346,0.0004989494853313007,0.0005446065090105737,0.000859620936084378,0.0008737497955377204,0.001040844830933158,0.0018537136296789861
2025-03-04 00:00:00+00:00,576.8599853515625,-0.011907525736465807,0.0003124122828330955,0.000552197465547806,0.0008111070474765303,0.0008362178299011541,0.0011546526334289954,0.0011861596625242282,0.0013074478413977952,0.0021624202178970675
2025-03-05 00:00:00+00:00,583.0599975585938,0.010690515460946237,0.00014178916916459557,0.0004542014519976906,0.0006939866347124017,0.0009531509373289915,0.0009988079610082654,0.001319354946788985,0.0014486590055339925,0.0022044127217411853
2025-03-06 00:00:00+00:00,572.7100219726562,-0.01791057405732932,0.00011428712082073053,0.0002560762899853257,0.0005684885728184214,0.001067183337461856,0.0010922941198864807,0.0014281095089027991,0.001552534467449954,0.0022356731732131913
2025-03-07 00:00:00+00:00,575.9199829101562,0.005589213724635833,0.0003207886630630781,0.00043507578388380817,0.0005768649530484039,0.0011290624185962101,0.0013882267212128006,0.001731517586477399,0.0017630270314192204,0.0025250378802379233
2025-03-10 00:00:00+00:00,560.5800170898438,-0.02699673996813612,3.1239310059657565e-05,0.0003520279731227352,0.000466315093943466,0.0009205165459411567,0.0014192113105845924,0.0014651230549517311,0.0017942639256322906,0.0025266483519313515
2025-03-11 00:00:00+00:00,555.9199829101562,-0.008347624254403385,0.0007288239689071581,0.0007600632789668152,0.0010808519420298936,0.0013369282320152194,0.0018891256975630262,0.002173146061916374,0.00251449400963961,0.003246925195879237
2025-03-12 00:00:00+00:00,558.8699951171875,0.005292510968270214,6.968283069270367e-05,0.0007985067995998614,0.0008297461096595191,0.0012648218935433274,0.001719023345541019,0.0022179728308723196,0.002578644281625397,0.0031136482554456335
2025-03-13 00:00:00+00:00,551.4199829101562,-0.01342014098391342,2.801067234926052e-05,9.769350304196376e-05,0.0008265174719491221,0.0011785454450718574,0.001434621735057184,0.002245728782533714,0.0025892743684861794,0.0030684590694304145
2025-03-14 00:00:00+00:00,562.8099975585938,0.020445350796967077,0.00018010018402811267,0.00020811085637737275,0.00027779368707007653,0.0010378569660368922,0.0014729327499207012,0.002166919384633103,0.0024717407109289664,0.0032283721128616247
2025-03-17 00:00:00+00:00,567.1500244140625,0.007681773006130932,0.00041801236921104227,0.0005981125532391545,0.0006261232255884152,0.0014246300251882767,0.001776657998311013,0.0023451465711294343,0.0028689521181974936,0.003617732459429718
2025-03-18 00:00:00+00:00,561.02001953125,-0.010867271727039274,5.9009636517721855e-05,0.00047702200572876367,0.0006571221897568764,0.0007548156927988405,0.0015148789717656565,0.0020917439248140605,0.002903105692978457,0.00364826785754916
2025-03-19 00:00:00+00:00,567.1300048828125,0.010831972628518649,0.00011809759478930717,0.0001771072313070286,0.000595119600518071,0.0008032304568954439,0.0016017372564953061,0.002068052350438772,0.0030209485670798985,0.003720771732424501
2025-03-20 00:00:00+00:00,565.489990234375,-0.002895968288906481,0.00011733163102497722,0.00023542922581428394,0.0002944388623320059,0.0008925514155711606,0.0009902449186131254,0.002071096860643019,0.002879370616176152,0.0037934023528346334
2025-03-21 00:00:00+00:00,563.97998046875,-0.002673839419255586,8.38663233035193e-06,0.0001257182633553287,0.00024381585814463593,0.0007208378638733999,0.0009289487202507736,0.0017586948299102925,0.0026479720657917928,0.0037854160947485404
2025-03-24 00:00:00+00:00,574.0800170898438,0.017750033954182953,7.149417239965048e-06,1.5536049570316546e-05,0.00013286768059529383,0.00030997491190232267,0.0009080874651414781,0.0017346049370906,0.002342709200198662,0.0037805274569153572
2025-03-25 00:00:00+00:00,575.4600219726562,0.0024009699512088645,0.0003150637053746477,0.0003222131226146123,0.00033059975494496434,0.0005660289807592485,0.0010430509864880132,0.0013208446735580896,0.0025159837364087142,0.0040110300193395634
2025-03-26 00:00:00+00:00,568.5900268554688,-0.01201009991267199,5.764656706607897e-06,0.00032082836208125517,0.0003279777793212203,0.00045369604267654927,0.0006308032739835788,0.001256926499571994,0.002407461272294592,0.003970985403677713
2025-03-27 00:00:00+00:00,567.0800170898438,-0.0026592418520143823,0.00014424249991236375,0.00015000715661897123,0.000465070861993619,0.0004806069115639358,0.0007160361373782208,0.001373158327135097,0.0022309151091438775,0.004114649898561679
2025-03-28 00:00:00+00:00,555.6599731445312,-0.020343869306522322,7.0715672275048825e-06,0.00015131406713986823,0.00015707872384647617,0.00047929184646108874,0.0006050101098164184,0.0012001297103344894,0.0022067473663117247,0.004111309806884414
2025-03-31 00:00:00+00:00,559.3900146484375,0.006690382419018981,0.000413873018360861,0.0004209445855883655,0.0005651870855007293,0.0008860154475819847,0.0009015514971523022,0.001195990359484308,0.0018917964157654276,0.004414886726151463
2025-04-01 00:00:00+00:00,560.969970703125,0.0028204454330973405,4.476121691271827e-05,0.0004586342352735788,0.0004657058025010838,0.0006157129591200552,0.0009379260817346686,0.0011817419398793044,0.0018668748019854422,0.004459645527217595
2025-04-02 00:00:00+00:00,564.52001953125,0.006308471212192579,7.954912441079644e-06,5.271612935379748e-05,0.0004665891477146586,0.000617903214854527,0.0009387315769357832,0.0010715992575310769,0.0018468190420772614,0.004459006554758835
2025-04-03 00:00:00+00:00,536.7000122070312,-0.05053654521639217,3.9796809035062505e-05,4.775172147614171e-05,9.251293838886009e-05,0.0005134575239772257,0.0006634646805961979,0.0009940644355411622,0.001706515667084211,0.004493270805086982
2025-04-04 00:00:00+00:00,505.2799987792969,-0.06032657327600788,0.0025539424024084503,0.0025937392114435123,0.002601694123884592,0.0030603283591581713,0.0032116424262980405,0.0035396202056192606,0.003842445700281619,0.007029832622006953
2025-04-07 00:00:00+00:00,504.3800048828125,-0.001782766736501351,0.0036392954432255477,0.006193237845633998,0.00623303465466906,0.0062857507840228585,0.006706695369611224,0.007171766231604843,0.007422731506989445,0.010371494223647176
2025-04-08 00:00:00+00:00,496.4800109863281,-0.01578673908637107,3.1782572367756776e-06,0.003642473700462323,0.006196416102870774,0.0062441678243469155,0.006702802059620496,0.0068598807834669715,0.007307812169436914,0.010353871518941437
2025-04-09 00:00:00+00:00,548.6199951171875,0.09986280254486068,0.00024922113098115614,0.0002523993882179314,0.003891694831443479,0.006485434042886992,0.006538150172240791,0.0071033372577415195,0.007439701669393092,0.010578236588185835
2025-04-10 00:00:00+00:00,524.5800170898438,-0.04480805037437108,0.009972579332113833,0.010221800463094989,0.010224978720331766,0.016418216565965763,0.016465968287441905,0.01693167408994299,0.017403894369176574,0.0205505611996118
2025-04-11 00:00:00+00:00,533.9400024414062,0.017685502670261144,0.0020077613783521762,0.01198034071046601,0.012229561841447164,0.01587203554190949,0.018465774753353002,0.01893236390106766,0.019404506330288784,0.022299412996035255
2025-04-14 00:00:00+00:00,539.1199951171875,0.009654693911695489,0.00031277700469981403,0.0023205383830519903,0.012293117715165822,0.012545517103383754,0.018738754949017757,0.018831267887406616,0.019402219629613953,0.02237240481802036
2025-04-15 00:00:00+00:00,537.6099853515625,-0.002804808601871933,9.321311452852993e-05,0.00040599011922834395,0.0024137514975805185,0.012635551960675508,0.016278025661137834,0.018879719785022425,0.019489668087435873,0.022153205649715794
2025-04-16 00:00:00+00:00,525.6599731445312,-0.022478798161806424,7.866951293134788e-06,0.00010108006582166472,0.000413857070521477,0.012394197780987487,0.012646597169205421,0.01887963182387448,0.019353292538816645,0.022019283431844328
2025-04-17 00:00:00+00:00,526.4099731445312,0.001425760957615374,0.0005052963667992319,0.0005131633180923666,0.0006063764326208949,0.002926914815672885,0.013148715278767877,0.019345131381638653,0.019851517338388372,0.02241029267782283
2025-04-21 00:00:00+00:00,513.8800048828125,-0.024090541109631047,2.0327943082603084e-06,0.0005073291611074922,0.0005151961124006251,0.0009211862316289692,0.01290152694209498,0.016793221773538463,0.019439677114335772,0.022091536809068012
2025-04-22 00:00:00+00:00,527.25,0.02568503469362149,0.0005803541709548235,0.0005823869652630838,0.0010876833320623137,0.0011887633978839786,0.0035093017809359707,0.013734280501267737,0.019975270068377873,0.02264065166996318
2025-04-23 00:00:00+00:00,535.4199829101562,0.015376634359514085,0.0006597210072125395,0.001240075178167363,0.0012421079724756214,0.0017552712905679882,0.002161261409796334,0.014390823251243499,0.020627036163149336,0.022571548708268562
2025-04-24 00:00:00+00:00,546.6900024414062,0.020830464913471403,0.00023644088422618916,0.0008961618914387287,0.0014765160623935504,0.0019838452235010425,0.002084925289322709,0.014378043004488533,0.02082368023834046,0.02273830676180205
2025-04-25 00:00:00+00:00,550.6400146484375,0.007199346060805745,0.00043390826851136315,0.0006703491527375523,0.00133007015995009,0.0019124571252131738,0.0024256204433055423,0.004839371940886062,0.018703646104443375,0.02314420435796415
2025-04-28 00:00:00+00:00,550.8499755859375,0.000381230772688923,5.1830583703239196e-05,0.00048573885221460237,0.0007221797364407896,0.0019622549146081527,0.0024695840757156464,0.0028834411462371253,0.015116181244921065,0.02301593475763928
2025-04-29 00:00:00+00:00,554.3200073242188,0.006279655066740553,1.453369020449933e-07,5.197592060528419e-05,0.0004858841891166455,0.0013820460805553743,0.00196443304581846,0.0025708094784393566,0.015113148324586335,0.02259806772533028
2025-04-30 00:00:00+00:00,554.5399780273438,0.0003967510937652463,3.943406775724029e-05,3.957940465928528e-05,9.140998836252264e-05,0.0007617591411000751,0.00200183431926744,0.0025170304316680667,0.014903361261362418,0.022578492156569797
2025-05-01 00:00:00+00:00,558.469970703125,0.007061947672627689,1.5741143040391926e-07,3.959147918764421e-05,3.973681608968736e-05,0.0005254756683042899,0.0014216375597430203,0.0025093208918053355,0.004930939340678989,0.022460551973210893
2025-05-02 00:00:00+00:00,566.760009765625,0.014735101628145841,4.987110493093163e-05,5.002851636133555e-05,8.946258411857399e-05,0.0001414385047238583,0.0008117876574614124,0.0020538956299370357,0.0029730490672577447,0.022393091447116847
2025-05-05 00:00:00+00:00,563.510009765625,-0.005750854045355247,0.00021712321999178624,0.00026699432492271785,0.00026715173635311995,0.00030673114101240534,0.0007924699932270095,0.0022689860556205617,0.0028773952825497167,0.022601828034778282
2025-05-06 00:00:00+00:00,558.7999877929688,-0.008393491343563042,3.307232225097881e-05,0.00025019554224276505,0.0003000666471736948,0.00033965812636133915,0.00039163404696662506,0.001721704206916717,0.0028172544902721657,0.022627750939789297
2025-05-07 00:00:00+00:00,561.1500244140625,0.0041966874317331815,7.045069693446772e-05,0.00010352301918544653,0.0003206462391772309,0.0003706747555385666,0.00041025416019785355,0.0011324338966386452,0.0028798382359134984,0.022383137931349117
2025-05-08 00:00:00+00:00,565.0599975585938,0.006943622908377023,1.7612185399667247e-05,8.806288233413497e-05,0.00012113520458511194,0.0003881295295078299,0.00042772100869547586,0.0009136051978121232,0.002392154054513934,0.022394985460042174
2025-05-09 00:00:00+00:00,564.3400268554688,-0.0012749615461116193,4.821389909373819e-05,6.582608449340544e-05,0.0001362767814278713,0.00038647232367063647,0.0004365008400319738,0.0005279108283944982,0.002438335159299412,0.02229895685922355
2025-05-12 00:00:00+00:00,582.989990234375,0.03251306246206731,1.6255269440633306e-06,4.983942603780152e-05,6.745161143746694e-05,0.00017097463062291357,0.0004379689555456332,0.0004777057716353224,0.0018596065152886516,0.02229351081894011
2025-05-13 00:00:00+00:00,586.8400268554688,0.0065822392404975005,0.0010570992306622904,0.0010587247576063538,0.0011069386567000902,0.0011950015390342252,0.001445197081276992,0.001534659665395568,0.002256984738738402,0.022936737031241536
2025-05-14 00:00:00+00:00,587.5900268554688,0.0012772154452020956,4.332587341914511e-05,0.0011004251040814355,0.001102050631025497,0.0011678767155189026,0.0012713997347043506,0.0015385514710574725,0.0020638697279313587,0.022935301687747964
2025-05-15 00:00:00+00:00,590.4600219726562,0.0048724598722342805,1.6312792934627874e-06,4.4957152712607896e-05,0.0011020563833748966,0.0011518958094126983,0.0012399586917468347,0.0015400253389205314,0.001631592738713458,0.022928978054600348
2025-05-16 00:00:00+00:00,594.2000122070312,0.0063140522204223615,2.37408652065333e-05,2.5372144499996086e-05,6.869801791913946e-05,0.0011274227755254933,0.0011932488600189003,0.0015138950991961332,0.0016035030202167521,0.022912922110771818
2025-05-19 00:00:00+00:00,594.8499755859375,0.0010932483080017263,3.9867255442220554e-05,6.360812064875385e-05,6.52393999422149e-05,0.0011656645040236504,0.0012155039300614536,0.0013366391346465673,0.0016432249387569276,0.02039884696380559
2025-05-20 00:00:00+00:00,592.8499755859375,-0.0033678571569133453,1.1951918629486374e-06,4.106244730516919e-05,6.480331251170076e-05,0.00010976046522430865,0.0011684852228306642,0.0013047620042585372,0.0016049860628626362,0.01676074671244299
2025-05-21 00:00:00+00:00,582.8599853515625,-0.016994379563572082,1.1342461829372441e-05,1.2537653692321085e-05,5.240490913453989e-05,7.777705363453598e-05,0.0011782021577159732,0.0012456537691534419,0.0016161711132616045,0.016768910917035588
2025-05-22 00:00:00+00:00,583.0900268554688,0.0003945992615168592,0.00028880893675075644,0.0003001513985801289,0.0003013465904430758,0.00036495471109182964,0.00040991186380443927,0.0015168505205045311,0.0018551089450814294,0.01680849872280519
2025-05-23 00:00:00+00:00,579.1099853515625,-0.006849177458517097,1.5570857718965063e-07,0.0002889646453279461,0.00030030710715731675,0.000341369554462486,0.00036674169896248383,0.0014687923299879825,0.0016381414336668328,0.0068360750992685435
2025-05-27 00:00:00+00:00,591.1500244140625,0.02057741664572621,4.6911231858258726e-05,4.7066940435448374e-05,0.00033587587718620303,0.0003484135308785242,0.00041202165152727976,0.001514078034902178,0.0016519803432741126,0.004875224952774626
2025-05-28 00:00:00+00:00,587.72998046875,-0.005802208072011261,0.0004234300758118101,0.0004703413076700688,0.0004704970162472567,0.0007706484148273856,0.0008117108621325565,0.0008804088800516978,0.002004959722151455,0.004985878023886622
2025-05-29 00:00:00+00:00,590.0499877929688,0.003939632847248298,3.3665618510912636e-05,0.0004570956943227227,0.0005040069261809797,0.0007929715715089259,0.0008055092252012486,0.0008707486251434653,0.0020210131552627006,0.004926330527869004
2025-05-30 00:00:00+00:00,589.3900146484375,-0.0011191297769226338,1.552070697111773e-05,4.9186325482030366e-05,0.0004726164012938387,0.0005196833417292871,0.0008198347403094178,0.0008846380528211202,0.00198831996314008,0.004933984283546988
2025-06-02 00:00:00+00:00,592.7100219726562,0.0056171490582306305,1.2524514575949041e-06,1.6773158428712634e-05,5.0438776939623484e-05,0.0005207800846096924,0.0008097447299376402,0.0008621496390721819,0.0019879468876536116,0.00442994036820535
2025-06-03 00:00:00+00:00,596.0900268554688,0.005686429764165446,3.1552363542381256e-05,3.2804814999976164e-05,4.8325521971092104e-05,0.0005054212162938149,0.0005524881567292649,0.0008538347471723425,0.0009624000205337025,0.004459459937439471
2025-06-04 00:00:00+00:00,595.9299926757812,-0.00026850921633325697,3.233548346278669e-05,6.388784700516796e-05,6.514029846276106e-05,0.0001143266239447915,0.0005846679316148621,0.0008849750387721806,0.0009514096305773441,0.003911441249947435
2025-06-05 00:00:00+00:00,593.0499877929688,-0.004844506320959674,7.209719925589979e-08,3.2407580662042595e-05,6.395994420442206e-05,8.073310263313475e-05,0.0005378287969558592,0.000873704674142064,0.0009498504484831372,0.003251792339934151
2025-06-06 00:00:00+00:00,599.1400146484375,0.010216626235265203,2.3469241493818234e-05,2.3541338693074133e-05,5.5876822155859036e-05,8.868163715583525e-05,0.00013786796263786735,0.0006083649788851258,0.0009495788247704222,0.00303882069720178
2025-06-09 00:00:00+00:00,599.6799926757812,0.0009008492693851622,0.00010437945163110923,0.00012784869312492748,0.00012792079032418157,0.00019180863732934958,0.00020858179575806394,0.0007125887219390454,0.0010140910209593108,0.002709291880321526
2025-06-10 00:00:00+00:00,603.0800170898438,0.005653718851865719,8.115294061517805e-07,0.00010519098103726102,0.00012866022253107745,0.0001610678031931201,0.000193872618193098,0.0006664890194869385,0.0010137073585025141,0.002658272826024439
2025-06-11 00:00:00+00:00,601.3599853515625,-0.0028561537379596658,3.1964536855941823e-05,3.27760662620936e-05,0.00013715551789320106,0.0001606968565862752,0.00022458470359144493,0.0002750234805310702,0.0010343294335290836,0.0026900920259783356
2025-06-12 00:00:00+00:00,603.75,0.003966472456419012,8.157614174860971e-06,4.012215103080279e-05,4.0933680436952784e-05,0.00016878237356188032,0.00020118995422392462,0.00024951547619501854,0.0007536781109531879,0.0026588155723959563
2025-06-13 00:00:00+00:00,597.0,-0.011243091574180575,1.5732903747530674e-05,2.3890517922391643e-05,5.585505477833168e-05,0.00016104603581559274,0.00018458737450866862,0.00024972767297143145,0.0007692553061235289,0.0026743910647130833
2025-06-16 00:00:00+00:00,602.6799926757812,0.009469250387736494,0.00012640710814541023,0.00014214001189294091,0.0001502976260678001,0.00018307369232989373,0.00031092238545482294,0.00037488232965924683,0.0008487511824106804,0.0027509270679275614
2025-06-17 00:00:00+00:00,597.530029296875,-0.008581823000127997,8.966670290564774e-05,0.00021607381105105797,0.00023180671479858687,0.0002719288658293897,0.0003771198468666524,0.0004329966690225133,0.0005149878095045181,0.002623470550841423
2025-06-18 00:00:00+00:00,597.4400024414062,-0.0001506763404073297,7.36476860055259e-05,0.00016331438891117363,0.0002897214970565821,0.0003136120149789738,0.0003463880812410691,0.0004743088715652525,0.0005549698769991313,0.00266404591459597
2025-06-20 00:00:00+00:00,594.280029296875,-0.0053032263725523165,2.2703359558545493e-08,7.367038936508442e-05,0.0001633370922707304,0.00030547710416367136,0.0003455992551944759,0.0004742594777255551,0.0005394718733875721,0.002593617921021061
2025-06-23 00:00:00+00:00,600.1500244140625,0.009829026584036171,2.81242099585344e-05,2.814691331809292e-05,0.00010179459932361706,0.00031786841037467506,0.0003417589282970685,0.0004789144461902713,0.0005663436318885116,0.0026041299455799283
2025-06-24 00:00:00+00:00,606.780029296875,0.010986670773378115,9.660976358968977e-05,0.00012473397354822413,0.00012475667690778092,0.0002880710658189546,0.00043021107771189725,0.00047114475814885186,0.0006314010319358201,0.00265252581007588
2025-06-25 00:00:00+00:00,607.1199951171875,0.0005601216284096822,0.00012070693468260088,0.00021731669827229063,0.00024544090823082327,0.00031911129759590773,0.0005351851086469675,0.0005910401634253009,0.0007197724831556343,0.0027716072178144173
2025-06-26 00:00:00+00:00,611.8699951171875,0.007793376614487535,3.1373623861231404e-07,0.00012102067092121318,0.00021763043451090118,0.00024577734782899415,0.00040909173674016957,0.0005593893628079714,0.0007200141221949907,0.0017148217233907393
2025-06-27 00:00:00+00:00,614.9099731445312,0.004956038292762699,6.0736719055241194e-05,6.105045529385347e-05,0.0001817573899764526,0.0003064913635246768,0.00038016175288976297,0.0006119684676883516,0.0007572815997564136,0.0017322325690268354
2025-06-30 00:00:00+00:00,617.8499755859375,0.004769798075327181,2.456231555933021e-05,8.529903461457138e-05,8.561277085318192e-05,0.00030292946912547264,0.00033107638244356735,0.0006207978795001512,0.0006774644636846348,0.0017551636052927028
2025-07-01 00:00:00+00:00,617.6500244140625,-0.0003236765254888141,2.2750973679394877e-05,4.731328923872506e-05,0.00010805000829396448,0.00022907067921517773,0.00035380465276340365,0.0005171417450341358,0.0006994039079578777,0.0017541737137655644
2025-07-02 00:00:00+00:00,620.4500122070312,0.0045230473849446895,1.0476649315251092e-07,2.2855740172547362e-05,4.7418055731875805e-05,0.00010846851102572937,0.0003257852092980217,0.0004275798086216406,0.0006675441375950884,0.0017144112248164965
2025-07-03 00:00:00+00:00,625.3400268554688,0.007850503872321113,2.0457957646454995e-05,2.056272413960748e-05,4.331369781900059e-05,0.00012861273243357205,0.000249633403354787,0.0003743900802625697,0.0006798444810666826,0.0017336739906000027
2025-07-07 00:00:00+00:00,620.6799926757812,-0.0074799053524596815,6.163041104932879e-05,8.208836869578376e-05,8.21931351889345e-05,0.00012950642442765965,0.00019055687972151488,0.0004359977879523399,0.0007257419883684806,0.001783961939819959
2025-07-08 00:00:00+00:00,620.3400268554688,-0.0005478812967822932,5.594898408175499e-05,0.00011757939513108376,0.00013803735277753698,0.00016089309295008443,0.00024619212756465757,0.00046382256207556054,0.0006552838643048253,0.0015511019871509576
2025-07-09 00:00:00+00:00,624.0599975585938,0.005978755562775717,3.0017391536384727e-07,5.624915799711881e-05,0.00011787956904644583,0.0001384422931860534,0.0001857555824247802,0.0003675129724012346,0.0005659173353145415,0.001551246452489132
2025-07-10 00:00:00+00:00,625.8200073242188,0.0028162878388942048,3.5745518079421585e-05,3.6045691994785405e-05,9.199467607653864e-05,0.00017408304477232247,0.0001969387849448716,0.0002825515557980553,0.0005280151673884372,0.0015400807387102946
2025-07-11 00:00:00+00:00,623.6199951171875,-0.0035216008393907927,7.931477191503391e-06,4.367699527092495e-05,4.397716918628703e-05,0.0001615565643173709,0.0001821192884569801,0.0002901692967509464,0.000535923941220382,0.0011245821400899878
2025-07-14 00:00:00+00:00,624.8099975585938,0.0019063989311298712,1.2401672471997936e-05,2.03331496635013e-05,5.6078667742921124e-05,0.00011232782574004002,0.00019441619443582553,0.00024183425016770314,0.0005202014037338456,0.0011033181940510732
2025-07-15 00:00:00+00:00,622.1400146484375,-0.004282428268111538,3.6343568846131157e-06,1.6036029356611025e-05,2.3967506548112655e-05,6.0013198542898156e-05,0.00017759259367398366,0.00022090629149298604,0.0004272259970287689,0.0010914318439645687
2025-07-16 00:00:00+00:00,624.219970703125,0.003337652058813312,1.8339191871520786e-05,2.1973548756133874e-05,3.437522122813005e-05,7.80522164990551e-05,0.00013430137449617563,0.00021649450968511195,0.0003248582542176888,0.0011085185843784946
2025-07-17 00:00:00+00:00,628.0399780273438,0.006101000318944116,1.113992126570074e-05,2.94791131372215e-05,3.311347002183285e-05,5.3446619685334245e-05,8.94923116801214e-05,0.00022752966445766017,0.0003356844392447772,0.001088106142101814
2025-07-18 00:00:00+00:00,627.5800170898438,-0.0007326435702887935,3.722220489175621e-05,4.836212615745692e-05,6.670131802897594e-05,8.273734738558706e-05,0.00012641434265651377,0.00024429391170296136,0.0003121699250812922,0.0010929928635307836
2025-07-21 00:00:00+00:00,628.77001953125,0.0018943809648543919,5.367666010855103e-07,3.775897149284169e-05,4.889889275854067e-05,7.087244151467464e-05,9.120559117817768e-05,0.0001832002672547181,0.00028814437612304753,0.0010934575329326131
2025-07-22 00:00:00+00:00,628.8599853515625,0.00014307200069385573,3.588679240002657e-06,4.12544584108814e-06,4.1347650732842586e-05,7.082676387006418e-05,8.686279322667695e-05,0.00013083996241296575,0.00026898208168365536,0.0010735769706787977
2025-07-23 00:00:00+00:00,634.2100219726562,0.008471531405706223,2.0469597382542652e-08,3.609148837385172e-06,4.145915438468921e-06,5.2508041595925935e-05,7.448159035206155e-05,0.00013056025809498448,0.0002688977847878853,0.0009692179886450708
2025-07-24 00:00:00+00:00,634.4199829101562,0.0003310042149538006,7.176684435786686e-05,7.178731395524938e-05,7.537599319525028e-05,0.00011313496468809205,0.0001426140778253153,0.00016658158437342973,0.0003202066714992972,0.001040173303596786
2025-07-25 00:00:00+00:00,637.0999755859375,0.004215422064667074,1.0956379031718184e-07,7.187640814818402e-05,7.189687774556481e-05,7.602232358665304e-05,0.0001243844497441117,0.00015875967097224352,0.0002586858242402856,0.0010083183305311613
2025-07-28 00:00:00+00:00,636.9400024414062,-0.00025112735570509415,1.7769783183282013e-05,1.7879346973599167e-05,8.964619133146426e-05,9.325534016884954e-05,0.00013101431166169297,0.0001641277816835276,0.0002205066233418126,0.0010179304995395824
2025-07-29 00:00:00+00:00,635.260009765625,-0.0026410841631854254,6.306494878343288e-08,1.7832848132065417e-05,1.7942411922380837e-05,8.972972587763031e-05,9.385517171872019e-05,0.00016055648974769792,0.00022026951437523223,0.001002260660740835
2025-07-30 00:00:00+00:00,634.4600219726562,-0.0012601012488229202,6.975325557028859e-06,7.038390505812265e-06,2.4808173689092518e-05,9.668458183727663e-05,0.00010029373067466354,0.000149192623433206,0.00019149932185283947,0.0008828288781524537
2025-07-31 00:00:00+00:00,632.0800170898438,-0.003758282582168704,1.587855157285083e-06,8.563180714313914e-06,8.626245663095586e-06,2.650559263669485e-05,9.829290659194596e-05,0.00013964055732479033,0.00018515569981862118,0.0007947500304040911
2025-08-01 00:00:00+00:00,621.719970703125,-0.016526211959548398,1.412468796743266e-05,1.5712543124717714e-05,2.268786868174481e-05,4.0520716813810326e-05,0.00011239712496199609,0.00011654304040046678,0.0001868787153140559,0.0007352270323659979
2025-08-04 00:00:00+00:00,631.1699829101562,0.015085429316188836,0.0002731156817319205,0.0002872403696993532,0.0002888282248566365,0.0002958666153624488,0.00031374596233604975,0.0003891219555313018,0.00045636004016136333,0.00100832001073836
2025-08-05 00:00:00+00:00,627.969970703125,-0.005082864835386225,0.00022757017765372958,0.00050068585938565,0.0005148105473530809,0.0005233737280673949,0.0005412065761994621,0.0006131034539450287,0.000665591025943572,0.001207765978433555
2025-08-06 00:00:00+00:00,632.780029296875,0.007630508716871098,2.5835514934805834e-05,0.00025340569258853535,0.0005265213743204543,0.0005422339174451721,0.0005492723079509861,0.000638918499282452,0.0006802866196126772,0.001136991729778671
2025-08-07 00:00:00+00:00,632.25,-0.0008379711399975065,5.8224663278245814e-05,8.40601782130516e-05,0.00031163035586677943,0.0005988707255661327,0.0006074339062804484,0.000625376318202831,0.0007012890779991668,0.0010745094583743161
2025-08-08 00:00:00+00:00,637.1799926757812,0.007767293178963186,7.021956314687207e-07,5.892685890971448e-05,8.476237384451857e-05,0.0005854482332301687,0.0006011607763548881,0.0006259689500439826,0.00070145450702955,0.0010748979177671724
2025-08-11 00:00:00+00:00,635.9199829101562,-0.001979436338384488,6.033084332796804e-05,6.103303895943671e-05,0.00011925770223768079,0.0003726633948262163,0.0006599037645255712,0.0006685300101886686,0.0007581966711175153,0.0010744920420398991
2025-08-12 00:00:00+00:00,642.6900024414062,0.010589754305315502,3.91816821771699e-06,6.424901154568498e-05,6.495120717715196e-05,0.00014901138539020372,0.0006496972447758555,0.0006723851134576021,0.0007620943697378498,0.0010538478946982858
2025-08-13 00:00:00+00:00,644.8900146484375,0.003417285634725431,0.00011214289624694821,0.00011606106446466515,0.00017639190779263146,0.0002353187667023461,0.0004887244592908832,0.0007775526841475214,0.0008024704216269312,0.0011432398172658395
2025-08-14 00:00:00+00:00,644.9500122070312,9.30310075473173e-05,1.1677841109300792e-05,0.00012382073735624894,0.0001277389055739642,0.00018877194453340105,0.0002728321227464544,0.0007876426700995371,0.0008140386989459148,0.0011548128918819878
2025-08-15 00:00:00+00:00,643.4400024414062,-0.0023440269481254106,8.654768365269008e-09,1.1686495877666006e-05,0.00012382939212461248,0.00018807840367029763,0.00024700526258001384,0.0007735266369004697,0.0007962775705309981,0.001134363589003898
2025-08-18 00:00:00+00:00,643.2999877929688,-0.00021762694880500533,5.494462333538126e-06,5.503117101903341e-06,1.71809582112024e-05,0.00013324202267586772,0.00019427506163530617,0.0005059054175020873,0.0008017089679157528,0.0010782276402881072
2025-08-19 00:00:00+00:00,639.8099975585938,-0.005439905979530479,4.736148884617641e-08,5.541823822384248e-06,5.550478590747783e-06,0.0001293712159469969,0.0001936202274926836,0.00027838260133720397,0.0007947810038475701,0.0010223260176951984
2025-08-20 00:00:00+00:00,638.1099853515625,-0.002660594141413064,2.9592577066131463e-05,2.9639938554977584e-05,3.5134400888513974e-05,4.682089676618014e-05,0.00016288196123084704,0.0002821396634685296,0.0008227857257564164,0.001051618420845966
2025-08-21 00:00:00+00:00,635.5499877929688,-0.004019912786724866,7.078761185321519e-06,3.667133825145293e-05,3.671869974029737e-05,4.2221816842200875e-05,0.00016604255419845154,0.00023099376137560533,0.0008157397989743053,0.001022951663951866
2025-08-22 00:00:00+00:00,645.3099975585938,0.015240071172987868,1.615969881287408e-05,2.3238459998195544e-05,5.283103706432528e-05,5.837286088670969e-05,7.005935676437743e-05,0.00024645126455701065,0.0005587838160552588,0.0010311798855732366
2025-08-25 00:00:00+00:00,642.469970703125,-0.00441074023477217,0.00023225976935773582,0.00024841946817060986,0.00025549822935592965,0.0002851381679109074,0.00029064128501281246,0.00041838019058677844,0.000563473407759265,0.0012510379824589744
2025-08-26 00:00:00+00:00,645.1599731445312,0.004178228951063012,1.945462941863806e-05,0.00025171439877637384,0.0002678740975892462,0.0003045454358406993,0.00031008725966308526,0.0004339166517876995,0.0005570925222430973,0.0012668582549929996
2025-08-27 00:00:00+00:00,646.6300048828125,0.0022759618790200165,1.745759716750112e-05,3.691222658613912e-05,0.00026917199594387323,0.00029241045594206893,0.00032205039449704825,0.0003392313527082524,0.0005163254561323526,0.0012659766602889798
2025-08-28 00:00:00+00:00,648.9199829101562,0.003535147904431213,5.180002474752324e-06,2.263759964225339e-05,4.209222906088971e-05,0.0002905116972314997,0.0003271830354829544,0.00033273351407370395,0.0005208032629756362,0.0012600167414980315
2025-08-29 00:00:00+00:00,645.0499877929688,-0.005981601959390126,1.2497270706204395e-05,1.7677273180956663e-05,3.513487034845605e-05,0.00028684926912483005,0.0003100877291230273,0.00034522213001154304,0.00047296969035387254,0.0012352918073124798
2025-09-02 00:00:00+00:00,640.27001953125,-0.007437821352794138,3.577956200057979e-05,4.827683270678413e-05,5.345683518153473e-05,9.036906176767401e-05,0.0003387885299382856,0.00037550722967858477,0.0005048310841367353,0.001270534602711974
2025-09-03 00:00:00+00:00,643.739990234375,0.005404909812383174,5.532118647608043e-05,9.110074847666017e-05,0.00010359801918286284,0.00012623561882511638,0.000377950017601492,0.000430781054665819,0.0004480093743658676,0.0013222671099480518
2025-09-04 00:00:00+00:00,649.1199951171875,0.00832268922936219,2.921305007999592e-05,8.45342365560763e-05,0.00012031379855665435,0.00013799107173761117,0.00017490329832375203,0.0004304015276796835,0.0004655445833365627,0.001351459690430665
2025-09-05 00:00:00+00:00,647.239990234375,-0.0029004384924311566,6.926715600854141e-05,9.848020608853729e-05,0.00015380139256461597,0.00020207822527140026,0.0002247158249136554,0.0004925899225029034,0.0005348030845767389,0.0013489600020813396
2025-09-08 00:00:00+00:00,648.8300170898438,0.002453613839030311,8.41254344837632e-06,7.767969945691768e-05,0.00010689274953691187,0.0001979934980135722,0.0002156707711945306,0.0004848427671384056,0.0005377211656915771,0.0013572629817393987
2025-09-09 00:00:00+00:00,650.3300170898438,0.0023091853614305435,6.02022087108106e-06,1.4432764319457326e-05,8.369992032799701e-05,0.00016823415688407346,0.00021651098959085932,0.00025860321865175083,0.0005436940250738119,0.0013455134194271976
2025-09-10 00:00:00+00:00,652.2100219726562,0.0028866770032767164,5.33233703344511e-06,1.1352557904526114e-05,1.9765101352900713e-05,0.00011824530744143816,0.00020934605591810005,0.0002444809262665579,0.0005194337850411256,0.0013507826915118595
2025-09-11 00:00:00+00:00,657.6300048828125,0.008275840916968313,8.332904121246644e-06,1.3665241154691699e-05,1.9685462025771038e-05,9.736516148268886e-05,0.0001818993980387669,0.0002353562332203034,0.0005206879279770507,0.0013521402700760773
2025-09-12 00:00:00+00:00,657.4099731445312,-0.0003346388611920048,6.848954288296693e-05,7.682244700421353e-05,8.215478403765691e-05,9.658754835711438e-05,0.0001950677544456534,0.000298665773628518,0.0005730177720471435,0.0014190419578017591
2025-09-15 00:00:00+00:00,660.9099731445312,0.005309800906971418,1.1198316741988187e-07,6.860152605038677e-05,7.693443017163169e-05,8.828698807615795e-05,0.00016596668753307738,0.0002862804860897335,0.0003408699858568276,0.0014050292530017464
2025-09-16 00:00:00+00:00,660.0,-0.0013777975895168382,2.8193985671674495e-05,2.8305968839094323e-05,9.679551172205954e-05,0.00011046075287675139,0.00012489351719621044,0.00027869490976082815,0.000349609342109864,0.0011601075569415001
2025-09-17 00:00:00+00:00,659.1799926757812,-0.0012432078024016135,1.8983261976784096e-06,3.009231186935285e-05,3.0204295036771013e-05,0.00010702674204098468,0.00011837929994551253,0.00022527204948242618,0.0003340500711400413,0.0009344357054854492
2025-09-18 00:00:00+00:00,662.260009765625,0.004661615603763103,1.5455656399522493e-06,3.4438918376306047e-06,3.1637877509303375e-05,0.00010023940355969029,0.00011390464471438373,0.00019760456504238253,0.0003304156343052412,0.0009101457561905956
2025-09-19 00:00:00+00:00,663.7000122070312,0.002172015722439191,2.173066003724764e-05,2.3276225677199834e-05,2.5174551874876523e-05,5.3480520713970995e-05,0.00013030296771818624,0.00015006806907108875,0.00033964902363628447,0.0008736517529495973
2025-09-22 00:00:00+00:00,666.8400268554688,0.0047199188082895915,4.717652298523041e-06,2.6448312335770625e-05,2.7993877975721152e-05,5.8086189845074156e-05,0.00012668771589546265,0.00014637317792123546,0.0003085871139342278,0.0008776672096166517
2025-09-23 00:00:00+00:00,663.2100219726562,-0.005458462106667561,2.2277633556845838e-05,2.6995285855368823e-05,4.872594589261474e-05,5.216983773024549e-05,8.047580656934155e-05,0.00016263059060700024,0.0002755435610149932,0.0008396139998455295
2025-09-24 00:00:00+00:00,661.0999755859375,-0.0031866378358165193,2.9794808569925668e-05,5.207244212677145e-05,5.679009442529277e-05,8.006632010249276e-05,0.00011015863197184734,0.0001870930621434808,0.0002761253195049229,0.0008654906401977381
2025-09-25 00:00:00+00:00,658.0499877929688,-0.004624179680054574,1.0154660696657389e-05,3.9949469266583e-05,6.222710282342711e-05,8.86754151591979e-05,9.211930699683024e-05,0.00018891481871889155,0.0002170128241930389,0.0007635024046474474
2025-09-26 00:00:00+00:00,661.8200073242188,0.005712728978095605,2.1383037713429624e-05,3.153769841008696e-05,6.133250698001091e-05,8.832779283537988e-05,0.00011160401851258145,0.00014180831354935423,0.00022998331845809218,0.0007732076012515762
2025-09-29 00:00:00+00:00,663.6799926757812,0.002806467857221051,3.2635272377173254e-05,5.401831009060282e-05,6.417297078725849e-05,0.0001162454129140301,0.00014269372524980246,0.0001743316027591076,0.00025659836996418437,0.0008058342188603842
2025-09-30 00:00:00+00:00,666.1799926757812,0.003759798734535913,7.876261833614918e-06,4.051153421078812e-05,6.189457192421602e-05,0.00010184404119079918,0.00012883932704616972,0.00015401387892104802,0.00025914229476435417,0.000808216018360461
2025-10-01 00:00:00+00:00,668.4500122070312,0.003401724390952765,1.4136086524217853e-05,2.2012348357832718e-05,5.464762073500425e-05,8.618531914509135e-05,0.00013825776127186453,0.00016625163924758747,0.0002649454771673254,0.0008223047433958327
2025-10-02 00:00:00+00:00,669.219970703125,0.0011511936291652702,1.157172883200296e-05,2.570781535622076e-05,3.3584077189833954e-05,8.760238728043693e-05,0.00012755185654702168,0.0001762778024396382,0.00020802766311636144,0.0008042838951617041
2025-10-03 00:00:00+00:00,669.2100219726562,-1.4866269469671067e-05,1.3252467718307057e-06,1.2896975603833612e-05,2.703306212804974e-05,6.754459633883801e-05,9.908229474892669e-05,0.00015587238917422124,0.00020924092672077225,0.0007985303807482134
2025-10-06 00:00:00+00:00,671.6099853515625,0.003579848046447509,2.2100596794487407e-10,1.3254677777985964e-06,1.2897196609799835e-05,3.49095449676327e-05,8.892785505823725e-05,0.00015115495788166615,0.0001810471620550657,0.0007823709029413072
2025-10-07 00:00:00+00:00,669.1199951171875,-0.0037143841540672184,1.2815312035654048e-05,1.2815533041621938e-05,1.4140779813450923e-05,3.984859516967183e-05,8.036012938046169e-05,0.00014169263636047436,0.00019196414789304135,0.0005629264456192254
2025-10-08 00:00:00+00:00,673.1099853515625,0.00594533283456844,1.3796649643985646e-05,2.6611961679639642e-05,2.6612182685605862e-05,3.9509158289439625e-05,6.152150664727407e-05,0.00012569447743453432,0.00020421523189707473,0.0005572684658445731
2025-10-09 00:00:00+00:00,671.1599731445312,-0.002901223169488709,3.53469825137976e-05,4.914363215778319e-05,6.195894419343552e-05,6.328441197123427e-05,8.899222732745675e-05,0.00015088679925167453,0.00021783155437362468,0.0005751578511908695
2025-10-10 00:00:00+00:00,653.02001953125,-0.0273997320200996,8.417095879178111e-06,4.3764078392975654e-05,5.756072803695958e-05,7.037626107858168e-05,8.327323668241702e-05,0.00013792085741742304,0.00022153099795427976,0.0005783949445952953
2025-10-13 00:00:00+00:00,663.0399780273438,0.015227500463862675,0.0007507453147732712,0.0007591624106524492,0.0007945093931662451,0.000821121354845885,0.0008224468226236852,0.0008560308998135209,0.0009499986791707051,0.001316642988662362
2025-10-14 00:00:00+00:00,662.22998046875,-0.0012223889242513053,0.000231876770376938,0.000982622085150209,0.0009910391810293855,0.0010401828131871688,0.0010529983462287925,0.001080031408356844,0.0011520806409777175,0.0015127401970387202
2025-10-15 00:00:00+00:00,665.1699829101562,0.004429723263551288,1.4942346821322634e-06,0.00023337100505907015,0.0009841163198323398,0.0010278803982253155,0.0010544923599049567,0.0010673895565147585,0.0011434202149631925,0.0014589132452447722
2025-10-16 00:00:00+00:00,660.6400146484375,-0.0068335370801655415,1.9622448191647477e-05,2.1116682873779633e-05,0.000252993453250716,0.0010121558639031652,0.00106129949606095,0.0010754402758744027,0.0011416596254414102,0.0014493226433564235
2025-10-17 00:00:00+00:00,664.3900146484375,0.00566026418894694,4.6697229025997396e-05,6.631967721764477e-05,6.78139118997754e-05,0.0010504359970499846,0.001094200075442962,0.0011208122581285696,0.0011557215820902343,0.0014267527163738796
2025-10-20 00:00:00+00:00,671.2999877929688,0.010346764260710906,3.203859068867516e-05,7.873581971467244e-05,9.83582679063183e-05,0.0003317292729653887,0.0010908916836178395,0.0011528506278112767,0.0011798839109452945,0.0014503787636141784
2025-10-21 00:00:00+00:00,671.2899780273438,-1.4911128311645427e-05,0.0001070555306667245,0.00013909412135539956,0.00018579135038139532,0.00020690803325517515,0.0011895301184053858,0.0012470908464423472,0.0012728033550878013,0.001551414073409822
2025-10-22 00:00:00+00:00,667.7999877929688,-0.0052124924021450525,2.223417475263538e-10,0.00010705575300847191,0.00013909434369714546,0.00020541402091479044,0.0004387850259738623,0.0012332944191401094,0.0012612318485975458,0.0015460819587181244
2025-10-23 00:00:00+00:00,671.760009765625,0.005912439182597318,2.71700770424199e-05,2.7170299384167318e-05,0.0001342258300508902,0.00021296164976556284,0.00023407833263934421,0.0012251175136687314,0.001287076678868135,0.0015649191316392977
2025-10-24 00:00:00+00:00,677.25,0.00813933255252497,3.495693708791204e-05,6.212701413033183e-05,6.212723647207773e-05,0.0002012213578274775,0.00026754103504512397,0.0012516573548774653,0.0013220333949500792,0.0015313865258442427
2025-10-27 00:00:00+00:00,685.239990234375,0.011728646645659424,6.624873440059263e-05,0.00010120567148850456,0.00012837574853092284,0.00023543150153939495,0.00031416732125406915,0.0005671607745047868,0.0013754668173150176,0.0015975232770774155
2025-10-28 00:00:00+00:00,687.0599975585938,0.002652493489028629,0.00013756115213873807,0.0002038098865393306,0.00023876682362724102,0.00026593712301140857,0.0004050312443668098,0.0004728451562665869,0.00149923131980977,0.001706890443544479
2025-10-29 00:00:00+00:00,687.3900146484375,0.0004802169496960218,7.035721709339269e-06,0.00014459687384807724,0.00021084560824866823,0.0002729726223790003,0.00038002837538747395,0.00047838664329379396,0.0014709200590053116,0.0017120278390561398
2025-10-30 00:00:00+00:00,679.8300170898438,-0.011059045996238304,2.3060831877535152e-07,7.266330028114485e-06,0.00014482748216685092,0.00024603315365535574,0.00027320345303952475,0.0004589948034209218,0.001462733571444909,0.0017107128817349631
2025-10-31 00:00:00+00:00,682.0599975585938,0.0032748348805329286,0.00012230249834691446,0.00012253310666568968,0.00012956882837502734,0.00033337871491435813,0.0003955057290446917,0.0005346000727418389,0.0008342907550185521,0.0018112847200446299
2025-11-03 00:00:00+00:00,683.3400268554688,0.0018749518807332777,1.072454349475512e-05,0.00013302704184166945,0.00013325765016044318,0.00027785452400852067,0.0003790601954970269,0.0005132860255479189,0.0006131385281363692,0.0018172916112408617
2025-11-04 00:00:00+00:00,675.239990234375,-0.011924410043879341,3.515444555065255e-06,1.423998804982024e-05,0.0001365424863967331,0.00014380881642484783,0.0003476187029641801,0.00040974593943625957,0.0006151597380093023,0.0017985294222390813
2025-11-05 00:00:00+00:00,677.5800170898438,0.0034594834147796405,0.0001421915548945705,0.00014570699944963563,0.00015643154294438916,0.0002789646496100791,0.00042356152345815804,0.0005519372719890826,0.0007377288447122253,0.0019109261685637262
2025-11-06 00:00:00+00:00,670.3099975585938,-0.010787363881969547,1.1968025497135402e-05,0.0001541595803917058,0.00015767502494676945,0.00029070206678843914,0.0002979683968165554,0.0005367352204437981,0.0007029996411833633,0.001912739533364204
2025-11-07 00:00:00+00:00,670.969970703125,0.0009840946162027464,0.0001163672195220211,0.00012833524501915637,0.0002705267999137253,0.00028476678796354575,0.0004072998946292372,0.0006181455028779071,0.0007873282700167092,0.0020077237151727954
2025-11-10 00:00:00+00:00,681.4400024414062,0.015483826837869863,9.684422136392308e-07,0.0001173356617356602,0.000129303687232794,0.0002750106866824299,0.0004080377285241011,0.0005528652106909538,0.000681241181563624,0.0019760568850092615
2025-11-11 00:00:00+00:00,683.0,0.002286649813170172,0.00023974889354513903,0.00024071733575877814,0.0003570845552807976,0.0005112441356725036,0.0005254841237223257,0.0006550529520973547,0.0009209898527670155,0.002207929516720786
2025-11-12 00:00:00+00:00,683.3800048828125,0.0005562213897327695,5.228767368071181e-06,0.0002449776609132101,0.0002459461031268477,0.0003742813481460043,0.0005199883475956417,0.0006532459977560866,0.0008990485430926667,0.002199022197564639
2025-11-13 00:00:00+00:00,672.0399780273438,-0.016733251094780854,3.0938223439625343e-07,5.538149602467299e-06,0.00024528704314760475,0.0003626227048832652,0.0005167822852749727,0.0006533247716717075,0.0008644009882391511,0.002187759850967032
2025-11-14 00:00:00+00:00,671.9299926757812,-0.0001636723352538283,0.0002800016922009847,0.0002803110744353808,0.0002855398418034504,0.0005262571775622287,0.0006545924225813868,0.0008110239655257777,0.001078153946039543,0.0024664362963961865
2025-11-17 00:00:00+00:00,665.6699829101562,-0.009360130957200674,2.6788633327441564e-08,0.000280028480834312,0.0002803378630687067,0.0005253155239819169,0.000642651185717579,0.0008003262106643501,0.0009406195825341324,0.0024664628640235454
2025-11-18 00:00:00+00:00,660.0800170898438,-0.008432960886636032,8.761205153594641e-05,8.763884016927374e-05,0.00036764053237025684,0.0003731786819727244,0.0006138960177315043,0.0008844228176452312,0.0010211959123607396,0.002541259603523838
2025-11-19 00:00:00+00:00,662.6300048828125,0.003855706707772022,7.111482931553317e-05,0.00015872688085147947,0.00015875366948480535,0.0004390647439201864,0.0006840424048333981,0.0008133460920661938,0.0010920801333574972,0.0025985777831953856
2025-11-20 00:00:00+00:00,652.530029296875,-0.015359612345631213,1.4866474216358164e-05,8.598130353189122e-05,0.00017359335506783604,0.00045362183590214825,0.0004591599855046173,0.0008162445407854167,0.000984644109226941,0.0025780972748979465
2025-11-21 00:00:00+00:00,659.030029296875,0.009911941392574342,0.00023591769140806677,0.0002507841656244248,0.0003218989949399564,0.0004095378351092303,0.0006898489095446129,0.0009357950126714623,0.0012098372571402527,0.0028055978704268347
2025-11-24 00:00:00+00:00,668.72998046875,0.014611260573103024,9.824658216982857e-05,0.0003341642735778952,0.0003490307477942518,0.0005077576286457315,0.0007877861094800452,0.0010330731526276516,0.001304568394755016,0.0021530991378233924
2025-11-25 00:00:00+00:00,675.02001953125,0.009361986983068782,0.0002134889355351149,0.0003117355177049434,0.0005476532091130085,0.0006336345126448999,0.0007212733528141754,0.0010068131946176274,0.0013758657753955602,0.002134711302981569
2025-11-26 00:00:00+00:00,679.6799926757812,0.0068797393999453504,8.764680027114931e-05,0.0003011357358062641,0.0003993823179760911,0.0006501664836005161,0.0008088933644519973,0.0010892312275207056,0.0014515445501695745,0.0022208638685705866
2025-11-28 00:00:00+00:00,683.3900146484375,0.005443639892849461,4.733081421116041e-05,0.00013497761448230965,0.0003484665500174229,0.0006826308235953184,0.0007686121271272113,0.0011362526594974698,0.0013825081448587135,0.0022485722345900994
2025-12-01 00:00:00+00:00,680.27001953125,-0.004575921392619975,2.9633215283022094e-05,7.696402949418242e-05,0.00016461082976533013,0.0004763463474702737,0.0007271305130947003,0.0008858841825795073,0.0014111729179280964,0.002231508220847124
2025-12-02 00:00:00+00:00,681.530029296875,0.001850506799836893,2.093905659143713e-05,5.0572271874459147e-05,9.790308608561795e-05,0.0003990388218918822,0.0007332030954697792,0.000906796450537617,0.0011923630809743946,0.002220408686749886
2025-12-03 00:00:00+00:00,683.8900146484375,0.0034567936981231284,3.4243754162425783e-06,2.4363432007679626e-05,5.399664729070012e-05,0.0001889742617730099,0.000500709779477955,0.0008226087744179131,0.001190558689022566,0.0021167775314994038
2025-12-04 00:00:00+00:00,684.3900146484375,0.000730844580860257,1.1949422671383774e-05,1.537379808762627e-05,3.6312854679061804e-05,0.00011327688417324436,0.0004144126199795102,0.0007634433677737637,0.0012021987294595536,0.00212872673182904
2025-12-05 00:00:00+00:00,685.6900024414062,0.0018976821307941094,5.341338013728048e-07,1.2483556472756498e-05,1.5907931888997476e-05,6.648020376345675e-05,0.0002014578182457681,0.0007491110273587783,0.0009227311710599416,0.002102090788587993
2025-12-08 00:00:00+00:00,683.6300048828125,-0.003008791373297015,3.6011974695352714e-06,4.135331270907995e-06,1.6084753942290168e-05,4.044818594996993e-05,0.00011741221544415406,0.0005167945334202469,0.0009263055798961495,0.0020707350489696163
2025-12-09 00:00:00+00:00,683.0399780273438,-0.0008634518932950641,9.052825528026539e-06,1.2654022997561728e-05,1.3188156798932934e-05,2.8561954886559343e-05,7.91342267610202e-05,0.0004276007767784448,0.0008477463538882296,0.0020135391400970502
2025-12-10 00:00:00+00:00,687.5700073242188,0.006610262351014029,7.455491720348308e-07,9.798374700061289e-06,1.3399572169594959e-05,2.5883128642351596e-05,5.024656065003293e-05,0.00021485739041536474,0.0007773770737447312,0.001876723537130347
2025-12-11 00:00:00+00:00,689.1699829101562,0.0023242969879424535,4.3695568349233515e-05,4.444111752126827e-05,5.34939430492932e-05,5.7629274320201334e-05,7.300307240782932e-05,0.00017090615849344896,0.0008062061678776066,0.0019133833837702413
2025-12-12 00:00:00+00:00,681.760009765625,-0.010810246103951648,5.402356488158362e-06,4.90979248373918e-05,4.9843474009425024e-05,6.249749700698688e-05,7.498105347974509e-05,0.0001289777007704469,0.0005756908329576982,0.0019185551319396241
2025-12-15 00:00:00+00:00,680.72998046875,-0.001511981006077967,0.00011686142082800179,0.00012226377731616007,0.00016595934566539198,0.0001757577203654534,0.0001798930516363631,0.0002162059063154266,0.0005943056716158715,0.0019131140544207115
2025-12-16 00:00:00+00:00,678.8699951171875,-0.0027360790604626928,2.286086562740541e-06,0.00011914750739074224,0.000124549863878899,0.0001689909814001674,0.00018164500439773085,0.00019755293628672999,0.0003831028226434971,0.001904675597488697
2025-12-17 00:00:00+00:00,671.4000244140625,-0.011064523100349,7.4861286251024115e-06,9.772215187842872e-06,0.00012663363601584307,0.000175731560853235,0.00018552993555329798,0.00020161468949558983,0.0003029421509974502,0.0019086462815587342
2025-12-18 00:00:00+00:00,676.469970703125,0.007522936512216916,0.00012242367143815665,0.000129909800063259,0.00013219588662599793,0.00025445966394215815,0.0002989007814634281,0.00031208893826236274,0.0003780350082244465,0.0018888783981023203
2025-12-19 00:00:00+00:00,680.5900268554688,0.006072051078881202,5.659457376684641e-05,0.00017901824520500298,0.0001865043738301038,0.0003056518812208462,0.0003547498060582397,0.00036814937822783633,0.00040499636670827076,0.0019335049463720315
2025-12-22 00:00:00+00:00,684.8300170898438,0.006210548734108201,3.686980430454237e-05,9.34643780713887e-05,0.00021588804950954375,0.00022566026469738674,0.00034792404201354856,0.0004014179850628434,0.000420927114421376,0.0018540075311545526
2025-12-23 00:00:00+00:00,687.9600219726562,0.004560071413091116,3.857091557873298e-05,7.544071988327527e-05,0.00013203529365012008,0.00026194509371337915,0.00038109260110412316,0.00043093607511354986,0.00045607365458386637,0.0018916100045196463
2025-12-24 00:00:00+00:00,690.3800048828125,0.003511449061324612,2.0794251292490805e-05,5.9365166871223706e-05,9.623497117576448e-05,0.00027525321638076757,0.0002850254315686122,0.0004509847772340058,0.0004649184832049734,0.0016726553622669982
2025-12-26 00:00:00+00:00,690.3099975585938,-0.00010140918548717792,1.2330274510277498e-05,3.312452580276822e-05,7.16954413814996e-05,0.00016515981945288845,0.0002950696195161491,0.00041961948339504983,0.0004767146239138781,0.0016797568694092043
2025-12-29 00:00:00+00:00,687.8499755859375,-0.003570013109276182,1.0283822901172857e-08,1.2340558333178589e-05,3.3134809625667796e-05,0.0001085755295089432,0.00028759377471394794,0.0004142274107297926,0.00047312371026724404,0.0016794577709977093
2025-12-30 00:00:00+00:00,687.010009765625,-0.0012218930418645968,1.2744993600403794e-05,1.2755277423304885e-05,2.5085551933580783e-05,8.445071880480462e-05,0.00017791509687619503,0.0003101109835021946,0.0004768158783396213,0.0014122010723971283
2025-12-31 00:00:00+00:00,681.9199829101562,-0.00743653852295445,1.4930226057571173e-06,1.423801620616083e-05,1.4248300029060403e-05,4.7372825831828757e-05,0.00012281354571510575,0.00030931791954521117,0.00047756335177334355,0.0014136673063695582
2026-01-02 00:00:00+00:00,683.1699829101562,0.0018313816388202397,5.5302105203385554e-05,5.679512780914259e-05,6.954012140954479e-05,8.18806797427235e-05,0.00014124584661394892,0.00035713389612349435,0.0004891698886274956,0.0013813573600369971
2026-01-05 00:00:00+00:00,687.719970703125,0.006638030263930617,3.353958707007907e-06,5.865606391039338e-05,6.0149086516148896e-05,7.290436393945391e-05,0.00010602888974222385,0.0002380641833923456,0.00048712149084634515,0.001313596489428472
2026-01-06 00:00:00+00:00,691.8099975585938,0.005929612162751674,4.406344578485877e-05,4.741740449186659e-05,0.00010271950969525055,0.0001169575259014115,0.00012929808423459182,0.00022553305541035798,0.00041432351580320215,0.0013427934609969727
2026-01-07 00:00:00+00:00,689.5800170898438,-0.003228606522696076,3.5160300400652584e-05,7.922374618551127e-05,8.257770489251758e-05,0.0001393728327016603,0.0001521281101249669,0.00022382355150646818,0.00044719772964111416,0.0011420360699895583
2026-01-08 00:00:00+00:00,689.510009765625,-0.0001015268371400424,1.0423900078395647e-05,4.5584200479048146e-05,8.964764626390531e-05,0.00014830371017429884,0.00016254172638046136,0.00019567653600613085,0.0004501355010944074,0.0010542133878981255
2026-01-09 00:00:00+00:00,694.0700073242188,0.006591615971639264,1.0307698659660693e-08,1.0434207777055227e-05,4.559450817770621e-05,9.301191266957294e-05,0.00014980704047871723,0.0001748925924122997,0.00032772213735491045,0.0008407347600616703
2026-01-12 00:00:00+00:00,695.1599731445312,0.0015691657382674862,4.344940111756984e-05,4.345970881622942e-05,5.388360889462347e-05,0.00013310735508013488,0.00019176341899052997,0.00020601171901959202,0.00031457696470563385,0.0007965373609080908
2026-01-13 00:00:00+00:00,693.77001953125,-0.0020014746381917803,2.462281114152545e-06,4.591168223172231e-05,4.592198993038036e-05,9.150619040942866e-05,0.00013892359490129698,0.00020846371631084342,0.000280169441515244,0.000751668827811083
2026-01-14 00:00:00+00:00,690.3599853515625,-0.004927342181618499,4.0059007273249174e-06,6.4681818414773885e-06,4.991758295904562e-05,6.0351790736100986e-05,0.00013957553692161396,0.00019972462343776455,0.00024560442666383595,0.0007260415132553858
2026-01-15 00:00:00+00:00,692.239990234375,0.0027195227465481864,2.4278700974756952e-05,2.8284601702081798e-05,3.0746882816232735e-05,7.420659163246229e-05,0.00011979079211151214,0.00022251030180676438,0.0002490888763461021,0.0007293811576387056
2026-01-16 00:00:00+00:00,691.6599731445312,-0.000838235622738992,7.3958039689929915e-06,3.167450494374987e-05,3.568040567107318e-05,8.159208790279563e-05,9.202629567985257e-05,0.00017460400057237182,0.0002441544058048176,0.000733352586191456
2026-01-20 00:00:00+00:00,677.5800170898438,-0.02056681438294561,7.026389592286257e-07,8.098442928221543e-06,3.2377143902976895e-05,3.8845325744454405e-05,8.230503456068554e-05,0.00017195268082459254,0.00024484676094114506,0.0007221058024793009
2026-01-21 00:00:00+00:00,685.4000244140625,0.011474992875157852,0.0004229938538625383,0.0004236964928217669,0.00043109229679075826,0.0004593768984928402,0.0005052885807245641,0.0005508830889022721,0.0006550956212032796,0.0011445655225404664
2026-01-22 00:00:00+00:00,688.97998046875,0.00520956960741259,0.00013167546148492348,0.0005546693153474617,0.0005553719543066887,0.0005870464592504387,0.0005935146410919178,0.000647398249986543,0.000785278060082446,0.0012726397865558546
2026-01-23 00:00:00+00:00,689.22998046875,0.0003627894295172851,2.7139615494476965e-05,0.0001588150769794004,0.0005818089308419371,0.0005899073737701588,0.0006181919754722423,0.0006641139654026243,0.0007571155703735374,0.001290726576522305
2026-01-26 00:00:00+00:00,692.72998046875,0.005065280590233812,1.3161617016947717e-07,2.7271231664646386e-05,0.00015894669314956824,0.0005826431859713353,0.0006143176909150868,0.0006642352738741342,0.0007538932278366989,0.0012901126435204396
2026-01-27 00:00:00+00:00,695.489990234375,0.0039763343857135425,2.5657067457799392e-05,2.5788683627968814e-05,5.292829912244415e-05,0.0006075976144699059,0.0006156960573981292,0.0006464429402143636,0.0007354868495096395,0.0012720741426290056
2026-01-28 00:00:00+00:00,695.4199829101562,-0.00010066406256203919,1.5811235147007895e-05,4.1468302604807236e-05,4.159991877497508e-05,0.00020041499575437557,0.0006241114885761442,0.000659791894247219,0.0007161377842559949,0.001282483021287855
2026-01-29 00:00:00+00:00,694.0399780273438,-0.0019863909365822607,1.013325349149414e-08,1.5821368400499336e-05,4.14784358582971e-05,6.874966752294359e-05,0.000623418982870407,0.0006557961267733856,0.0007057240174310908,0.0011656317337133447
2026-01-30 00:00:00+00:00,691.969970703125,-0.0029870043360062937,3.945748952936151e-06,3.95588220642759e-06,1.9767117353433858e-05,4.555580098140278e-05,0.00020437087796080486,0.0006354631747515647,0.0007096594586853672,0.0011672913961035404
2026-02-02 00:00:00+00:00,695.4099731445312,0.004959001326611201,8.9221949033204e-06,1.2867943856256496e-05,1.2878077109746364e-05,5.43463797145537e-05,8.161761137920177e-05,0.0006369895656858922,0.0006751322524711179,0.0011687274623817584
2026-02-03 00:00:00+00:00,689.530029296875,-0.008491312500297,2.459169415733165e-05,3.3513889060652e-05,3.7459638013586524e-05,5.3281006414085965e-05,7.906969004205645e-05,0.0006608786208839952,0.0006972616655142968,0.0010708954851009335
2026-02-04 00:00:00+00:00,686.1900024414062,-0.004855687699421907,7.210238797770008e-05,9.669408213503168e-05,0.00010561627703835046,0.00010957215924477814,0.00015104046184958708,0.00030998715499915697,0.0007653581527646721,0.001086403299311787
2026-02-05 00:00:00+00:00,677.6199951171875,-0.012567909230256191,2.357770303431721e-05,9.568009101201724e-05,0.00012027178516934726,0.00013313972902560386,0.0001489610974261049,0.00020188939654855071,0.0007646571548242323,0.001073111198041562
2026-02-06 00:00:00+00:00,690.6199951171875,0.01900308615568136,0.00015795234241995876,0.00018153004545427593,0.0002536324334319744,0.00028714632249262647,0.0002911022046990558,0.00033270212347403247,0.0009152136932751981,0.0011924926248827877
2026-02-09 00:00:00+00:00,693.9500122070312,0.004810191601779756,0.00036111728344024853,0.0005190696258602072,0.0005426473288945228,0.0006393414110295547,0.0006522093548858127,0.0006936877907441116,0.001275628337756218,0.0015328156570305453
2026-02-10 00:00:00+00:00,692.1199951171875,-0.002640585458914657,2.3137943245832497e-05,0.00038425522668608105,0.0005422075691060381,0.0006378876601180554,0.0006714015491787091,0.0006911686665321446,0.000875772427139512,0.0015436233257661003
2026-02-11 00:00:00+00:00,691.9600219726562,-0.00023116170057857488,6.9726915658315305e-06,3.011063481166403e-05,0.0003912279182519109,0.0005727579637061868,0.0006694520458412202,0.0006823301229509683,0.0007510696572204202,0.0015505857335090308
2026-02-12 00:00:00+00:00,681.27001953125,-0.015569450219435232,5.343573181437871e-08,7.026127297645909e-06,3.016407054347667e-05,0.0005492336964036841,0.0006449137874157031,0.0006823734254292913,0.0007239834774577577,0.0015378941756404414
2026-02-13 00:00:00+00:00,681.75,0.0007042897121278813,0.0002424077801354718,0.00024246121586728617,0.000249433907433116,0.0006336891341191971,0.0008152191795734747,0.0009208354566118269,0.00096625964142306,0.001778808933170156
2026-02-17 00:00:00+00:00,682.8499755859375,0.001612158645549755,4.960239986091738e-07,0.00024290380413408098,0.0002429572398658936,0.00027306787467755775,0.0007921375005377666,0.0009124092857071156,0.0009410985979638696,0.0017240028519653796
2026-02-18 00:00:00+00:00,686.2899780273438,0.005025066533240974,2.5990554984208203e-06,3.095079497029994e-06,0.00024550285963250004,0.000252528986930146,0.0006367842136162288,0.0008904166470482048,0.0009278864183152826,0.0017232479487567925
2026-02-19 00:00:00+00:00,684.47998046875,-0.0026408495448828617,2.525129366349846e-05,2.785034916191928e-05,2.834637316052672e-05,0.000270807589027813,0.00030091822383947864,0.0008435655527340032,0.0009531275787252896,0.0017044357966354323
2026-02-20 00:00:00+00:00,689.4299926757812,0.007205761253732845,6.9740863187080175e-06,3.222537998220648e-05,3.482443548062556e-05,0.00027772823961470664,0.00028475436691235414,0.0008269619360183941,0.0009561559160910615,0.0016762495825534875
2026-02-23 00:00:00+00:00,682.3900146484375,-0.01026379523865284,5.192299524579755e-05,5.8897081564505565e-05,8.41483752280023e-05,8.72434547250324e-05,0.00032970467059232017,0.0007209325888442328,0.0009991567164335385,0.0017177486777208897
2026-02-24 00:00:00+00:00,687.3499755859375,0.007242225023628812,0.0001053454927009927,0.00015726848794679024,0.00016424257426549653,0.00019209292342741593,0.00043499672756149856,0.0004651607981049769,0.0010799105149771997,0.0018230838627232226
2026-02-25 00:00:00+00:00,693.1500244140625,0.008402872807973694,5.2449823292875347e-05,0.00015779531599386805,0.00020971831123966388,0.00024194369122187046,0.00024503877071890205,0.0004944726781520197,0.001060257950292375,0.0018320842848985283
2026-02-26 00:00:00+00:00,689.2999877929688,-0.005569889023997909,7.060827142698371e-05,0.00012305809471985907,0.00022840358742085004,0.0002873006689853557,0.00031515101814727666,0.000558108258013172,0.0011072885186850414,0.0019002302752113593
2026-02-27 00:00:00+00:00,685.989990234375,-0.004813536057942436,3.102366373965238e-05,0.0001016319351666361,0.00015408175845950972,0.0003113502464063001,0.00034357562638850816,0.0005890784860210099,0.0009803598400047351,0.0019272480382236867
2026-03-02 00:00:00+00:00,686.3800048828125,0.0005683812096224372,2.3170129381112005e-05,5.419379312076439e-05,0.00012480206454774638,0.00028259738054161454,0.0003414944621061217,0.00036984083526665014,0.0006424126859455986,0.0019261394666300418
2026-03-03 00:00:00+00:00,680.3300170898438,-0.008853417643345907,3.230571994518649e-07,2.349318658056387e-05,5.4516850320214534e-05,0.00017757494504007368,0.0003348434329868656,0.00036966786846749286,0.000619597799899218,0.0019190667198605007
2026-03-04 00:00:00+00:00,685.1300048828125,0.00703060871419936,7.838300396750858e-05,7.870606116696044e-05,0.00010187619054807074,0.0002035081257147069,0.0003613034417085766,0.00044545181693658064,0.0006910081123008949,0.0019967470848687805
2026-03-05 00:00:00+00:00,681.3099975585938,-0.005591196494508566,4.942945889217598e-05,0.00012781246285968457,0.0001281355200591347,0.0001823293131798992,0.0003053874078997599,0.00046962998216525814,0.0007403841354612565,0.0016231826898984183
2026-03-06 00:00:00+00:00,672.3800048828125,-0.013193747756119478,3.1261478240204875e-05,8.069093713238085e-05,0.00015907394109988772,0.00018256712768045168,0.0002841990628470894,0.000493917374086755,0.0005292378335659896,0.0015227687066536996
2026-03-09 00:00:00+00:00,678.27001953125,0.008721803397824246,0.00017407497985210776,0.00020533645809231265,0.0002547659169844869,0.00033347197815144743,0.00038766577127221345,0.0006160693586930652,0.0007028167894194883,0.0016697040710113304
2026-03-10 00:00:00+00:00,677.1799926757812,-0.0016083619176336938,7.606985451029856e-05,0.0002501448343624063,0.0002814063126026095,0.00040921877546229413,0.00043271196204285967,0.000586793720502371,0.0007762875884313659,0.0017456423093514595
2026-03-11 00:00:00+00:00,676.3300170898438,-0.0012559577565527391,2.586828058094333e-06,7.86566825683929e-05,0.0002527316624204989,0.0003334225995528799,0.00041212866071984195,0.00053693072526759,0.0007536231228259618,0.0017225720699517544
2026-03-12 00:00:00+00:00,666.0599975585938,-0.015301394970667737,1.5774298862449896e-06,4.164257944339322e-06,8.023411245463614e-05,0.00028557057054694895,0.00041338303340663507,0.00046789988372685133,0.0007482264663934987,0.0017083382646909916
2026-03-13 00:00:00+00:00,662.2899780273438,-0.00567625960479301,0.0002341326880483759,0.0002357101179346209,0.0002382969459927135,0.00048844178035512,0.0005691327174875024,0.0006710089080355749,0.0009304361591960772,0.0019424608194858759
2026-03-16 00:00:00+00:00,669.030029296875,0.010125452659838885,3.22199231010049e-05,0.0002663526111493808,0.00026793004103562405,0.0003465867236040171,0.0005519231816963314,0.0006800587017554677,0.0008573105895960894,0.0019707349936339447
2026-03-17 00:00:00+00:00,670.7899780273438,0.0026271435462890125,0.00010252479156663835,0.00013474471466764324,0.0003688774027160174,0.0003730416606603569,0.0006231864950227648,0.0007822604361226542,0.0009073855578698523,0.0020643375902972627
2026-03-18 00:00:00+00:00,661.4299926757812,-0.014051942731962086,6.901883212808009e-06,0.00010942667477944635,0.0001416465978804495,0.00037735671581507054,0.00045601339838346506,0.0007107793153679537,0.0008436791696556766,0.002046647779352739
2026-03-19 00:00:00+00:00,659.7999877929688,-0.0024674064831664566,0.00019745709454234208,0.0002043589777551501,0.0003068837693217867,0.0005732363804711677,0.0005774006384155085,0.0008588069510181197,0.0010101126004583663,0.002172002485917381
2026-03-20 00:00:00+00:00,648.5700073242188,-0.01716678966601659,6.088094753171861e-06,0.00020354518929551396,0.0002104470725083202,0.0003451917871759636,0.0005809019051105862,0.0008336335675310868,0.0009930305658304261,0.0021545128776362357
2026-03-23 00:00:00+00:00,655.3800048828125,0.010445276906504652,0.00029469866743725404,0.00030078676219042594,0.0004982438567327662,0.0006076705315122128,0.000874023142661595,0.0009542572551162331,0.0012874061760682284,0.002291259202653531
2026-03-24 00:00:00+00:00,653.1799926757812,-0.0033624966130467726,0.0001091038096535594,0.0004038024770908135,0.0004098905718439835,0.0006142495495991339,0.0007489942642667786,0.0009872912102594938,0.0013181269817542792,0.0020392457288668417
2026-03-25 00:00:00+00:00,656.8200073242188,0.005557288574736141,1.1306383472751017e-05,0.00012041019312631047,0.00041510886056356265,0.0006186540498590769,0.0007280807246385247,0.0009960107656741507,0.0012800039063348542,0.00202741416909376
2026-03-26 00:00:00+00:00,645.0900268554688,-0.018020135919567082,3.088345630289285e-05,4.218983977564392e-05,0.00015129364942920149,0.0004520804116196276,0.0006564393893747791,0.0010253167920907984,0.0012796258843975421,0.0020513249338308215
2026-03-27 00:00:00+00:00,634.0900268554688,-0.017198941024800796,0.00032472529855967177,0.0003556087548625647,0.00036691513833531385,0.0007707176154261276,0.0009742628047216431,0.0011159094026020942,0.0014302762031051062,0.002375996796658679
2026-03-30 00:00:00+00:00,631.969970703125,-0.0033490642434292894,0.0002958035723745758,0.0006205288709342476,0.0006514123272371387,0.0007718225203634493,0.0010726092825538768,0.001379493051875665,0.0016500099209693835,0.0024293925888977832
2026-03-31 00:00:00+00:00,650.3400268554688,0.028653466042465325,1.1216231306616599e-05,0.0003070198036811925,0.0006317451022408624,0.0006739349420165065,0.0010777374191073214,0.0012881844916156435,0.001658639324217906,0.002440112796205791
2026-04-01 00:00:00+00:00,655.239990234375,0.007506221482322495,0.0008210211162467135,0.0008322373475533303,0.0011280409199279041,0.001483649674790469,0.001604059867916781,0.002102303724649549,0.0024780830105783744,0.0032585348569540836
2026-04-02 00:00:00+00:00,655.8300170898438,0.0009000692442135971,5.6343360941679715e-05,0.0008773644771883933,0.000888580708495008,0.001509109579429256,0.0015512994192049014,0.0019611899910488865,0.0023002936834716783,0.003289626924232265
2026-04-06 00:00:00+00:00,658.9299926757812,0.004715661120723524,8.101246443792359e-07,5.715348558605906e-05,0.0008781746018327707,0.0011851944055139634,0.0015408031603765296,0.001955912020940094,0.0022688838850150523,0.0032834629625579357
2026-04-07 00:00:00+00:00,659.219970703125,0.0004399773016396935,2.2237459805503447e-05,2.3047584449882792e-05,7.939094539156055e-05,0.0009116282929448909,0.0015321571638791402,0.0016834508133083434,0.0021885965532539176,0.003253777427117642
2026-04-08 00:00:00+00:00,676.010009765625,0.025150609779818645,1.9358002595814586e-07,2.24310398314617e-05,2.3241164475838985e-05,0.0009006056416642326,0.0012076254453454265,0.0015745405836807421,0.0021818882500670676,0.003148625514442607
2026-04-09 00:00:00+00:00,679.9099731445312,0.005752513692051764,0.0006325531722967092,0.0006327467523226675,0.0006549842121281689,0.0007121376977142282,0.0015443750452675598,0.0021957873725047005,0.0026169843278214346,0.003728728863446441
2026-04-10 00:00:00+00:00,679.4600219726562,-0.0006619995879324492,3.309141377724302e-05,0.0006656445860739523,0.0006658381660999085,0.0006888857505497916,0.0015662502277381865,0.0021979953299790505,0.002643987646845506,0.0036912120057967005
2026-04-13 00:00:00+00:00,686.0999755859375,0.009724956729963985,4.382434544227325e-07,3.3529657231665857e-05,0.0006660828295283731,0.000688513869359835,0.0007456673549458955,0.0018737082748738014,0.0023497272228626747,0.0036606265855114706
2026-04-14 00:00:00+00:00,694.4600219726562,0.012111242670248323,9.45747833996718e-05,9.501302685409464e-05,0.0001281044406313357,0.0007608511929540034,0.0007838987774038877,0.0016724794858988974,0.002335198196608787,0.00373203123953003
2026-04-15 00:00:00+00:00,699.9400024414062,0.007860023788765602,0.00014668219901764373,0.00024125698241731565,0.0002416952258717364,0.000907339811945689,0.0009297708517771521,0.0018079454536099244,0.0024705740121536797,0.0038783903813482223
2026-04-16 00:00:00+00:00,701.6599731445312,0.0024542973693622017,6.177997395996118e-05,0.00020846217297760503,0.00030303695637727486,0.00033656661360894095,0.0009693133659316099,0.001048704311323172,0.0025014705298107482,0.0038617873513406746
2026-04-17 00:00:00+00:00,710.1400146484375,0.0120132363820602,6.023575577258223e-06,6.780354953721948e-05,0.00021448574855486132,0.00030949877540895613,0.0009751433614829099,0.0009983845259587507,0.0021827688068283345,0.003818381468025757
2026-04-20 00:00:00+00:00,708.719970703125,-0.0020016695574076593,0.00014431784837125482,0.00015034142394851314,0.00021212139790847238,0.0004533783803257882,0.0004869080375574555,0.0011418922496856262,0.0020312830828250134,0.003931437838156807
2026-04-21 00:00:00+00:00,704.0800170898438,-0.006568474427903759,4.006681017052575e-06,0.00014832452938830747,0.00015434810496556375,0.000362810277943169,0.00045782330479726506,0.0011236614708971754,0.0020240735325354493,0.003761369539321752
2026-04-22 00:00:00+00:00,711.2100219726562,0.010075765399857772,4.314485631002561e-05,4.715153732707827e-05,0.00019146938569833118,0.0002592729352355509,0.000500529917652868,0.001166612747181243,0.0012461972725987616,0.003728444541121479
2026-04-23 00:00:00+00:00,708.4500122070312,-0.0038882734971483757,0.00010152104839297106,0.00014466590470299675,0.00014867258572004742,0.00029901400966856077,0.0005074761826461672,0.0006355806232775048,0.001291374960050053,0.0038273787614563556
2026-04-24 00:00:00+00:00,713.9400024414062,0.007719426373887117,1.5118670788626459e-05,0.0001166397191815976,0.0001597845754916213,0.000308109104879929,0.00037591265441715,0.0006176078802888882,0.0013056835061943002,0.0038409200023587367
2026-04-27 00:00:00+00:00,715.1699829101562,0.0017213241598703632,5.9589543541864005e-05,7.470821433049055e-05,0.00017622926272345968,0.0002233808000505382,0.00037372222399905276,0.0006767591803763295,0.0013430355899306605,0.003666376857852225
2026-04-28 00:00:00+00:00,711.6900024414062,-0.004877826001792762,2.962956863353412e-06,6.25525004052175e-05,7.767117119384203e-05,0.00022233707589683905,0.00037066160528514795,0.0005851473538400111,0.001345804966768056,0.0036371198916145737
2026-04-29 00:00:00+00:00,711.5800170898438,-0.00015455303670020015,2.3793186503765564e-05,2.675614336711906e-05,8.634568690898115e-05,0.00020298540609057898,0.0002501369434176587,0.0004622583413261329,0.0007370449809751123,0.0035583882865517008
2026-04-30 00:00:00+00:00,718.6599731445312,0.009900455774975114,2.3886641153253415e-08,2.38170731449189e-05,2.678003000827039e-05,0.00010148824433876118,0.00024615414904175935,0.00040050225400732495,0.0007039774538390226,0.0035515102899800464
2026-05-01 00:00:00+00:00,720.6500244140625,0.002765286895853869,9.801902455223809e-05,9.804291119339142e-05,0.00012183609769715506,0.00018438859810237281,0.00030102831728397183,0.0004924977029823049,0.000801558234936838,0.0034520722199899425
2026-05-04 00:00:00+00:00,718.010009765625,-0.0036701062781494542,7.646811616381127e-06,0.0001056658361686193,0.00010568972280977063,0.00013244586617688995,0.0002071540805073819,0.00035582666622743114,0.0007146302631535473,0.0034536309368531515
2026-05-05 00:00:00+00:00,723.77001953125,0.007990179213504867,1.346968009291204e-05,2.111649170929325e-05,0.0001191355162615294,0.00014295258940644854,0.0002055050898116675,0.00036528966530329063,0.0005814177442288156,0.0031724019495088093
2026-05-06 00:00:00+00:00,733.8300170898438,0.013803728106156044,6.384296386392525e-05,7.731264395683738e-05,8.495945557321657e-05,0.00018300236676660822,0.0002097585101337287,0.00038598777285719026,0.0005834807341327797,0.0031271411037191756
2026-05-07 00:00:00+00:00,731.5800170898438,-0.0030708152880460915,0.0001905429096286823,0.00025438587349260766,0.00026785555358551776,0.0003735213897541373,0.00039733846289905764,0.0004750096340929015,0.0007680000681842037,0.0033063776298751066
2026-05-08 00:00:00+00:00,737.6199951171875,0.008222178062143648,9.429906533297599e-06,0.00019997281616198002,0.0002638157800259033,0.0002849322717351968,0.0003829751829285897,0.0004693208698375726,0.0006331121263462465,0.0032849240801055115
2026-05-11 00:00:00+00:00,739.2999877929688,0.0022749958288912353,6.760421208559628e-05,7.703411861889399e-05,0.0002675770282475743,0.00034488967220441195,0.0004505555083730327,0.0004773355383813049,0.0006967096574147901,0.003027802993631436
2026-05-12 00:00:00+00:00,738.1799926757812,-0.0015160886733101009,5.175606021472519e-06,7.277981810706891e-05,8.220972464036456e-05,0.0003365955981329724,0.0003577120898422671,0.00047954818753942404,0.0006587404071262371,0.0027371750272783325
2026-05-13 00:00:00+00:00,742.3099975585938,0.005579255007885031,2.2985248653391816e-06,7.474130886811809e-06,7.507834297240613e-05,0.00027505115913438634,0.00035236380309122515,0.0004580535259009976,0.0005595178835986052,0.002728257320837055
2026-05-14 00:00:00+00:00,748.1699829101562,0.007863259651000654,3.11280864430102e-05,3.342661130834949e-05,3.8602217329820055e-05,0.00011563633594871423,0.0003700222094413233,0.0004891577257028546,0.000575527299252989,0.0019383642910333519
2026-05-15 00:00:00+00:00,739.1699829101562,-0.012102290069018196,6.183085233905492e-05,9.295893878206523e-05,9.525746364740247e-05,0.00016803728175447154,0.000368010097916453,0.00045296955348967137,0.0005777686080501799,0.0019438517824307271
2026-05-18 00:00:00+00:00,738.6500244140625,-0.000703683148113754,0.00014646542491465644,0.00020829627725371148,0.00023942436369671973,0.0002468984945835317,0.0003239326132024271,0.0005917881667879467,0.0007212710761014829,0.002089507082701004
2026-05-19 00:00:00+00:00,733.72998046875,-0.006683141908398582,4.951699729392835e-07,0.00014696059488759582,0.0002087914472266488,0.00024221805853499845,0.00031499787664206885,0.0005788136566679739,0.0006979730595706566,0.00206776479286844
2026-05-20 00:00:00+00:00,741.25,0.010196863400443235,4.466438576779344e-05,4.515955574073283e-05,0.00019162498065538732,0.0002845839194374527,0.000292058050324266,0.0005596350785718421,0.0007426135586972968,0.002112235598610275
2026-05-21 00:00:00+00:00,742.719970703125,0.0019811333287531596,0.00010397602320729876,0.0001486404089750923,0.00014913557894802965,0.00035743185620174125,0.0003908584675100922,0.0004730681921504586,0.0007485705573523575,0.001583658449520865
2026-05-22 00:00:00+00:00,745.6400146484375,0.0039238460058115265,3.924889266296575e-06,0.00010790091247359544,0.00015256529824138695,0.00029952589312898296,0.0003924848319110496,0.0004675631748834576,0.000744848635002273,0.0015544919250099183
2026-05-26 00:00:00+00:00,750.5900268554688,0.006616670069623964,1.539656747732307e-05,1.9321456743619766e-05,0.00012329747995091657,0.00016845703569164956,0.00037675331294536246,0.0004153555302751844,0.0007467755223866839,0.0015694502490328187
2026-05-27 00:00:00+00:00,750.4600219726562,-0.00017321858553476233,4.37803228102576e-05,5.917689028758079e-05,6.31017795538754e-05,0.0002117421885289679,0.00035870278341656515,0.00045396024706396943,0.0007267128813330162,0.0015186557884434046
2026-05-28 00:00:00+00:00,754.5999755859375,0.005501394045972496,3.0004678374663775e-08,4.3810327488632386e-05,5.920689496595349e-05,0.0001671078074395491,0.0002122673631802834,0.0004516917268770049,0.0005361999763827086,0.0013720035941041354
2026-05-29 00:00:00+00:00,756.47998046875,0.0024882943424673343,3.0265336449061634e-05,3.029534112743642e-05,7.407566393769205e-05,9.339712068131198e-05,0.00024203752965640574,0.0004508289768830564,0.0005570354062984727,0.001340488956593236
2026-06-01 00:00:00+00:00,758.5399780273438,0.0027194345745362725,6.191608734754943e-06,3.6456945183816696e-05,3.6486949862189394e-05,9.566384014977035e-05,0.00020356475262336724,0.0003951897332787564,0.0004956228029476314,0.0013406569897507327
2026-06-02 00:00:00+00:00,759.5700073242188,0.0013569892364495573,7.395324405183277e-06,1.3586933139938343e-05,4.385226958899801e-05,8.766259707763056e-05,0.00010698405382125177,0.0002561196327692832,0.0004978425213313421,0.0012037344657846612
2026-06-03 00:00:00+00:00,754.239990234375,-0.007041886529885133,1.8414197878399525e-06,9.236744193023352e-06,1.542835292777633e-05,4.5723694055212895e-05,0.00010490058434279514,0.0002574658825841839,0.0004973854162538428,0.0012015692045554485
2026-06-04 00:00:00+00:00,757.0900268554688,0.003771565399054211,4.958816589977768e-05,5.1429585687617754e-05,5.882491009279907e-05,9.528185527661591e-05,0.00013909218276524974,0.00026238966271616815,0.0005158454957106104,0.0012080125141452004
2026-06-05 00:00:00+00:00,737.5499877929688,-0.026148306223911177,1.4224705559342948e-05,6.381287145912075e-05,6.565429124695874e-05,7.924122438689723e-05,0.00010953656551433508,0.00017263834506821236,0.0004682393489308984,0.0011207161713115725
2026-06-08 00:00:00+00:00,739.219970703125,0.0022616706310962797,0.000683733918379432,0.000697958623938775,0.0007475467898385509,0.0007567835340315743,0.0007932404792153925,0.0008524473741813478,0.001005507842395674,0.001789331418902378
2026-06-09 00:00:00+00:00,737.0499877929688,-0.0029398206750945732,5.115154043563445e-06,0.0006888490724229957,0.0007030737779823366,0.0007545033636699545,0.0007680902968098943,0.0008421659607475882,0.0010101278264662982,0.0017348570294040775
2026-06-10 00:00:00+00:00,725.4299926757812,-0.01589114354104204,8.642545601713512e-06,1.3757699645277173e-05,0.0006974916180247071,0.000761304489483828,0.0007705412336768528,0.0008070281835390441,0.0009741059863002182,0.0017405366181424376
2026-06-11 00:00:00+00:00,737.760009765625,0.01685400930502201,0.0002525284430420022,0.0002611709886437159,0.0002662861426872773,0.0009642447666260525,0.0010156743523136718,0.0010595266219026716,0.0011226584061349218,0.001969271874680674
2026-06-12 00:00:00+00:00,741.75,0.005393677475676206,0.0002840576296537685,0.000536586072695771,0.0005452286182974825,0.001234077690720478,0.0012978905621796005,0.0013133189151073787,0.0014027911465223936,0.0022533056176932895
2026-06-15 00:00:00+00:00,754.8300170898438,0.017480321802261223,2.9091756711616853e-05,0.0003131493863653856,0.0005656778294073858,0.0005794355290526629,0.0012773941529914395,0.0013362190630842403,0.0014164863357566876,0.002184378349852668
2026-06-16 00:00:00+00:00,750.3300170898438,-0.00597944843801379,0.00030556165031060906,0.0003346534070222261,0.0006187110366759926,0.0008798820253197085,0.0015687310977427057,0.0016343853889896664,0.001678267663257039,0.002482293188546896
2026-06-17 00:00:00+00:00,740.9600219726562,-0.012566460148428327,3.5753803622865554e-05,0.0003413154539334748,0.0003704072106450896,0.0009069932833408606,0.0009207509829861391,0.0016682977728246918,0.0017139914622015299,0.0025045773120768496
2026-06-18 00:00:00+00:00,746.739990234375,0.007770380179555225,0.00015791592066203728,0.00019366972428490304,0.00049923137459551,0.0008123807609608956,0.001073551749604613,0.0017766255275869513,0.0018416420464145056,0.0025986502688749614
2026-06-22 00:00:00+00:00,744.3900146484375,-0.0031519418478263006,6.0378808134824695e-05,0.0002182947287968622,0.0002540485324197257,0.0005887019394419518,0.001125288012137724,0.0018227796301624332,0.001895829245814575,0.0024684861673811044
2026-06-23 00:00:00+00:00,733.5800170898438,-0.014628429664887754,9.934737412078674e-06,7.031354554690358e-05,0.00022822946620893882,0.0005695449201424136,0.0008826943065078005,0.0011489804491950798,0.0018983686588214706,0.0024689909982598852
2026-06-24 00:00:00+00:00,733.239990234375,-0.00046362452088377637,0.00021399095446056807,0.00022392569187264694,0.0002843045000074696,0.00047797422429237264,0.0008126276313146002,0.0013578562496120844,0.0021105181934941986,0.002615377740634857
2026-06-25 00:00:00+00:00,734.2999877929688,0.001444591300819198,2.149476963647112e-07,0.000214205902156933,0.00022414063956900963,0.0004424353683658718,0.000783750822299348,0.0013494286517067356,0.002061144975290786,0.002610417082309749
2026-06-26 00:00:00+00:00,728.989990234375,-0.0072576467361811225,2.0868440264025023e-06,2.3017917227674305e-06,0.00021629274618333345,0.00028660629173023704,0.0004802760160151415,0.001098987052691136,0.0020490071137578454,0.0026102054014708127
2026-06-29 00:00:00+00:00,741.0,0.01634062419874116,5.2673436147200504e-05,5.476028017360322e-05,5.497522786996587e-05,0.00027890091974261286,0.0004971956485394764,0.0008676028591845679,0.001417946631525614,0.002631750751175003
2026-06-30 00:00:00+00:00,746.77001953125,0.007756640320928376,0.0002670159992044852,0.0003196894353516859,0.0003217762793780864,0.0005359821815350194,0.0006062957270819244,0.0011055271016774362,0.0016798474766865357,0.002836935898040433
2026-07-01 00:00:00+00:00,745.760009765625,-0.0013534198977209755,6.016546906825186e-05,0.0003271814682727373,0.0003798549044199357,0.0003821566961427032,0.0006060823880153515,0.000860130920435079,0.0017313704001530737,0.002750635942194029
2026-07-02 00:00:00+00:00,744.780029296875,-0.0013149336271025547,1.8317454195470557e-06,6.199721448779914e-05,0.0003290132136922823,0.00038377349386588554,0.0005979793960228199,0.0008262088622317605,0.0014806737025306188,0.002751972517640636
2026-07-06 00:00:00+00:00,751.280029296875,0.008689545400113019,1.7290504436850803e-06,3.5607958632323528e-06,6.372626493148215e-05,0.0003834157002831681,0.0003857174920059369,0.0006700219920134084,0.0011983451233205352,0.002709037182316528
2026-07-07 00:00:00+00:00,747.7100219726562,-0.004763225841267982,7.550819926062533e-05,7.723724970431063e-05,7.906899512385561e-05,0.00040625046339659294,0.0004610107435701976,0.000685151383139209,0.0012447615658695438,0.0026805693583698545
2026-07-08 00:00:00+00:00,745.4000244140625,-0.003094211852911144,2.2688320414923073e-05,9.819651967554863e-05,9.992557011923164e-05,0.00016192278460703077,0.0004816122199587181,0.0006979049661420535,0.0009618882359738578,0.002699332789518481
2026-07-09 00:00:00+00:00,751.7100219726562,0.008429620706500884,9.574146990695815e-06,3.226246740561909e-05,0.00010777066666624237,0.00011133146252947472,0.0004385129308022134,0.0004934881586721811,0.0009357085793416881,0.0026935103690318538
2026-07-10 00:00:00+00:00,754.9500122070312,0.004300897555176597,7.105850525546847e-05,8.063265224616449e-05,0.00010332097266108551,0.00018055822236539613,0.00024255543685319667,0.0005643317162312848,0.0008488511639351192,0.0027207885514770646
2026-07-13 00:00:00+00:00,749.1699829101562,-0.007685633815530224,1.849771978012403e-05,8.95562250355927e-05,9.913037202628647e-05,0.0001973268917018351,0.00020088768756506883,0.0005807425919850065,0.0008069700755804185,0.002739256266578814
2026-07-14 00:00:00+00:00,751.8300170898438,0.0035443530504952747,5.906896714642167e-05,7.75666869265459e-05,0.00014862519218201232,0.00018088765958763144,0.0002581249092919435,0.0005871381229842276,0.0008561043053147615,0.002768059897276174
2026-07-15 00:00:00+00:00,754.8099975585938,0.003955801420062244,1.2562438546555159e-05,7.163140569297703e-05,9.012912547309901e-05,0.00017076177771926352,0.00026895829739481355,0.00033268456232629753,0.0006546757894007487,0.002774430727087974
2026-07-16 00:00:00+00:00,750.719970703125,-0.005433351714811074,1.5648364874966463e-05,2.8210803421521825e-05,8.727977056794146e-05,0.00017683599560353416,0.00020909846300915468,0.00028816745813301214,0.0006701092065793504,0.002782683767557757
2026-07-17 00:00:00+00:00,743.2899780273438,-0.009946458438716554,2.9521310856840442e-05,4.516967573180711e-05,5.773211427836022e-05,0.00013529880120490614,0.00021593145345107204,0.0003158570235703055,0.0006975436734097883,0.002810363658626758
2026-07-20 00:00:00+00:00,742.0900268554688,-0.001615682759917192,9.893203547311576e-05,0.0001284533463299564,0.00014410171120492082,0.00021573311689789784,0.000305289341933492,0.0004130600085997362,0.0007438022727357036,0.0028597075282000956
2026-07-21 00:00:00+00:00,748.280029296875,0.008306712831607221,2.6104307806936343e-06,0.0001015424662538096,0.000131063777110648,0.00015927458053216983,0.00023684126745871715,0.00034016224011980455,0.000479396704311912,0.0028480932534214465
2026-07-22 00:00:00+00:00,747.4099731445312,-0.0011634178861417155,6.900147806678806e-05,7.161190884748191e-05,0.00017054394432059562,0.00021571362005240273,0.0002873450257453812,0.0003864753977716695,0.0004882327133104482,0.0022333608131088023
2026-07-23 00:00:00+00:00,738.1799926757812,-0.012426173368713656,1.3535411777944576e-06,7.035501924458273e-05,7.29654500252743e-05,0.00020141879635523073,0.000229629599776754,0.00037825479195876816,0.0004877545090686956,0.002229599200243034
2026-07-24 00:00:00+00:00,738.9299926757812,0.0010154965735651444,0.00015440978458932848,0.00015576332576712314,0.00022476480383390915,0.00032630727008771876,0.00037147694581952733,0.0004616060712926282,0.000640435243214339,0.0023753664392306487
2026-07-27 00:00:00+00:00,739.0900268554688,0.0002165521145833793,1.031233290922549e-06,0.00015544101788025124,0.00015679455905804362,0.00022840646790552556,0.0003568598142354834,0.0004441395848034267,0.0005659582772446363,0.002123869229479569
2026-07-28 00:00:00+00:00,740.8599853515625,0.002391917734196447,4.689481833053304e-08,1.0781281092532987e-06,0.00015548791269857972,0.00022584293194316245,0.00032738539819697347,0.00038511751247533553,0.0005433168516480437,0.001839858494644131
2026-07-29 00:00:00+00:00,729.4600219726562,-0.015507089295929255,5.721270447163465e-06,5.768165265494215e-06,6.799398556414704e-06,0.00016256272432353783,0.00023417463317102117,0.00037827634437594387,0.0005394639751045114,0.0018164880083796776
2026-07-30 00:00:00+00:00,741.6900024414062,0.01662680489863888,0.00024046981843192368,0.00024619108887908735,0.00024623798369741585,0.0004016790015776671,0.00047203402082225123,0.0006030977979329011,0.0007088752882809666,0.0017513961765009923
2026-07-31 00:00:00+00:00,747.030029296875,0.007174014783580596,0.0002764506411374019,0.0005169204595693258,0.0005226417300164873,0.0005237198581257405,0.0006794831838928651,0.0008500271282134625,0.0009668282096382444,0.0019920930140155287
2026-08-03 00:00:00+00:00,757.6699829101562,0.014142527904258628,5.146648811503294e-05,0.00032791712925243503,0.0005683869476843567,0.0005741551129498509,0.0007295961308301036,0.0008025615808553797,0.0009592257306068556,0.0018856435814685242
2026-08-04 00:00:00+00:00,771.3300170898438,0.017868407620300175,0.00020001109552273395,0.0002514775836377671,0.000527928224775167,0.0007741193136542542,0.000775197441763509,0.00099996224559742,0.0011466743875830345,0.0020252758688564334
2026-08-05 00:00:00+00:00,769.7899780273438,-0.001998597876877284,0.00031927999088520137,0.0005192910864079356,0.0005707575745229665,0.0010876780340922923,0.0010934461993577877,0.0012502407584158333,0.0014503060135932695,0.002334621122329556
2026-08-06 00:00:00+00:00,768.5599975585938,-0.0015990909095684458,3.994393473458387e-06,0.00032327438435865994,0.000523285479881392,0.0008512026091338268,0.0010973936980129158,0.0012528816107114974,0.0014247790962098872,0.002124624561342447
2026-08-07 00:00:00+00:00,773.260009765625,0.006096725613894627,2.5570917370644393e-06,6.551485210522989e-06,0.0003258314760957225,0.0005773090597334894,0.0010942295193028166,0.0011010289178592333,0.001328404152473836,0.002126966705383146
2026-08-10 00:00:00+00:00,773.030029296875,-0.0002974609738615186,3.717006321111881e-05,3.9727154948183415e-05,4.3721548421639905e-05,0.0005630126348295753,0.0008909297640820118,0.0011371677477794294,0.0013629637849042612,0.0021620499245678625
2026-08-11 00:00:00+00:00,770.5599975585938,-0.0032003754929252892,8.848303097064305e-08,3.725854624208962e-05,3.9815637979152164e-05,0.00036309002233781204,0.0006145676059755805,0.0011372093359920696,0.0012940507898684438,0.002109464971451633
2026-08-12 00:00:00+00:00,772.489990234375,0.0025015309905516148,1.0242403295716788e-05,1.0330886326687594e-05,4.750094953780451e-05,5.405243474832744e-05,0.0005733435211562644,0.0011417304688406229,0.001302939651986366,0.001852691375542864
2026-08-13 00:00:00+00:00,777.8800048828125,0.006953225851213496,6.257657296690143e-06,1.6500060592407093e-05,1.658854362337584e-05,5.63156985715592e-05,0.0003795900829302206,0.0009075183077053893,0.0011547875246937277,0.0017987835637713024
2026-08-14 00:00:00+00:00,776.3400268554688,-0.0019816737654361205,4.8347349737983647e-05,5.460500703467395e-05,6.484741033038885e-05,0.00010210595657247841,0.00010865744178300285,0.0006794150163059711,0.0012021036411407888,0.001845299168089739
2026-08-17 00:00:00+00:00,772.6699829101562,-0.004738575980100634,3.927030912617773e-06,5.227438065060158e-05,5.853203794728982e-05,6.886292427397736e-05,0.00010859007922216225,0.0006318755591035559,0.001205983777235076,0.0018474971485586717
2026-08-18 00:00:00+00:00,767.4500122070312,-0.006778680502841361,2.2454102319186688e-05,2.6381133231804624e-05,7.472848296978636e-05,9.122854356219341e-05,0.0001284870898042845,0.0004543185659000087,0.0012227166091070992,0.001794443051617233
2026-08-19 00:00:00+00:00,769.0599975585938,0.002095640029085466,4.595050935960161e-05,6.840461167878846e-05,7.233164259140432e-05,0.00012693664962607824,0.0001372675359527673,0.00018098908437440893,0.0010281973000347772,0.0018177052405619117
2026-08-20 00:00:00+00:00,762.5999755859375,-0.008435371285246518,4.391707131505333e-06,5.0342216491107105e-05,7.279631881029189e-05,0.00012507069946089341,0.00014157076005330197,0.0001813863980324559,0.0007561383660288807,0.0018125228007027211
2026-08-21 00:00:00+00:00,765.719970703125,0.004082913998477267,7.115548871996149e-05,7.554719585146699e-05,0.00012149770521106669,0.00014787883844287128,0.0002024838454775467,0.00024998479501535295,0.0007758273666338092,0.0018126197841672141
2026-08-24 00:00:00+00:00,763.469970703125,-0.0029427366251493225,1.667018671896162e-05,8.782567543892328e-05,9.22173825704267e-05,0.0001606219942492151,0.00021289637489981816,0.00022948491852319575,0.0005924864578300369,0.0018107922511060516
2026-08-25 00:00:00+00:00,765.9099731445312,0.0031908415190819994,8.659698844995224e-06,2.5329885563957005e-05,9.648537428391659e-05,0.00014682759077502366,0.00017320872400682975,0.00023805613433722033,0.0002818661657898308,0.0017603829828046254
2026-08-26 00:00:00+00:00,766.0800170898438,0.00022199093609565068,1.0181469599897521e-05,1.8841168444892906e-05,3.551135516385262e-05,0.00011105855101531956,0.0001794631626941095,0.00023799520064140105,0.00028805324191626987,0.0017580020138579678
2026-08-27 00:00:00+00:00,771.0999755859375,0.006531409939845467,4.927997570862327e-08,1.0230749575606307e-05,1.889044842059962e-05,0.00010671612385952286,0.00015705834035063143,0.0002317868233204195,0.0002855454301549141,0.0017424029289587098
2026-08-28 00:00:00+00:00,769.3499755859375,-0.002272064407546459,4.265931580231217e-05,4.270859577802096e-05,5.2890065377916565e-05,7.821995094187354e-05,0.000153767146793342,0.00022609878938474807,0.00029103468274610744,0.0017555409339041815
2026-08-31 00:00:00+00:00,767.0499877929688,-0.0029939983934985648,5.162276672039442e-06,4.7821592474351774e-05,4.787087245005848e-05,6.671204089495136e-05,0.0001545377163338761,0.00022733403514416974,0.00029610847638717624,0.0016617711751031052
2026-09-01 00:00:00+00:00,761.780029296875,-0.006894133828079241,8.964026380271986e-06,1.4126303052311591e-05,5.678561885462185e-05,6.701636843022812e-05,9.234625399418659e-05,0.00021384395920525504,0.0002948300994717314,0.0016681247707026837
2026-09-02 00:00:00+00:00,765.1599731445312,0.0044270886381587715,4.752908123946653e-05,5.649310761973868e-05,6.165538429177621e-05,0.00010436398006979713,0.0001232051485146915,0.00021542253108511994,0.0003361015234145078,0.001646652373875362
2026-09-03 00:00:00+00:00,773.1699829101562,0.010413997498167404,1.9599113810114487e-05,6.712819504958118e-05,7.609222142985125e-05,0.000123913813904203,0.00013414456347981077,0.0002306299377637291,0.0003073532874866386,0.0016648979465076822
2026-09-04 00:00:00+00:00,770.1900024414062,-0.003861683858989551,0.00010845134389183696,0.0001280504577019516,0.00017557953894141621,0.00018970584199372775,0.0002324144377717502,0.00026792579293560457,0.00041187760046585786,0.0016189395058101906
2026-09-08 00:00:00+00:00,765.9600219726562,-0.005507263083388558,1.491260222678043e-05,0.00012336394611861756,0.00014296305992873013,0.00019945616754846876,0.00024727776002282203,0.0002661682084434234,0.00040433610037345156,0.0016328208747460485
2026-09-09 00:00:00+00:00,762.4000244140625,-0.004658593379759601,3.032994666965445e-05,4.524254889643504e-05,0.00015369389278827006,0.00022082208783785122,0.00023494839089016427,0.0002878384562680826,0.0003887155376835044,0.0016631039265973724
2026-09-10 00:00:00+00:00,757.8300170898438,-0.006012275728835448,2.1702492277939986e-05,5.20324389475946e-05,6.694504117437312e-05,0.0001949954988763247,0.00025148860649606487,0.0002993594789461251,0.0004060263228299391,0.001679085148428149
2026-09-11 00:00:00+00:00,764.2899780273438,0.008488160912744291,3.6147459439543814e-05,5.7849951717483963e-05,8.81798983871365e-05,0.000211543844505754,0.00027867203955533664,0.0003354576584099603,0.0003710182935495214,0.001474762789435769
2026-09-14 00:00:00+00:00,760.8800048828125,-0.004471604955090136,7.204887568064e-05,0.00010819633512018398,0.00012989882739812206,0.00017514137629455706,0.00030319183399651016,0.0003648472182882881,0.0004263969825111998,0.0012703610239790072
2026-09-15 00:00:00+00:00,757.3900146484375,-0.0045973329333506285,1.9995250874386658e-05,9.204412655502682e-05,0.00012819158599456873,0.00018022402494216329,0.0003035879710607823,0.0003796801924906353,0.0004377325345405912,0.0012388897867383608
2026-09-16 00:00:00+00:00,754.0499877929688,-0.004419669040031771,2.1135470100070294e-05,4.113072097445712e-05,0.00011317959665509521,0.00017102954837257912,0.00021627209726901564,0.0003918516362104336,0.000448686535040764,0.0010600141613156973
2026-09-17 00:00:00+00:00,762.5999755859375,0.01127495279114843,1.9533474423415352e-05,4.066894452348581e-05,6.066419539787056e-05,0.0001688605305180545,0.00022089296946565054,0.0003638560293943824,0.0004681707294884707,0.0007602676448539113
2026-09-18 00:00:00+00:00,761.6900024414062,-0.0011939634396993526,0.00012712456044262576,0.0001466580348660413,0.00016779350496610968,0.00025983763152113645,0.0003176875832386219,0.0004713814760268937,0.0005526359741287843,0.0008833978118230788
2026-09-21 00:00:00+00:00,773.5,0.015386018043600735,1.4255486953387095e-06,0.00012855010913796462,0.00014808358356137807,0.00018921430453583513,0.0002974106396560206,0.00036435568083039544,0.0005488992461520836,0.0008822662687813529
