open_time,close,log_return,RV_1d,RV_2d,RV_3d,RV_5d,RV_7d,RV_10d,RV_14d,RV_30d
2021-09-24 00:00:00+00:00,0.944,,,,,,,,,
2021-09-25 00:00:00+00:00,0.94,-0.004246290881451113,,,,,,,,
2021-09-26 00:00:00+00:00,0.9436,0.0038224722694704394,1.803098624989487e-05,,,,,,,
2021-09-27 00:00:00+00:00,0.9218,-0.023374067247112107,1.4611294250870492e-05,3.264228050076536e-05,,,,,,
2021-09-28 00:00:00+00:00,0.8928,-0.03196568865936132,0.0005463470196725189,0.0005609583139233894,0.0005789893001732843,,,,,
2021-09-29 00:00:00+00:00,0.9268,0.037375200931174565,0.001021805251467221,0.0015681522711397397,0.0015827635653906102,,,,,
2021-09-30 00:00:00+00:00,0.9533,0.028191856941311405,0.001396905644645672,0.0024187108961128932,0.002965057915785412,0.0029977001962861773,,,,
2021-10-01 00:00:00+00:00,1.0422,0.08915949297558176,0.000794780797799368,0.0021916864424450402,0.003213491693912261,0.0037744500078356505,,,,
2021-10-02 00:00:00+00:00,1.0359,-0.006063249411057882,0.007949415187662814,0.008744195985462182,0.010141101630107854,0.011709253901247593,0.01174189618174836,,,
2021-10-03 00:00:00+00:00,1.0552,0.018459708339048378,3.6762993420693754e-05,0.007986178181083508,0.008780958978882876,0.011199669874995767,0.011760628188919158,,,
2021-10-04 00:00:00+00:00,1.0425,-0.012108647730148261,0.0003407608319627322,0.000377523825383426,0.00832693901304624,0.010518625455491279,0.01208677772663102,,,
2021-10-05 00:00:00+00:00,1.0839,0.038943973148747806,0.00014661934985282465,0.0004873801818155569,0.0005241431752362507,0.00926833916069843,0.011687050056811326,0.01226603935698461,,
2021-10-06 00:00:00+00:00,1.0765,-0.006850610017286568,0.0015166330446103901,0.0016632523944632147,0.0020040132264259472,0.009990191407509454,0.012181877849954495,0.013764641415345105,,
2021-10-07 00:00:00+00:00,1.0678,-0.008114580738331809,4.6930857608947074e-05,0.0015635639022193372,0.0017101832520721619,0.002087707077455588,0.01083190306291777,0.013796960978703181,,
2021-10-08 00:00:00+00:00,1.0636,-0.003941076697221088,6.58464205589056e-05,0.00011277727816785268,0.001629410322778243,0.0021167905045937994,0.010102968685677307,0.013316460379589569,,
2021-10-09 00:00:00+00:00,1.1604,0.08710539287838419,1.5532085533379082e-05,8.137850609228469e-05,0.00012830936370123176,0.0017915617581644465,0.0021690855835478726,0.012310187213655727,0.013910981765296232,
2021-10-10 00:00:00+00:00,1.1352,-0.021955926401416137,0.007587349468497663,0.007602881554031042,0.007668727974589947,0.009232291876809285,0.009719672058624841,0.018500631037507716,0.021480300247544,
2021-10-11 00:00:00+00:00,1.1364,0.001056524134200043,0.00048206270414440214,0.008069412172642065,0.008084944258175443,0.008197721536343298,0.009860973930806512,0.018187912943852753,0.02194775165743753,
2021-10-12 00:00:00+00:00,1.1018,-0.030920164941416875,1.1162432461471508e-06,0.00048317894739054927,0.008070528415888211,0.008151906921980496,0.009715470824199834,0.010239613999436084,0.021402520881011158,
2021-10-13 00:00:00+00:00,1.1275,0.023057586338217306,0.0009560566000044252,0.0009571728432505723,0.0014392355473949745,0.009042117101426016,0.00915489437959387,0.011158907606019817,0.021336772229548363,
2021-10-14 00:00:00+00:00,1.1336,0.005395616999637268,0.0005316522877443454,0.0014877088877487707,0.0014888251309949176,0.009558237303636983,0.009639615809729267,0.01134979906180143,0.020471518872647036,
2021-10-15 00:00:00+00:00,1.1413,0.006769554183083698,2.911268280677467e-05,0.00056076497055112,0.001516821570555545,0.0020000005179460945,0.009602882071977136,0.011232292394755379,0.019705850757654443,
2021-10-16 00:00:00+00:00,1.1343,-0.006152242994557383,4.5826863837705995e-05,7.493954664448067e-05,0.000606591834388826,0.0015637646776393984,0.009633176850281464,0.009761486213982696,0.011802262433829336,
2021-10-17 00:00:00+00:00,1.0944,-0.0358094526967109,3.78500938640804e-05,8.36769577017864e-05,0.00011278964050856106,0.0016004985282573314,0.002083677475647881,0.009752405450237828,0.011803349534272723,
2021-10-18 00:00:00+00:00,1.0827,-0.010748346551433474,0.0012823169024379758,0.0013201669963020563,0.0013659938601397622,0.0019267588306908822,0.0028839316739414545,0.010968875932116899,0.012744905604747966,
2021-10-19 00:00:00+00:00,1.0911,0.007728440344200435,0.00011552695358971185,0.0013978438560276877,0.0014356939498917681,0.0015106334965362487,0.0029983423842850194,0.011068870800173231,0.012713813208484854,
2021-10-20 00:00:00+00:00,1.1455,0.04865486123249717,5.972879015386494e-05,0.0001752557437435768,0.0014575726461815526,0.001541249603883339,0.002102014574434459,0.0035412501218294334,0.011256908954028328,
2021-10-21 00:00:00+00:00,1.0886,-0.050948755893450506,0.0023672955215535557,0.0024270243117074206,0.0025425512652971325,0.0038627182615991887,0.003937657808243669,0.005426482939238587,0.013577273617972936,
2021-10-22 00:00:00+00:00,1.0885,-9.186532549751436e-05,0.0025957757270904077,0.004963071248643963,0.005022800038797829,0.006420643894825516,0.006504320852527301,0.008021142423082848,0.01610720292450444,
2021-10-23 00:00:00+00:00,1.0934,0.004491505786296673,8.439238028764263e-09,0.0025957841663284366,0.004963079687881991,0.0051383354316255694,0.006458502427927624,0.007065094262316452,0.01609167927820909,
2021-10-24 00:00:00+00:00,1.0821,-0.010388509883295774,2.01736242283365e-05,2.0182063466365265e-05,0.0026159577905567727,0.005042982102264194,0.006440825958291881,0.006553615598800443,0.008524503433939762,
2021-10-25 00:00:00+00:00,1.0951,0.011942085704110386,0.00010792113759533397,0.00012809476182367048,0.00012810320106169923,0.005091174449705663,0.005266430193449239,0.006632424053589002,0.008150361867390694,0.03013075580532899
2021-10-26 00:00:00+00:00,1.1075,0.011259539637577198,0.00014261341096431766,0.0002505345485596516,0.00027070817278798817,0.0028664923391164246,0.005293516650823845,0.006729210600715613,0.008291859035108864,0.03025533823004341
2021-10-27 00:00:00+00:00,0.995,-0.10711776476069787,0.00012677723285017207,0.00026939064381448967,0.0003773117814098237,0.00039749384487618893,0.005360565093520152,0.0068181377397017046,0.007462579667954611,0.030367504168642714
2021-10-28 00:00:00+00:00,1.0579,0.06129835283413617,0.011474215527328207,0.011600992760178378,0.011743606171142696,0.011871700932966366,0.014467485099294804,0.017010036364591936,0.018405142907538474,0.0412953726762984
2021-10-29 00:00:00+00:00,1.0825,0.022987369883915997,0.0037574880601782498,0.015231703587506456,0.015358480820356627,0.01560901536891628,0.015629197432382648,0.020651997471180475,0.022133518284909948,0.04403105548500943
2021-10-30 00:00:00+00:00,1.0846,0.0019380745303153452,0.0005284191741799681,0.004285907234358218,0.015760122761686424,0.016029513405500913,0.016157608167324585,0.021120687855206578,0.02261611059525221,0.04316256901454373
2021-10-31 00:00:00+00:00,1.1128,0.02566810620227289,3.7561328850570456e-06,0.0005321753070650252,0.004289663367243275,0.015890656127421653,0.01614119067598131,0.01875714846653808,0.022582016634273186,0.04237154434962942
2021-11-01 00:00:00+00:00,1.0915,-0.019326464619234665,0.0006588516760111599,0.000662607808896217,0.001191026983076185,0.01642273057058264,0.016692121214397133,0.01682022441545883,0.021958551407846368,0.03508098083797776
2021-11-02 00:00:00+00:00,1.1349,0.03899164431709476,0.0003735122346785293,0.0010323639106896891,0.0010361200435747464,0.005322027277932964,0.016923020038111344,0.01719372821089933,0.02221653668893519,0.0354177300792356
2021-11-03 00:00:00+00:00,1.2101,0.06415845949691351,0.001520348326550828,0.001893860561229357,0.0025527122372405175,0.003084887544305542,0.018316591131812,0.01869390291322182,0.02367715622533215,0.036597317573823694
2021-11-04 00:00:00+00:00,1.2004,-0.008048166237794807,0.004116307925017091,0.005636656251567919,0.006010168486246449,0.006672776295142666,0.010958683529500884,0.022702289700643582,0.025426168628795685,0.040567006148987964
2021-11-05 00:00:00+00:00,1.1581,-0.03587410337588007,6.477297979118022e-05,0.00418108090480827,0.005701429231359099,0.006733793142048788,0.007265968449113814,0.022624449269470444,0.022895165881496458,0.039115146084168745
2021-11-06 00:00:00+00:00,1.151,-0.006149601468449228,0.0012869512930233297,0.00135172427281451,0.005468032197831601,0.007361892759060957,0.008024500567957175,0.0237846233296436,0.02418210873528176,0.04035516651958314
2021-11-07 00:00:00+00:00,1.2198,0.05805578114047327,3.78175982207529e-05,0.0013247688912440827,0.001389541871035263,0.007026198122603182,0.00805856203329287,0.012348225400536147,0.024199752709274176,0.040327137697244976
2021-11-08 00:00:00+00:00,1.2815,0.04934435594176992,0.003370473723830532,0.003408291322051285,0.004695242615074615,0.008876323519882885,0.010770184081112244,0.011961211064188428,0.027462305295509373,0.043682079335542134
2021-11-09 00:00:00+00:00,1.2571,-0.019223785883340394,0.002434865463308084,0.005805339187138617,0.005843156785359369,0.007194881058173878,0.012831537309741799,0.013867657353316545,0.02975455734785314,0.03852959533035255
2021-11-10 00:00:00+00:00,1.1902,-0.05468612071003384,0.0003695539436885174,0.002804419406996602,0.006174893130827133,0.007499662022071215,0.011680742926879489,0.014233455164120005,0.029997334058691486,0.03841708656989667
2021-11-11 00:00:00+00:00,1.2142,0.019964063485581995,0.0029905717983123923,0.00336012574200091,0.005794991205308994,0.009203282527360277,0.01055500680017479,0.016565175286421235,0.02151369032967567,0.04140654212496291
2021-11-12 00:00:00+00:00,1.1883,-0.02156170940035304,0.00039856383085634835,0.003389135629168741,0.003758689572857258,0.009564028759995874,0.010888797651239956,0.016590226882599056,0.01815476610035377,0.040849049355814834
2021-11-13 00:00:00+00:00,1.1892,0.0007570978279620721,0.0004649073122652727,0.0008634711431216215,0.0038540429414340134,0.006658462348430614,0.0100667536704819,0.015534785868313502,0.018091254238439075,0.04078230438033577
2021-11-14 00:00:00+00:00,1.1879,-0.0010937698284487485,5.731971211048874e-07,0.000465480509386378,0.0008640443402427259,0.004224170082243635,0.010029509269382252,0.011419051140417514,0.018088071302675122,0.040753764894650095
2021-11-15 00:00:00+00:00,1.172,-0.013475351158536042,1.1963324376248047e-06,1.7695295587301257e-06,0.0004666768418240024,0.0038558124709927423,0.006660231877989344,0.011355474493063959,0.01743041595910159,0.040709134363250014
2021-11-16 00:00:00+00:00,1.0877,-0.07464631603715338,0.00018158508884585865,0.0001827814212834839,0.00018335461840458835,0.0010468257615262086,0.004406951503527119,0.010250108288886488,0.017238488813268917,0.04085286935823179
2021-11-17 00:00:00+00:00,1.0953,0.006962923229896334,0.005572072497918582,0.005753657586764441,0.005754853919202066,0.006220334428588443,0.009609470057757185,0.015784363188584317,0.021290212984636674,0.04514262495371239
2021-11-18 00:00:00+00:00,1.0406,-0.051230828473497705,4.848229990542999e-05,0.005620554797824013,0.005802139886669872,0.0058039094162286005,0.006667380559350222,0.012462371764659214,0.017222387359525013,0.045075580300028124
2021-11-19 00:00:00+00:00,1.0892,0.04564601194340137,0.002624597786080943,0.002673080085986374,0.008245152583904954,0.008427934005188438,0.008893414514574816,0.012652104087432073,0.019782212165814776,0.0476404492959552
2021-11-20 00:00:00+00:00,1.0965,0.006679807058338427,0.0020835584063371407,0.004708156192418085,0.004756638492323514,0.010510296079087954,0.010512065608646684,0.014366108550080699,0.020578819279128583,0.04735671218073878
2021-11-21 00:00:00+00:00,1.0569,-0.03678319384264131,4.461982233662787e-05,0.0021281782286737693,0.0047527760147547116,0.010373330812578723,0.010556112233862207,0.011420156574104933,0.020585621503244462,0.044805556275985
2021-11-22 00:00:00+00:00,1.0354,-0.020552269547500522,0.0013530033492653256,0.0013976231716019544,0.003481181577939094,0.006154261663925466,0.01190791925068991,0.012374596092513911,0.018568151128679253,0.0461585511860123
2021-11-23 00:00:00+00:00,1.0661,0.029219304488628396,0.0004223957835531173,0.0017753991328184437,0.0018200189551550708,0.006528175147573153,0.012148729945397167,0.012332084563801755,0.016555681448924286,0.04656077334533708
2021-11-24 00:00:00+00:00,1.0326,-0.03192723651088077,0.0008537677547991795,0.0012761635383522977,0.0026291668876176223,0.00475734511629139,0.007430425202277764,0.01318527912147983,0.017039895260034948,0.04730661996254092
2021-11-25 00:00:00+00:00,1.0438,0.010788006763764221,0.0010193484312217183,0.0018731161860208987,0.002295511969574015,0.003693135141175968,0.008401291333594052,0.014203431220263924,0.015068671892944275,0.04818335498279832
2021-11-26 00:00:00+00:00,0.9394,-0.10538180561641819,0.00011638108993502259,0.0011357295211567417,0.0019894972759559207,0.0037648964087743627,0.005893074637448132,0.014138227221353087,0.014786489152022948,0.04817295883988317
2021-11-27 00:00:00+00:00,0.9452,0.006155171719858077,0.011105324954976549,0.011221706044911572,0.01224105447613329,0.013517218014485586,0.014914841186087541,0.019671479678411055,0.025426906794734222,0.047804068267531516
2021-11-28 00:00:00+00:00,0.9687,0.024558421119586414,3.788613890094064e-05,0.01114321109387749,0.011259592183812513,0.013132708369833409,0.014908107502651853,0.019660883517406566,0.02546421973651406,0.04408446634625421
2021-11-29 00:00:00+00:00,0.9898,0.02154793608544647,0.000603116047886948,0.0006410021867878886,0.011746327141764438,0.012882056662921177,0.014158220201273476,0.01763940177921257,0.026066139451963382,0.04415916321996119
2021-11-30 00:00:00+00:00,0.9983,0.008550929824593783,0.0004643135495424861,0.001067429597429434,0.0011053157363303747,0.012327021781241945,0.014200137967262844,0.016020156922417914,0.02634886791266001,0.044619720636618614
2021-12-01 00:00:00+00:00,0.9899,-0.008449904416617785,7.311840086512746e-05,0.0005374319504076136,0.0011405479982945616,0.01228375909217205,0.013419488613328793,0.01604865550094641,0.020849913815606556,0.044033987361472585
2021-12-02 00:00:00+00:00,0.9716,-0.018659730797744245,7.140088464997674e-05,0.0001445192855151042,0.0006088328350575903,0.0012498350218454772,0.012471541066757052,0.014767053036331065,0.020872832400351104,0.043731876011444036
2021-12-03 00:00:00+00:00,0.9211,-0.05337558913382753,0.00034818555344428507,0.0004195864380942618,0.0004927048389593892,0.0015601344363888217,0.012703345530266313,0.014692842806222232,0.018596420167714445,0.04255971323833749
2021-12-04 00:00:00+00:00,0.8449,-0.08635033083539081,0.002848953515383168,0.003197139068827453,0.00326853995347743,0.0038059719038850415,0.004446974090672932,0.01668802856680622,0.019361815276760473,0.041292358828703565
2021-12-05 00:00:00+00:00,0.8045,-0.04899731072636121,0.007456379635381446,0.010305333150764614,0.0106535187042089,0.010798037989724,0.011865467587153438,0.023125059770965947,0.02677357508980529,0.04868396548429384
2021-12-06 00:00:00+00:00,0.8255,0.02576829692774482,0.002400736458415591,0.009857116093797037,0.012706069609180207,0.013125656047274465,0.01366308799768208,0.025409415139446518,0.027821308198955556,0.04979775064968609
2021-12-07 00:00:00+00:00,0.8154,-0.012310472975029685,0.0006640051265564232,0.0030647415849720146,0.01052112122035346,0.013718260289180911,0.013862779574696019,0.014968095311026393,0.02806291754195886,0.050423938178021765
2021-12-08 00:00:00+00:00,0.8622,0.05580847192788116,0.00015154774486893623,0.0008155528714253594,0.0032162893298409508,0.013521622480605563,0.013941208918699826,0.015081756916994388,0.02736069753202862,0.04720501219906017
2021-12-09 00:00:00+00:00,0.8583,-0.004533573588859974,0.0031145855389250994,0.0032661332837940356,0.003930138410350459,0.013787254504147493,0.01698439357297495,0.01759322640803254,0.029455934639732,0.04788473227467718
2021-12-10 00:00:00+00:00,0.7992,-0.07134246138983044,2.0553289485608703e-05,0.003135138828410708,0.0032866865732796447,0.0063514281582516575,0.016656761309016273,0.01714946614797566,0.029360106839282585,0.047535731620474274
2021-12-11 00:00:00+00:00,0.8392,0.04883782974774359,0.005089746797159447,0.005110300086645056,0.008224885625570156,0.009040438496995514,0.01889755459079255,0.022166094544269984,0.023344528681465485,0.04963490661932133
2021-12-12 00:00:00+00:00,0.8393,0.00011915400669454401,0.0023851336144695887,0.007474880411629036,0.007495433701114645,0.010761566984908679,0.013826308569880695,0.024479827274089594,0.02569177615703413,0.05162147640293457
2021-12-13 00:00:00+00:00,0.7818,-0.0709692577299274,1.4197677311363439e-08,0.0023851478121469,0.007474894609306347,0.010610033437717055,0.011425586309142416,0.02413165591832262,0.025088674306824498,0.05115658328834661
2021-12-14 00:00:00+00:00,0.8103,0.035805596107825105,0.005036635542736861,0.005036649740414172,0.007421783354883761,0.012532083441528815,0.015798216725322854,0.026319337945676313,0.02966099630001887,0.05619264563396237
2021-12-15 00:00:00+00:00,0.8262,0.019432325495984615,0.0012820407126367002,0.006318676255373561,0.006318690453050872,0.013793570864679906,0.016928709693090616,0.020144999022931567,0.030869918611790444,0.05747349001416144
2021-12-16 00:00:00+00:00,0.8051,-0.025870381656729113,0.0003776152741818937,0.001659655986818594,0.006696291529555455,0.009081439341702352,0.01419173942834741,0.01812187783869787,0.03117613300132236,0.057669520199497476
2021-12-17 00:00:00+00:00,0.7966,-0.0106138225583913,0.0006692766470648262,0.0010468919212467198,0.0023289326338834203,0.00736558237429759,0.014840462785926628,0.01812714935920627,0.0314972240949429,0.05276672434864372
2021-12-18 00:00:00+00:00,0.8262,0.036484204215120414,0.00011265322930101605,0.0007819298763658421,0.0011595451505477358,0.007478221405921295,0.009863369218068197,0.01808825484363835,0.02876092380886075,0.0528308952780393
2021-12-19 00:00:00+00:00,0.835,0.010594849888191205,0.0013310971572106103,0.0014437503865116262,0.0021130270335764523,0.003772683020395045,0.008809332760809217,0.016304766461923862,0.02263564133068991,0.05153739464916897
2021-12-20 00:00:00+00:00,0.8798,0.052262884063763976,0.00011225084415330518,0.0014433480013639154,0.0015560012306649314,0.0026028931519116493,0.008921569407285211,0.01639646401659156,0.020347155716427628,0.049566087086985136
2021-12-21 00:00:00+00:00,0.9467,0.07328764422022611,0.0027314090506624345,0.00284365989481574,0.00417475705202635,0.0049566869283921905,0.006616342915210786,0.014038126270094547,0.02241455964053364,0.05225287631531094
2021-12-22 00:00:00+00:00,0.9537,0.007366903450021181,0.005371078795350442,0.008102487846012876,0.008214738690166182,0.009658489076677806,0.010705380997924528,0.017024071450975398,0.02763409069101514,0.05627095176139606
2021-12-23 00:00:00+00:00,0.9941,0.041488648633232726,5.427126644193398e-05,0.005425350061792376,0.00815675911245481,0.009600107113818724,0.010382036990184567,0.017078328519740022,0.02457377641853198,0.05590282724428487
2021-12-24 00:00:00+00:00,0.9115,-0.08674621109938173,0.0017213079654118438,0.0017755792318537777,0.00714665802720422,0.009990317922019957,0.011434068308531586,0.013763000942415005,0.026274531094458212,0.05677036745489754
2021-12-25 00:00:00+00:00,0.9252,0.014918336238566435,0.007524905140098498,0.009246213105510341,0.009300484371952276,0.017402972217965152,0.01884632021932907,0.020005865369876804,0.028709689437397268,0.06327592416377432
2021-12-26 00:00:00+00:00,0.92,-0.005636260314198102,0.00022255675612692453,0.007747461896225423,0.009468769861637265,0.01489411992342964,0.017737779818245383,0.019850806851821834,0.0265471125790546,0.06338209982996622
2021-12-27 00:00:00+00:00,0.9269,0.0074720148387008856,3.176743032940449e-05,0.00025432418645632987,0.007779229326554827,0.009554808558408604,0.017657296404421482,0.019213297635086415,0.02657886581170669,0.05230854230531908
2021-12-28 00:00:00+00:00,0.8515,-0.08484618477904392,5.583100574976622e-05,8.759843607917158e-05,0.0003101551922060952,0.009556368297716436,0.014981718359508813,0.019156475411535163,0.0215980612747196,0.0523264871721679
2021-12-29 00:00:00+00:00,0.8171,-0.04123801371208119,0.007198875071559664,0.007254706077309431,0.0072864735076388345,0.015033935403864256,0.016809514635718035,0.025024253325884215,0.02751489563364256,0.05892224619584062
2021-12-30 00:00:00+00:00,0.8386,0.025972348346000484,0.0017005737749177963,0.008899448846477462,0.008955279852227226,0.009209604038683554,0.0184558171441939,0.026612576256648708,0.028837854134378463,0.06015850642121593
2021-12-31 00:00:00+00:00,0.8297,-0.010669645066422706,0.0006745628786059941,0.0023751366535237914,0.009574011725083454,0.009661610161162624,0.017409072057388047,0.02455573008459227,0.02884314036591963,0.0607599508989568
2022-01-01 00:00:00+00:00,0.8507,0.02499535031159908,0.0001138413258434384,0.0007884042044494334,0.0024889779793672287,0.009743684056676657,0.009998008243132987,0.019298492615085264,0.028844328462462054,0.06080239134015026
2022-01-02 00:00:00+00:00,0.8586,0.009243615808621597,0.0006247675371995562,0.0007386088630429955,0.0014131717416489887,0.010312620588126447,0.010400219024205619,0.019868988885842886,0.028137998842451002,0.06107897332390553
2022-01-03 00:00:00+00:00,0.8324,-0.03099006127098089,8.54444332173991e-05,0.0007102119704169562,0.0008240532962603938,0.0031991899497841826,0.010453896027093613,0.01823312535364844,0.028111192431515095,0.05831546424173976
2022-01-04 00:00:00+00:00,0.8228,-0.011599936740677302,0.0009603838975791497,0.0010458283307965496,0.001670595867996105,0.002459000072445536,0.011358448918922997,0.011668604111129093,0.02634016727843181,0.05181946850393746
2022-01-05 00:00:00+00:00,0.7726,-0.06295170754662122,0.00013455853238771517,0.0010949424299668657,0.001180386863184264,0.0019189957262272569,0.004294132379751048,0.011580605887389885,0.021103647015469084,0.04955329057790959
2022-01-06 00:00:00+00:00,0.7791,0.0083779571046316,0.003962917483035327,0.004097476015423043,0.005057859913002192,0.005768071883419145,0.006556476087868579,0.015511755940095805,0.02501229323206248,0.05285220293438849
2022-01-07 00:00:00+00:00,0.7634,-0.020357267025683162,7.01901652470471e-05,0.004033107648282375,0.0041676661806700896,0.0052134945114666355,0.005952103374509632,0.015526115099593086,0.023361175431897682,0.0527708453547666
2022-01-08 00:00:00+00:00,0.7452,-0.024129501583695923,0.00041441832075496697,0.0004846084860020149,0.004447525969037341,0.005542468399004203,0.00625268036942116,0.00874165834878839,0.01625068861255415,0.05007067813659647
2022-01-09 00:00:00+00:00,0.753,0.010412589072460177,0.0005822328466775841,0.0009966511674325519,0.001066841332679598,0.005164317348102638,0.006210145678899188,0.007623317420548178,0.016610364703104806,0.050632357693788446
2022-01-10 00:00:00+00:00,0.7399,-0.0175501858683883,0.00010842201119191708,0.000690654857869502,0.0011050731786244681,0.005138180826906839,0.006233123256873706,0.0070571765531341,0.016687019283967323,0.04565103290782092
2022-01-11 00:00:00+00:00,0.7703,0.040265007427414845,0.00030800902401497646,0.0004164310352068945,0.0009986638818844774,0.001483272367886489,0.005580748383309533,0.007251344251305639,0.01693919730223253,0.0435739083173663
2022-01-12 00:00:00+00:00,0.7987,0.03620535656442311,0.0016212708231297726,0.00192927984714475,0.002037701858336666,0.0030343530257692145,0.00706746067405159,0.008247847537235856,0.01136159305380264,0.045195164942818764
2022-01-13 00:00:00+00:00,0.768,-0.039195672775671014,0.001310827843957016,0.0029320986670867896,0.003240107691101765,0.003930762548971263,0.004415371034973279,0.009473230947975473,0.01097184712284186,0.04146935724403892
2022-01-14 00:00:00+00:00,0.7732,0.006748014186503615,0.0015363007643374779,0.0028471286082944946,0.004468399431424267,0.004884830466631157,0.0058814816340637096,0.0100491478147338,0.011833585008573344,0.0417236172957397
2022-01-15 00:00:00+00:00,0.7791,0.007601660002636651,4.553569546125404e-05,0.0015818364597987328,0.0028926643037557476,0.004821944150900494,0.005512599008769997,0.00996012497780734,0.011765279378191159,0.041391537717019054
2022-01-16 00:00:00+00:00,0.7784,-0.0008988764650171566,5.778523479568585e-05,0.00010332093025694075,0.0016396216945944178,0.004571720361681204,0.0049881513968880985,0.006054992729567697,0.011198297075787289,0.04078004630474992
2022-01-17 00:00:00+00:00,0.7617,-0.021687753493052797,8.079788993617395e-07,5.859321369504845e-05,0.00010412890915630162,0.002951257517450793,0.004880537364595544,0.005985610543220012,0.011113660621469252,0.04066820105434826
2022-01-18 00:00:00+00:00,0.7509,-0.014280290272904284,0.0004703586515754238,0.0004711666304747864,0.0005289518652704714,0.0021107883250692005,0.005042886992155991,0.00604155087404047,0.010623635375465526,0.03980746254871308
2022-01-19 00:00:00+00:00,0.7381,-0.017193170329831586,0.0002039266902784047,0.0006742853418538294,0.0006750933207531902,0.0007784142510101275,0.0036255428593046234,0.00566324471764129,0.010693003533356215,0.03989913839483818
2022-01-20 00:00:00+00:00,0.7199,-0.024967003300749413,0.00029560510599060117,0.0004995317962690068,0.0009698904478444297,0.0010284836615394746,0.002610320121338208,0.005850427812439975,0.0070256911563114895,0.03746333445016634
2022-01-21 00:00:00+00:00,0.6368,-0.12265667894508392,0.000623351253819632,0.0009189563598102342,0.001122883050088638,0.0015940496805634209,0.0016973706108203625,0.006165770042244629,0.007578852244884074,0.032715606908635536
2022-01-22 00:00:00+00:00,0.5966,-0.06520876244952517,0.015044660889837393,0.015668012143657026,0.015963617249647625,0.01663790259150145,0.016696495805196502,0.01958916010895225,0.0222090948139665,0.047705996532030996
2022-01-23 00:00:00+00:00,0.6283,0.051770887328253135,0.004252182700198604,0.019296843590036,0.019920194843855626,0.020419726640124633,0.020890893270599422,0.022530514965193836,0.02587904466748752,0.05023687126681775
2022-01-24 00:00:00+00:00,0.6118,-0.026612327692098148,0.002680224774754681,0.006932407474953287,0.02197706836479068,0.022896024724600908,0.02357031006645474,0.02367443897561104,0.028450847431050287,0.045392190901473936
2022-01-25 00:00:00+00:00,0.618,0.010083025740887652,0.0007082159851916139,0.003388440759946297,0.007640623460144899,0.023308635603801923,0.023808167400070933,0.0243371192653414,0.028851054392226922,0.045877850130538626
2022-01-26 00:00:00+00:00,0.6193,0.002101350486324427,0.00010166740809140298,0.0008098833932830186,0.003490108168037698,0.02278695175807369,0.023705908117883926,0.02438100143863712,0.027331450977188552,0.04594775010830062
2022-01-27 00:00:00+00:00,0.6088,-0.01710000139653911,4.415673866375906e-06,0.00010608308195778063,0.0008142990671493928,0.007746706542102674,0.023414718685759704,0.024384609133604133,0.026025038807097913,0.04589633477641723
2022-01-28 00:00:00+00:00,0.6111,0.0037708053533936914,0.00029241004776163953,0.0002968257216280172,0.0003984931297194184,0.00378693388966571,0.02308377747970171,0.02420666052979035,0.024781148090522072,0.038989869752619206
2022-01-29 00:00:00+00:00,0.6174,0.010256500167189042,1.4218973013182521e-05,0.0003066290207748238,0.00031104469464119793,0.0011209280879242113,0.0080533355628775,0.024016952812525128,0.024749831368074002,0.03730351495071459
2022-01-30 00:00:00+00:00,0.6013,-0.026423134022535877,0.00010519579567954884,0.0001194147686927331,0.0004118248164543709,0.0005179078984121463,0.003906348658358445,0.023826543502214075,0.024797241928957867,0.03673414786778815
2022-01-31 00:00:00+00:00,0.6174,0.026423134022535877,0.000698182011572893,0.0008033778072524436,0.0008175967802656243,0.0011144225018936364,0.0019243058951766566,0.023901374259967332,0.025494615961631398,0.037318488553517604
2022-02-01 00:00:00+00:00,0.6284,0.017659794313407196,0.000698182011572893,0.001396364023145786,0.001501559818825335,0.0018081888396001534,0.0019142719215579358,0.009554895381702835,0.02572243932162887,0.037391903027890944
2022-02-02 00:00:00+00:00,0.6006,-0.04524775083223609,0.00031186833519184913,0.0010100503467647438,0.0017082323583376352,0.001827647127030363,0.002124472848658382,0.00561458101669608,0.025830380966542308,0.037618326929865394
2022-02-03 00:00:00+00:00,0.6102,0.015857616733339297,0.0020473589553761215,0.0023592272905679722,0.0030574093021408636,0.0038607871093933018,0.004167416130168128,0.00498171519731752,0.02758213481592783,0.03870530198766236
2022-02-04 00:00:00+00:00,0.6555,0.07161153092118527,0.00025146400846148245,0.002298822963837606,0.002610691299029453,0.004007055322175236,0.00412647009086797,0.0045249632205873885,0.02721024757056968,0.03882220746373613
2022-02-05 00:00:00+00:00,0.6656,0.015290586303244313,0.005128211360875875,0.00537967536933736,0.007427034324713479,0.008437084671478218,0.009240462478730662,0.00955150717337186,0.017293798041608164,0.03998750134157668
2022-02-06 00:00:00+00:00,0.6825,0.025073637552116,0.0002338020294969626,0.0053620133903728405,0.005613477398834321,0.007972704689402288,0.009369068712548076,0.009780893529002448,0.013275417370906522,0.040151113205826594
2022-02-07 00:00:00+00:00,0.8314,0.19734849975942229,0.0006286873000948817,0.0008624893295918469,0.005990700690467719,0.00828952365430532,0.009299574001070066,0.010117170781335689,0.011223879896246722,0.04036538218516651
2022-02-08 00:00:00+00:00,0.8763,0.05259747124326783,0.0389464303572947,0.03957511765738958,0.039808919686886546,0.0451885950562239,0.04754782234679187,0.0490493821656172,0.049462094268349806,0.07872957969578362
2022-02-09 00:00:00+00:00,0.8697,-0.007560173466085396,0.002766493981186386,0.04171292433848108,0.042341611638575964,0.0477036250289488,0.05000244799278641,0.051710680351124035,0.05212692084144479,0.08138765166577809
2022-02-10 00:00:00+00:00,0.8253,-0.05240136799708095,5.715622283730167e-05,0.0028236502040236877,0.041770080561318396,0.04263256989091023,0.04801224526024759,0.051069654562388454,0.052179661390415716,0.08113679886460042
2022-02-11 00:00:00+00:00,0.7591,-0.08361343557591605,0.0027459033679654997,0.0028030595908028013,0.005569553571989194,0.04514467122937877,0.05050668461975161,0.05311737591878106,0.05463315471061958,0.08226143140943615
2022-02-12 00:00:00+00:00,0.8223,0.0799717709541273,0.006991206608807864,0.009737109976773364,0.009794266199610673,0.051507190538091746,0.052369679867683594,0.05979671419239707,0.06161014234641425,0.087941810174287
2022-02-13 00:00:00+00:00,0.8057,-0.020393827193699615,0.006395484149539399,0.013386690758347263,0.01613259412631277,0.01895624433033645,0.05853136198772603,0.06414483938656035,0.06790043070027411,0.09280099355948893
2022-02-14 00:00:00+00:00,0.8012,-0.005600860991487017,0.00041590818760648193,0.00681139233714588,0.013802598945953752,0.016605658536756544,0.05831858287523763,0.06430928356570534,0.06761815687630769,0.09317136605163415
2022-02-15 00:00:00+00:00,0.8515,0.0608888963110798,3.1369643845960925e-05,0.000447277831452442,0.006842761980991848,0.016579871957765207,0.019403522161788894,0.05921244184867543,0.06695134450858076,0.09314495046068441
2022-02-16 00:00:00+00:00,0.8366,-0.01765344109464495,0.003707457693981427,0.003738827337827387,0.004154735525433876,0.017541426283781133,0.020344485874583932,0.0626860975131599,0.07034693386737034,0.0968516001757665
2022-02-17 00:00:00+00:00,0.769,-0.08425508950245406,0.0003116439824820991,0.004019101676463526,0.004050471320309493,0.010861863657455367,0.02059897363422873,0.06236905419554712,0.06861121889447633,0.09669288550667317
2022-02-18 00:00:00+00:00,0.784,0.019318050844763873,0.007098920107066544,0.0074105640895486425,0.011118021783530076,0.011565299614982514,0.024951990373329777,0.030521543945318964,0.07545867499308138,0.1035878789234613
2022-02-19 00:00:00+00:00,0.8215,0.0467229171269149,0.0003731870884408822,0.007472107195507425,0.007783751177989531,0.011522578515816914,0.018333970852962796,0.02812823705257346,0.07070365072064638,0.10366546090591158
2022-02-20 00:00:00+00:00,0.7769,-0.05582029552094761,0.0021830309848485576,0.002556218073289439,0.00965513818035599,0.01367423985681951,0.014121517688271953,0.030254111814584716,0.07265287967599798,0.10522514063694051
2022-02-21 00:00:00+00:00,0.7018,-0.10166317880726045,0.003115905392045924,0.005298936376894481,0.00567212346533537,0.013082687554884008,0.016821514892711397,0.030624113838665142,0.07514009776794901,0.09329638513914904
2022-02-22 00:00:00+00:00,0.7209,0.02685196826141817,0.01033540192519701,0.013451307317242932,0.0156343383020915,0.023106445497598917,0.027125547174062445,0.033968309155054284,0.04652906933585134,0.09937960436414743
2022-02-23 00:00:00+00:00,0.6967,-0.03414552937445969,0.0007210281995122087,0.011056430124709218,0.01417233551675515,0.016728553590044583,0.024139117679593227,0.028293853205027097,0.04448360355417716,0.09742040778890497
2022-02-24 00:00:00+00:00,0.6963,-0.0005743000875720883,0.0011659171762620898,0.0018869453757742968,0.012222347300971315,0.017521283677865793,0.024993390873373218,0.029043862193682705,0.04559236450760194,0.09787810897997544
2022-02-25 00:00:00+00:00,0.7699,0.10048003433550279,3.298205905853083e-07,0.0011662469968526734,0.0018872751963648908,0.015338582513607818,0.01789480058689726,0.02901282237042733,0.04284679096022703,0.09777677139247463
2022-02-26 00:00:00+00:00,0.7508,-0.025121331571650085,0.010096237300063819,0.010096567120654402,0.011262484296916501,0.022318914421625712,0.027617850798520194,0.03540160197650972,0.04595182165148298,0.10786859301867206
2022-02-27 00:00:00+00:00,0.7215,-0.03980692649842821,0.0006310812999327834,0.0107273185999966,0.010727648420587195,0.012614593796361486,0.02606590111360442,0.0357210392939604,0.04018741880187637,0.1082072642708432
2022-02-28 00:00:00+00:00,0.7809,0.07911472245470383,0.0015845913972512657,0.0022156726971840476,0.012311909997247876,0.013478156994100541,0.02453458711880976,0.030206710584145126,0.04135610201152115,0.1097776366950813
2022-03-01 00:00:00+00:00,0.7839,0.0038343605260471314,0.006259139309084818,0.007843730706336082,0.008474812006268876,0.01857137912692327,0.02045832450269757,0.03609266280478906,0.04758387167676001,0.11593158020848657
2022-03-02 00:00:00+00:00,0.7687,-0.019580684839590218,1.4702320643708434e-05,0.006273841629728526,0.0078584330269798,0.018585751626976395,0.01975199862382907,0.03392433414058421,0.043891116303422295,0.11524810051755739
2022-03-03 00:00:00+00:00,0.7515,-0.022629567162057218,0.0003834032187873582,0.00039810553943106573,0.0066572448485158935,0.008872917545699934,0.018969484666354338,0.031191831967325643,0.04396287553972755,0.11493332172477184
2022-03-04 00:00:00+00:00,0.7127,-0.05301063468520406,0.0005120973099420583,0.0008955005287294156,0.0009102028493731336,0.008753933555709208,0.01948125215570581,0.021368527352070697,0.03737605274260306,0.11513355069952207
2022-03-05 00:00:00+00:00,0.754,0.05633179350013101,0.00281012738972816,0.003322224699670217,0.003705627918457585,0.009979469548186102,0.012195142245370152,0.023457626542286645,0.03981299304389035,0.1158963191338741
2022-03-06 00:00:00+00:00,0.7251,-0.03908279163040912,0.0031732709589414026,0.005983398348669561,0.006495495658611629,0.006893601198042687,0.014737331904378771,0.025464980324965955,0.04080323301798319,0.118818126084354
2022-03-07 00:00:00+00:00,0.7197,-0.00747511786378835,0.0015274646016259772,0.004700735560567379,0.007510862950295548,0.008406363479024955,0.014680205108753484,0.026992115106001347,0.039214792227563244,0.1152173793251041
2022-03-08 00:00:00+00:00,0.7207,0.001388503416636766,5.58773870775277e-05,0.0015833419887035045,0.004756612947644917,0.008078837647315127,0.008476943186746192,0.016951755193015058,0.02893526768944376,0.11503945468268469
2022-03-09 00:00:00+00:00,0.7658,0.06069807711279884,1.9279417380119726e-06,5.7805328815539236e-05,0.0015852699304415255,0.007568668279111079,0.008464168807840497,0.01632260183482029,0.028216167431669565,0.11441269532432781
2022-03-10 00:00:00+00:00,0.7361,-0.03955505997853398,0.0036842565651912748,0.003686184506929286,0.003742061894006823,0.008442797454574194,0.011765022154244412,0.018422267002760298,0.03073450682059875,0.07915052153222438
2022-03-11 00:00:00+00:00,0.8029,0.08686419412597801,0.0015646027699054205,0.005248859335096695,0.0052507872768347156,0.0068341292655382125,0.012817527614207775,0.0137277304635809,0.032298779769913584,0.07794863032094342
2022-03-12 00:00:00+00:00,0.7857,-0.021655133008862404,0.007545388221155593,0.009109990991061013,0.012794247556252296,0.012852052885067827,0.01755278844563521,0.021258416364092786,0.029747930691005363,0.0854368623192617
2022-03-13 00:00:00+00:00,0.7602,-0.03299348362662746,0.0004689447856315221,0.008014333006787114,0.009578935776692544,0.013265120283621822,0.014848462272325327,0.02134395793093695,0.029585794176704098,0.08315990373692773
2022-03-14 00:00:00+00:00,0.7748,0.01902337497769252,0.0010885699618205344,0.0015575147474520565,0.009102902968607659,0.014351762303704345,0.014409567632519885,0.021920430582815422,0.029089772741273365,0.0772572670899404
2022-03-15 00:00:00+00:00,0.7657,-0.011814483413763066,0.00036188879554189786,0.0014504587573624323,0.001919403542993963,0.011029394534054968,0.014715579040984255,0.01947219198862916,0.023192522227730446,0.07122367173594289
2022-03-16 00:00:00+00:00,0.7919,0.033644673097289024,0.0001395820183340826,0.0005014708138759805,0.0015900407756965235,0.00960437378248363,0.014853233117580324,0.016438503048021844,0.02331740192542082,0.0709473455666705
2022-03-17 00:00:00+00:00,0.7935,0.0020184187500968953,0.001131964027823444,0.0012715460461575265,0.001633434841699433,0.003190949589151481,0.012300940580212494,0.01604300247421931,0.024065962734456908,0.072047939950648
2022-03-18 00:00:00+00:00,0.7965,0.0037735893836394474,4.074014250742713e-06,0.0011360380420741866,0.0012756200604082779,0.0027260788177707017,0.010740411824557816,0.015991199101392524,0.02355793943876559,0.0683445562709173
2022-03-19 00:00:00+00:00,0.8194,0.028345235762667537,1.4239976836316344e-05,1.831399108705906e-05,0.0011502780189105116,0.0016517488327864834,0.00320926358023854,0.01600351113649083,0.020762052025873747,0.06804715226527151
2022-03-20 00:00:00+00:00,0.8057,-0.01686090032962051,0.0008034523904412067,0.000817692367277523,0.0008217663815282744,0.002093312427685792,0.0035437711850482244,0.01312270696174076,0.018392233457373553,0.06175168454864618
2022-03-21 00:00:00+00:00,0.8373,0.03847096442723599,0.000284289959925397,0.0010877423503666036,0.0011019823272029286,0.0022380203692771066,0.0027394911831530875,0.011842394151760737,0.017149058815672972,0.0616627874201307
2022-03-22 00:00:00+00:00,0.8366,-0.0008363702022881614,0.001480015103961657,0.001764305063887054,0.0025677574543282694,0.0025860714454153198,0.003857617491572846,0.005777021034566801,0.018573196532557103,0.0609597715392438
2022-03-23 00:00:00+00:00,0.8376,0.0011946005482290634,6.9951511527554e-07,0.0014807146190769327,0.0017650045790023382,0.0025826969462798524,0.0037187349883540393,0.005308775764050554,0.018571968105934363,0.05784456566231315
2022-03-24 00:00:00+00:00,0.8428,0.006189022373706832,1.4270704698291788e-06,2.126585585104719e-06,0.0014821416895467706,0.0025698840399133653,0.0025881980310004243,0.004221632872699849,0.014889138611212918,0.04751059080758597
2022-03-25 00:00:00+00:00,0.8239,-0.022680518608489658,3.830399794224374e-05,3.9731068412072925e-05,4.0430583527357135e-05,0.0018047356474144025,0.0026224280146919256,0.0038980480751001946,0.013362839839249742,0.046827866606016004
2022-03-26 00:00:00+00:00,0.8327,0.010624269920229329,0.0005144059243500456,0.0005527099222922894,0.0005541369927621272,0.002034851611839051,0.003122593962205655,0.004272871981116157,0.006331857542444194,0.046176355354103964
2022-03-27 00:00:00+00:00,0.858,0.029930666246188647,0.0001128751113378897,0.0006272810356879353,0.0006655850336301876,0.0006677116192152837,0.0024320166831023377,0.0032537830646306035,0.0059757878681505625,0.046288900644851264
2022-03-28 00:00:00+00:00,0.8641,0.007084403359391311,0.0008958447819407365,0.0010087198932786261,0.0015231258176286804,0.0015628568860407447,0.003043571505117677,0.004145553832320598,0.0057830626882707644,0.03708850812672818
2022-03-29 00:00:00+00:00,0.8577,-0.007434114850977752,5.01887709585549e-05,0.0009460335528992913,0.0010589086642371897,0.0016116185865294704,0.0016137451721145752,0.004181502626442835,0.0054713626636874214,0.03650761559775395
2022-03-30 00:00:00+00:00,0.8613,0.004188487798752083,5.526606361752797e-05,0.00010545483457608287,0.001001299616516828,0.0016285806522047545,0.0016683117206168275,0.003433316299619157,0.005387046708970867,0.034978290264120214
2022-03-31 00:00:00+00:00,0.8148,-0.0555001914424772,1.754343004029507e-05,7.280949365782303e-05,0.00012299826461638661,0.0011317181578950042,0.0016844280801872934,0.003166569769734055,0.004272626111187719,0.02873669438507569
2022-04-01 00:00:00+00:00,0.8277,0.015708085538699373,0.0030802712501516193,0.0030978146801919145,0.003153080743809451,0.004099114296708734,0.004726395332396669,0.004766825915924018,0.007348823347088594,0.031802263314583606
2022-04-02 00:00:00+00:00,0.824,-0.004480239981878437,0.00024674395129109636,0.003327015201442716,0.0033445586314830196,0.0034500134660590937,0.0044587333593377205,0.005012870352099838,0.007581327321543374,0.03166560404708734
2022-04-03 00:00:00+00:00,0.8432,0.023033647877626157,2.0072550295222093e-05,0.00026681650158631845,0.0033470877517379465,0.003419897245395761,0.004365930798295052,0.005031515831925231,0.006797947481397389,0.031173579287440502
2022-04-04 00:00:00+00:00,0.826,-0.02060940426611979,0.000530548934550472,0.000550621484845694,0.0007973654361367992,0.003895180116328705,0.004000634950904788,0.00552376076853346,0.0070442064560224645,0.028894000832262817
2022-04-05 00:00:00+00:00,0.8164,-0.011690342585288283,0.0004247475442043566,0.0009552964787548285,0.0009753690290500595,0.004302384230492767,0.00437519372415059,0.00543410238838777,0.005988938896265164,0.026145477417525768
2022-04-06 00:00:00+00:00,0.7595,-0.07224410889986227,0.00013666410976140474,0.0005614116539657613,0.001091960588516242,0.0013587770901025518,0.004456591770294466,0.0054578913868112856,0.0061249034909112935,0.0247546769256612
2022-04-07 00:00:00+00:00,0.7871,0.035694983112577044,0.005219211270735159,0.0053558753804965635,0.005780622924700929,0.006331244409546614,0.009658259610989331,0.009781257875605708,0.011342687691176623,0.02991801080931883
2022-04-08 00:00:00+00:00,0.7549,-0.04177001500282532,0.0012741318194071604,0.006493343090142319,0.006630007199903733,0.007585303678658553,0.007852120180244872,0.011005200924054312,0.01257851551264154,0.031190214686987978
2022-04-09 00:00:00+00:00,0.7622,0.009623698294180638,0.001744734153336252,0.0030188659727434126,0.00823807724347858,0.008799488897444332,0.009350110382290028,0.012694669013773037,0.013808843741627745,0.029250692275132953
2022-04-10 00:00:00+00:00,0.7543,-0.010418821580174653,9.261556885741532e-05,0.0018373497221936673,0.0031114815416008364,0.008467356922097392,0.00942265340085222,0.012769741152590157,0.013788584199147273,0.02777870507408495
2022-04-11 00:00:00+00:00,0.6948,-0.08216613249263532,0.00010855184311951306,0.00020116741197692838,0.0019459015653131892,0.0084392446554555,0.009000656309421262,0.009798021745558052,0.013001291260326047,0.020341868696048867
2022-04-12 00:00:00+00:00,0.7152,0.028938189492354438,0.006751273328797302,0.006859825171916815,0.0069524407407742395,0.009971306713517643,0.015327182094014208,0.01630255112306426,0.019702375818164794,0.02662419723921465
2022-04-13 00:00:00+00:00,0.7232,0.011123585218662413,0.0008374188110954128,0.007588692139892715,0.007697243983012237,0.009534593705205896,0.016027936795348214,0.01711989738386445,0.02048452856564268,0.02637304608848953
2022-04-14 00:00:00+00:00,0.7262,0.004139649902268672,0.00012373414811684493,0.0009611529592122576,0.007712426288009569,0.007913593699986487,0.010932459672729902,0.01671308259743082,0.02059071928371923,0.026134891441064477
2022-04-15 00:00:00+00:00,0.7858,0.07887684814412407,1.7136701313353023e-05,0.00014087084943019794,0.0009782896605256195,0.007838114832442426,0.009675464554636094,0.016305471754539818,0.017527584734880964,0.026012446124043746
2022-04-16 00:00:00+00:00,0.7808,-0.006383272025476644,0.0062215571731512095,0.006238693874464562,0.006362428022581416,0.013951120162474122,0.014152287574451052,0.022390364817929623,0.023502397956741077,0.03110203926937151
2022-04-17 00:00:00+00:00,0.7519,-0.03771569871490155,4.0746161751232694e-05,0.006262303334902442,0.006279440036215804,0.007240592995428053,0.014100418167344869,0.017211899708945697,0.02352307156819709,0.031138711416872
2022-04-18 00:00:00+00:00,0.7699,0.023657299900022632,0.0014224739295532261,0.0014632200913044589,0.007684777264455677,0.007825648113885867,0.015414340253778582,0.01736024181909176,0.02441499656319984,0.03254694536958891
2022-04-19 00:00:00+00:00,0.7749,0.006473352485900641,0.0005596678385596109,0.001982141768112837,0.0020228879298640782,0.008261581804328632,0.009222734763540892,0.01617517550431512,0.024549916857555098,0.03230316081770731
2022-04-20 00:00:00+00:00,0.7517,-0.03039668058648126,4.1904292406716005e-05,0.0006015721309663268,0.002024046060519562,0.008286349395421996,0.008427220244852195,0.01612446422786442,0.024455157040200407,0.03206077515018863
2022-04-21 00:00:00+00:00,0.7328,-0.02546449482350277,0.0009239581906765668,0.0009658624830832827,0.0015255303216429022,0.0029887504129473526,0.009227444287411915,0.016939870575421477,0.020159903960141813,0.03150471823690354
2022-04-22 00:00:00+00:00,0.7179,-0.02054252977748322,0.0006484404966161994,0.0015723986872927661,0.0016143029796994908,0.0035964447478123193,0.009858748082714763,0.010837037743240371,0.019534212637350855,0.03215245921840446
2022-04-23 00:00:00+00:00,0.7057,-0.01714006557565273,0.0004219955296587848,0.001070436026274984,0.0019943942169515596,0.002595966347917878,0.0040591864392223375,0.010421614461803744,0.018211474013673387,0.032573027677593416
2022-04-24 00:00:00+00:00,0.6981,-0.01082785903042871,0.00029378184793767576,0.0007157773775964605,0.0013642178742126684,0.002330080357295943,0.004312222125408781,0.010591662161624577,0.01841264029275365,0.032828505527588855
2022-04-25 00:00:00+00:00,0.6931,-0.007188070052416784,0.00011724253118283657,0.00041102437912051234,0.0008330199087793058,0.002405418596072063,0.0030069907270383906,0.010691767991494058,0.018421330980816972,0.03243134213442164
2022-04-26 00:00:00+00:00,0.642,-0.07658598523397786,5.166835107845103e-05,0.0001689108822612876,0.00046269273019897204,0.0015331287564739474,0.002498991239557231,0.0045218791694213,0.01172172600309812,0.0323701353741622
2022-04-27 00:00:00+00:00,0.6522,0.015762959665257592,0.005865413134259075,0.0059170814853375265,0.006034324016520372,0.006750101394116823,0.008322500081409591,0.010346546141929144,0.016749720326261784,0.037339703726480544
2022-04-28 00:00:00+00:00,0.6428,-0.014517629491861195,0.00024847089740853776,0.006113884031667613,0.006165552382746073,0.0065765767618665765,0.0076470127881415615,0.009172543109784454,0.016874457075553476,0.03753798585293053
2022-04-29 00:00:00+00:00,0.6116,-0.0497551598084503,0.00021076156606295794,0.00045923246347149573,0.00632464559773058,0.006493556479991858,0.00720933385758832,0.008823636837287801,0.01706808194030308,0.03769348135537596
2022-04-30 00:00:00+00:00,0.5845,-0.045321693142784114,0.0024755759275644283,0.0026863374936273864,0.0029348083910359325,0.00885188987637345,0.009262914255493963,0.011257308472445514,0.013322100694716298,0.04015151385290009
2022-05-01 00:00:00+00:00,0.607,0.03777201014737508,0.0020540558693286845,0.004529631796893113,0.004740393362956079,0.010854277394623683,0.011023188276884973,0.012387406151097631,0.015335410402293751,0.03912529847207715
2022-05-02 00:00:00+00:00,0.6143,0.011954617110383425,0.001426724750573406,0.0034807806199020908,0.005956356547466527,0.006415589010938015,0.01233267049627554,0.013165690405054838,0.01533966122331393,0.04030527927135946
2022-05-03 00:00:00+00:00,0.6047,-0.015750940890714438,0.00014291287025587217,0.0015696376208292782,0.0036236934901579714,0.006310030983785349,0.012423915015452962,0.012886607745651927,0.014922906255010193,0.040428119591320116
2022-05-04 00:00:00+00:00,0.6459,0.06591222575925981,0.00024809213894278013,0.0003910050091986523,0.001817729759772067,0.006347361556665171,0.0068065940201366675,0.01284091803665703,0.015129094101546257,0.040145662795712425
2022-05-05 00:00:00+00:00,0.5981,-0.07688672898791582,0.0043444215045396325,0.004592513643482413,0.004735426513738293,0.008216207133640376,0.010902544627267762,0.017068097010013824,0.018549557415409323,0.0440653367560477
2022-05-06 00:00:00+00:00,0.6022,0.006831651997122101,0.005911569094461215,0.010255990599000848,0.010504082737943636,0.012073720358772907,0.01660335215566602,0.02292799775339659,0.023812686013254338,0.04984024174074751
2022-05-07 00:00:00+00:00,0.5808,-0.03618315253704707,4.6671469009782394e-05,0.005958240563470997,0.010302662068010638,0.010693667077209283,0.014174447697111374,0.017109256088147298,0.023437361952605335,0.044667701939022135
2022-05-08 00:00:00+00:00,0.5662,-0.025459090832786968,0.0013092205275192159,0.0013558919965289983,0.007267461090990222,0.011859974734472627,0.013429612355301905,0.018170005718257977,0.024452800632186873,0.04470279064713419
2022-05-09 00:00:00+00:00,0.4873,-0.15006742282833874,0.0006481653060320975,0.0019573858335513133,0.0020040573025611047,0.012260047901561943,0.012651052910760597,0.018607409458227114,0.024983723407036137,0.043606221799830036
2022-05-10 00:00:00+00:00,0.513,0.05139589532130895,0.022520231394339403,0.0231683967003715,0.024477617227890727,0.030435857791361712,0.03502837143484413,0.03865206492500209,0.04745228645029709,0.06603383762531202
2022-05-11 00:00:00+00:00,0.4172,-0.20671012204415207,0.002641538055878947,0.02516176945021835,0.025809934756250458,0.027165826752779444,0.037421817351780295,0.03923954711155235,0.04422841137191696,0.06856682383807146
2022-05-12 00:00:00+00:00,0.3856,-0.07876516039022685,0.04272907455550824,0.04537061261138719,0.0678908440057266,0.06984822983927791,0.0758064704027489,0.0805418969164872,0.08670901503001666,0.1045446250647824
2022-05-13 00:00:00+00:00,0.4228,0.09209869125969194,0.006203950491298161,0.048933025046806404,0.051574563102685364,0.07474295980305684,0.07609885179958584,0.08660293453752947,0.09270220395525186,0.10991115674498514
2022-05-14 00:00:00+00:00,0.4262,0.008009465668434301,0.008482168931748057,0.014686119423046217,0.05741519397855448,0.08257696342877281,0.08453434926232413,0.09483701133033474,0.09870879695943549,0.11826959152861637
2022-05-15 00:00:00+00:00,0.4481,0.05010770212758053,6.415154029382773e-05,0.008546320472041883,0.014750270963340058,0.06012088357472724,0.08328928027509873,0.09055674136608895,0.09671889263040064,0.11831660636759683
2022-05-16 00:00:00+00:00,0.4231,-0.057407864066075676,0.002510781812506339,0.0025749333528001664,0.011057102284548238,0.05999012733135463,0.08515189678157298,0.08715595408413407,0.09780294969233357,0.11460583100695197
2022-05-17 00:00:00+00:00,0.438,0.03461035265042445,0.003295662856629023,0.005806444669135362,0.005870596209429202,0.020556715632475405,0.0659273282438626,0.0904049454717533,0.10095569967870671,0.11786074770182976
2022-05-18 00:00:00+00:00,0.4056,-0.07685145809947269,0.0011978765105867427,0.004493539367215766,0.0070043211797221165,0.015550641651763987,0.06448366669857039,0.09029360145482085,0.10190548405035069,0.11763615028286327
2022-05-19 00:00:00+00:00,0.4205,0.03607702713602923,0.0059061466120150065,0.007104023122601749,0.010399685979230784,0.012974619332030939,0.027660738755077158,0.09555158276080375,0.10346720915782605,0.12298262905631867
2022-05-20 00:00:00+00:00,0.4101,-0.025043447014989062,0.0013015518869737893,0.007207698498988796,0.00840557500957555,0.014212019678710901,0.022758340150752784,0.07433290325343814,0.09885719195033864,0.12424227665088573
2022-05-21 00:00:00+00:00,0.4145,0.010671942177336025,0.0006271742383925646,0.001928726125366354,0.007834872737381371,0.012328412104597126,0.014903345457397292,0.07231853943595175,0.09943769471972141,0.12394549269860174
2022-05-22 00:00:00+00:00,0.4218,0.017458293469324593,0.00011389034983640358,0.0007410645882289682,0.0020426164752027696,0.009146639597804507,0.01495308426693987,0.029703355230279914,0.09824236454203861,0.12341094255182193
2022-05-23 00:00:00+00:00,0.4052,-0.04015049567014595,0.00030479201086106174,0.0004186823606974653,0.001045856599090042,0.008253555098078827,0.012747094465294593,0.023804196749842813,0.09789899124686756,0.12329373903302422
2022-05-24 00:00:00+00:00,0.4086,0.008355910008993495,0.0016120623025584085,0.0019168543134194702,0.002030744663255886,0.003959470788622228,0.011063493911223977,0.016934090120653167,0.07699082215508657,0.12461201948764496
2022-05-25 00:00:00+00:00,0.406,-0.006383522781789108,6.982123207839766e-05,0.001681883534636806,0.00198667554549788,0.0027277401337268362,0.009935438632715633,0.016939759812437734,0.07441910533128601,0.12456459818854052
2022-05-26 00:00:00+00:00,0.392,-0.035091319811270116,4.0749363105620555e-05,0.00011057059518401822,0.001722632897742439,0.002141315258439892,0.004070041383806246,0.014469727363037019,0.031730780138883405,0.12455367920056769
2022-05-27 00:00:00+00:00,0.3819,-0.02610304555899201,0.0012314007260968386,0.001272150089202459,0.001341971321280869,0.003258825634700327,0.0039998902229292956,0.012405465232504834,0.02675823037368208,0.11991966679240544
2022-05-28 00:00:00+00:00,0.3863,0.011455475440764973,0.0006813689874548125,0.001912769713551651,0.0019535190766572837,0.003635402611294078,0.004054084971991543,0.011888957709372905,0.018957430429388834,0.12035256488245172
2022-05-29 00:00:00+00:00,0.3891,0.007222110318272357,0.00013122791757396945,0.0008125969050287819,0.0020439976311256327,0.0021545682263096385,0.004071422539729109,0.0061140390149318664,0.019024506806668975,0.12027303123396273
2022-05-30 00:00:00+00:00,0.4187,0.07331829303458981,5.215887744929604e-05,0.0001833867950232655,0.0008647557824780904,0.002136905871680537,0.0038187894063173434,0.004864646005407373,0.016565883871611935,0.11784961418384761
2022-05-31 00:00:00+00:00,0.4217,0.007139487727416571,0.00537557209350598,0.005427730970955277,0.005558958888529258,0.007471728602080897,0.007582299197264915,0.009613043860520788,0.018645793108488892,0.1211711304080249
2022-06-01 00:00:00+00:00,0.398,-0.05784215546807647,5.097228500993184e-05,0.005426544378515912,0.005478703255965221,0.00629130016099399,0.00756345025019645,0.009550125795694317,0.01749888888291208,0.11979537794246142
2022-06-02 00:00:00+00:00,0.4055,0.01866886827102987,0.003345714949193129,0.003396687234203061,0.008772259327709054,0.008955646122732306,0.010868415836283958,0.012591048734026384,0.014938457220090203,0.12299818002139867
2022-06-03 00:00:00+00:00,0.3904,-0.03794901901653014,0.0003485266425210658,0.003694241591714195,0.003745213876724139,0.009172944847679403,0.009985541752708185,0.011327513073989041,0.01398543197563748,0.12309861452497696
2022-06-04 00:00:00+00:00,0.3925,0.0053646826835256345,0.001440128044316966,0.001788654686838032,0.005134369636031174,0.010560914014547073,0.010744300809570338,0.012697819886227611,0.014798385781561882,0.12019432106475429
2022-06-05 00:00:00+00:00,0.3953,0.007108433080176613,2.8779820294919803e-05,0.0014689078646118858,0.0018174345071329638,0.005214121741336013,0.010641852712291289,0.012685850343416908,0.014713275252020397,0.114311531790588
2022-06-06 00:00:00+00:00,0.4026,0.01829854290305133,5.0529820855349164e-05,7.930964115026897e-05,0.0015194376854672472,0.005213679277181429,0.010640223655697343,0.01150497943817542,0.014459013062014685,0.11431539014243357
2022-06-07 00:00:00+00:00,0.4076,0.012342788142878702,0.00033483667237481016,0.00038536649323015935,0.00041414631352509125,0.002202801000363111,0.005599488234566172,0.011158447123095418,0.013181787431831087,0.11334100628728916
2022-06-08 00:00:00+00:00,0.4006,-0.017322878116851848,0.00015234441913998707,0.0004871810915147972,0.0005377109123701585,0.002006618776982032,0.005700860368696227,0.011179563624661435,0.013264310618892676,0.11284518540039705
2022-06-09 00:00:00+00:00,0.4002,-0.0009990010820849493,0.0003000821062513046,0.0004524265253912917,0.0007872631977661139,0.0008665728389163707,0.0026552275257544027,0.011427486853463443,0.01352364336203836,0.09062503611230896
2022-06-10 00:00:00+00:00,0.3815,-0.047853571425121255,9.980031620068996e-07,0.00030108010941331154,0.00045342452855331067,0.0008387910217834578,0.002307698886395344,0.00605291276311947,0.012293240639103527,0.08798449605959201
2022-06-11 00:00:00+00:00,0.3599,-0.058284635639526794,0.0022899642981391815,0.0022909623013011885,0.002591044407552505,0.00307822549906729,0.0031575351402175593,0.00829190477624872,0.013901835949787897,0.04754538580222295
2022-06-12 00:00:00+00:00,0.3433,-0.04722151462133861,0.003397098751632397,0.005687063049771578,0.005688061052933598,0.006140487578324877,0.006525854071555036,0.008343288578687989,0.017167706783846326,0.044738534062557185
2022-06-13 00:00:00+00:00,0.3118,-0.09624274383997022,0.002229871443133296,0.005626970194765693,0.007916934492904886,0.008218014602318186,0.008705195693832983,0.010224633379300218,0.019345419349530324,0.03848623657394242
2022-06-14 00:00:00+00:00,0.3214,0.030324496679736246,0.009262665741846126,0.011492537184979423,0.014889635936611832,0.017180598237913007,0.0176330247633043,0.018047171076829377,0.02323251299787047,0.04768475077549473
2022-06-15 00:00:00+00:00,0.3436,0.06679173680668793,0.0009195750988793346,0.01018224084072546,0.01241211228385877,0.018099175333630334,0.018400255443043648,0.018937966355413793,0.024101115811739873,0.04609354406186772
2022-06-16 00:00:00+00:00,0.3132,-0.09263622599345234,0.004461136105653871,0.005380711204533206,0.014643376946379344,0.020270347141145024,0.022561309442446213,0.023348572640212315,0.025216536968200618,0.04725901731089257
2022-06-17 00:00:00+00:00,0.321,0.024599159013367844,0.008581470366309974,0.013042606471963846,0.013962181570843193,0.0254547187558226,0.031141781805594182,0.03159520633414748,0.033449480691989525,0.0546426111666158
2022-06-18 00:00:00+00:00,0.3075,-0.042966035883443165,0.0006051186241649565,0.00918658899047493,0.013647725096128814,0.023829965936854262,0.029456936131619954,0.03204798053917245,0.03261447127183752,0.04934158317876575
2022-06-19 00:00:00+00:00,0.3264,0.05964853584337937,0.0018460802395373257,0.0024511988637022824,0.011032669230012268,0.016413380434545464,0.027905917619524885,0.03359397867245847,0.03443177169107992,0.04988611153132929
2022-06-20 00:00:00+00:00,0.3227,-0.011400524032035841,0.0035579478282589134,0.005404028067796239,0.006009146691961208,0.01905175316392504,0.0292339940046505,0.03715092849755538,0.037939189698483484,0.05281688512119563
2022-06-21 00:00:00+00:00,0.3294,0.02054971868562383,0.00012997194820502675,0.00368791977646394,0.005534000016001278,0.014720589006476197,0.020101300211009403,0.03499093614762122,0.037734324974313706,0.05283296671956426
2022-06-22 00:00:00+00:00,0.3223,-0.021790028922147986,0.0004222909380582772,0.0005522628862633039,0.004110210714522229,0.006561409578224499,0.019604016050188345,0.03201612833404711,0.03800427149323199,0.05295046564676147
2022-06-23 00:00:00+00:00,0.3358,0.041032955822048356,0.0004748053604280457,0.0008970962984863229,0.0010270682466913617,0.006431096314487589,0.01561768530496252,0.030261062251341852,0.03817899474740874,0.05181320870463112
2022-06-24 00:00:00+00:00,0.3672,0.08939091410289501,0.001683703463494172,0.0021585088239222177,0.0025807997619805073,0.006268719538444436,0.008719918402146717,0.022682099972989898,0.0398617002077409,0.05342709093604688
2022-06-25 00:00:00+00:00,0.3676,0.0010887317351966352,0.007990735524151155,0.009674438987645327,0.010149244348073384,0.010701507234336678,0.016105535302132917,0.02975326039826172,0.045562471433752874,0.06137707709709242
2022-06-26 00:00:00+00:00,0.3592,-0.023116054053487378,1.1853367912242764e-06,0.00799192086094238,0.009675624324436563,0.010572720622922875,0.014260640399386815,0.02529330962939907,0.0421665580189117,0.060146861707786804
2022-06-27 00:00:00+00:00,0.3537,-0.015430240216609548,0.0005343519550037502,0.0005355372917949745,0.008526272815946142,0.010684781639868348,0.011237044526131652,0.01724619121809285,0.040471038530782155,0.05999984467533574
2022-06-28 00:00:00+00:00,0.3375,-0.046883585898850555,0.00023809231314227467,0.0007724442681460249,0.0007736296049372613,0.010448068592582576,0.011345164891068899,0.016879164907070164,0.031446465102078304,0.06010670907090405
2022-06-29 00:00:00+00:00,0.3296,-0.02368571227726779,0.0021980706267348987,0.0024361629398771734,0.0029705148948809355,0.010962435755823303,0.01312094457974552,0.01723115529426774,0.032724960629933866,0.062252620820189654
2022-06-30 00:00:00+00:00,0.3321,0.0075563303473842325,0.0005610129660815141,0.002759083592816413,0.0029971759059587,0.0035327131977536622,0.01320715218539899,0.014234220432090338,0.028824837490361507,0.057438061692765184
2022-07-01 00:00:00+00:00,0.3139,-0.05636166453479308,5.7098128318799916e-05,0.000618111094400314,0.002816181721135225,0.003588625989281238,0.011580546850223618,0.014161346612204112,0.020300465252370333,0.057444187536074054
2022-07-02 00:00:00+00:00,0.3156,0.005401125123811301,0.003176637229132552,0.0032337353574513517,0.0037947483235328786,0.006230911263410039,0.0067664485552050135,0.016915692903278386,0.022871983857337932,0.057275109816013484
2022-07-03 00:00:00+00:00,0.3215,0.01852195470595497,2.9172152603065643e-05,0.0032058093817356175,0.00326290751005443,0.00602199110287083,0.006794435371016855,0.016470059695453405,0.021055075770403667,0.05695575532609548
2022-07-04 00:00:00+00:00,0.3287,0.022147936992499506,0.0003430628061294474,0.00037223495873251307,0.0035488721878650775,0.0041669832822653794,0.0066031462221425525,0.015129419038088683,0.017840190748274205,0.05585869008790796
2022-07-05 00:00:00+00:00,0.3252,-0.010705102996518168,0.0004905311130237281,0.0008335939191531755,0.0008627660717562538,0.004096501429207594,0.006855585022024006,0.007629214626961255,0.018200749913092906,0.05632044138063677
2022-07-06 00:00:00+00:00,0.3324,0.0218986853076375,0.00011459923016606225,0.0006051303431897903,0.0009481931493192504,0.004154002531054855,0.004772113625455169,0.007742628520336093,0.01789305820520069,0.05638451078994748
2022-07-07 00:00:00+00:00,0.3422,0.029056298476800135,0.0004795524182029385,0.0005941516483690006,0.0010846827613927414,0.0014569177201252418,0.004690653077576594,0.007687828983535282,0.01789780526297558,0.056529226535775606
2022-07-08 00:00:00+00:00,0.3402,-0.005861681496331705,0.0008442684811728979,0.0013238208993758362,0.0014384201295419112,0.002272014048695074,0.0054778234304306925,0.008294005151565904,0.01705837028065431,0.057221150597808516
2022-07-09 00:00:00+00:00,0.3448,0.013430858827776504,3.43593099644375e-05,0.0008786277911373352,0.0013581802093402867,0.0019633105525300645,0.0023355455112625775,0.006130293834795444,0.00910199406646759,0.05695542780152165
2022-07-10 00:00:00+00:00,0.3255,-0.05760207714091403,0.00018038796885166204,0.00021474727881609944,0.00105901575998901,0.0016531674083579981,0.0024867613275111737,0.005749668837565591,0.009281196698528029,0.057134817767211306
2022-07-11 00:00:00+00:00,0.3152,-0.03215510366489993,0.003317999290947811,0.0034983872597994727,0.003532746569763923,0.004856567469139747,0.005461697812329537,0.009010570000194602,0.01206484403447209,0.05816285276001994
2022-07-12 00:00:00+00:00,0.3116,-0.011487043987130852,0.001033950691700461,0.004351949982648272,0.0045323379514999465,0.005410965742637269,0.00600511739100627,0.006867883462762511,0.012860702413030277,0.055799704700088
2022-07-13 00:00:00+00:00,0.3237,0.038096846935605555,0.00013195217956227904,0.00116590287126274,0.004483902162210563,0.00469864944102665,0.006022470340402487,0.006970663489721725,0.010794583965857656,0.053701785436516984
2022-07-14 00:00:00+00:00,0.3338,0.030724850295535955,0.0014513697464349584,0.0015833219259972374,0.002617272617697711,0.006115659877497171,0.006994287668634506,0.008078970430027236,0.011684940746211101,0.04589048944110581
2022-07-15 00:00:00+00:00,0.3342,0.0011976049335586936,0.0009440164256830959,0.0023953861721180544,0.002527338351680346,0.0068792883343286055,0.0070940356131447046,0.008532455742686603,0.012571859043575396,0.045914930767909576
2022-07-16 00:00:00+00:00,0.3505,0.04762109031335138,1.4342575768841229e-06,0.00094545068325998,0.002396820429694951,0.003562723300957678,0.007061110560757151,0.008419290770097426,0.009396656072019728,0.04145522891983259
2022-07-17 00:00:00+00:00,0.3433,-0.020756006010998362,0.0022677682426323685,0.0022692025002092526,0.0032132189258923614,0.004796540851889585,0.009148490834537858,0.010207506594526856,0.011635252162049031,0.03514152679615499
2022-07-18 00:00:00+00:00,0.3653,0.062114233337590585,0.00043081178552860014,0.0026985800281609687,0.0027000142857378654,0.005095400457855906,0.006261303329118647,0.009794049898882556,0.011723001141448183,0.03496721995751863
2022-07-19 00:00:00+00:00,0.3729,0.020591353383538236,0.0038581779831166497,0.00428898976864525,0.006556758011277631,0.007502208694537597,0.009085530620534837,0.013617868572034768,0.015090648011541105,0.036979317701097955
2022-07-20 00:00:00+00:00,0.3635,-0.025530990211201088,0.00042400383416575155,0.004282181817282401,0.004712993602811013,0.006982196103020253,0.009377582275138309,0.013861484437348859,0.015400052615540795,0.03384537370700479
2022-07-21 00:00:00+00:00,0.3669,0.009310034387662203,0.0006518314611644458,0.0010758352953301974,0.00493401327844686,0.007632593306607815,0.008578043989867796,0.011195316607565495,0.015572331658502301,0.03436723321996421
2022-07-22 00:00:00+00:00,0.3578,-0.025115160286617533,8.667674029945273e-05,0.0007385082014638986,0.0011625120356296627,0.005451501804274899,0.007720704304484152,0.010248042656164486,0.014814739917628857,0.03403161902220539
2022-07-23 00:00:00+00:00,0.3592,0.003905165353425888,0.0006307712762224904,0.0007174480165219432,0.0013692794776864017,0.00565146129496879,0.008350041323129758,0.010746861752824697,0.015411151883886911,0.034187584937999824
2022-07-24 00:00:00+00:00,0.3586,-0.0016717752570121203,1.525031643759794e-05,0.0006460215926600884,0.0007326983329595538,0.0018085336282897381,0.006097523396934988,0.009310742322827336,0.015246014231472847,0.032519131790943255
2022-07-25 00:00:00+00:00,0.3362,-0.06450134019651732,2.794832509957941e-06,1.8045148947555882e-05,0.0006488164251700589,0.0013873246266339445,0.005669506443916346,0.0083695207296542,0.011930809773034992,0.024531191099302057
2022-07-26 00:00:00+00:00,0.3372,0.002970005153185129,0.004160422887146861,0.004163217719656819,0.004178468036094429,0.004895916052616359,0.005971751347946557,0.012528509359224175,0.015057281968481391,0.028690428649657693
2022-07-27 00:00:00+00:00,0.3594,0.06375974822175845,8.820930609946222e-06,0.004169243817756807,0.004172038650266777,0.004818060242926853,0.005556568444390752,0.010269562047201752,0.01493415071952906,0.02816489762526389
2022-07-28 00:00:00+00:00,0.3739,0.03955240763360934,0.004065305493302029,0.004074126423911976,0.00823454931105885,0.008252594460006393,0.008970042476528335,0.013904055754975183,0.01754808646639613,0.03199211080542364
2022-07-29 00:00:00+00:00,0.3679,-0.016177219872339443,0.0015643929496151987,0.005629698442917228,0.0056385193735271864,0.009801737093183993,0.010447758685844081,0.011610270721473732,0.018168462990328236,0.03135843312830394
2022-07-30 00:00:00+00:00,0.3879,0.05293641233519286,0.0002617024427980142,0.0018260953924132128,0.005891400885715254,0.01006064470347205,0.010078689852419605,0.011447969330105993,0.018428731175549364,0.031059122605020445
2022-07-31 00:00:00+00:00,0.3792,-0.02268380406505488,0.002802263750921559,0.003063966193719573,0.004628359143334784,0.008702485567246747,0.012865703286903566,0.013598401619863107,0.018963226683838555,0.03380428822762321
2022-08-01 00:00:00+00:00,0.3791,-0.00026374785857752325,0.0005145549668618003,0.0033168187177833592,0.0035785211605813857,0.0092082196034986,0.013377463421255408,0.014026279846425455,0.019046969865171754,0.031142205965352453
2022-08-02 00:00:00+00:00,0.3714,-0.02052037360368364,6.956293290422921e-08,0.0005146245297947045,0.003316888280716276,0.005142983673129475,0.009217110097041452,0.013395578133135869,0.01518886144498801,0.03111310337568229
2022-08-03 00:00:00+00:00,0.3695,-0.0051289085303490856,0.0004210857328347563,0.0004211552957676605,0.000935710262629473,0.003999676456349033,0.009629374899266262,0.013801413549533027,0.015185943343657015,0.0311911263023876
2022-08-04 00:00:00+00:00,0.371,0.004051322219178699,2.6305702712687616e-05,0.0004473914355474439,0.0004474609984803603,0.0037642797162637065,0.005590375108676921,0.013824924419735755,0.014560417585205257,0.03072690089207656
2022-08-05 00:00:00+00:00,0.3764,0.014450345103789508,1.641321172361102e-05,4.2718914436298635e-05,0.00046380464727106705,0.0009784291770657586,0.004042395370785333,0.009680914744312508,0.014490154056629415,0.030628714873634107
2022-08-06 00:00:00+00:00,0.3715,-0.013103543553410812,0.0002088124736186134,0.00022522568534222442,0.0002515313880549242,0.0006726866838225717,0.003989505401605932,0.009880906287321174,0.014068195254025537,0.03035797492904978
2022-08-07 00:00:00+00:00,0.3722,0.0018824800503365324,0.00017170285365613407,0.00038051532727474745,0.0003969285389983706,0.0008443199745458015,0.001358944504340507,0.005987303647675279,0.014224647791244072,0.029685409301533017
2022-08-08 00:00:00+00:00,0.3787,0.017312990699598796,3.5437311399150336e-06,0.0001752465847960491,0.00038405905841467464,0.00042677797285096026,0.0008479332686186216,0.004426454429199996,0.01422539668987403,0.029654593722708494
2022-08-09 00:00:00+00:00,0.3672,-0.030837676161413752,0.0002997396469643944,0.0003032833781043095,0.00047498623176045566,0.0007002119171026671,0.0011476033526501119,0.004464491633366375,0.010364713449691565,0.029773945400821226
2022-08-10 00:00:00+00:00,0.3814,0.03794203441998334,0.000950962271036226,0.0012507019180006203,0.0012542456491405475,0.0016347609764152818,0.0016774798908515817,0.0026131901534810426,0.011306854790117844,0.027406908380909645
2022-08-11 00:00:00+00:00,0.3802,-0.003151263111989988,0.0014395979759272005,0.002390560246963426,0.002690299893927833,0.0028655464787238688,0.0030907721640660944,0.0035382331625464425,0.008681147272743014,0.027812555665136383
2022-08-12 00:00:00+00:00,0.3796,-0.0015793633185559042,9.930459200988825e-06,0.0014495284351281892,0.002400490706164427,0.0027037740842687234,0.003084289411543472,0.003548094058814527,0.007126684782328805,0.027690533944775095
2022-08-13 00:00:00+00:00,0.378,-0.004223871116185163,2.4943884919999182e-06,1.2424847692988525e-05,0.0014520228236202014,0.0027027247416208083,0.002877971326416859,0.0031295027144717705,0.0068674767280227905,0.026241658586832133
2022-08-14 00:00:00+00:00,0.3757,-0.006103243039664474,1.784108720614329e-05,2.0335475698142994e-05,3.0265934899144177e-05,0.0024208261818625576,0.002724109559966868,0.0031210380989652267,0.004083054064307375,0.02531548324835518
2022-08-15 00:00:00+00:00,0.3751,-0.0015982954920815695,3.7249575601212854e-05,5.509066280735592e-05,5.758505129936821e-05,0.0015071134864275443,0.0027578154044281657,0.0031418744628428285,0.0036057486730467873,0.02535129856637951
2022-08-16 00:00:00+00:00,0.377,0.005052530360169172,2.5545484800082666e-06,3.98041240812209e-05,5.764521128737655e-05,7.007005898035207e-05,0.0024606303059437795,0.002935616537704223,0.0036082336585938914,0.02308608487222715
2022-08-17 00:00:00+00:00,0.3795,0.006609409387673848,2.552806304043122e-05,2.8082611520439257e-05,6.533218712166448e-05,8.566766281979446e-05,0.0015351960979479852,0.0027894417470885205,0.0032126759887995664,0.022680801149738982
2022-08-18 00:00:00+00:00,0.3704,-0.024271094063660348,4.368429245387119e-05,6.921235549430218e-05,7.176690397432282e-05,0.00012685756678166573,0.00013928241447465578,0.0028295823084024765,0.00323005457854075,0.018866307459076203
2022-08-19 00:00:00+00:00,0.3344,-0.10224562156147787,0.0005890860070470485,0.0006327702995009195,0.0006582983625413631,0.0006981024866225709,0.0007184379623207155,0.0031189286684851305,0.0038027273738641875,0.0190313896319575
2022-08-20 00:00:00+00:00,0.3368,0.007151401157625248,0.01045416712849295,0.011043253135539997,0.011086937427993881,0.011115020039514307,0.011170110702321665,0.012622133525941853,0.014048082028738524,0.028833725299286003
2022-08-21 00:00:00+00:00,0.3449,0.023765237574623566,5.114253851728374e-05,0.010505309667010233,0.011094395674057294,0.011163608029551582,0.011203412153632806,0.011233678088531936,0.013927521713599672,0.028798191097503836
2022-08-22 00:00:00+00:00,0.344,-0.0026128625693968566,0.0005647865169782998,0.0006159290554955835,0.011070096183988545,0.011702866483489451,0.011730949095009892,0.011788534146309248,0.014488764499438058,0.028732206338259646
2022-08-23 00:00:00+00:00,0.3472,0.009259325412796837,6.827050806555143e-06,0.0005716135677848549,0.0006227561063021508,0.011666009241842135,0.01173522159733644,0.011792866808623802,0.01419585190328022,0.028723783072628604
2022-08-24 00:00:00+00:00,0.3456,-0.004618945856294632,8.573510710006533e-05,9.256215790662046e-05,0.0006573486748849323,0.011162658341895152,0.011795428641396074,0.011860760828517725,0.01333062473934406,0.028806723347218708
2022-08-25 00:00:00+00:00,0.3491,0.01007637718108989,2.133466082338135e-05,0.00010706976792344668,0.00011389681873001396,0.0007298258742255836,0.011773079009765585,0.011844845913739894,0.01191236142424024,0.024667635120895228
2022-08-26 00:00:00+00:00,0.3393,-0.028473742320806128,0.00010153337709558905,0.00012286803791897042,0.00020860314501904787,0.0007802167128038889,0.011285526379814123,0.011943824742355473,0.012003964342134838,0.024760347567380873
2022-08-27 00:00:00+00:00,0.3346,-0.013948883237460796,0.000810754001751666,0.000912287378847255,0.0009336220396706485,0.0010261841975772552,0.0016421132530728402,0.012729050681066709,0.012812223955394506,0.02150579607583051
2022-08-28 00:00:00+00:00,0.3224,-0.037142777920250225,0.0001945713435723148,0.0010053253453239808,0.001106858722419582,0.0012139284903430146,0.0017855420581278712,0.012879937732185152,0.012988954211760677,0.020135974469787626
2022-08-29 00:00:00+00:00,0.3337,0.03444937512485491,0.0013795859516330276,0.0015741572952053424,0.0023849112969570206,0.0025077793348759767,0.0026003414927825994,0.013670437676771133,0.014331290587792492,0.02125385797862264
2022-08-30 00:00:00+00:00,0.3267,-0.02120006715030387,0.001186759446492972,0.0025663453981259994,0.0027609167416983264,0.0036732041205455677,0.003780273888469016,0.0044030299947711545,0.015515495485805456,0.019638353674194052
2022-08-31 00:00:00+00:00,0.3277,0.0030562370977444964,0.0004494428471773932,0.0016362022936703652,0.003015788245303405,0.0040211135906273714,0.004143981628546344,0.004801330303431265,0.015939410269942417,0.019573241554509645
2022-09-01 00:00:00+00:00,0.3331,0.016344189494865047,9.340585197629702e-06,0.0004587834323750229,0.001645542878868007,0.0032197001740733354,0.004131987552920593,0.004245884371650594,0.015905066562686174,0.01958251257677437
2022-09-02 00:00:00+00:00,0.3314,-0.005116640207171397,0.00026713253024405694,0.00027647311544168665,0.000725915962619092,0.0032922613607450774,0.004297586706069061,0.0045061898510880966,0.015583113085883183,0.01942855937418367
2022-09-03 00:00:00+00:00,0.3297,-0.005142954914777231,2.6180007009642954e-05,0.0002933125372536999,0.00030265312245134177,0.001938855416121693,0.003513012711327037,0.004446634750997673,0.005155125964399878,0.019428433678480624
2022-09-04 00:00:00+00:00,0.3317,0.00604779587532156,2.6449985255431277e-05,5.262999226507423e-05,0.00031976252250914334,0.0007785459548841524,0.0033448913530101537,0.004451750075429724,0.005130433411138026,0.019438470452012448
2022-09-05 00:00:00+00:00,0.3329,0.003611198627972323,3.6575834949556476e-05,6.302582020498775e-05,8.920582721464285e-05,0.0003656789426563156,0.0020018812363266827,0.004386792533283691,0.004602222729109282,0.01926623381334339
2022-09-06 00:00:00+00:00,0.3212,-0.035778162508372624,1.3040755530669188e-05,4.961659048022566e-05,7.606657573566909e-05,0.0003693791129893551,0.0008281625453643798,0.003589079287062694,0.004608436433833396,0.019107571715217927
2022-09-07 00:00:00+00:00,0.3369,0.047722168339900506,0.0012800769124755205,0.0012931176680061897,0.0013296935029557583,0.0013823234952208188,0.001658796610662507,0.0046745848559659,0.00580277823920885,0.020384104896553533
2022-09-08 00:00:00+00:00,0.3396,0.00798230402468536,0.002277405351061802,0.003557482263537323,0.003570523019068004,0.003633548839272978,0.00392686137652668,0.005572404255394675,0.008058848929447273,0.02236177060065094
2022-09-09 00:00:00+00:00,0.3568,0.04940694626866193,6.37171775425081e-05,0.0023411225286043102,0.0036211994410798426,0.0036708160315600544,0.0037234460238251307,0.004449361986444211,0.008021032729894191,0.02147452550715722
2022-09-10 00:00:00+00:00,0.3573,0.0014003643235098728,0.0024410463395944473,0.002504763517136955,0.00478216886819877,0.006075286536204946,0.0061383123564099345,0.006440965478861265,0.009651325067736973,0.022475973870824468
2022-09-11 00:00:00+00:00,0.3552,-0.005894753911349193,1.961020238559264e-06,0.002443007359833006,0.0025067245373755266,0.006064206800912836,0.006113823391393063,0.006433585913902195,0.009458714744403216,0.022468004431862035
2022-09-12 00:00:00+00:00,0.3598,0.01286731039841782,3.474812367536661e-05,3.6709143913925445e-05,0.002477755483508385,0.004818878012112681,0.006111995680118873,0.006201201507333503,0.008113876916445556,0.022500258167045404
2022-09-13 00:00:00+00:00,0.3326,-0.0786077547576054,0.00016556767688923133,0.0002003158005645975,0.00020227682080316934,0.0027070403379401108,0.006264522601477435,0.006340589177213092,0.007092685146841815,0.022647984756728495
2022-09-14 00:00:00+00:00,0.3415,0.026407112252017306,0.006179179108031834,0.006344746784921065,0.006379494908596444,0.008822502268429438,0.011163624797033748,0.012493318299989495,0.012822421407696256,0.028789914289159113
2022-09-15 00:00:00+00:00,0.3261,-0.04614359621557118,0.0006973355774906425,0.006876514685522476,0.00704208236241172,0.0070787915063256325,0.00958355502346259,0.013154078042530581,0.013510416399989268,0.02948469531816975
2022-09-16 00:00:00+00:00,0.3552,0.08547692832274145,0.002129231471705675,0.0028265670491963166,0.009005746157228163,0.009206061957792748,0.011649069317625757,0.015270268758705586,0.015372515341450886,0.03158839872683499
2022-09-17 00:00:00+00:00,0.3762,0.057439905748915,0.0073063052754910795,0.009435536747196754,0.01013287232468741,0.01647761910960846,0.01651432825352239,0.021296497121721145,0.022652640609932325,0.038851019709872196
2022-09-18 00:00:00+00:00,0.3576,-0.05070587356757095,0.003299342772444238,0.010605648047935318,0.012734879519641005,0.019611394205163467,0.019811710005728067,0.02231843454310358,0.02592553339712113,0.04156127647526939
2022-09-19 00:00:00+00:00,0.3848,0.07330867549219233,0.00257108561425049,0.005870428386694727,0.01317673366218582,0.016003300711382125,0.022348047496303192,0.024825802979811563,0.028460043176422065,0.033678194961026926
2022-09-20 00:00:00+00:00,0.414,0.07314225503376293,0.005374161902419561,0.00794524751667005,0.0112445902891143,0.020680127036311044,0.027556641721833516,0.02775891854263668,0.033821164323310955,0.03900121432492921
2022-09-21 00:00:00+00:00,0.3936,-0.05053080864721593,0.0053497894714240185,0.01072395137384358,0.013295036988094082,0.023900685036029386,0.0267272520852257,0.03310674699382214,0.03789087688225945,0.04378621727937493
2022-09-22 00:00:00+00:00,0.4862,0.2112848967039247,0.002553362622541552,0.00790315209396557,0.013277313996385143,0.01914774238307986,0.028583279130276612,0.03562536149268832,0.038166834153739206,0.046332752851109923
2022-09-23 00:00:00+00:00,0.5069,0.04169368359628067,0.04464130757518813,0.04719467019772968,0.05254445966915371,0.06048970718582375,0.07109535523375907,0.08010110139098722,0.08274442455138484,0.090888325319198
2022-09-24 00:00:00+00:00,0.4878,-0.03840825969648387,0.001738363251826764,0.0463796708270149,0.04893303344955646,0.059656984823400025,0.06552741321009475,0.07566028553478214,0.08204174146361715,0.09260535391020137
2022-09-25 00:00:00+00:00,0.4917,0.007963288636073873,0.0014751944129125472,0.003213557664739311,0.047854865239927456,0.05575801733389301,0.06370326485056307,0.07643814437020406,0.08351497485629114,0.09397901494601833
2022-09-26 00:00:00+00:00,0.4683,-0.04875965822839767,6.341396590142328e-05,0.0015386083788139705,0.0032769716306407484,0.05047164182837042,0.061195593202214,0.0743723268643998,0.08354364069851719,0.09323167491016808
2022-09-27 00:00:00+00:00,0.4457,-0.049463036236986,0.002377504270550149,0.002440918236451572,0.003916112649364133,0.050295783476379016,0.05819893557034459,0.06944352585945887,0.08575557729217811,0.09541460783714592
2022-09-28 00:00:00+00:00,0.4489,0.007154065835376366,0.0024465919537813904,0.004824096224331539,0.004887510190232976,0.008101067854972274,0.055295738052701965,0.06859077504079603,0.08202299013792766,0.09648161383929428
2022-09-29 00:00:00+00:00,0.4877,0.0829003169281205,5.1180657976899346e-05,0.0024977726117582895,0.004875276882308453,0.0064138852611224095,0.0527935560881373,0.06607087008452243,0.08137683521841392,0.09534603505077821
2022-09-30 00:00:00+00:00,0.4799,-0.01612271385180708,0.006872462546782822,0.0069236432047597215,0.009370235158541126,0.011811153394992686,0.015024711059731997,0.0675691707288857,0.08612006629349107,0.10176905475038364
2022-10-01 00:00:00+00:00,0.4754,-0.009421193938106365,0.0002599419019472519,0.007132404448730074,0.007183585106706988,0.012007681331038514,0.013546289709852484,0.062479323159408934,0.07907370291994725,0.10201965606713327
2022-10-02 00:00:00+00:00,0.4485,-0.05824787342724269,8.875889521941212e-05,0.000348700797166664,0.007221163343949501,0.009718935955707777,0.012159854192159349,0.06001471943208679,0.07586311904272242,0.10184128243210862
2022-10-03 00:00:00+00:00,0.4621,0.02987263637736992,0.003392814758796085,0.003481573654015497,0.0037415155559627636,0.010665158760722472,0.015489254985054011,0.018766226615694746,0.07668484818726802,0.10520791718389506
2022-10-04 00:00:00+00:00,0.4795,0.03696257644727219,0.0008923744041345647,0.00428518916293065,0.004373948058150077,0.011506352506880136,0.014004125118638426,0.017920237768002546,0.07220306068898301,0.1060738416027742
2022-10-05 00:00:00+00:00,0.4887,0.019004909952616278,0.0013662320576204407,0.0022586064617550056,0.005651421220551105,0.0060001220177177544,0.012923765222477478,0.01781127541271044,0.06821950327517944,0.10740349782544507
2022-10-06 00:00:00+00:00,0.4934,0.00957139981914712,0.00036118660230705324,0.001727418659927494,0.0026197930640620734,0.006101366718077556,0.01323377116680763,0.018109048049116068,0.06602732725494494,0.10775164367222147
2022-10-07 00:00:00+00:00,0.5177,0.04807571981259939,9.161169449796951e-05,0.00045279829680502275,0.0018190303544254782,0.006104219517356114,0.006452920314522777,0.01582315547306389,0.021477631374254774,0.1065631784542439
2022-10-08 00:00:00+00:00,0.517,-0.001353049399426598,0.0023112748354995618,0.0024028865299975314,0.0027640731323045993,0.00502267959405959,0.008504253248075088,0.01568783835478206,0.02205054295792757,0.10659704793868166
2022-10-09 00:00:00+00:00,0.5325,0.029540023075151023,1.8307426772886775e-06,0.0023131055781768503,0.0024047172726748348,0.004132135932602314,0.008417325095532963,0.01563848843948245,0.020577179287692312,0.10653516150381645
2022-10-10 00:00:00+00:00,0.4939,-0.07524983003700092,0.0008726129632804549,0.0008744437059577436,0.00318571854145732,0.003638516838262328,0.005897123300017334,0.009638638855980082,0.021386378285071346,0.10496672812750246
2022-10-11 00:00:00+00:00,0.4861,-0.01591870349516944,0.005662536920597526,0.006535149883877981,0.006536980626555285,0.008939867156552801,0.010667285816480295,0.015041233874630357,0.02467141093511872,0.11062730402786143
2022-10-12 00:00:00+00:00,0.4881,0.0041059388416919695,0.00025340512096711973,0.005915942041564646,0.0067885550048451156,0.009101660583021951,0.009554458879826973,0.015205880100378065,0.02247822410230445,0.11084596102515316
2022-10-13 00:00:00+00:00,0.4791,-0.018610959004025207,1.6858733771714793e-05,0.00027026385473883453,0.005932800775336375,0.006807244481294103,0.009210131011291636,0.011829924075353694,0.022443902178099266,0.11069725208203565
2022-10-14 00:00:00+00:00,0.4883,0.01902062717853803,0.0003463677950495069,0.0003632265288212217,0.0006166316497883562,0.007151781533666322,0.009464887111843172,0.011283917466268636,0.01591780742636595,0.10486444076905334
2022-10-15 00:00:00+00:00,0.4818,-0.013400880886843547,0.0003617842582649396,0.0007081520533144465,0.0007250107870861761,0.006640952828650806,0.007515396534608551,0.010279469666913135,0.016019649782683637,0.10452888944982763
2022-10-16 00:00:00+00:00,0.4766,-0.010851525516129223,0.0001795836085433687,0.0005413678668083082,0.00088773566185783,0.0011579995165966488,0.007693149400474631,0.01009786667314945,0.016110474496007596,0.10257924158666533
2022-10-17 00:00:00+00:00,0.4804,0.007941525541186656,0.00011775560602720361,0.00029733921457057234,0.0006591234728355267,0.0010223500016567327,0.00693829204322138,0.010124010584678685,0.012835415343238713,0.09539069191720144
2022-10-18 00:00:00+00:00,0.4658,-0.03086273275558782,6.306782792132001e-05,0.00018082343394852364,0.00036040704249190705,0.0010685590958063379,0.0013388229505451733,0.007875803577100443,0.012006108767025469,0.09215441697267854
2022-10-19 00:00:00+00:00,0.4504,-0.03362028062475997,0.0009525082731428332,0.0010155761010641534,0.0011333317070913716,0.0016746995738996643,0.0020379261027208867,0.008826481107565988,0.01159238498254786,0.09053583963157087
2022-10-20 00:00:00+00:00,0.4465,-0.008696676508926915,0.0011303232692876106,0.0020828315424304437,0.0021458993703517785,0.002443238584922335,0.003151390638236783,0.009084191413573143,0.012361521649528417,0.08629200099843892
2022-10-21 00:00:00+00:00,0.4614,0.03282594542309947,7.563218230092124e-05,0.0012059554515885316,0.0021584637247313797,0.0023392871586798876,0.0028806550254881973,0.0034972866752765383,0.01234554213733137,0.08101784370931582
2022-10-22 00:00:00+00:00,0.4653,0.008417013110949556,0.0010775426929203048,0.001153174875221226,0.002283498144508851,0.003299074245572989,0.0035964134601435623,0.004321424247229724,0.011111809994752114,0.07954202377969458
2022-10-23 00:00:00+00:00,0.4688,0.007493879412200033,7.084610970989672e-05,0.0011483888026302016,0.0012240209849311377,0.0033068525273615653,0.0034876759613100905,0.004375411623167905,0.011180825361784722,0.034971562314216345
2022-10-24 00:00:00+00:00,0.4529,-0.034504887700634534,5.615822864459551e-05,0.00012700433835449222,0.0012045470312748118,0.002410502482863328,0.0034260785839274823,0.004085202056762994,0.010364370627148862,0.03328935729103418
2022-10-25 00:00:00+00:00,0.4605,0.01664150513319329,0.0011905872752334004,0.0012467455038779958,0.0013175916135879074,0.0024707664888091174,0.004553598031239562,0.004914005073731455,0.005892420981784736,0.03300475015335503
2022-10-26 00:00:00+00:00,0.4689,0.018076670400179018,0.00027693969309809863,0.001467526968331499,0.0015236851969761091,0.002672073999606295,0.0038780294511948283,0.005011361158286184,0.005915955553915714,0.0332182758805517
2022-10-27 00:00:00+00:00,0.4615,-0.01590747215263366,0.00032676601275670827,0.0006037057058548068,0.001794292981088222,0.0019212973194426984,0.0030744721946639256,0.005220371565015689,0.006225862832900709,0.031167537622758264
2022-10-28 00:00:00+00:00,0.4744,0.02756879374060872,0.0002530476702868154,0.0005798136830435236,0.0008567533761416371,0.002103498880019617,0.0032518876826498197,0.005410351407381184,0.0061325427081380165,0.02897399333926369
2022-10-29 00:00:00+00:00,0.4701,-0.009105409653430763,0.0007600383883122267,0.0010130860585990421,0.001339852071355765,0.0028073790396872483,0.0029343833780417416,0.005217881522550578,0.006530796838185304,0.029682851069599017
2022-10-30 00:00:00+00:00,0.4582,-0.02563966801068973,8.290848495679013e-05,0.0008429468732690169,0.001095994543555847,0.001699700249410638,0.002946445753288635,0.004170466738219758,0.006434121714598725,0.022893297007772984
2022-10-31 00:00:00+00:00,0.4641,0.01279427622773499,0.0006573925756983863,0.0007403010606551765,0.0015003394489674178,0.002080153132010926,0.0035476801003424254,0.004752227131617223,0.006973758684269907,0.023290747681524115
2022-11-01 00:00:00+00:00,0.4636,-0.0010779347815335072,0.00016369350419158472,0.0008210860798899711,0.0009039945648467759,0.0019170806234458022,0.0025207863293006103,0.003838377942888503,0.007074384360540172,0.023365682290496292
2022-11-02 00:00:00+00:00,0.4497,-0.030441417688934935,1.1619433932396898e-06,0.0001648554475848244,0.0008222480232832255,0.0016651948965522266,0.002245008579595751,0.0037686937765718455,0.006123038030790579,0.019974029475093445
2022-11-03 00:00:00+00:00,0.4548,0.01127706809971929,0.0009266799109122007,0.0009278418543054404,0.00109153535849704,0.0018318364191522007,0.0028449224777512437,0.004639215458839451,0.00591939467241517,0.02000833498187108
2022-11-04 00:00:00+00:00,0.5064,0.10746910895358541,0.00012717226492570642,0.0010538521758379073,0.0010550141192311618,0.001876100199121117,0.0027190470723901347,0.003575800448531757,0.005970934755039955,0.018769275189176347
2022-11-05 00:00:00+00:00,0.493,-0.0268176967872763,0.011549609379277612,0.011676781644203318,0.012603461555115533,0.012768317002700343,0.013508618063355519,0.014848470134711269,0.01644300144139726,0.029957697966146907
2022-11-06 00:00:00+00:00,0.4709,-0.04586341679318129,0.0007191888609742896,0.012268798240251901,0.012395970505177621,0.013323812359483047,0.014144898439373018,0.01524089298292885,0.017091344192661655,0.030585275132623227
2022-11-07 00:00:00+00:00,0.4648,-0.013038551711807345,0.0021034529999450634,0.002822641860919353,0.01437225124019698,0.015426103416034873,0.015590958863619695,0.0170912983125871,0.019138638963962125,0.03037745329706873
2022-11-08 00:00:00+00:00,0.4059,-0.1355003816928495,0.00017000383074147423,0.0022734568306865374,0.002992645691660841,0.014669427335864146,0.015597269190169585,0.016501263755016347,0.018118055519470197,0.030545626385132914
2022-11-09 00:00:00+00:00,0.3331,-0.19766407864521807,0.018360353438907906,0.01853035726964938,0.020633810269594457,0.032902608509846346,0.03395646068568425,0.03477870870896746,0.036201469265280006,0.04803336686076037
2022-11-10 00:00:00+00:00,0.3942,0.1684156495189859,0.03907108798666295,0.057431441425570856,0.05760144525631235,0.060424087117231684,0.07210086876143501,0.07319240411993203,0.07494579123918625,0.08144191792682579
2022-11-11 00:00:00+00:00,0.3843,-0.025434897147821656,0.0283638310029019,0.06743491898956486,0.08579527242847276,0.08806872925915929,0.1003375274994112,0.10139254161864233,0.10305657457180134,0.10955234380876058
2022-11-12 00:00:00+00:00,0.3636,-0.055369135267474445,0.0006469339929202662,0.029010764995822166,0.06808185298248513,0.0866122102521345,0.08943485211305385,0.10203831366816937,0.10294347017640938,0.11018241906790913
2022-11-13 00:00:00+00:00,0.3408,-0.06475856734816299,0.0030657411402678822,0.0037126751331881484,0.03207650613609006,0.0895079475616609,0.09178140439234744,0.10417737489752504,0.10592630283172047,0.11290179241312749
2022-11-14 00:00:00+00:00,0.3776,0.10253963931618493,0.004193672044986561,0.007259413185254443,0.007906347178174723,0.07534126616773956,0.09387162343738893,0.10824387467758591,0.10946258230100864,0.11673368019984912
2022-11-15 00:00:00+00:00,0.3888,0.0292296383149383,0.010514377631093298,0.014708049676079858,0.017773790816347754,0.046784555812169906,0.10421599723774078,0.10720864292940159,0.11981326642791035,0.12706847422239903
2022-11-16 00:00:00+00:00,0.3752,-0.03560585545421435,0.0008543717560221091,0.011368749387115407,0.015562421432101983,0.019275096565290115,0.08671001555485497,0.1073438258244494,0.12066647624053922,0.12780509037239396
2022-11-17 00:00:00+00:00,0.3819,0.017699577099400954,0.001267776942626406,0.002122148698648515,0.012636526329741826,0.019895939514996255,0.048906704510818425,0.10650814976713074,0.12100757327225344,0.12900979948709904
2022-11-18 00:00:00+00:00,0.3829,0.002615064251778376,0.00031327502949763866,0.0015810519721240447,0.0024354237281461674,0.01714347340422601,0.02085614853741416,0.10665142096588692,0.12119367603682536,0.12837056624345386
2022-11-19 00:00:00+00:00,0.3841,0.003129076868610192,6.838561040929199e-06,0.0003201135905385679,0.0015878905331649876,0.01295663992028038,0.020216053105534825,0.08829790608801993,0.10965090521858867,0.12724708153520717
2022-11-20 00:00:00+00:00,0.3608,-0.06257914716339041,9.791122049671366e-06,1.6629683090600563e-05,0.0003299047125882531,0.0024520534112367543,0.017160103087316615,0.04923660922340666,0.10894150747966405,0.1271812404749559
2022-11-21 00:00:00+00:00,0.3645,0.010202763260244163,0.003916149659697274,0.003925940781746945,0.003932779342787888,0.00551383131491192,0.016882580702027326,0.024788927880202035,0.11075420413941627,0.1300198474417329
2022-11-22 00:00:00+00:00,0.3757,0.030264401131210317,0.0001040963781445881,0.004020246037841862,0.004030037159891547,0.004350150750430101,0.006472299449078616,0.024246090265426356,0.11068829668681938,0.13005309771016757
2022-11-23 00:00:00+00:00,0.3815,0.015319898144588562,0.0009159339758308043,0.0010200303539753923,0.00493618001367268,0.004952809696763267,0.006533861668887311,0.02209628310098928,0.09324387722374228,0.13091287345735378
2022-11-24 00:00:00+00:00,0.4018,0.05184360165632229,0.00023469927916056806,0.0011506332549913723,0.0012547296331359742,0.005180670414882906,0.005500784005421474,0.018137310335163286,0.054407488516239895,0.12995698546128095
2022-11-25 00:00:00+00:00,0.4078,0.014822405759520763,0.0026877590326994235,0.0029224583118599916,0.00383839228769081,0.007858638325532658,0.007875268008623258,0.010310691736769411,0.02873141654603742,0.13236780480088228
2022-11-26 00:00:00+00:00,0.396,-0.0293626468858742,0.00021970371249987428,0.0029074627451992976,0.00314216202435988,0.004162192378335258,0.008088133160082204,0.009676023693247177,0.028304186265617027,0.13226074250062542
2022-11-27 00:00:00+00:00,0.3962,0.0005049230099699598,0.0008621650321445378,0.001081868744644412,0.0037696277773438492,0.004920261032335208,0.00894050707017707,0.009270411782765308,0.026100610157493685,0.13286985986248318
2022-11-28 00:00:00+00:00,0.3888,-0.01885406167816661,2.5494724599712406e-07,0.0008624199793905348,0.0010821236918904231,0.004004582003750401,0.005024612357725793,0.008957391700513668,0.021907193059753118,0.13211007642141692
2022-11-29 00:00:00+00:00,0.3981,0.023638157419987538,0.0003554756417641108,0.0003557305890101079,0.0012178956211546595,0.004125358366353944,0.005275991621345315,0.009306028781236849,0.011748291070423932,0.13238264357822424
2022-11-30 00:00:00+00:00,0.4078,0.024073628134083314,0.0005587624862121119,0.0009142381279762227,0.0009144930752222337,0.001996361819866632,0.0049188201317266235,0.009855000145399289,0.011452681800613934,0.13228401348873797
2022-12-01 00:00:00+00:00,0.3969,-0.027092498351335204,0.0005795395715381276,0.0011383020577502394,0.0014937776995143641,0.002356197678904885,0.005263660424104182,0.006518390057240143,0.010764444429525656,0.13269985955608454
2022-12-02 00:00:00+00:00,0.3961,-0.0020176551611486016,0.0007340034669171007,0.0013135430384552283,0.001872305524667354,0.002228036113677448,0.00330990485832186,0.007148297146012656,0.011185172866945118,0.1334327010796084
2022-12-03 00:00:00+00:00,0.3873,-0.022467118107164508,4.0709323493095895e-06,0.0007380743992664103,0.0013176139708045518,0.0022318520987807604,0.0030942720781712957,0.006236434102531161,0.011182405238253498,0.1325100921010455
2022-12-04 00:00:00+00:00,0.3895,0.005664278790096455,0.0005047713960412793,0.0005088423283905889,0.0012428457953077036,0.002381147853057929,0.0027368784420680366,0.006506506219411872,0.011677385512245108,0.13288769123216107
2022-12-05 00:00:00+00:00,0.3893,-0.0005136106943929297,3.208405421193656e-05,0.0005368554502532158,0.0005409263826025393,0.0018544694210577539,0.0027687075490339767,0.0038508312409243858,0.00779331990675977,0.12137016590709539
2022-12-06 00:00:00+00:00,0.3914,0.005379800345565955,2.6379594539478747e-07,3.234785015733135e-05,0.0005371192461986245,0.001275193645465021,0.0024134957032152606,0.0036313913243699062,0.007689487324560576,0.12065124084206649
2022-12-07 00:00:00+00:00,0.3835,-0.020390434154665016,2.8942251758151566e-05,2.9206047703546352e-05,6.12901019154968e-05,0.0005701324303060718,0.0018836754687613,0.0027981685439835203,0.006802495600487924,0.11857673009387959
2022-12-08 00:00:00+00:00,0.3941,0.027265063393647093,0.0004157698050157296,0.00044471205677388116,0.00044497585271928983,0.0009818313029724918,0.0017199057022389023,0.0032136834017532524,0.0069835661263430845,0.11882249606815383
2022-12-09 00:00:00+00:00,0.3889,-0.013282443039256409,0.0007433836818595947,0.0011591534868753244,0.0011880957386334898,0.0012204435887908072,0.001729285917181396,0.0036015914418487368,0.005039190775503256,0.10120552631110552
2022-12-10 00:00:00+00:00,0.3865,-0.006190373134224991,0.00017642329309109102,0.0009198069749506857,0.0013355767799664293,0.0013647828276699618,0.0019016382779231777,0.003219252248727715,0.004995910356094473,0.062310861617533665
2022-12-11 00:00:00+00:00,0.3809,-0.014594994542918238,3.8320719540934545e-05,0.00021474401263202556,0.0009581276944916341,0.0014028397512655015,0.0014351876014228329,0.0026780333967305224,0.004172066043490869,0.0339853513341727
2022-12-12 00:00:00+00:00,0.3874,0.01692087748833715,0.00021301386570781315,0.00025133458524874766,0.0004277578783398526,0.0015869113652151631,0.0016161174129187095,0.002157043795521235,0.004384824961952686,0.03355143120696025
2022-12-13 00:00:00+00:00,0.3952,0.01993421490081715,0.00028631609497531494,0.0004993299606831281,0.0005376506802240765,0.0014574576551747483,0.0019021697119486296,0.00243928895814724,0.00431566541516389,0.03077200616166768
2022-12-14 00:00:00+00:00,0.3853,-0.025369714241600838,0.00039737292371196044,0.0006836890186872754,0.0008967028843951024,0.0011114468970271141,0.0022706003839024383,0.002331890485817921,0.004154275852663738,0.02697570704039308
2022-12-15 00:00:00+00:00,0.378,-0.01912805601252421,0.0006436224007004843,0.0010409953244124447,0.0013273114193877735,0.0015786460046365077,0.002498452979587193,0.002943428832306469,0.004218358681826095,0.017104951810000265
2022-12-16 00:00:00+00:00,0.3511,-0.07382311244520101,0.00036588252681826354,0.0010095049275187478,0.0014068778512307221,0.0019062078119138366,0.002120951824545862,0.0033090475631793377,0.003850237741727258,0.01661646258079642
2022-12-17 00:00:00+00:00,0.3545,0.00963726279779542,0.005449851931096792,0.005815734457915055,0.006459356858615554,0.007143045877302815,0.007394380462551563,0.008729957242517978,0.00929601874047474,0.020798537569266806
2022-12-18 00:00:00+00:00,0.3499,-0.013060946598539847,9.287683423377162e-05,0.005542728765330564,0.005908611292148842,0.006949606616561272,0.0074489365772444005,0.00840706427173602,0.008884124178667232,0.02057813937400294
2022-12-19 00:00:00+00:00,0.3389,-0.03194232076063663,0.0001705883260499096,0.00026346516028368124,0.005713317091380487,0.006722822018899221,0.007406511037586497,0.007834268915926335,0.009022628450505206,0.02074188913901192
2022-12-20 00:00:00+00:00,0.3482,0.027071948721083094,0.0010203118555753982,0.0011909001816253078,0.0012837770158590932,0.007099511473774135,0.00814050679818658,0.008678157478410642,0.010042676510135209,0.021752409872537647
2022-12-21 00:00:00+00:00,0.3449,-0.009522507391293455,0.0007328904075569526,0.0017532022631323507,0.001923790589182274,0.007466519354512824,0.008476024282031572,0.00937272716642666,0.010746624665934009,0.018569150620397323
2022-12-22 00:00:00+00:00,0.3492,0.012390304022651843,9.067814701723849e-05,0.0008235685545741911,0.001843880410149603,0.0021073455704332705,0.007923080028348326,0.009250391447736086,0.010421533007935519,0.018555732389269976
2022-12-23 00:00:00+00:00,0.3543,0.01449918790597926,0.00015351963377374246,0.00024419778079098095,0.0009770881883479476,0.0021679883699732413,0.007710717135303805,0.009117594986534512,0.009831668959849667,0.017793318047212913
2022-12-24 00:00:00+00:00,0.3517,-0.007365472391489547,0.00021022644993289527,0.00036374608370663773,0.0004544242307238901,0.0022076264938562266,0.002471091654139908,0.008930448512755448,0.00986547211669147,0.017768845217985243
2022-12-25 00:00:00+00:00,0.3457,-0.01720719255235781,5.4250183549794745e-05,0.00026447663348269,0.0004179962672564463,0.0012415648218306236,0.0024324650034559313,0.008341076295604759,0.009881401580700331,0.015135336368835614
2022-12-26 00:00:00+00:00,0.3658,0.05651538902918629,0.000296087475533918,0.0003503376590837128,0.0005605641090166218,0.0008047618898075889,0.0025579641529399396,0.008271281244320411,0.009964475190526435,0.015211720131869656
2022-12-27 00:00:00+00:00,0.3675,0.004636582696126101,0.00319398919712027,0.0034900766726541884,0.0035443268562039966,0.00390807293991062,0.004731641494484812,0.006015418510343891,0.01287214829267139,0.01754354429684539
2022-12-28 00:00:00+00:00,0.3558,-0.03235454342115651,2.1497899098015986e-05,0.0032154870962182863,0.003511574571752218,0.0037760512052348945,0.004020248986025875,0.005944039575208135,0.012496273268057446,0.017564787248697408
2022-12-29 00:00:00+00:00,0.3421,-0.03926568324817592,0.0010468164799915022,0.0010683143790895181,0.004262303576209802,0.004612641235293501,0.0049763873190001385,0.006820267729149728,0.012899467347348465,0.018256128086924797
2022-12-30 00:00:00+00:00,0.3451,0.00873113812039894,0.001541793880946083,0.0025886103609375852,0.0026101082600356153,0.006100184932689789,0.006364661566172479,0.007341749754520413,0.014075378701476285,0.01923915948165877
2022-12-31 00:00:00+00:00,0.3389,-0.01812915149095229,7.623277287748354e-05,0.0016180266538235665,0.0026648431338150824,0.005880330230033355,0.006230667889117068,0.006685092119840944,0.008701759543256976,0.018735852682998124
2023-01-01 00:00:00+00:00,0.3387,-0.0005903187892795092,0.0003286661337818976,0.00040489890665938114,0.001946692787605478,0.0030150071666949826,0.006505083839349171,0.0069230801066056035,0.008937548842805102,0.018330515349862922
2023-01-02 00:00:00+00:00,0.3482,0.027662267510362604,3.484762729764256e-07,0.000329014610054874,0.00040524738293237143,0.0029938577438699426,0.006209344840088229,0.006769908949104837,0.008767308993028168,0.018326792893786588
2023-01-03 00:00:00+00:00,0.3436,-0.013298837223988391,0.0007652010438148625,0.0007655495200878389,0.0010942156538697504,0.0027122423076933033,0.003780556686782821,0.007324883542986805,0.008512198181267633,0.018587222541560176
2023-01-04 00:00:00+00:00,0.3472,0.010422792676094916,0.00017685907151013925,0.0009420601153250017,0.000942408591597992,0.0013473074982573593,0.003935917859194944,0.007447492430947149,0.00795616684522082,0.018731997558858376
2023-01-05 00:00:00+00:00,0.338,-0.026855087303176317,0.00010863460716885782,0.00028549367867899706,0.0010506947224938736,0.0013797093325487338,0.0029977359863723,0.007260039562582089,0.007974123305372439,0.01884036837008184
2023-01-06 00:00:00+00:00,0.3443,0.018467474861459277,0.0007211957140612218,0.0008298303212300796,0.0010066893927402328,0.0017722389128280577,0.002177137819487439,0.00478724607952304,0.008541799385659918,0.019532621832384908
2023-01-07 00:00:00+00:00,0.3442,-0.00029048656703900555,0.0003410476277586303,0.001062243341819852,0.0011708779489887238,0.002112938064313712,0.0024419526743685856,0.0051067958081836545,0.008672620563485653,0.01945789965512781
2023-01-08 00:00:00+00:00,0.3452,0.0029010754318337106,8.438244563010667e-08,0.0003411320102042603,0.0010623277242654962,0.0013478214029444793,0.0021133709230323184,0.004060063710637782,0.008618454762381489,0.018714600355713845
2023-01-09 00:00:00+00:00,0.349,0.010947962993154148,8.416238661189151e-06,8.500621106819149e-06,0.00034954824886546343,0.0011793785700955292,0.002121438685420531,0.0025266860683528882,0.008330783525508761,0.018546593301283942
2023-01-10 00:00:00+00:00,0.3507,0.004859234943705326,0.00011985789369947273,0.00012827413236066176,0.00012835851480630587,0.001190601856626144,0.0014760955353051411,0.0025703111891748776,0.005256652222087962,0.018628130475442484
2023-01-11 00:00:00+00:00,0.3728,0.06111092566530385,2.3612164238126903e-05,0.00014347005793759952,0.00015188629659880265,0.0004930183068030492,0.001322848628033129,0.002265257219631107,0.005258766487228073,0.018438728773972794
2023-01-12 00:00:00+00:00,0.3748,0.005350467552830973,0.003734545235670293,0.0037581573999084196,0.0038780152936079065,0.0038865159147147116,0.004948759256534564,0.0059994539790284235,0.007946495242906864,0.021886957914667774
2023-01-13 00:00:00+00:00,0.3858,0.02892655010736145,2.862750303389706e-05,0.0037631727387041894,0.003786784902942331,0.003915059035302979,0.00425619104550724,0.0052628804382474585,0.006433328864994678,0.02151821249398971
2023-01-14 00:00:00+00:00,0.3953,0.02432586983101115,0.0008367453011136926,0.0008653728041475892,0.004599918039817896,0.004743388097755482,0.004751888718862301,0.005922766667851011,0.007193841393230887,0.02171133539440292
2023-01-15 00:00:00+00:00,0.3845,-0.027701181356941107,0.0005917479430352984,0.0014284932441489906,0.001457120747182902,0.005215278147091307,0.00534355227945197,0.006405880003717452,0.007456923202484288,0.021937200810619954
2023-01-16 00:00:00+00:00,0.3855,0.002597404057685493,0.0007673554485701416,0.0013591033916054394,0.002195848692719146,0.0059590214314233225,0.006102491489360922,0.006452039738226372,0.008223930174781452,0.0172547043280933
2023-01-17 00:00:00+00:00,0.3868,0.003366570575755068,6.746507838881063e-06,0.0007741019564090222,0.0013658498994443351,0.0022312227035919106,0.0059893801035003314,0.006117738618306623,0.007465475638805471,0.01716857400169841
2023-01-18 00:00:00+00:00,0.3782,-0.022484607354782193,1.133379744153981e-05,1.808030528042044e-05,0.0007854357538505764,0.0022139289979995536,0.0059771017367037434,0.006128988033302532,0.007299950364736872,0.017009319473090045
2023-01-19 00:00:00+00:00,0.3928,0.03787742025595375,0.0005055575678987255,0.0005168913653402648,0.0005236378731791602,0.0018827412647845862,0.0027481140689321762,0.006626129362540069,0.007696873325466739,0.01649456518541337
2023-01-20 00:00:00+00:00,0.4129,0.0499048564117337,0.0014346989652461357,0.0019402565331448607,0.001951590330586415,0.002725692286995424,0.004154185531144415,0.00794097043408673,0.008410376576651654,0.017196373743102553
2023-01-21 00:00:00+00:00,0.4034,-0.02327680737193316,0.0024904946934757584,0.0039251936587218934,0.004430751226620633,0.00444883153190104,0.00580793492350648,0.010407852963324363,0.010559823642368783,0.019596190289561072
2023-01-22 00:00:00+00:00,0.4004,-0.0074645780790458804,0.0005418097614300819,0.0030323044549058404,0.004467003420151989,0.0049838947854922416,0.005757996741901264,0.007215117489084152,0.011101549021353234,0.019984480417217412
2023-01-23 00:00:00+00:00,0.4234,0.05585331125969939,5.571992589817229e-05,0.0005975296873282538,0.003088024380804026,0.005028280913948874,0.0050463612192292945,0.007242209911948427,0.011148852708590217,0.01982997389318269
2023-01-24 00:00:00+00:00,0.4078,-0.03754050056041003,0.0031195923786728626,0.0031753123045710346,0.00371712206600113,0.00764231572472301,0.008159207090063276,0.009525056989507598,0.014148587193563607,0.022895316088305757
2023-01-25 00:00:00+00:00,0.417,0.0223093636584466,0.0014092891823261457,0.004528881560999008,0.004584601486897193,0.00761690594180302,0.009557162474947882,0.010342598228798443,0.015534264211651626,0.024008517795097984
2023-01-26 00:00:00+00:00,0.4092,-0.01888218772132999,0.0004977077068448179,0.0019069968891709632,0.005026589267843839,0.00562411895517208,0.009549312613893975,0.010072950487073122,0.01229742668282615,0.021312236304822534
2023-01-27 00:00:00+00:00,0.4128,0.008759180089881524,0.00035653701314354504,0.0008542447199883625,0.002263533902314522,0.005438846206885543,0.008471150661791384,0.010422740992377784,0.012625336192935798,0.021647275418868062
2023-01-28 00:00:00+00:00,0.4078,-0.012186356026998135,7.672323584697691e-05,0.00043326024899052154,0.0009309679558353534,0.005459849516834348,0.0060573792041626025,0.010488130430783223,0.011865314127669084,0.020677182174723537
2023-01-29 00:00:00+00:00,0.4134,0.013638789107313087,0.00014850727321675378,0.00022523050906373025,0.0005817675222072892,0.0024887644113782393,0.005664076715949274,0.01013108013610125,0.011422073457850538,0.019283895566994207
2023-01-30 00:00:00+00:00,0.3934,-0.04958874129270907,0.00018601656831376213,0.0003345238415305155,0.00041124707737750626,0.0012654917973658557,0.005794373358364864,0.008882397739168876,0.010840734577594158,0.019393679362430485
2023-01-31 00:00:00+00:00,0.4057,0.03078706425744271,0.0024590432629952295,0.002645059831308991,0.002793567104525759,0.0032268273535162673,0.005133824242687232,0.008850946308688348,0.013293031332750508,0.02152405649164382
2023-02-01 00:00:00+00:00,0.4131,0.018075724190317333,0.0009478433255919064,0.0034068865885871352,0.0035929031569009113,0.0038181336659646285,0.004672378385952992,0.00925697987285017,0.014229540860900874,0.02247155134096275
2023-02-02 00:00:00+00:00,0.4098,-0.008020458597919444,0.0003267318050044232,0.0012745751305963291,0.0037336183935915727,0.004068142235122075,0.004501402484112597,0.009527991751956424,0.014050715098006572,0.022033082102152306
2023-02-03 00:00:00+00:00,0.4117,0.004625692971059636,6.432775612093994e-05,0.00039105956112536267,0.001338902886717283,0.0039839627180262615,0.004209193227089993,0.0064727271294045,0.012680343888881375,0.021920550786763107
2023-02-04 00:00:00+00:00,0.4106,-0.0026754241910258436,2.1397035462510524e-05,8.572479158345004e-05,0.00041245659658788707,0.0038193431851750097,0.004153867026705525,0.005084834982540865,0.010211246230868127,0.02183331321505676
2023-02-05 00:00:00+00:00,0.3984,-0.030162978874390123,7.15789460192629e-06,2.855493006443638e-05,9.28826861853902e-05,0.0013674578167817064,0.004012517648090698,0.004594285170297974,0.009676594364039972,0.021119275395597468
2023-02-06 00:00:00+00:00,0.392,-0.016194685919980523,0.0009098052945769048,0.0009169631891788307,0.0009383602246413551,0.0013294197857667048,0.004736306374353841,0.005147553451731333,0.010530679732718705,0.02168803306241574
2023-02-07 00:00:00+00:00,0.4036,0.029162448688991316,0.0002622678520468154,0.0011720731466237197,0.0011792310412256598,0.001264955832809097,0.002539530963405427,0.005333098067931172,0.0076733552060926575,0.021950216532016925
2023-02-08 00:00:00+00:00,0.3975,-0.015229354385067229,0.0008504484135380513,0.0011127162655848663,0.0020225215601617852,0.0020510764902262084,0.0024421360513515716,0.00603503920825247,0.007114514437304563,0.022792248706893788
2023-02-09 00:00:00+00:00,0.3819,-0.0400361398629161,0.00023193323498596643,0.0010823816485240174,0.0013446495005708466,0.002261612689749664,0.002347337481333115,0.006080955874924673,0.006848739965445712,0.02290432404818028
2023-02-10 00:00:00+00:00,0.3817,-0.0005238344802865891,0.0016028924951229794,0.0018348257301089453,0.0026852741436470106,0.0038573472902707173,0.0038859022203351543,0.005224805107052423,0.008095095447425146,0.024483604379065136
2023-02-11 00:00:00+00:00,0.3833,0.004183012635325389,2.744025627371209e-07,0.001603166897685716,0.0018351001326716962,0.0029478163982565495,0.003864779587435381,0.004277236184023254,0.008018646614140907,0.020749333545957576
2023-02-12 00:00:00+00:00,0.3747,-0.022692266586867738,1.7497594707291857e-05,1.7771997270028544e-05,0.0016206644923930217,0.002703046140917026,0.0038751192875407466,0.003968001973726123,0.007887636935631444,0.020738203637630973
2023-02-13 00:00:00+00:00,0.3703,-0.011812217880074583,0.0005149389628494739,0.0005324365575567654,0.0005327109601195164,0.0023675366902284486,0.0034802529558133157,0.004418613180454657,0.008216559330167156,0.020416397299366753
2023-02-14 00:00:00+00:00,0.3819,0.03084530631190352,0.00013952849124635366,0.0006544674540958272,0.0006719650488031329,0.0022751319464888358,0.003357513595012854,0.0045367446362385,0.00589704455841828,0.01996417784757781
2023-02-15 00:00:00+00:00,0.4011,0.04905197854453669,0.0009514329214751551,0.0010909614127215083,0.0016059003755709961,0.0016236723728410116,0.0034584981029499575,0.005481019663111729,0.005900634154301529,0.020148255320482825
2023-02-16 00:00:00+00:00,0.3841,-0.04330783742414812,0.002406096599133688,0.0033575295206088426,0.0034970580118552103,0.004029494569411963,0.005632661467097679,0.006977310967668512,0.007979998948430794,0.02254760541177763
2023-02-17 00:00:00+00:00,0.395,0.02798282954926279,0.0018755687823564446,0.004281665381490132,0.005233098302965301,0.005887565757061115,0.0059053377543311445,0.008590611897978141,0.0097912399746663,0.024411840396692534
2023-02-18 00:00:00+00:00,0.3943,-0.0017737240175405011,0.0007830387495830947,0.0026586075319395388,0.0050647041310732405,0.006155665543794736,0.006688102101351502,0.008523202234023185,0.010552881688786882,0.024689321578376902
2023-02-19 00:00:00+00:00,0.3863,-0.020497771211345883,3.146096890400016e-06,0.0007861848464734943,0.0026617536288299527,0.006019283149438783,0.00667375060353461,0.008294415095927618,0.010548869891075357,0.02325776871002117
2023-02-20 00:00:00+00:00,0.3984,0.03084225603820756,0.00042015862463268006,0.00042330472152307967,0.0012063434711061883,0.005488008852596307,0.006578970265317816,0.00711168122543732,0.010059223221131132,0.02118743264117809
2023-02-21 00:00:00+00:00,0.3919,-0.016449820504857215,0.0009512447575263507,0.0013714033821590303,0.0013745494790494443,0.00403315701098897,0.007390686531597814,0.008062651580400933,0.010748200126610668,0.021596867637274357
2023-02-22 00:00:00+00:00,0.3953,0.008638265097053899,0.0002705965946420209,0.0012218413521683713,0.001641999976801065,0.0024281848232745465,0.006709850204764679,0.008315750580335662,0.010168348307714636,0.02181174430601821
2023-02-23 00:00:00+00:00,0.3882,-0.018124299567729873,7.46196238869796e-05,0.0003452162185290002,0.0012964609760553647,0.0017197656975784315,0.004378373229517971,0.007875431241373167,0.01001103469661565,0.018766771551232325
2023-02-24 00:00:00+00:00,0.3783,-0.025833139095926216,0.00032849023482081326,0.00040310985870779255,0.0006737064533498272,0.0020451098355088447,0.0028312946819823398,0.008064392984947627,0.008736632436313483,0.017685972603726993
2023-02-25 00:00:00+00:00,0.3778,-0.0013225765715744187,0.0006673510755494716,0.0009958413103702845,0.001070460934257278,0.002292302286425636,0.002715607007948717,0.007780311139021943,0.009403709109300218,0.017855615972431644
2023-02-26 00:00:00+00:00,0.3779,0.0002646552880340991,1.7492087876775433e-06,0.0006691002843371488,0.0009975905191579757,0.001342806737686963,0.002714210119845994,0.005375963748675933,0.009387960723380604,0.01750082816807578
2023-02-27 00:00:00+00:00,0.3785,0.0015864625220600725,7.004242148441195e-08,1.81925120916163e-06,0.000669170326758647,0.0010722801854664264,0.0022941215376347983,0.0035004650087409727,0.008873091802952615,0.017424174974650288
2023-02-28 00:00:00+00:00,0.3762,-0.0060951560105734215,2.516863333901206e-06,2.586905755385293e-06,4.336114543076497e-06,0.001000177424913348,0.0013453936434423492,0.0027199431224917796,0.008736080175040161,0.017278184564767433
2023-03-01 00:00:00+00:00,0.3835,0.019218703940380943,3.715092679322931e-05,3.9667790127130185e-05,3.973783254862826e-05,0.000708838116885764,0.0011119479755935574,0.0027539479523946086,0.007821798180358237,0.017129318923246904
2023-03-02 00:00:00+00:00,0.3772,-0.016564070048008528,0.000369358581148014,0.000406509507941243,0.00040902637127515786,0.00041084562248430647,0.0014066869328545916,0.0027031479089099425,0.005785060162372562,0.015039634241399685
2023-03-03 00:00:00+00:00,0.3774,0.0005300821751474949,0.00027436841655533324,0.0006437269977033469,0.0006808779244965898,0.0006834648302519622,0.0013525651145891117,0.002026271567938925,0.004183859796571451,0.014366159332363113
2023-03-04 00:00:00+00:00,0.3735,-0.010387628361577916,2.809871124090995e-07,0.000274649403667742,0.0006440079848157697,0.0006836757749428869,0.0006854950261520492,0.0017559559604093133,0.003401102034100765,0.014039708514471099
2023-03-05 00:00:00+00:00,0.3668,-0.01810126419056224,0.00010790282297825791,0.00010818381009066668,0.00038255222664601357,0.0007890617345872435,0.0007916486403426296,0.0017892391595005915,0.003505858760188623,0.014083283581328414
2023-03-06 00:00:00+00:00,0.3695,0.007334000005946639,0.0003276557652965308,0.00043555858827478837,0.0004358395753872111,0.001079566573090545,0.001119234363217676,0.0017884046899763091,0.0034133559008524736,0.014389542311162436
2023-03-07 00:00:00+00:00,0.3801,0.02828363560694669,5.3787556087225304e-05,0.00038144332138375574,0.0004893461443620273,0.0007639955480297563,0.001170505055971,0.0011748411705140628,0.0025158986994133483,0.014436171972647736
2023-03-08 00:00:00+00:00,0.3889,0.022887865166498544,0.0007999640431465426,0.0008537515992337675,0.001181407364530312,0.0012895911746209658,0.001933318172324313,0.001973056004872928,0.00304526614791787,0.014326330721217372
2023-03-09 00:00:00+00:00,0.3706,-0.048198927310442286,0.0005238543718798174,0.0013238184150263597,0.0013776059711135985,0.001813164559388374,0.0020878139630561166,0.0024968403343312608,0.003494500895910708,0.014587917241050375
2023-03-10 00:00:00+00:00,0.37,-0.0016203082129891966,0.0023231365938772993,0.0028469909657571164,0.0036469550089036724,0.004028398330287415,0.004136582140378083,0.004817460064874659,0.005489147254967193,0.016060605421389623
2023-03-11 00:00:00+00:00,0.3638,-0.016898739554248254,2.625398705080244e-06,0.002325761992582379,0.00284961636446221,0.003703367963695965,0.004138926551970753,0.004782934536786509,0.004824421578122802,0.015831297585108737
2023-03-12 00:00:00+00:00,0.3714,0.02067538283458359,0.0002855673985223145,0.00028819279722739434,0.0026113293911047076,0.003935147806131054,0.00431659112751481,0.00469914335416081,0.005108239767857439,0.014513972488508073
2023-03-13 00:00:00+00:00,0.3724,0.002688896484306591,0.0004274714553565937,0.0007130388538789077,0.0007156642525840014,0.0035626552183411053,0.004416406817574874,0.004852246392962071,0.0055356411807925485,0.014941169541301928
2023-03-14 00:00:00+00:00,0.3724,0.0,7.230164303316345e-06,0.0004347016196599096,0.0007202690181822376,0.0030460310107646043,0.004369849425790964,0.004859195570152978,0.005540354481761964,0.014930902110897953
2023-03-15 00:00:00+00:00,0.3589,-0.036924747249350576,0.0,7.2301643033159116e-06,0.00043470161965992305,0.0007228944168873048,0.003569885382644422,0.00475129274717472,0.005503203554968734,0.014415963148048478
2023-03-16 00:00:00+00:00,0.3647,0.016031299661073195,0.001363436959428423,0.0013634369594284225,0.0013706671237317524,0.0020837059776106477,0.004409467970193028,0.005787073941306613,0.006497281933249143,0.01563987161623055
2023-03-17 00:00:00+00:00,0.3798,0.040569700563550914,0.00025700256882312553,0.001620439528251548,0.0016204395282515614,0.0020551411479114586,0.0023433339451388534,0.005990288954042513,0.006479916085516935,0.01494544126357852
2023-03-18 00:00:00+00:00,0.3739,-0.0156564163951175,0.0016459006038161833,0.0019029031726393083,0.0032663401320677447,0.0032735702963710483,0.003986609150249957,0.006836225514712154,0.00812553570222071,0.014185245268261015
2023-03-19 00:00:00+00:00,0.3857,0.031071483231113972,0.0002451233743373041,0.001891023978153487,0.002148026546976626,0.003511463506405036,0.003946165126064946,0.00655749451716964,0.008262756253579756,0.012554799860241874
2023-03-20 00:00:00+00:00,0.3734,-0.03240963410655984,0.0009654370701813968,0.0012105604445187003,0.002856461048334897,0.004476900576586433,0.004484130740889749,0.005199794993473738,0.008900537558464622,0.012737198180840176
2023-03-21 00:00:00+00:00,0.4696,0.2292310374062645,0.0010503843829210867,0.002015821453102483,0.0022609448274398007,0.004163848000079096,0.00552728495950752,0.006247553977689745,0.009897134385298484,0.013784436466870864
2023-03-22 00:00:00+00:00,0.4213,-0.10853609952891585,0.05254686851035223,0.053597252893273314,0.05456268996345472,0.0564537139416082,0.05807415346985975,0.05850885508951966,0.06164403885250417,0.0659111463525904
2023-03-23 00:00:00+00:00,0.4438,0.052028841513522606,0.011780084900950729,0.06432695341130296,0.06537733779422406,0.06658789823874274,0.06849080141138206,0.0698614685351138,0.07290026938157508,0.0767399864960148
2023-03-24 00:00:00+00:00,0.4259,-0.041169433569325675,0.002707000349239253,0.014487085250189982,0.06703395376054222,0.06904977521364468,0.07094079919179817,0.07256123872004973,0.07328413313693703,0.07917639025061203
2023-03-25 00:00:00+00:00,0.4429,0.03913943399998476,0.0016949222604191198,0.004401922609658373,0.016182007510609116,0.06977926040388241,0.07098982084840111,0.07425616098046885,0.07497642999865106,0.08079669288714417
2023-03-26 00:00:00+00:00,0.4479,0.011225982284101876,0.0015318952938391632,0.0032268175542582832,0.00593381790349755,0.07026077131480049,0.07227659276790298,0.07442461931487959,0.07622275789396792,0.08200009794616252
2023-03-27 00:00:00+00:00,0.479,0.0671306041976607,0.0001260226782429692,0.0016579179720821323,0.0033528402325012662,0.017839925482691227,0.07143717837596456,0.07429363942429944,0.07592130911685431,0.08145876954885602
2023-03-28 00:00:00+00:00,0.5144,0.07130057551249436,0.004506518019942981,0.004632540698185949,0.006164435992025127,0.010566358601683479,0.07489331201298645,0.07715425684042623,0.08042059697249397,0.0859635383600113
2023-03-29 00:00:00+00:00,0.5425,0.05318691249120511,0.00508377206841291,0.00959029008835589,0.009716312766598874,0.012943130320857137,0.027430215571047124,0.08199290553450184,0.08550436904090687,0.09104724038600275
2023-03-30 00:00:00+00:00,0.5319,-0.019732583666342673,0.0028288476603471097,0.007912619728760019,0.012419137748703015,0.014077055720785126,0.018478978330443502,0.08385631612466755,0.08696977974182557,0.09387357118301595
2023-03-31 00:00:00+00:00,0.5374,0.010287194433118874,0.00038937485814921364,0.0032182225184963224,0.008301994586909249,0.012934535285095175,0.016161352839353466,0.08319530659989567,0.08710215203115164,0.09422579511437193
2023-04-01 00:00:00+00:00,0.5095,-0.05331284351861143,0.00010582636930479195,0.0004952012274540048,0.003324048887801129,0.012914338976157,0.014572256948239139,0.03075426445884824,0.08556207779664025,0.09396226290252871
2023-04-02 00:00:00+00:00,0.518,0.016545389596703708,0.002842259284039949,0.00294808565334474,0.0033374605114939683,0.011250080240253967,0.015882620938439923,0.02181643884193746,0.0881592137063429,0.09653015377001332
2023-04-03 00:00:00+00:00,0.4959,-0.04360094876439491,0.0002737499169067113,0.0031160092009466594,0.003221835570251466,0.006440058088747768,0.016030348177103665,0.01938318840960492,0.08746752655306822,0.09680362269980762
2023-04-04 00:00:00+00:00,0.5026,0.013420331614403702,0.0019010427331553898,0.0021747926500621005,0.005017051934102064,0.005512253161556049,0.013424872890316075,0.01958930888234119,0.08831818490330252,0.09859676260998476
2023-04-05 00:00:00+00:00,0.5055,0.005753413351034076,0.00018010530064056348,0.0020811480337959523,0.0023548979507026784,0.005302983604047399,0.008521206122543729,0.018237518889142587,0.035951421693590856,0.0984492121453288
2023-04-06 00:00:00+00:00,0.5028,-0.0053555617444335235,3.3101765187857155e-05,0.00021320706582841976,0.0021142497989838243,0.005230258999930464,0.005725460227384476,0.018144597976087477,0.024204438557827983,0.09842852635442942
2023-04-07 00:00:00+00:00,0.5126,0.019303337213878224,2.8682041598439846e-05,6.178380678629614e-05,0.00024188910742687435,0.0024166817574889548,0.0053647674108337024,0.013666761997742936,0.02152612025018717,0.09765724435288133
2023-04-08 00:00:00+00:00,0.5048,-0.015333502702967183,0.00037261882759269594,0.0004013008691911349,0.0004344026343790068,0.0025155506681749395,0.005631559869121607,0.008955608756922721,0.020203816817360745,0.0975060088085942
2023-04-09 00:00:00+00:00,0.5054,0.001187883727090333,0.00023511630514190193,0.0006077351327345971,0.0006364171743330516,0.0008496242401614515,0.0030244168902235596,0.006361877401717514,0.018907037828663483,0.09541798851985879
2023-04-10 00:00:00+00:00,0.5176,0.02385254823259686,1.411067749086021e-06,0.00023652737289098707,0.0006091462004836978,0.0006709300072699739,0.0027520780410659343,0.0059739136113173864,0.018782426218169602,0.0954167741889028
2023-04-11 00:00:00+00:00,0.5167,-0.001740307893551618,0.0005689440571883596,0.0005703551249374448,0.0008054714300793614,0.0012067722992704765,0.0014199793650989038,0.006437031299200954,0.01484485225541498,0.09570015084756886
2023-04-12 00:00:00+00:00,0.5049,-0.02310204542826899,3.02867156435807e-06,0.0005719727287527167,0.0005733837965018175,0.0011811189292363945,0.0012429027360226985,0.003597800686725363,0.009764108858566427,0.09527570806377661
2023-04-13 00:00:00+00:00,0.5125,0.014940321147693059,0.0005337045029698042,0.0005367331745341614,0.0011056772317225357,0.001342204604613503,0.0017435054738046455,0.003857755272788456,0.007468965701189122,0.0958021824024431
2023-04-14 00:00:00+00:00,0.5227,0.019706974706313107,0.00022321319599620442,0.0007569176989660078,0.0007599463705303805,0.0013303014954678053,0.0019380366282024102,0.0021799257356292703,0.007302804039036113,0.09602539559843931
2023-04-15 00:00:00+00:00,0.5192,-0.006718520328996003,0.0003883648520752646,0.0006115780480714681,0.001145282551041287,0.0017172552797939838,0.001953782652684979,0.0023881852870639717,0.007585342521806585,0.09505032349108615
2023-04-16 00:00:00+00:00,0.5209,0.003268919361265721,4.5138515411132556e-05,0.0004335033674863963,0.0006567165634826154,0.001193449738016757,0.0017638048629542093,0.002400222037287247,0.00478822175317777,0.09483845943767416
2023-04-17 00:00:00+00:00,0.5109,-0.01938420841439359,1.0685833790457888e-05,5.582434920158957e-05,0.0004441892012768689,0.0012011069002428568,0.0017730796289955812,0.002382225829479265,0.004525157670061516,0.09320324466764844
2023-04-18 00:00:00+00:00,0.5324,0.041221210184204216,0.0003757475358526472,0.0003864333696431042,0.0004315718850542515,0.0010431499331256997,0.0015798831076598687,0.002385354537739216,0.002999862472758773,0.09333386882916377
2023-04-19 00:00:00+00:00,0.4911,-0.0807473134757577,0.0016991881690503413,0.0020749357049029875,0.0020856215386934602,0.0025191249061798367,0.003276042605145852,0.0038494264016476556,0.004518945341168551,0.09406761992803273
2023-04-20 00:00:00+00:00,0.4752,-0.03291200499676372,0.006520128633552281,0.00821931680260262,0.008595064338455284,0.008650888687656854,0.00926246673572833,0.01036814396745085,0.011005972209532974,0.09953736417866392
2023-04-21 00:00:00+00:00,0.4491,-0.05649018795474281,0.0010832000729070002,0.00760332870645928,0.009302516875509636,0.009688950245152721,0.010122453612639123,0.010882399983169491,0.012060490240841534,0.04807369574121868
2023-04-22 00:00:00+00:00,0.4719,0.0495215186386494,0.0031911413351621695,0.004274341408069169,0.010794470041621464,0.012869405746524433,0.01292523009572603,0.014070512646767303,0.014879012748411007,0.03948475217543013
2023-04-23 00:00:00+00:00,0.4647,-0.015375062641409087,0.0024523808082780995,0.005643522143440268,0.006726722216347283,0.014946039018949885,0.015332472388592994,0.015989188952075597,0.017096277251547207,0.03923013263446897
2023-04-24 00:00:00+00:00,0.4611,-0.007777096878272771,0.0002363925512272534,0.002688773359505352,0.005879914694667536,0.013483243401126797,0.015558179106029793,0.016002368307306645,0.017331258735025373,0.037771602925277106
2023-04-25 00:00:00+00:00,0.4695,0.018053359435657668,6.0483235854040085e-05,0.0002968757870812926,0.002749256595359407,0.007023598003428556,0.015242914806031184,0.015674486691085423,0.016822797913691054,0.036300190867291984
2023-04-26 00:00:00+00:00,0.4618,-0.01653640172792259,0.00032592378691304974,0.00038640702276708896,0.0006227995739943571,0.006266321717434605,0.013869650423893893,0.01595527196258734,0.017145693029039746,0.036500091975962067
2023-04-27 00:00:00+00:00,0.4667,0.010554756035374924,0.0002734525821072412,0.00059937636902029,0.0006598596048743449,0.003348632964379677,0.007622974372448852,0.016218038710904124,0.016885441108177184,0.032267026538126325
2023-04-28 00:00:00+00:00,0.4796,0.027265770197589356,0.00011140287496628337,0.0003848554570735237,0.0007107792439865881,0.0010076550310678608,0.006651177174508136,0.01595369405001776,0.016773630787147262,0.027294657344679698
2023-04-29 00:00:00+00:00,0.478,-0.0033416906619032627,0.0007434222244677519,0.0008548250994340344,0.0011282776815412904,0.0015146847043083593,0.004203458063813718,0.01499792810543517,0.017128688159539746,0.02520923190880034
2023-04-30 00:00:00+00:00,0.4705,-0.01581477346602167,1.1166896479851467e-05,0.0007545891209476025,0.0008659919959139006,0.0014653683649341707,0.0017622441520154704,0.008488966368362742,0.017094716540608467,0.024831023947130975
2023-05-01 00:00:00+00:00,0.4649,-0.011973630328895313,0.00025010705978158307,0.00026127395626143366,0.0010046961807292003,0.001389551637802704,0.0017759586605697998,0.0076558733552373245,0.017334137766599596,0.02497530463760777
2023-05-02 00:00:00+00:00,0.4645,-0.0008607704426457641,0.00014336782325304168,0.0003934748830346239,0.0004046417795144901,0.0012594668789485046,0.0018588432479688015,0.004608099843328196,0.017101758053999987,0.022276413176820862
2023-05-03 00:00:00+00:00,0.4632,-0.002802631995107774,7.409257549325847e-07,0.0001441087490079734,0.0003942158087895712,0.0011488049297371536,0.0015336603868106845,0.002156459960805029,0.015403310810704578,0.022003404185669085
2023-05-04 00:00:00+00:00,0.4608,-0.0051948168771039915,7.85474610000178e-06,8.595671854933498e-06,0.00015196349510798992,0.00041323745136940366,0.001268062550803445,0.0019279221556777778,0.008891036923252299,0.02011021619861369
2023-05-05 00:00:00+00:00,0.4671,0.013579258126380944,2.6986122386644468e-05,3.484086848664538e-05,3.558179424159271e-05,0.00042905667727619664,0.0011836457982238062,0.0018944250422103823,0.007834822972731944,0.019957097020359776
2023-05-06 00:00:00+00:00,0.4582,-0.01923759748866727,0.00018439625126288292,0.00021138237364952652,0.00021923711974954305,0.0003633458687574965,0.0006246198250189372,0.0017528975065602152,0.004828077888832657,0.0201083915064348
2023-05-07 00:00:00+00:00,0.449,-0.020282882277140812,0.0003700851571359772,0.0005544814083988593,0.0005814675307855185,0.000590063202640432,0.000983538085675063,0.0018495300815889514,0.002745782237690535,0.02044979462197234
2023-05-08 00:00:00+00:00,0.4283,-0.04719900312092906,0.0004113953134683529,0.0007814804706043292,0.000965876721867227,0.0010007175903538523,0.0011448263393618327,0.0021495225200910207,0.0029207849999316345,0.020488571107847995
2023-05-09 00:00:00+00:00,0.4289,0.0013999069015094845,0.0022277458956094713,0.0026391412090778234,0.003009226366213815,0.003220608739863322,0.003229204411718262,0.00363384619123274,0.0050880476596870654,0.022481200698315565
2023-05-10 00:00:00+00:00,0.4303,0.0032588483217191877,1.9597393328938853e-06,0.002229705634942364,0.0026411009484107314,0.0031955823568095712,0.0032304232252962236,0.003624639034085782,0.00476408361210691,0.02248174936989937
2023-05-11 00:00:00+00:00,0.4207,-0.022562649248078714,1.0620092383971966e-05,1.2579831716864984e-05,0.002240325727326351,0.0030218061979306603,0.0032331885715801943,0.0033851520666881713,0.004501251122383641,0.021923425405094985
2023-05-12 00:00:00+00:00,0.4305,0.023027333271310235,0.000509073141091827,0.000519693233475798,0.0005216529728087067,0.00316079418188651,0.0037152755902853767,0.003750857384526957,0.0048989213885091846,0.022429469874622455
2023-05-13 00:00:00+00:00,0.424,-0.015213868635827743,0.0005302580775879913,0.0010393312186798174,0.001049951311063804,0.0032796569460061486,0.004061137416610485,0.004280374536360015,0.0046857572416294235,0.02242602344924064
2023-05-14 00:00:00+00:00,0.4253,0.003061347027630168,0.00023146179886822312,0.0007617198764562135,0.0012707930175480551,0.0012833728492649002,0.003922514058342731,0.004503981589128236,0.004906052144017795,0.02243427205211266
2023-05-15 00:00:00+00:00,0.4273,0.0046915403903914354,9.371845623580064e-06,0.00024083364449180232,0.0007710917220798084,0.0012907849555555864,0.003520490590497958,0.004486367312365173,0.004665316929859792,0.022055279045660976
2023-05-16 00:00:00+00:00,0.4425,0.034954121798004834,2.2010551234674224e-05,3.138239685825342e-05,0.00026284419572649125,0.0013021754144062886,0.001314755246123161,0.004323981612336963,0.004543959657841425,0.022032151081484517
2023-05-17 00:00:00+00:00,0.4484,0.013245226750020711,0.0012217906306697566,0.00124380118190443,0.0012531730275280248,0.002014892903984218,0.0025345861374600235,0.005175687085870743,0.005765009362756248,0.023243255878363817
2023-05-18 00:00:00+00:00,0.4596,0.024670854776595808,0.0001754360316594642,0.00139722666232922,0.001419237213563909,0.0016600708580556914,0.002699402076735516,0.004939727804061854,0.005932590648315712,0.02304294437417063
2023-05-19 00:00:00+00:00,0.4675,0.01704280275414105,0.0006086510754078801,0.0007840871070673434,0.002005877737737115,0.0020372601345953483,0.002798980011051569,0.0033206329838602632,0.006514255601336947,0.02195240728052817
2023-05-20 00:00:00+00:00,0.4685,0.0021367529497352544,0.0002904571257165578,0.000899108201124437,0.001074544232783916,0.002318345414688326,0.0025591790591801356,0.0036091303702439274,0.0066203164757906215,0.01572273577269245
2023-05-21 00:00:00+00:00,0.4575,-0.023759216962900953,4.565713168202311e-06,0.0002950228388847593,0.0009036739142926541,0.002300900576621854,0.002332282973480115,0.0036030759910281574,0.006254797031822847,0.01464410141295365
2023-05-22 00:00:00+00:00,0.4618,0.009355012204818935,0.0005645003906902004,0.0005690661038584018,0.0008595232295749743,0.0016436103366422978,0.002887411518546735,0.0036585032406265313,0.006407902109044694,0.012017460468481681
2023-05-23 00:00:00+00:00,0.4651,0.007120539309656393,8.751625335231124e-05,0.0006520166440425108,0.0006565823572107277,0.0015556905583351448,0.002952917220664372,0.0032157614163908508,0.004267672466787534,0.009652595913555894
2023-05-24 00:00:00+00:00,0.453,-0.02636031074701728,5.070208006036194e-05,0.00013821833341267232,0.0007027187241028874,0.0009977415629876267,0.0017818286700549775,0.0030350016975829895,0.004316414807515002,0.009466905442389002
2023-05-25 00:00:00+00:00,0.4538,0.0017644468627072696,0.0006948659826793147,0.0007455680627396757,0.0008330843160920017,0.0014021504199503835,0.002301258621074828,0.0037204958346387243,0.005000660697810345,0.010101288189214276
2023-05-26 00:00:00+00:00,0.4684,0.031666059377820854,3.113272731317526e-06,0.0006979792554106314,0.000748681335471008,0.0014006979795134987,0.0016957208183982653,0.0037015985561353673,0.004494700829449835,0.009778477675032544
2023-05-27 00:00:00+00:00,0.4714,0.006384358778468546,0.001002739316519676,0.0010058525892509928,0.001700718571930322,0.0018389369053429744,0.0024080030092013833,0.0034825472419852867,0.00496718206838152,0.010507764409444979
2023-05-28 00:00:00+00:00,0.482,0.02223712354856955,4.076003701220839e-05,0.0010434993535318835,0.001046612626263216,0.0017921806890028715,0.00244419733304539,0.0033478712473380312,0.004776480306525505,0.010437121571490904
2023-05-29 00:00:00+00:00,0.4946,0.025805241036715443,0.0004944896637143464,0.0005352497007265539,0.0015379890172462448,0.002235968272656856,0.0023741866060695356,0.0032337098356444976,0.0052615981246162714,0.010188189010737498
2023-05-30 00:00:00+00:00,0.5205,0.05104053296770772,0.0006659104649629827,0.0011604001286773281,0.0012011601656895517,0.002207012754940524,0.002952580817680207,0.0036091631748909224,0.00590549803834458,0.01084293257922063
2023-05-31 00:00:00+00:00,0.5166,-0.00752100739328343,0.0026051360056276586,0.0032710464705906404,0.003765536134305002,0.004809035487836865,0.0055070147432475045,0.006209733467350379,0.007288843413302482,0.013197961525066707
2023-06-01 00:00:00+00:00,0.5065,-0.019744556973002036,5.6565552209824015e-05,0.0026617015578374818,0.0033276120228004796,0.0038628617235270135,0.004868714312778013,0.005701798628870002,0.0071699729338528416,0.013111159254023487
2023-06-02 00:00:00+00:00,0.5244,0.03473042820080674,0.00038984753006012337,0.0004464130822699465,0.00305154908789762,0.004211949216574928,0.005255448570106819,0.0060041299055778145,0.006951169388505085,0.013500265858328678
2023-06-03 00:00:00+00:00,0.5188,-0.010736299447255848,0.0012062026430113921,0.0015960501730715147,0.0016526157252813537,0.004923662195871974,0.005458911896598535,0.007159630468528844,0.00786691490579992,0.014698613755240068
2023-06-04 00:00:00+00:00,0.5359,0.032429124058515724,0.00011526812582114623,0.0013214707688325375,0.0017113182988926759,0.004373019856730137,0.005533419985407473,0.006580032611670676,0.007977617318452862,0.01478689575867457
2023-06-05 00:00:00+00:00,0.509,-0.05149955995028188,0.0010516480872026033,0.0011669162130237486,0.002373118856035156,0.002819531938305082,0.00609057840889573,0.007628567426141961,0.008464765014965266,0.01565414759461429
2023-06-06 00:00:00+00:00,0.53,0.040428989995644815,0.0026522046750726775,0.00370385276227528,0.003819120888096441,0.005415171061167935,0.008076872619005426,0.009278032784694964,0.011029453436685634,0.01793626711255099
2023-06-07 00:00:00+00:00,0.5183,-0.022322781350506693,0.0016345032320679484,0.0042867079071406255,0.005338355994343243,0.006659826763175761,0.007106239845445714,0.010871775979750703,0.01261325458869322,0.019159375031150585
2023-06-08 00:00:00+00:00,0.5236,0.010173808840083898,0.0004983065672225294,0.002132809799290477,0.004785014474363169,0.0059519306873868985,0.00754798086045842,0.010875592883258886,0.012416695173236434,0.017429935702763646
2023-06-09 00:00:00+00:00,0.538,0.027130526126039722,0.00010350638631456926,0.0006018129535370978,0.002236316185605061,0.005940168947880321,0.0072616397167128656,0.010313188804610471,0.012517088286819685,0.01753148234974532
2023-06-10 00:00:00+00:00,0.5067,-0.05993944767992032,0.000736065447875724,0.0008395718341902924,0.0013378784014128364,0.005624586308553442,0.006791502521577198,0.00844411824685854,0.012250414418175733,0.018256927705237073
2023-06-11 00:00:00+00:00,0.5208,0.027446978412495437,0.0035927373881739057,0.0043288028360496285,0.004432309222364213,0.006565119021654671,0.010268971783929957,0.01198029008282262,0.01580239176933743,0.02134059195231915
2023-06-12 00:00:00+00:00,0.5251,0.00822262974945398,0.0007533366239759905,0.004346074012149896,0.005082139460025633,0.005683952413562712,0.009970660320703343,0.012343779176738488,0.016061238729599074,0.02156367049870715
2023-06-13 00:00:00+00:00,0.5192,-0.011299555253933335,6.761163999660562e-05,0.0008209482639725952,0.004413685652146516,0.0052532574863367884,0.007386067285627272,0.0112051881737237,0.015462939904632699,0.02139982033983553
2023-06-14 00:00:00+00:00,0.4801,-0.07829474985298546,0.00012767994893669244,0.0001952915889332972,0.0009486282129093025,0.0052774310489589115,0.005879244002496016,0.011217599996839247,0.012985483847941732,0.021518128443148644
2023-06-15 00:00:00+00:00,0.4801,0.0,0.006130067854541566,0.006257747803478258,0.006325359443474878,0.010671433455624754,0.011511005289815052,0.01629601976417821,0.019058986150273474,0.027626185746455534
2023-06-16 00:00:00+00:00,0.4759,-0.008786667409830029,0.0,0.0061300678545415654,0.006257747803478273,0.0070786960674508485,0.011407498903500485,0.013643815089105532,0.01866913862021335,0.02640439511578578
2023-06-17 00:00:00+00:00,0.4794,0.007327573873219251,7.720552417096915e-05,7.720552417096828e-05,0.006207273378712549,0.0064025649676458275,0.010748638979795729,0.012086517381208552,0.017540141501372928,0.026306164608297284
2023-06-18 00:00:00+00:00,0.4868,0.015318039113088155,5.369333886748537e-05,0.00013089886303845364,0.0001308988630384684,0.006388646666516707,0.007209594930489309,0.011641904152853507,0.017478566714419268,0.02575120687175689
2023-06-19 00:00:00+00:00,0.4936,0.01387211147780587,0.00023464232227009857,0.00028833566113758307,0.000365541185308567,0.006495609039850113,0.006690900628783416,0.011773040088809038,0.016661560949486762,0.02569539206831043
2023-06-20 00:00:00+00:00,0.4929,-0.0014191588798458943,0.00019243547685267337,0.0004270777991227711,0.0004807711379902712,0.0005579766621612203,0.006815724465639484,0.011229410117785988,0.014201791751266757,0.0258832618319949
2023-06-21 00:00:00+00:00,0.4999,0.014101764708192577,2.0140119262454536e-06,0.00019444948877891794,0.0004290918110490313,0.0005599906740874659,0.006690058528629038,0.007638686741538328,0.012569302531125055,0.025320775453230946
2023-06-22 00:00:00+00:00,0.4938,-0.012277501508445532,0.00019885976788522566,0.00020087377981147024,0.00039330925666415835,0.0006816449178017223,0.0007588504419726967,0.007084209885447562,0.01226985573178775,0.025432118967763862
2023-06-23 00:00:00+00:00,0.4961,0.004646942395924003,0.0001507370432898823,0.0003495968111751071,0.00035161082310136726,0.0007786886222241193,0.000909587485262579,0.007167335288740839,0.012317086388763063,0.02553215393099338
2023-06-24 00:00:00+00:00,0.4865,-0.019540617680943506,2.1594073631035914e-05,0.00017233111692091735,0.00037119088480615773,0.0005656403735850566,0.0008539760347226458,0.007061249413435183,0.011602615014518376,0.024858882021945104
2023-06-25 00:00:00+00:00,0.4903,0.00778054703112796,0.000381835739352802,0.000403429812983837,0.000554166856273734,0.0007550406360851852,0.0011821184352079623,0.0013130172982464185,0.008391713365697273,0.025237604488566587
2023-06-26 00:00:00+00:00,0.479,-0.023316851246272474,6.0536912103594114e-05,0.0004423726514563953,0.00046396672508744593,0.000813563536262534,0.001008013025041458,0.0013735542103500127,0.007698913653824876,0.024295402084150507
2023-06-27 00:00:00+00:00,0.4838,0.009971000765011784,0.0005436755520407982,0.0006042124641443916,0.0009860482034972082,0.0011583793204181065,0.0013592531002295828,0.0018400242382198419,0.008174977565869069,0.024798317599179096
2023-06-28 00:00:00+00:00,0.4647,-0.04027956208499428,9.942085625586558e-05,0.0006430964082966631,0.0007036333204002719,0.0011070631333840897,0.001456659944559203,0.001885751755608222,0.008146718473188243,0.024403248791720615
2023-06-29 00:00:00+00:00,0.4747,0.02129098946633967,0.0016224431217589088,0.0017218639780147737,0.0022655395300555867,0.0027079121815119624,0.0028802432984328863,0.0032735525550970325,0.0036390937404055844,0.02535978144851654
2023-06-30 00:00:00+00:00,0.4729,-0.0037990759074422176,0.0004533062324557868,0.002075749354214695,0.002175170210470575,0.002779382674614947,0.0031828124875987905,0.0035344233107001454,0.004092399972861371,0.023207951675344667
2023-07-01 00:00:00+00:00,0.4732,0.0006341824544016106,1.443297775050791e-05,0.0004677392102062941,0.002090182331965218,0.0027332787402618614,0.0031756513917182627,0.003546842276524408,0.00402962742644091,0.023165819100885353
2023-07-02 00:00:00+00:00,0.4845,0.02359929922658921,4.0218738547085087e-07,1.483516513597811e-05,0.0004681413975917797,0.002190005375606534,0.002794217839750932,0.0033483846960246535,0.0039763362749588955,0.022776373758210698
2023-07-03 00:00:00+00:00,0.489,0.009245058144051077,0.000556926923986094,0.0005573291113715643,0.0005717620891220868,0.0026475114433367622,0.0032906078516334314,0.003754574576720865,0.004298620876674891,0.022127098039185403
2023-07-04 00:00:00+00:00,0.4872,-0.003687773079184664,8.547110008688515e-05,0.0006423980240729785,0.0006428002114584641,0.0011105394216647387,0.0028324033996795185,0.0038184516031767144,0.004191656499909103,0.022097301013451143
2023-07-05 00:00:00+00:00,0.4777,-0.01969179599977111,1.3599670283559139e-05,9.907077037044364e-05,0.0006559976943565525,0.0006708328594925109,0.002746582213707212,0.0034502155341074713,0.004203242158266417,0.0210592525965321
2023-07-06 00:00:00+00:00,0.4622,-0.03298522255563585,0.0003877668296966015,0.00040136649998016004,0.00048683760006706,0.0010441667114386047,0.0015119059216449045,0.003777445451700479,0.0043921492200777925,0.01879481475115602
2023-07-07 00:00:00+00:00,0.4687,0.013965207088380116,0.001088024907044828,0.0014757917367414289,0.001489391407025003,0.002131789431097962,0.0021466245962339457,0.004321794806704509,0.005329437083832739,0.0182483364261329
2023-07-08 00:00:00+00:00,0.4704,0.003620491655756619,0.00019502700902134223,0.0012830519160661696,0.001670818745762786,0.0017698895161332101,0.00232721862750478,0.004417400959469985,0.005502870019223045,0.017945056867931714
2023-07-09 00:00:00+00:00,0.468,-0.005115100666770345,1.3107959829403305e-05,0.0002081349688507449,0.001296159875895588,0.0016975263758757283,0.0023399243999487128,0.0028080657975404796,0.005134142239699645,0.017854658441446545
2023-07-10 00:00:00+00:00,0.478,0.02114243657380921,2.6164254831194424e-05,3.927221466059708e-05,0.00023429922368195427,0.0017100909604233637,0.0018091617307938132,0.0023809238199158874,0.005099769582427246,0.017144757248402018
2023-07-11 00:00:00+00:00,0.4753,-0.005664548871492259,0.0004470026242775453,0.00047316687910873905,0.0004862748389381573,0.0017693267550043072,0.0021706932549844732,0.0028134934664429245,0.0050030966546639934,0.013999022484505658
2023-07-12 00:00:00+00:00,0.471,-0.009088089603546012,3.2087113917524224e-05,0.00047908973819506885,0.0005052539930262783,0.0007133889618770034,0.002189180698618438,0.002845178392974978,0.0049357629123256514,0.013277772974447192
2023-07-13 00:00:00+00:00,0.8153,0.5486980496524474,8.259337264208112e-05,0.00011468048655960469,0.000561683110837165,0.0006009553254977423,0.0018840072415639178,0.002370844841630965,0.003395913163208824,0.013292754707092668
2023-07-14 00:00:00+00:00,0.7179,-0.12722586008642786,0.30106954969239963,0.30115214306504173,0.30118423017895923,0.301657397058068,0.30186553202691874,0.3033549234339437,0.3040121566231527,0.3142346244505556
2023-07-15 00:00:00+00:00,0.7145,-0.004747286212515134,0.016186419474731317,0.31725596916713095,0.31733856253977305,0.3178176522779681,0.3178569244926287,0.31952774323839145,0.3201841431201335,0.32429097607074536
2023-07-16 00:00:00+00:00,0.7468,0.044214414297645444,2.2536726383536283e-05,0.016208956201114854,0.3172785058935145,0.3173931863800741,0.31786635325918283,0.3191625131350784,0.32020627765913157,0.3243135127971289
2023-07-17 00:00:00+00:00,0.7374,-0.012666925867523382,0.001954914431683834,0.0019774511580673703,0.018163870632798687,0.3193160136978404,0.31979510343603545,0.3200294026597174,0.3216042651668293,0.32619122170464177
2023-07-18 00:00:00+00:00,0.7779,0.05346749541268425,0.00016045101093333297,0.002115365442617167,0.0021379021690007033,0.3193938713361317,0.3195085518226913,0.31999482666162943,0.32167924507767576,0.3262979793767076
2023-07-19 00:00:00+00:00,0.8199,0.05258440038940351,0.0028587730657054114,0.0030192240766387444,0.004974138508322578,0.021183094709437432,0.32233523777447914,0.3228404917675054,0.32452441847309754,0.3289221101201429
2023-07-20 00:00:00+00:00,0.7942,-0.03184706290498085,0.0027651191643131004,0.005623892230018511,0.005784343240951844,0.007761794399019215,0.32501776356615014,0.3255794466769873,0.32690177080771404,0.3314947938076033
2023-07-21 00:00:00+00:00,0.7713,-0.029257915757197633,0.0010142354156738073,0.003779354579986908,0.006638127645692319,0.008753493088309486,0.02496244928942434,0.32614667946838355,0.32682798131634305,0.3325070152113509
2023-07-22 00:00:00+00:00,0.7331,-0.050795284710412614,0.0008560256344552735,0.0018702610501290808,0.004635380214442181,0.007654604291080926,0.009632055449148295,0.32697061798892135,0.327488979941777,0.33316418107792095
2023-07-23 00:00:00+00:00,0.7384,0.0072035649591014606,0.0025801609488118773,0.0034361865832671507,0.004450421998940958,0.01007431422895947,0.012189679671576636,0.3294681855650911,0.33005603293075947,0.33559360498344293
2023-07-24 00:00:00+00:00,0.7021,-0.050409839165439285,5.189134811999443e-05,0.0026320522969318716,0.003488077931387145,0.007267432511374053,0.010286656588012798,0.028450527220811483,0.33008176002404827,0.3356239022579319
2023-07-25 00:00:00+00:00,0.7089,0.009638628837768781,0.0025411518846854566,0.0025930432328054513,0.005173204181617328,0.007043465231746409,0.012667357461764922,0.014805259630765625,0.3321759092844562,0.3377832184032646
2023-07-26 00:00:00+00:00,0.7161,0.010105349151922238,9.290316587226796e-05,0.002634055050557725,0.0026859463986777187,0.00612213298194487,0.009901487561931778,0.014875626070254356,0.33223672533641097,0.33781558465703326
2023-07-27 00:00:00+00:00,0.7139,-0.0030769255044792443,0.0001021180814822555,0.00019502124735452388,0.0027361731320399802,0.005368225428971852,0.007238486479100932,0.013022829720052777,0.3322562500452511,0.3373740271864747
2023-07-28 00:00:00+00:00,0.712,-0.0026649850964390875,9.467470560114851e-06,0.00011158555204237078,0.0002044887179146383,0.0027975319507200893,0.00623371853398724,0.012871846179679559,0.03119616782341158,0.3372840738007789
2023-07-29 00:00:00+00:00,0.7121,0.0001404395761032684,7.102145564242453e-06,1.6569616124357737e-05,0.0001186876976066128,0.002752742748164337,0.005384795045096208,0.01002017525953839,0.015016850494244505,0.33566873282458426
2023-07-30 00:00:00+00:00,0.7046,-0.010588085080941723,1.9723274536065717e-08,7.121868838778952e-06,1.658933939889337e-05,0.00021161058675341684,0.0028046538195588677,0.007255075818499826,0.014994333491135504,0.335215446315403
2023-07-31 00:00:00+00:00,0.6976,-0.00998439331236739,0.00011210754568126069,0.00011212726895579719,0.0001192294145200392,0.00023081496656240957,0.002864870017120134,0.006352947948507279,0.013151526605132932,0.3353131208833338
2023-08-01 00:00:00+00:00,0.7069,0.013243340582138441,9.968810981604666e-05,0.00021179565549730777,0.00021181537877184342,0.00022838499489620073,0.0004234062422507242,0.005596610423868053,0.013090763704015646,0.3354124068057644
2023-08-02 00:00:00+00:00,0.685,-0.031470374914682964,0.00017538606977451495,0.0002750741795905621,0.0003871817252718223,0.0003943035941106008,0.0005058891461529712,0.00319183554483069,0.010407376708084748,0.3350308659515528
2023-08-03 00:00:00+00:00,0.663,-0.032643848076362836,0.0009903844972707068,0.0011657705670452222,0.0012654586768612685,0.001377585945817065,0.0013941555619414224,0.004130328693981403,0.008632642041042355,0.3359357793487366
2023-08-04 00:00:00+00:00,0.6356,-0.04220555552330152,0.0010656208172326576,0.002056005314503365,0.0022313913842778796,0.0024431870397751865,0.0024503089086139653,0.0026547976265286037,0.008684027442601204,0.33698780049568566
2023-08-05 00:00:00+00:00,0.6288,-0.010756193547564186,0.0017813089170304872,0.0028469297342631453,0.0038373142315338516,0.004112388411124413,0.00422451568008021,0.004343203377686823,0.00960931072517642,0.33838134258301955
2023-08-06 00:00:00+00:00,0.624,-0.007662872745569149,0.00011569569963266143,0.001897004616663149,0.0029626254338958064,0.004128396000941028,0.004340191656438335,0.004356780995837229,0.007144845475997203,0.3374090133756074
2023-08-07 00:00:00+00:00,0.6236,-0.0006412311858061681,5.871961871478647e-05,0.0001744153183474483,0.0019557242353779353,0.0040117295498813,0.004286803729471861,0.004406033143991901,0.007151673746591995,0.33727270598530085
2023-08-08 00:00:00+00:00,0.6418,0.028767591492135036,4.111774336503845e-07,5.913079614843729e-05,0.0001748264957810985,0.003021756230044243,0.004187526797089465,0.004399342175861308,0.004610933039340189,0.3372600092029051
2023-08-09 00:00:00+00:00,0.6433,0.002334449741198119,0.0008275743202583602,0.000827985497692011,0.0008867051164067972,0.0027837097330699456,0.00483971504757331,0.005226896772845132,0.005345604193726281,0.3380614192683323
2023-08-10 00:00:00+00:00,0.6331,-0.01598279086687382,5.449655594179965e-06,0.0008330239758525406,0.0008334351532861907,0.0010078504716336384,0.0038547802058967835,0.005120238882758052,0.005248935767838206,0.3376198662996489
2023-08-11 00:00:00+00:00,0.6318,-0.0020554991820959656,0.0002554496038942252,0.00026089925948840557,0.0010884735797467653,0.001147604375895202,0.0030446089925583505,0.00527600037683623,0.005494917901172316,0.33784322878962564
2023-08-12 00:00:00+00:00,0.6276,-0.006669867509107308,4.225076887597184e-06,0.00025967468078182284,0.00026512433637600246,0.0010931098340680129,0.0012675251524154607,0.005104839383949312,0.005492040832495671,0.3377648604938711
2023-08-13 00:00:00+00:00,0.6256,-0.0031918316277761982,4.448713258904532e-05,4.871220947664294e-05,0.0003041618133708678,0.0011371857892234077,0.0011963165853718447,0.0041589420192676505,0.00553650824181018,0.036739797934060535
2023-08-14 00:00:00+00:00,0.6343,0.013810839408750053,1.0187789140072455e-05,5.4674921729118214e-05,5.889999861671507e-05,0.0003197992581051201,0.0011477847557971306,0.003103508991175066,0.005434588485268991,0.020563566248469292
2023-08-15 00:00:00+00:00,0.6104,-0.03840754866960411,0.0001907392851742835,0.0002009270743143564,0.0002454142069034014,0.0005050888876852236,0.0013381128635377637,0.001512939359318862,0.005525639660627229,0.02073176880726004
2023-08-16 00:00:00+00:00,0.5889,-0.03585809001972229,0.0014751397948080083,0.0016658790799822924,0.0016760668691223645,0.0017247790785990067,0.001985678338087412,0.002872383454494209,0.006825393385660722,0.020251994170384216
2023-08-17 00:00:00+00:00,0.5064,-0.15092951912055863,0.0012858026198625072,0.002760942414670516,0.0029516816998447996,0.0030063566215739164,0.0032660313023557394,0.00409946645564193,0.007120811508252523,0.02137734577931339
2023-08-18 00:00:00+00:00,0.5062,-0.0003950227189427613,0.022779719741963075,0.024065522361825582,0.02554066215663359,0.025741589230947947,0.025790301440424587,0.026878775020171355,0.02883491043298294,0.04129829245557105
2023-08-19 00:00:00+00:00,0.5199,0.02670463727864647,1.560429484809318e-07,0.022779875784911554,0.02406567840477406,0.025731557484756355,0.025786232406485473,0.026051356742861475,0.02705375755890093,0.03853332933420643
2023-08-20 00:00:00+00:00,0.5384,0.034965292940847936,0.0007131376521840747,0.0007132936951325556,0.02349301343709563,0.026253955851766146,0.026454882926080503,0.02675904473945137,0.027651199511452347,0.0382322315707167
2023-08-21 00:00:00+00:00,0.5245,-0.026156350494166203,0.0012225717104393104,0.0019357093626233852,0.0019358654055718662,0.02600138776739745,0.027667266847379742,0.027726166845996457,0.02881505160317687,0.038598777646700735
2023-08-22 00:00:00+00:00,0.521,-0.006695386082984922,0.0006841546711736686,0.0019067263816129791,0.0026198640337970537,0.02539973981870861,0.028160682233379128,0.028406096440282528,0.02949879509691689,0.03670277136906253
2023-08-23 00:00:00+00:00,0.5301,0.01731562624039351,4.482819480022818e-05,0.0007289828659738967,0.0019515545764132074,0.002664848271545763,0.026730370633371345,0.02840643750249371,0.028716048971458758,0.036695708215742764
2023-08-24 00:00:00+00:00,0.5187,-0.02173998663640586,0.0002998309120970043,0.0003446591068972325,0.001028813778070901,0.0029645231406942862,0.025744398925605844,0.02869608062545064,0.029010430227961584,0.03445438724315431
2023-08-25 00:00:00+00:00,0.5258,0.013595230938426295,0.00047262701895110543,0.0007724579310481098,0.0008172861258483379,0.0027240125074613174,0.0034373062025938724,0.028977968359227464,0.02922760764301846,0.03483411109623315
2023-08-26 00:00:00+00:00,0.5231,-0.005148261919215469,0.00018483030426914352,0.0006574573232202489,0.0009572882353172532,0.00168627110129115,0.003621980463914535,0.027687658868688597,0.029408212870400005,0.03491682331902003
2023-08-27 00:00:00+00:00,0.5236,0.0009553836591793541,2.6504600788844142e-05,0.00021133490505798765,0.0006839619240090931,0.0010286210309063256,0.0029353474125193048,0.026428360849614935,0.029390230338599808,0.03493386044924877
2023-08-28 00:00:00+00:00,0.5232,-0.0007642338927558168,9.127579362269321e-07,2.7417358725071073e-05,0.00021224766299421458,0.0009847055940423244,0.0017136884600162212,0.003649553865588087,0.02938095530739596,0.03492767106162075
2023-08-29 00:00:00+00:00,0.5398,0.03123490044091526,5.840534428367092e-07,1.4968113790636415e-06,2.8001412167907784e-05,0.0006854587353881567,0.001030117842285389,0.0036499818760824428,0.029190800075664516,0.034928235391789055
2023-08-30 00:00:00+00:00,0.5284,-0.021345127935733954,0.0009756190055538882,0.000976203058996725,0.0009771158169329518,0.0011884507219909394,0.0019609086530390494,0.003912463229452256,0.028691279286410395,0.03579174685166168
2023-08-31 00:00:00+00:00,0.511,-0.03348398244446582,0.00045561448659285007,0.0014312334921467384,0.001431817545589575,0.0014592349043146462,0.002116692227534895,0.003145506005605796,0.027861091153140737,0.03614767322843848
2023-09-01 00:00:00+00:00,0.498,-0.025769513179051518,0.0011211770803412954,0.0015767915669341456,0.0025524105724880337,0.002553907383867097,0.002765242288925085,0.003582528414773423,0.006202548491518958,0.03709346423900527
2023-09-02 00:00:00+00:00,0.4988,0.0016051367812285333,0.0006640678094853099,0.0017852448898266055,0.002240859376419455,0.0032170624354161802,0.0032444797941412512,0.004201768029458505,0.006866460258055786,0.03676714755121987
2023-09-03 00:00:00+00:00,0.5047,0.011758979540335335,2.5764640864526965e-06,0.0006666442735717628,0.001787821353913058,0.0032190548460597967,0.0032205516574388597,0.0039045135814479532,0.0061558990699581645,0.03570410319807366
2023-09-04 00:00:00+00:00,0.5087,0.007894258482502692,0.000138273599830025,0.0001408500639164779,0.0008049178734017876,0.002381709440335933,0.003357912499332658,0.003570160162326873,0.005071600959348879,0.034061067880873194
2023-09-05 00:00:00+00:00,0.5056,-0.006112608996071689,6.23193169885657e-05,0.00020059291681859091,0.0002031693809050434,0.0019884142707316485,0.003419647762878387,0.003447649175046295,0.0044497656051637755,0.0340076914982291
2023-09-06 00:00:00+00:00,0.5033,-0.004559429050333574,3.7363988738856544e-05,9.968330572742245e-05,0.00023795690555744722,0.0009046011791292098,0.0024813927460633554,0.0034585085629963075,0.004442301399102404,0.03398633586825318
2023-09-07 00:00:00+00:00,0.505,0.003372015493045666,2.078839326502572e-05,5.815238200388248e-05,0.00012047169899244797,0.00026132176290892566,0.002046566652735531,0.003478384198325106,0.004163258880270426,0.03400671308408455
2023-09-08 00:00:00+00:00,0.505,0.0,1.1370488485340005e-05,3.2158881750365945e-05,6.952287048922227e-05,0.00027011578730781294,0.0009367600608795756,0.0034891706333676094,0.0037020023498046607,0.033190509252311526
2023-09-09 00:00:00+00:00,0.5038,-0.002379065356849952,0.0,1.1370488485340222e-05,3.215888175036573e-05,0.00013184218747778798,0.00027269225139426564,0.002513551627813721,0.003517172045535517,0.03318505959671735
2023-09-10 00:00:00+00:00,0.4969,-0.013790565310235037,5.65995197216359e-06,5.659951972163807e-06,1.7030440457503594e-05,7.518282246138586e-05,0.00027577573927997656,0.002063597093193035,0.0034963273967188366,0.03293526994479529
2023-09-11 00:00:00+00:00,0.4744,-0.04633795092475923,0.00019017969157585798,0.0001958396435480218,0.00019583964354802157,0.0002279985252983873,0.0003276818310258095,0.0011325997044275972,0.0036855943303584675,0.03312122455948355
2023-09-12 00:00:00+00:00,0.4804,0.012568242522312811,0.0021472056959053946,0.002337385387481253,0.002343045339453416,0.002354415827938756,0.0024125682099426383,0.002615737590847682,0.005832215972821025,0.0352239431227999
2023-09-13 00:00:00+00:00,0.4832,0.0058115564147768195,0.0001579607200996719,0.0023051664160050663,0.002495346107580924,0.0025010060595530882,0.0025331649413034537,0.0027711218468609014,0.005014557687366809,0.035371716053759494
2023-09-14 00:00:00+00:00,0.4892,0.01234075719241201,3.37741879621336e-05,0.0001917349080618055,0.0023389406039672003,0.002534780247515222,0.0025461507360005618,0.00266662243499301,0.004592717388736092,0.03521475095654735
2023-09-15 00:00:00+00:00,0.5005,0.02283619494225786,0.00015229428808206878,0.00018606847604420238,0.0003440291961438743,0.0026814145836251265,0.0026870745355972903,0.002756597406086513,0.0036238345964768656,0.03389190544982141
2023-09-16 00:00:00+00:00,0.4998,-0.0013995803544231133,0.0005214917994408034,0.0006737860875228722,0.0007075602754850058,0.003012726691490072,0.003208566335038094,0.0032407252167884594,0.0034812585864323594,0.0331275946293997
2023-09-17 00:00:00+00:00,0.4925,-0.01471355778870842,1.9588251684871274e-06,0.0005234506246092906,0.0006757449126913594,0.0008674798207531649,0.003204865208234417,0.0032218956486919207,0.0034806409475143935,0.010349833712605115
2023-09-18 00:00:00+00:00,0.503,0.02109570948759565,0.0002164887828016622,0.00021844760797014933,0.0007399394074109527,0.0009260078834551551,0.0032311742994602217,0.003427013943008243,0.003558856130486031,0.010566166452458295
2023-09-19 00:00:00+00:00,0.514,0.021633095355425902,0.00044502895878503307,0.0006615177415866953,0.0006634765667551824,0.0013372626542780546,0.00152899756233986,0.0038720429017932764,0.0039415657722824985,0.010298057759059254
2023-09-20 00:00:00+00:00,0.5212,0.013910579795524902,0.00046799081465694975,0.0009130197734419828,0.0011295085562436449,0.0016529591808529353,0.0018390276568971378,0.004334373764478062,0.004372192598200591,0.009543476863276893
2023-09-21 00:00:00+00:00,0.5071,-0.02742562244971669,0.00019350423024766563,0.0006614950449046153,0.0011065240036896484,0.0013249716116597978,0.00199875769918267,0.004337698303149871,0.004544908435183232,0.00905282642235089
2023-09-22 00:00:00+00:00,0.5122,0.010006950964451478,0.0007521647667544042,0.0009456689970020696,0.0014136598116590196,0.002075177553245715,0.0025986281778550054,0.0029426573739988796,0.005285702713452295,0.009760162994305066
2023-09-23 00:00:00+00:00,0.5076,-0.009021437925192166,0.00010013906760493636,0.0008523038343593404,0.0010458080646070062,0.001958827838048989,0.0021772754460191385,0.0028848357215041443,0.005385841781057232,0.009560471149812998
2023-09-24 00:00:00+00:00,0.5021,-0.010894432799572917,8.138634223809554e-05,0.00018152540984303178,0.000933690176597436,0.0015951852215020516,0.0022567029630887465,0.002932447875780106,0.005461568171323164,0.009169230473099987
2023-09-25 00:00:00+00:00,0.5056,0.0069465397919880045,0.0001186886660244102,0.0002000750082625056,0.0003002140758674421,0.001245883072869512,0.0021589028463114947,0.0028988422537224476,0.005390077145771716,0.009103088834855255
2023-09-26 00:00:00+00:00,0.5019,-0.007344946171759736,4.825441508167275e-05,0.00016694308110608283,0.0002483294233441785,0.001100633257703519,0.0017621283026081345,0.0024256048693633166,0.0032911258649479945,0.009124838649148082
2023-09-27 00:00:00+00:00,0.4993,-0.005193779154324396,5.3948234266048006e-05,0.00010220264934772065,0.00022089131537213097,0.00040241672521516283,0.0013480857222172328,0.0024775942784608777,0.0031871133791143706,0.009177874125477905
2023-09-28 00:00:00+00:00,0.5098,0.020811374435451446,2.697534190389464e-05,8.092357616994254e-05,0.0001291779912516154,0.00032925299951412114,0.0011815568338734617,0.00228808083756311,0.0031803145330561314,0.009204265413938963
2023-09-29 00:00:00+00:00,0.5215,0.022690782498811957,0.000433113305892562,0.0004600886477964565,0.0005140368820625047,0.0006809799631685876,0.0008625053730116195,0.002276165184670639,0.003461133550866625,0.008661759714277637
2023-09-30 00:00:00+00:00,0.5149,-0.012736567388731301,0.000514871610408391,0.0009479849163009529,0.0009749602582048477,0.0010771629075525683,0.001277237915815074,0.0023230459804220805,0.0034545133618342125,0.008721016838093176
2023-10-01 00:00:00+00:00,0.5241,0.017709798756024853,0.00016222014884769367,0.0006770917592560845,0.0011102050651486466,0.0011911286413185892,0.0013580717224246721,0.0022917618990221083,0.0036147746855134193,0.007762059906599575
2023-10-02 00:00:00+00:00,0.5123,-0.022772114862964044,0.00031363697197889944,0.000475857120826593,0.0009907287312349842,0.0014508173790314406,0.0015530200283791614,0.0018532341042466036,0.003711922874690656,0.007411629069093165
2023-10-03 00:00:00+00:00,0.539,0.05080517996384071,0.0005185692153320279,0.0008322061873109272,0.000994426336158621,0.0019424112524595739,0.0020233348286295165,0.002271664251973695,0.0037854631312376507,0.00792762182033874
2023-10-04 00:00:00+00:00,0.5326,-0.011944897529165499,0.0025811663111582413,0.003099735526490269,0.0034133724984691687,0.004090464257725253,0.00455055290552171,0.004771444220893841,0.005898638627738942,0.010370514531666956
2023-10-05 00:00:00+00:00,0.5227,-0.01876298766095552,0.00014268057698226403,0.0027238468881405054,0.003242416103472533,0.0037182732242991264,0.00466625814060008,0.004795436131851695,0.005847814974473541,0.010450875791660656
2023-10-06 00:00:00+00:00,0.5255,0.0053425045981294605,0.00035204970596516914,0.0004947302829474331,0.0030758965941056742,0.003908102781416602,0.004585194540672686,0.005099231422735191,0.005447699913684306,0.010765561508886967
2023-10-07 00:00:00+00:00,0.5216,-0.007449179704562603,2.8542355381034427e-05,0.0003805920613462036,0.0005232726383284675,0.003623008164818737,0.00409886528564533,0.005073825543850177,0.005376103201460404,0.010773315471002977
2023-10-08 00:00:00+00:00,0.5174,-0.008084740860514361,5.549027827086739e-05,8.403263365190181e-05,0.000436082339617071,0.0031599292277575764,0.003992135415068503,0.00510234048021715,0.005350207137493176,0.010817435260788502
2023-10-09 00:00:00+00:00,0.5027,-0.02882269905339907,6.53630347816705e-05,0.00012085331305253788,0.0001493956684335723,0.0006441259513810054,0.0037438614778712745,0.004734590209106259,0.005296881506250436,0.010882798295570173
2023-10-10 00:00:00+00:00,0.4965,-0.01241008721330239,0.0008307479807228116,0.0008961110155044821,0.0009516012937753495,0.001332193355121553,0.004056040243262058,0.005050466579420679,0.006079375071891575,0.011707886324320823
2023-10-11 00:00:00+00:00,0.4888,-0.01563007562784169,0.00015401026464177147,0.0009847582453645831,0.0010501212801462536,0.0011341539137981554,0.0016288841967455885,0.0050422566952147575,0.006179437102267298,0.011671716897386735
2023-10-12 00:00:00+00:00,0.483,-0.011936754204812883,0.00024429926413205077,0.00039830952877382227,0.0012290575094966339,0.0013499108225491717,0.0017305028838953754,0.004972918987367909,0.006396761024495454,0.009768810465613393
2023-10-13 00:00:00+00:00,0.4851,0.004338401598598107,0.00014248610094611805,0.0003867853650781688,0.0005407956297199403,0.0014369066452244224,0.0015209392788763242,0.004596835872981999,0.006106133819549011,0.009753335846459836
2023-10-14 00:00:00+00:00,0.4865,0.0028818463748888634,1.882172843071861e-05,0.00016130782937683665,0.0004056070935088874,0.0013903653388734705,0.0015112186519260086,0.002034491290254476,0.0056100839375713375,0.009738383386928423
2023-10-15 00:00:00+00:00,0.4874,0.0018482395650462058,8.305038528460083e-06,2.7126766959178693e-05,0.00016961286790529673,0.0005679223966791191,0.0014640334121836013,0.001900115751800672,0.0054561688272521044,0.009594394137374814
2023-10-16 00:00:00+00:00,0.4978,0.021113248742385737,3.415989489802188e-06,1.1721028018262271e-05,3.054275644898088e-05,0.0004173281215271498,0.001402086366891733,0.0015514820353253053,0.0051459478447630075,0.009076318327423812
2023-10-17 00:00:00+00:00,0.4912,-0.013347013100558858,0.00044576927245785293,0.00044918526194765514,0.0004574903004761152,0.000618798129852952,0.0010171076586267742,0.0019687089524021237,0.005073147901888833,0.009520128774713178
2023-10-18 00:00:00+00:00,0.4878,-0.0069458910511128735,0.00017814275870648978,0.0006239120311643427,0.0006273280206541449,0.0006544547876133237,0.0010412401526914924,0.002091361432837746,0.002670124349437081,0.009481782750618006
2023-10-19 00:00:00+00:00,0.5197,0.0633462362325764,4.82454024939299e-05,0.00022638816120041969,0.0006721574336582726,0.000683878461676535,0.0008451862910533716,0.002074243800550005,0.002575689174948747,0.009084999194326902
2023-10-20 00:00:00+00:00,0.5149,-0.009279014962300547,0.004012745644833376,0.004060991047327306,0.004239133806033795,0.004688319067981451,0.004715445834940629,0.00525624146466057,0.006236385113816954,0.01262975402450333
2023-10-21 00:00:00+00:00,0.5208,0.011393383842263849,8.610011867059742e-05,0.004098845763503973,0.004147091165997902,0.004771003197162246,0.004782724225180507,0.005188331318689395,0.006293942877106516,0.012522349912926261
2023-10-22 00:00:00+00:00,0.5226,0.003450262192152387,0.00012980919537715894,0.00021590931404775636,0.004228654958881133,0.004455043120081553,0.004904228382029207,0.0050738412499345045,0.006368261794212808,0.011899994341549015
2023-10-23 00:00:00+00:00,0.5475,0.046546108604143877,1.1904309194596194e-05,0.00014171350457175514,0.00022781362324235255,0.004288804670569658,0.004912716701734,0.004943259458182981,0.0063148030686257335,0.011811759583138676
2023-10-24 00:00:00+00:00,0.5588,0.020429165692150808,0.0021665402261887567,0.002178444535383353,0.0023082537307605117,0.006407099494264486,0.006633487655464905,0.007090977955941021,0.007650595314091679,0.013896913467089338
2023-10-25 00:00:00+00:00,0.5552,-0.006463218190211895,0.00041735081087735163,0.0025838910370661085,0.0025957953462607047,0.002811704660308462,0.006872695707635767,0.007500023728289912,0.00791393586032726,0.014195575611942278
2023-10-26 00:00:00+00:00,0.5533,-0.003428059288530627,4.177318937428592e-05,0.00045912400025163757,0.0026256642264403944,0.0027673777310121502,0.006866223494516123,0.007538380928174396,0.007711409785569495,0.014189094386234892
2023-10-27 00:00:00+00:00,0.543,-0.018791029970128603,1.175159048568111e-05,5.3524779859967034e-05,0.00047087559073731865,0.0026493201261206726,0.002865229440168428,0.007104363246202223,0.007580675275109057,0.014146897742454523
2023-10-28 00:00:00+00:00,0.5446,0.002942260305723643,0.00035310280733827137,0.0003648543978239525,0.0004066275871982384,0.002990518624264348,0.003132232128836102,0.007279323294834005,0.00791495635401661,0.014473025207888901
2023-10-29 00:00:00+00:00,0.5561,0.020896553953859143,8.656895706636985e-06,0.00036175970304490833,0.0003735112935305894,0.0008326352937822279,0.00301107982916558,0.007239734788046712,0.007915308211194787,0.014048568797702976
2023-10-30 00:00:00+00:00,0.578,0.038625734478859086,0.00043666596714654615,0.0004453228628531831,0.0007984256701914545,0.0008519504500514223,0.0034358414871175297,0.0036636551103598823,0.00834855818885153,0.013970363154441131
2023-10-31 00:00:00+00:00,0.5996,0.0366888975560653,0.0014919473640313235,0.0019286133311778697,0.0019372702268845067,0.00230212462470846,0.0027612486249600967,0.005069502355720608,0.009394736280425002,0.015300090369624762
2023-11-01 00:00:00+00:00,0.6085,0.014734146199139209,0.0013460752038794545,0.0028380225679107782,0.0032746885350573244,0.0036364482381022333,0.0036899730179621995,0.006285768364222904,0.010562668725597966,0.016332528601525318
2023-11-02 00:00:00+00:00,0.6054,-0.00510751583996355,0.00021709506421760838,0.0015631702680970628,0.0030551176321283865,0.00350044049498157,0.003865294892805522,0.006490959119245916,0.010731518387321646,0.016031054450410896
2023-11-03 00:00:00+00:00,0.6121,0.011006271269405732,2.608671805547857e-05,0.00024318178227308694,0.0015892569861525414,0.0035178703173304117,0.0038796300203753193,0.004350505611112638,0.006744859460543748,0.013475974857308134
2023-11-04 00:00:00+00:00,0.6149,0.0045639851023999145,0.00012113800725574606,0.00014722472531122463,0.00036431978952883304,0.0032023423574396117,0.003647665220292794,0.0040542928074910325,0.006779897349128896,0.013454432287581615
2023-11-05 00:00:00+00:00,0.6607,0.07184022607641594,2.082996001492836e-05,0.00014196796727067442,0.00016805468532615298,0.0017312249534232169,0.0036598382846010856,0.004033349578131676,0.006670918113766666,0.013123212541631376
2023-11-06 00:00:00+00:00,0.7148,0.07870290424943299,0.005161018082710553,0.005181848042725481,0.0053029860499812275,0.005546167832254315,0.008384190400165092,0.009182616070356548,0.011820031887282622,0.018255688268960894
2023-11-07 00:00:00+00:00,0.685,-0.042583945023047576,0.006194147137295418,0.01135516522000597,0.011375995180020899,0.011523219905332125,0.013086390173429188,0.015023660400313693,0.015847638798389282,0.024394345127985446
2023-11-08 00:00:00+00:00,0.6869,0.002769882957610492,0.0018133923737259385,0.008007539511021356,0.013168557593731908,0.013310525561002583,0.013553707343275672,0.016828395878332996,0.01724368036123787,0.02614237446692971
2023-11-09 00:00:00+00:00,0.6665,-0.030148581601072533,7.672251598861047e-06,0.0018210646253247996,0.008015211762620216,0.0131970598053457,0.013344284530656923,0.01639940216278531,0.017209579423462445,0.025319298737805758
2023-11-10 00:00:00+00:00,0.6595,-0.010558167461394097,0.0009089369725565293,0.0009166092241553903,0.0027300015978813288,0.014085166817887301,0.014227134785157972,0.015816391771310515,0.018106764805533294,0.02607422544572052
2023-11-11 00:00:00+00:00,0.6626,0.004689517708426183,0.00011147490014284107,0.0010204118726993704,0.0010280841242982313,0.009035623635319588,0.01421747167804507,0.014581791467573902,0.017865136898337863,0.025941401081731312
2023-11-12 00:00:00+00:00,0.6613,-0.0019638951851787545,2.1991576337642758e-05,0.0001334664764804838,0.001042403449037013,0.0028634680743618137,0.014218633294367783,0.014386687979693936,0.01787847157896887,0.02582090655712283
2023-11-13 00:00:00+00:00,0.6702,0.013368580622593385,3.856884298368294e-06,2.5848460636011052e-05,0.00013732336077885212,0.0010539325849342432,0.009061472095955599,0.014364458145936827,0.017445662496120694,0.025805941712990485
2023-11-14 00:00:00+00:00,0.6296,-0.06249147820001649,0.00017871894786277933,0.00018257583216114764,0.00020456740849879039,0.0012249792811981615,0.00304604390652296,0.01442203908654386,0.016132434079952147,0.025976355622324802
2023-11-15 00:00:00+00:00,0.6481,0.028960308330476747,0.0039051848476231365,0.004083903795485916,0.004087760679784284,0.004221227156264769,0.005137836380420158,0.01830639397415207,0.018691543723695827,0.029878124480458138
2023-11-16 00:00:00+00:00,0.6119,-0.05747613496517545,0.0008386994585962809,0.004743884306219417,0.004922603254082197,0.004948451714718209,0.005968863587417578,0.013984075350037794,0.0193131481180745,0.030271054666596568
2023-11-17 00:00:00+00:00,0.6133,0.002285342163443116,0.003303506090535064,0.004142205549131345,0.008047390396754481,0.00822996622891563,0.008363432705396114,0.01109343430327744,0.02259056749055409,0.03339641799842514
2023-11-18 00:00:00+00:00,0.6106,-0.0044121323311604455,5.222788804010861e-06,0.003308728879339075,0.004147428337935355,0.008231332133421271,0.008257180594057282,0.009285264718355514,0.02247465227210235,0.03335339538473522
2023-11-19 00:00:00+00:00,0.6258,0.024588750934004255,1.9466911707671306e-05,2.4689700511682166e-05,0.0033281957910467463,0.008072080097266164,0.00825465592942731,0.009297059378464324,0.022473289223795094,0.029360116651609515
2023-11-20 00:00:00+00:00,0.6122,-0.021971804723469712,0.0006046066724944951,0.0006240735842021664,0.0006292963730061773,0.0047715019221375235,0.008855405717623437,0.00899272907840229,0.01791687781357904,0.029878623205433413
2023-11-21 00:00:00+00:00,0.5788,-0.05610203175398326,0.00048276020280628597,0.001087366875300781,0.0011068337870084523,0.004415562666347528,0.009159446972566944,0.009364014381065735,0.012205490879089906,0.03023157421286254
2023-11-22 00:00:00+00:00,0.6109,0.05397628489839246,0.0031474379669249463,0.003630198169731232,0.0042348048422257275,0.0042594945427374105,0.008401700091868754,0.012489460771653037,0.013539536472288912,0.03336710787059289
2023-11-23 00:00:00+00:00,0.6209,0.016236758715125865,0.0029134393314324296,0.006060877298357376,0.0065436375011636615,0.007167711085365829,0.010476439964704903,0.015399043218787099,0.01644530355212248,0.03411400697583657
2023-11-24 00:00:00+00:00,0.6212,0.000483052903684833,0.00026363233357321573,0.0031770716650056452,0.006324509631930591,0.007411876507231374,0.007436566207743055,0.015483956604497535,0.015799998913139168,0.03396028849853243
2023-11-25 00:00:00+00:00,0.6228,0.0025723486853113653,2.3334010775834856e-07,0.0002638656736809741,0.0031773050051134033,0.0068075031748446365,0.0074315767590468025,0.011579005096982158,0.015688757353104085,0.033918748649265903
2023-11-26 00:00:00+00:00,0.6157,-0.011465608042678821,6.61697775882311e-06,6.850317866581458e-06,0.00027048265143979675,0.006331359949797174,0.007418726825097953,0.0107469226161447,0.015673382754525265,0.03391361403653904
2023-11-27 00:00:00+00:00,0.6039,-0.01935121060330902,0.00013146016778834126,0.00013807714554716437,0.00013831048565492228,0.003315382150660569,0.0069455803203918,0.007574876693397977,0.015800986038015236,0.033691971396989116
2023-11-28 00:00:00+00:00,0.6107,0.01119721891523362,0.0003744693518136195,0.0005059295196019608,0.0005125464973607834,0.0007764121710417589,0.006837289469399133,0.007944123256407587,0.01599673644196608,0.034057783853096095
2023-11-29 00:00:00+00:00,0.6091,-0.0026233823866502193,0.00012537771143566556,0.000499847063249285,0.0006313072310376259,0.0006381575489042087,0.0038152292139098528,0.00805003405613558,0.012216929305778607,0.03374649559738522
2023-11-30 00:00:00+00:00,0.6063,-0.004607544764753946,6.882135146586601e-06,0.0001322598465822522,0.0005067291983958713,0.0006448063439430369,0.0009086720176240097,0.0074523095187876715,0.011385111982328912,0.032261430368500474
2023-12-01 00:00:00+00:00,0.6125,0.01017402934119721,2.1229468759211494e-05,2.8111603905798147e-05,0.00015348931534146326,0.0006594188349434253,0.0006662691528100055,0.006990778784740598,0.00810283536055306,0.030936584633380233
2023-12-02 00:00:00+00:00,0.6208,0.013460026450126894,0.00010351087303554174,0.00012474034179475328,0.00013162247694133947,0.0006314695401906258,0.0007695466857377888,0.003946851690851193,0.008201123444784592,0.03082300044219817
2023-12-03 00:00:00+00:00,0.6229,0.0033770233910908054,0.0001811723120381156,0.0002846831850736574,0.00030591265383286847,0.00043817250041512185,0.0009441020200170814,0.001214584671456879,0.008362828845115034,0.030978086036180803
2023-12-04 00:00:00+00:00,0.6245,0.0025653373055326,1.1404286983974443e-05,0.0001925765990220901,0.0002960874720576314,0.00032419907596343075,0.0008240461392127145,0.0009623566248676377,0.007769626459604515,0.030868352315909033
2023-12-05 00:00:00+00:00,0.621,-0.005620247632153685,6.580955491157261e-06,1.7985242475131758e-05,0.00019915755451324692,0.00032389789630800136,0.00045615774289025225,0.0009687042402510365,0.007293447212289387,0.030854103311385262
2023-12-06 00:00:00+00:00,0.64,0.03013709442023882,3.158718344672911e-05,3.816813893788642e-05,4.957242592186041e-05,0.00033425561099551904,0.0003623672149013158,0.0009936744459389426,0.004177596428811169,0.025724672412121438
2023-12-07 00:00:00+00:00,0.6432,0.004987541511039029,0.0009082444600943898,0.000939831643541119,0.0009464125990322757,0.0011389891980543672,0.0012637295398491189,0.001770458738244991,0.0021724015574731293,0.02043876973492041
2023-12-08 00:00:00+00:00,0.6721,0.043951421111163624,2.4875570324337478e-05,0.0009331200304187274,0.0009647072138654559,0.0009826924563405889,0.001267375641414245,0.001420864956755709,0.0019336447942242512,0.01865025293151881
2023-12-09 00:00:00+00:00,0.6584,-0.020594489613060207,0.0019317274176908394,0.001956602988015177,0.002864847448109566,0.0029030155870474537,0.003095592186069543,0.003227214663010883,0.0038651388718073322,0.02057430809761079
2023-12-10 00:00:00+00:00,0.6617,0.0049996316551537134,0.00042413300242244477,0.0023558604201132844,0.002380735990437622,0.003320567633978742,0.003338552876453872,0.003644465530286741,0.004282654896470953,0.020089504127476704
2023-12-11 00:00:00+00:00,0.6187,-0.06719177848107055,2.499631668721506e-05,0.00044912931910966007,0.002380856736800499,0.0033139767672192275,0.0033521449061571125,0.0036482323782147446,0.004176191045369828,0.020003025544021075
2023-12-12 00:00:00+00:00,0.6192,0.0008078197385741337,0.004514735095449256,0.004539731412136471,0.004963864414558915,0.0069204674025740934,0.007860299046115212,0.00805945660062846,0.008316456789005465,0.02449576906313269
2023-12-13 00:00:00+00:00,0.6275,0.013315348730421561,6.525727300299817e-07,0.004515387668179287,0.004540383984866502,0.006896244404979787,0.00782936443539851,0.007878936861320372,0.008191731650299829,0.02449256475156435
2023-12-14 00:00:00+00:00,0.6316,0.006512611375548205,0.00017729851181273908,0.00017795108454276992,0.004692686179992025,0.005141815499101686,0.007098418487116861,0.008044831086149137,0.008362148026965981,0.024491144315514312
2023-12-15 00:00:00+00:00,0.6156,-0.02565888041676284,4.2414106928919885e-05,0.00021971261874165982,0.00022036519147168894,0.004760096603608161,0.007115957023721444,0.0080806642375869,0.00838333266513569,0.020628373574820096
2023-12-16 00:00:00+00:00,0.6203,0.007605830014347559,0.0006583781442417357,0.0007007922511706564,0.0008780907629833947,0.005393478431162681,0.00584260775027234,0.008707455198381907,0.008938199936341883,0.02044805226046555
2023-12-17 00:00:00+00:00,0.6103,-0.016252592428622592,5.7848650207150185e-05,0.0007162267944488867,0.0007586409013778057,0.0009365919859205756,0.005476323398057045,0.007857059388494667,0.008814876274510917,0.017202394820137634
2023-12-18 00:00:00+00:00,0.6125,0.0035983028684329343,0.0002641467606509204,0.00032199541085807146,0.0009803735550998063,0.001200086173841466,0.00571547384202075,0.00809633057882125,0.009067618748177863,0.017461318791984544
2023-12-19 00:00:00+00:00,0.6047,-0.0128164751397149,1.2947783532972683e-05,0.000277094544183894,0.0003349431943910433,0.0010357354455616996,0.001213686530104467,0.0061775509446633835,0.00907398557621968,0.017454799663809847
2023-12-20 00:00:00+00:00,0.6171,0.020298618047853878,0.00016426203500693006,0.0001772098185399036,0.0004413565791908232,0.0011575833736397097,0.0013772959923813671,0.005917679977247869,0.009206660427779881,0.017014455026322282
2023-12-21 00:00:00+00:00,0.6241,0.011279526612976154,0.00041203389465265916,0.0005762959296595901,0.0005892437131925619,0.0009112391240506334,0.001612031375221287,0.006304717555213313,0.008710449862338149,0.016943728718168655
2023-12-22 00:00:00+00:00,0.6244,0.0004805767012796558,0.0001272277206128373,0.0005392616152654973,0.0007035236502724266,0.0009806181944563206,0.0016968449889052046,0.0019172101803768943,0.00881280201262665,0.013923518471856544
2023-12-23 00:00:00+00:00,0.6195,-0.007878487572079707,2.3095396581283552e-07,0.000127458674578651,0.0005394925692313093,0.0007167023877712129,0.001038697798629282,0.0019167885616126774,0.006881305548901623,0.011010310094389929
2023-12-24 00:00:00+00:00,0.6121,-0.012017033212173123,6.207056642341439e-05,6.23015203892281e-05,0.00018952924100206452,0.0007658251706616547,0.0010429197148455458,0.0018015606162233525,0.006519243112902594,0.010808748327240127
2023-12-25 00:00:00+00:00,0.6462,0.05421338553337379,0.00014440908722247189,0.00020647965364588714,0.0002067106076116991,0.0007459722228771964,0.0009231820414170974,0.0019035555965169046,0.006638655883437849,0.010952924074354841
2023-12-26 00:00:00+00:00,0.6219,-0.03832974528055427,0.002939091170990223,0.0030835002582126955,0.0031455708246361093,0.00327302949921476,0.0038493254288743477,0.004184268623265392,0.005063011958978817,0.013885398267586242
2023-12-27 00:00:00+00:00,0.634,0.019269646327382317,0.0014691693732721725,0.004408260544262396,0.0045526696314848675,0.004614971151874096,0.00515423276713959,0.005595589346330414,0.006531528759520958,0.015223107473070072
2023-12-28 00:00:00+00:00,0.6346,0.0009459247118693281,0.00037131926958239883,0.0018404886428545722,0.0047795798138447945,0.004986059467490681,0.0051135181420693294,0.005702761855261892,0.006725549517290618,0.015219957390838852
2023-12-29 00:00:00+00:00,0.623,-0.018448360361642102,8.947735605250715e-07,0.0003722140431429248,0.0018413834164150965,0.004924883674627792,0.004987185195017017,0.005690708845289445,0.0066840301839222235,0.015095474452963713
2023-12-30 00:00:00+00:00,0.6207,-0.0036986453678460873,0.0003403420000330075,0.00034123677359353344,0.0007125560431759314,0.005120816587438327,0.005327296241084212,0.0058667888103155225,0.006365994039713496,0.015428934317850132
2023-12-31 00:00:00+00:00,0.6156,-0.008250471454882835,1.3679977557089319e-05,0.0003540219775900977,0.0003549167511506219,0.002195405394005194,0.005278905652217887,0.005468434893219953,0.006321825367063435,0.01542138482664801
2024-01-01 00:00:00+00:00,0.6294,0.022169582665582166,6.807027922783648e-05,8.175025678492666e-05,0.0004220922568179333,0.0007943062999608581,0.0052025668442232526,0.005409277451834952,0.006125748885640351,0.015385944232840305
2024-01-02 00:00:00+00:00,0.6246,-0.007655539781328158,0.0004914903955660812,0.0005595606747939186,0.000573240652351007,0.0009144774259445404,0.00275496606879911,0.00590053689343522,0.00660429149767346,0.01569626231636827
2024-01-03 00:00:00+00:00,0.5823,-0.07012566600590397,5.8607289343497976e-05,0.00055009768490958,0.0006181679641374156,0.0009721899417275133,0.0013444039848704355,0.005897073616355304,0.0064986367520100275,0.015743465318727792
2024-01-04 00:00:00+00:00,0.5868,0.007698267425752303,0.004917609032771596,0.004976216322115095,0.005467706717681175,0.005549456974466102,0.005890693748059632,0.010670273561904427,0.011004211890128963,0.020654493396008233
2024-01-05 00:00:00+00:00,0.5757,-0.01909735458706263,5.926332135839899e-05,0.0049768723541299955,0.005035479643473492,0.0055950403182674115,0.005949062295857506,0.007790445712272603,0.010936247490874526,0.0206821695339199
2024-01-06 00:00:00+00:00,0.5679,-0.013641344798377197,0.0003647089522240021,0.00042397227358240196,0.0053415813063539975,0.005891678991263577,0.005973429248048501,0.006685985291224434,0.011300725489132715,0.020138634026049516
2024-01-07 00:00:00+00:00,0.5515,-0.02930350818982963,0.00018608628790821262,0.0005507952401322156,0.0006100585614906137,0.005586274883605709,0.006145835558399624,0.006500752309550247,0.011424741210617513,0.020299844743633392
2024-01-08 00:00:00+00:00,0.5776,0.04623974888505933,0.0008586955922314122,0.0010447818801396257,0.0014094908323636268,0.0063863631864936226,0.0069364608714032,0.007358553128221134,0.012139027715626454,0.019226812918173963
2024-01-09 00:00:00+00:00,0.5669,-0.018698666248358475,0.0021381143769533453,0.0029968099691847585,0.00318289625709297,0.0036068685306753718,0.008583084852790464,0.009156325505141472,0.011338050921589574,0.020940794292704863
2024-01-10 00:00:00+00:00,0.6008,0.05807917911966698,0.0003496401194675004,0.0024877544964208467,0.003346450088652258,0.0038972453287844733,0.008874117682914467,0.009492285647051882,0.010218521667784905,0.02126543809548515
2024-01-11 00:00:00+00:00,0.6019,0.001829218103800212,0.0033731910472143607,0.003722831166681862,0.0058609455436352065,0.006905727423774832,0.00732969969735723,0.012797406415038407,0.013220393445416865,0.020123894047250256
2024-01-12 00:00:00+00:00,0.5699,-0.05463041171277139,3.346038871270443e-06,0.003376537086085632,0.0037261772055531316,0.00672298717473789,0.007273782414870102,0.012309262058343597,0.013222844710727611,0.020126587513391494
2024-01-13 00:00:00+00:00,0.5747,0.008387258672742037,0.0029844818839069092,0.0029878279227781804,0.006361018969992541,0.008848773466413386,0.009893555346553009,0.015235136652907008,0.015866984594601515,0.022933770885485663
2024-01-14 00:00:00+00:00,0.5763,0.0027801929289249516,7.034610804348652e-05,0.003054827991950397,0.0030581740308216663,0.006781005197503528,0.009777815166688282,0.010387873728178898,0.01592365072508791,0.02296170288660023
2024-01-15 00:00:00+00:00,0.5757,-0.0010416667608568186,7.729472722044301e-06,7.807558076553168e-05,0.00306255746467244,0.006439094550758072,0.008926849047178916,0.010336339879542545,0.01586330991858212,0.022311054215080537
2024-01-16 00:00:00+00:00,0.5757,0.0,1.0850696406739367e-06,8.814542362719105e-06,7.916065040620476e-05,0.0030669885731843846,0.006789819739866244,0.009972715996959215,0.015372904592656712,0.022254290634514066
2024-01-17 00:00:00+00:00,0.5685,-0.01258537849117325,0.0,1.085069640674804e-06,8.814542362718238e-06,0.0030636425343131143,0.0064401796203987435,0.009786629709051002,0.015314297303313214,0.021990143873863145
2024-01-18 00:00:00+00:00,0.552,-0.029453266913495257,0.00015839175176608625,0.00015839175176608712,0.00015947682140676018,0.00023755240217229143,0.003225380324950469,0.009086325868585677,0.010555080022307704,0.022135587842096256
2024-01-19 00:00:00+00:00,0.5443,-0.014047480836941073,0.0008674949318775944,0.0010258866836436815,0.0010258866836436807,0.0010347012260063992,0.004089529217956793,0.007815706423509927,0.011363311632826898,0.02283882073896692
2024-01-20 00:00:00+00:00,0.5534,0.01658050191267113,0.00019733171786422667,0.001064826649741822,0.0012232184015079073,0.0012243034711485817,0.0013023790519141104,0.007663398021906653,0.011195934398467123,0.022624118562178486
2024-01-21 00:00:00+00:00,0.5464,-0.012729759096245186,0.000274913043676091,0.00047224476154031857,0.0013397396934179122,0.0014981314451839988,0.001506945987546715,0.004565120018368383,0.011284761154235,0.02277180388524174
2024-01-22 00:00:00+00:00,0.5275,-0.035202442906358766,0.00016204676664843704,0.00043695981032452894,0.0006342915281887547,0.0016601782118324357,0.0016612632814731077,0.004723820746145549,0.010588112328652026,0.022933619697924366
2024-01-23 00:00:00+00:00,0.5183,-0.017594640154560692,0.0012392119865754486,0.0014012587532238863,0.0016761717968999767,0.002740998446641798,0.002899390198407882,0.002978550848814089,0.009689209938274131,0.0241107611180764
2024-01-24 00:00:00+00:00,0.5181,-0.0003859513749182586,0.0003095713621684795,0.0015487833487439287,0.0017108301153923651,0.0021830748769326833,0.003208961560576362,0.0032177761029390816,0.009649141180975108,0.024275923393022408
2024-01-25 00:00:00+00:00,0.5138,-0.008334189144959314,1.4895846380129422e-07,0.00030972032063228145,0.0015489323072077294,0.0019858921175322578,0.0030507187672740767,0.003210195588680839,0.0062760990922245494,0.021336981180495984
2024-01-26 00:00:00+00:00,0.5323,0.03537315550292841,6.945870870395766e-05,6.960766716775961e-05,0.0003791790293362385,0.0017804377825601245,0.0022526825441004403,0.003278569227744123,0.006342211762057236,0.019937270515927773
2024-01-27 00:00:00+00:00,0.5303,-0.003764356035627414,0.0012512601302343545,0.0013207188389383127,0.0013208677974021134,0.002869651146146042,0.0033066109564705674,0.0045298293579784776,0.004608990008384682,0.020817211376579728
2024-01-28 00:00:00+00:00,0.5241,-0.011760378334963684,1.4170376362964541e-05,0.0012654305065973198,0.0013348892153012767,0.001644609535933558,0.0030458682891574412,0.004385607982575355,0.00455281427670416,0.020830486979382164
2024-01-29 00:00:00+00:00,0.5352,0.020958003005898118,0.0001383064985814832,0.00015247687494444838,0.0014037370051788022,0.0014733446723465616,0.0030221280210904877,0.0036564195492792438,0.004683391302563599,0.020628451477930645
2024-01-30 00:00:00+00:00,0.5107,-0.04685817516042046,0.00043923788999523456,0.0005775443885767184,0.0005917147649396823,0.0019124336038779948,0.002222153924510273,0.003898325721410252,0.00512154412291816,0.021054009390368788
2024-01-31 00:00:00+00:00,0.5033,-0.014595919871284058,0.0021956885793646447,0.00263492646935988,0.0027732329679413625,0.004038663474538682,0.004108271141706438,0.005819101257098805,0.007317232702282804,0.023181627690505593
2024-02-01 00:00:00+00:00,0.5058,0.004954920453550615,0.00021304087688894482,0.00240872945625359,0.002847967346248824,0.0030004442211932726,0.004321163060131582,0.005870095367339313,0.007371881827405662,0.022903178171828457
2024-02-02 00:00:00+00:00,0.5105,0.009249303368855322,2.4551236701014237e-05,0.0002375921135899595,0.0024332806929546038,0.003010825081531322,0.004276255588128639,0.004655434617464878,0.006528938132229082,0.022869122119185976
2024-02-03 00:00:00+00:00,0.5186,0.01574223549984377,8.554961280911841e-05,0.00011010084951013308,0.0003231417263990775,0.002958068195758957,0.003110545070703403,0.004431412868105517,0.006417156027173973,0.018037062699223498
2024-02-04 00:00:00+00:00,0.5032,-0.0301451677183332,0.00024781797853254146,0.0003333675913416603,0.0003579188280426741,0.002766648284296264,0.0033441926728729797,0.004679081888174258,0.0063900609620304236,0.01822561735639764
2024-02-05 00:00:00+00:00,0.5069,0.0073260400920730495,0.000908731136766438,0.0011565491152989798,0.0012420987281080978,0.0014796908416980573,0.004114617311057935,0.005518354316236739,0.007136745332148426,0.018769639540940075
2024-02-06 00:00:00+00:00,0.505,-0.0037553162029438925,5.36708634306617e-05,0.0009624020001971002,0.0012102199787296412,0.0013203208282397743,0.0037290502844933614,0.004320765049433046,0.005951204209003638,0.018637224116462524
2024-02-07 00:00:00+00:00,0.5138,0.017275655400423418,1.4102399784092934e-05,6.777326321475506e-05,0.0009765043999811926,0.001309871991322853,0.0015474641049128103,0.004320697072854173,0.005655735246619251,0.017792630924015205
2024-02-08 00:00:00+00:00,0.5147,0.0017501219829256787,0.0002984482695141788,0.00031255066929827217,0.00036622153272893347,0.0015227706480279133,0.0016328714975380443,0.004480838843786869,0.005954034557669629,0.01595296481657604
2024-02-09 00:00:00+00:00,0.5262,0.022097161947483346,3.0629269551197095e-06,0.00030151119646929897,0.0003156135962533915,0.0012780155964504916,0.0016113831877921498,0.004044663880746755,0.005887638775920792,0.01560638762406366
2024-02-10 00:00:00+00:00,0.5239,-0.004380542192018222,0.000488284566133306,0.0004913474930884262,0.0007897957626026046,0.0008575690258173596,0.0020141181411163374,0.0023372598675154162,0.005124663211819742,0.012721481142982605
2024-02-11 00:00:00+00:00,0.5261,0.004190482322587452,1.9189149896051807e-05,0.0005074737160293582,0.0005105366429844775,0.0008230873122827497,0.0017854893124798477,0.0021434081405225227,0.00512968198535283,0.012737324254007384
2024-02-12 00:00:00+00:00,0.5315,0.010211889045241063,1.7560142095917926e-05,3.6749291991970164e-05,0.0005250338581252758,0.0008265450545945748,0.0008943183178093276,0.002136417045917427,0.005008935628867265,0.009770402512196394
2024-02-13 00:00:00+00:00,0.5247,-0.012876527089336398,0.00010428267787231442,0.00012184281996823277,0.00014103196986428417,0.0006323794629527103,0.0009449301322509803,0.002155150110980623,0.004673980416744344,0.009804339082025222
2024-02-14 00:00:00+00:00,0.5378,0.02466007314209795,0.0001658049498824141,0.00027008762775472897,0.0002876477698506464,0.0007951214858800046,0.0010966326823493016,0.0020731370823304954,0.0026440967872621143,0.009962414559185591
2024-02-15 00:00:00+00:00,0.5622,0.0443709146376674,0.0006081192073736206,0.0007739241572560352,0.0008782068351283492,0.0009149561271203193,0.0014063036202087431,0.0017725251529376782,0.00303917511774679,0.010569448696918539
2024-02-16 00:00:00+00:00,0.5643,0.0037283665026628388,0.0019687780657831676,0.0025768972731567887,0.002742702223039202,0.002864545043007435,0.003372018759036791,0.003687632355290184,0.0049834019468289435,0.012538226762701707
2024-02-17 00:00:00+00:00,0.5496,-0.026395284066954794,1.3900716778178328e-05,0.0019826787825613463,0.0025907979899349666,0.002860885617689696,0.0028976349096816634,0.0036874306722842693,0.004911753050798003,0.012393735727713798
2024-02-18 00:00:00+00:00,0.5571,0.013554016118630274,0.0006967110209752376,0.0007106117377534164,0.0026793898035365835,0.003453313960792619,0.003575156780760849,0.004085693423745328,0.0053606460932407,0.01222295181681144
2024-02-19 00:00:00+00:00,0.5626,0.0098241390289866,0.0001837113529440893,0.0008804223739193274,0.0008943230906975053,0.003471220363854294,0.0037413079916090207,0.0042663418497342976,0.004635626309418351,0.012209331451891303
2024-02-20 00:00:00+00:00,0.5622,-0.0007112375833249196,9.651370766085779e-05,0.00028022506060494754,0.0009769360815801847,0.0029596148641415315,0.003733539021397564,0.0038745709912618494,0.004678469153648547,0.01203093211587607
2024-02-21 00:00:00+00:00,0.5491,-0.023577084187604513,5.058588999338719e-07,9.70195665607921e-05,0.00028073091950488096,0.0009913426572582974,0.0035682399304150835,0.0038558877002657314,0.0046648726127643874,0.011869391208127567
2024-02-22 00:00:00+00:00,0.541,-0.014861295438345468,0.0005558788987893908,0.0005563847576893251,0.0006528984653501825,0.0015333208392695097,0.0035159996218308534,0.004394206456959204,0.0049223032420396,0.01118605812034151
2024-02-23 00:00:00+00:00,0.5342,-0.01264897817062105,0.0002208581021057878,0.000776737000895179,0.0007772428597951124,0.0010574679204000599,0.001768079658153474,0.004510781881192678,0.0051400984171902685,0.011097344860278817
2024-02-24 00:00:00+00:00,0.545,0.02001549398738367,0.00015999664876084786,0.0003808547508666361,0.0009367336496560264,0.0010337532162168184,0.0019141755901361437,0.004504973580071112,0.00481181049981781,0.011257192550575865
2024-02-25 00:00:00+00:00,0.5425,-0.004597709248629567,0.00040061999955899185,0.0005606166483198402,0.0007814747504256276,0.0013378595081149525,0.0016180845687198979,0.0042974743722564825,0.00519324134948075,0.0115883538414309
2024-02-26 00:00:00+00:00,0.5506,0.014820507293892282,2.1138930334933857e-05,0.0004217589298939261,0.0005817555786547736,0.0013584925795499525,0.0014555121461107424,0.002349835236808249,0.005196820137719766,0.010358232641531477
2024-02-27 00:00:00+00:00,0.5861,0.06248183077387659,0.00021964743644831434,0.00024078636678324862,0.00064140636634224,0.001022261117208876,0.001578645874898199,0.002555581956478385,0.005312184896295765,0.010563709701616828
2024-02-28 00:00:00+00:00,0.575,-0.019120382685033133,0.0039039791768553517,0.0041236266133036666,0.0041447655436386,0.00470538219195844,0.005482119192853617,0.005762850112358499,0.009050359123268703,0.014329382379890697
2024-02-29 00:00:00+00:00,0.5867,0.020143575134463854,0.0003655890340221148,0.004269568210877467,0.004489215647325781,0.004910974577219706,0.005291829328086341,0.005944727793436524,0.008807828949917197,0.014255733523917577
2024-03-01 00:00:00+00:00,0.6013,0.02458036211370873,0.00040576361919779044,0.0007713526532199057,0.004675331830075256,0.004916118196858506,0.005476734845178344,0.006253977704973458,0.00724481450333182,0.012465808563750722
2024-03-02 00:00:00+00:00,0.6442,0.06891525885157551,0.0006041942016410476,0.0010099578208388384,0.001375546854860953,0.0054991734681646195,0.005920932398058543,0.006857666047714571,0.00783510798819469,0.012856961888502825
2024-03-03 00:00:00+00:00,0.6271,-0.02690321934812334,0.004749312902579657,0.005353507104220705,0.005759270723418496,0.010028838934295962,0.010269625301079208,0.011051100051504836,0.011887709869799108,0.01758172355438147
2024-03-04 00:00:00+00:00,0.6477,0.032321608639896304,0.0007237832112932381,0.005473096113872896,0.006077290315513944,0.006848642968733849,0.010972269582037512,0.011554025160692287,0.012427781728148258,0.01821995715286559
2024-03-05 00:00:00+00:00,0.5912,-0.09127325655487945,0.0010446863850706195,0.0017684695963638584,0.006517782498943516,0.007527740319782353,0.011797308530659818,0.01243871489700206,0.01337595440555802,0.019016825559403663
2024-03-06 00:00:00+00:00,0.6121,0.034741298223032124,0.008330807362132844,0.009375493747203464,0.010099276958496703,0.015452784062717405,0.01622413671593731,0.02036890225957591,0.021706255908790932,0.02643890178477007
2024-03-07 00:00:00+00:00,0.627,0.02405087277589657,0.001206957802221655,0.0095377651643545,0.01058245154942512,0.016055547663298014,0.01706550548413685,0.02155472113146263,0.02235733481222319,0.027592188723561065
2024-03-08 00:00:00+00:00,0.62,-0.011227062593783421,0.0005784444812823628,0.0017854022835040195,0.010116209645636863,0.011884679242000717,0.017238186346221422,0.021913518176296682,0.02271492119139977,0.028156530805059338
2024-03-09 00:00:00+00:00,0.6197,-0.0004839880710754141,0.0001260469344847309,0.0007044914157670955,0.0019114492179887505,0.011286942965192212,0.016760039079065103,0.01813558593392606,0.022680971477123654,0.027984129470029886
2024-03-10 00:00:00+00:00,0.608,-0.019060608001894852,2.3424445294330008e-07,0.00012628117893767593,0.0007047256602200388,0.010242490824574534,0.012010960420938391,0.01777023114435689,0.022280585722017604,0.02798130078752771
2024-03-11 00:00:00+00:00,0.723,0.17323434019259765,0.00036330677740189804,0.00036354102185484307,0.000489587956339574,0.0022749902398435883,0.011650483987047051,0.017727774302560995,0.022622753569084567,0.027856322998796302
2024-03-12 00:00:00+00:00,0.688,-0.04962038422542103,0.030010136621964653,0.030373443399366554,0.030373677643819496,0.031078169059586585,0.04061593422394108,0.047133716722884605,0.05241324275460091,0.0578472704708649
2024-03-13 00:00:00+00:00,0.6891,0.001597560429818734,0.0024621825306784125,0.03247231915264307,0.032835625930044965,0.032961907108982634,0.03474730939248665,0.04484658635098336,0.05097144610842397,0.060291892859447395
2024-03-14 00:00:00+00:00,0.669,-0.0296023382349338,2.552199326922618e-06,0.0024647347300053384,0.03247487135196999,0.03283841237382483,0.03354290378959192,0.04412535533901704,0.050608409273728776,0.06019016238090201
2024-03-15 00:00:00+00:00,0.6342,-0.05341969802398161,0.0008762984289754236,0.0008788506283023497,0.003341033158980759,0.033714476558347306,0.033840757737284975,0.04395696738292184,0.051078944083506404,0.06090065585999502
2024-03-16 00:00:00+00:00,0.6031,-0.05028134164730591,0.0028536641369733846,0.0037299625659488115,0.003732514765275731,0.036204833917918795,0.036568374939773635,0.03847982415776239,0.05332841401883875,0.06314620078959478
2024-03-17 00:00:00+00:00,0.6191,0.026183790068245394,0.0025282133178531,0.005381877454826487,0.006258175883801908,0.00872291061380724,0.039096354013173795,0.03980107967339384,0.05110731443411219,0.06370563604166471
2024-03-18 00:00:00+00:00,0.6453,0.04144851441660763,0.0006855908623379461,0.0032138041801910494,0.0060674683171644305,0.0069463189454667725,0.03941863809810984,0.039908226054449415,0.0510691220851569,0.06437732618722448
2024-03-19 00:00:00+00:00,0.5845,-0.09895854402967086,0.0017179793473437305,0.00240357020968168,0.004931783527534777,0.008661746093483582,0.011126480823488917,0.041500158467308416,0.051742415047430004,0.06539859451359298
2024-03-20 00:00:00+00:00,0.6107,0.04384905931696592,0.009792793436472306,0.011510772783816039,0.012196363646153983,0.017578241100980465,0.01845709172928281,0.051292717659327774,0.05320440112176947,0.07500767659712118
2024-03-21 00:00:00+00:00,0.6404,0.04748714089347045,0.001922740002982796,0.011715533439455104,0.013433512786798833,0.016647316966989876,0.020377279532938684,0.05285215088490868,0.05392018332253062,0.07683390289244313
2024-03-22 00:00:00+00:00,0.6115,-0.04617802599533244,0.002255028550236313,0.004177768553219113,0.013970561989691415,0.016374132199373087,0.021756009654199573,0.025097042813180336,0.05559676739148456,0.0790884255837795
2024-03-23 00:00:00+00:00,0.6167,0.008467726870220071,0.0021324100848255983,0.004387438635061915,0.006310178638044707,0.01782095142186074,0.021034755602051786,0.024767270367327524,0.05760313054182543,0.08066495676981572
2024-03-24 00:00:00+00:00,0.6325,0.025297538604228065,7.170239834864701e-05,0.0022041124831742487,0.004459141033410559,0.016174674472865656,0.018578244682547335,0.024836420566349247,0.057674598695721134,0.08051580106605857
2024-03-25 00:00:00+00:00,0.6406,0.01272501657338243,0.0006399654594324093,0.0007116678577810598,0.0028440779426066546,0.007021846495825761,0.018532619279641796,0.02460008759680623,0.05795125737775165,0.08099576987673013
2024-03-26 00:00:00+00:00,0.6317,-0.013990639270402894,0.00016192604679285755,0.0008018915062252702,0.0008735939045739138,0.005261032539635823,0.016976565979090925,0.021908349506625704,0.028103046802579846,0.080757075923964
2024-03-27 00:00:00+00:00,0.6118,-0.032009166187851656,0.0001957379871945396,0.0003576640339874006,0.0009976294934198064,0.0032017419765940484,0.0073795105298131575,0.01957587417596714,0.025836602259095974,0.08093167498082361
2024-03-28 00:00:00+00:00,0.6244,0.020385756924473808,0.0010245867200415057,0.0012203247072360486,0.001382250754028903,0.0020939186118099557,0.006481357246871868,0.019914870033670703,0.026858636779810558,0.08173661426441681
2024-03-29 00:00:00+00:00,0.6301,0.009087348306732856,0.0004155790853837318,0.001440165805425241,0.0016359037926197773,0.0024377952988450407,0.004641907782019286,0.018612469771710705,0.026397917436218866,0.07824821417294518
2024-03-30 00:00:00+00:00,0.6212,-0.014225445673477832,8.257989924788052e-05,0.0004981589846316158,0.0015227457046731179,0.0018804097386605116,0.002592077596441568,0.008902256234486278,0.023626833198493364,0.07796520503817095
2024-03-31 00:00:00+00:00,0.6292,0.012796079909590752,0.00020236330460906917,0.00028494320385695314,0.0007005222892406814,0.0019208469964767233,0.0027227385027019904,0.007181879536112552,0.02130098318524933,0.07776180472358223
2024-04-01 00:00:00+00:00,0.611,-0.029352212012527412,0.00016373966105263205,0.00036610296566170466,0.0004486828649095817,0.001888848670334816,0.002246512704322213,0.005090590646928871,0.020779131983964017,0.07732135018299381
2024-04-02 00:00:00+00:00,0.5854,-0.04280158491380981,0.0008615523500283585,0.0010252920110809941,0.0012276553156900598,0.0017258143003216688,0.002946139007557714,0.0038197329121316312,0.019922704986648644,0.0734335896304425
2024-04-03 00:00:00+00:00,0.5742,-0.01931760657082182,0.0018319756711340715,0.0026935280211624335,0.0028572676822150624,0.0031422108860720086,0.004582376691497246,0.005580006184917056,0.01196188722131041,0.07454178209028335
2024-04-04 00:00:00+00:00,0.5935,0.03305944636275915,0.0003731699236250584,0.0022051455947591334,0.003066697944787489,0.0034328009104491863,0.003930959895080799,0.005313210649109704,0.010412317141952673,0.07387026562883778
2024-04-05 00:00:00+00:00,0.5871,-0.010842050979582685,0.001092926993812149,0.001466096917437211,0.0032980725885712794,0.004323364599652267,0.004608307803509216,0.006244211596128996,0.009250215585528508,0.0666323852605171
2024-04-06 00:00:00+00:00,0.593,0.009999235927585226,0.00011755006944386986,0.0012104770632560223,0.0015836469868810775,0.004277175008043504,0.004643277973705205,0.006166023678378326,0.00723535557014678,0.0655429775277393
2024-04-07 00:00:00+00:00,0.5944,0.0023580944058241293,9.998471913551117e-05,0.00021753478857938449,0.0013104617823915302,0.0035156073771506566,0.004540899388231647,0.005241421677472332,0.0072636378909336444,0.06506451776559245
2024-04-08 00:00:00+00:00,0.6147,0.03358185050941431,5.5606092267790534e-06,0.0001055453283622937,0.0002230953978061603,0.0016891923152433643,0.004382720336405794,0.00483140320131538,0.006629233040728014,0.0649440314403345
2024-04-09 00:00:00+00:00,0.6141,-0.000976562577610307,0.0011277406836366502,0.0011333012928634327,0.0012332860119989406,0.002443763075254956,0.004648908670014086,0.005876563985704149,0.0075950476775718066,0.06607153787951821
2024-04-10 00:00:00+00:00,0.6172,0.00503533915365223,9.53674467988887e-07,0.0011286943581046427,0.0011342549673314184,0.0013517897559107961,0.002817886673348003,0.005675154355563069,0.007400263364845256,0.0657091847765843
2024-04-11 00:00:00+00:00,0.6086,-0.01403188302613495,2.5354640392303153e-05,2.630831486029551e-05,0.0011540489984969424,0.0012595943268592293,0.002470071390115248,0.00553676933490274,0.006401031285196053,0.03572440279501195
2024-04-12 00:00:00+00:00,0.5468,-0.10707813261307636,0.00019689374125913414,0.00022224838165144076,0.0002232020561194264,0.0013565033489828524,0.0015740381375622331,0.004872110726133515,0.006182345941071456,0.03345911400559267
2024-04-13 00:00:00+00:00,0.4788,-0.13280013116597633,0.011465726483903567,0.011662620225162705,0.011687974865555005,0.01281666922365964,0.012922214552021931,0.01450586153890301,0.01756549252572714,0.04492228829016931
2024-04-14 00:00:00+00:00,0.5033,0.04990344009849612,0.01763587483770052,0.02910160132160409,0.029298495062863222,0.02932480337772351,0.03045810467058694,0.03176856645297847,0.034999004058818596,0.061681864698894404
2024-04-15 00:00:00+00:00,0.4977,-0.011188927917805791,0.0024903533336641907,0.020126228171364717,0.031591954655268276,0.031814203036919717,0.03294289739502435,0.033165992792830515,0.03732561773143016,0.061318553895585215
2024-04-16 00:00:00+00:00,0.4965,-0.0024140023792811327,0.00012519210794985383,0.0026155454416140482,0.020251420279314564,0.03191404050447726,0.031940348819337556,0.0331736348313365,0.03658925748935165,0.05891553268568197
2024-04-17 00:00:00+00:00,0.4951,-0.0028237211178498978,5.82740748717497e-06,0.00013101951543703226,0.0026213728491012163,0.0317229741707053,0.03194522255235674,0.033079477519688164,0.03476310922570475,0.058235769230831194
2024-04-18 00:00:00+00:00,0.5025,0.014835877565853361,7.973400951391476e-06,1.3800808438569916e-05,0.0001389929163884168,0.020265221087753128,0.03192784131291583,0.03308189031141277,0.03439791270303108,0.05652576328443886
2024-04-19 00:00:00+00:00,0.503,0.0009945301665085227,0.00022010326314899107,0.00022807666410038603,0.00023390407158755406,0.002849449513201599,0.031951050834805685,0.03217425289092511,0.03352508897236793,0.04695307311111554
2024-04-20 00:00:00+00:00,0.5288,0.05002011843773735,9.8909025209547e-07,0.00022109235340109,0.00022906575435247456,0.00036008526978950335,0.020486313441154213,0.03217428830670922,0.03340852799317615,0.04503132219838484
2024-04-21 00:00:00+00:00,0.5246,-0.00797422110470336,0.002502012248525272,0.002503001338777371,0.002723104601926355,0.0027369054103649217,0.0053524508519789665,0.03465094591484219,0.035810555522565915,0.0452783058966738
2024-04-22 00:00:00+00:00,0.556,0.05813222681780916,6.358820222669649e-05,0.002565600450751972,0.0025665895410040608,0.0027946662051044433,0.002925685720541472,0.034517640375809754,0.03586858311556583,0.0432094840140749
2024-04-23 00:00:00+00:00,0.5445,-0.020900351877567336,0.003379355794797211,0.003442943997023911,0.005944956245549176,0.006166048598950263,0.006179849407388829,0.026431269686703396,0.038120198226726396,0.04651713741052346
2024-04-24 00:00:00+00:00,0.5275,-0.03171907702279353,0.0004368247086061325,0.0038161805034033465,0.0038797687056300366,0.006382770044407404,0.006610846708507786,0.00923221955760901,0.03855606926086454,0.04631399665969719
2024-04-25 00:00:00+00:00,0.5254,-0.00398898809878212,0.0010060998471779084,0.0014429245557840444,0.004822280350581248,0.007387880801333217,0.007608973154734303,0.007747966071122727,0.03953681446765014,0.047158170460082235
2024-04-26 00:00:00+00:00,0.5261,0.0013314314853221099,1.5912026052225396e-05,0.0010220118732301373,0.0014588365818362628,0.00490178057886017,0.007404781917637538,0.007638685989225099,0.03935583275244323,0.04697834449893992
2024-04-27 00:00:00+00:00,0.5179,-0.015709135306915756,1.7727098001070397e-06,1.7684735852335905e-05,0.0010237845830302374,0.004839965086433581,0.00740556553718555,0.007634631291538031,0.027891878978339772,0.04595553048869853
2024-04-28 00:00:00+00:00,0.5103,-0.014783385359920076,0.00024677693209098717,0.00024854964189109766,0.0002644616679433161,0.001707386223727357,0.005150330220751264,0.007873434822677626,0.010502781072730238,0.04578672833540578
2024-04-29 00:00:00+00:00,0.5151,0.009362268501613813,0.00021854848269989923,0.00046532541479088984,0.00046709812459098997,0.0014891099978211239,0.005305290501224467,0.007871880042228534,0.008230976221765945,0.0459226969188578
2024-04-30 00:00:00+00:00,0.5006,-0.02855367757386562,8.765207149631015e-05,0.00030620055419621286,0.0005529774862871931,0.0005706622221395255,0.002013586777923566,0.007958543023472748,0.008193436185312403,0.04580798568574504
2024-05-01 00:00:00+00:00,0.5175,0.03320214614185013,0.0008153125029922765,0.0009029645744885902,0.0011215130571884824,0.0013700626990795768,0.0023920745723097106,0.006271843277939755,0.009002921280817503,0.046459558527684686
2024-05-02 00:00:00+00:00,0.518,0.0009657171199590753,0.0011023825084247735,0.0019176950114170536,0.002005347082913357,0.0024706724977042434,0.0024883572335565756,0.00731063758413783,0.010097330388290885,0.046700388686081104
2024-05-03 00:00:00+00:00,0.5317,0.026104178250809573,9.32609555782051e-07,0.001103315117980559,0.0019186276209728287,0.002224828175169038,0.0024733778170601324,0.003932214398896401,0.009878159734697677,0.04486934562450281
2024-05-04 00:00:00+00:00,0.5302,-0.0028251266553674936,0.0006814281221500395,0.0006823607317058251,0.0017847432401305917,0.0026877078146191782,0.0031530332294100647,0.004176817812440309,0.010558598766595621,0.04517760382302779
2024-05-05 00:00:00+00:00,0.5296,-0.0011322892321268263,7.981340618867922e-06,0.000689409462768911,0.0006903420723246861,0.0026080370837417363,0.0029142376379379456,0.0031786993058812688,0.008064567858689217,0.04409265816983451
2024-05-06 00:00:00+00:00,0.5402,0.019817436735716898,1.282078905190358e-06,9.26341952406175e-06,0.0006906915416740944,0.00179400665965465,0.0026969712341432367,0.003164069358734233,0.008002261735367711,0.04397639017929583
2024-05-07 00:00:00+00:00,0.5245,-0.02949401352216341,0.0003927307987741416,0.0003940128776793354,0.0004019942182981964,0.0010843549500040182,0.0030020499614210683,0.0035550274477082677,0.0050156367393446415,0.044269136258934465
2024-05-08 00:00:00+00:00,0.5171,-0.014209148434176089,0.0008698968336455581,0.001262627632419703,0.0012639097113248865,0.0019533191740937943,0.0030566342920743494,0.004178147349262839,0.005448708864384067,0.04513347248335324
2024-05-09 00:00:00+00:00,0.5209,0.007321805348970201,0.0002018998992244488,0.0010717967328700104,0.0014645275316441451,0.0014737909511682034,0.002156151682874025,0.004161498765787389,0.004644508916430607,0.044207631698941034
2024-05-10 00:00:00+00:00,0.5022,-0.03655963802766138,5.360883356820864e-05,0.000255508732792661,0.001125405566438212,0.0015194184441175442,0.0022088279068864514,0.004127455527859287,0.004682205723946591,0.04426028685804126
2024-05-11 00:00:00+00:00,0.5059,0.007340574574405845,0.001336607132713624,0.0013902159662818362,0.001592115865506278,0.002854743497925978,0.0028640069174500358,0.004648750157580634,0.006017040146860107,0.045571539350362573
2024-05-12 00:00:00+00:00,0.4993,-0.013131903791326782,5.388403508241355e-05,0.001390491167796041,0.0014441000013642427,0.00251589673423425,0.0029099096119135815,0.0036002516842382746,0.0058241472498515336,0.04542852964418585
2024-05-13 00:00:00+00:00,0.5053,0.011945194791299185,0.00017244689718466273,0.00022633093226707973,0.0015629380649806969,0.0018184467977733546,0.003081074430193054,0.003771765971867155,0.005778045664336297,0.034135250057466954
2024-05-14 00:00:00+00:00,0.5002,-0.010144293854344233,0.0001426876786020812,0.0003151345757867474,0.000369018610869154,0.0017592345771509867,0.002831031310020993,0.0032330255283191966,0.005833081271442068,0.016642062898368514
2024-05-15 00:00:00+00:00,0.5188,0.0365104339987703,0.00010290669780328618,0.00024559437640537087,0.0004180412735900266,0.0018085324413860645,0.0020640411741787218,0.003327950885503615,0.005120675466253078,0.01425461626250761
2024-05-16 00:00:00+00:00,0.5157,-0.005993251385375542,0.001333011790778562,0.0014359184885818516,0.001578606167183926,0.0018049370994510025,0.003195153065732835,0.004659680597376987,0.005351304748606866,0.01546243594533632
2024-05-17 00:00:00+00:00,0.5234,0.014820789039132087,3.5919062168305856e-05,0.0013689308529468713,0.0014718375507501505,0.0017869721265368948,0.0031774632943329323,0.004302868860771151,0.005386291201219391,0.01549252760001745
2024-05-18 00:00:00+00:00,0.5213,-0.0040202983219852495,0.00021965578774245782,0.00025557484991076715,0.0015885866406893222,0.0018341810170946899,0.002060511949361766,0.003652627814868051,0.004924518866811809,0.015704209986808514
2024-05-19 00:00:00+00:00,0.5096,-0.022699587516106456,1.6162798597757414e-05,0.0002358185863402187,0.00027173764850851764,0.0017076561370903663,0.0020227907128771098,0.0034668907142413594,0.004932700324790699,0.015500269522257283
2024-05-20 00:00:00+00:00,0.5377,0.05367467955767857,0.0005152712734013761,0.0005314340719991369,0.0007510898597415878,0.002120020712688456,0.002365615089093823,0.003928553154074527,0.005446689519286884,0.016014551705406565
2024-05-21 00:00:00+00:00,0.537,-0.0013026893067675793,0.002880971225619478,0.0033962424990208575,0.003412405297618608,0.003667980147529372,0.00510389863611122,0.005472917246980381,0.007934929946132221,0.016393510682500768
2024-05-22 00:00:00+00:00,0.5268,-0.01917712463973864,1.6969994299665965e-06,0.002882668225049448,0.003397939498450817,0.0036337580847910322,0.0050026889377379,0.005420730211327935,0.007066730111916629,0.01633161947970404
2024-05-23 00:00:00+00:00,0.5289,0.003978408202808259,0.0003677621094480709,0.00036945910887804096,0.003250430334497512,0.0037818644064966456,0.0040374392564074095,0.005616045423591342,0.0072325923221402515,0.013320025794354899
2024-05-24 00:00:00+00:00,0.536,0.0133347829988677,1.582773182817204e-05,0.0003835898412762464,0.0003852868407062061,0.00378152933972706,0.004017347926067276,0.0054891854768174325,0.007194811220400214,0.012899028817576938
2024-05-25 00:00:00+00:00,0.5416,0.010393560527263146,0.00017781643762689104,0.00019364416945506655,0.0005614062789031305,0.003444074503952575,0.003975508575951708,0.005564095216641038,0.0060360205253134815,0.012070745408025921
2024-05-26 00:00:00+00:00,0.5283,-0.024863417427795076,0.00010802610043388256,0.00028584253806077705,0.00030167026988894217,0.0006711293787669797,0.004067371877787834,0.004339109526296358,0.006090162590664951,0.012162859482407579
2024-05-27 00:00:00+00:00,0.534,0.010731534789924835,0.000618189526188784,0.00072621562662267,0.0009040320642495541,0.001287621905525797,0.004170290130575242,0.004921379990316836,0.006535905219669072,0.012779276298796254
2024-05-28 00:00:00+00:00,0.5287,-0.009974675718790516,0.00011516583894736706,0.0007333553651361545,0.0008413814655700301,0.001035025635025093,0.0014044847439031306,0.004816890041521745,0.006508383380014358,0.012647665205652634
2024-05-29 00:00:00+00:00,0.5238,-0.009311231167792866,9.949415569502909e-05,0.0002146599946423996,0.0008328495208311767,0.0011186920588919503,0.001502281900168193,0.004900221398619018,0.0065049708379061,0.012528610878647766
2024-05-30 00:00:00+00:00,0.5186,-0.009977058969047659,8.66990258600773e-05,0.00018619318155510984,0.00030135902050246996,0.0010275746471251365,0.0012212188165801996,0.004471649151077718,0.005258658072987616,0.012527657833011532
2024-05-31 00:00:00+00:00,0.5176,-0.0019301299178732245,9.954170567185433e-05,0.00018624073153193508,0.0002857348872269572,0.0010190902523631083,0.0013049327904238817,0.0016902196311300948,0.0053222807164911646,0.01181188703569111
2024-06-01 00:00:00+00:00,0.5187,0.0021229381706638906,3.7254014998693006e-06,0.0001032671071717271,0.00018996613303179745,0.0004046261276741935,0.00113084175429686,0.0016922480331999976,0.005106350330248576,0.010713229928766206
2024-06-02 00:00:00+00:00,0.5135,-0.010075651988741718,4.506866476461746e-06,8.232267976334516e-06,0.00010777397364818191,0.00029396715520328817,0.0010273225203394393,0.0013289927902283886,0.00509469439812728,0.010716804185686886
2024-06-03 00:00:00+00:00,0.5199,0.012386456021057257,0.00010151876299823495,0.00010602562947470016,0.00010975103097456253,0.00029599176250649404,0.0005106517571488903,0.0014146838213984511,0.004680941887724139,0.010136894826535082
2024-06-04 00:00:00+00:00,0.5257,0.011094222435732104,0.00015342429276158558,0.000254943055759824,0.0002594499222362788,0.0003627170294080023,0.0005489102109631089,0.0013902916765331458,0.001953394954866246,0.010282337778677798
2024-06-05 00:00:00+00:00,0.5258,0.00019020447037865207,0.00012308177145350157,0.00027650606421509064,0.0003780248272133186,0.00038625709518964955,0.0005724978267215813,0.0014053473475527647,0.0020747797268897816,0.01040413747122611
2024-06-06 00:00:00+00:00,0.5215,-0.008211637854953824,3.617774055202353e-08,0.00012311794919405705,0.0002765422419556357,0.0003825678714303323,0.00048583497860205604,0.0007871939991045329,0.0017070537951822623,0.010011442850192521
2024-06-07 00:00:00+00:00,0.4991,-0.04390279796526353,6.743099626091064e-05,6.746717400146613e-05,0.00019054894545496076,0.0004454920012147812,0.0004537242691911123,0.0007394591564180764,0.001758657059615001,0.009208977012807873
2024-06-08 00:00:00+00:00,0.4926,-0.013108990789125974,0.0019274556691787476,0.0019948866654396617,0.0019949228431802067,0.0022714289073952937,0.0023774545368699905,0.002567420669901795,0.0035082962911668573,0.010934532782762171
2024-06-09 00:00:00+00:00,0.4986,0.012106685403019957,0.00017184563950938962,0.0020993013086881406,0.0021667323049490445,0.002289850254143098,0.0025447933099029185,0.0026525672835511073,0.0035721158302423647,0.011052769588703354
2024-06-10 00:00:00+00:00,0.4969,-0.0034153724811826214,0.0001465718314476965,0.0003184174709570896,0.00224587314013583,0.002313340314137293,0.00258984637835238,0.0026995974093269493,0.0031004981355012774,0.009862734287437424
2024-06-11 00:00:00+00:00,0.4802,-0.03418611482112199,1.1664769185219535e-05,0.0001582366006329195,0.0003300822401423022,0.0023249689055819607,0.0024480868547760142,0.0027075367770122995,0.00299699706573913,0.009820515021540232
2024-06-12 00:00:00+00:00,0.4916,0.023462693904726883,0.0011686904465629368,0.00118035521574816,0.0013269270471958493,0.0034262283558839863,0.0034936955298854495,0.0038717203570987745,0.004066193356607037,0.010816758570918504
2024-06-13 00:00:00+00:00,0.4769,-0.030358552387701132,0.0005504980052669081,0.0017191884518298482,0.001730853221015061,0.002049270691972147,0.0040441573574118055,0.004320699599367448,0.004529992336013868,0.011224568897583331
2024-06-14 00:00:00+00:00,0.4746,-0.004834481302515403,0.0009216417030767941,0.0014721397083437057,0.0026408301549066355,0.0027990667555395513,0.0048983680642276884,0.005088917009682656,0.005352092333418808,0.01204330390285684
2024-06-15 00:00:00+00:00,0.4908,0.03356436883509317,2.337220946437103e-05,0.0009450139125411686,0.0014955119178080697,0.002675867133556226,0.0029942846045133125,0.004989207447693525,0.00537173914138331,0.010733664321542649
2024-06-16 00:00:00+00:00,0.4891,-0.003469745291444948,0.0011265668552981737,0.0011499390647625482,0.0020715807678393355,0.00379076921966918,0.0039490058203020964,0.006115738125251148,0.006493799130205021,0.011824312114672516
2024-06-17 00:00:00+00:00,0.5047,0.031397225800905315,1.2039132387504386e-05,0.0011386059876856815,0.0011619781971500456,0.0026341179054937477,0.0038144731212419046,0.006060346261377741,0.006404319499594291,0.011616695459317563
2024-06-18 00:00:00+00:00,0.491,-0.02752006555169617,0.0009857857879930344,0.0009978249203805422,0.002124391775678709,0.003069405688219874,0.004788594140049719,0.005118676380192028,0.00723668099482574,0.01258631844871284
2024-06-19 00:00:00+00:00,0.4933,0.00467338044517196,0.0007573540079696542,0.0017431397959626921,0.0017551789283501895,0.0029051179931127344,0.004377257701456437,0.005704184748652292,0.007870953231341894,0.01282840118328112
2024-06-20 00:00:00+00:00,0.4888,-0.009164100382306972,2.1840484785315662e-05,0.0007791944927549734,0.0017649802807480008,0.0029035862684336786,0.0038486001809748442,0.005579453401989912,0.007892757538386657,0.009969270442446956
2024-06-21 00:00:00+00:00,0.4889,0.00020456172721428079,8.39807358169988e-05,0.00010582122060231792,0.0008631752285719653,0.001861000148952504,0.003010939213715049,0.0056517693686216905,0.007909307277942744,0.010051554178833987
2024-06-22 00:00:00+00:00,0.4866,-0.004715539235177646,4.1845500240889826e-08,8.402258131724315e-05,0.00010586306610255187,0.0018490028620652406,0.0029876088497509186,0.004483120767558995,0.005981893454264238,0.00968383391488616
2024-06-23 00:00:00+00:00,0.4797,-0.014281521841403966,2.2236310278499778e-05,2.2278155778744138e-05,0.00010625889159573599,0.0008854533843507059,0.0018832783047312447,0.0039548590725705865,0.0058322841250333475,0.009690242493336486
2024-06-24 00:00:00+00:00,0.474,-0.011953586812941785,0.0002039618661064985,0.00022619817638500176,0.0002262400218852357,0.00033206124248755014,0.002075201038450239,0.003237179235600291,0.005889674159692149,0.009716387921816092
2024-06-25 00:00:00+00:00,0.4757,0.00358008174315938,0.00014288823769453574,0.00034685010380103775,0.00036908641407953056,0.00045310899539677024,0.0012323034881517403,0.003356695263830456,0.0060208976282014656,0.009751250059076746
2024-06-26 00:00:00+00:00,0.4698,-0.012480331213423401,1.2816985287703106e-05,0.00015570522298224233,0.0003596670890887339,0.00038194524486747457,0.0004877664654697892,0.0022429453938199854,0.004865024166926232,0.009145877518175666
2024-06-27 00:00:00+00:00,0.4753,0.01163911139515128,0.00015575866719675044,0.00016857565248445703,0.00031146389017898586,0.0005376620665639841,0.0006216846478812241,0.0023866649286292314,0.0044702848288560755,0.00918647034642505
2024-06-28 00:00:00+00:00,0.4716,-0.007815014956747857,0.00013546891406874037,0.0002912275812654943,0.0003040445665531905,0.0006508946703542248,0.0006731728261329656,0.0015363480547049373,0.003684112039848021,0.00922244510479876
2024-06-29 00:00:00+00:00,0.4727,0.002329769135974824,6.10744587741927e-05,0.00019654337284293654,0.00035230204003968004,0.0005080072630219189,0.0007342054394069175,0.0008400685055094758,0.0037218142891578426,0.009196820537712876
2024-06-30 00:00:00+00:00,0.4761,0.007166978401282442,5.427824226940878e-06,6.650228300113705e-05,0.0002019711970698705,0.00037054684955432405,0.0007173969533553586,0.000823655844951101,0.0026006752580866096,0.009102706656267962
2024-07-01 00:00:00+00:00,0.477,0.001888574687868072,5.1365579404449034e-05,5.679340363139338e-05,0.00011786786240557915,0.00040909544367107,0.000564800666653309,0.0007910406885385512,0.0026400017051035544,0.009150346834172542
2024-07-02 00:00:00+00:00,0.4853,0.017250765522829337,3.5667143516559857e-06,5.493229375610849e-05,6.036011798304243e-05,0.0002569034908259755,0.0004254791433104293,0.0007945655573899663,0.0016577826314621762,0.009149406682047737
2024-07-03 00:00:00+00:00,0.4672,-0.03800982489715321,0.0002975889111236373,0.00030115562547529677,0.0003525212048797389,0.00041902348788087245,0.0007102510691463635,0.0010699181582351038,0.0011980175346161593,0.009345476830173139
2024-07-04 00:00:00+00:00,0.4329,-0.07625067706608246,0.001444746788712248,0.001742335699835889,0.001745902414187538,0.0018026958178189278,0.001999239190661861,0.0023107030808408534,0.0026209238385430916,0.0106367993261238
2024-07-05 00:00:00+00:00,0.4251,-0.018182319083190457,0.005814165753035994,0.007258912541748246,0.0075565014528718765,0.007611433746627981,0.007677936029629115,0.007981980596182311,0.008351108855762087,0.016327883307706296
2024-07-06 00:00:00+00:00,0.4488,0.05425291884374206,0.00033059672724295184,0.006144762480278949,0.007589509268991191,0.007890664894466484,0.007947458298097874,0.008299760338137561,0.0086816637375048,0.016658443857208695
2024-07-07 00:00:00+00:00,0.4195,-0.06751382830122565,0.0029433792030656622,0.0032739759303086176,0.009088141683344604,0.010830477383180489,0.010885409676936596,0.011087380874006472,0.011602806630291961,0.019534392064013445
2024-07-08 00:00:00+00:00,0.4316,0.028435707476718752,0.004558117011887378,0.007501496214953043,0.007832092942195988,0.015091005483944231,0.015392161109419523,0.01551002897182511,0.01595696177607284,0.022165053406722077
2024-07-09 00:00:00+00:00,0.4356,0.00922515767482579,0.0008085894597015188,0.0053667064715889005,0.008310085674654556,0.014454848154933501,0.016197183854769388,0.016257543972752437,0.016622662998079824,0.022801797226914205
2024-07-10 00:00:00+00:00,0.4388,0.0073193373422698604,8.510353412539718e-05,0.0008936929938269202,0.005451810005714291,0.008725785936022905,0.015984698477771148,0.01633721968265089,0.016694949546917515,0.022740328929591908
2024-07-11 00:00:00+00:00,0.4491,0.023201851692617126,5.357269912994602e-05,0.00013867623325534753,0.0009472656929568585,0.008448761907909897,0.014593524388188846,0.016339426802376388,0.01659276357885071,0.02278223685953663
2024-07-12 00:00:00+00:00,0.4745,0.055016037956290176,0.0005383259219662002,0.0005918986210961505,0.00067700215522154,0.006043708626810437,0.009317684557119052,0.016874186009990935,0.016995620586748174,0.022151872334939895
2024-07-13 00:00:00+00:00,0.5257,0.10246908977541969,0.0030267644324079614,0.003565090354374166,0.003618663053504104,0.00451235604733102,0.012013852262284061,0.01960336153127526,0.01996131056038194,0.024628138762080948
2024-07-14 00:00:00+00:00,0.5205,-0.00994081977037875,0.010499914359403019,0.013526678791810985,0.014065004713777177,0.01420368094703252,0.019570387418621417,0.028658529101966028,0.03045579709555802,0.034206411418407176
2024-07-15 00:00:00+00:00,0.5372,0.03158057659405911,9.881989770715303e-05,0.010598734257110175,0.01362549868951813,0.014217397310614275,0.015111090304441193,0.022943183246637185,0.030503251413860722,0.03428185910664996
2024-07-16 00:00:00+00:00,0.5793,0.07545001345349589,0.0009973328180132338,0.0010961527157203903,0.011596067075123402,0.015161157429497564,0.015299833662752907,0.023609919337407467,0.0314970175175223,0.03415262506936501
2024-07-17 00:00:00+00:00,0.626,0.07752989299752006,0.005692704530132711,0.006690037348145948,0.0067888572458530945,0.020315536037664075,0.020907434658760223,0.026359244664474517,0.03689213313653137,0.039833290467110226
2024-07-18 00:00:00+00:00,0.5697,-0.09424046461374863,0.006010884308206909,0.011703588838339624,0.012700921656352851,0.023299655913463023,0.026864746267837185,0.027812011960794046,0.04145827065602604,0.044858388987324097
2024-07-19 00:00:00+00:00,0.5733,0.006299233427987216,0.008881265170615209,0.014892149478822121,0.020584854008954826,0.02168100672467521,0.03520768551648619,0.035884687671707736,0.04452537007360525,0.05298230014996965
2024-07-20 00:00:00+00:00,0.5937,0.034965001362292636,3.968034178027158e-05,0.008920945512395483,0.014931829820602385,0.021621867168748334,0.03222060142585851,0.03583926447936261,0.04423445368814257,0.053000140006964604
2024-07-21 00:00:00+00:00,0.5984,0.007885285383637863,0.001222551320265126,0.001262231662045401,0.010143496832660602,0.021847085671000226,0.02294323838672061,0.037008243100497794,0.042513625805342035,0.05413871059141274
2024-07-22 00:00:00+00:00,0.608,0.015915455305899384,6.217772558141293e-05,0.0012847290458465424,0.001324409387626807,0.016216558866448925,0.02290659621459487,0.03653209490411301,0.03801768651903607,0.05420084647149391
2024-07-23 00:00:00+00:00,0.5975,-0.017420598160501177,0.0002533017175940809,0.0003154794431754973,0.0015380307634406164,0.010458976275836099,0.022162565114175716,0.03375863218929912,0.037462398776928627,0.05443191187880948
2024-07-24 00:00:00+00:00,0.6179,0.03357234826126809,0.000303477240269657,0.0005567789578637414,0.0006189566834451474,0.0018811883454905468,0.016773337824312663,0.02356219507016576,0.037680772483072895,0.05453142725297265
2024-07-25 00:00:00+00:00,0.5996,-0.03006386583849119,0.0011271025677758706,0.001430579808045531,0.0016838815256396051,0.0029686105714861457,0.011889556083881625,0.024590477740234477,0.03875430235171881,0.05551564158305398
2024-07-26 00:00:00+00:00,0.6034,0.006317560496518104,0.0009038360291547975,0.0020309385969306715,0.0023344158372003215,0.0026498952803758174,0.003912126942421213,0.024496980951376042,0.039119812458907416,0.056406660626921075
2024-07-27 00:00:00+00:00,0.5956,-0.013011025915106833,3.9911570627166075e-05,0.000943747599781967,0.002070850167557831,0.0026276291254215705,0.003912358171268108,0.018844187991870497,0.03613295959712661,0.05629081353035149
2024-07-28 00:00:00+00:00,0.6012,0.009358357068965373,0.0001692867953635816,0.00020919836599075115,0.0011130343951455417,0.002543614203191071,0.002859093646366563,0.01300259047902717,0.025802332033087183,0.056324631411646335
2024-07-29 00:00:00+00:00,0.6019,0.0011636606749058087,8.757884703025416e-05,0.00025686564239383924,0.0002967772130209984,0.0023277158099516684,0.0028844947678154046,0.004208904155442215,0.02579109098241028,0.0563511357999024
2024-07-30 00:00:00+00:00,0.6277,0.041971026769760944,1.3541061663222423e-06,8.893295319657988e-05,0.0002582197485601545,0.0012019673483421199,0.0026325471563876457,0.004170577919828266,0.02479511227056337,0.05634706208184177
2024-07-31 00:00:00+00:00,0.623,-0.0075158265360329435,0.0017615670881079898,0.0017629211942743156,0.0018505000413045628,0.002059698407295312,0.004090637004225978,0.00470959368767113,0.020863974828538648,0.05805726359054532
2024-08-01 00:00:00+00:00,0.5964,-0.043634935896869786,5.648764851973695e-05,0.00181805473662773,0.0018194088427940455,0.0020762744851878833,0.0030200220849698448,0.004703903610609453,0.014909578168851476,0.05811018452471339
2024-08-02 00:00:00+00:00,0.5607,-0.061725579760956606,0.0019040076307239354,0.0019604952792436755,0.0037220623673516586,0.0038109953205482366,0.004020193686538983,0.006354609523739308,0.007932320628960203,0.059716603244313694
2024-08-03 00:00:00+00:00,0.5558,-0.008777485821223507,0.003810047196826216,0.005714054827550155,0.005770542476069885,0.007533463670344199,0.007790329312738032,0.009861179480295867,0.011702687484006147,0.06208190365242766
2024-08-04 00:00:00+00:00,0.5228,-0.0612095355583363,7.704425734177971e-05,0.0038870914541679993,0.005791099084891927,0.007609153821519656,0.00769808677471623,0.008811121169861776,0.010557180421082802,0.05634478215673345
2024-08-05 00:00:00+00:00,0.4889,-0.0670410121654671,0.003746607243267236,0.0038236515006090195,0.007633698697435229,0.009594193976678904,0.011357115170953213,0.011653892383974216,0.014241609938768624,0.05976079267275773
2024-08-06 00:00:00+00:00,0.5062,0.034773878526423774,0.004494497312170307,0.008241104555437546,0.00831814881277932,0.014032203640329474,0.015850258376957197,0.016108478125517356,0.01848280553334485,0.06131191078186238
2024-08-07 00:00:00+00:00,0.6002,0.17033108489524307,0.0012092226277704765,0.005703719939940787,0.009450327183208016,0.013337418637376013,0.015297913916619683,0.017148413957924248,0.019388550920845668,0.057963016397745475
2024-08-08 00:00:00+00:00,0.6166,0.026957582445783335,0.0290126784815905,0.03022190110936098,0.03471639842153128,0.0385400499221403,0.044254104749690444,0.0460735135924845,0.0472741268346603,0.08616710541963446
2024-08-09 00:00:00+00:00,0.5805,-0.060330714314103806,0.0007267112513212058,0.02973938973291171,0.03094861236068218,0.03918971691611973,0.04307680837028772,0.046798870737639386,0.04709700205682671,0.08680871313683027
2024-08-10 00:00:00+00:00,0.5841,0.006182399908317371,0.00363979508965001,0.004366506340971219,0.03337918482256171,0.03908290476250249,0.04290655626311152,0.0486770987391814,0.05069688557584955,0.09039493552735034
2024-08-11 00:00:00+00:00,0.5528,-0.055075928592803525,3.822206862636264e-05,0.003678017158276376,0.004404728409597575,0.034626629518958556,0.0428677340743961,0.048658833159288026,0.05056582084911233,0.0898948316740105
2024-08-12 00:00:00+00:00,0.5684,0.027829123769485542,0.003033357910359593,0.0030715799789859588,0.006711375068635962,0.03645076480154767,0.04215448474148845,0.04978818343892369,0.05351159991244167,0.08990142515196213
2024-08-13 00:00:00+00:00,0.577,0.01501687028515386,0.0007744601297773452,0.0038078180401369417,0.003846040108763297,0.008212546449734513,0.03843444755909549,0.046752596371874816,0.05428470593605269,0.08017597092233646
2024-08-14 00:00:00+00:00,0.5687,-0.014489212195345491,0.000225506393161137,0.0009999665229384856,0.0040333244332980715,0.007711341591574444,0.037450731324486154,0.046901058507694174,0.05274864524110584,0.08030265741779043
2024-08-15 00:00:00+00:00,0.5607,-0.014167051183127222,0.0002099372700417485,0.00043544366320288897,0.001209903792980227,0.004281483771966183,0.008647990112937399,0.04336438853446868,0.052902094862627855,0.07951526186981894
2024-08-16 00:00:00+00:00,0.5638,0.005513575550385341,0.0002007053392253464,0.0004106426092670984,0.0006361490024282284,0.004443967042565167,0.008121984200841538,0.03907059656152372,0.05119879257112926,0.07402326267891159
2024-08-17 00:00:00+00:00,0.5665,0.004777501788048921,3.039951534980702e-05,0.00023110485457515688,0.00044104212461689845,0.0014410086475553805,0.004512588626541336,0.03789177344910306,0.047419144889652855,0.06804277788605448
2024-08-18 00:00:00+00:00,0.5631,-0.006019848207488132,2.282452333481064e-05,5.322403868462113e-05,0.0002539293779099606,0.000689373041112846,0.004497191081249784,0.008901919490847362,0.04736492515564589,0.05918433723877408
2024-08-19 00:00:00+00:00,0.5985,0.060969292737454994,3.6238572441198075e-05,5.906309577601219e-05,8.946261112581226e-05,0.0005001052203929072,0.0015000717433313892,0.008211446811967353,0.04365455648481985,0.05918089546943501
2024-08-20 00:00:00+00:00,0.5937,-0.00805238372139816,0.0037172546569054824,0.003753493229346684,0.003776317752681488,0.004007422607256641,0.0044428662704595265,0.008288906379222827,0.04287731382955502,0.061675598806075364
2024-08-21 00:00:00+00:00,0.5999,0.010388833382417695,6.484088359663807e-05,0.003782095540502124,0.0038183341129433153,0.003871558151627933,0.0042822007608950274,0.008315525194193103,0.04173293208538119,0.06167826196409059
2024-08-22 00:00:00+00:00,0.5976,-0.0038413408404398552,0.00010792785904763629,0.00017276874264427784,0.0038900233995497534,0.003949086495325762,0.004180191349900915,0.005390095142881146,0.01282818146283832,0.061532888105544144
2024-08-23 00:00:00+00:00,0.6109,0.02201164583711368,1.4755899452431174e-05,0.00012268375850007094,0.00018752464209670206,0.0039410178714433825,0.003994241910128,0.004630390912556232,0.012116226110969545,0.061244166764726916
2024-08-24 00:00:00+00:00,0.6127,0.002942140075887667,0.000484512552458524,0.0004992684519109587,0.000607196310958588,0.004389291851460709,0.004448354947236718,0.00488939707185362,0.00896094357377806,0.06060157674940957
2024-08-25 00:00:00+00:00,0.6,-0.020945764515462595,8.656188226144287e-06,0.0004931687406846718,0.000507924640137096,0.0006806933827813708,0.004434186612128051,0.004688115990038015,0.008931377693377842,0.05970639690848092
2024-08-26 00:00:00+00:00,0.5874,-0.021223636451626615,0.000438725051137212,0.00044738123936335976,0.0009318937918218768,0.0010545775503219448,0.004836673090824064,0.00492613570194988,0.006336744834155461,0.06010521038899097
2024-08-27 00:00:00+00:00,0.5666,-0.036052431368103544,0.000450442744230814,0.0008891677953680294,0.0008978239835941668,0.0013970924355051224,0.0015698611781493964,0.005346178930830888,0.00601272744860893,0.0603863663378582
2024-08-28 00:00:00+00:00,0.5693,0.004753948560620058,0.0012997778075518164,0.001750220551782634,0.002188945602919839,0.002682114343604508,0.0028047981021045746,0.006623132215047893,0.00708699886299961,0.06159856529837976
2024-08-29 00:00:00+00:00,0.5619,-0.013083637838883777,2.2600026917021523e-05,0.0013223778344688415,0.0017728205786996486,0.002220201818063005,0.0027194702699739597,0.006609493669523717,0.006899661619874882,0.06161981121913046
2024-08-30 00:00:00+00:00,0.5667,0.008506165057421078,0.00017118157909907136,0.00019378160601609635,0.0014935594135679058,0.002382727208935932,0.0028758959496206003,0.0030634205917173057,0.0068701378597486075,0.060029425710121535
2024-08-31 00:00:00+00:00,0.5662,-0.00088269049777423,7.235484398409133e-05,0.00024353642308316616,0.0002661364500001807,0.0020163570017828116,0.0024637382411461677,0.003070934552104759,0.006912093188382892,0.0600452929055859
2024-09-01 00:00:00+00:00,0.5472,-0.034133006369458596,7.79142514860918e-07,7.313398649895572e-05,0.00024431556559802013,0.0015666934000668586,0.002455861195434884,0.0029637858355719836,0.006890047807562942,0.05814206441737682
2024-09-02 00:00:00+00:00,0.5677,0.03677874386833979,0.001165062123817501,0.0011658412663323654,0.0012381961103164498,0.0014319777163325433,0.003182198268115173,0.004114092059937053,0.008018871358939245,0.0554970793443681
2024-09-03 00:00:00+00:00,0.5572,-0.01866886827102976,0.0013526760005329419,0.0025177381243504464,0.0025185172668653003,0.0027620536899484634,0.004084431524417301,0.004982255508011471,0.0056542927025667045,0.05677271108755927
2024-09-04 00:00:00+00:00,0.5579,0.0012554929458318265,0.0003485266425210617,0.001701202643054007,0.002866264766871501,0.002939398753370454,0.0031331803593865463,0.0053221259623063896,0.005937978461491128,0.053374630486813096
2024-09-05 00:00:00+00:00,0.5444,-0.02449546407417158,1.5762625370334775e-06,0.00035010290505809865,0.0017027789055910336,0.002868620171923396,0.0031121565950065584,0.00488497717370621,0.005831626864980525,0.04888170943717982
2024-09-06 00:00:00+00:00,0.5211,-0.04374230886214203,0.0006000277602090305,0.0006016040227460676,0.0009501306652671222,0.0034678687896175656,0.0035410027761165175,0.005034562189684427,0.006416898725737125,0.048272514569618376
2024-09-07 00:00:00+00:00,0.5248,0.0070752757147104495,0.0019133895845910294,0.0025134173448000635,0.00251499360733709,0.004216196250391094,0.005382037516723455,0.00564817396672364,0.00784577575786963,0.021173225672618905
2024-09-08 00:00:00+00:00,0.5295,0.008915927411581648,5.005952643917146e-05,0.0019634491110302045,0.002563476871239228,0.002913579776297323,0.005431317900647766,0.00567563346624579,0.007887179096082657,0.020496573947736872
2024-09-09 00:00:00+00:00,0.5395,0.018709619656728238,7.949376160859302e-05,0.00012955328804776795,0.0020429428726387905,0.0026445468953848546,0.004345749538438858,0.0055839456487553115,0.007527947806554038,0.016936272619695453
2024-09-10 00:00:00+00:00,0.5408,0.0024067400305649578,0.0003500498676994317,0.00042954362930802816,0.0004796031557471927,0.002993020500547253,0.003343123405605348,0.005861640672470652,0.007427554930022656,0.017248100418768522
2024-09-11 00:00:00+00:00,0.5348,-0.011156679500965994,5.792397574723814e-06,0.00035584226527415896,0.00043533602688274503,0.0023987851379129463,0.00300038916065901,0.0058666539275305145,0.006133569520045564,0.014220534905983654
2024-09-12 00:00:00+00:00,0.5626,0.05067605082796822,0.0001244714974872748,0.0001302638950620021,0.00048031376276142684,0.0006098670508091918,0.0031232843956092516,0.004826063301200288,0.006235440990615817,0.013570546273693584
2024-09-13 00:00:00+00:00,0.5728,0.017967719590679332,0.0025680621275188187,0.0026925336250060968,0.002698326022580814,0.003127869651888839,0.00509131876291904,0.006041449428186164,0.008632321539035565,0.015913102008051266
2024-09-14 00:00:00+00:00,0.5956,0.03903268516341818,0.00032283894728928183,0.002890901074808104,0.0030153725722953722,0.003371214837569528,0.003500768125617292,0.006015761732954385,0.008882805642340754,0.0160260036852988
2024-09-15 00:00:00+00:00,0.5706,-0.04288086203045438,0.0015235505110665257,0.0018463894583558111,0.004414451585874623,0.004544715480936622,0.004974259110244647,0.007537735981483877,0.01040557701089242,0.01734884885713998
2024-09-16 00:00:00+00:00,0.5866,0.02765471776395112,0.0018387683284748642,0.0033623188395413934,0.0036851577868306684,0.006377691411836762,0.0067335336771109176,0.008776476549749711,0.011079283215549783,0.019157217670265035
2024-09-17 00:00:00+00:00,0.5839,-0.004613421253858885,0.0007647834146037937,0.0026035517430786615,0.00412710225414518,0.007018003328953281,0.00714826722401528,0.007627870379762475,0.010491390629620635,0.019899176561534018
2024-09-18 00:00:00+00:00,0.5852,0.002223933856477456,2.1283655665556885e-05,0.000786067070269354,0.0026248353987442115,0.00447122485710002,0.007163758482106113,0.007599094508988861,0.01016414764276513,0.019884221644758376
2024-09-19 00:00:00+00:00,0.5868,0.002730377122857286,4.945881797986689e-06,2.6229537463547042e-05,0.0007910129520673338,0.0041533317916087244,0.007044232866416825,0.007524546629178255,0.010167517262026082,0.016171912869650883
2024-09-20 00:00:00+00:00,0.5851,-0.0029012734746362012,7.454959233022431e-06,1.2400841031012589e-05,3.368449669656253e-05,0.0026372362397752208,0.0044836256981310284,0.007181951720711845,0.009574944461050073,0.01611452694528727
2024-09-21 00:00:00+00:00,0.5976,0.0211388610244172,8.417387774627617e-06,1.5872347007653518e-05,2.0818228805633267e-05,0.0008068852990749843,0.004169204138616375,0.0071845767109117485,0.007669972264233674,0.01601501647401426
2024-09-22 00:00:00+00:00,0.5871,-0.01772647074846745,0.00044685144540962456,0.00045526883318425563,0.00046272379241727113,0.0004889533298808151,0.0030925050729594733,0.007506956658834099,0.008066764183204126,0.01644711201997145
2024-09-23 00:00:00+00:00,0.5847,-0.004096267888515359,0.0003142277651962721,0.0007610792106059001,0.0007694965983805209,0.0007818974394115303,0.0015679645096808809,0.005253122296511552,0.008301498186791805,0.0162768272327092
2024-09-24 00:00:00+00:00,0.5911,0.010886312648698993,1.677941061448208e-05,0.00033100717581075763,0.0007778586212203752,0.0007937309682280257,0.0008199605056915694,0.004947062759836753,0.007968227729706855,0.01628495045509754
2024-09-25 00:00:00+00:00,0.5831,-0.013626509602213566,0.00011851180308522368,0.00013529121369970924,0.0004495189788959744,0.000904787812080227,0.0009171886531112361,0.00354202405185545,0.008080947135217354,0.01596473720704555
2024-09-26 00:00:00+00:00,0.5905,0.012610937409306855,0.0001856817639392185,0.00030419356702444565,0.0003209729776389208,0.0010820521882448178,0.001097924535252468,0.0018889374873198043,0.008142157401669299,0.015699976226753953
2024-09-27 00:00:00+00:00,0.5888,-0.00288306822275064,0.0001590357423414551,0.00034471750628067713,0.00046322930936589386,0.0007942364851766485,0.0012495053183609007,0.0012831898150574659,0.005733131016491935,0.014559234161543592
2024-09-28 00:00:00+00:00,0.6138,0.04158257477096938,8.312082377034533e-06,0.00016734782471849313,0.00035302958865770465,0.0004883208023574109,0.0012494000129633076,0.0012702182417689434,0.0054186041515796885,0.014544946217003606
2024-09-29 00:00:00+00:00,0.6412,0.04367227854976208,0.0017291105245832595,0.0017374226069602975,0.0018964583493017457,0.002200651916326188,0.0025316590921369425,0.002994382884554216,0.005624164165096422,0.016102875162487793
2024-09-30 00:00:00+00:00,0.6114,-0.047590011278663635,0.0019072679137280089,0.003636378438311272,0.0036446905206882997,0.003989408026968974,0.004124699240668679,0.004894195839049202,0.005692663750349566,0.01793778823223171
2024-10-01 00:00:00+00:00,0.5967,-0.024336934928697984,0.002264809173503332,0.004172077087231344,0.005901187611814598,0.006068535436533087,0.006372729003557529,0.007150587624777906,0.007192689509249104,0.02020181826322018
2024-10-02 00:00:00+00:00,0.5383,-0.10299844896112464,0.00059228640172368,0.0028570955752270154,0.004764363488955018,0.006501786095915312,0.006846503602195986,0.007296022581091963,0.007763692255307228,0.01962904254112636
2024-10-03 00:00:00+00:00,0.5217,-0.03132331553856449,0.010608680488397398,0.01120096689012108,0.013465776063624407,0.017102154501935675,0.017269502326654165,0.01759047530429309,0.01836742686190664,0.02888504702899082
2024-10-04 00:00:00+00:00,0.534,0.023303128931847827,0.0009811500963284757,0.011589830584725878,0.01218211698644955,0.01635419407368089,0.018091616680641187,0.018554845990007084,0.019341121999002092,0.02951767048279823
2024-10-05 00:00:00+00:00,0.5294,-0.008651549167194128,0.0005430358180143233,0.0015241859143428024,0.012132866402740193,0.014989961977967205,0.018626340416278475,0.018979370004936182,0.019875740429241787,0.03005913003827552
2024-10-06 00:00:00+00:00,0.5336,0.007902204808413082,7.48493029923774e-05,0.0006178851210067041,0.0015990352173351728,0.012800002107456252,0.016972079194687593,0.01886853754398934,0.01950373828682454,0.02953395158105887
2024-10-07 00:00:00+00:00,0.5286,-0.009414492431225163,6.244484083410684e-05,0.0001372941438264877,0.000680329961840804,0.012270160546566678,0.01512725612179369,0.018771946642481992,0.019251955362462374,0.027683006837301946
2024-10-08 00:00:00+00:00,0.531,0.004530019071750102,8.863266773759589e-05,0.00015107750857170618,0.00022592681156407668,0.0017501127259068755,0.012951079616027955,0.018852267227842553,0.01932380861958549,0.02772157997860037
2024-10-09 00:00:00+00:00,0.5245,-0.012316593405586995,2.0521072790419656e-05,0.00010915374052801902,0.00017159858136211892,0.0007894837023688196,0.012379314287094694,0.017143677776049714,0.019225817889290685,0.027662607289782197
2024-10-10 00:00:00+00:00,0.5305,0.011374530217685974,0.00015169847311854905,0.0001722195459089722,0.00026085221364656117,0.00039814635747304535,0.001922332271815846,0.015388108335440255,0.019191834598470014,0.027464255895201316
2024-10-11 00:00:00+00:00,0.5388,0.015524486482170974,0.00012937993767305134,0.0002810784107916039,0.0003015994835820166,0.00045267699215371937,0.0010705621131604217,0.013252679099609975,0.019162178793801613,0.02758784343529964
2024-10-12 00:00:00+00:00,0.5393,0.0009275578069725121,0.00024100968053510929,0.00037038961820816407,0.0005220880913267062,0.0006312418318547218,0.0007685359756812078,0.012901402378421403,0.019394876391959685,0.027704381618347478
2024-10-13 00:00:00+00:00,0.5321,-0.013440560740857643,8.60363485275656e-07,0.00024187004402038842,0.00037124998169343285,0.0005434695276024015,0.000694547036174106,0.0022935822535092806,0.017666626230861703,0.02513717985431393
2024-10-14 00:00:00+00:00,0.5483,0.029991140807679173,0.00018064867302868375,0.0001815090365139629,0.00042251871704906523,0.0007035971278406657,0.0008127508683686829,0.0014930808302094888,0.01594000699016238,0.024994989580053334
2024-10-15 00:00:00+00:00,0.5417,-0.012110239746149776,0.0008994685269460389,0.0010801171999747262,0.001080977563459995,0.0014513671816681556,0.001623586727577126,0.0018495135391412044,0.014574666343605084,0.024370907595932845
2024-10-16 00:00:00+00:00,0.5482,0.011927841204832368,0.00014665790670922578,0.0010461264336552682,0.0012267751066839451,0.0014686451507043299,0.0017497235614959321,0.0019213221428580527,0.01412903784859063,0.02267879717416721
2024-10-17 00:00:00+00:00,0.5441,-0.007507130376805726,0.00014227339580769686,0.0002889313025169261,0.001188399829462958,0.0013699088659769178,0.0017402984841850798,0.002001150697831643,0.0036626307560009294,0.022056287155371113
2024-10-18 00:00:00+00:00,0.5465,0.004401254124713483,5.6357006494359286e-05,0.00019863040230205963,0.00034528830901127844,0.0014254055089860012,0.0016672755530063878,0.001968875036588406,0.002737837666166813,0.022091360506199913
2024-10-19 00:00:00+00:00,0.544,-0.004585060760650461,1.9371037870307447e-05,7.57280443646702e-05,0.00021800144017236012,0.001264127873827625,0.0014456369103415861,0.001967725001668294,0.002214172886022797,0.022105785662272236
2024-10-20 00:00:00+00:00,0.5482,0.007690937012742705,2.1022782178856586e-05,4.0393820049167505e-05,9.675082654351985e-05,0.0003856821290604425,0.001465799329035167,0.0018370493107286016,0.0021603463652092765,0.02211935348521807
2024-10-21 00:00:00+00:00,0.5449,-0.006037892279632695,5.915051213397568e-05,8.017329431283573e-05,9.954433218313624e-05,0.0002981747344851924,0.0013443011681404588,0.0017668198851895258,0.002157052036509145,0.02217008660957742
2024-10-22 00:00:00+00:00,0.5339,-0.020393736082912062,3.64561431804481e-05,9.560665531442724e-05,0.00011662943749327689,0.00019235748185794362,0.000481288784374868,0.0015622663478348645,0.0021048755119519973,0.021759691307348242
2024-10-23 00:00:00+00:00,0.5258,-0.015287643210359803,0.0004159044714194694,0.000452360614599921,0.0005115111267338897,0.0005519049467830537,0.0007505353490851116,0.0019773104557690583,0.002500258910581047,0.021861368013571438
2024-10-24 00:00:00+00:00,0.532,0.011722577045863547,0.00023371203492726018,0.0006496165063467331,0.0006860726495271742,0.0007662459438400064,0.000841973988204675,0.002030373817667635,0.0025822724723897584,0.022078300637884216
2024-10-25 00:00:00+00:00,0.5022,-0.057645042618159836,0.00013741881259620692,0.00037113084752347057,0.000787035318942933,0.0008826419742573568,0.0009230357943065227,0.0012683241033178026,0.0025903113473129138,0.0220972076473952
2024-10-26 00:00:00+00:00,0.5134,0.022056821713555386,0.003322950938449464,0.003460369751045674,0.0036940817859729275,0.004146442400572845,0.004226615694885679,0.004444617135058041,0.0056722526052272685,0.025234476821905445
2024-10-27 00:00:00+00:00,0.5168,0.006600684031352166,0.00048650338410356834,0.003809454322553036,0.003946873135149236,0.004596489641495965,0.004692096296810391,0.004788847123353913,0.006157895625845561,0.02556194446366756
2024-10-28 00:00:00+00:00,0.5195,0.0052108580708898344,4.3569029681747487e-05,0.0005300724137853193,0.003853023352234776,0.004224154199758244,0.004676514814358162,0.004776059146541301,0.006020815982498625,0.025597201410972274
2024-10-29 00:00:00+00:00,0.5284,0.016986762108888276,2.7153041834957728e-05,7.072207151670868e-05,0.0005572254556202701,0.004017595206665941,0.0046672117130126724,0.004783841150505951,0.005148500497387544,0.02389524392822397
2024-10-30 00:00:00+00:00,0.5229,-0.01046333145408529,0.00028855008694396244,0.00031570312877892364,0.0003592721584606642,0.004168726481013696,0.004539857328537165,0.005051368455271057,0.00529039267762228,0.022276526101439924
2024-10-31 00:00:00+00:00,0.5095,-0.025960388531305556,0.00010948130511805058,0.0003980313920620165,0.0004251844338969673,0.0009552568476822831,0.004415626598727955,0.005101699248255131,0.005257600586932634,0.02012119823305464
2024-11-01 00:00:00+00:00,0.5131,0.007040905285139676,0.000673941772696341,0.000783423077814395,0.0010719731647583506,0.0011426952362750557,0.00495214955882809,0.005739184877771025,0.005875185353134616,0.020202853604027304
2024-11-02 00:00:00+00:00,0.5103,-0.005471969877993366,4.957434723430782e-05,0.0007235161199306524,0.0008329974250486959,0.001148700553827616,0.0016787729676129336,0.005372854753585863,0.005905388662498616,0.009643747462864212
2024-11-03 00:00:00+00:00,0.503,-0.014408617970186444,2.994245434566673e-05,7.951680157997812e-05,0.0007534585742763121,0.0011514899663383252,0.0012222120378550321,0.005169085173004269,0.0059143083346654265,0.008692539820881404
2024-11-04 00:00:00+00:00,0.5035,0.0009935420588775834,0.00020760827181077972,0.00023755072615645002,0.0002871250733907508,0.0010705481512051425,0.0013862512799840644,0.005239274632218842,0.00606276609434223,0.00835711227467786
2024-11-05 00:00:00+00:00,0.514,0.02063955329654832,9.871258227587074e-07,0.000208595397633542,0.00023853785197920172,0.0009620539719098506,0.0013600853639718655,0.0019173108195921372,0.006027297076984541,0.008283250097508242
2024-11-06 00:00:00+00:00,0.5418,0.05267366419582953,0.0004259911602810586,0.00042697828610382087,0.0006345865579145936,0.0007141033594945682,0.0014975264373089615,0.0018567985957696274,0.00603738376584613,0.008646796416955193
2024-11-07 00:00:00+00:00,0.5556,0.02515168122919398,0.002774514899815014,0.0032005060600960758,0.0032014931859188278,0.003439043912075274,0.004162560032005925,0.004587744465902894,0.008578186630733883,0.01133267864903261
2024-11-08 00:00:00+00:00,0.5537,-0.003425587051267276,0.0006326070686549887,0.003407121968470006,0.0038331131287510575,0.004041708526384595,0.004121225327964573,0.0051931984927229245,0.009073374886792664,0.011944764644897181
2024-11-09 00:00:00+00:00,0.5593,0.010062977998620881,1.173464664581003e-05,0.0006443417153008022,0.003418856615115809,0.003845834901219626,0.004083385627376074,0.004916383052424772,0.005762158594989011,0.01180480081842444
2024-11-10 00:00:00+00:00,0.5884,0.05072098689974025,0.00010126352620072791,0.0001129981728465414,0.0007456052415015232,0.003946111301597595,0.004154706699231137,0.00490816527350745,0.005376918737086171,0.011776684406952117
2024-11-11 00:00:00+00:00,0.6207,0.05344088469232455,0.002572618512083622,0.0026738820382843534,0.0026856166849301565,0.006092738653400159,0.006519716939503978,0.006806842012894731,0.007905968219488045,0.01410829323850063
2024-11-12 00:00:00+00:00,0.704,0.12593048273843527,0.0028559281566983286,0.0054285466687819545,0.005529810194982675,0.006174151910283474,0.009374657970379549,0.009613195822358752,0.010734743334351416,0.016963361031713683
2024-11-13 00:00:00+00:00,0.6898,-0.020376655655301834,0.015858486482735343,0.018714414639433675,0.02128703315151729,0.021400031324363827,0.024807153292833832,0.025441739850748428,0.026304679730142798,0.032641198841420346
2024-11-14 00:00:00+00:00,0.7736,0.114653243636344,0.0004152080956947442,0.01627369457843009,0.019129622735128412,0.021803504773412762,0.022447846488713563,0.025649339674632392,0.02661040652071949,0.03215693841016905
2024-11-15 00:00:00+00:00,0.8922,0.14263537855507988,0.013145366276334855,0.013560574372029602,0.029419060854764936,0.03484760752354689,0.03496060569639343,0.038793718825144485,0.039081831024358006,0.045155646779794674
2024-11-16 00:00:00+00:00,1.1209,0.22819689033288532,0.020344851215550942,0.0334902174918858,0.033905425587580536,0.05261984022701421,0.055293722265298564,0.05871257888041437,0.05937710789267464,0.06535822459953791
2024-11-17 00:00:00+00:00,1.0543,-0.0612548944441457,0.052073820757598886,0.07241867197314983,0.08556403824948468,0.10183773282791478,0.10726627949669672,0.10801188473819824,0.11142098619592786,0.11737568835064245
2024-11-18 00:00:00+00:00,1.1137,0.05481076581615042,0.0037521620933634314,0.05582598285096232,0.07617083406651326,0.08973140843854285,0.10844582307797652,0.11113143976290668,0.11496554001748052,0.12110847940613557
2024-11-19 00:00:00+00:00,1.1003,-0.012104935523187366,0.0030042200493528835,0.0067563821427163145,0.058830202900315196,0.092320420392201,0.10859411497063108,0.11412392516561376,0.11796877294101063,0.1240916766733096
2024-11-20 00:00:00+00:00,1.1041,0.003447653569224343,0.00014652946402052337,0.0031507495133734067,0.006902911606736831,0.07932158357988665,0.09288215795191626,0.11416919110343356,0.1176893112447501,0.12417905562519614
2024-11-21 00:00:00+00:00,1.247,0.12171014323494515,1.1886315133385352e-05,0.00015841577915390873,0.0031626358285067853,0.05898861867946911,0.0924788361713549,0.11160845890648331,0.11492668266006847,0.12415448579714908
2024-11-22 00:00:00+00:00,1.4726,0.16628887925457986,0.014813358966270866,0.014825245281404251,0.014971774745424767,0.021728156888141087,0.09414682886129092,0.12356588971605585,0.12910743455768434,0.1385519402920005
2024-11-23 00:00:00+00:00,1.4685,-0.0027880742959416893,0.02765199136374424,0.042465350330015104,0.042477236645148485,0.0456279861585219,0.10145396900948422,0.13535939459706475,0.15674769127478277,0.16597021962081748
2024-11-24 00:00:00+00:00,1.4331,-0.024401541574648855,7.773358279690746e-06,0.02765976472202393,0.04247312368829479,0.04263153946744871,0.049387921610165024,0.1349519598596497,0.15665420110686173,0.16584057416650094
2024-11-25 00:00:00+00:00,1.4142,-0.013275929893885485,0.0005954352312193165,0.0006032085894990107,0.02825519995324324,0.0430804452346475,0.046231194748020905,0.12240202881453417,0.15467701782599746,0.1631130584592708
2024-11-26 00:00:00+00:00,1.3984,-0.011235274268869277,0.00017625031454736228,0.0007716855457666823,0.0007794589040463626,0.043244809234061474,0.043403225013215384,0.10223342791353059,0.15199733998384649,0.1628028053897146
2024-11-27 00:00:00+00:00,1.4696,0.04966152899964482,0.00012623138789671608,0.0003024817024440818,0.0008979169336633879,0.02855768165568733,0.04338292693709158,0.05028583854382841,0.13626508488900785,0.16288546774792956
2024-11-28 00:00:00+00:00,1.5421,0.04815486896269483,0.0024662674625825637,0.0025924988504792833,0.002768749165026635,0.0033719577545256495,0.04583730808454076,0.048999943913047544,0.13831614425589564,0.16532458216867718
2024-11-29 00:00:00+00:00,1.8006,0.15497481881076564,0.0023188914048143097,0.004785158867396877,0.004911390255293583,0.005683075801060269,0.0333428405230842,0.04831461526850897,0.12748966938437511,0.1673549234865475
2024-11-30 00:00:00+00:00,1.9513,0.08037587442657668,0.024017194465429638,0.026336085870243952,0.028802353332826505,0.02910483503527059,0.029708043624769597,0.07218528026991808,0.1311620126342538,0.1912626366468591
2024-12-01 00:00:00+00:00,2.2937,0.1616704170992168,0.0064602811898368225,0.030477475655266463,0.03279636706008077,0.03538886591056005,0.03616055145632673,0.07863367514462152,0.08554847306649174,0.1970489760639996
2024-12-02 00:00:00+00:00,2.7245,0.17211869082298314,0.026137323765034737,0.03259760495487156,0.05661479942030119,0.06139995828769808,0.06170243999014215,0.08995763994338539,0.10793363473816305,0.2231367254818
2024-12-03 00:00:00+00:00,2.5102,-0.08192249379680716,0.02962484373061766,0.0557621674956524,0.062222448685489214,0.08855853455573318,0.09115103340621244,0.09193049231025881,0.13455425841942784,0.252731626758072
2024-12-04 00:00:00+00:00,2.3574,-0.06280311443387665,0.006711294989887907,0.036336138720505576,0.062473462485540296,0.09295093814080677,0.09773609700820363,0.09863401394186704,0.1411190239452952,0.25923531347614914
2024-12-05 00:00:00+00:00,2.2446,-0.04903198521031371,0.0039442311825946055,0.010655526172482516,0.04028036990310017,0.07287797485797173,0.09921406072821568,0.10198280989324231,0.14505136881275646,0.26317855753292096
2024-12-06 00:00:00+00:00,2.4257,0.07759281092901993,0.0024041355736644223,0.006348366756259031,0.01305966174614693,0.06882182924179933,0.09929930489706579,0.10421069515235937,0.13264214542015001,0.2651567019463043
2024-12-07 00:00:00+00:00,2.6099,0.07319176389531168,0.0060206443078666344,0.00842477988153106,0.012369011064125655,0.048705149784631224,0.0813027547395028,0.1101051080723293,0.1110107983642724,0.26840283135435594
2024-12-08 00:00:00+00:00,2.6013,-0.003300586355262536,0.00535703430210705,0.011377678609973688,0.013781814183638101,0.02443734035612062,0.08019950785177302,0.11299587491185378,0.11636005930809974,0.273127258587808
2024-12-09 00:00:00+00:00,2.2124,-0.1619334209307015,1.089387028854523e-05,0.005367928172395599,0.011388572480262222,0.017736939236521258,0.05407307795702683,0.11068787737732802,0.11577551794716898,0.27312641781145075
2024-12-10 00:00:00+00:00,2.3709,0.06919173075851615,0.026222432814319758,0.026233326684608305,0.031590360986715346,0.04001514086824641,0.05067066704072892,0.11289311572621813,0.14182170044694137,0.2992475870995698
2024-12-11 00:00:00+00:00,2.3941,0.009737747460894064,0.00478749560535899,0.03100992841967875,0.031020822289967283,0.042398500899940975,0.0487468676562,0.11122033014174029,0.14648296466440364,0.30146246419284517
2024-12-12 00:00:00+00:00,2.3384,-0.02354044254289711,9.482372561214879e-05,0.0048823193309711415,0.03110475214529089,0.03647268031768649,0.044897460199217545,0.0851778301023177,0.14411152092743323,0.298701359761759
2024-12-13 00:00:00+00:00,2.4217,0.03500283806941984,0.0005541524351154402,0.0006489761607275925,0.005436471766086572,0.03166979845069488,0.04304747706066857,0.05610713880681549,0.14234678195773437,0.28339702571413905
2024-12-14 00:00:00+00:00,2.4005,-0.00879272389546093,0.0012251986729140268,0.0017793511080294705,0.001874174833641609,0.03288410325332036,0.03825203142571596,0.05062104248984162,0.11955478616521875,0.28420701629135836
2024-12-15 00:00:00+00:00,2.4469,0.01914486826964379,7.731199350180964e-05,0.00130251066641584,0.0018566631015312699,0.006738982432502415,0.032972309117110715,0.046754123300748816,0.11317181696888373,0.27113896200852533
2024-12-16 00:00:00+00:00,2.4841,0.015088503651366492,0.00036652598106201356,0.00044383797456382665,0.0016690366474778433,0.002318012808205439,0.033327941227884184,0.04471651370814641,0.08740101918491101,0.2511606367740364
2024-12-17 00:00:00+00:00,2.5673,0.0329443420898381,0.00022766294243729994,0.000594188923499317,0.0006715009170011164,0.0024508520250305903,0.007333171356001728,0.03892353234271708,0.05800383839673066,0.1993144789588748
2024-12-18 00:00:00+00:00,2.3103,-0.10547737676852942,0.001085329675732278,0.0013129926181695813,0.0016795185992315848,0.002982029265647428,0.003631005426375017,0.03465182771634231,0.05237787308257503,0.19664764654124364
2024-12-19 00:00:00+00:00,2.239,-0.0313480486145592,0.01112547700997031,0.012210806685702591,0.012438469628139881,0.01288230760270371,0.014661658710733178,0.045766410856024065,0.05955911890995073,0.20476890350186108
2024-12-20 00:00:00+00:00,2.2793,0.017839040666337236,0.0009827001519407668,0.01210817716191108,0.013193506837643348,0.013787695761142667,0.015090206427558503,0.020526678193645075,0.05813768348822707,0.20560507418978133
2024-12-21 00:00:00+00:00,2.238,-0.01828576839322149,0.00031823137189523367,0.001300931523836004,0.012426408533806303,0.013739401151975889,0.01418323912653971,0.016057413960181316,0.05243527055225567,0.20591141924654316
2024-12-22 00:00:00+00:00,2.2031,-0.015717150453351092,0.0003343693257305381,0.0006526006976257752,0.0016353008495665316,0.013846107535269126,0.014440296458768438,0.01629695956029971,0.04741260557587916,0.19143242960600282
2024-12-23 00:00:00+00:00,2.2617,0.026251283467246367,0.0002470288183732744,0.000581398144103816,0.0008996295159990392,0.013007806677910122,0.0143207992960797,0.015989835943557542,0.04764874052396389,0.16402746706063184
2024-12-24 00:00:00+00:00,2.3238,0.027087033862995602,0.0006891298836777224,0.0009361587020510002,0.0012705280277815279,0.0025714595516175354,0.01478226623732012,0.01545376715432124,0.02211543759332185,0.1647088235860299
2024-12-25 00:00:00+00:00,2.2973,-0.011469256450636234,0.0007337074034950705,0.001422837287172796,0.0016698661055460605,0.002322466803171839,0.014430643965082913,0.0161101625643145,0.018061649391457935,0.16484709575830564
2024-12-26 00:00:00+00:00,2.1559,-0.06352625053416383,0.00013154384353046086,0.0008652512470255348,0.001554381130703247,0.002135779274807066,0.0034367107986430665,0.01587518042678295,0.018098369509376242,0.16480238928728877
2024-12-27 00:00:00+00:00,2.1466,-0.004323074716537478,0.00403558450692935,0.004167128350459815,0.004900835753954874,0.005836994456005878,0.00648959515363165,0.019683101991274994,0.021579801581190154,0.1687117424063214
2024-12-28 00:00:00+00:00,2.1843,0.017410216021351177,1.86889750047656e-05,0.004054273481934119,0.004185817325464569,0.005608654612637369,0.006190052756741182,0.018616461290547483,0.020373291883280895,0.16626416391874357
2024-12-29 00:00:00+00:00,2.0942,-0.042123792215413514,0.0003031156219101132,0.0003218045969148823,0.004357389103844222,0.00522264035086976,0.006158799052920757,0.0077940999024872885,0.020599095511689196,0.1642483881358394
2024-12-30 00:00:00+00:00,2.0587,-0.01709690323809898,0.0017744138706073322,0.002077529492517449,0.002096218467522204,0.006263346817982022,0.007686184105154814,0.008585813621153853,0.022006983401234515,0.14200560754101707
2024-12-31 00:00:00+00:00,2.0836,0.012022451255773947,0.00029230410033291945,0.0020667179709402553,0.0023698335928503582,0.006424107074784481,0.007289358321810012,0.008559886349591539,0.022071624559130136,0.13583763045151317
2025-01-01 00:00:00+00:00,2.3328,0.1129720959433026,0.00014453933419746056,0.0004368434345303835,0.0022112573051377054,0.002533061902052591,0.006700190252512402,0.008370056358058462,0.021130834217595318,0.1098448460206759
2025-01-02 00:00:00+00:00,2.4024,0.02939897485478138,0.012762694461822767,0.012907233796020231,0.01319953789635314,0.015277067388870594,0.01933134087080471,0.020885722001507956,0.022768051669447772,0.092982696751881
2025-01-03 00:00:00+00:00,2.4547,0.02153631649985388,0.0008642997225120678,0.013626994184334839,0.013771533518532289,0.015838251489472547,0.016160056086387424,0.0210608918403423,0.022649651240019074,0.08713570148450518
2025-01-04 00:00:00+00:00,2.4201,-0.014195692557935957,0.0004638129283818785,0.0013281126508939496,0.014090807112716706,0.014527650547247093,0.01660518003976454,0.02079099736522911,0.02279523279650572,0.08365528323029245
2025-01-05 00:00:00+00:00,2.3994,-0.008590155530210808,0.00020151768719943832,0.0006653306155813203,0.0015296303380933777,0.014436864134113613,0.016503582105053864,0.020860971208898085,0.022662381157974622,0.08145266534382746
2025-01-06 00:00:00+00:00,2.42,0.008548834069904476,7.379077203321132e-05,0.00027530845923265314,0.0007391213876145212,0.014366115571949363,0.014802959006479743,0.016899177474001947,0.022489143111634555,0.07550581180799404
2025-01-07 00:00:00+00:00,2.2712,-0.06345921399197074,7.308256395475954e-05,0.00014687333598797431,0.0003483910231874022,0.0016765036740813554,0.014583737470101584,0.01695357106295194,0.021873095791911594,0.07022186006984174
2025-01-08 00:00:00+00:00,2.3731,0.04388879113921107,0.004027071840478735,0.004100154404433498,0.004173945176466699,0.004839275792048023,0.018466269976382857,0.02067752728152056,0.02516646022889526,0.07423803804003193
2025-01-09 00:00:00+00:00,2.2722,-0.04344859216216823,0.001926225987661292,0.005953297828140031,0.00602638039209478,0.006301688851327437,0.007629801502221383,0.020829339398574523,0.02696114237302609,0.04994183121337347
2025-01-10 00:00:00+00:00,2.3414,0.030000515909767933,0.0018877801608744268,0.0038140061485357223,0.007841077989014447,0.007987951325002426,0.008653281940583742,0.02242481545911603,0.02481333802697117,0.047042115768888906
2025-01-11 00:00:00+00:00,2.5764,0.09564403462716353,0.0009000309548522388,0.002787811115726669,0.004714037103387951,0.008814191507821452,0.009089499967054103,0.02318030707977081,0.02569468000681864,0.047847322998129
2025-01-12 00:00:00+00:00,2.5046,-0.028264034542803573,0.009147781359762058,0.0100478123146143,0.011935592475488716,0.01788889030362875,0.01803576363961672,0.0195653939777101,0.03453934574467059,0.056440951922775616
2025-01-13 00:00:00+00:00,2.5232,0.007398896078841921,0.0007988556486367936,0.009946637008398854,0.010846667963251082,0.01466067411178681,0.018760828516220306,0.019499949903834825,0.03356378752270005,0.05601460889849839
2025-01-14 00:00:00+00:00,2.6673,0.05553878758642894,5.474366318550236e-05,0.0008535993118222995,0.010001380671584346,0.012789191787311019,0.01874248961545105,0.01909088063863845,0.03332622708555263,0.05599204056818208
2025-01-15 00:00:00+00:00,3.1429,0.1640792157605987,0.003084556926570473,0.003139300589755979,0.003938156238392762,0.013985968553007065,0.017799974701542785,0.021973919878009486,0.036266244677925635,0.05871007151369054
2025-01-16 00:00:00+00:00,3.2451,0.03200022574855188,0.0269219890446131,0.030006545971183574,0.030061289634369066,0.04000792664276792,0.04279573775849459,0.04882211815058937,0.05042553926071597,0.08540439761586632
2025-01-17 00:00:00+00:00,3.2922,0.014409867988631087,0.0010240144479582828,0.027946003492571383,0.031030560419141845,0.03188415973096415,0.04193197204557845,0.0497730500345929,0.05058525398616219,0.08534308238809234
2025-01-18 00:00:00+00:00,3.2697,-0.006857796729609067,0.0002076442954497749,0.0012316587434080613,0.02815364778802115,0.03129294837777713,0.04123958538617598,0.04595362248956394,0.05032908535323009,0.07442524967357181
2025-01-19 00:00:00+00:00,2.9587,-0.09994825490627801,4.7029375984636816e-05,0.0002546736714344152,0.0012786881193926876,0.031285234090576264,0.032138833402398564,0.044074425877887284,0.05017459704201528,0.07348957889761568
2025-01-20 00:00:00+00:00,3.1053,0.048360346400716736,0.009989653658810327,0.010036683034794967,0.010244327330244732,0.038190330822816115,0.04132963141257209,0.052176299375823174,0.060090459928792396,0.08316100118453076
2025-01-21 00:00:00+00:00,3.1738,0.021819279070927733,0.002338723103997316,0.012328376762807645,0.012375406138792271,0.013607064882200336,0.04361361085338391,0.05361499152496826,0.062356100468834955,0.08516535496279755
2025-01-22 00:00:00+00:00,3.1803,0.002045923818419615,0.000476080939175025,0.0028148040431723443,0.012804457701982661,0.013059131373417078,0.04100513486598846,0.04494329110438122,0.05880510956753124,0.08539440708359929
2025-01-23 00:00:00+00:00,3.1194,-0.019334856329436434,4.185804270776697e-06,0.00048026674344580516,0.002818989847443111,0.012855672882238081,0.014087331625646139,0.04414862126001521,0.05688306938414073,0.08470946300419234
2025-01-24 00:00:00+00:00,3.1009,-0.005948283699287682,0.00037383666927994814,0.0003780224735507283,0.0008541034127257428,0.013182480175533392,0.013437153846967803,0.044467714266109654,0.05536912589254625,0.08434959226997722
2025-01-25 00:00:00+00:00,3.108,0.0022870405691006734,3.538207896721155e-05,0.00040921874824716316,0.00041340455251792944,0.0032282085956902755,0.013264891630485241,0.04141853941850639,0.054504477016661224,0.08425343050541398
2025-01-26 00:00:00+00:00,3.0223,-0.027961301576698183,5.230554564712332e-06,4.061263353192735e-05,0.0004144493028118651,0.000894716046257672,0.013223092809065317,0.014501780928458004,0.04536192621146387,0.08022307655304933
2025-01-27 00:00:00+00:00,3.0552,0.01082692600046653,0.0007818343858630643,0.0007870649404277801,0.0008224470193949813,0.0012004694929457112,0.004015273536118054,0.014259600866362784,0.045344904948690146,0.08098622196390765
2025-01-28 00:00:00+00:00,3.0572,0.0006544074574224013,0.00011722232661957818,0.000899056712482646,0.000904287267047348,0.0013135060152945127,0.0017937727587403161,0.01416917889753259,0.04540738361212422,0.08080032866861711
2025-01-29 00:00:00+00:00,3.0683,0.003624197910275795,4.282491203300519e-07,0.0001176505757399117,0.0008994849616029656,0.0009400975951348946,0.0013181200686856213,0.01412257777066828,0.04232325493467408,0.0790263430471301
2025-01-30 00:00:00+00:00,3.1276,0.019142274971354345,1.3134810492847439e-05,1.356305961318096e-05,0.00013078538623274884,0.0009178503266605306,0.001327069074907692,0.004146058922350801,0.01541440070055383,0.07874717375729003
2025-01-31 00:00:00+00:00,3.0361,-0.029692140200868744,0.00036642669107893897,0.0003795615015717899,0.0003799897506921096,0.001279046463174757,0.001319659096706683,0.002173762509432424,0.014756812943674485,0.07896906111417151
2025-02-01 00:00:00+00:00,2.8778,-0.053547683720173156,0.0008816231897080458,0.0012480498807869883,0.0012611846912798253,0.0013788352670197387,0.0021659002074475167,0.002579304759965445,0.015430791837932757,0.06708798984205679
2025-02-02 00:00:00+00:00,2.58,-0.10923671441365401,0.002867354431795697,0.0037489776215037466,0.004115404312582675,0.004128967372195858,0.005028024084678502,0.005442473387490365,0.01825111689374382,0.06909104455134041
2025-02-03 00:00:00+00:00,2.7001,0.045499410427940146,0.011932659775890206,0.014800014207685907,0.015681637397393942,0.016061198898965734,0.016178849474705645,0.017001296494100624,0.020194123010823697,0.08055989139884874
2025-02-04 00:00:00+00:00,2.5274,-0.06609770301902285,0.0020701963492901483,0.014002856125180358,0.016870210556976045,0.018118260437763035,0.01813182349737621,0.019036110764423558,0.01992559625611653,0.08242857006093945
2025-02-05 00:00:00+00:00,2.381,-0.05967053883771778,0.004368906344390942,0.006439102693681094,0.01837176246957129,0.02212074009107504,0.022500301592646828,0.02339978655424979,0.023818421661332446,0.08672368563329719
2025-02-06 00:00:00+00:00,2.325,-0.023800528465405923,0.003560573205183586,0.007929479549574531,0.00999967589886467,0.02479969010655058,0.026047739987337563,0.026178525373570308,0.027374809062245258,0.09021117627452602
2025-02-07 00:00:00+00:00,2.3968,0.030414475301443478,0.0005664651552325977,0.004127038360416187,0.008495944704807119,0.022498800829987477,0.026247778451491222,0.026627768202183332,0.027567437548197904,0.08675056958927987
2025-02-08 00:00:00+00:00,2.419,0.009219717287127005,0.0009250403078621153,0.0014915054630947164,0.005052078668278292,0.011491181361959387,0.026291195569645293,0.027552380260925116,0.02845709577709281,0.0857493839094807
2025-02-09 00:00:00+00:00,2.3928,-0.010890003294289019,8.500318685454854e-05,0.0010100434947166673,0.0015765086499492545,0.009505988199523788,0.023508844324704143,0.027624248637286814,0.028536868409382646,0.08394660693546081
2025-02-10 00:00:00+00:00,2.4237,0.012831069838034503,0.00011859217174962569,0.0002035953586041777,0.0011286356664662826,0.005255674026882471,0.011694776720563564,0.027376414117957503,0.02787362619526921,0.08316516815235821
2025-02-11 00:00:00+00:00,2.4131,-0.004383070199297179,0.00016463635318851878,0.0002832285249381479,0.0003682317117926861,0.0018597371748874042,0.009789216724461933,0.026659427281437977,0.02792104022183815,0.07418202314578466
2025-02-12 00:00:00+00:00,2.4734,0.024681494353481104,1.9211304371967012e-05,0.00018384765756048927,0.0003024398293101045,0.0013124833240267737,0.005439521684442959,0.023811284154014244,0.027939823277089784,0.07340237880151984
2025-02-13 00:00:00+00:00,2.5599,0.03437447290269213,0.0006091761635209196,0.00062838746789289,0.0007930238210813984,0.0009966191796855779,0.0024881246427802925,0.01248780054164496,0.028535864630117855,0.07395681130185525
2025-02-14 00:00:00+00:00,2.7384,0.06740561300532688,0.0011816043873379156,0.0017907805508588386,0.0018099918552307952,0.0020932203801689447,0.0031032638748856103,0.011599208579692728,0.029351042326376833,0.0720538587626227
2025-02-15 00:00:00+00:00,2.7619,0.008545040449740249,0.004543516664623892,0.005725121051961811,0.006334297215482721,0.0065181448730432115,0.006721740231647387,0.011773818899925678,0.03301293580129268,0.049675386382633496
2025-02-16 00:00:00+00:00,2.7283,-0.012240144074207704,7.301771628769704e-05,0.004616534380911593,0.005798138768249498,0.0064265262361423905,0.006709754761080536,0.008286263411029789,0.030218599085784677,0.04872438965096291
2025-02-17 00:00:00+00:00,2.6599,-0.02539017650739739,0.00014982112695736196,0.00022283884324506248,0.004766355507868944,0.006557136058727785,0.0067409837162882725,0.007869619382754553,0.018435760436851835,0.048666566482470495
2025-02-18 00:00:00+00:00,2.5628,-0.03718811731924421,0.0006446610630767943,0.0007944821900341596,0.0008674999063218463,0.0065926209582836594,0.007221008426176548,0.007589240137969232,0.01701022515063848,0.04926419816956265
2025-02-19 00:00:00+00:00,2.7378,0.0660542673965453,0.0013829560697498709,0.0020276171328266687,0.00217743825978402,0.006793972640695615,0.008584753191554452,0.008887193020864555,0.01402427487599741,0.040657500580502194
2025-02-20 00:00:00+00:00,2.6877,-0.018468868889769507,0.0043631662412943065,0.005746122311044181,0.006390783374120965,0.006613622217366028,0.012338743269327837,0.013131767090409235,0.01482686791210813,0.04268194371779919
2025-02-21 00:00:00+00:00,2.5721,-0.04396312342111619,0.000341099118067496,0.004704265359361806,0.006087221429111667,0.006881703619145827,0.011498238000057419,0.013308229855288211,0.014601501874943029,0.04254696189669166
2025-02-22 00:00:00+00:00,2.574,0.0007384233055457434,0.001932756220940295,0.0022738553390077945,0.006637021580302091,0.00866463871312876,0.008887477556373822,0.01522177477185654,0.015609217788021209,0.044475532313361175
2025-02-23 00:00:00+00:00,2.5763,0.0008931519146054834,5.452689781731023e-07,0.0019333014899184716,0.0022744006079859574,0.00802052291903014,0.008815005109064297,0.014613143877313793,0.015524759870144834,0.0441022409130594
2025-02-24 00:00:00+00:00,2.2783,-0.12292471026567287,7.977203425634407e-07,1.3429893207400124e-06,0.0019340992102610246,0.0066383645696228314,0.0086659817024495,0.013432337210318442,0.015406965418737772,0.04406765655443476
2025-02-25 00:00:00+00:00,2.3222,0.019085461387901237,0.01511048439389962,0.015111282114242187,0.015111827383220349,0.017385682722228145,0.023131805033272324,0.023999304939594172,0.030352813459448874,0.059172910393769665
2025-02-26 00:00:00+00:00,2.1982,-0.05487616855810584,0.000364254836389069,0.015474739230288692,0.015475536950631245,0.017408838440549718,0.022113103799911524,0.024290542059695542,0.030697856991465978,0.05875533084429567
2025-02-27 00:00:00+00:00,2.1985,0.00013646598606487093,0.003011393875617644,0.003375648712006717,0.018486133105906327,0.01848747609522707,0.020761331434234857,0.027152114808355825,0.0331000747035627,0.06164950239329373
2025-02-28 00:00:00+00:00,2.1453,-0.02449590689840475,1.8622965352657545e-08,0.003011412498583,0.003375667334972059,0.018486949449214248,0.020420250939132717,0.02650747236824438,0.03191848893919014,0.06164909276713876
2025-03-01 00:00:00+00:00,2.1916,0.02135246794180068,0.0006000494547753135,0.0006000680777406696,0.0036114619533583036,0.019086201183646997,0.019087544172967735,0.025724565753269826,0.02797502172934156,0.06223600741142122
2025-03-02 00:00:00+00:00,2.9396,0.29364164699045536,0.0004559278872056257,0.0010559773419809427,0.0010559959649462849,0.004431644676953003,0.019542926791195188,0.021817327399181144,0.028357931900259488,0.06232550860754791
2025-03-03 00:00:00+00:00,2.3873,-0.20811049744221033,0.0862254168472672,0.08668134473447282,0.08728139418924813,0.09029280668783113,0.10576754591811982,0.10770164512838085,0.11443352762056933,0.14766930226510705
2025-03-04 00:00:00+00:00,2.4543,0.027678567975256363,0.04330997914564423,0.12953539599291142,0.12999132388011703,0.1305913919578577,0.13396704066986442,0.1490788680530848,0.15709884570313676,0.1881119269789556
2025-03-05 00:00:00+00:00,2.4998,0.018369140468359246,0.0007661031251608872,0.04407608227080512,0.13030149911807232,0.13135747646005327,0.13436888895863625,0.1498444259092675,0.1564819927585478,0.1769453703282263
2025-03-06 00:00:00+00:00,2.6001,0.03933917715228752,0.00033742532154631337,0.0011035284467072006,0.044413507592351416,0.13109485232682425,0.13169492040456493,0.15018105351047123,0.15245625183879977,0.17521259930048244
2025-03-07 00:00:00+00:00,2.3855,-0.08614115985224724,0.0015475708590190604,0.0018849961805653737,0.002651099305726247,0.13218649529863769,0.13324247264061861,0.1366181399755907,0.15366272357975136,0.17239126381511058
2025-03-08 00:00:00+00:00,2.3261,-0.025215700540299868,0.007420299420690411,0.008967870279709472,0.00930529560125577,0.05338137787206089,0.1400627226065337,0.143674184559892,0.15915026677950145,0.1762509900306174
2025-03-09 00:00:00+00:00,2.1387,-0.08399487762416935,0.000635831553738079,0.008056130974428491,0.009603701833447538,0.010707230280154738,0.1402426262730662,0.14129862223801246,0.15978555306426137,0.17632035642912286
2025-03-10 00:00:00+00:00,2.0216,-0.05630889071770806,0.007055139467099185,0.007690971020837264,0.015111270441527661,0.016996266622093033,0.06107234889289817,0.1483537430821463,0.166839894811018,0.18245045558835993
2025-03-11 00:00:00+00:00,2.1711,0.07134467446620729,0.003170691173858789,0.010225830640957974,0.010861662194696038,0.019829532474405512,0.020933060921112724,0.15092438480122977,0.15490010159097714,0.1855361435753642
2025-03-12 00:00:00+00:00,2.2396,0.031063326934546498,0.005090062574689091,0.008260753748547879,0.01531589321564705,0.02337202419007554,0.02525702037064093,0.15555851948871324,0.1596259093292772,0.19050761397830365
2025-03-13 00:00:00+00:00,2.2527,0.005832218299209657,0.0009649302802425219,0.006054992854931613,0.009225684028790388,0.016916655049627652,0.025884525329337136,0.07029803292168856,0.15757944573390203,0.19130790790535765
2025-03-14 00:00:00+00:00,2.3564,0.045005533873584413,3.401477028963599e-05,0.0009989450505321579,0.006089007625221235,0.01631483826617921,0.024370969240607714,0.02702206854633396,0.15761344188122633,0.1913227113712753
2025-03-15 00:00:00+00:00,2.3911,0.014618480441023651,0.002025498079246354,0.00205951284953599,0.003024443129778498,0.011285196878326378,0.018976167899163655,0.028281463500419428,0.1590388905056974,0.19273903328700076
2025-03-16 00:00:00+00:00,2.2938,-0.04154368015813381,0.00021369997040459105,0.0022391980496509452,0.0022732128199405674,0.00832820567487218,0.018554036315830167,0.028157738149277703,0.15879666258889635,0.19177112887006742
2025-03-17 00:00:00+00:00,2.3382,0.019171571642296437,0.0017258773610813209,0.001939577331485912,0.003965075410732252,0.00496402046126441,0.013224774209812305,0.028336044651339966,0.07429712310271047,0.18895348956652486
2025-03-18 00:00:00+00:00,2.2851,-0.022971615525866462,0.00036754915923570486,0.002093426520317026,0.0023071264907216027,0.004366639340257593,0.01042163219518922,0.021283294389885257,0.03135469311630194,0.18924802100947288
2025-03-19 00:00:00+00:00,2.5469,0.10846714628511955,0.0005276951198682291,0.0008952442791039339,0.0026211216401852405,0.0048603196898361865,0.005859264740368358,0.02117515795601541,0.03111628511100929,0.18962589500238375
2025-03-20 00:00:00+00:00,2.4361,-0.04447853344162933,0.011765121823237525,0.012292816943105755,0.012660366102341445,0.014599943433827357,0.01665945628336336,0.025885140312153748,0.042543981612700496,0.20074635576254446
2025-03-21 00:00:00+00:00,2.3809,-0.022919832445485677,0.0019783399371181387,0.013743461760355664,0.01427115688022388,0.016364583400540905,0.018603781450191863,0.0246927890754131,0.04297475069079957,0.20134173962991272
2025-03-22 00:00:00+00:00,2.3711,-0.004124584971924916,0.0005253187193291379,0.0025036586564472748,0.014268780479684788,0.015164024758788723,0.017103602090274648,0.020128045220053147,0.0360797699894383,0.19750389210794755
2025-03-23 00:00:00+00:00,2.4393,0.02835713040896981,1.701220119062886e-05,0.0005423309205197651,0.0025206708576378917,0.014813487800743645,0.016906914321060687,0.01918012714100125,0.03546095063689086,0.1971798051910707
2025-03-24 00:00:00+00:00,2.4501,0.0044177271504382,0.0008041268450313204,0.0008211390462219475,0.0013464577655510732,0.015089919525906737,0.015985163805010687,0.019950239215742935,0.029209938014822988,0.1960511758151617
2025-03-25 00:00:00+00:00,2.4492,-0.00036739942854036034,1.9516313175718818e-05,0.0008236431582070374,0.0008406553593976542,0.003344314015844931,0.0156371309589507,0.0179442574496723,0.026058763154139918,0.19607014685935928
2025-03-26 00:00:00+00:00,2.3494,-0.04160146421401367,1.3498234009178335e-07,1.9651295515808867e-05,0.0008237781405471171,0.0013661090610668839,0.015109570821422563,0.017730692461607803,0.02096883556179092,0.1960694841213568
2025-03-27 00:00:00+00:00,2.341,-0.0035817878988748664,0.0017306818247498602,0.0017308168070899502,0.001750333120265657,0.0025714721664876062,0.005075130822934898,0.01773549692527634,0.021734587106298258,0.18268968155220705
2025-03-28 00:00:00+00:00,2.2073,-0.058808139343744736,1.282920455252643e-05,0.0017435110293023848,0.0017436460116424643,0.0025672891698495038,0.0031096200903692863,0.017380776970593165,0.021713401540561148,0.1823382559203705
2025-03-29 00:00:00+00:00,2.1351,-0.03325656517383091,0.0034583972530732978,0.0034712264576258227,0.0052019082823756705,0.005221559577891481,0.006042698624113446,0.02031147910379823,0.023146300714388092,0.18278525929782616
2025-03-30 00:00:00+00:00,2.1369,0.0008426966790825441,0.001105999127161263,0.004564396380234559,0.004577225584787074,0.0063080423918770254,0.00713168555008408,0.00965235640772197,0.024038599871144765,0.18389123980202204
2025-03-31 00:00:00+00:00,2.0899,-0.022239962728212048,7.101376929367483e-07,0.001106709264854198,0.004565106517927483,0.00630861754722987,0.006328268842745697,0.007674726608296768,0.022313432647756377,0.18329190048493968
2025-04-01 00:00:00+00:00,2.1387,0.023081949867486795,0.000494615942152261,0.000495326079845196,0.001601325207006447,0.005072551664632271,0.006803368471722239,0.0076440238311198914,0.022440499430672937,0.18333058853988632
2025-04-02 00:00:00+00:00,2.0237,-0.05527064871407883,0.0005327764096851737,0.0010273923518374331,0.0010281024895303576,0.0055924988697649185,0.007336009899067321,0.008159788039614436,0.02244558072048988,0.09763794810230428
2025-04-03 00:00:00+00:00,2.0648,0.020105850326790464,0.0030548446092751036,0.0035876210189602757,0.004082236961112524,0.005188946225966724,0.008660172683592563,0.01041050580385822,0.01373530350652746,0.05738281356593516
2025-04-04 00:00:00+00:00,2.1302,0.031182502604661155,0.00040424521736330023,0.003459089826638402,0.003991866236323563,0.0044871923161687605,0.009051588696403337,0.0107952347080458,0.012161208786772619,0.05702095565813757
2025-04-05 00:00:00+00:00,2.1442,0.006550650413074233,0.0009723484686896997,0.0013765936860529982,0.0044314382953280895,0.005458830647165525,0.00656553991201974,0.01176744819439541,0.012608238536133182,0.05765587880528096
2025-04-06 00:00:00+00:00,1.9218,-0.10950427557897202,4.2911020834309616e-05,0.0010152594895240076,0.0014195047068872957,0.005007125725847573,0.005502451805692786,0.010079677390479859,0.012634137355776863,0.056151218967096204
2025-04-07 00:00:00+00:00,1.8987,-0.01209280539379809,0.011991186370075449,0.012034097390909756,0.013006445859599444,0.016465535686237848,0.017492928038075298,0.022058034556002783,0.023821196880820992,0.060722105916481244
2025-04-08 00:00:00+00:00,1.7963,-0.05544044767457934,0.00014623594229227216,0.012137422312367719,0.012180333333202016,0.013556927019255016,0.017144548038215312,0.018745873245221756,0.023947916509937547,0.06023251030503544
2025-04-09 00:00:00+00:00,2.0529,0.13352443385177182,0.0030736432383577698,0.00321987918065004,0.015211065550725477,0.016226325040249484,0.019685414866887904,0.020713517356418264,0.02702142476595522,0.056251014076294015
2025-04-10 00:00:00+00:00,1.9658,-0.043354140494032856,0.01782877443543619,0.020902417673793958,0.021048653616086217,0.03308275100699598,0.034459344693048996,0.03854158165416151,0.04311951737664155,0.07090909733787143
2025-04-11 00:00:00+00:00,2.0225,0.02843508280011775,0.0018795814979763394,0.019708355933412528,0.022781999171770283,0.03491942148413801,0.03593468097366203,0.03992654720998559,0.04498626967006537,0.06769861626115867
2025-04-12 00:00:00+00:00,2.1598,0.06568125486601273,0.0008085539338495523,0.002688135431825892,0.020516909867262068,0.023736789047912113,0.03577088643882188,0.04020232473414997,0.04233642635084162,0.06754223991476571
2025-04-13 00:00:00+00:00,2.1196,-0.018788233180052405,0.004314027240774121,0.005122581174623673,0.007002162672599998,0.02790458034639396,0.04004200265876169,0.041461507365648985,0.04554445446445448,0.0718222523852502
2025-04-14 00:00:00+00:00,2.1275,0.0037201898289220825,0.0003529977060280221,0.004667024946802143,0.005475578880651681,0.02518393481406421,0.02840381399471427,0.04141025985431371,0.04589674203278956,0.07014975201203186
2025-04-15 00:00:00+00:00,2.0842,-0.020562492889201978,1.3839812363215314e-05,0.0003668375183912374,0.004680864759165344,0.007369000190991239,0.028271417864785212,0.040451751197987225,0.04541596590300052,0.06994989185399048
2025-04-16 00:00:00+00:00,2.0834,-0.0003839140079786585,0.0004228161138184819,0.0004366559261816972,0.0007896536322097053,0.005912234806833382,0.025620590740245926,0.040831656290971394,0.045306005607133826,0.06864683060672765
2025-04-17 00:00:00+00:00,2.0673,-0.007757766519076559,1.4738996552223745e-07,0.00042296350378400415,0.00043680331614720557,0.005103828262949352,0.007791963694775254,0.028840617310861467,0.042251308387824246,0.06827942883745745
2025-04-18 00:00:00+00:00,2.0619,-0.002615520235602742,6.018294136450523e-05,6.033033133002747e-05,0.0004831464451484955,0.0008499839635397363,0.00597256513816342,0.028754564309933704,0.04190724611182545,0.06781191665895374
2025-04-19 00:00:00+00:00,2.0877,0.012435093723244806,6.840946102847422e-06,6.702388746735266e-05,6.717127743286101e-05,0.0005038272036145617,0.005170852150416715,0.02568776201767878,0.0409417385892386,0.05605363578181906
2025-04-20 00:00:00+00:00,2.0787,-0.00432028321746869,0.00015463155590588235,0.0001614725020087298,0.00022165544337322113,0.0006446189471572286,0.0010114564655484765,0.008013619138148471,0.04105345912431017,0.0542299274006068
2025-04-21 00:00:00+00:00,2.0855,0.00326593633555472,1.8664847079141615e-05,0.00017329640298502396,0.0001801373490878575,0.00024046768041788844,0.000677123606599596,0.006152702487251274,0.02908093760131386,0.053723273528356805
2025-04-22 00:00:00+00:00,2.2139,0.05974703149317939,1.0666340147896592e-05,2.933118722703821e-05,0.0001839627431329067,0.0002509866306002628,0.0006739501343842772,0.005354814893549618,0.028945367999169486,0.05371692766731407
2025-04-23 00:00:00+00:00,2.2184,0.0020305491713887847,0.00356970777224697,0.0035803741123948667,0.0035990389594739943,0.0037605114614827277,0.0038208417928127653,0.004610495425022468,0.029441432533058687,0.05648250859452972
2025-04-24 00:00:00+00:00,2.2049,-0.006104058922953959,4.12312993742768e-06,0.0035738309021843976,0.0035844972423322804,0.003757793645317308,0.0038248175327846704,0.0042616208489318725,0.011616781227559925,0.05646711541129142
2025-04-25 00:00:00+00:00,2.1812,-0.010806972326707798,3.725953533489384e-05,4.138266527232152e-05,0.0036110904375192777,0.0036404216247463194,0.0038018941267550592,0.004285040571903552,0.009774459264918479,0.05650423996428623
2025-04-26 00:00:00+00:00,2.1912,0.004574154896961891,0.00011679065087022815,0.000154050186205122,0.0001581733161425358,0.003738547428537406,0.00391184383152244,0.003979015108955298,0.009082695981939155,0.0548903487904066
2025-04-27 00:00:00+00:00,2.252,0.027369371310712598,2.0922893021400443e-05,0.0001377135438916286,0.00017497307922650855,0.0037488039814109098,0.0037781351686379584,0.003999790612011176,0.004789591634186434,0.05489844247887547
2025-04-28 00:00:00+00:00,2.2949,0.018870559300985135,0.0007490824859436578,0.0007700053789650583,0.0008867960298352725,0.0009281786951075976,0.0045085528075024745,0.004688690156590328,0.0051856764141020705,0.05218912771174583
2025-04-29 00:00:00+00:00,2.238,-0.02510665968869552,0.00035609800833199656,0.0011051804942756544,0.001126103387297041,0.0012801535735021663,0.004853984475686575,0.005037947218819477,0.005527934610070852,0.05143922659291657
2025-04-30 00:00:00+00:00,2.1908,-0.021315835962304353,0.0006303443607239686,0.0009864423690559652,0.0017355248549996089,0.0018732383988912414,0.0019146210641635731,0.005513660023637563,0.005735462856976339,0.052068860815947596
2025-05-01 00:00:00+00:00,2.2123,0.009765924406374693,0.00045436486277186753,0.001084709223495836,0.001440807231827819,0.0022108126107928806,0.002364862796998013,0.00594936003933029,0.006189680329782684,0.052028609736567207
2025-05-02 00:00:00+00:00,2.2093,-0.0013569750589584872,9.53732795110249e-05,0.0005497381422828924,0.0011800825030068472,0.002285262997282505,0.0024229765411741444,0.006034066978693418,0.006224870667929204,0.051591206606393054
2025-05-03 00:00:00+00:00,2.1872,-0.010053536287297438,1.84138131063539e-06,9.72146608216603e-05,0.000551579523593514,0.0015380218926494824,0.0023080272716145514,0.0024662005877570834,0.006219871103136992,0.04853820337842859
2025-05-04 00:00:00+00:00,2.156,-0.01436753394079715,0.00010107359188000635,0.00010291497319064175,0.00019828825270165276,0.0012829974761974926,0.0023881779704731576,0.0025631510496996624,0.0061663131391111155,0.048235031752945294
2025-05-05 00:00:00+00:00,2.1306,-0.011851022851790738,0.0002064260315399581,0.00030749962341996445,0.00030934100473058596,0.0008590791470134819,0.0018455215160694575,0.0027323175459047265,0.006354074323571932,0.04746910931579555
2025-05-06 00:00:00+00:00,2.155,0.011387093360750944,0.00014044674263366628,0.00034687277417362437,0.00044794636605361684,0.0005451610268752806,0.001629870250371127,0.0027559736376681645,0.006483854726057702,0.04756664503759491
2025-05-07 00:00:00+00:00,2.1265,-0.013313287844159749,0.00012966589520645822,0.0002701126378401245,0.0004765386693800687,0.0005794536425707139,0.0011291917848536169,0.0028647166398532223,0.00304381284901719,0.03570512456272592
2025-05-08 00:00:00+00:00,2.3272,0.09018839248730359,0.00017724363322145175,0.00030690952842791,0.0004473562710615624,0.0007548558944815302,0.000852070555303201,0.0022928777871310166,0.003216933352301214,0.035736132253655094
2025-05-09 00:00:00+00:00,2.3439,0.007150380489816532,0.00813394613944392,0.008311189772665371,0.008440855667871816,0.008787728442045444,0.008890643415236096,0.01007072591824294,0.01131361995641024,0.04079643515474124
2025-05-10 00:00:00+00:00,2.4711,0.0528471869445043,5.112794114914892e-05,0.00818507408059307,0.008362317713814507,0.008632430351654636,0.00893992997507461,0.00949150949866812,0.011247957246689162,0.023018788660454207
2025-05-11 00:00:00+00:00,2.367,-0.04304006510132874,0.0027928251679473857,0.0028439531090965345,0.010977899248540441,0.011284808776968355,0.011631681551141988,0.011829969803843637,0.014019859521615146,0.023932032330425252
2025-05-12 00:00:00+00:00,2.5439,0.07207500599734151,0.0018524472039266162,0.004645272371874002,0.004696400313023137,0.013007590085688511,0.013277702723528647,0.013587043728259229,0.015123224239598105,0.024975925600502318
2025-05-13 00:00:00+00:00,2.5829,0.015214462162221665,0.005194806489516815,0.007047253693443431,0.009840078861390803,0.018025152941983875,0.018332062470411796,0.018780008836465408,0.01996193272078292,0.02585670484924501
2025-05-14 00:00:00+00:00,2.5503,-0.012701799382124235,0.00023147985888567472,0.00542628634840249,0.007278733552329092,0.01012268666142563,0.01843387643409101,0.018910415103471075,0.019563068218944626,0.02573518700210266
2025-05-15 00:00:00+00:00,2.3856,-0.06676033428094885,0.00016133570754373158,0.00039281556642940633,0.005587622055946207,0.010232894427820211,0.01841796850841329,0.018865324779474852,0.019270039063716493,0.02588268289728318
2025-05-16 00:00:00+00:00,2.3798,-0.0024342144894210493,0.004456942233304034,0.004618277940847766,0.004849757799733427,0.011897011493176861,0.014740964602273407,0.023181820270145218,0.023631608017509503,0.02991680901676873
2025-05-17 00:00:00+00:00,2.3531,-0.011282842759218203,5.92540018050738e-06,0.0044628676334845414,0.004624203341028259,0.010050489689430751,0.014695762061304764,0.02305807977511927,0.023635692036379375,0.029922587026983718
2025-05-18 00:00:00+00:00,2.428,0.03133426541755402,0.00012730254072924264,0.00013322794090975002,0.00459017017421377,0.00498298574064318,0.012030239434086622,0.023008138682627056,0.02366192098522861,0.029989706626348454
2025-05-19 00:00:00+00:00,2.3803,-0.01984134303738705,0.0009818361892577217,0.0011091387299869643,0.0011150641301674578,0.005733342071015227,0.011159628419417728,0.01585602873244086,0.024437331142946373,0.030964701869503328
2025-05-20 00:00:00+00:00,2.3565,-0.010049062778216267,0.00039367889352726754,0.0013755150827849893,0.001502817623514218,0.005965685256998763,0.006358500823428179,0.016198579684818977,0.024690563293839972,0.031203749207124713
2025-05-21 00:00:00+00:00,2.3952,0.016289267301578425,0.00010098366272053163,0.0004946625562477992,0.001476498745505507,0.0016097266864152605,0.006228004627263036,0.013506738179592127,0.02466188106135405,0.0312860680227661
2025-05-22 00:00:00+00:00,2.4311,0.014877095139977592,0.00026534022922227205,0.0003663238919428037,0.0007600027854700573,0.001869141515457025,0.006332009148941577,0.01191963120488778,0.02474997765735487,0.03154074191184048
2025-05-23 00:00:00+00:00,2.2966,-0.05691406146325251,0.00022132795980394488,0.00048666818902621693,0.0005876518517467347,0.0019631669345317273,0.0020963948754414877,0.006946152675174911,0.016837359477714895,0.028192362099397454
2025-05-24 00:00:00+00:00,2.3303,0.014567246294203473,0.003239210392242884,0.003460538352046829,0.0037258785812690873,0.00422054113751689,0.005329679867503864,0.00995388320853212,0.02002544192880863,0.03142744936170291
2025-05-25 00:00:00+00:00,2.3417,0.004880146671674246,0.00021220466459598482,0.003451415056838869,0.0036727430166428,0.004039066908585607,0.005414581991370606,0.010004752165584375,0.017444821425457228,0.031602394490964004
2025-05-26 00:00:00+00:00,2.3103,-0.013499775094652722,2.381583153705322e-05,0.00023602049613303803,0.003475230888375908,0.003961899077402129,0.0044565616336499385,0.005571625763817392,0.015616190053067665,0.031509419671630824
2025-05-27 00:00:00+00:00,2.3168,0.0028095369780832824,0.00018224392760620591,0.00020605975914325913,0.00041826442373923007,0.0038788027757860628,0.004245126667728877,0.005747944291243091,0.010603627491157057,0.03167074070621563
2025-05-28 00:00:00+00:00,2.2742,-0.018558581000774788,7.893498031217343e-06,0.00019013742563742326,0.0002139532571744626,0.003665368314013335,0.004152036503039562,0.005628535248545066,0.010380041130302598,0.030929551718303194
2025-05-29 00:00:00+00:00,2.2442,-0.013279231959856586,0.0003444209287623189,0.0003523144267935362,0.0005345583543997283,0.0007705788505327698,0.00423111720257961,0.004991119988049663,0.010563126351521188,0.030917874638733515
2025-05-30 00:00:00+00:00,2.1398,-0.047636743526259684,0.00017633800144367656,0.0005207589302059954,0.0005286524282371989,0.0007347121873804616,0.004186127244219341,0.0047737790959660725,0.006282522119660829,0.030463868279453223
2025-05-31 00:00:00+00:00,2.1738,0.015764421424580233,0.0022692593337866438,0.0024455973352303204,0.0027900182639926255,0.0029801556896300522,0.0032161761857631005,0.006942054767032184,0.008545856053266965,0.032278762750467996
2025-06-01 00:00:00+00:00,2.1792,0.0024810488261066688,0.0002485169828517643,0.002517776316638408,0.0026941143180820703,0.0030464287448756107,0.00325248850401888,0.0069252315206616765,0.008667070495389485,0.03243190645380874
2025-06-02 00:00:00+00:00,2.1965,0.007907347460641034,6.155603277525279e-06,0.0002546725861292896,0.002523931919915919,0.0030446908501219187,0.0032348282757593523,0.006710059164135257,0.007691389909409291,0.03243622067577563
2025-06-03 00:00:00+00:00,2.2446,0.02166214716632131,6.252614386330621e-05,6.868174714083149e-05,0.00031719872999258145,0.0027627960652229057,0.0031151104920164522,0.003533374915755679,0.007360237159745329,0.032397673227758925
2025-06-04 00:00:00+00:00,2.2009,-0.019660963981529167,0.00046924861985536237,0.0005317747637186685,0.0005379303669961796,0.0030557066836345917,0.0035764656138405973,0.0037904188710150563,0.00772850211688016,0.03266049581607433
2025-06-05 00:00:00+00:00,2.0936,-0.049981295384690316,0.0003865535046829872,0.0008558021245383496,0.0009183282684016416,0.001173000854530935,0.0036185981897612655,0.0041531565441609904,0.007849715392340875,0.03290660257812365
2025-06-06 00:00:00+00:00,2.1598,0.03113055258272346,0.0024981298883316656,0.002884683393014653,0.0033539320128700006,0.003422613760010836,0.005940390076649255,0.006469042504886451,0.010126517320868595,0.03527506657124886
2025-06-07 00:00:00+00:00,2.1769,0.007886221608231048,0.0009691113041057102,0.0034672411924373757,0.003853794697120349,0.004385569460839021,0.004640242046968321,0.007430260310960943,0.007856418232731421,0.036066934242133114
2025-06-08 00:00:00+00:00,2.267,0.04055552510063842,6.219249125413029e-05,0.0010313037953598404,0.003529433683691492,0.004385235808229845,0.004453917555370688,0.007148031873452755,0.007706406059389567,0.02799518059394333
2025-06-09 00:00:00+00:00,2.3211,0.02358383971598954,0.0016447506161885131,0.0017069431074426434,0.0026760544115483394,0.005560737804562996,0.006092512568281676,0.008616444488197591,0.009327340844041028,0.029588803268982694
2025-06-10 00:00:00+00:00,2.3074,-0.005919861730329212,0.0005561974957494857,0.0022009481119379987,0.002263140603192115,0.005730381795629495,0.006586183920167854,0.006903382650160434,0.009701294412184307,0.027352175596784795
2025-06-11 00:00:00+00:00,2.2704,-0.01616532208741106,3.5044762906216376e-05,0.0005912422586557021,0.0022359928748442014,0.0032672966702040453,0.0061519800632187085,0.006689910430214885,0.009728445677059307,0.02553477315576439
2025-06-12 00:00:00+00:00,2.1899,-0.036100146738233696,0.0002613176381897399,0.00029636240109595625,0.000852559896845428,0.002559503004288075,0.006026744196725461,0.006945072465127099,0.009645342386486726,0.02060128430443732
2025-06-13 00:00:00+00:00,2.1472,-0.01969121289018172,0.0013032205945220049,0.0015645382327117447,0.0015995829956179472,0.0038005311075559496,0.004831834902915801,0.008185766915785798,0.010772224979565054,0.02167302504007365
2025-06-14 00:00:00+00:00,2.1394,-0.003639251905332208,0.0003877438650864587,0.0016909644596084636,0.0019522820977981895,0.002543524356453895,0.00425046746389655,0.008104262161016895,0.00889070951086487,0.021899433197616378
2025-06-15 00:00:00+00:00,2.1655,0.012125865782650846,1.3244154430464107e-05,0.0004009880195169228,0.0017042086140389137,0.002000571015134874,0.004201519127072883,0.007730952810764372,0.00865543668244357,0.017455735118742807
2025-06-16 00:00:00+00:00,2.238,0.03293132821718914,0.00014703662097886262,0.00016028077540932673,0.0005480246404957716,0.00211256287320752,0.002703805131863233,0.005379859543411568,0.008796317700144909,0.017596846339541162
2025-06-17 00:00:00+00:00,2.159,-0.0359374583570633,0.0010844723781482375,0.0012315089991271001,0.0012447531535575503,0.002935717613166017,0.003232080014261985,0.005495220617454096,0.009818263934429838,0.018554016176960158
2025-06-18 00:00:00+00:00,2.1705,0.0053124042248410275,0.0012915009131656589,0.0023759732913138966,0.0025230099122927454,0.0029239979318096713,0.004488536164521427,0.006724529039365624,0.010640516227740135,0.018863680900868096
2025-06-19 00:00:00+00:00,2.1648,-0.002629577323124632,2.82216386481088e-05,0.0013197225518137676,0.0024041949299619912,0.0025644757053713218,0.004255440164979796,0.00510800006182522,0.010282184361705258,0.018498223645988937
2025-06-20 00:00:00+00:00,2.1194,-0.021194948675787972,6.914676898291306e-06,3.513631554640011e-05,0.001326637228712045,0.0025581462278391484,0.002959134247356082,0.004558717242974026,0.007790969150271883,0.018404154660166695
2025-06-21 00:00:00+00:00,2.0632,-0.026874854173600582,0.0004492258493692863,0.00045614052626757765,0.00048436216491567254,0.0028603354562295722,0.00302061623163891,0.0049728983294370956,0.0072710836955354585,0.018588040280313706
2025-06-22 00:00:00+00:00,2.0172,-0.02254776436456496,0.0007222577868522967,0.0011714836362215829,0.0011783983131198605,0.0024981208649336316,0.003729629864060742,0.005433838478099653,0.007931148991133626,0.01908897010736206
2025-06-23 00:00:00+00:00,2.1584,0.06765679525092128,0.0005084016778399454,0.001230659464692242,0.0016798853140615145,0.001715021629607918,0.0040909949209218255,0.004639019561417593,0.006794800052785058,0.016358161392959123
2025-06-24 00:00:00+00:00,2.1898,0.014443008985833061,0.004577441943625083,0.005085843621465028,0.005808101408317312,0.006264241934584892,0.007583964486398672,0.008828717639956218,0.010816044500660656,0.020723398671988223
2025-06-25 00:00:00+00:00,2.1859,-0.001782572403367766,0.00020860050856485456,0.004786042452189938,0.005294444130029869,0.006465927766251456,0.006501064081797868,0.009024073994090609,0.010989600246319293,0.02090818334901602
2025-06-26 00:00:00+00:00,2.1054,-0.037522170218732276,3.1775643732483332e-06,0.0002117780729381029,0.004789220016563171,0.006019879481255417,0.006476020007523006,0.008880214937484993,0.010731460172502802,0.020729116985783065
2025-06-27 00:00:00+00:00,2.1419,0.017187812759872245,0.0014079132579235194,0.0014110908222967676,0.0016196913308616084,0.00670553495232664,0.007877018588548234,0.009203655817260275,0.010836152835904316,0.022129136745675366
2025-06-28 00:00:00+00:00,2.1854,0.020105592559548358,0.0002954209074684272,0.0017033341653919466,0.0017065117297651812,0.006492554181955122,0.007723213646647376,0.008207575811563044,0.010743829878286284,0.022080136724381475
2025-06-29 00:00:00+00:00,2.2061,0.009427372565072423,0.00040423485217056627,0.0006996557596389934,0.002107569017562499,0.0023193470905006055,0.007405190711965645,0.008583589025085502,0.011134820576026386,0.022308033575108365
2025-06-30 00:00:00+00:00,2.2362,0.013551746011550403,8.88753534806802e-05,0.0004931102056512464,0.0007885311131196598,0.002199621935416431,0.00698566438760638,0.008665549701667892,0.011076659308528206,0.0201276495948024
2025-07-01 00:00:00+00:00,2.172,-0.02912959465944176,0.00018364981996157225,0.00027252517344225245,0.0006767600256128048,0.002380094191004755,0.002591872263942869,0.008399973672260178,0.01017583675034154,0.020062782431912212
2025-07-02 00:00:00+00:00,2.2336,0.02796623151422728,0.0008485332850233779,0.00103218310498495,0.0011210584584656165,0.0018207142181046133,0.0032318050404013922,0.008526249170431257,0.009732869122199258,0.02090516011365806
2025-07-03 00:00:00+00:00,2.2569,0.01037755666623219,0.000782110105107359,0.001630643390130737,0.0018142932100922954,0.002307403415743545,0.004010737581135503,0.00879995759769867,0.010486757588658508,0.021624744074902114
2025-07-04 00:00:00+00:00,2.2205,-0.016259794502128666,0.00010769368236086017,0.0008898037874682193,0.0017383370724915832,0.0020108622459338392,0.0027105180055728437,0.004330209336434448,0.010587536594121079,0.02126318913740761
2025-07-05 00:00:00+00:00,2.2178,-0.0012166822130413868,0.0002643809172514536,0.00037207459961231386,0.0011541847047196589,0.0021863678097046126,0.0026794780153558705,0.004385989745121046,0.010402691662003246,0.021141016549976077
2025-07-06 00:00:00+00:00,2.2709,0.0236605151515078,1.4803156075312866e-06,0.000265861232858985,0.0003735549152198312,0.0020041983053505717,0.0022767234787928353,0.00438429249635533,0.00968191419075848,0.018644366977251945
2025-07-07 00:00:00+00:00,2.2708,-4.4036374052147664e-05,0.0005598199772347301,0.0005613002928422615,0.0008256812100937011,0.0017154849975619239,0.002747668102546885,0.0035361992156665405,0.009733332490153264,0.018235075650380964
2025-07-08 00:00:00+00:00,2.3108,0.017461592610539256,1.939202239660664e-09,0.0005598219164369699,0.0005613022320444872,0.0009333768316568044,0.0025640202217875525,0.003240780247400353,0.00515589248573042,0.018172885098329074
2025-07-09 00:00:00+00:00,2.4038,0.03945703361157804,0.00030490721649643914,0.0003049091556986789,0.0008647291329333951,0.0011305903657923833,0.002020394153260614,0.0031414526117262255,0.005252199193662004,0.016833041698637
2025-07-10 00:00:00+00:00,2.5471,0.05790463856675887,0.0015568575014251991,0.0018617647179216385,0.0018617666571238642,0.002423066949966129,0.002795141549578454,0.004609434759670745,0.006805879130713955,0.017833701704312713
2025-07-11 00:00:00+00:00,2.7322,0.07015168836793939,0.0033529471675469787,0.004909804668972178,0.005214711885468603,0.005774533801905576,0.006040395034764572,0.007778732107256152,0.008750913040337415,0.021151604108953476
2025-07-12 00:00:00+00:00,2.7395,0.0026682765250836127,0.004921259380872483,0.008274206548419462,0.009831064049844646,0.010135973205543328,0.010697273498385602,0.011851458203105257,0.013376751513741469,0.025811545851636218
2025-07-13 00:00:00+00:00,2.8361,0.034654446982784304,7.119699614312279e-06,0.004928379080486795,0.00828132624803376,0.010143090965955401,0.010702912882392383,0.011076467797612208,0.012979636361185216,0.024515444956728527
2025-07-14 00:00:00+00:00,2.9582,0.04215110627601493,0.001200930695682608,0.0012080503952969196,0.006129309776169389,0.01103911444514157,0.011344023600840261,0.012169704810933957,0.014091691703387144,0.025328631787324675
2025-07-15 00:00:00+00:00,2.919,-0.013339883383154838,0.001776715760291905,0.002977646455974512,0.0029847661555888116,0.011258972704008274,0.013120737421929925,0.01368203965397441,0.015684757643717476,0.027092103393186115
2025-07-16 00:00:00+00:00,3.038,0.039958312301603405,0.00017795248867617057,0.0019546682489680746,0.00315559894465067,0.008083978025137467,0.012993782694109657,0.013858511827043049,0.01501417684737027,0.027123019260883424
2025-07-17 00:00:00+00:00,3.4814,0.1362351075628907,0.00159666672199247,0.0017746192106686397,0.003551334970960532,0.0047593853662574554,0.01303359191467693,0.014895358571800788,0.015828733464255382,0.027635213604727656
2025-07-18 00:00:00+00:00,3.4135,-0.019696353860273907,0.018560004532672397,0.020156671254664867,0.020334623743341024,0.02331227019931554,0.028240649279802348,0.033455361165270946,0.03428104431456692,0.04490371722423439
2025-07-19 00:00:00+00:00,3.4244,0.0031881160099955785,0.00038794635538912683,0.018947950888061525,0.02054461761005398,0.02249928585902206,0.023707336254318992,0.033538400304163635,0.034404609752704596,0.04526344194097541
2025-07-20 00:00:00+00:00,3.454,0.008606705838293482,1.0164083693190127e-05,0.00039811043908231697,0.0189581149717547,0.020732734182423343,0.02371038063839787,0.031991706886431624,0.034413293520790256,0.04526669134777031
2025-07-21 00:00:00+00:00,3.5495,0.02727376877281662,7.407538538691511e-05,8.423946908010525e-05,0.00047218582446921823,0.02062885707913409,0.022583525328102177,0.02871283510427156,0.03392754892894243,0.04489154088378794
2025-07-22 00:00:00+00:00,3.5504,0.00025352469888884066,0.000743858463073067,0.0008179338484599821,0.0008280979321531583,0.019776048820214685,0.02155066803088334,0.024535434186472145,0.03467140545281327,0.04491314156000871
2025-07-23 00:00:00+00:00,3.1838,-0.10898482125729392,6.427477294667733e-08,0.0007439227378460137,0.0008179981232329151,0.0012161085623152354,0.021372779816980117,0.02452837876163078,0.03436656251108977,0.044404804156941716
2025-07-24 00:00:00+00:00,3.1453,-0.012166176828630082,0.011877691264484303,0.01187775553925725,0.012621614002330304,0.012705853471410412,0.031653804359471946,0.03520513933043247,0.044687396274148874,0.05170505347780094
2025-07-25 00:00:00+00:00,3.1423,-0.00095425924920578,0.00014801585862549553,0.012025707123109798,0.012025771397882731,0.012843705246342717,0.013241815685425047,0.033576439428766064,0.041482464965227395,0.05164446882786157
2025-07-26 00:00:00+00:00,3.1662,0.00757711479647738,9.106107146947789e-07,0.00014892646934019032,0.01202661773382448,0.012770540471670498,0.012854779940750617,0.03339939755080459,0.036562116195069605,0.051642201874203014
2025-07-27 00:00:00+00:00,3.2389,0.022701635328590264,5.741266863899645e-05,5.832327935369123e-05,0.0002063391379791729,0.012084094677236427,0.012902028525696422,0.031860143497451116,0.036612409164094285,0.0502917012849185
2025-07-28 00:00:00+00:00,3.1235,-0.036279598034642646,0.0005153642465922976,0.0005727769152312941,0.000573687525945975,0.012599394649055778,0.013343317386901804,0.013815503211371016,0.03592684271500397,0.05051164462404237
2025-07-29 00:00:00+00:00,3.128,0.0014396547315771446,0.0013162092335552466,0.001831573480147544,0.0018889861487865268,0.0020379126181267206,0.013915668157383985,0.014743766089537137,0.03546633618826732,0.051423619005427045
2025-07-30 00:00:00+00:00,3.0966,-0.01008908728246527,2.07260574615246e-06,0.0013182818393013991,0.0018336460858936828,0.0018919693652473776,0.01391767648835719,0.014735674611590097,0.0352904563053373,0.05133681625769252
2025-07-31 00:00:00+00:00,3.0224,-0.02425351763549144,0.00010178968219320245,0.00010386228793935513,0.0014200715214945877,0.0019928484367258852,0.0021417749060660893,0.014763388908396385,0.033795579265538035,0.05125495611992415
2025-08-01 00:00:00+00:00,2.9613,-0.020422856655293087,0.0005882331176950943,0.000690022799888297,0.0006920954056344353,0.002523668885781983,0.002581992165135688,0.014607763563018412,0.015823807850560728,0.05099465595259587
2025-08-02 00:00:00+00:00,2.7695,-0.0669615626187936,0.00041709307396264916,0.0010053261916577437,0.001107115873850932,0.0024253977131523346,0.0029981746283836426,0.015024792362208116,0.015852954569134253,0.050629638921451156
2025-08-03 00:00:00+00:00,2.948,0.062460175836068776,0.004483850868350616,0.004900943942313266,0.005489177060008346,0.005593039347947705,0.007424612828095262,0.007630951966074428,0.020326641353791676,0.055005796107440906
2025-08-04 00:00:00+00:00,3.0716,0.04107162414716137,0.00390127356547263,0.008385124433823247,0.00880221750778588,0.009492240307674182,0.010810522146975594,0.011384209672921562,0.024153839533877394,0.05864268875566209
2025-08-05 00:00:00+00:00,2.9623,-0.036232604840464866,0.0016868783100856886,0.00558815187555832,0.01007200274390892,0.011077328935566668,0.011181191223506037,0.013070177372292557,0.025096859380890013,0.060328086750140245
2025-08-06 00:00:00+00:00,2.9908,0.009574916509836884,0.001312801653525278,0.002999679963610968,0.006900953529083583,0.011801897471396853,0.012491920271285163,0.014325566357178838,0.026409596759642346,0.06108106842643079
2025-08-07 00:00:00+00:00,3.3197,0.1043335072561491,9.167902617034694e-05,0.001404480679695626,0.0030913589897812997,0.01147648342360455,0.012481809615262306,0.013901881136756888,0.014623584521328389,0.0611727455133989
2025-08-08 00:00:00+00:00,3.2859,-0.010233830384099196,0.010885480736368915,0.010977159762539263,0.012289961416064525,0.01787811329162285,0.022779057233936126,0.02347115263957056,0.025361049399071807,0.07175331903327138
2025-08-09 00:00:00+00:00,3.2259,-0.018428605933220155,0.0001047312843305119,0.01099021202069943,0.011081891046869762,0.014081571010480728,0.02246669544430399,0.023573811318154916,0.025464870072687627,0.07030119281617668
2025-08-10 00:00:00+00:00,3.187,-0.01213194564725395,0.0003396135166419171,0.0004443448009724307,0.01132982553734133,0.012734306217036957,0.01832245809259529,0.02381163515260363,0.025747070920690545,0.06728785916527164
2025-08-11 00:00:00+00:00,3.1295,-0.018206788052580247,0.00014718410518792406,0.0004867976218298429,0.0005915289061603392,0.011568688668699603,0.014568368632310584,0.02337058614009646,0.025378890779286175,0.06251378388958706
2025-08-12 00:00:00+00:00,3.2676,0.043182523102958115,0.0003314871311915788,0.0004786712363795046,0.000818284753021406,0.011808496773720834,0.013212977453416474,0.02328498019732539,0.024394168676922505,0.06283815132116434
2025-08-13 00:00:00+00:00,3.2744,0.0020788757104790445,0.0018647303015375113,0.0021962174327290916,0.002343401537917,0.002787746338889431,0.013764906101428708,0.020665859630512283,0.026256826372713864,0.06350195092701924
2025-08-14 00:00:00+00:00,3.0792,-0.06146482320865698,4.321724219619752e-06,0.0018690520257571327,0.002200539156948696,0.002687336778778539,0.013677548799477982,0.016768907789259276,0.02615935841474028,0.061729556890946946
2025-08-15 00:00:00+00:00,3.0779,-0.0004222767274586481,0.003777924492071458,0.003782246216291079,0.005646976517828575,0.006125647754208079,0.006569992555180525,0.018859953971245045,0.029349049789116646,0.06532952889434224
2025-08-16 00:00:00+00:00,3.1055,0.008927186757279992,1.7831763455318535e-07,0.003778102809706013,0.003782424533925617,0.005978641966654708,0.006465439588484566,0.01754733063535432,0.02893213503278855,0.06373304048998432
2025-08-17 00:00:00+00:00,3.0877,-0.005748255833150306,7.969466339935527e-05,7.987298103391019e-05,0.0038577974731053527,0.005726849498862485,0.0062055207352420035,0.017535346272583328,0.024527978827837287,0.04525273062071128
2025-08-18 00:00:00+00:00,3.0616,-0.008488822054714795,3.304244512334652e-05,0.00011273710852270352,0.0001129154261572411,0.0038951616424483205,0.006091379075177426,0.0066829079813377585,0.020659747707488005,0.0448978267104455
2025-08-19 00:00:00+00:00,2.8608,-0.06783634913229752,7.206009987661232e-05,0.00010510254499996058,0.00018479720839930023,0.003962900018105313,0.00583195204386246,0.00665023679688386,0.01904492949727893,0.044959722726628924
2025-08-20 00:00:00+00:00,2.9512,0.031110561303270945,0.004601770263598963,0.004673830363475577,0.004706872808598907,0.004786745789632818,0.008568992005923912,0.010912393543840906,0.022333898107352614,0.049487417604840975
2025-08-21 00:00:00+00:00,2.8519,-0.03422642847660917,0.0009678670246045795,0.005569637288203544,0.00564169738808014,0.005754434496602845,0.009532537306308871,0.01173307646325756,0.023210086105786846,0.04971142616637249
2025-08-22 00:00:00+00:00,3.0744,0.07512432144477721,0.0011714484062644432,0.0021393154308690246,0.006741085694467972,0.006846188239467933,0.006926061220501856,0.012573037738330425,0.013496053775682373,0.05088281029786398
2025-08-23 00:00:00+00:00,3.0485,-0.008460093902763255,0.005643663672538213,0.006815112078802658,0.007782979103407222,0.012456809466882799,0.012569546575405516,0.016351971109331127,0.019034986163890075,0.04464878270591789
2025-08-24 00:00:00+00:00,3.0258,-0.007474147037136225,7.1573188843572e-05,0.0057152368613817865,0.006886685267646214,0.01245632255584976,0.012561425100849732,0.01641922257395508,0.01876694583609173,0.04457234003613597
2025-08-25 00:00:00+00:00,2.8584,-0.05691349160153458,5.586287393273221e-05,0.00012743606277630594,0.005771099735314503,0.00791041516618353,0.012584245529659118,0.012697160955816354,0.018675624604836537,0.044627292299354006
2025-08-26 00:00:00+00:00,3.0123,0.052441878844300405,0.0032391455262779476,0.0032950084002106813,0.003366581589054238,0.010181693667856897,0.015751330956060454,0.015936128164459745,0.021583282999922907,0.04780902515699296
2025-08-27 00:00:00+00:00,2.9688,-0.014546075807112535,0.002750150656720282,0.005989296182998231,0.006045159056930948,0.011760395918312736,0.013899711349181772,0.018606584157780673,0.022468703355105677,0.05004381156712094
2025-08-28 00:00:00+00:00,2.9665,-0.0007750240476898096,0.0002115883213862646,0.0029617389781065487,0.006200884504384481,0.006328320567160787,0.013143432645963458,0.01878513003404359,0.022675969952272324,0.04893919065495196
2025-08-29 00:00:00+00:00,2.8195,-0.05082324245146119,6.006622744974963e-07,0.00021218898366076383,0.0029623396403810304,0.006257348040591713,0.011972584901973513,0.018713670596441478,0.01889864612247536,0.0489377187114803
2025-08-30 00:00:00+00:00,2.8181,-0.0004966652578328734,0.002583001973280007,0.002583602635554506,0.0027951909569407553,0.008784487139938988,0.008911923202715307,0.01669490230612252,0.021481469778120814,0.05141893100256711
2025-08-31 00:00:00+00:00,2.7757,-0.015159931366866886,2.466763783381946e-07,0.002583248649658347,0.0025838493119328286,0.0055455882900393785,0.008840596690250072,0.015727281957896282,0.021402021791099797,0.05083094456125035
2025-09-01 00:00:00+00:00,2.7589,-0.006070918078427745,0.00022982351904811448,0.0002300701954264544,0.0028130721687064457,0.0030252611523672104,0.009014557335365455,0.014785657070679952,0.02159880286502457,0.05064367500633581
2025-09-02 00:00:00+00:00,2.862,0.03668863157228697,3.685604631498082e-05,0.000266679565363097,0.0002669262417414196,0.0028505288772959266,0.005812267855402488,0.009178849444456719,0.021563598811462935,0.04619668018430018
2025-09-03 00:00:00+00:00,2.8443,-0.006203689524373113,0.0013460556866470121,0.0013829117329619946,0.0016127352520100935,0.004195983901668442,0.004408172885329218,0.010453331942260159,0.018307884234510984,0.04364146230547457
2025-09-04 00:00:00+00:00,2.7946,-0.01762800794567565,3.84857637148167e-05,0.0013845414503618305,0.0014213974966767956,0.001651467692103251,0.00423507032765777,0.010435954832042243,0.017378502973621222,0.04199306975910369
2025-09-05 00:00:00+00:00,2.8147,0.007166700312194241,0.00031074666413280386,0.0003492324278476223,0.0016952881144946187,0.001961967679857717,0.004545216329516076,0.0075075559698971,0.016517801231489583,0.04099101476971122
2025-09-06 00:00:00+00:00,2.8098,-0.0017423775409906028,5.136159336480503e-05,0.0003621082574976106,0.0004005940212124117,0.0017835057541744073,0.0020135759496008746,0.004808766906541623,0.010925499152316174,0.04095069733690568
2025-09-07 00:00:00+00:00,2.877,0.023634778133996726,3.03587949534846e-06,5.439747286015522e-05,0.0003651441369929435,0.0017496855873547748,0.002016365152717885,0.004600214464650707,0.01085696184296795,0.03006825248003211
2025-09-08 00:00:00+00:00,2.9697,0.03171285304232341,0.0005586027374432498,0.0005616386169386,0.0006130002103033893,0.0009622326381510125,0.0023451443711130205,0.005158216539819458,0.01135970170647847,0.030522123933144848
2025-09-09 00:00:00+00:00,2.9474,-0.007537511814708742,0.001005705048084001,0.0015643077855272524,0.0015673436650225853,0.0019294519225201967,0.0033139933728820402,0.003580919614623453,0.009126261228284523,0.031188215464586933
2025-09-10 00:00:00+00:00,2.9834,0.012140163940667525,5.6814084356873864e-05,0.0010625191324408765,0.0016211218698841106,0.0016755193427442667,0.0020247517705919023,0.003637487022601989,0.006432924655921113,0.03109784544375588
2025-09-11 00:00:00+00:00,3.0398,0.01872813404253071,0.00014738358050628406,0.00020419766486315965,0.001209902712947145,0.0017715413298857458,0.002133649587383369,0.003555047084060158,0.006368719915041133,0.030913741893070588
2025-09-12 00:00:00+00:00,3.1054,0.02135080778470866,0.00035074300471499764,0.0004981265852212834,0.0005549406695781417,0.002119248455105395,0.002173645927965563,0.0038689340424601752,0.006718862257481632,0.029399754596248072
2025-09-13 00:00:00+00:00,3.1193,0.004466086109859768,0.00045585699305957585,0.0008065999977745753,0.0009539835782808436,0.002016502710721721,0.002578141327660334,0.0029787353488727386,0.004591717277261201,0.02985128986508803
2025-09-14 00:00:00+00:00,3.0279,-0.029739307744005794,1.9945925140682357e-05,0.00047580291820025996,0.000826545922915242,0.0010307435877784025,0.0025950513733056678,0.0029601955102986043,0.004611416526023545,0.026093311298157253
2025-09-15 00:00:00+00:00,2.9969,-0.010290888852974245,0.000884426425092683,0.0009043723502333671,0.0013602293432929272,0.0018583559285142116,0.002920875060955101,0.0035338752712584837,0.005266019432068114,0.026977559405615383
2025-09-16 00:00:00+00:00,3.0376,0.013489308857643323,0.00010590239338426957,0.0009903288184769544,0.001010274743617621,0.0018168747413921972,0.0020210724062553697,0.003588416071277948,0.005335065779137404,0.027003767135600296
2025-09-17 00:00:00+00:00,3.0841,0.015192150661465398,0.0001819614534568946,0.0002878638468411659,0.0011722902719338332,0.0016480931901340942,0.0021462197753553906,0.0037673416452394942,0.0041709715459472855,0.027152686143933846
2025-09-18 00:00:00+00:00,3.0735,-0.00344290323199381,0.00023080144172066353,0.0004127628951775599,0.0005186652885618138,0.0014230376387951817,0.00222963763656977,0.0034395403495169076,0.0043632872239531325,0.027311427485777896
2025-09-19 00:00:00+00:00,2.9901,-0.027510145705543776,1.1853582664873425e-05,0.0002426550243855387,0.0004246164778424177,0.0014149452963193728,0.0018907482145196458,0.0024456888840977803,0.004064394142485202,0.022721510804843807
2025-09-20 00:00:00+00:00,2.975,-0.005062792661790105,0.0007568081167402486,0.0007686616994051238,0.0009994631411257718,0.0012873269879669384,0.0021916993382003185,0.003145682916481155,0.004769840665860645,0.022510451896979478
2025-09-21 00:00:00+00:00,2.9701,-0.0016484167161376906,2.563186953627574e-05,0.0007824399862765261,0.000794293568941384,0.0012070564641189446,0.002197385282595912,0.0030239312055111473,0.004792436655901573,0.021364635360251308
2025-09-22 00:00:00+00:00,2.8526,-0.040364763174270735,2.7172776700421677e-06,2.834914720631964e-05,0.0007851572639465527,0.0010278122883320923,0.001315676135173271,0.0026759054784661917,0.004236551196128366,0.015723688965383138
2025-09-23 00:00:00+00:00,2.8247,-0.009828694838101226,0.001629314106114963,0.0016320313837850067,0.001657663253321267,0.002426324952726392,0.0028390878479039646,0.0038493625915215785,0.004860160254159328,0.01728142988265453
2025-09-24 00:00:00+00:00,2.9257,0.03513160402248916,9.660324222051769e-05,0.0017259173483354824,0.0017286346260055089,0.002511074612282036,0.0027537296366675875,0.003926019908601414,0.004899949412022971,0.017322170250942313
2025-09-25 00:00:00+00:00,2.7435,-0.06429929077467955,0.0012342296011929766,0.001330832843413496,0.002960146949528443,0.002988496096734764,0.0037571577961399007,0.004275823084701707,0.005986795432709664,0.015317254325857343
2025-09-26 00:00:00+00:00,2.7835,0.01447465112453239,0.004134398794126791,0.005368628395319769,0.0054652316375402715,0.00709726302132528,0.007879703007601819,0.00830431948544423,0.009770451222121458,0.016701502463263854
2025-09-27 00:00:00+00:00,2.8047,0.007587452741817158,0.00020951552517692676,0.00434391431930372,0.00557814392049668,0.007304061268832164,0.007332410416038496,0.008331873557164261,0.009524109754238808,0.016699429667054514
2025-09-28 00:00:00+00:00,2.8674,0.02210911444678776,5.7569439109308705e-05,0.0002670849642862372,0.004401483758413013,0.005732316601826511,0.00736434798561153,0.008158641554552907,0.009561733268207435,0.016756398443889327
2025-09-29 00:00:00+00:00,2.8801,0.004419319937243982,0.0004888129416211592,0.0005463823807304697,0.0007558979059073809,0.006124526301227152,0.007850443649562647,0.008635600913509192,0.00916611978473591,0.01466220941223048
2025-09-30 00:00:00+00:00,2.8468,-0.011629459324295377,1.9530388707722152e-05,0.0005083433303288831,0.0005659127694381763,0.004909827088741897,0.006240659932155406,0.007898323185476666,0.009079747780059363,0.014681493124559861
2025-10-01 00:00:00+00:00,2.9485,0.035101010015442746,0.0001352443241754407,0.00015477471288316457,0.0006435876545043082,0.0009106726187905463,0.0062793010141103285,0.008007935640115831,0.00903303065077791,0.014586913929687188
2025-10-02 00:00:00+00:00,3.0389,0.030199041373794477,0.001232080904104212,0.0013673252282796545,0.0013868556169873611,0.0019332379977178315,0.006277152317021565,0.00923729926655,0.010034310113161459,0.01578213878747642
2025-10-03 00:00:00+00:00,3.0401,0.00039480178173612046,0.0009119820998961507,0.0021440630040003646,0.00227930732817579,0.0027876506585046736,0.0030547356227909237,0.008519967260331189,0.010934438630392736,0.015348065200725557
2025-10-04 00:00:00+00:00,2.9685,-0.023833634885359167,1.558684468620153e-07,0.0009121379683430144,0.002144218872447211,0.0022989935853303762,0.002845375966060859,0.008423519886557533,0.010177786382099348,0.015309735305457603
2025-10-05 00:00:00+00:00,2.9697,0.000404162883141046,0.0005680421518486095,0.0005681980202954732,0.0014801801201916086,0.0028475053484712633,0.00335584867880016,0.0077573324372131654,0.010720196664411683,0.01556703079317341
2025-10-06 00:00:00+00:00,2.9883,0.006243726225358515,1.633476361088828e-07,0.0005682054994847201,0.0005683613679315667,0.0027124243719319316,0.0028671990848151093,0.0036230969907224833,0.010717642734377749,0.015515832547444713
2025-10-07 00:00:00+00:00,2.852,-0.04668416128504327,3.898411717722968e-05,3.91474648133403e-05,0.0006071896166619344,0.0015193275850049494,0.002886652813284617,0.0034525655827227866,0.009127312745440016,0.015551780785126595
2025-10-08 00:00:00+00:00,2.8797,0.00966561950341438,0.002179410914887933,0.0022183950320651645,0.0022185583797012577,0.0027867563999967315,0.0049308194039971096,0.00557440705850141,0.011210120418107431,0.017172588962571275
2025-10-09 00:00:00+00:00,2.8021,-0.027316985983759645,9.342420038478444e-05,0.0022728351152727193,0.002311819232449933,0.0028800247319346536,0.0037921627002776813,0.005179018317265036,0.010069315017299239,0.01626030811487206
2025-10-10 00:00:00+00:00,2.3704,-0.16731041879448572,0.000746217723236921,0.0008396419236217071,0.0030190528385096245,0.0030582003033229653,0.003626398323618452,0.005905705651794235,0.006681133946409369,0.016949711753752105
2025-10-11 00:00:00+00:00,2.3819,0.004839771246513136,0.027992776237186198,0.02873899396042312,0.02883241816080789,0.031050813192873054,0.03161901869235779,0.03376323756480499,0.03446439465841864,0.044795104410432024
2025-10-12 00:00:00+00:00,2.5282,0.05960909855558849,2.3423385718575314e-05,0.028016199622904775,0.028762417346141683,0.031035252461414402,0.031074399926227757,0.032554580046419354,0.034430248605027906,0.044467784791435594
2025-10-13 00:00:00+00:00,2.6052,0.030001860610789244,0.0035532446306098617,0.003576668016328437,0.03156944425351462,0.03240908617713633,0.034627481209201505,0.03519584257713307,0.03749468029401661,0.047565172428985884
2025-10-14 00:00:00+00:00,2.5033,-0.03989958625005652,0.0009001116401092271,0.004453356270719089,0.00447677965643765,0.03321577361686077,0.035488608732133504,0.036095798348795435,0.038375261545418114,0.04844533814395443
2025-10-15 00:00:00+00:00,2.4109,-0.037609739666935815,0.001591976982925699,0.002492088623034926,0.006045333253644774,0.03406153287654955,0.03490117480017127,0.03711973317987252,0.03983199420416837,0.049152888701787446
2025-10-16 00:00:00+00:00,2.328,-0.03499059190392573,0.0014144925178146853,0.0030064695007403844,0.003906581140849598,0.007483249157178038,0.036222243117601166,0.0385340623500511,0.040014405817878844,0.05046147882621786
2025-10-17 00:00:00+00:00,2.2936,-0.014886894282168273,0.0012243415217870726,0.002638834039601758,0.004230811022527443,0.008684167293246536,0.03670036691615132,0.03971941975466094,0.04032676523976977,0.05150385889454803
2025-10-18 00:00:00+00:00,2.3596,0.028369477559760048,0.0002216196213684544,0.001445961143155527,0.0028604536609701985,0.0053525422840051285,0.008929210300333579,0.037761628461141464,0.040548228992691365,0.051494677074195826
2025-10-19 00:00:00+00:00,2.3908,0.01313592482117898,0.0008048272570137289,0.0010264468783821833,0.002250788400169242,0.00525725790090963,0.009710614171628733,0.03847303151777041,0.040785014097856474,0.05228765074854468
2025-10-20 00:00:00+00:00,2.4948,0.04258052770186849,0.00017255252090766598,0.0009773797779213948,0.0011989993992898354,0.003837833438891597,0.006329922061926537,0.03789936631544115,0.04095740327112804,0.0517033951527121
2025-10-21 00:00:00+00:00,2.4222,-0.029532347565017436,0.0018131013393695896,0.0019856538602772557,0.0027904811172909704,0.004236442260446501,0.007242911761186899,0.011719691417624543,0.042731520493320393,0.05349086462254542
2025-10-22 00:00:00+00:00,2.3647,-0.024025054101336818,0.0008721595527009913,0.0026852608920705807,0.002857813412978233,0.00388426029136042,0.006523094330962192,0.012568427584606958,0.04142426913113346,0.05436030689757637
2025-10-23 00:00:00+00:00,2.3947,0.012606798053258927,0.0005772032245721611,0.0014493627772731524,0.003262464116642728,0.004239843894564126,0.005685805037719668,0.009592386178569258,0.041908048155320836,0.053308196016033566
2025-10-24 00:00:00+00:00,2.5103,0.04714430585713325,0.00015893135715565307,0.0007361345817278142,0.0016082941344287916,0.0035939479947060503,0.004620394873088247,0.008851205895615683,0.04132076178923957,0.0533705241309687
2025-10-25 00:00:00+00:00,2.5959,0.03353100938479725,0.0022225855747509287,0.0023815169319065816,0.002958720156478729,0.005643981048549313,0.0066213608264707215,0.009481814487440914,0.015550571126804294,0.05435888010452665
2025-10-26 00:00:00+00:00,2.6461,0.019153580574900575,0.0011243285903633612,0.0033469141651142906,0.003505845522269929,0.004955208299543085,0.006940862159820354,0.00919165055998959,0.016651476331449082,0.05134880990076322
2025-10-27 00:00:00+00:00,2.634,-0.00458325455247699,0.00036685964883920863,0.0014911882392025704,0.0037137738139534845,0.004449908395681303,0.007135169287751897,0.008334168687041727,0.013465091349678427,0.0515061540244255
2025-10-28 00:00:00+00:00,2.6034,-0.011685320270866328,2.100622229280105e-05,0.0003878658711320101,0.001512194461495357,0.0038937113934019423,0.005343074170675108,0.008133555287966074,0.012585985931862,0.051469590807608996
2025-10-29 00:00:00+00:00,2.5502,-0.020646495582918534,0.00013654670983271952,0.00015755293212552101,0.0005244125809647153,0.003871326746079009,0.0046074613278068366,0.007465274740785063,0.01113055565876902,0.05111732457582056
2025-10-30 00:00:00+00:00,2.4393,-0.04446067456753999,0.00042627777985547455,0.0005628244896881945,0.0005838307119809813,0.0020750189511835548,0.004456535883090151,0.007718999999732872,0.01014234092080981,0.05152407196696831
2025-10-31 00:00:00+00:00,2.5097,0.028452111188264517,0.0019767515830006973,0.0024030293628561723,0.0025395760726888775,0.0029274419438208906,0.006274356108935194,0.00788265024336398,0.010894750982023435,0.05336557922579356
2025-11-01 00:00:00+00:00,2.5053,-0.0017547362428725899,0.0008095226310693669,0.0027862742140700647,0.003212551993925525,0.0033701049260510493,0.004861293165253633,0.007820013321732355,0.011482653991724347,0.05294302095275872
2025-11-02 00:00:00+00:00,2.5267,0.008505615666129618,3.0790992820506128e-06,0.0008126017303514179,0.002789353313352101,0.0033521778030402988,0.0037400436741723223,0.007245889196442244,0.01068090583399267,0.05203411795214462
2025-11-03 00:00:00+00:00,2.3096,-0.08983975414469769,7.234549785990959e-05,7.542459714196064e-05,0.0008849472282113132,0.003287976591067489,0.0034455295231930233,0.007159303337146501,0.010580698810944913,0.05210630758155767
2025-11-04 00:00:00+00:00,2.2053,-0.046210795300573815,0.008071181424779725,0.008143526922639635,0.008146606021921672,0.010932880235991739,0.011495704725679947,0.013007899187175298,0.016838778896355048,0.05960944685448878
2025-11-05 00:00:00+00:00,2.3432,0.060653962465372135,0.002135437602311535,0.01020661902709126,0.010278964524951155,0.011091566255302577,0.013494595618158762,0.01401900819912347,0.018102056945965592,0.06174472110916421
2025-11-06 00:00:00+00:00,2.213,-0.057168455462473955,0.003678903162750772,0.005814340765062306,0.013885522189842018,0.013960946786983982,0.01674722100105406,0.017331051713035034,0.021203756884144203,0.06538464015473774
2025-11-07 00:00:00+00:00,2.3154,0.04523339772057833,0.0032682322999648683,0.00694713546271564,0.00908257306502716,0.0172260999876668,0.018038701718018232,0.020578277790707103,0.024313057826953418,0.06647346153981468
2025-11-08 00:00:00+00:00,2.2863,-0.01264766843144649,0.0020460602693480206,0.0053142925693128885,0.008993195732063648,0.019199814759154908,0.019275239356296884,0.022487791350222403,0.02413653252155051,0.06842609760877792
2025-11-09 00:00:00+00:00,2.3662,0.03435050247938087,0.00015996351675180812,0.0022060237860998286,0.005474256086064683,0.011288596851126993,0.019432123773766644,0.022221477087118736,0.023172167447938957,0.06783984340229282
2025-11-10 00:00:00+00:00,2.526,0.06535173109087389,0.0011799570205859515,0.0013399205373377597,0.003385980806685766,0.01033311626940141,0.02053973529649268,0.021424682524703993,0.0239852648196857,0.04102702418569257
2025-11-11 00:00:00+00:00,2.3915,-0.054716239790084664,0.004270848756573893,0.005450805777159845,0.005610769293911638,0.010925061863224532,0.016739402628286854,0.02488600865020852,0.02823510735396679,0.045274449556547885
2025-11-12 00:00:00+00:00,2.3879,-0.0015064655315861764,0.002993866896766044,0.007264715653339937,0.008444672673925874,0.010650696460025708,0.01759783192274136,0.02787679644769251,0.031092427540900115,0.04471507182270406
2025-11-13 00:00:00+00:00,2.3225,-0.027770126900771963,2.2694383978572207e-06,0.0029961363351639013,0.00726698509173778,0.008606905629075545,0.013921198198388447,0.027806720388230458,0.0306684191994425,0.043817229620992694
2025-11-14 00:00:00+00:00,2.2443,-0.03425052314152466,0.0007711799480849787,0.0007734493864828359,0.0037673162832488655,0.009218122060408715,0.011424145846508558,0.02050671891153571,0.02946284756452678,0.04299643258615197
2025-11-15 00:00:00+00:00,2.2372,-0.0031685845990359063,0.0011730983354681162,0.0019442782835530949,0.0019465477219509373,0.009211263375290879,0.010551183912628652,0.019544379644692293,0.02982642326892553,0.0427550384038054
2025-11-16 00:00:00+00:00,2.2149,-0.010017828214203384,1.0039928361247534e-05,0.0011831382638293638,0.0019543182119143277,0.004950454547078233,0.010401260324238092,0.015875516410302767,0.029833384098004723,0.041540736810379585
2025-11-17 00:00:00+00:00,2.1637,-0.02338753653984571,0.00010035688212928936,0.0001103968104905369,0.0012834951459586381,0.0020569445324414787,0.00932166018578143,0.01270764099246719,0.02986139548227411,0.04141947407114042
2025-11-18 00:00:00+00:00,2.2172,0.02442541935226583,0.0005469768654026183,0.0006473337475319076,0.0006573736758931404,0.0026016519594462394,0.005597788294610155,0.011208557588521788,0.022337190922896998,0.0411616236795293
2025-11-19 00:00:00+00:00,2.1098,-0.04965198229794132,0.0005966011105340422,0.0011435779759366605,0.001243934858065935,0.002427073121895303,0.003200522508378153,0.011645195182304021,0.020798354431119506,0.04158567226915568
2025-11-20 00:00:00+00:00,1.9999,-0.05349597695566766,0.0024653193461150785,0.0030619204566491205,0.0036088973220517245,0.0037192941325422655,0.005663572416095374,0.012930557507833148,0.019584770614483812,0.04223789027590117
2025-11-21 00:00:00+00:00,1.9509,-0.024806374748824855,0.002861819550441325,0.005327138896556404,0.005923740007090431,0.006571073754622343,0.007754212018451721,0.01152152830170058,0.01917835786496027,0.0442275502736415
2025-11-22 00:00:00+00:00,1.9509,0.0,0.0006153562281791354,0.003477175778620461,0.005942495124735524,0.007086073100672189,0.0071964699111627395,0.00914301763311367,0.017747653823791384,0.04426570327724848
2025-11-23 00:00:00+00:00,2.0491,0.04910986779957105,0.0,0.0006153562281791358,0.0034771757786204458,0.006539096235269571,0.007186429982801492,0.009140748194715814,0.017587690307039577,0.044106771920092824
2025-11-24 00:00:00+00:00,2.2276,0.0835241003727265,0.0024117791152913457,0.002411779115291346,0.0030271353434704663,0.008354274240026873,0.009497852215963548,0.01078134736192218,0.01881951240174497,0.044295965460633246
2025-11-25 00:00:00+00:00,2.2024,-0.011377097887115939,0.0069762753430732925,0.009388054458364638,0.009388054458364624,0.012865230236985088,0.01592715069363422,0.016584524369527356,0.02152493898824437,0.05014791221334317
2025-11-26 00:00:00+00:00,2.2233,0.00944490379702545,0.00012943835633301797,0.007105713699406311,0.009517492814697642,0.010132849042876781,0.015459987939433198,0.01670392279749913,0.018660510447811345,0.049910490920836985
2025-11-27 00:00:00+00:00,2.1999,-0.010580673857559453,8.920620773506576e-05,0.0002186445640680846,0.007194919907141362,0.009606699022432712,0.013083874801053186,0.016692772123104903,0.018747447217148553,0.049978690906279245
2025-11-28 00:00:00+00:00,2.1795,-0.009316412089416248,0.00011195065928004203,0.00020115686701510866,0.00033059522334811186,0.009718649681712753,0.010334005909891903,0.016257745916982327,0.018088217928343617,0.04995409485572657
2025-11-29 00:00:00+00:00,2.2009,0.009770874922179096,8.679553421982122e-05,0.0001987461934998641,0.00028795240123491515,0.007393666100641229,0.009805445215932589,0.015747940340668107,0.017001915127095323,0.04961461261009092
2025-11-30 00:00:00+00:00,2.155,-0.021075644062778287,9.546999674486835e-05,0.00018226553096469043,0.00029421619024471774,0.0005128607543128049,0.009900915212677457,0.013378090991297897,0.017087345195478942,0.04773333102383509
2025-12-01 00:00:00+00:00,2.0297,-0.05990272467426716,0.0004441827726609217,0.0005396527694057909,0.0006264483036255974,0.0008276051706407087,0.007933318870047033,0.010960454213517492,0.017431171086010576,0.04736799116542664
2025-12-02 00:00:00+00:00,2.1532,0.059067108823221304,0.0035883364234010557,0.004032519196061978,0.004127989192806832,0.004326735386306698,0.004545379950374797,0.013933434408739414,0.020472530644009012,0.05095324848954565
2025-12-03 00:00:00+00:00,2.1976,0.02041074809426191,0.003488923344734268,0.007077259768135325,0.007521442540796232,0.007703708071760924,0.007904864938776048,0.017422357753473682,0.023364852878209236,0.054369826336420006
2025-12-04 00:00:00+00:00,2.096,-0.04733508934013131,0.0004165986377674162,0.0039055219825016854,0.007493858405902726,0.00803351117530852,0.008232257368808397,0.015427177275949753,0.021316132169861574,0.04671524354940769
2025-12-05 00:00:00+00:00,2.0344,-0.02982983133302275,0.0022406106828382127,0.00265720932060563,0.006146132665339883,0.010178651861401863,0.010360917392366567,0.010691512615714672,0.020694923302258462,0.04682041662993437
2025-12-06 00:00:00+00:00,2.0309,-0.001721890568846085,0.0008898188373565858,0.0031304295201947992,0.003547028157962201,0.010624287926097528,0.011163940695503331,0.01145189309673824,0.020969385911435913,0.044031332304540184
2025-12-07 00:00:00+00:00,2.0442,0.006527470355911946,2.9649071310810944e-06,0.0008927837444876678,0.0031333944273258655,0.007038916409827554,0.011071435605889544,0.011365651796134255,0.020972350818566993,0.040766064911706396
2025-12-08 00:00:00+00:00,2.0724,0.013700841045657386,4.260786924730923e-05,4.557277637839119e-05,0.0009353916137349622,0.003592600934340595,0.010669860702475933,0.011296309006101523,0.018603179572522957,0.03876261251160569
2025-12-09 00:00:00+00:00,2.1062,0.016178020005863436,0.00018771304535837016,0.00023032091460568026,0.00023328582173674661,0.0033637153419315484,0.007269237324433246,0.011397226517240072,0.011814617274808037,0.03879036204021225
2025-12-10 00:00:00+00:00,2.0418,-0.031053604211581765,0.00026172833131011755,0.0004494413766684886,0.000492049245915783,0.0013848329904034534,0.004042042311009096,0.011563484851805321,0.011946907249785137,0.037872133350936414
2025-12-11 00:00:00+00:00,2.034,-0.0038274741264098244,0.0009643263345295687,0.001226054665839687,0.0014137677111980425,0.0014593404875764362,0.004589770007771249,0.012083628413673969,0.012822027376579639,0.03456561092889209
2025-12-12 00:00:00+00:00,2.0074,-0.013163945228805152,1.4649558188336649e-05,0.0009789758927179063,0.001240704224028009,0.001471025138633692,0.0023638088831213727,0.008509941548461249,0.012724726275487933,0.031586393590314385
2025-12-13 00:00:00+00:00,2.0227,0.007592900179349882,0.0001732894539869819,0.00018793901217531943,0.0011522653467048733,0.0016017067233733645,0.0016472794997517688,0.005194307657713963,0.012811220195255093,0.03175741360590351
2025-12-14 00:00:00+00:00,1.9784,-0.022144815351843428,5.7652133133571465e-05,0.00023094158712055424,0.0002455911453088761,0.001471645811148566,0.001701966725754259,0.004835361153080119,0.012773402331643797,0.031043885790952103
2025-12-15 00:00:00+00:00,1.8981,-0.04143505138625814,0.0004903928469672404,0.0005480449801008127,0.0007213344340877798,0.0017003103268056889,0.0021497517034741905,0.0030851433172091455,0.012819612405950117,0.030361180302451225
2025-12-16 00:00:00+00:00,1.9297,0.016511164581361926,0.0017168634833818525,0.002207256330349094,0.00226490846348265,0.0024528474756579724,0.0036789021414976725,0.0039121879632344125,0.010948139465930913,0.032068003857471834
2025-12-17 00:00:00+00:00,1.8627,-0.035337502363353424,0.00027261855583282055,0.001989482039214674,0.0024798748861818995,0.0027108164733024563,0.0036897923660203754,0.0041818416119361514,0.0077318346770294645,0.032240265531175365
2025-12-18 00:00:00+00:00,1.8076,-0.030027049501832104,0.0012487390732800088,0.0015213576291128303,0.003238221112494668,0.0037862660925954833,0.003974205104770816,0.005387972815968851,0.008563975112542057,0.03294202773905275
2025-12-19 00:00:00+00:00,1.9092,0.05468430759461684,0.0009016237017854756,0.002150362775065485,0.0024229813308982912,0.004630237661247387,0.004861179248367954,0.006101883472395956,0.00722498813148932,0.03324705033030419
2025-12-20 00:00:00+00:00,1.9335,0.012647525915610247,0.0029903734971026695,0.003891997198888146,0.00514073627216814,0.007130218311382816,0.007678263291483642,0.008830528638188508,0.009325542791235403,0.03377210448129178
2025-12-21 00:00:00+00:00,1.9223,-0.00580944628853719,0.00015995991178603282,0.0031503334088887032,0.0040519571106741635,0.005573314739786997,0.0077805710701361035,0.008026162215444973,0.009482537795890355,0.031070244842636485
2025-12-22 00:00:00+00:00,1.9043,-0.009407898794043579,3.374966617939853e-05,0.0001937095779654322,0.003184083075068087,0.005334445850133575,0.007323927889348262,0.008045262323436034,0.009473679592822446,0.03048863828063675
2025-12-23 00:00:00+00:00,1.8734,-0.01635952518974082,8.850855971896662e-05,0.00012225822589836602,0.00028221813768438406,0.004174215336572533,0.005695572965685376,0.007960481429168019,0.009374475107183042,0.030577146840355715
2025-12-24 00:00:00+00:00,1.8628,-0.005674229666808084,0.0002676340644337644,0.00035614262415273193,0.00038989229033211564,0.0035402256992208216,0.00569058847428632,0.008170463360468212,0.009380380840306688,0.028433001789498133
2025-12-25 00:00:00+00:00,1.8326,-0.0163450085771093,3.219688231168498e-05,0.0002998309467454503,0.00038833950646440207,0.0005820490844298369,0.0044740462833179956,0.007712267395812657,0.008448251388088805,0.021488923328736528
2025-12-26 00:00:00+00:00,1.8437,0.006038698545232202,0.00026715930538577656,0.0002993561876974624,0.000566990252131212,0.0006892484780295807,0.003839581886918297,0.00626256321781658,0.008700761135286245,0.021626644277789285
2025-12-27 00:00:00+00:00,1.8735,0.016033917157396993,3.646588012018951e-05,0.00030362518550596695,0.00033582206781763714,0.0006919646919703716,0.0008856742699358169,0.00602641054210395,0.008563937561419451,0.02157390395017441
2025-12-28 00:00:00+00:00,1.8654,-0.004332831940978887,0.00025708649941026966,0.00029355237953046005,0.0005607116849162218,0.0008605426316616747,0.0009828008575600536,0.005034757968234211,0.008763371927696152,0.02171903979030464
2025-12-29 00:00:00+00:00,1.8508,-0.007857529259918561,1.877343262876687e-05,0.0002758599320390374,0.00031232581215921213,0.0006116819998566771,0.000967824624009422,0.004151907699077502,0.008291752513357677,0.021651017688713584
2025-12-30 00:00:00+00:00,1.8776,0.01437638750396919,6.174076607047633e-05,8.051419869924407e-05,0.00033760069810949894,0.0006412258836154686,0.0009410568303609318,0.001223274968045309,0.006636629796046301,0.021617288458039192
2025-12-31 00:00:00+00:00,1.8423,-0.01897957453335053,0.00020668051766428147,0.0002684212837347587,0.0002871947163635107,0.0005807470958939735,0.0008801032835914489,0.0012699955739235574,0.006570691757877762,0.02137978620304255
2026-01-01 00:00:00+00:00,1.8799,0.020203792916452468,0.00036022424946700795,0.0005669047671312904,0.0006286455332017518,0.000904505465240792,0.001208130650746772,0.0015964701572111668,0.005682176934064761,0.018151674029108503
2026-01-02 00:00:00+00:00,2.0069,0.06537265902472178,0.0004081932482108949,0.0007684174976779039,0.0009750980153421704,0.001055612214041417,0.0013491645935718901,0.0019161548457030952,0.00518874648049018,0.015070943932585129
2026-01-03 00:00:00+00:00,2.0182,0.005614782085791026,0.004273584547962538,0.004681777796173433,0.005042002045640427,0.0053104233293751885,0.005586283261414238,0.005922105329231869,0.0064719575313500486,0.01892792984278025
2026-01-04 00:00:00+00:00,2.0909,0.03538857024694897,3.1525777870919825e-05,0.004305110325833458,0.004713303574044338,0.005280208341175631,0.005360722539874889,0.005921434224791103,0.006343523397434936,0.016718844937812956
2026-01-05 00:00:00+00:00,2.3478,0.1158841241670443,0.001252350904123242,0.0012838766819941627,0.005557461229956685,0.0063258787276345915,0.006594300011369363,0.0069066258235285696,0.007562124635378779,0.017081377004579616
2026-01-06 00:00:00+00:00,2.3042,-0.01874517484046867,0.01342913023396294,0.014681481138086183,0.014713006915957089,0.019394784712130523,0.01996168947926183,0.02029929017737132,0.02090274630962275,0.030507542331411473
2026-01-07 00:00:00+00:00,2.1657,-0.06198990979072794,0.00035138157979973963,0.01378051181376268,0.015032862717885908,0.01933797304371937,0.020106390541397286,0.02039358525776079,0.02098649382498873,0.030816316041963904
2026-01-08 00:00:00+00:00,2.1232,-0.01981925023528197,0.0038427489158625876,0.004194130495662327,0.017623260729625254,0.018907137411619417,0.023588915207792865,0.024217560740994612,0.02479704585853963,0.03447135191246812
2026-01-09 00:00:00+00:00,2.0958,-0.01298904253710187,0.00039280267988872446,0.004235551595751312,0.004586933175551038,0.01926841431363722,0.023573524639470697,0.02454862265481286,0.02492268923304258,0.03460242626104673
2026-01-10 00:00:00+00:00,2.0907,-0.0024364039282585015,0.00016871522603064177,0.0005615179059193662,0.00440426682178194,0.01818477863554462,0.0194686553175388,0.024510657363179218,0.02505493857895303,0.0338068151525478
2026-01-11 00:00:00+00:00,2.0745,-0.007778777339660259,5.936064101633457e-06,0.00017465129013227523,0.0005674539700209858,0.004761584465683315,0.019443065603769513,0.024156369177813847,0.024803788143644392,0.0337981016584611
2026-01-12 00:00:00+00:00,2.054,-0.009931049284419124,6.050937690001193e-05,6.644544100164539e-05,0.00023516066703227327,0.0044707122627835865,0.01825122407654628,0.02380868530650296,0.024845524087915637,0.03368532158137413
2026-01-13 00:00:00+00:00,2.1655,0.052862170166178,9.86257398895616e-05,0.00015913511678957354,0.00016507118089119312,0.000726589086810561,0.004920719582472904,0.019633726498429985,0.024882409061734726,0.03372629518813012
2026-01-14 00:00:00+00:00,2.1394,-0.012125865782650846,0.0027944090346779596,0.0028930347745675213,0.0029535441514675193,0.003128195441599796,0.007363747037351123,0.022396609755237024,0.027470137578748402,0.03603031137584083
2026-01-15 00:00:00+00:00,2.0789,-0.028686508218962126,0.00014703662097886262,0.0029414456556568222,0.00304007139554637,0.0031065168365480168,0.003668034742467399,0.021291295472092645,0.02725694995026026,0.03446048451343785
2026-01-16 00:00:00+00:00,2.0678,-0.005353667500475723,0.0008229157537965816,0.0009699523747754442,0.00376436140945339,0.003923496526242965,0.0040981478163752555,0.008685080991926287,0.027671672455845946,0.0350107817114016
2026-01-17 00:00:00+00:00,2.0631,-0.002275534158692638,2.8661755705649973e-05,0.0008515775095022316,0.0009986141304810802,0.003891648905048603,0.003958094346050264,0.008362361167832198,0.023426749663589055,0.033790704393827246
2026-01-18 00:00:00+00:00,1.9914,-0.03537179703991611,5.178055707377012e-06,3.3839811413026985e-05,0.0008567555652095947,0.0037982012208664187,0.003957336337656008,0.004524790307676987,0.023400401941425515,0.03289425874774915
2026-01-19 00:00:00+00:00,1.986,-0.0027153433488661394,0.001251164025833018,0.001256342081540395,0.001285003837246031,0.002254956212021477,0.0051479909865890135,0.00538315165362128,0.023399215063135286,0.0311550492764795
2026-01-20 00:00:00+00:00,1.89,-0.0495457365514298,7.3730895022315805e-06,0.0012585371153352495,0.0012637151710426127,0.002115292680544846,0.0050567383362016835,0.005221809517092869,0.009977457918674581,0.0310024624541957
2026-01-21 00:00:00+00:00,1.9476,0.030021016254857757,0.002454780010423687,0.002462153099925918,0.003713317125758922,0.0037471569371719513,0.004717109311947411,0.007670653463414923,0.012080856349298529,0.03342349279843999
2026-01-22 00:00:00+00:00,1.9236,-0.012399414905038264,0.0009012614169744337,0.0033560414273981205,0.0033634145169003384,0.004619756598440735,0.005471334107942982,0.008511405503489345,0.009139368850410376,0.034236245655695455
2026-01-23 00:00:00+00:00,1.9196,-0.0020815994194171017,0.00015374548998728507,0.0010550069069617187,0.0035097869173853916,0.004768324032720643,0.0048021638441336865,0.008566525253587068,0.008900311660508935,0.03412235708124897
2026-01-24 00:00:00+00:00,1.9143,-0.0027648104416796437,4.333056142917615e-06,0.0001580785461302027,0.0010593399631046226,0.0035214930630305427,0.0047778351445709535,0.005776449275052027,0.008735929490621212,0.03409449325508021
2026-01-25 00:00:00+00:00,1.8356,-0.04198061702173239,7.644176778420786e-06,1.1977232921338401e-05,0.00016572272290860958,0.003521764150306732,0.004780301265641997,0.005637056830851585,0.008737637603297998,0.03383497812647285
2026-01-26 00:00:00+00:00,1.9041,0.03663805245985563,0.0017623722055253675,0.0017700163823037881,0.0017743494384466919,0.0028293563454084127,0.0052915094453343465,0.006576513282580371,0.010439500431923352,0.03556088445187803
2026-01-27 00:00:00+00:00,1.9158,0.006125833968257277,0.0013423468880511332,0.0031047190935765004,0.0031123632703549077,0.003270441816485112,0.006626483243883248,0.007890198414925855,0.011683221580084925,0.03664614484051889
2026-01-28 00:00:00+00:00,1.9111,-0.0024562974538557825,3.75258418066547e-05,0.0013798727298577878,0.0031422449353831414,0.003154222168304482,0.004209229075266216,0.007922546201025131,0.00892633838721362,0.03666489724969678
2026-01-29 00:00:00+00:00,1.8076,-0.05567899395781084,6.033397181818399e-06,4.35592389884731e-05,0.0013859061270395923,0.0031559225093433824,0.0033140010554736006,0.006677415572373933,0.008785335163416577,0.03660918988080812
2026-01-30 00:00:00+00:00,1.7352,-0.04087731802446004,0.003100150368153936,0.0031061837653357546,0.003143709607142395,0.006248428700718897,0.006260405933640252,0.009770192851025636,0.01106256977777393,0.03950265973129778
2026-01-31 00:00:00+00:00,1.6472,-0.052045803799084966,0.0016709551288728458,0.004771105497026782,0.004777138894208586,0.006157011624066375,0.00792702800637018,0.008986367969474796,0.012704863150941126,0.04081339061070362
2026-02-01 00:00:00+00:00,1.5908,-0.03483984238004412,0.002708765693092847,0.004379720821965694,0.007479871190119614,0.0075234304291080896,0.010628149522684606,0.010793872245593208,0.015408450788326596,0.04311396305558556
2026-02-02 00:00:00+00:00,1.6198,0.01806565048135389,0.001213814617066318,0.003922580310159166,0.005593535439031997,0.008699719204367753,0.010079591934225557,0.011853941372672242,0.015371101379559896,0.04005419312468935
2026-02-03 00:00:00+00:00,1.5791,-0.025447620342291977,0.00032636772731444206,0.0015401823443807606,0.0042489480374735935,0.009020053534500376,0.009063612773488865,0.012175976043843765,0.015690096017372104,0.040349035074132865
2026-02-04 00:00:00+00:00,1.512,-0.04342178673311914,0.0006475813810854325,0.000973949108399875,0.002187763725466179,0.0065674845474318734,0.009673668312767643,0.012815913248150778,0.013882897388033852,0.03974426555109506
2026-02-05 00:00:00+00:00,1.2146,-0.21901847327600346,0.0018854515630964813,0.0025330329441819142,0.002859400671496342,0.006781980981655509,0.011553086478682306,0.012938992605721893,0.014867087534155901,0.0282005868802286
2026-02-06 00:00:00+00:00,1.4698,0.19071153263129595,0.04796909163615144,0.049854543199247925,0.05050212458033334,0.05204230692471411,0.056422027746679815,0.0595657373538222,0.06268243368032006,0.0758182969365803
2026-02-07 00:00:00+00:00,1.4231,-0.032288746405156554,0.03637088867857786,0.08433998031472931,0.08622543187782576,0.08719938098622565,0.09112196129638483,0.0958991001905934,0.09904898930275499,0.10834643669929558
2026-02-08 00:00:00+00:00,1.4308,0.0053961376952484374,0.0010425631444165103,0.03741345182299437,0.0853825434591458,0.08791557640332773,0.08945575874770849,0.0969356299378281,0.10008390827039308,0.10899619716382336
2026-02-09 00:00:00+00:00,1.437,0.004323878694162231,2.9118302026081118e-05,0.0010716814464425913,0.03744257012502043,0.08729711332426837,0.08827106243266825,0.09386459787170025,0.0983506543668938,0.1088566002398188
2026-02-10 00:00:00+00:00,1.3999,-0.02615680159824546,1.869592696183008e-05,4.781422898791119e-05,0.0010903773734044077,0.08543035768813372,0.08796339063231563,0.09221233866978923,0.09702700340580449,0.10886936010267899
2026-02-11 00:00:00+00:00,1.3697,-0.021809067740004018,0.0006841782698499763,0.0007028741968118064,0.0007319924988378736,0.03814544432183225,0.08799998752108018,0.09018775124654635,0.09767365583384782,0.10949302899562896
2026-02-12 00:00:00+00:00,1.3635,-0.004536814455132321,0.00047563543568808394,0.0011598137055380603,0.0011785096324998764,0.002250191078942475,0.08659017139367178,0.08944957206516811,0.09814325787235409,0.10987003869142749
2026-02-13 00:00:00+00:00,1.4071,0.03147592550856687,2.0582685400297577e-05,0.0004962181210883815,0.0011803963909383438,0.001228210619926262,0.038641662442920645,0.08914378702325397,0.09506369018960045,0.10709621234214982
2026-02-14 00:00:00+00:00,1.5094,0.07018137205655806,0.0009907338866208507,0.0010113165720211483,0.0014869520077092184,0.002189826204521032,0.0032615076509636366,0.08948693952878939,0.09438346894734846,0.10793990960779182
2026-02-15 00:00:00+00:00,1.4753,-0.02285086192724678,0.004925424983741028,0.005916158870361879,0.005936741555762163,0.00709655526130023,0.007144369490288155,0.09252691294943394,0.09660012823799663,0.11204241883773625
2026-02-16 00:00:00+00:00,1.4876,0.00830272412739369,0.0005221618908180964,0.005447586874559125,0.006438320761179962,0.00693453888226835,0.0076374130790801695,0.045079983204100595,0.09590847551174841,0.1125359189728487
2026-02-17 00:00:00+00:00,1.4743,-0.00898078219514098,6.893522793560532e-05,0.0005910971187537008,0.005516522102494716,0.006527838674515871,0.007687652380053945,0.008778029753458346,0.09565104301236958,0.11259967614507693
2026-02-18 00:00:00+00:00,1.4219,-0.03618929545344529,8.065444883656122e-05,0.00014958967677216567,0.000671751567590249,0.006587910437952135,0.0070841285590405294,0.007816121057878397,0.0950841160801207,0.11142916656808047
2026-02-19 00:00:00+00:00,1.4068,-0.0106763838025013,0.001309665105416756,0.0013903195542533165,0.0014592547821889088,0.00690684165674804,0.007918158228769201,0.009096667861269071,0.09450832962244098,0.112731458583995
2026-02-20 00:00:00+00:00,1.4292,0.015797225549427363,0.0001139851710983121,0.0014236502765150672,0.0015043047253516153,0.002095401844105324,0.008011560714467217,0.009191957105405555,0.046653223157387846,0.11039066374466963
2026-02-21 00:00:00+00:00,1.4304,0.0008392782699948587,0.00024955233505948065,0.00036353750615779166,0.0016732026115745347,0.0018227922883467082,0.007270379162905846,0.008757331170615059,0.010531886813869469,0.10973895466275467
2026-02-22 00:00:00+00:00,1.3932,-0.02635086592740349,7.043880144855628e-07,0.00025025672307396515,0.00036424189417226424,0.0017545614484255885,0.0023456585671793036,0.00828240012294146,0.009490028057467445,0.10958591356078187
2026-02-23 00:00:00+00:00,1.3518,-0.030166221825592476,0.0006943681351239941,0.0006950725231384786,0.0009446248581979463,0.0023682751347130215,0.002517864811485201,0.008956185572665157,0.010155277890565358,0.11027594863976295
2026-02-24 00:00:00+00:00,1.3482,-0.002666668246915138,0.0009100009392308518,0.0016043690743548448,0.0016050734623693176,0.0019686109685271174,0.0033589305227804474,0.008875452625275157,0.01104658290283438,0.11117830540221538
2026-02-25 00:00:00+00:00,1.4339,0.06162763530165494,7.111119539105456e-06,0.0009171120587699562,0.0016114801938939374,0.0018617369169679106,0.0032853871934829916,0.003957138761073235,0.010369515752523508,0.10942304431622912
2026-02-26 00:00:00+00:00,1.4027,-0.021999053995367723,0.003797965432873786,0.0038050765524128903,0.004715077491643729,0.005410150014782216,0.005773687520940022,0.007232942303128924,0.01369184574970921,0.11187866286105176
2026-02-27 00:00:00+00:00,1.3562,-0.033712279475883955,0.00048395837669110457,0.004281923809564889,0.004289034929103982,0.005893404003458835,0.0061436607265328135,0.007647965451884424,0.014155221441000019,0.11232509539593621
2026-02-28 00:00:00+00:00,1.3762,0.014639406518637765,0.0011365177874601065,0.0016204761641512102,0.005418441597024983,0.006335553655794947,0.007030626178933439,0.008703828790507968,0.014301005341839272,0.11345557978621451
2026-03-01 00:00:00+00:00,1.3524,-0.017445285934648613,0.0002143122232179339,0.0013508300106780395,0.001834788387369131,0.00563986493978203,0.007244234014136888,0.007608475908309147,0.00958989258131618,0.11056974164127852
2026-03-02 00:00:00+00:00,1.39,0.027422955291006412,0.00030433800134164877,0.0005186502245595818,0.0016551680120196754,0.005937091821584572,0.006854203880354542,0.007798828738552483,0.009372068691839732,0.10920312451374731
2026-03-03 00:00:00+00:00,1.3607,-0.02130447392792456,0.0007520184768925366,0.0010563564782341845,0.0012706687014521054,0.002891144865603324,0.006696221418016227,0.00830129488038554,0.010055151940796663,0.107246377297547
2026-03-04 00:00:00+00:00,1.4309,0.050304343715876554,0.00045388060934561735,0.001205899086238153,0.001510237087579789,0.0028610670982578365,0.00714299090782274,0.00875447110171667,0.01042837810130572,0.1064864432898263
2026-03-05 00:00:00+00:00,1.4037,-0.019192009372409113,0.002530526996685049,0.0029844076060306654,0.0037364260829231893,0.004255076307482779,0.005875552471634003,0.010590629963277726,0.011649239992574011,0.10869060255919691
2026-03-06 00:00:00+00:00,1.3633,-0.029203376348196253,0.00036833322375063926,0.0028988602204356876,0.0033527408297812917,0.0044090973080154845,0.0057599273186935375,0.010048962247797513,0.01190358804522634,0.10841135440186211
2026-03-07 00:00:00+00:00,1.3567,-0.00485295070082109,0.0008528371901343883,0.0012211704138850267,0.0037516974105700628,0.004957596496808225,0.005476246721367819,0.010894688318392794,0.012506872900301247,0.10737874002890002
2026-03-08 00:00:00+00:00,1.34,-0.012385666546305796,2.3551130504599913e-05,0.0008763883206389872,0.0012447215443896135,0.004229129150420287,0.005285485628654486,0.007120274016023611,0.012529719642791362,0.059433199523253176
2026-03-09 00:00:00+00:00,1.3631,0.017091903631840266,0.00015340473579627853,0.00017695586630087757,0.0010297930564352527,0.003928653276870949,0.005134552363109115,0.006789720375128784,0.011988756243463645,0.023215715580471596
2026-03-10 00:00:00+00:00,1.3863,0.016876809967533102,0.00029213316976011447,0.0004455379055563921,0.000469089036060979,0.001690259449946014,0.0046746670559766924,0.005945335757428792,0.011370888473992908,0.022465285605815198
2026-03-11 00:00:00+00:00,1.3847,-0.0011548178836621736,0.0002848267146802247,0.0005769598844403383,0.0007303646202366038,0.0016067529408755994,0.0045056131613113,0.006015850248891083,0.011648604069134028,0.022720994018469342
2026-03-12 00:00:00+00:00,1.3846,-7.222041674320723e-05,1.3336043444259817e-06,0.0002861603190246498,0.0005782934887847513,0.000755249355085637,0.001976419768970677,0.00571284585189386,0.007851972240604669,0.022703631695851937
2026-03-13 00:00:00+00:00,1.3989,0.010274924238459826,5.215788594562527e-09,1.3388201330196769e-06,0.00028616553481323136,0.0007317034403696317,0.0016080917610086325,0.004960832590789918,0.007368019079702157,0.022019458641790557
2026-03-14 00:00:00+00:00,1.4063,0.005275928393817186,0.00010557406810608924,0.00010557928389468294,0.0001069128882390959,0.0006838727726794424,0.0008608286389803334,0.0046125260495503894,0.00633707536034814,0.02164939727420856
2026-03-15 00:00:00+00:00,1.4487,0.029704460671403865,2.7835420416686396e-05,0.00013340948852277477,0.00013341470431135633,0.0004195750233360144,0.0008651129288924199,0.0021098344732820274,0.006150598557546893,0.02165665000922495
2026-03-16 00:00:00+00:00,1.543,0.06306197081555481,0.000882354983778979,0.0009101904041956645,0.0010157644723017408,0.0010171032924347688,0.0015940631768751204,0.002623856233310367,0.006728615539984223,0.021548271106383077
2026-03-17 00:00:00+00:00,1.5182,-0.016203150780492948,0.003976812163141887,0.004859167146920865,0.004887002567337539,0.00499258185123223,0.005278742170256893,0.005747831206317866,0.009953409226233573,0.020599658285783938
2026-03-18 00:00:00+00:00,1.4647,-0.035874979258406436,0.0002625420952153892,0.004239354258357276,0.005121709242136242,0.005255118730659025,0.005256457550792058,0.005986822171028655,0.009762070712103344,0.02034003849018123
2026-03-19 00:00:00+00:00,1.4475,-0.011812512877111048,0.001287014136791092,0.0015495562320064814,0.005526368395148354,0.006436558799344028,0.0065421380832387235,0.0071204315720234685,0.00851855785220939,0.02155811739903672
2026-03-20 00:00:00+00:00,1.4452,-0.0015902101736651741,0.00013953546047191433,0.0014265495972630067,0.001689091692478382,0.006548258839399255,0.006681668327922044,0.006967833862735269,0.008289760088930663,0.021616998410672068
2026-03-21 00:00:00+00:00,1.4086,-0.025651416962175155,2.5287683964282234e-06,0.00014206422886834256,0.0014290783656594208,0.005668432624016705,0.0065786230282123825,0.006685535916451472,0.0074394516671927036,0.020309862073651742
2026-03-22 00:00:00+00:00,1.3848,-0.017040578449310506,0.0006579951921673673,0.0006605239605637955,0.0008000594210356962,0.002349615653042185,0.007208782799963063,0.007342197504274414,0.00807389572885547,0.0208538720947208
2026-03-23 00:00:00+00:00,1.4323,0.03372581892381987,0.00029038131388710564,0.000948376506054473,0.0009509052744508875,0.0023774548717139018,0.00661680913007119,0.007632573602372924,0.0082108723069463,0.020894701073548422
2026-03-24 00:00:00+00:00,1.416,-0.011445548532154348,0.0011374308620822867,0.0014278121759693924,0.002085807368136746,0.002227871597005096,0.0037774278290115906,0.008664430396349123,0.00905616999926847,0.022031427547616226
2026-03-25 00:00:00+00:00,1.4145,-0.0010598835120431138,0.00013100058120190056,0.0012684314432841871,0.0015588127571712794,0.0022193367177350824,0.003645886314998102,0.008767595557134336,0.008902343865790146,0.02146805999369413
2026-03-26 00:00:00+00:00,1.3609,-0.038629866175350025,1.1233530591008454e-06,0.0001321239342610014,0.0012695547963432745,0.002217931302397755,0.0023599955312661107,0.00788636392641446,0.00890213361450482,0.02055918240752238
2026-03-27 00:00:00+00:00,1.3257,-0.026205623761467844,0.0014922665607254519,0.0014933899137845527,0.0016243904949864397,0.00305220267095584,0.0037127266315196486,0.005401818323998023,0.010394394959441678,0.022044337848708725
2026-03-28 00:00:00+00:00,1.3333,0.005716450316608668,0.0006867347167276081,0.00217900127745306,0.002180124630512147,0.003448556073796342,0.004396932579850828,0.005826010945510242,0.010975555608063197,0.01893310713256255
2026-03-29 00:00:00+00:00,1.3278,-0.00413363483635365,3.267780422225534e-05,0.0007194125209498634,0.0022116790816753018,0.0023438030159363106,0.003771615191905716,0.0045716746129414055,0.010980397991868765,0.0184818265600937
2026-03-30 00:00:00+00:00,1.3242,-0.0027149337943133123,1.7086936960316468e-05,4.9764741182571806e-05,0.0007364994579101662,0.0022298893716947267,0.003498320814978927,0.004449226089429807,0.010115129945050105,0.017362395709593907
2026-03-31 00:00:00+00:00,1.3411,0.012681669226148662,7.370865507504479e-06,2.4457802467820946e-05,5.713560669006262e-05,0.0022361368841431303,0.002368260818404145,0.004454068186540884,0.006145688647415722,0.01715545435188348
2026-04-01 00:00:00+00:00,1.3478,0.004983460795222272,0.000160824734361446,0.0001681955998689505,0.0001852825368292533,0.0009046950577791243,0.00239808497156369,0.003956897728734962,0.006043971286561778,0.017011941084903278
2026-04-02 00:00:00+00:00,1.32,-0.020841896931700077,2.48348814975174e-05,0.0001856596158589634,0.00019303048136645422,0.0002427952225490336,0.0024217965000021065,0.003691351296345374,0.004781792031268203,0.016284757489508257
2026-04-03 00:00:00+00:00,1.3184,-0.001212856425209352,0.0004343846677116091,0.0004592195492091265,0.0006200442835705589,0.0006445020860383874,0.0013639146069882638,0.002988305101974696,0.005076641238507898,0.016265261547874253
2026-04-04 00:00:00+00:00,1.3153,-0.0023541036804743953,1.4710207081716088e-06,0.00043585568841978073,0.00046069056991728446,0.0006288861697862425,0.0006786509109688273,0.0028587755414809677,0.005075583490819642,0.013736205571897373
2026-04-05 00:00:00+00:00,1.3263,0.008328334025574369,5.541804138423094e-06,7.012824846594703e-06,0.00044139749255819015,0.0006270571084171611,0.0006515149108849951,0.0028631939925602896,0.004423130102790698,0.013373414152285155
2026-04-06 00:00:00+00:00,1.3212,-0.003852695983672716,6.936114764153977e-05,7.490295177996286e-05,7.637397248812082e-05,0.0005355935216972548,0.0007037891215662185,0.0014402885794763775,0.004202109936545132,0.012589938109792307
2026-04-07 00:00:00+00:00,1.3787,0.042600611660948806,1.4843266342607876e-05,8.420441398414764e-05,8.974621812255708e-05,0.0005256019065423454,0.0007112615224013219,0.0007683971290913773,0.0030795223408054528,0.012581230245630315
2026-04-08 00:00:00+00:00,1.3428,-0.026384040071703474,0.0018148121138869674,0.0018296553802295754,0.0018990165278711013,0.0019060293527177036,0.0023652489019268435,0.0025505314387560896,0.004763333873490519,0.014242637623721006
2026-04-09 00:00:00+00:00,1.3438,0.0007444353801698278,0.0006961175705052547,0.002510929684392222,0.0025257729507348163,0.0026006759025147866,0.0030365315909345806,0.0032295620723010276,0.005458328090936673,0.014646622024466144
2026-04-10 00:00:00+00:00,1.3559,0.008964018982213884,5.54184035248596e-07,0.0006966717545405033,0.0025114838684274572,0.0025956882824116124,0.0026027011072582203,0.003222745390828772,0.00396661571424647,0.014362349493821168
2026-04-11 00:00:00+00:00,1.3546,-0.0009592326874602319,8.035363631349084e-05,8.090782034873944e-05,0.0007770253908539805,0.0026066807710835634,0.0026815837228635394,0.0031422742927808165,0.0033602346338323526,0.014441369525790233
2026-04-12 00:00:00+00:00,1.3247,-0.022320189090587472,9.20127348692179e-07,8.127376366218302e-05,8.182794769741795e-05,0.0025927576320896478,0.002676962046073808,0.0031183595386319912,0.0033284769569587895,0.014442284437350331
2026-04-13 00:00:00+00:00,1.3756,0.037703980867895226,0.00049819084103958,0.0004991109683882722,0.0005794646047017494,0.0012761363592422603,0.0031057917394718484,0.003182165711959962,0.0038095808610380533,0.014834901210283821
2026-04-14 00:00:00+00:00,1.3617,-0.010156080427581538,0.0014215901732866092,0.0019197810143261893,0.0019207011416748677,0.0020016089620236146,0.00451253864641585,0.0046022848645384,0.005223800168817157,0.016228655963153746
2026-04-15 00:00:00+00:00,1.3922,0.022151310604036634,0.00010314596965150479,0.0015247361429381139,0.0020229269839776806,0.002104200747639871,0.0028008725021803874,0.004699889030051482,0.0051661214041072165,0.015449446949026271
2026-04-16 00:00:00+00:00,1.453,0.04274515483571678,0.0004906805614765058,0.0005938265311280104,0.002015416704414606,0.0025145276728028862,0.002595435493151638,0.005121208443886448,0.005631967084086205,0.01196331534736089
2026-04-17 00:00:00+00:00,1.4757,0.015502068899120869,0.0018271482619294018,0.0023178288234059073,0.0024209747930573986,0.004340755807383596,0.0044220295710457914,0.006933513439473241,0.007024730678303998,0.013527921514074902
2026-04-18 00:00:00+00:00,1.4323,-0.029850909683584448,0.0002403141401530905,0.0020674624020824922,0.0025581429635589846,0.004082879106497106,0.0045819900748853915,0.005359015465739365,0.007263573797748916,0.012481221517436901
2026-04-19 00:00:00+00:00,1.3942,-0.02696076973352096,0.0008910768089375158,0.0011313909490906061,0.0029585392110199945,0.003552365742148013,0.0054721467564742155,0.005553974704171625,0.00814910880254801,0.013232762865902501
2026-04-20 00:00:00+00:00,1.4243,0.021359690888242022,0.0007268831046239399,0.0016179599135614556,0.0018582740537145326,0.0041761028771204484,0.0057008390200585755,0.006280303624760317,0.00880663075953041,0.013957117202130014
2026-04-21 00:00:00+00:00,1.4334,0.006368779619278397,0.00045623639484124927,0.001183119499465189,0.0020741963084026913,0.004141658710485192,0.004735485241613215,0.0066561863832880755,0.00924802388802905,0.013755358404803896
2026-04-22 00:00:00+00:00,1.4294,-0.0027944687739403506,4.056135383893589e-05,0.0004967977486801849,0.0012236808533041114,0.0023550718023947256,0.004672900625800646,0.0066958276097783195,0.007473773127981019,0.013505538444755726
2026-04-23 00:00:00+00:00,1.4386,0.006415642647377429,7.809055728527686e-06,4.837040956746336e-05,0.0005046068044086992,0.0021225667179701623,0.004190029120052668,0.006205445824467267,0.006785464613204293,0.012375916638401967
2026-04-24 00:00:00+00:00,1.4334,-0.003621173873437078,4.1160470578848064e-05,4.8969526307375535e-05,8.953088014629798e-05,0.0012726503796114948,0.002404041328702114,0.004825016121759506,0.0068260708997478926,0.012286076527778914
2026-04-25 00:00:00+00:00,1.4238,-0.0067198908900459875,1.311290022166329e-05,5.427337080051114e-05,6.208242652902538e-05,0.0005588801752092181,0.0021768400887706867,0.004734983052329665,0.006758830163656064,0.012298066074941478
2026-04-26 00:00:00+00:00,1.4307,0.00483448130251557,4.5156933574123057e-05,5.826983379578613e-05,9.943030437462075e-05,0.00014780071394209193,0.0013309202134072942,0.004289459424427281,0.0068030669698814945,0.010850956447790147
2026-04-27 00:00:00+00:00,1.4007,-0.02119172332728736,2.337220946437264e-05,6.852914303849548e-05,8.164204326014533e-05,0.00013061156956752868,0.0006274093182477269,0.0024856833719622525,0.006328248338306287,0.010187593940526913
2026-04-28 00:00:00+00:00,1.3805,-0.0145263592747919,0.00044908913758029526,0.00047246134704466766,0.0005176182806187773,0.0005718916514192963,0.0006202620609867728,0.002694458369389457,0.005355747302599974,0.010604005273884953
2026-04-29 00:00:00+00:00,1.3691,-0.008292162730498875,0.00021101511378033265,0.0006601042513606277,0.0006834764608249869,0.0007417462946207808,0.0007907158209281696,0.002014396674232274,0.005463616446728802,0.010797933450704967
2026-04-30 00:00:00+00:00,1.3679,-0.0008768725443117353,6.875996274907456e-05,0.000279775076529407,0.0007288642141096888,0.0007973933571481921,0.0008516667279487164,0.0013562735323574084,0.005041695848001371,0.010859322547946538
2026-05-01 00:00:00+00:00,1.3858,0.013000873097882282,7.689054589677363e-07,6.952886820804208e-05,0.0002805439819883613,0.0007530053290330368,0.0008112751628288361,0.0009008060429751269,0.0032153164915309364,0.010699266719044061
2026-05-02 00:00:00+00:00,1.3937,0.0056844909321830395,0.00016902270130723923,0.00016979160676620675,0.00023855156951526789,0.0008986558208759034,0.0009671849639144121,0.0010292673904434304,0.003144025052685085,0.010843454538853782
2026-05-03 00:00:00+00:00,1.388,-0.004098219058714103,3.2313437158071204e-05,0.00020133613846531022,0.0002021050439242645,0.0004818801204536793,0.0009543414674983603,0.0010537717718729737,0.0022852616809056403,0.010441383308300245
2026-05-04 00:00:00+00:00,1.3918,0.002734011343999865,1.679539945320751e-05,4.9108836611278496e-05,0.00021813153791850427,0.0002876604061265542,0.000947764657487195,0.0010294067007473333,0.001575173975734908,0.010456707687045281
2026-05-05 00:00:00+00:00,1.4126,0.014834104564072303,7.474818029119947e-06,2.4270217482327238e-05,5.6583654640385e-05,0.00022637526140659956,0.0005061503379360198,0.0010237686185547898,0.0011264123989227785,0.010458640700935978
2026-05-06 00:00:00+00:00,1.4249,0.008669657826921251,0.00022005065821783075,0.00022752547624695047,0.0002443208757001446,0.00044565701416546255,0.0005151858823735179,0.0011986623431984975,0.0013059017033016736,0.01060933021151227
2026-05-07 00:00:00+00:00,1.3869,-0.027030595139453717,7.51629668358969e-05,0.0002952136250537274,0.00030268844308283395,0.00035179727969412023,0.0005215888864603403,0.001250453100570022,0.0013732556144090428,0.010669649912005558
2026-05-08 00:00:00+00:00,1.4182,0.02231742120760677,0.0007306530735930589,0.0008058160404289555,0.0010258666986467729,0.001050136916129108,0.0012514730545944313,0.0015320170365827855,0.0020627482174232535,0.009585490871711648
2026-05-09 00:00:00+00:00,1.4205,0.0016204604243464371,0.0004980672893577364,0.001228720362950795,0.0013038833297866785,0.0015314088060336367,0.0015805176426449286,0.0018190692121601894,0.002547702606559327,0.009387440590564131
2026-05-10 00:00:00+00:00,1.4734,0.036563732954470574,2.6258919868730352e-06,0.0005006931813446092,0.0012313462549376547,0.00152655987999139,0.0015508300974737303,0.0017529351413979877,0.0025051715649720765,0.009389512298515755
2026-05-11 00:00:00+00:00,1.4776,0.0028464946363169763,0.0013369065675658373,0.0013395324595527102,0.001837599748910433,0.0026434157893393965,0.0028709412655863603,0.0030890728035048573,0.003818705923073541,0.0106460652297681
2026-05-12 00:00:00+00:00,1.437,-0.02786154280600528,8.102531714581315e-06,0.0013450090992804184,0.001347634991267278,0.002576355354218081,0.0028715689792718213,0.0029281526339121995,0.0033777193172078277,0.01065324763413399
2026-05-13 00:00:00+00:00,1.4273,-0.006773059443302143,0.0007762655675308646,0.0007843680992454457,0.0021212746668112696,0.0026219678481558865,0.0034277838885848552,0.0036721047642849928,0.003942969770958359,0.010931322360625276
2026-05-14 00:00:00+00:00,1.4852,0.03976489566720226,4.5874334222504336e-05,0.0008221399017533688,0.0008302424334679366,0.002169774893020654,0.003398495255971463,0.0037011836990542895,0.003920084142431789,0.00955560652156117
2026-05-15 00:00:00+00:00,1.434,-0.035081701143359456,0.001581246927423481,0.0016271212616459853,0.002403386829176836,0.0037483959284572623,0.004249089109801885,0.0052749558084486505,0.005500562164396302,0.011033707479333146
2026-05-16 00:00:00+00:00,1.4136,-0.014328100154078982,0.0012307257551119881,0.0028119726825354694,0.0028578470167579598,0.0036422151160034133,0.0049817475755561365,0.006285630905342808,0.006562265218201052,0.011773752672968627
2026-05-17 00:00:00+00:00,1.4016,-0.008525200823359669,0.00020529445402531815,0.0014360202091373063,0.0030172671365607737,0.00383940703831415,0.005184416137594581,0.006415762392532229,0.006735246235068298,0.010151898865064546
2026-05-18 00:00:00+00:00,1.39,-0.0083106940573896,7.267904907861238e-05,0.0002779735031039305,0.0015086992582159049,0.003135820519861898,0.003920188619107357,0.005757788368017783,0.006791129884693703,0.009984263773990067
2026-05-19 00:00:00+00:00,1.3616,-0.020643268305627738,6.906763571553082e-05,0.0001417466847941432,0.00034704113881944766,0.0031590138213549246,0.003981153723108306,0.005328788714375578,0.0068527227023801145,0.009162254600768083
2026-05-20 00:00:00+00:00,1.3672,0.004104373982271481,0.0004261445263381347,0.0004952121620536655,0.0005678912111322642,0.002003911420269578,0.0036310326819155763,0.005752307348726839,0.007058816570500418,0.008861516022482276
2026-05-21 00:00:00+00:00,1.3739,0.0048885581285213475,1.6845885786347055e-05,0.00044299041212448177,0.0005120580478399989,0.000790031550943937,0.003602004233479419,0.004432246666947349,0.007000499489450868,0.008422125513427374
2026-05-22 00:00:00+00:00,1.3345,-0.029096721085323574,2.389800057593214e-05,4.074388636227919e-05,0.00046688841270040016,0.000608635097494551,0.0020446553066318703,0.0044480421358086995,0.006293744416433741,0.00840546216016437
2026-05-23 00:00:00+00:00,1.3583,0.01767722798386623,0.0008466191779171134,0.0008705171784930456,0.0008873630642793789,0.0013825752263330522,0.0016605487294369956,0.004518395746194948,0.006642296304993118,0.009244272282352957
2026-05-24 00:00:00+00:00,1.351,-0.005388858868246249,0.00031248438919358326,0.0011591035671106966,0.001183001567686615,0.0016259919798111045,0.0017677386646052606,0.004785005801166028,0.006952154802199829,0.009515596200967692
2026-05-25 00:00:00+00:00,1.3503,-0.00051826899320212,2.9039799901876243e-05,0.0003415241890954595,0.001188143367012559,0.001228887253374846,0.0017240994154285247,0.003232798673644422,0.005644288034535867,0.009531523100647903
2026-05-26 00:00:00+00:00,1.3292,-0.015749532486557583,2.6860274931473916e-07,2.9308402651190982e-05,0.0003417927918447605,0.0012123099703378137,0.0016553003824623085,0.002002341521281749,0.005636454105570601,0.009486634769823097
2026-05-27 00:00:00+00:00,1.3076,-0.016383861630383523,0.00024804777354513267,0.0002483163762944474,0.0002773561761963099,0.0014364597433070144,0.0014772036296693063,0.0020450948408015637,0.0051082363115848685,0.009711310333903855
2026-05-28 00:00:00+00:00,1.3156,0.006099439464846368,0.0002684309219235534,0.000516478695468686,0.0005167472982179871,0.0008582714873134542,0.0017287886658065128,0.0022408467136465046,0.005330792899285918,0.009530652118247116
2026-05-29 00:00:00+00:00,1.33,0.01088610690089753,3.720316178532535e-05,0.00030563408370887874,0.0005536818572539977,0.0005829902599051964,0.001742093827015906,0.0022089822397162993,0.003786749133647763,0.009356840166252108
2026-05-30 00:00:00+00:00,1.3408,0.00808750851201906,0.00011850732345776882,0.00015571048524309417,0.0004241414071666338,0.000672457783461089,0.0010139819725565615,0.0019013450368359332,0.002674530701993543,0.009406587526960802
2026-05-31 00:00:00+00:00,1.333,-0.0058344095491099646,6.540779393198074e-05,0.00018391511738974955,0.00022111827917506113,0.0007375969746437549,0.000766905377294959,0.001949906944981567,0.002534644041900206,0.009471226415433815
2026-06-01 00:00:00+00:00,1.2972,-0.027223945745545763,3.404033478674554e-05,9.944812871872627e-05,0.00021795545217648133,0.0005235895358853679,0.0007719059121798282,0.0019600492791923803,0.002496005327608339,0.00933624404891332
2026-06-02 00:00:00+00:00,1.2117,-0.06818376319568598,0.0007411432219564193,0.0007751835567431648,0.0008405913506751317,0.0009963018359182337,0.0015127805313869327,0.0018545733232316862,0.0031680809138492274,0.010045073833711669
2026-06-03 00:00:00+00:00,1.2012,-0.00870327512830163,0.004649025563525381,0.0053901687854818,0.005424209120268532,0.00560812423765829,0.005913758321367181,0.0061911144975634845,0.007390961951036473,0.01467730399778384
2026-06-04 00:00:00+00:00,1.1688,-0.02734347567268547,7.574699795891375e-05,0.004724772561484295,0.005465915783440701,0.005565363912159435,0.005721074397402542,0.006237821695620521,0.0074498630632090414,0.014745576177713637
2026-06-05 00:00:00+00:00,1.0978,-0.06266940432070084,0.000747665661862742,0.0008234126598216558,0.005472438223347023,0.006247621780090196,0.006431536897479957,0.006985218754733949,0.008173630724495852,0.015273191181358546
2026-06-06 00:00:00+00:00,1.0934,-0.0040160696548901115,0.003927454237911477,0.00467511989977422,0.004750866897733119,0.010141035683214929,0.010240483811933666,0.010664625219100294,0.011254465784490214,0.019125482452434128
2026-06-07 00:00:00+00:00,1.1556,0.055327582131181316,1.612881547292918e-05,0.003943583053384407,0.004691248715247134,0.009416021276731436,0.010191204833474615,0.010412323112649668,0.01095811021076956,0.018410958194313997
2026-06-08 00:00:00+00:00,1.1683,0.01093001113102246,0.003061141344482614,0.003077270159955543,0.007004724397867007,0.00782813705768867,0.013218305843170484,0.013436261295346957,0.013990211755350299,0.020974032249438876
2026-06-09 00:00:00+00:00,1.1375,-0.026716828897997175,0.00011946514332427487,0.003180606487806889,0.003196735303279804,0.00787185520305403,0.01259662776453834,0.013437219115213464,0.014109408295925259,0.021090871500776275
2026-06-10 00:00:00+00:00,1.097,-0.036253690549875206,0.000713788946364857,0.0008332540896891318,0.003894395434171732,0.007837978487556147,0.008661391147377814,0.01408560026764634,0.014575149468744983,0.020467753879575296
2026-06-11 00:00:00+00:00,1.1428,0.04090221008138781,0.001314330078486111,0.0020281190248509677,0.002147584168175229,0.00522485432813078,0.009899974227905011,0.015365890011345706,0.01562104862530754,0.021773981426346827
2026-06-12 00:00:00+00:00,1.1325,-0.009053812999428895,0.0016729907895419824,0.0029873208680280933,0.0037011098143929365,0.006881716302199832,0.010825299355584253,0.016297737578931267,0.0172568362530642,0.022670706648357943
2026-06-13 00:00:00+00:00,1.1507,0.01594287447222381,8.197152982862765e-05,0.0017549623193706104,0.003069292397856707,0.003902546487545847,0.006979816647501403,0.011730683545234514,0.017220300459435057,0.022706803843964066
2026-06-14 00:00:00+00:00,1.1861,0.030300161205817078,0.0002541752464370857,0.00033614677626571355,0.0020091375658076818,0.004037256590658658,0.007217863078465559,0.011909111793712688,0.01740906791194016,0.02137973216297767
2026-06-15 00:00:00+00:00,1.2382,0.042988098049901696,0.0009180997690985022,0.0011722750155355882,0.0012542465453642018,0.004241567413392303,0.005074821503081448,0.012079545900948447,0.018293127346251915,0.021067106176964185
2026-06-16 00:00:00+00:00,1.2173,-0.01702342066958104,0.001847976573947962,0.0027660763430464646,0.003020251589483536,0.004775213908854154,0.0068033329337051345,0.01000006823698493,0.01939996069824346,0.022709788296886833
2026-06-17 00:00:00+00:00,1.1868,-0.025374681998883875,0.000289796851293519,0.0021377734252414813,0.003055873194339969,0.0033920199706056905,0.006379340838633797,0.010273736272805523,0.015040731986011599,0.022926906099101738
2026-06-18 00:00:00+00:00,1.1465,-0.03454678611870762,0.0006438744865444814,0.0009336713378380006,0.0027816479117859483,0.0039539229273215445,0.005708885246692168,0.00785646941486739,0.015608859474597166,0.023501712949930687
2026-06-19 00:00:00+00:00,1.1359,-0.009288535060583358,0.0011934804311317297,0.0018373549176762113,0.0021271517689697163,0.004893228112016188,0.005229374888281915,0.008930484702674844,0.016054674243866154,0.024269048854724282
2026-06-20 00:00:00+00:00,1.1499,0.012249693817243196,8.627688357168629e-05,0.0012797573147034162,0.0019236318012478837,0.004061405226489372,0.005233680242024973,0.008302972639881672,0.012213496889526363,0.02433847985250962
2026-06-21 00:00:00+00:00,1.1248,-0.02206973999821854,0.00015005499861620616,0.00023633188218789267,0.0014298123133196082,0.0023634836511576165,0.005129559994204094,0.007138697560011769,0.012347423072669641,0.0244646368505499
2026-06-22 00:00:00+00:00,1.1295,0.004169814851657433,0.0004870734235889673,0.0006371284222051736,0.0007234053057768461,0.002560760223453065,0.0046985336486945585,0.005952780194058753,0.009773355151775994,0.02410509109622175
2026-06-23 00:00:00+00:00,1.1103,-0.017144807847837867,1.73873558971029e-05,0.0005044607794860704,0.0006545157781022627,0.0019342730928056866,0.0028679444306437,0.005888196020127229,0.009671277364348821,0.02380999406292527
2026-06-24 00:00:00+00:00,1.0736,-0.033612761842802596,0.0002939444361392829,0.00031133179203638605,0.0007984052156253395,0.0010347370978132395,0.002872092015489464,0.005927965209829426,0.009251432854123246,0.024074898699162676
2026-06-25 00:00:00+00:00,1.0435,-0.02843703970016192,0.0011298177587009662,0.0014237621948402493,0.0014411495507373382,0.0020782779729425194,0.0033580352876459484,0.00613968319943189,0.0090669205343381,0.025204447855114328
2026-06-26 00:00:00+00:00,1.049,0.0052568818790415806,0.0008086652269085851,0.0019384829856095515,0.0022324274217488203,0.0027368882012348984,0.0029732200834228038,0.005100371852392513,0.008202594971704705,0.02576506530847778
2026-06-27 00:00:00+00:00,1.0475,-0.001430956600004224,2.763480709019574e-05,0.000836300033998781,0.001966117792699733,0.0022774495847361267,0.002914578006941313,0.00483820980818919,0.008148258248966273,0.025524269193644422
2026-06-28 00:00:00+00:00,1.0485,0.0009541985456817392,2.0476367910956485e-06,2.9682443881291605e-05,0.0008383476707898626,0.0022621098656301197,0.002766570645116203,0.004196382958435804,0.007896130639320282,0.02548911366865019
2026-06-29 00:00:00+00:00,1.059,0.009964495259431778,9.104948645811461e-07,2.9581316556770113e-06,3.059293874585866e-05,0.0019690759243554175,0.0022804077163918164,0.0030038130221686555,0.006978941365086361,0.025371516840057007
2026-06-30 00:00:00+00:00,1.0401,-0.018008204242318943,9.929116577523838e-05,0.00010020166063981974,0.0001022492974309013,0.0009385493314296899,0.002362311526269952,0.0030168273043722073,0.005230255956913638,0.025405400211900263
2026-07-01 00:00:00+00:00,1.053,0.012326370774887976,0.00032429542003307397,0.00042358658580831255,0.00042449708067287964,0.0004541795245541788,0.002392662510163743,0.0031910677257890752,0.005264754525653193,0.02569565529714659
2026-07-02 00:00:00+00:00,1.0881,0.03278982282299099,0.00015193941648001242,0.00047623483651308663,0.0005755260022883108,0.0005784841339439955,0.0014147841679427893,0.0028559337186801204,0.004772819455588724,0.025106451491670186
2026-07-03 00:00:00+00:00,1.1348,0.04202336797772989,0.001075172480763141,0.0012271118972431536,0.0015514073172762134,0.0016516089779160408,0.0016812914217973452,0.003913718843546158,0.004654511505220135,0.021532598408907946
2026-07-04 00:00:00+00:00,1.1574,0.019719686205042053,0.001765963456191694,0.002841135936954835,0.0029930753534348335,0.0034166619392431534,0.003419620070898843,0.005385737863598569,0.006334198077840143,0.023222814867140725
2026-07-05 00:00:00+00:00,1.1572,-0.0001728160377583443,0.00038886602402532586,0.0021548294802170203,0.0032300019609801467,0.0037062367974932415,0.0038064384581330737,0.004644786128922929,0.006573009103249263,0.022864015229303307
2026-07-06 00:00:00+00:00,1.145,-0.010598657113639998,2.986538290649349e-08,0.00038889588940823255,0.0021548593455999123,0.003381971242843074,0.003805557828651399,0.0038361507673972508,0.006085965545043202,0.018936590856774738
2026-07-07 00:00:00+00:00,1.112,-0.029244441177812247,0.00011233153261251173,0.00011236139799541845,0.0005012274220207302,0.003342363358975573,0.0038185981954886724,0.003920847492919567,0.00618090972175861,0.01903279357391432
2026-07-08 00:00:00+00:00,1.0908,-0.019248823839094334,0.0008552373398025206,0.0009675688724150325,0.0009675987377979249,0.003122428218014953,0.004349540115258119,0.004774037195930992,0.006742202625421848,0.016826889569234227
2026-07-09 00:00:00+00:00,1.0932,0.002197803082479452,0.0003705172191884863,0.001225754558991007,0.0013380860916035048,0.001726981981011745,0.0045681179179665925,0.005143643920254896,0.005982902085909368,0.01707794164509844
2026-07-10 00:00:00+00:00,1.1046,0.010374103413174296,4.830338389356181e-06,0.0003753475575778427,0.0012305848973803493,0.0013429462953757753,0.003497775775592808,0.005049183092869014,0.00517906719739014,0.016368983037122937
2026-07-11 00:00:00+00:00,1.0967,-0.007177607700924002,0.00010762202162723458,0.00011245236001659097,0.00048296957920506323,0.0014505384516201032,0.0018394343410283486,0.004832509694463175,0.005259054411927179,0.01516227498026406
2026-07-12 00:00:00+00:00,1.0858,-0.009988628294812396,5.1518052308363536e-05,0.0001591400739355983,0.0001639704123249404,0.0013897249713159551,0.0015020863693113863,0.0047320883302915265,0.005308524827444446,0.013540802243030442
2026-07-13 00:00:00+00:00,1.0675,-0.016997576368571285,9.97726952119268e-05,0.00015129074752029056,0.000258912769147511,0.0006342603267253614,0.0016018291991404066,0.003756688544740312,0.005407387027791792,0.013558603408413741
2026-07-14 00:00:00+00:00,1.1117,0.04057090913678971,0.000288917602405413,0.00038869029761734003,0.00044020834992568943,0.0005526607099422881,0.0017784152689333081,0.0022796426909540315,0.005597013464421967,0.01359334576438207
2026-07-15 00:00:00+00:00,1.1133,0.0014382024950923417,0.0016459986681856464,0.0019349162705910596,0.002034688965802972,0.0021938290397385783,0.0025691765973164336,0.003536775335114352,0.006918716712574539,0.014321244663469214
2026-07-16 00:00:00+00:00,1.0871,-0.023814977524706918,2.068426416889837e-06,0.0016480670946025365,0.0019369846970079354,0.0020882754445282333,0.002200727804544837,0.0035388138961483353,0.006768845722511416,0.01247533651593814
2026-07-17 00:00:00+00:00,1.089,0.0017462437230058026,0.0005671531545022957,0.0005692215809191857,0.002215220249104818,0.002603910546722166,0.0027630506206577764,0.003993635518038119,0.006260826396250571,0.012752692819146916
2026-07-18 00:00:00+00:00,1.0929,0.0035748697496673365,3.049367140137166e-06,0.000570202521642433,0.0005722709480593087,0.002507187218650376,0.0026584779661706793,0.0031414475453757354,0.004497912307199013,0.012111867699742573
2026-07-19 00:00:00+00:00,1.0978,0.004473463433161157,1.2779693727086605e-05,1.5829060867223988e-05,0.0005829822153695056,0.00223104930997205,0.0026197396075894022,0.002783710019914336,0.004121825976900775,0.01093116696233793
2026-07-20 00:00:00+00:00,1.1124,0.013211666244020884,2.0011875087830004e-05,3.2791568814916824e-05,3.5840935955039894e-05,0.0006050625168742332,0.0025399787874653052,0.0027988915566128096,0.004141807986605698,0.010864901953854074
2026-07-21 00:00:00+00:00,1.1436,0.02766133808834688,0.00017454812494340088,0.0001945600000312311,0.00020733969375830361,0.0007775422154007442,0.0024256093100032934,0.0028658176599289757,0.004204024578936588,0.010889395080181268
2026-07-22 00:00:00+00:00,1.1421,-0.0013125083915954405,0.0007651496248378298,0.0009396977497812309,0.0009597096248690468,0.0009755386857362784,0.0015447602666554766,0.0035794492324584424,0.004113936863971896,0.011167471281430131
2026-07-23 00:00:00+00:00,1.1077,-0.030582879533674195,1.7226782780084502e-06,0.0007668723031158385,0.0009414204280592252,0.0009742119968741496,0.0015444145185165951,0.003481399215524524,0.0037451423230614187,0.011151806603811038
2026-07-24 00:00:00+00:00,1.0919,-0.014366495502866422,0.0009353125205712279,0.0009370351988492366,0.0017021848236870524,0.001896744823718291,0.0019125738845855275,0.004127794133690339,0.0046756245052432905,0.011793174688242982
2026-07-25 00:00:00+00:00,1.0977,0.005297783673250081,0.00020639619303388114,0.0011417087136051092,0.0011434313918831035,0.002083129141664342,0.0021159207104792716,0.0026881916585385734,0.0047743986766499375,0.010869753122575897
2026-07-26 00:00:00+00:00,1.1131,0.013931833805909385,2.8066511848555123e-05,0.00023446270488243647,0.0011697752254536504,0.0019366475285694962,0.00213120752860074,0.002714189743970239,0.004750947136190129,0.010089154407515866
2026-07-27 00:00:00+00:00,1.0661,-0.04314178554275064,0.00019409599319547959,0.00022216250504403492,0.00042855869807790196,0.001365593896927146,0.0023052916467083896,0.0023411325826634224,0.004845270434173681,0.01025561559362115
2026-07-28 00:00:00+00:00,1.069,0.002716502068615706,0.001861213659816688,0.0020553096530121677,0.002083376164860709,0.0032250848784658257,0.003991957181581677,0.004199296875339973,0.006417566491584956,0.012114781616646742
2026-07-29 00:00:00+00:00,1.0737,0.0043869954150447255,7.37938348879341e-06,0.0018685930433054816,0.002062689036500947,0.002297151741383391,0.0032341869402326404,0.004193896565101681,0.004778947206888103,0.012121250505270954
2026-07-30 00:00:00+00:00,1.0829,0.008532000194243813,1.924572877162344e-05,2.6625112260417067e-05,0.001887838772077091,0.0021100012771211336,0.0032517099907262556,0.004193130418785473,0.004796124509242838,0.012041205068267339
2026-07-31 00:00:00+00:00,1.0619,-0.019582871224533782,7.279502731457647e-05,9.204075608620012e-05,9.942013957497944e-05,0.002154729792587155,0.002389192497469604,0.004091377321156649,0.004301766382055119,0.011789704675548842
2026-08-01 00:00:00+00:00,1.0604,-0.0014135609949294525,0.0003834888453966732,0.0004562838727112499,0.0004755296014828592,0.0023441226447883487,0.0025662851498323962,0.003709716541715493,0.0046822058603116536,0.012021254104465504
2026-08-02 00:00:00+00:00,1.0869,0.024683412154270737,1.9981546863859437e-06,0.0003854870000830594,0.00045828202739762173,0.0004849071396580464,0.002540216792670227,0.00370999201812387,0.004671424321270954,0.010948079778388747
2026-08-03 00:00:00+00:00,1.0758,-0.010265036729998941,0.0006092708355776004,0.0006112689902639866,0.0009947578356606455,0.0010867985917468533,0.0029553916350523474,0.0033839503331302427,0.005260683281760724,0.009791387157774655
2026-08-04 00:00:00+00:00,1.0739,-0.0017676889749713987,0.00010537097906822736,0.0007146418146458279,0.0007166399693321997,0.0011729238420434573,0.001199548954303887,0.0032829251191645887,0.0051915061358855505,0.009507892112817556
2026-08-05 00:00:00+00:00,1.0623,-0.01086051307820312,3.124724312235434e-06,0.00010849570338046302,0.0007177665389580493,0.0011032535390411162,0.001195294295127329,0.003257983331628269,0.004429481235359956,0.009510986971746885
2026-08-06 00:00:00+00:00,1.0351,-0.025938328396263352,0.00011795074432182101,0.00012107546863405667,0.00022644644770226994,0.0008377154379662641,0.0012939993106775263,0.0031818380827546102,0.004545709301403768,0.009516606183456193
2026-08-07 00:00:00+00:00,1.021,-0.013715501225038944,0.0006727968799924018,0.000790747624314223,0.0007938723486264444,0.00150851416327228,0.0018940011633553518,0.0019934213029303245,0.004283193660824943,0.009334165723646076
2026-08-08 00:00:00+00:00,1.0397,0.018149670819259126,0.00018811497385404476,0.0008609118538464468,0.0009788625981682537,0.0010873583015487244,0.0016986272918127234,0.0021741568932955755,0.004264912441645105,0.009151763478311634
2026-08-09 00:00:00+00:00,1.0299,-0.009470499852168489,0.0003294105508474662,0.0005175255247015112,0.0011903224046938988,0.0013113978733279633,0.0020260396879738037,0.0024843217153714186,0.004566256480644017,0.009476343690769745
2026-08-10 00:00:00+00:00,1.0123,-0.0172367405270501,8.969036744992337e-05,0.0004191009182973898,0.0006072158921514205,0.0013979635164656514,0.0015064592198461265,0.0025012170555067654,0.004461850854898461,0.009458412036592433
2026-08-11 00:00:00+00:00,1.0229,0.010416760858255625,0.0002971052239968513,0.0003867955914467749,0.000716206142294227,0.0015771179961406815,0.0016981934647747506,0.0024148334341069434,0.0028977424190786243,0.00970399920828092
2026-08-12 00:00:00+00:00,1.0055,-0.017156800250254827,0.00010850890677808647,0.000405614130774938,0.0004953044982248472,0.0010128300229263663,0.0018035776472406016,0.0025213441861986438,0.0029988719423679174,0.00971273541984708
2026-08-13 00:00:00+00:00,1.0094,0.0038711646934552835,0.0002943557948271441,0.0004028647016052308,0.000699969925602068,0.0011190708438994655,0.0019799826977459248,0.002206429145448188,0.0032739820084234377,0.00971817361226881
2026-08-14 00:00:00+00:00,0.9996,-0.00975617494536472,1.498591608385474e-05,0.00030934171091099905,0.00041785061768907143,0.000804646209135854,0.0013221717338373778,0.002116044082463815,0.003216172897192716,0.008087160860167019
2026-08-15 00:00:00+00:00,1.0028,0.0031961673233408794,9.51829495645623e-05,0.00011016886564841725,0.00040452466047554727,0.0008101387912504929,0.0012292397095478953,0.002208102307716142,0.002927867001360605,0.008180275383314693
2026-08-16 00:00:00+00:00,0.9936,-0.009216655104923883,1.0215485558792002e-05,0.00010539843512335451,0.00012038435120719515,0.0005232490528124336,0.000910044644259221,0.002100367048953113,0.002936084332233011,0.007623337714371188
2026-08-17 00:00:00+00:00,1.003,0.009416076782721066,8.494673132311946e-05,9.516221688191168e-05,0.00019034516644645988,0.0004996868773574667,0.0009053010081324171,0.0015125169002838308,0.0024117602279785304,0.007705235078554171
2026-08-18 00:00:00+00:00,1.0019,-0.0010973116967181054,8.86625019780987e-05,0.00017360923330121838,0.0001838247188599963,0.00029399358450842125,0.0006968582861136645,0.0014130644284078846,0.0023950517508884014,0.007781117886805183
2026-08-19 00:00:00+00:00,1.106,0.09885170581706287,1.2040929597543673e-06,8.986659493785328e-05,0.00017481332626095863,0.00028021176138432087,0.0005895534722953324,0.0010848579705201727,0.0023931311195359204,0.007762310104677107
2026-08-20 00:00:00+00:00,1.2681,0.13676981415857373,0.009771659742943141,0.009772863835902895,0.00986152633788098,0.0099566885547629,0.01006685742041133,0.010766827346013391,0.01204684011815724,0.01735942172267685
2026-08-21 00:00:00+00:00,1.4544,0.1370737271823604,0.018705982064970796,0.028477641807913935,0.028478845900873677,0.028652455134174904,0.028757853569298268,0.029175704186987336,0.030080025303135634,0.03530025416280981
2026-08-22 00:00:00+00:00,1.4619,0.005143515094355844,0.01878920668366417,0.037495188748634965,0.0472668484915781,0.047356715086515955,0.04745187730339788,0.04785640196387342,0.04868111701294576,0.05408773816819598
2026-08-23 00:00:00+00:00,1.5204,0.039236498597523484,2.6455747525866406e-05,0.018815662431190035,0.03752164449616082,0.04729450833206372,0.047468117565364946,0.04758850191657214,0.04837816220962416,0.05317888139515061
2026-08-24 00:00:00+00:00,1.4817,-0.02578338090040483,0.0015395028221934623,0.0015659585697193287,0.020355165253383486,0.048832807061297424,0.048922673656235295,0.049113018822681744,0.0498279746643677,0.0545119880243102
2026-08-25 00:00:00+00:00,1.4343,-0.03251315191452153,0.0006647827306553605,0.0022042855528488225,0.0022307413003746753,0.03972593004900965,0.04949879388491255,0.04968261860377255,0.05019565217102621,0.055148704243117
2026-08-26 00:00:00+00:00,1.4229,-0.007979882748521572,0.0010571050474167552,0.0017218877780721157,0.003261390600265564,0.022077053031455608,0.05055469483936955,0.05072950816563051,0.05114424831166488,0.05601171329733828
2026-08-27 00:00:00+00:00,1.4534,0.02120859663088981,6.36785286801522e-05,0.0011207835760969074,0.001785566306752254,0.0033515248764715896,0.040846713625106564,0.050708239962987546,0.050913571045517886,0.05421417816620174
2026-08-28 00:00:00+00:00,1.3838,-0.0490723011178249,0.00044980457105179054,0.0005134830997319427,0.001570588147148684,0.0037748736999975137,0.02259053613118756,0.05106938203206123,0.051348389700485816,0.05465660335376474
2026-08-29 00:00:00+00:00,1.3964,0.0090641581661704,0.002408090736998479,0.0028578953080502694,0.002921573836730408,0.004643461614802531,0.00620942018452187,0.053476268676099954,0.053661297487919736,0.057045448361991595
2026-08-30 00:00:00+00:00,1.3575,-0.02825272342279056,8.215896326135354e-05,0.0024902497002598323,0.002940054271311609,0.004060837847408523,0.006265123400257357,0.04378676789641817,0.0537332409656223,0.05705481229793837
2026-08-31 00:00:00+00:00,1.3798,0.016293788303917756,0.0007982163808046984,0.0008803753440660519,0.003288466081064517,0.003801949180796467,0.005523836958868594,0.025879002212252075,0.05444651061510388,0.05746953983334639
2026-09-01 00:00:00+00:00,1.3518,-0.020501523445754566,0.00026548753729288706,0.0010637039180975854,0.0011458628813589252,0.0040037581894092015,0.005124541765506119,0.007355283065880791,0.054623335650418665,0.0577330292159529
2026-09-02 00:00:00+00:00,1.3511,-0.0005179622003402828,0.0004203124635968242,0.0006858000008897112,0.0014840163816943956,0.003974266081954236,0.004487749181686188,0.0077491397819517485,0.055042444021055736,0.05754407084397212
2026-09-03 00:00:00+00:00,1.4512,0.07147172489495879,2.682848409813473e-07,0.00042058074843780553,0.0006860682857306787,0.0015664436297967376,0.004424338937847018,0.006209905244599268,0.04527105256295358,0.057438968149744876
2026-09-04 00:00:00+00:00,1.3985,-0.0369905667188577,0.005108207459460672,0.005108475744301653,0.005528788207898464,0.006592492125996056,0.009082741826255899,0.010653329973404579,0.03167327795744345,0.06254405088489332
2026-09-05 00:00:00+00:00,1.4124,0.009890151412216941,0.0013683020261822628,0.006476509485642935,0.006476777770483902,0.00716257777137362,0.008042953115439682,0.010964526952170086,0.014252373299961546,0.06379440216675375
2026-09-06 00:00:00+00:00,1.4235,0.00782824266386084,9.781509495657675e-05,0.0014661171211388395,0.006574324580599497,0.0069949053290373105,0.008058609247134906,0.01099866351844651,0.014323732647392257,0.06321942038171792
2026-09-07 00:00:00+00:00,1.3967,-0.019006316406366575,6.128138320429106e-05,0.00015909647816086782,0.0015273985043431158,0.006635874248644777,0.007321674249534498,0.010610140330599012,0.012845511208403085,0.06309258679106818
2026-09-08 00:00:00+00:00,1.4171,0.014500218519099106,0.0003612400633389192,0.00042252144654321026,0.0005203365414997723,0.006996846027142714,0.007417426775580531,0.008563289656939452,0.012541968541086645,0.06312441630355962
2026-09-09 00:00:00+00:00,1.395,-0.015718114575358766,0.00021025633710162466,0.0005714964004405439,0.0006327777836448202,0.0020988949047836677,0.007207370649085332,0.008691387030779724,0.011695119830771513,0.06324498227321133
2026-09-10 00:00:00+00:00,1.3346,-0.04426279378595982,0.0002470591258041057,0.0004573154629057303,0.0008185555262446348,0.0009776520044055105,0.007454161490048456,0.00814022977577913,0.011878500427895466,0.06319493617501858
2026-09-11 00:00:00+00:00,1.3564,0.016202509781977403,0.001959194913738403,0.0022062540395425085,0.002416510376644119,0.002839031823187337,0.004305148944326187,0.009833937152224647,0.013387890770582079,0.0650456221819789
2026-09-12 00:00:00+00:00,1.3663,0.007272225092958606,0.00026252132323507346,0.0022217162369734767,0.0024687753627775674,0.0030402717632181196,0.0031993682413789973,0.009676146011862896,0.011242321356818673,0.06501378771038682
2026-09-13 00:00:00+00:00,1.3412,-0.01854162075236876,5.288525780265681e-05,0.0003154065810377307,0.0022746014947761183,0.002731916957681857,0.0031544384042250773,0.009728762984824571,0.011213047651359977,0.06505168705210564
2026-09-14 00:00:00+00:00,1.4231,0.05927285509754082,0.0003437917001246718,0.00039667695792732903,0.0006591982811623869,0.002865452320704904,0.003436948721145458,0.004964347225488571,0.01075862297067995,0.06530029580266575
2026-09-15 00:00:00+00:00,1.2833,-0.10340270543919886,0.003513271351414071,0.0038570630515387433,0.003909948309341385,0.00613166454631487,0.00658898000922061,0.00710931655072038,0.014006406784801135,0.06880335166852102
2026-09-16 00:00:00+00:00,1.2995,0.012544689831129635,0.010692119492145725,0.014205390843559797,0.014549182543684452,0.014864589124722192,0.017070843164264708,0.01770362094790953,0.024278213813350033,0.07941052442934363
2026-09-17 00:00:00+00:00,1.2964,-0.0023883828141527674,0.00015736924295924726,0.010849488735104973,0.01436276008651903,0.014759437044446365,0.01698115328141985,0.017799708807664485,0.0244353147714683,0.07947923117032478
2026-09-18 00:00:00+00:00,1.3963,0.07423468868075683,5.704372466940293e-06,0.00016307361542618757,0.010855193107571898,0.014712256159110648,0.015027662740148388,0.017444173116792507,0.01933281168447457,0.07948373144983197
2026-09-19 00:00:00+00:00,1.4104,0.01004747113551141,0.005510789003528887,0.005516493375995827,0.00567386261895506,0.019879253462514863,0.020275930420442203,0.022744705783219767,0.023475298661821194,0.07522286071041771
2026-09-20 00:00:00+00:00,1.4105,7.08993583904971e-05,0.00010095167621893494,0.005611740679747822,0.005617445052214748,0.01646693378731973,0.02032399683885848,0.022598598333634597,0.023478435243083552,0.05661783032166585
2026-09-21 00:00:00+00:00,1.5363,0.08543267669456328,5.026719020184152e-09,0.00010095670293795512,0.005611745706466828,0.005774819321893022,0.019980210165452827,0.020639408446615215,0.02341715888659828,0.0378286286647207
2026-09-22 00:00:00+00:00,1.5361,-0.00013019138151443288,0.007298742247197776,0.007298747273916796,0.007399698950135717,0.01291619232613155,0.023765681061236534,0.027675629370577916,0.030354661070457138,0.0451009151643926
