datetime,close,log_return,RV_1d,RV_2d,RV_3d,RV_5d,RV_7d,RV_10d,RV_14d,RV_30d
2021-09-22 00:00:00+00:00,163.92999267578125,,,,,,,,,
2021-09-23 00:00:00+00:00,164.86000061035156,0.005657169827900432,,,,,,,,
2021-09-24 00:00:00+00:00,164.36000061035156,-0.0030374848586101066,3.2003570461707005e-05,,,,,,,
2021-09-27 00:00:00+00:00,163.1699981689453,-0.007266556847494776,9.22631426628566e-06,4.1229884727992664e-05,,,,,,
2021-09-28 00:00:00+00:00,162.80999755859375,-0.0022087291332271164,5.280284841787322e-05,6.202916268415888e-05,9.403273314586589e-05,,,,,
2021-09-29 00:00:00+00:00,164.02000427246094,0.007404535908687393,4.8784843839662085e-06,5.768133280183943e-05,6.690764706812509e-05,,,,,
2021-09-30 00:00:00+00:00,161.5,-0.015483254993967854,5.4827152023041035e-05,5.9705636407007244e-05,0.00011250848482488047,0.00015373836955287314,,,,
2021-10-01 00:00:00+00:00,160.47000122070312,-0.006398125844393476,0.0002397311852082305,0.00029455833723127155,0.00029943682161523774,0.00036146598429939665,,,,
2021-10-04 00:00:00+00:00,159.22000122070312,-0.007820115491115054,4.0936014320695734e-05,0.0002806671995289262,0.00033549435155196726,0.0003931756843538067,0.0004344055690817994,,,
2021-10-05 00:00:00+00:00,159.5800018310547,0.002258474027144075,6.115420629437764e-05,0.00010209022061507338,0.00034182140582330385,0.0004015270422303111,0.00046355620491447,,,
2021-10-06 00:00:00+00:00,159.91000366210938,0.0020658045180690365,5.100704931284376e-06,6.625491122566202e-05,0.00010719092554635776,0.0004017492627776293,0.0004594305955794687,,,
2021-10-07 00:00:00+00:00,161.33999633789062,0.00890273693832544,4.2675483068744445e-06,9.368253238158822e-06,7.052245953253647e-05,0.0003511896590614627,0.00041089529546847,0.0005049280286143358,,
2021-10-08 00:00:00+00:00,160.92999267578125,-0.002544474492168547,7.925872499302423e-05,8.352627329989868e-05,8.862697823118306e-05,0.00019071719884625643,0.00048527553607752793,0.0005521831831456531,,
2021-10-11 00:00:00+00:00,160.25,-0.004234346517793419,6.474350441296385e-06,8.573307543432062e-05,9.000062374119507e-05,0.00015625553496685708,0.00043692273449578333,0.0005494312193206638,,
2021-10-12 00:00:00+00:00,157.69000244140625,-0.016103999900968446,1.7929690432749256e-05,2.4404040874045643e-05,0.00010366276586706987,0.00011303101910522872,0.00021512123972030207,0.0005145580613355398,,
2021-10-13 00:00:00+00:00,159.1999969482422,0.009530158341139128,0.0002593388128103917,0.00027726850324314095,0.00028374285368443734,0.00036726912698433606,0.000433524038209998,0.0007690183897619653,0.0008679296072917974,
2021-10-14 00:00:00+00:00,160.11000061035156,0.005699828585090216,9.082391800718369e-05,0.0003501627308175754,0.00036809242125032465,0.00045382549668464533,0.00046319374992280407,0.0008050151557461079,0.0009267499548372741,
2021-10-15 00:00:00+00:00,161.3000030517578,0.0074049212248858964,3.248804589941154e-05,0.00012331196390659525,0.00038265077671698696,0.00040705481759103265,0.0004905810908909312,0.000597772016437289,0.0009500116864704,
2021-10-18 00:00:00+00:00,160.1199951171875,-0.0073425004212603895,5.4832858346765646e-05,8.732090424617719e-05,0.00017814482225336087,0.0004554133254965019,0.0005411464009308224,0.0006116688604633589,0.0009520416963992923,
2021-10-19 00:00:00+00:00,163.8699951171875,0.023149897131600206,5.3912312436209e-05,0.00010874517078297464,0.0001412332166823862,0.0004913959474999617,0.0005157999883740073,0.0006044269666051902,0.0010010755244515353,
2021-10-20 00:00:00+00:00,163.77999877929688,-0.0005493443725335112,0.0005359177372036714,0.0005898300496398804,0.000644662907986646,0.0007679748718932414,0.0010452433751363822,0.0011352439988775772,0.0014821661096321654,
2021-10-21 00:00:00+00:00,163.39999389648438,-0.002322911316047005,3.0177923963423713e-07,0.0005362195164433057,0.0005901318288795146,0.0006774527331256919,0.0010276154639432672,0.001131278229810337,0.0012427367036635692,
2021-10-22 00:00:00+00:00,163.72000122070312,0.0019565140075590293,5.3959169822192285e-06,5.6976962218534656e-06,0.0005416154334255248,0.0006503606042084995,0.0007736725681150947,0.001057415421799532,0.0012071966063250928,
2021-10-25 00:00:00+00:00,164.0800018310547,0.002196465843405271,3.8279470617746935e-06,9.223864043993922e-06,9.525643283628159e-06,0.0005993556929235086,0.0006866765971696858,0.0010547690184200104,0.0011498703470924896,
2021-10-26 00:00:00+00:00,165.75,0.01012650414232219,4.824462201246028e-06,8.652409263020722e-06,1.404832624523995e-05,0.0005502678426885457,0.0006590130134715203,0.001041663790188507,0.0011495941043624515,
2021-10-27 00:00:00+00:00,163.74000549316406,-0.012200791569581426,0.00010254608614446847,0.00010737054834571451,0.00011119849540748919,0.00011689619162934277,0.000706726241269223,0.0008848710635225839,0.0012478726422000454,
2021-10-28 00:00:00+00:00,162.85000610351562,-0.0054502682947772385,0.0001488593149243692,0.00025140540106883766,0.0002562298632700837,0.00026545372731407775,0.0008016732437573832,0.0009429064604397694,0.0013174732321313905,
2021-10-29 00:00:00+00:00,162.8800048828125,0.00018419413851944455,2.9705424485053987e-05,0.0001785647394094232,0.0002811108255538917,0.0002897632348169125,0.0002954609310387658,0.0009401238390254118,0.001340704306175148,
2021-11-01 00:00:00+00:00,163.02000427246094,0.0008591555343793189,3.3927480664920325e-08,2.9739351965718907e-05,0.00017859866689008813,0.0002859692152358027,0.00029519307927979656,0.0008853249081593111,0.0013228085432230635,
2021-11-02 00:00:00+00:00,165.58999633789062,0.01564191266435877,7.38148232254613e-07,7.720757129195333e-07,3.0477500197973522e-05,0.0002818829012668113,0.0002905353105298319,0.0008321507439553568,0.0010642078786449265,
2021-11-03 00:00:00+00:00,165.05999755859375,-0.00320580216535582,0.0002446694317994273,0.0002454075800316819,0.0002454415075123468,0.00042400624692177013,0.0005313767952674845,0.0005409024385511127,0.0012180533924371702,
2021-11-04 00:00:00+00:00,164.60000610351562,-0.0027907040496488733,1.0277167523400064e-05,0.00025494659932282735,0.00025568474755508196,0.00028542409952080094,0.0005368295005896386,0.0005508778268348785,0.0011958425140611588,0.0021870840852595513
2021-11-05 00:00:00+00:00,163.42999267578125,-0.0071336060345323915,7.788029092726621e-06,1.8065196616126684e-05,0.00026273462841555406,0.0002635067041284736,0.0004420714435378967,0.000553269938945386,0.0011487976848071197,0.002162868543890571
2021-11-08 00:00:00+00:00,162.8699951171875,-0.003432412683679331,5.088833505591695e-05,5.867636414864357e-05,6.895353167204369e-05,0.0003143611117037256,0.0003441004636694445,0.0006003303269395282,0.0011457737074268277,0.0022045305646802025
2021-11-09 00:00:00+00:00,162.50999450683594,-0.0022128020697440576,1.1781456831082748e-05,6.266979188699969e-05,7.045782097972637e-05,0.0003254044203025537,0.00032617649601547323,0.0006072873215693649,0.0006216374270542391,0.0021635091730934117
2021-11-10 00:00:00+00:00,164.27000427246094,0.010771937025969791,4.896492999863585e-06,1.6677949830946334e-05,6.756628488686332e-05,8.563148150299002e-05,0.0003310390615346719,0.00050963772842476,0.0006262321408144684,0.002163527181709309
2021-11-11 00:00:00+00:00,163.05999755859375,-0.0073932252995563275,0.00011603462729145891,0.0001209311202913225,0.00013271257712240528,0.00019138894127104886,0.00044633554059387616,0.0004768130407918497,0.0007368708511237081,0.002224734656977727
2021-11-12 00:00:00+00:00,165.00999450683594,0.0118878285725037,5.465978032999975e-05,0.00017069440762145866,0.0001755909006213223,0.00023826069250832197,0.0002563258891244486,0.0005017673966367955,0.0007877026843919332,0.002039663252099496
2021-11-15 00:00:00+00:00,163.52000427246094,-0.009070711691424371,0.00014132046816923538,0.00019598024849923514,0.0003120148757906941,0.0003286928256216404,0.00038736918977028394,0.000643053937325366,0.0009241986903599224,0.002140047705948036
2021-11-16 00:00:00+00:00,162.6699981689453,-0.005211735621293734,8.227781058894278e-05,0.00022359827875817814,0.00027825805908817796,0.00039918917937950045,0.00046185897126650006,0.0007245935996820541,0.0009039304148043968,0.002161171310242601
2021-11-17 00:00:00+00:00,163.27999877929688,0.0037429135033466565,2.7162188186261982e-05,0.00010943999877520476,0.0002507604669444402,0.00042145487456589885,0.0004381328243968451,0.0005070863560688888,0.0007822332880662896,0.0021832327934975786
2021-11-18 00:00:00+00:00,162.39999389648438,-0.00540412088110287,1.4009401493534742e-05,4.117158967979672e-05,0.00012344940026873957,0.00031942964876797465,0.00044036076905929714,0.0005108185900390234,0.0007665372650747704,0.002192974646684239
2021-11-19 00:00:00+00:00,162.88999938964844,0.0030127324781439313,2.9204522497572054e-05,4.321392399110679e-05,7.037611217736883e-05,0.00029397439093554697,0.00046466879855700557,0.0005322350834438689,0.0007957078600916774,0.002142920444188787
2021-11-22 00:00:00+00:00,159.6999969482422,-0.019778086510847004,9.076556984863273e-06,3.828107948243533e-05,5.229048097597013e-05,0.0001617304797511749,0.00035771072825040997,0.0004904233053728152,0.0008040462688442861,0.002145522650732354
2021-11-23 00:00:00+00:00,160.69000244140625,0.006180022135279906,0.0003911727060305482,0.0004002492630154115,0.0004294537855129836,0.00047062537519278034,0.0006942236539509584,0.0008698145545722807,0.0009505495430754071,0.0025187656663301526
2021-11-24 00:00:00+00:00,160.24000549316406,-0.002804332608513427,3.819267359254961e-05,0.00042936537962309784,0.00043844193660796114,0.00048165586059906797,0.0005910958593742726,0.0009031107351649667,0.0009784650491445565,0.0022976195271123103
2021-11-26 00:00:00+00:00,159.1999969482422,-0.006511471397466551,7.86428137917172e-06,4.6056954971721324e-05,0.0004372296610022696,0.0004755107404847049,0.0005166823301645016,0.0007949403892526795,0.0009785413014310018,0.0022146598904842986
2021-11-29 00:00:00+00:00,159.75,0.0034488390166940164,4.239925976002499e-05,5.0263541139196715e-05,8.845621473174638e-05,0.0004887054777471579,0.0005319194017382646,0.0007826798686827046,0.0009700522261351097,0.002224571104344912
2021-11-30 00:00:00+00:00,155.92999267578125,-0.024202951632047665,1.1894490563070949e-05,5.429375032309595e-05,6.215803170226772e-05,0.0004915234113253656,0.0005298044908078009,0.0006532538910765404,0.0009701652598670979,0.0021816327365612176
2021-12-01 00:00:00+00:00,158.0800018310547,0.013694103957050174,0.0005857828677032387,0.0005976773582663096,0.0006400766180263347,0.000686133572998056,0.0010863828360134675,0.001156758948190836,0.001551051634570473,0.0027135032918282473
2021-12-02 00:00:00+00:00,157.08999633789062,-0.0062823793829718255,0.00018752848318649725,0.0007733113508897359,0.0007852058414528069,0.0008354693825920037,0.0012648347622151014,0.0013171252431910714,0.0016225454904655113,0.002365114037811073
2021-12-03 00:00:00+00:00,159.3800048828125,0.014472452406220526,3.9468290711589454e-05,0.0002269967738980867,0.0008127796416013255,0.0008670733919244214,0.0009131303468961427,0.0013425841324091262,0.0016073540008471011,0.002404280549283028
2021-12-06 00:00:00+00:00,162.94000244140625,0.022090731260068885,0.00020945187865031829,0.00024892016936190777,0.0004364486525484051,0.0010341260108147148,0.0010843895519539115,0.0015228314885618725,0.001675485411328184,0.0026083365109511275
2021-12-07 00:00:00+00:00,163.36000061035156,0.0025743082866274136,0.0004880004076045846,0.0006974522862549029,0.0007369205769664924,0.0015102319278562284,0.0015645256781793243,0.0020017553391815934,0.002081208008343826,0.003092508971493937
2021-12-08 00:00:00+00:00,164.33999633789062,0.005981072066712834,6.62706315459857e-06,0.0004946274707591832,0.0007040793494095016,0.0009310761233075883,0.0015287534815738978,0.001617209696305644,0.0020606728833121625,0.00309431157244729
2021-12-09 00:00:00+00:00,165.89999389648438,0.009447730186765035,3.5773223067212526e-05,4.24002862218111e-05,0.0005304006938263958,0.0007793208631883035,0.0015526322140780396,0.0016147902457803072,0.0020824367048858402,0.003027538709370034
2021-12-10 00:00:00+00:00,165.49000549316406,-0.00247435718188882,8.925960568191129e-05,0.00012503282874912382,0.0001316598919037225,0.0008291121781586253,0.001056108952056712,0.0016961855700830465,0.0021424917880701793,0.0029679390001275756
2021-12-13 00:00:00+00:00,168.4499969482422,0.017728148511682917,6.122443463564783e-06,9.538204914547608e-05,0.0001311552722126887,0.0006257827429718718,0.0008747029123337795,0.0016599087537865864,0.002139537674548881,0.0029443560191060865
2021-12-14 00:00:00+00:00,170.2899932861328,0.010863874876569035,0.00031428724965228524,0.00032040969311585,0.0004096692987977614,0.0004520695850195725,0.0011495218712744752,0.0019623015128758005,0.002062652218170618,0.003258609341277707
2021-12-15 00:00:00+00:00,171.13999938964844,0.004979104811089208,0.00011802377733374787,0.00043231102698603315,0.00043843347044959796,0.0005634662991987218,0.001058093769957905,0.0014945424225063098,0.0021424833219118164,0.0033758949703792
2021-12-16 00:00:00+00:00,173.00999450683594,0.010867433121350523,2.4791484719811696e-05,0.00014281526205355962,0.00045710251170584493,0.000552484560851321,0.000594884847073132,0.0013318054240396243,0.002159410525252456,0.0031560170232995846
2021-12-17 00:00:00+00:00,168.22999572753906,-0.028017299210349123,0.00011810110264702636,0.0001428925873668381,0.00026091636470058606,0.0005813260578164361,0.0007063588865655597,0.0014104382359750613,0.0022351123681394573,0.003263840958423211
2021-12-20 00:00:00+00:00,167.75,-0.002857289482731673,0.0007849690550422296,0.000903070157689256,0.0009278616424090679,0.0013601726693951008,0.0014555547185405768,0.0019859554123669724,0.0030081869326186164,0.004041021984372714
2021-12-21 00:00:00+00:00,167.2100067138672,-0.0032242282249077547,8.164103188129032e-06,0.0007931331582303586,0.0009112342608773851,0.0010540495229309447,0.0013744592160467946,0.001506119107950517,0.0024305681681035065,0.003998297752504926
2021-12-22 00:00:00+00:00,167.92999267578125,0.004296634665319488,1.0395647646291812e-05,1.8559750834420845e-05,0.0008035288058766506,0.0009464213932434886,0.0013787324202295217,0.00150988769244221,0.002253435332563301,0.003996911943320134
2021-12-23 00:00:00+00:00,168.25,0.001903786232634097,1.8461069447225106e-05,2.8856717093516914e-05,3.7020820281646164e-05,0.000940090977970902,0.0010829062400244615,0.0014925755388222226,0.002232428111298937,0.004010476519767496
2021-12-27 00:00:00+00:00,169.6699981689453,0.008404394738152021,3.6244020195671286e-06,2.2085471466792232e-05,3.248111911308426e-05,0.0008256142773434428,0.0009685068647102808,0.0014069403351598786,0.0020266006346681856,0.003898066294495605
2021-12-28 00:00:00+00:00,170.35000610351562,0.003999816673252887,7.063385091467738e-05,7.42582529342445e-05,9.271932238146983e-05,0.00011127907321589056,0.0010143492309051465,0.001471451742610991,0.0016092340779782783,0.0039140403650802826
2021-12-29 00:00:00+00:00,171.5500030517578,0.007019607157536356,1.5998533419631794e-05,8.663238433430918e-05,9.025678635387653e-05,0.00011911350344739332,0.0009122466616777519,0.0011731630263783377,0.0016186055482433114,0.0037887184303306786
2021-12-30 00:00:00+00:00,172.30999755859375,0.004420378892543653,4.927488464613564e-05,6.527341806576744e-05,0.00013590726898044504,0.00015799274044723716,0.0001765524912816579,0.0011044141336907253,0.0016321072098222345,0.0037557155043878715
2021-12-31 00:00:00+00:00,171.07000732421875,-0.007222293707959793,1.953974955364545e-05,6.881463419978109e-05,8.48131676194131e-05,0.00015907142055365749,0.0001879281376471743,0.0010991623985245594,0.0015623873536939688,0.003748093065755255
2022-01-03 00:00:00+00:00,171.5399932861328,0.0027435641451276638,5.2161526404035613e-05,7.170127595768107e-05,0.00012097616060381692,0.000207608544938126,0.00022969401640491813,0.0010332228222815684,0.0016084264366344396,0.003786245190665756
2022-01-04 00:00:00+00:00,171.0800018310547,-0.002685142361866788,7.527144218430088e-06,5.968867062246571e-05,7.922842017611137e-05,0.0001445018382418787,0.0002187600911761231,0.00025578091145776906,0.0013016663312005847,0.003764567812386614
2022-01-05 00:00:00+00:00,172.22000122070312,0.006641442294441191,7.209989503491553e-06,1.4737133721921648e-05,6.689866012595747e-05,0.00013571329432573846,0.00022234567866004753,0.00025482679777313156,0.0011908525433703282,0.003762701244905242
2022-01-06 00:00:00+00:00,171.6300048828125,-0.00343171095787298,4.410875575039227e-05,5.131874525388383e-05,5.884588947231413e-05,0.00013054716542999507,0.00019582058349576243,0.000288539905877232,0.001210169814400909,0.0034156372946250865
2022-01-07 00:00:00+00:00,173.9499969482422,0.013426858655880558,1.1776640098385485e-05,5.5885395848777766e-05,6.309538535226952e-05,0.00012278405597473512,0.0001915986901745161,0.0002818554765283924,0.0011038453518522678,0.0033892212611309224
2022-01-10 00:00:00+00:00,173.08999633789062,-0.004956214773020662,0.00018028053336499467,0.00019205717346338017,0.00023616592921377264,0.00025090306293569417,0.00032260433889337516,0.00045851160787381995,0.000499156830175033,0.003561637513116745
2022-01-11 00:00:00+00:00,171.25,-0.010687192138716384,2.456406487630825e-05,0.00020484459824130294,0.0002166212383396886,0.00026793998359357234,0.00032762865421603795,0.00041244182183545087,0.0005155567918632123,0.0035438023182330284
2022-01-12 00:00:00+00:00,169.7899932861328,-0.00856213735659761,0.00011421607580984127,0.00013878014068614955,0.0003190606740511444,0.00037494606989992203,0.0003896832036218436,0.0005106593642256603,0.0006193772200267617,0.0036461239034797986
2022-01-13 00:00:00+00:00,168.75999450683594,-0.006084785079754518,7.331019611324431e-05,0.0001875262719230856,0.00021209033679939405,0.00040414751026277414,0.0004554662555166578,0.0005346946756927689,0.0006742263466927809,0.003133651231889804
2022-01-14 00:00:00+00:00,167.83999633789062,-0.005466431877046318,3.7024609466803194e-05,0.00011033480558004754,0.000224550881389889,0.0004293954796311918,0.0004852808754799695,0.0005521795356059267,0.0007076265541400169,0.00298314735817011
2022-01-18 00:00:00+00:00,167.10000610351562,-0.004418650701462745,2.9881877466388135e-05,6.690648693319136e-05,0.00014021668304643585,0.00027899682373258534,0.0004710539971959653,0.0005298998866682793,0.0006668745806917278,0.0029735609449249092
2022-01-19 00:00:00+00:00,166.5800018310547,-0.003116786628234891,1.952447402153721e-05,4.9406351487925375e-05,8.643096095472875e-05,0.0002739572328778142,0.00047880183111911705,0.0005418972164713863,0.0006704005212936331,0.002783633540296128
2022-01-20 00:00:00+00:00,165.25,-0.008016206767442746,9.714358885943821e-06,2.9238832907481057e-05,5.9120710373869384e-05,0.0001694555159539168,0.00030823565664006623,0.0005444015858538386,0.0006308399955334413,0.002305347491577487
2022-01-21 00:00:00+00:00,164.8699951171875,-0.002302223774846013,6.425957093839488e-05,7.397392982433872e-05,9.349840384587612e-05,0.00016040489077906737,0.0003479311627021528,0.0005645524010418413,0.0006755598169181907,0.0023629799993612833
2022-01-24 00:00:00+00:00,162.97000122070312,-0.011591112678697613,5.300234309466225e-06,6.955980524786114e-05,7.927416413380513e-05,0.0001286805156217304,0.00023901532120177777,0.0005580759952529221,0.0006286985248236214,0.0023325070106035373
2022-01-25 00:00:00+00:00,167.6300048828125,0.028193056493446278,0.00013435389313026455,0.00013965412743973082,0.00020391369837812585,0.0002331525312856068,0.000300059018218798,0.0005121493550181919,0.0007555252737354559,0.0023776012980518905
2022-01-26 00:00:00+00:00,168.3800048828125,0.004464160136586237,0.0007948484344426533,0.0009292023275729179,0.0009345025618823843,0.001008476491706723,0.0010578828431946482,0.0012824337245845368,0.0015431637186746174,0.003166327289030979
2022-01-27 00:00:00+00:00,170.58999633789062,0.013039636316827696,1.992872572508565e-05,0.000814777160167739,0.0009491310532980037,0.0010186908585458647,0.0010479296914533455,0.0011881463744997812,0.0015189836886493108,0.0028719687651037793
2022-01-28 00:00:00+00:00,171.7899932861328,0.007009766331413481,0.00017003211527513178,0.00018996084100021755,0.0009848092754428709,0.0011244634028826017,0.00119843733270694,0.0012848682936616688,0.0016772391638260572,0.002923977103045163
2022-01-31 00:00:00+00:00,172.2899932861328,0.0029063030193787753,4.9136824021018004e-05,0.0002191689392961499,0.00023909766502123566,0.0011682999925941534,0.0012378597978420143,0.0012969805082158835,0.0015460954544820806,0.0029483224423463694
2022-02-01 00:00:00+00:00,170.8800048828125,-0.008217480229563812,8.446597240450187e-06,5.75834212614683e-05,0.0002276155365366002,0.001042392696704339,0.0011820468241440698,0.0012755452279899456,0.0015299779868462227,0.002838667936939793
2022-02-02 00:00:00+00:00,172.77000427246094,0.010999670569532327,6.752698132327212e-05,7.597357856372242e-05,0.00012511040258474053,0.00031507124358495786,0.0012442735711578755,0.0013235477352916804,0.0014832888923596533,0.002121225863220836
2022-02-03 00:00:00+00:00,172.75999450683594,-5.793861987779536e-05,0.00012099275263823563,0.00018851973396150784,0.00019696633120195814,0.00041613527049810784,0.0012309124306658468,0.0014348261290439723,0.0015309714488846446,0.0022340545126709422
2022-02-04 00:00:00+00:00,171.6300048828125,-0.006562290897804246,3.356883673343664e-09,0.00012099610952190908,0.0001885230908451813,0.0002461065121066494,0.0004360673531068667,0.0013705699149892507,0.001493950196301515,0.002223662221908324
2022-02-07 00:00:00+00:00,171.05999755859375,-0.0033266675177774374,4.3063661827404455e-05,4.306701871107791e-05,0.00016405977134931364,0.00024003334991303584,0.0004592022892091855,0.001408333342507189,0.001507131980662531,0.002248264814288503
2022-02-08 00:00:00+00:00,171.50999450683594,0.0026271840353313536,1.1066716773835496e-05,5.413037860124006e-05,5.413373548491351e-05,0.00024265346944642114,0.0003002368907078893,0.0012850461661507598,0.0014986742234148294,0.0022557071290427717
2022-02-09 00:00:00+00:00,171.49000549316406,-0.00011655401571086799,6.902095955499935e-06,1.796881272933554e-05,6.1032474556740104e-05,0.00018202858407864896,0.0002580021626423712,0.0004970998276636066,0.0014958619604843854,0.002191975374083594
2022-02-10 00:00:00+00:00,169.4199981689453,-0.012144159704413404,1.3584838578329261e-08,6.915680794078373e-06,1.798239756791398e-05,6.104941627899167e-05,0.00024956915024049934,0.0004771846867770993,0.001431615974384569,0.002175990425502541
2022-02-11 00:00:00+00:00,167.7100067138672,-0.010144490819485874,0.00014748061492629827,0.0001474941997648767,0.00015439629572037674,0.00020852667432161659,0.0003295227838435254,0.0004546331864282657,0.001573796355001401,0.0022741961557827036
2022-02-14 00:00:00+00:00,165.60000610351562,-0.01266105856799804,0.00010291069398663318,0.00025039130891293157,0.00025040489375151,0.0002683737064808453,0.00031144072519192296,0.000508407056393881,0.0015423531558577696,0.0023575671002156913
2022-02-15 00:00:00+00:00,167.30999755859375,0.010273085669322946,0.00016030240406227658,0.00026321309804890985,0.00041069371297520823,0.0004176093937692864,0.00047173977237052625,0.0006602628632157074,0.0009078071254773929,0.002465707977873932
2022-02-16 00:00:00+00:00,167.2100067138672,-0.0005978168505764714,0.00010553628916924847,0.00026583869323152515,0.00036874938721815845,0.0005162435869830349,0.0005342123997123702,0.0006982721710616837,0.0009934146889215556,0.0025637171228247504
2022-02-17 00:00:00+00:00,166.19000244140625,-0.006118820796999103,3.573849868331711e-07,0.00010589367415608175,0.0002661960782183584,0.0005165873871312898,0.0005235030679253679,0.0005776368034102813,0.0008237399586332571,0.002556864518308092
2022-02-18 00:00:00+00:00,163.36000061035156,-0.01717536867729308,3.743996794578873e-05,3.7797352932622015e-05,0.00014333364210187058,0.0004065467401507802,0.0005540409399156568,0.0006150734144723967,0.0008120431025580279,0.0025501957305034888
2022-02-22 00:00:00+00:00,161.13999938964844,-0.013682809591251122,0.0002949932892009402,0.0003324332571467291,0.0003327906421335623,0.0005986293353650873,0.0008490206442780185,0.0008670030418459324,0.001098589794518518,0.002833412379606043
2022-02-23 00:00:00+00:00,161.22000122070312,0.0004963508657755966,0.0001872192783104337,0.00048221256751137403,0.0005196525354571628,0.0006255462096132443,0.000888759307662154,0.0010431556033825306,0.0012182820915056793,0.0028403511245514825
2022-02-24 00:00:00+00:00,158.13999938964844,-0.019289186643899114,2.4636418195618433e-07,0.00018746564249239,0.0004824589316933303,0.0005202562846259521,0.000786094977857477,0.0010364998716089868,0.0010975357030494,0.0028160334238571303
2022-02-25 00:00:00+00:00,166.0,0.04850707557332701,0.000372072721383176,0.0003723190855651323,0.000559538363875566,0.0008919716210222949,0.0009978652951783764,0.0014085590081535846,0.0014696050675489026,0.003073890069430465
2022-02-28 00:00:00+00:00,164.57000732421875,-0.00865173224406579,0.0023529363806764577,0.0027250091020596338,0.00272525546624159,0.0032074680337529637,0.0032452653866855857,0.0036140147739037436,0.003779477786397956,0.0053535162539936785
2022-03-01 00:00:00+00:00,164.0,-0.003469628288279125,7.485247082300768e-05,0.0024277888514994653,0.0027998615728826418,0.0029873272153750313,0.00331976047252176,0.0035859565507401184,0.0038432635404471276,0.005391344115349883
2022-03-02 00:00:00+00:00,166.0399932861328,0.012362254925398553,1.2038320458826732e-05,8.689079128183441e-05,0.0024398271719582925,0.002812146257523424,0.003294358825034798,0.0034376924671366688,0.0038483997649504547,0.005373500558342322
2022-03-03 00:00:00+00:00,168.47999572753906,0.014588340277206235,0.00015282534684054076,0.0001648636672993675,0.0002397161381223756,0.002964725240182009,0.003152190882674399,0.0034849815248079613,0.004001211526952418,0.005506801431161326
2022-03-04 00:00:00+00:00,169.47999572753906,0.005917877522320758,0.0002128196720435577,0.00036564501888409844,0.00037768333934292564,0.0028054721908423908,0.003177791276407523,0.0036974438118646856,0.004066550584069677,0.005709906744318939
2022-03-07 00:00:00+00:00,172.2100067138672,0.01597980075419514,3.5021274369189276e-05,0.000247840946412747,0.00040066629325328823,0.0004875570845351222,0.0032125661865947557,0.003695025118288086,0.003998661164452233,0.005680668447749734
2022-03-08 00:00:00+00:00,168.72000122070312,-0.020474157897718115,0.00025535403214377555,0.0002903753065129648,0.000503194978556523,0.0006680586458558901,0.0030958474973553553,0.0036553858612309214,0.004093712792533732,0.005930722245584043
2022-03-09 00:00:00+00:00,169.36000061035156,0.003786087024879592,0.00041919114162069306,0.0006745451737644687,0.0007095664481336583,0.0010752114670177565,0.0011621022582995908,0.003887357724541181,0.004407367644985176,0.006215559494074471
2022-03-10 00:00:00+00:00,169.66000366210938,0.0017698255340974356,1.43344549599616e-05,0.00043352559658065465,0.0006888796287244307,0.0009367205751371773,0.0011015842424365449,0.003901445815319186,0.004421344714958304,0.00543504551459178
2022-03-11 00:00:00+00:00,169.35000610351562,-0.0018288406599618057,3.1322824211432732e-06,1.746673738110487e-05,0.0004366578790017984,0.0007270331855147628,0.0010926782043988613,0.0035325053763571534,0.004387037029433659,0.005418249071287838
2022-03-14 00:00:00+00:00,171.69000244140625,0.013722924004355264,3.344658159529533e-06,6.476940580672807e-06,2.0811395540634894e-05,0.000695356569305103,0.00094319751571785,0.0011829136538402253,0.004095388398392248,0.005251561614172235
2022-03-15 00:00:00+00:00,176.13999938964844,0.025588590603191186,0.0001883186432293099,0.00019166330138883943,0.0001947955838099832,0.0006283211803906374,0.0009186964869036022,0.0012963798262465276,0.004096487763311125,0.005390743433380527
2022-03-16 00:00:00+00:00,174.52000427246094,-0.009239757175543595,0.0006547759690577243,0.0008430946122870342,0.0008464392704465642,0.0008639060078276686,0.0015384511815921373,0.0019391174748454249,0.004751017368186893,0.006037072805197801
2022-03-17 00:00:00+00:00,176.8000030517578,0.012979794727996818,8.537311266300934e-05,0.0007401490817207336,0.000928467724950044,0.0009349446655307164,0.001368470262111371,0.0018716652406678936,0.004464317759466726,0.006054918936537539
2022-03-18 00:00:00+00:00,174.83999633789062,-0.011147918414992297,0.000168475071180934,0.0002538481838439433,0.000908624152901668,0.001100287454290507,0.0011177541916716118,0.0018273206398052699,0.0022798564499712025,0.006102401255080237
2022-03-21 00:00:00+00:00,175.8300018310547,0.005646380520602179,0.00012427608498732438,0.0002927511561682584,0.00037812426883126815,0.001221218881118302,0.0012276958216989747,0.001916575450423405,0.002329280064135519,0.006226673983183887
2022-03-22 00:00:00+00:00,175.0,-0.00473165564671163,3.1881612983435734e-05,0.0001561576979707601,0.0003246327691516946,0.0010647818508724277,0.001256445152261267,0.001693103031263065,0.002349123356660128,0.006215491934339919
2022-03-23 00:00:00+00:00,174.33999633789062,-0.00377857934564485,2.2388565159058055e-05,5.427017814249379e-05,0.0001785462631298186,0.0004323944469737616,0.0012754890592607956,0.00129630045480143,0.002218686574978645,0.006226813782725142
2022-03-24 00:00:00+00:00,175.24000549316406,0.005149099714347294,1.4277661871333864e-05,3.666622703039192e-05,6.854784001382809e-05,0.0003612989961820861,0.0011014480779028197,0.0012962436617128023,0.0020201445648064214,0.006234189348640976
2022-03-25 00:00:00+00:00,176.9199981689453,0.009541148358289675,2.6513227868291383e-05,4.0790889739625245e-05,6.317945489868373e-05,0.0002193371528694435,0.00047318533671338676,0.0013196246071599505,0.0020116365183055237,0.006260688991670688
2022-03-28 00:00:00+00:00,177.8300018310547,0.005130405401720495,9.103351199489375e-05,0.00011754673986318514,0.00013182440173451946,0.0001860945798770129,0.00047884573604527116,0.0014073134609953145,0.0018473159981566417,0.006204241888739284
2022-03-29 00:00:00+00:00,177.74000549316406,-0.0005062088362830508,2.632105958600283e-05,0.00011735457158089659,0.0001438677994491884,0.00018053402647958,0.00033669172445034,0.0012453158773520078,0.0014544459161219515,0.006127652254338654
2022-03-30 00:00:00+00:00,179.58999633789062,0.010354615423201707,2.5624738593104054e-07,2.657730697193387e-05,0.00011761081896682808,0.00015840170870645297,0.00021267188684894665,0.0005907961556802144,0.001440367708547921,0.005967606097662308
2022-03-31 00:00:00+00:00,177.22999572753906,-0.013228154678969872,0.00010721806056240667,0.00010747430794833771,0.000133795367534341,0.0002513421073975258,0.0002880083344279176,0.0006126411035796117,0.0015444534866891843,0.005969287869055467
2022-04-01 00:00:00+00:00,178.19000244140625,0.005402110480288158,0.00017498407621075252,0.00028220213677315916,0.00028245838415909063,0.0003998129557399869,0.00044060384547961207,0.0006191501086094302,0.0017160929047404072,0.006143914560279386
2022-04-04 00:00:00+00:00,176.47000122070312,-0.009699513267981352,2.9182797641239154e-05,0.00020416687385199167,0.0003113849344143987,0.0003379622413863323,0.0004555089812495173,0.0005240568212633449,0.0015569570591523368,0.0061356573899748355
2022-04-05 00:00:00+00:00,177.61000061035156,0.006439241543223062,9.408055763574629e-05,0.00012326335527698543,0.00029824743148773835,0.00040572173943607574,0.0005230763110169723,0.0005862557659156556,0.0009962616477303585,0.0059347446584096415
2022-04-06 00:00:00+00:00,182.22999572753903,0.025679463336826025,4.146383165196972e-05,0.00013554438928771602,0.0001647271869289556,0.0004469293237021144,0.0004735066306740482,0.0006053310324085672,0.0009523523667193189,0.005788989211751178
2022-04-07 00:00:00+00:00,181.75999450683597,-0.0025824967418186517,0.000659434837267392,0.0007008986689193618,0.0007949792265551085,0.0009991461004070998,0.0011066204083554374,0.0012504882078046254,0.001443312132805777,0.006448177684836614
2022-04-08 00:00:00+00:00,182.1199951171875,0.0019786783449049494,6.669289421503952e-06,0.0006661041266888961,0.0007075679583408662,0.0008308313136178512,0.0011130334503910101,0.0012306442693578378,0.0013257053372399564,0.006082774252874942
2022-04-11 00:00:00+00:00,179.83999633789062,-0.012598237313445004,3.91516799259579e-06,1.0584457414099741e-05,0.0006700192946814922,0.0008055636839692079,0.0010097305578211995,0.00114352592535554,0.0012977388922491167,0.00373375304019108
2022-04-12 00:00:00+00:00,179.89999389648438,0.0003335606870455976,0.000158715583405878,0.00016263075139847378,0.00016930004081997817,0.0008701987097393395,0.0009934620650163249,0.001275920449175415,0.0014340659104959365,0.0038176161527739504
2022-04-13 00:00:00+00:00,180.66000366210935,0.004215724963204437,1.112627319423311e-07,0.00015882684613782033,0.00016274201413041654,0.0008288461408193122,0.0009643905301070281,0.0012757754645214264,0.001419899511356545,0.003805689095047066
2022-04-14 00:00:00+00:00,179.89999389648438,-0.004215724963204437,1.777233696538505e-05,1.7883599697327382e-05,0.00017659918310320582,0.00018718364051730524,0.0008880823094366668,0.0011863297409244048,0.0014111586204536386,0.00367063608517191
2022-04-18 00:00:00+00:00,177.66000366210938,-0.012529475074642527,1.777233696538505e-05,3.55446739307701e-05,3.565593666271287e-05,0.0001982866880611863,0.0008643908147500822,0.0010291180016790374,0.00133789744542413,0.003475588750093737
2022-04-19 00:00:00+00:00,183.0800018310547,0.03005159383225653,0.00015698774564608834,0.0001747600826114734,0.00019253241957685889,0.00035135926571467887,0.0003619437231287785,0.0011569229496838863,0.0014685641314842153,0.0035975552213706368
2022-04-20 00:00:00+00:00,183.88999938964844,0.004414523646817159,0.0009030982918589186,0.001060086037505007,0.0010778583744703925,0.0010957419741677195,0.0012583727255661933,0.001965940683907059,0.002371406175957203,0.00424529948108578
2022-04-21 00:00:00+00:00,183.3600006103516,-0.0028863125785685284,1.9488019028307867e-05,0.0009225863108872265,0.0010795740565333154,0.001115118730464085,0.0012739455766019054,0.0019439648712833968,0.0022836761344231043,0.0038455963584933944
2022-04-22 00:00:00+00:00,181.5399932861328,-0.009975458739454268,8.330800301202907e-06,2.7818819329510776e-05,0.0009309171111884298,0.0011056771937999028,0.0011235607934972302,0.0012928608343172078,0.0021170228585135546,0.0038395927038346357
2022-04-25 00:00:00+00:00,186.00999450683597,0.02432442806167945,9.950977706255453e-05,0.00010784057736375744,0.00012732859639206574,0.0011874146338970723,0.0012229593078278425,0.0013857013219582587,0.00218734983793487,0.003935970198476047
2022-04-26 00:00:00+00:00,184.67999267578125,-0.0071758481974901756,0.0005916778005278186,0.0006911875775903731,0.0006995183778915764,0.0016221046887788027,0.0017968647713902759,0.001973463954493481,0.0026849470808269424,0.004524303340844337
2022-04-27 00:00:00+00:00,182.1000061035156,-0.014068537728871178,5.1492797353423e-05,0.0006431705978812416,0.0007426803749437965,0.000770499194273307,0.001830585231778314,0.0018662411684410264,0.0026949760465283957,0.00438747749496845
2022-04-28 00:00:00+00:00,183.4600067138672,0.0074406764263734715,0.0001979237538286718,0.0002494165511820948,0.0008410943517099137,0.0009489349290736709,0.0018715212399608972,0.0020640536595377557,0.0022334649630896754,0.003930625279739397
2022-04-29 00:00:00+00:00,180.4600067138672,-0.016487512906779855,5.5363665681989896e-05,0.0002532874195106617,0.000304780216864085,0.000995967794454458,0.0010237866137839686,0.002101644988254361,0.0022821593393501614,0.0039006158327583775
2022-05-02 00:00:00+00:00,178.63999938964844,-0.010136579655292799,0.00027183808185123233,0.0003272017475332222,0.0005251255013618943,0.0011682960992431357,0.001276136676606893,0.002355710733140208,0.002550082253208798,0.004003978843428675
2022-05-03 00:00:00+00:00,178.2899932861328,-0.001961203725571181,0.00010275024710809588,0.00037458832895932823,0.00042995199464131845,0.000679368545823413,0.0013705561234137861,0.0023014732346022153,0.0024941169169110156,0.003982453005549447
2022-05-04 00:00:00+00:00,180.1999969482422,0.0106559278491698,3.846320053194281e-06,0.00010659656716129016,0.00037843464901252284,0.0006317220685231843,0.001274892666404426,0.001402221262796491,0.0024978519742322675,0.003954417712619206
2022-05-05 00:00:00+00:00,176.75999450683594,-0.01927447905326929,0.00011354879832671251,0.00011739511837990679,0.000220145365488003,0.000547347113021225,0.0007967636642033197,0.0014962820420948957,0.002593628435593595,0.00404557794578686
2022-05-06 00:00:00+00:00,176.3699951171875,-0.0022088157883537463,0.0003715055427749166,0.0004850543411016291,0.0004889006611548237,0.0008634889901141517,0.0011167764096248133,0.0018594567845686095,0.0029473616414031267,0.004402805826690443
2022-05-09 00:00:00+00:00,177.3300018310547,0.005428380432856983,4.8788671868807815e-06,0.00037638440996179737,0.0004899332082885103,0.0005965297754498002,0.0009237315229830223,0.0017648258746929355,0.0027952527629439192,0.004381171466009032
2022-05-10 00:00:00+00:00,177.08999633789062,-0.0013543565887399467,2.9467314123824565e-05,3.434618131070535e-05,0.0004058517240856223,0.0005232468424655289,0.000897835171424857,0.0012026153882889416,0.0019216217852088251,0.004319605268137963
2022-05-11 00:00:00+00:00,176.1300048828125,-0.005435670774359025,1.834281769463305e-06,3.130159589328787e-05,3.618046308016898e-05,0.0005212348041817978,0.0006278313713430879,0.001152956872704982,0.0019039680479499806,0.004295118490321423
2022-05-12 00:00:00+00:00,177.8699951171875,0.00983053246882637,2.954651676722084e-05,3.1380798536684145e-05,6.084811266050904e-05,0.00043723252262230623,0.0005546276410022129,0.000984579635643531,0.0019251837644159986,0.004324408759702713
2022-05-13 00:00:00+00:00,176.85000610351562,-0.005750968771930154,9.663936862064947e-05,0.00012618588538787032,0.00012802016715733394,0.0001623663484680391,0.0006474206895696681,0.0010258553385821905,0.0019223133559740934,0.004313830067760956
2022-05-16 00:00:00+00:00,178.0800018310547,0.00693094764556168,3.307364181571582e-05,0.0001297130104363653,0.00015925952720358648,0.00019056112309687412,0.0005669455330586714,0.0007870908985466741,0.0013637091972619904,0.004171919633365919
2022-05-17 00:00:00+00:00,178.82000732421875,0.004146856456344494,4.8038035265517e-05,8.111167708123283e-05,0.00017775104570188263,0.00020913184423856655,0.00024347802554927178,0.0007323786867040952,0.0013602544351740847,0.004190774870990198
2022-05-18 00:00:00+00:00,175.5,-0.018740711359860995,1.7196418469526015e-05,6.5234453735043e-05,9.830809555075917e-05,0.00022449398093862924,0.00025579557683191704,0.0007457287851204269,0.001179527099814939,0.004113890731823977
2022-05-19 00:00:00+00:00,173.94000244140625,-0.008928616708391068,0.00035121426227362293,0.0003684106807431489,0.0004164487160086663,0.0005461617264450314,0.0005775425249817154,0.0009833942490673373,0.0014753776964065719,0.004423641162445631
2022-05-20 00:00:00+00:00,176.97999572753906,0.017326281500748664,7.972019632536016e-05,0.0004309344585989831,0.00044813087706850943,0.000529242554149742,0.0006554284395376124,0.0006916089026177809,0.0012832598108806997,0.0038439265215035982
2022-05-23 00:00:00+00:00,179.44000244140625,0.013804196119370893,0.00030020003064318534,0.0003799202269685455,0.0007311344892421687,0.0007963689429772116,0.0009260819534135768,0.0009869300660740855,0.0014807095944157894,0.00413745726272528
2022-05-24 00:00:00+00:00,181.3999938964844,0.010863600216662661,0.0001905558305020544,0.0004907558611452397,0.0005704760574706002,0.000938886738213749,0.0010199984152949818,0.0011480185824523153,0.0016674191048646494,0.0043240979252347385
2022-05-25 00:00:00+00:00,179.6199951171875,-0.009861022975633738,0.00011801780966747302,0.00030857364016952744,0.0006087736708127131,0.0010397081294116959,0.0011049425831467388,0.001264202110350325,0.00167188811620541,0.004283400151496333
2022-05-26 00:00:00+00:00,179.4600067138672,-0.0008911017772703644,9.723977412597645e-05,0.00021525758379344946,0.00040581341429550425,0.0007857336412640496,0.0011541443220071982,0.0013318953677090807,0.0013976223475564698,0.0043805286628903675
2022-05-27 00:00:00+00:00,181.08999633789065,0.009041745749249763,7.940623774544022e-07,9.803383650343086e-05,0.00021605164617090425,0.0007068075073161438,0.0011377419659151268,0.0012360500614658856,0.0013935375427470433,0.004363550388302436
2022-05-31 00:00:00+00:00,179.52999877929688,-0.008651806947358232,8.175316619407616e-05,8.254722857153057e-05,0.0001797870026975074,0.0004883606428670345,0.0008682808698355799,0.001284729585844246,0.001445823394817295,0.004427531217531128
2022-06-01 00:00:00+00:00,177.7100067138672,-0.010189272105998626,7.485376345435615e-05,0.00015660692964843232,0.00015740099202588709,0.0003726585758193363,0.000863414436964576,0.001311545314033085,0.0015188428765021877,0.004345397235339396
2022-06-02 00:00:00+00:00,177.14999389648438,-0.0031562491197609788,0.00010382126605008167,0.00017867502950443784,0.0002604281956985144,0.0003584620322019449,0.0006670356723714723,0.0013981701616136407,0.0015931176257850486,0.003546120209530559
2022-06-03 00:00:00+00:00,176.4199981689453,-0.004129291405870816,9.961908505991954e-06,0.00011378317455607362,0.00018863693801043015,0.00027118416658196046,0.0004864417503754098,0.0010569178078460098,0.0015064401656703912,0.0035365940990082427
2022-06-06 00:00:00+00:00,176.39999389648438,-0.000113396479407335,1.7051047514598582e-05,2.7012956020590537e-05,0.0001308342220706726,0.00028744115171910466,0.0003854749882225354,0.0009942486590352481,0.0014904175713692737,0.0035453143462216385
2022-06-07 00:00:00+00:00,178.33999633789062,0.010937711200046607,1.2858761541978148e-08,1.706390627614056e-05,2.7025814782132896e-05,0.00020570084428657044,0.0002882480728581009,0.0006940614871536048,0.001442392394865299,0.003445817427920626
2022-06-08 00:00:00+00:00,177.27999877929688,-0.005961423499124763,0.00011963352629562499,0.00011964638505716696,0.00013669743257176592,0.0002504806071278393,0.0004070875367762715,0.0006231391829471754,0.0015448295026913978,0.0029737731536884325
2022-06-09 00:00:00+00:00,173.7100067138672,-0.020343115909492226,3.553857013591693e-05,0.00015517209643154192,0.00015518495519308427,0.00018219791121367452,0.0003608729407181122,0.0005406599434156193,0.0012291538105536918,0.0029578189264709265
2022-06-10 00:00:00+00:00,172.5500030517578,-0.0067002135334561785,0.0004138423649070357,0.00044938093504295266,0.0005690144613385781,0.0005860783676147183,0.0006998615421707917,0.0008572625341966786,0.0015632759791353674,0.00317373753754929
2022-06-13 00:00:00+00:00,170.80999755859375,-0.010135253873376548,4.489286139390933e-05,0.00045873522630094504,0.0004942737964368624,0.000613920181494029,0.0006409331375146195,0.0009013613332131336,0.0013079688098860914,0.00316326673326121
2022-06-14 00:00:00+00:00,168.19000244140625,-0.015457506101753893,0.00010272337107779433,0.00014761623247170366,0.0005614585973787397,0.0007166306938102814,0.0007336946000864219,0.0009223315380968516,0.0012201363504618311,0.002994152022487772
2022-06-15 00:00:00+00:00,169.99000549316406,0.010645336850203968,0.00023893449488575884,0.0003416578659635532,0.0003865507273574629,0.0008359316624004152,0.000955578047457582,0.0010864122695282545,0.001341053035680117,0.0031303362702654347
2022-06-16 00:00:00+00:00,170.0800018310547,0.000529281254173064,0.00011332319665431054,0.0003522576915400694,0.0004549810626178641,0.0009137162889188089,0.0010688883853503506,0.0010959142001324832,0.001357136458208451,0.0032398131468665513
2022-06-17 00:00:00+00:00,169.4600067138672,-0.003651974969979044,2.8013864601901163e-07,0.00011360333530032955,0.00035253783018608875,0.0005001540626577922,0.0009495349977007446,0.0010862324302725102,0.0013566225344770159,0.0031265444871858574
2022-06-21 00:00:00+00:00,173.00999450683594,0.020732414155369305,1.3336921181353439e-05,1.361705982737245e-05,0.00012694025648168336,0.00046859812244523627,0.0009273333487461813,0.0010825183039392652,0.001288206289464293,0.002768375865592294
2022-06-22 00:00:00+00:00,175.74000549316406,0.01565629678015945,0.00042983299670975753,0.000443169917891111,0.00044345005653713036,0.0007957077480771995,0.000943323980548903,0.0015123384418874806,0.0016431855227196945,0.0031933299951151708
2022-06-23 00:00:00+00:00,179.66000366210938,0.022060534859583036,0.0002451196288684312,0.0006749526255781888,0.0006882895467595425,0.0008018928820598719,0.001143550748023425,0.0016378245444602867,0.0017844838855380438,0.0034089823098597777
2022-06-24 00:00:00+00:00,182.2899932861328,0.014532592529521438,0.0004866671982908783,0.0007317868271593095,0.0011616198238690674,0.0011752368836964397,0.001527494575236509,0.002088953172615248,0.0022611891753229305,0.0038938152263811926
2022-06-27 00:00:00+00:00,182.1199951171875,-0.0009330050585178995,0.0002111962456291023,0.0006978634439199806,0.0009429830727884122,0.0013861529906795229,0.0014997563259798524,0.0018863070533373146,0.0024553343734374337,0.004075464955243074
2022-06-28 00:00:00+00:00,176.94000244140625,-0.02885507780244545,8.704984392199891e-07,0.00021206674406832227,0.000698733942359201,0.0013736865679373894,0.0013873036277647617,0.0018422846903826254,0.002456192013115112,0.003979696085061645
2022-06-29 00:00:00+00:00,176.99000549316406,0.00028255898606843743,0.0008326155149851801,0.0008334860134244001,0.0010446822590535027,0.0017764690862128122,0.0022196390041039227,0.0025721768342900114,0.003169174001804667,0.004779237958231109
2022-06-30 00:00:00+00:00,177.50999450683594,0.002933649571811081,7.983958060802341e-08,0.0008326953545657881,0.0008335658530050085,0.001531429296924989,0.0022063819225031775,0.0023333221789848604,0.003133715271249358,0.0047312797625461995
2022-07-01 00:00:00+00:00,179.52000427246094,0.011259731722637945,8.60629981018734e-06,8.686139390795362e-06,0.000841301654375976,0.001053368398444298,0.0017851552256036073,0.0022286052821407372,0.0027284792061525102,0.004722689643886862
2022-07-05 00:00:00+00:00,178.13999938964844,-0.007716891556213135,0.00012678155846577925,0.0001353878582759666,0.00013546769785657505,0.0009689537112809749,0.0016668171552009553,0.0023551067019604976,0.0028103679032243797,0.004498256940079017
2022-07-06 00:00:00+00:00,178.3000030517578,0.0008977874074771464,5.9550415290353576e-05,0.00018633197375613283,0.0001949382735663206,0.0010276336281321084,0.0012397003722004307,0.0024013201960694976,0.002767194947436939,0.004478087159044011
2022-07-07 00:00:00+00:00,178.5,0.0011210592347392634,8.060222290245356e-07,6.035643751937811e-05,0.0001871379959851578,0.00019582413537595284,0.0010293101488003528,0.0019722932215887647,0.0025290664747802047,0.00417869315062985
2022-07-08 00:00:00+00:00,178.27999877929688,-0.0012332599884503637,1.256773807794183e-06,2.0627960368187187e-06,6.161321132717273e-05,0.000197001069603139,0.001029696424168927,0.0017284303665281277,0.0024170000519336886,0.00398939409393559
2022-07-11 00:00:00+00:00,178.35000610351562,0.0003926047957802936,1.520930199112591e-06,2.777704006906774e-06,3.5837262359317435e-06,0.00018991569999206426,0.00019860183938285952,0.0012432840984363618,0.002418240843486782,0.0038728972144672297
2022-07-12 00:00:00+00:00,175.85000610351562,-0.014116552398385274,1.5413852566968606e-07,1.6750687247822772e-06,2.9318425325768935e-06,6.328828005195468e-05,0.00019867613832792117,0.0010322419913329293,0.0024050580608310983,0.0037758115788669227
2022-07-13 00:00:00+00:00,175.44000244140625,-0.0023342756031006218,0.00019927705161635703,0.0001994311901420267,0.00020095212034113973,0.00020301491637795814,0.00038934689013409083,0.0012306485445100664,0.0021745021157376977,0.003974294568105825
2022-07-14 00:00:00+00:00,175.67999267578125,0.001366998604947156,5.448842591230772e-06,0.0002047258942075878,0.00020488003273325792,0.00020765773674016438,0.0002680141742595424,0.000403481872116117,0.0019348313294604974,0.00389799024450298
2022-07-15 00:00:00+00:00,178.22999572753906,0.014410710433660157,1.868685185927471e-06,7.317527777158243e-06,0.00020659457939351572,0.00020826964811829769,0.00021033244415511628,0.00040527071772143643,0.0014500328163555465,0.0038250051662345515
2022-07-18 00:00:00+00:00,174.22999572753906,-0.02269858615129028,0.0002076685752028017,0.00020953726038872917,0.00021498610297996038,0.0004144172931219868,0.0004171949971288934,0.0006043329931140508,0.0014465051459292457,0.003928852475387271
2022-07-19 00:00:00+00:00,171.69000244140625,-0.014685701603882606,0.0005152258132675469,0.0007228943884703485,0.0007247630736562764,0.0009294889678638639,0.0009311640365886461,0.0009927772479158183,0.0019608604607575728,0.004434116380148827
2022-07-20 00:00:00+00:00,170.7100067138672,-0.005724289587231368,0.00021566983159828016,0.000730895644865827,0.0009385642200686291,0.000945881747845787,0.0011453129379878136,0.001148896664223745,0.0013439147773706727,0.004632735164232508
2022-07-21 00:00:00+00:00,171.30999755859375,0.0035085167692328056,3.276749127848547e-05,0.00024843732287676564,0.0007636631361443129,0.0009732003965330417,0.0011779262907406294,0.001180858133273206,0.0013766024290685502,0.004665489796749451
2022-07-22 00:00:00+00:00,172.1199951171875,0.004717113110772608,1.2309689919987805e-05,4.5077181198473275e-05,0.00026074701279675387,0.000983641401267102,0.00099095892904426,0.0011919110493853996,0.0013803058191783507,0.004558165960373814
2022-07-25 00:00:00+00:00,172.4600067138672,0.001973484852427987,2.2251156099822834e-05,3.456084601981064e-05,6.732833729829654e-05,0.0007982239821641233,0.0010077612425528524,0.0012126412752861096,0.0012757754168123943,0.00454487854633772
2022-07-26 00:00:00+00:00,173.67999267578125,0.007049118945094968,3.894642462762713e-06,2.6145798562585546e-05,3.8455488482573784e-05,0.0002868928113593391,0.0010097871998296876,0.0012163817792232028,0.0012201196439848034,0.004134930823893447
2022-07-27 00:00:00+00:00,173.1999969482422,-0.0027675048907829236,4.969007790209679e-05,5.35847203648595e-05,7.583587646468277e-05,0.00012091305766315572,0.0008518087025289826,0.0010667948055089426,0.0012690036996578758,0.004139728040401635
2022-07-28 00:00:00+00:00,174.1999969482422,0.0057570683912144816,7.659083320507402e-06,5.734916122260419e-05,6.124380368536733e-05,9.580464970517764e-05,0.00034424197258194316,0.0010690050462382192,0.001275406009170589,0.004044663752644348
2022-07-29 00:00:00+00:00,174.52000427246094,0.0018353258369190328,3.31438364611209e-05,4.08029197816283e-05,9.049299768372552e-05,0.00011663879624631074,0.0001617159774447839,0.0011002801975134127,0.0013070289154325971,0.0038388730942197098
2022-08-01 00:00:00+00:00,173.91000366210938,-0.0035014276593710036,3.3684209276625483e-06,3.651225738878345e-05,4.4171340709291286e-05,9.775606107415046e-05,0.000132316907093961,0.0008959800432382733,0.00131024319783459,0.0037289183184930617
2022-08-02 00:00:00+00:00,172.9199981689453,-0.005708895866844976,1.2259995653808305e-05,1.5628416581470854e-05,4.877225304259218e-05,0.00010612141426519605,0.00013226721282778148,0.0003930142256245348,0.0011232261418720412,0.003740898175500851
2022-08-03 00:00:00+00:00,174.58999633789062,0.009611297810797836,3.2591492018479656e-05,4.485148767228796e-05,4.821990859995094e-05,8.902282838157892e-05,0.00014260754874643832,0.00020993588604473432,0.0011503687912992901,0.003760152746337977
2022-08-04 00:00:00+00:00,171.7899932861328,-0.016167585464675227,9.237704560784728e-05,0.00012496853762632693,0.00013722853328013566,0.00017374079066891882,0.00023108995189152288,0.0002695454403740961,0.00124087715172121,0.003422696795236067
2022-08-05 00:00:00+00:00,171.11000061035156,-0.0039661334456342345,0.0002613908197575777,0.000353767865365425,0.0003863593573839051,0.00040198777396537565,0.0004427906937470038,0.000518626570211686,0.001294599396275986,0.0034389679861252134
2022-08-08 00:00:00+00:00,170.1999969482422,-0.005332429902040303,1.5730214508578486e-05,0.0002771210342661562,0.0003694980798740039,0.0004143495675462916,0.00045086182493507483,0.0005121056286204416,0.0007951037975170176,0.0029680310023429135
2022-08-09 00:00:00+00:00,170.17999267578125,-0.00011754082551096445,2.843480866017356e-05,4.416502316875204e-05,0.0003055558429263302,0.0004305243805526568,0.00044615279713412754,0.0005366457948178526,0.000607868774578911,0.002785269565373985
2022-08-10 00:00:00+00:00,170.6699981689453,0.00287519931869884,1.3815845661798993e-08,2.8448624505835357e-05,4.4178839014414276e-05,0.00039794670437983895,0.0004427981920521268,0.0004869695327614176,0.0005751150991460873,0.002784412882780427
2022-08-11 00:00:00+00:00,167.13999938964844,-0.020900075780487803,8.266771122246274e-06,8.280586967908072e-06,3.671539562808206e-05,0.000313836429894238,0.00043880496752056475,0.00048757722056315644,0.0005710721803483458,0.0019600641389174926
2022-08-12 00:00:00+00:00,165.3000030517578,-0.0110697576326384,0.00043681316763013284,0.00044507993875237913,0.00044509375459804136,0.0004892587777667931,0.0008430266431322179,0.0008912465517321684,0.000985634191878656,0.0023967974669670176
2022-08-15 00:00:00+00:00,166.08999633789062,0.004767764773048633,0.0001225395340453561,0.0005593527016754889,0.0005676194727977356,0.0005960680973035707,0.0008731891315697267,0.001010417664849862,0.001104279083461249,0.0025107307012021862
2022-08-16 00:00:00+00:00,167.57000732421875,0.008871430059082641,2.273158093112348e-05,0.00014527111497647958,0.0005820842826066129,0.0005903648695745207,0.0006345298927432725,0.001020889250127177,0.001077320586490276,0.0024066807236675304
2022-08-17 00:00:00+00:00,167.5800018310547,5.9641990547198986e-05,7.870227129319503e-05,0.00010143385222431852,0.00022397338626967505,0.0006690533250220539,0.000697501949527889,0.0010670000294018924,0.0011483637744629635,0.0024258325796703718
2022-08-18 00:00:00+00:00,166.77000427246094,-0.0048452168592225675,3.5571670364321732e-09,7.870582846023147e-05,0.00010143740939135538,0.0006607901110668442,0.0006690706980347521,0.0009746265409610817,0.001115223495168879,0.002425030114608384
2022-08-19 00:00:00+00:00,169.30999755859375,0.01511569646803057,2.34761264128946e-05,2.3479683579931033e-05,0.00010218195487312651,0.0002474530698496058,0.0006925330086019847,0.0007367118476163985,0.0011353312006541112,0.0024472494672134843
2022-08-22 00:00:00+00:00,167.58999633789062,-0.010210841175216423,0.00022848427971363186,0.00025196040612652647,0.0002519639632935633,0.0003533978155178816,0.0009127505171933703,0.0009494659128214519,0.0013515554847139347,0.002674212816728004
2022-08-23 00:00:00+00:00,166.1300048828125,-0.008749854755280673,0.0001042612775054951,0.000332745557219127,0.00035622168363202197,0.0004349275120922532,0.0005801986270687326,0.0010252923816667734,0.0014232252702009501,0.0027783199557078293
2022-08-24 00:00:00+00:00,165.5800018310547,-0.0033161710208133854,7.65599582385078e-05,0.0001808212357440029,0.0004093055154576352,0.000432785199037566,0.0005342190512618843,0.0011018385240596197,0.0014074081828316107,0.0026556028623299795
2022-08-25 00:00:00+00:00,167.1300048828125,0.009317509147400038,1.099699023928249e-05,8.755694847779029e-05,0.00019181822598328583,0.000443778632109812,0.0005224844605700433,0.0011045687431766556,0.0011570143533133155,0.0026611510099780315
2022-08-26 00:00:00+00:00,164.27000427246094,-0.017260540354609333,8.681597671188338e-05,9.781296695116587e-05,0.00017437292518967412,0.0005071184824088008,0.0005305981659887317,0.0007545715522584062,0.0012281001155166203,0.0027460983015039873
2022-08-29 00:00:00+00:00,163.0,-0.007761240755117527,0.0002979262533330973,0.00038474223004498066,0.0003957392202842636,0.0005765604560282662,0.0008285208621547925,0.0009299582715461474,0.0014975915601895442,0.002836355979634283
2022-08-30 00:00:00+00:00,162.42999267578125,-0.0035031061669981156,6.0236858058897275e-05,0.0003581631113919946,0.00044497908810387844,0.0005325360365816684,0.0008652815938007952,0.0009674635486739211,0.0015578146024027796,0.0023813670244256335
2022-08-31 00:00:00+00:00,161.33999633789062,-0.0067331778290231625,1.2271752817260229e-05,7.250861087615751e-05,0.00037043486420925526,0.00046824783116042085,0.0006490690669044236,0.0009010330301979863,0.0015618195840977937,0.0021779689456446136
2022-09-01 00:00:00+00:00,165.33999633789062,0.024490020864826434,4.533568367724907e-05,5.76074364945093e-05,0.00011784429455340706,0.0005025865245983875,0.0005901434730761775,0.0009463651567081989,0.0011703421001449097,0.0021905371380433773
2022-09-02 00:00:00+00:00,162.74000549316406,-0.015850068652822458,0.0005997611219596341,0.0006450968056368832,0.0006573685584541439,0.0010155316698461383,0.0011133446367973037,0.0015226501522549386,0.0016475636880591879,0.0027779885700830237
2022-09-06 00:00:00+00:00,163.17999267578125,0.0026999720936160543,0.00025122467629918514,0.0008509857982588192,0.0008963214819360688,0.0009688300928122261,0.0013535723228572064,0.0015453905488404917,0.0018760567834272494,0.003006962090282386
2022-09-07 00:00:00+00:00,164.07000732421875,0.005439369551245576,7.2898493063054596e-06,0.0002585145256054906,0.0008582756475651253,0.0009158830840596343,0.0012740461954516284,0.0014484191206413021,0.0018046443614403598,0.0030103572971259284
2022-09-08 00:00:00+00:00,165.38999938964844,0.008013106911717749,2.9586741115017504e-05,3.687659042132296e-05,0.00028810126672050866,0.0009331980723573916,0.0010057066832335488,0.0014014459035178116,0.001834227545388341,0.0029902539603388492
2022-09-09 00:00:00+00:00,165.7100067138672,0.0019329955781408614,6.420988237861876e-05,9.379662349363626e-05,0.00010108647279994226,0.0009520722710587611,0.0010096797075532704,0.0014546587956571482,0.001874961301354065,0.0030468047593969604
2022-09-12 00:00:00+00:00,165.63999938964844,-0.0004225581649066612,3.736471905112123e-06,6.794635428373088e-05,9.753309539874892e-05,0.0003560476210042392,0.0010011444266411222,0.001371579290850377,0.0016502134935455456,0.003017397394840952
2022-09-13 00:00:00+00:00,161.3300018310547,-0.02636478696475919,1.7855540272928507e-07,3.9150273078414085e-06,6.812490968646071e-05,0.00010500150010778334,0.0009559872983666024,0.0010738315929200088,0.0015461307714427796,0.0030142075293160186
2022-09-14 00:00:00+00:00,164.66000366210938,0.020430796082911762,0.0006951019916971361,0.0006952805470998655,0.0006990170190049781,0.0007928136424986141,0.0010513281681041044,0.0017086967265582476,0.002164672804901408,0.0036970495253593463
2022-09-15 00:00:00+00:00,165.0800018310547,0.002547451865592798,0.0004174174285815226,0.0011125194202786588,0.0011126979756813885,0.0011806443299651193,0.001217520920386442,0.00211384240232251,0.002571093243243648,0.00408187546192239
2022-09-16 00:00:00+00:00,167.60000610351562,0.015150008488835631,6.489511007512227e-06,0.0004239069395890348,0.0011190089312861716,0.0011229239585940126,0.0012167205820876488,0.0020749962296527733,0.002490766777539277,0.003995987927322054
2022-09-19 00:00:00+00:00,166.27999877929688,-0.00790711742195338,0.00022952275721179168,0.0002360122682193039,0.0006534296968008271,0.001348710243900692,0.0014166565981844229,0.0017047578649049308,0.0024223632814179713,0.003964119864776268
2022-09-20 00:00:00+00:00,164.97000122070312,-0.007909460455807427,6.252250592455867e-05,0.0002920452631363504,0.0002985347741438631,0.0014110541944225216,0.0014149692217303627,0.0015160556945303042,0.002424648929283633,0.0040109121561922485
2022-09-21 00:00:00+00:00,163.27999877929688,-0.010297135561923021,6.255956470198142e-05,0.0001250820706265401,0.0003546048278383323,0.0007785117674273668,0.001473792314527232,0.0015713254099259802,0.0024749367411683538,0.004045036912234056
2022-09-22 00:00:00+00:00,166.17999267578125,0.017604983137370134,0.00010603100078061972,0.00016859056548260116,0.00023111307140716037,0.0004671253396264639,0.0015796447599051226,0.0016477696695915826,0.0025356320582717246,0.004151054097169014
2022-09-23 00:00:00+00:00,166.72000122070312,0.0032442717240517283,0.0003099354312670868,0.0004159664320477065,0.0004785259967496885,0.0007705712598860385,0.001194478199475073,0.0018934952184800507,0.002245806367579177,0.004452722757313855
2022-09-26 00:00:00+00:00,165.6999969482422,-0.006136859871728184,1.0525299019481573e-05,0.00032046073028656836,0.00042649173106718865,0.0005515738016937284,0.000787586069913032,0.0019002840455944199,0.0020051069902994735,0.004026434888703204
2022-09-27 00:00:00+00:00,164.94000244140625,-0.004597119808155803,3.766104908522767e-05,4.818634810470924e-05,0.0003581217793717966,0.0005267123448543974,0.0008187576079907474,0.0019377665392769183,0.0020354781900783956,0.003941556403743075
2022-09-28 00:00:00+00:00,166.36000061035156,0.008572332336576949,2.1133510530538447e-05,5.8794559615766114e-05,6.931985863524822e-05,0.0004852862906829544,0.0006103683613094943,0.0012637980581103206,0.0020270249594939167,0.00393995833334249
2022-09-29 00:00:00+00:00,164.52999877929688,-0.011061201564346312,7.348488168872281e-05,9.461839221926125e-05,0.00013227944130448946,0.0004527401715910575,0.0006213307370736584,0.0009198655112175209,0.0020362999588040206,0.003934740943738017
2022-09-30 00:00:00+00:00,163.36000061035156,-0.007136558826632999,0.00012235018004709731,0.00019583506173582012,0.0002169685722663591,0.000265154920371068,0.0006811213524187743,0.001035726180257106,0.002154913666946006,0.004057087566618079
2022-10-03 00:00:00+00:00,163.1999969482422,-0.0009799343220810997,5.093047188599337e-05,0.00017328065193309068,0.000246765533621814,0.0003055600932375798,0.0006260208235241479,0.0008571338949313076,0.00220566558342927,0.0040845419120911775
2022-10-04 00:00:00+00:00,165.6199951171875,0.01471955429302163,9.602712755925443e-07,5.189074316158591e-05,0.00017424092320868378,0.00026885931542794465,0.0003170456635326537,0.0007955716602823415,0.0015115238630077263,0.003857017903653138
2022-10-05 00:00:00+00:00,165.11000061035156,-0.003084055983154421,0.0002166652785852115,0.00021762554986080407,0.000268556021746798,0.00046439108348261777,0.0005231856430983836,0.0009496773741655716,0.0013107717130114154,0.0039694219047328545
2022-10-06 00:00:00+00:00,161.91000366210938,-0.019571274223537216,9.511401307230584e-06,0.00022617667989244207,0.0002271369511680352,0.00040041760310112554,0.0004950359953203866,0.0008531577746921825,0.0013137936033111336,0.0039023733478015772
2022-10-07 00:00:00+00:00,160.1999969482422,-0.010617632332255766,0.00038303477473289224,0.0003925461760401228,0.0006092114546253349,0.0006611021977869205,0.0008569372595227404,0.0009262571181579879,0.001467305620832234,0.0042744111322951875
2022-10-10 00:00:00+00:00,160.41000366210938,0.0013100448738478931,0.00011273411634296302,0.0004957688910758552,0.0005052802923830864,0.0007229058422438901,0.0008961864941769806,0.0010284659354814695,0.0015175172312506386,0.0043003292719262665
2022-10-11 00:00:00+00:00,162.72999572753906,0.01435929895918342,1.7162175714951423e-06,0.00011445033391445811,0.000497485108647351,0.0007236617885397927,0.0007755525317013784,0.0009925211039677369,0.0014566738841201522,0.004004119236164665
2022-10-12 00:00:00+00:00,162.69000244140625,-0.00024579489004405985,0.00020618946659920604,0.00020790568417070114,0.0003206398005136647,0.0007131859765537871,0.0009308115264145911,0.0011775770600364044,0.0015568323499387388,0.004150071844704973
2022-10-13 00:00:00+00:00,165.14999389648438,0.015007550351819887,6.041512797177148e-08,0.00020624988172717774,0.00020796609929867344,0.0007037349903745284,0.0009299116702669702,0.0011041525934756536,0.0012469573337996235,0.004137860507015685
2022-10-14 00:00:00+00:00,164.4600067138672,-0.004186694512934075,0.0002252265675624092,0.00022528698269038092,0.0004314764492895875,0.0005459267832040454,0.0009384729592441679,0.0012070289809909653,0.001461658602342551,0.0043177513909008446
2022-10-17 00:00:00+00:00,166.58999633789062,0.012868261572399398,1.7528410944632292e-05,0.00024275497850704145,0.00024281539363501376,0.0004507210778057147,0.0009464899688815697,0.001173626920049604,0.0014415259642019558,0.003735518679885843
2022-10-18 00:00:00+00:00,166.00999450683594,-0.003487687522229166,0.00016559215589569102,0.00018312056684032326,0.000408347134402733,0.0006145970161299106,0.0007290473500443684,0.0013382588046697028,0.0015859846095671083,0.003649886159482349
2022-10-19 00:00:00+00:00,164.69000244140625,-0.007983060706257206,1.2163964252713019e-05,0.00017775612014840397,0.0001952845310930368,0.0004205715137834175,0.0006284771979541185,0.0011337574903372042,0.0015246636921310988,0.0036547602744287566
2022-10-20 00:00:00+00:00,165.11000061035156,0.0025469884300068912,6.372925823978779e-05,7.589322249250076e-05,0.0002414853783881923,0.0004842403568952335,0.0006904902386224111,0.0011879753472697615,0.001466042770323789,0.0036889027915535267
2022-10-21 00:00:00+00:00,168.7100067138672,0.02156938227281824,6.487150062588969e-06,7.02164083023767e-05,8.238037255509026e-05,0.00026550093939541335,0.000490787922085794,0.0008114277225994581,0.0014215994485003846,0.0036311800592374968
2022-10-24 00:00:00+00:00,170.97999572753906,0.013365261196817357,0.00046523825163096566,0.0004717254016935546,0.0005354546599333429,0.0007132107800817467,0.000955965758588788,0.0011639318578874607,0.001885877428855758,0.004092681838963351
2022-10-25 00:00:00+00:00,170.7100067138672,-0.0015803158882725654,0.00017863020685915173,0.0006438684584901173,0.0006503556085527068,0.0007262488310452075,0.0009093693978855304,0.0013408458471751174,0.0018478423571296981,0.004271133490419773
2022-10-26 00:00:00+00:00,172.2100067138672,0.008748451581578998,2.4973983067267073e-06,0.00018112760516587832,0.0006463658567968446,0.000716582265099221,0.000894338385247625,0.001137153778882638,0.0018408283541291942,0.0035785288970293636
2022-10-27 00:00:00+00:00,172.30999755859375,0.0005804646830025462,7.653540507523206e-05,7.903280338195867e-05,0.000257663010241111,0.0007293884119346654,0.0008052816344271659,0.0012136287688298984,0.0015343289844715342,0.0032376468735230727
2022-10-28 00:00:00+00:00,174.8699951171875,0.014747646816717364,3.369392482132464e-07,7.68723443234452e-05,7.93697426301725e-05,0.0007232382011202897,0.0007934546094226662,0.0009887391405157024,0.0014219318073767841,0.003231494301763774
2022-10-31 00:00:00+00:00,173.97000122070312,-0.00515993522983571,0.0002174930866306338,0.00021783002587884694,0.0002943654309540796,0.00047549303611995773,0.0009472184378135121,0.001188703816201704,0.001637708676435923,0.003219464631182616
2022-11-01 00:00:00+00:00,173.08999633789062,-0.005071208292152463,2.6624931576099706e-05,0.00024411801820673339,0.00024445495745494726,0.00032348776083690575,0.000967356219327023,0.0010497365918821127,0.0014581441414128168,0.003183567056834157
2022-11-02 00:00:00+00:00,170.42999267578125,-0.015487057018845007,2.5717153542395898e-05,5.23420851184955e-05,0.0002698351717491299,0.0003467075160725749,0.0005278351212384531,0.0010632897811717955,0.0014838008798272408,0.0031467246456745716
2022-11-03 00:00:00+00:00,170.72000122070312,0.0017001824415601163,0.0002398489351049564,0.0002655660886473522,0.0002921910202234525,0.0005100210461022992,0.0005890538494842579,0.001239409458036964,0.0014984232473697879,0.0032805425799989083
2022-11-04 00:00:00+00:00,171.47999572753906,0.004441822110795357,2.8906203345893183e-06,0.00024273955543954563,0.0002684567089819421,0.0005125747271886753,0.0005894470715121204,0.0012358129283089644,0.0014837854567597449,0.0029734977690664107
2022-11-07 00:00:00+00:00,172.97999572753906,0.008709339364642688,1.9729783663950522e-05,2.262040399853973e-05,0.00026246933910349673,0.000314811424221992,0.0005326414501008389,0.0007903044603419493,0.0013379230845280046,0.00298270225371088
2022-11-08 00:00:00+00:00,173.83999633789062,0.004959358702993022,7.58525921685147e-05,9.55823758324651e-05,9.847299616705502e-05,0.00036403908481440705,0.0006081571030211403,0.0006875268456513123,0.0014016117124438059,0.003020893796794167
2022-11-09 00:00:00+00:00,172.4499969482422,-0.008027993195826255,2.4595238744952628e-05,0.00010044783091346722,0.00012017761457741833,0.00036291717001696376,0.00041525925513545916,0.0007096246860895381,0.001362477692948971,0.003024355525008581
2022-11-10 00:00:00+00:00,174.47000122070312,0.011645492402075242,6.444867475223265e-05,8.904391349718517e-05,0.00016489650566570046,0.00018751690966424002,0.0004530829983115921,0.0006975379557665387,0.0014204392176386147,0.003015319318072091
2022-11-11 00:00:00+00:00,169.25,-0.03037590229606213,0.00013561749328679218,0.00020006616803902472,0.00022466140678397794,0.0003202437826164429,0.0005629833380559883,0.0008328185098051178,0.0010908184592944411,0.0030285866313117856
2022-11-14 00:00:00+00:00,171.91000366210938,0.015594193563497782,0.0009226954402999126,0.0010583129335867047,0.001122761608338938,0.001223209439252405,0.0012458298432509447,0.0015380208634743963,0.001834883692735202,0.0039003515997257047
2022-11-15 00:00:00+00:00,172.38999938964844,0.0027882430104773093,0.00024317887289583567,0.001165874313195748,0.001301491806482541,0.001390535719979726,0.0014861180958121911,0.0017545748047941324,0.002075565167324311,0.0041425702013459485
2022-11-16 00:00:00+00:00,173.4600067138672,0.0061877155955141205,7.774299085475569e-06,0.00025095317198131113,0.0011736486122812244,0.001373714780320249,0.001474162611233716,0.001736631950337212,0.0020068040613345542,0.003933679221846212
2022-11-17 00:00:00+00:00,174.86000061035156,0.008038593281387563,3.828782429096867e-05,4.6062123376444126e-05,0.00028924099627228046,0.001347553929858985,0.00143659784335617,0.0015350708395232243,0.00204475494637731,0.00396245564482995
2022-11-18 00:00:00+00:00,176.1999969482422,0.007634038938966192,6.461898194356926e-05,0.00010290680623453781,0.00011068110532001403,0.001276555418515762,0.0014766215865547865,0.0015967992011322043,0.0018918808416902454,0.0036440398520406272
2022-11-21 00:00:00+00:00,175.97000122070312,-0.00130616328156119,5.827855052165207e-05,0.00012289753246522123,0.00016118535675619053,0.0004121385287375015,0.001470451462324206,0.0016353479679899058,0.0019235344606357977,0.003589584286219316
2022-11-22 00:00:00+00:00,176.82000732421875,0.004818774498882128,1.7060625180986967e-06,5.998461303975067e-05,0.00012460359498332055,0.00017066571835976457,0.0013365400315555125,0.0015612014383394898,0.0018995233696115002,0.00358957413116592
2022-11-23 00:00:00+00:00,177.00999450683594,0.001073889720444754,2.3220587671076703e-05,2.4926650189175305e-05,8.320520071082802e-05,0.00018611200694536572,0.00043706517892667674,0.0015598267872656139,0.0016828950221776206,0.0034066052522377906
2022-11-25 00:00:00+00:00,177.24000549316406,0.0012985802040965666,1.1532391316769119e-06,2.437382680275352e-05,2.6079889320852852e-05,0.00014897742178607396,0.00019503954516251798,0.001496531351645058,0.0016811576409747084,0.0034076980762414956
2022-11-28 00:00:00+00:00,177.3300018310547,0.000507636505989062,1.6863105464714805e-06,2.8395496781482973e-06,2.606013734922564e-05,8.604475038897618e-05,0.00018895155662351388,0.0013626001689047375,0.0016631141678572292,0.003184157819225558
2022-11-29 00:00:00+00:00,176.08999633789062,-0.007017206654197139,2.5769482221278293e-07,1.9440053686841688e-06,3.0972445003617176e-06,2.80238946895369e-05,0.000150921427154758,0.0004401624234270377,0.0015875192705109274,0.003166887103103138
2022-11-30 00:00:00+00:00,178.0,0.010788343116203691,4.924118922770861e-05,4.9498884049921294e-05,5.1185194596393414e-05,7.55590213991468e-05,0.00013554363443889737,0.0002462247397589106,0.0016121652209936832,0.003050536136435156
2022-12-01 00:00:00+00:00,178.74000549316406,0.004148716393867602,0.00011638834719293957,0.0001656295364206481,0.0001658872312428615,0.00016872678092100967,0.00019365343111018486,0.00035483878786637463,0.0016641048934343903,0.0031547605193753825
2022-12-02 00:00:00+00:00,178.8800048828125,0.0007829505773626622,1.72118477167458e-05,0.00013360019490968526,0.00018284138413739452,0.00018478538950607857,0.00020915921630883198,0.00033376281129215177,0.0015456992478643438,0.0031082431088523405
2022-12-05 00:00:00+00:00,178.77999877929688,-0.0005592244315710815,6.13011606592526e-07,1.7824859323338233e-05,0.00013421320651627844,0.00018371209056619963,0.00018655164024434777,0.0002697568409551751,0.0006236168191710239,0.0031023689703963443
2022-12-06 00:00:00+00:00,176.10000610351562,-0.01510394267021109,3.127319648659992e-07,9.257435714584303e-07,1.8137591288204854e-05,0.00018376712770885284,0.00018571113307753686,0.00021179102239838896,0.0003807506782400542,0.0026374434507302445
2022-12-07 00:00:00+00:00,177.1699981689453,0.0060576631157971406,0.00022812908418502333,0.00022844181614988922,0.00022905482775648238,0.0003626550226661676,0.0004121539067160887,0.0004382140440653136,0.0006011054633396019,0.002686942328056116
2022-12-08 00:00:00+00:00,177.1999969482422,0.00016930767154033077,3.669528242448912e-05,0.00026482436660951237,0.00026513709857437894,0.00028296195789771707,0.0004485914943183651,0.00045168873881872604,0.0005995129214731225,0.0027211402121738782
2022-12-09 00:00:00+00:00,175.74000549316406,-0.008273359623839127,2.866508764240853e-08,3.6723947512131425e-05,0.0002648530316971554,0.0002657787752686137,0.00039937897017829885,0.00045056416477469154,0.0005349226046171956,0.0026446334721862887
2022-12-12 00:00:00+00:00,177.83999633789062,0.011878587738751278,6.84484794653715e-05,6.847714455301381e-05,0.00010517242697750355,0.0003336142431273927,0.0003514391024507308,0.0005173263336935916,0.000545092533560915,0.002712745012403447
2022-12-13 00:00:00+00:00,179.2100067138672,0.007674090955199553,0.0001411008466672122,0.00020954932613258362,0.00020957799122022663,0.0004744023578297389,0.00047532810140119724,0.000658169485538591,0.0006844873177100285,0.0026363527724400254
2022-12-14 00:00:00+00:00,179.75999450683594,0.003064257299768336,5.8891671988675584e-05,0.00019999251865588768,0.0002684409981212598,0.00030516494563339117,0.0005336067617832803,0.000667819968299558,0.0007201584020276274,0.002668619512852601
2022-12-15 00:00:00+00:00,177.49000549316406,-0.012708297069349506,9.389672799183534e-06,6.828134478785901e-05,0.00020938219145507183,0.0002778593360080856,0.0005426837026175978,0.0005608212939058019,0.000728394835695134,0.0026522920321093886
2022-12-16 00:00:00+00:00,175.6699981689453,-0.010307075647372876,0.00016150081440283724,0.00017089048720202066,0.00022978215919069686,0.0004393314853232804,0.00047605543283541174,0.0007051102605918933,0.0008882093395514998,0.00257394391140727
2022-12-19 00:00:00+00:00,175.47999572753906,-0.0010821726512970642,0.00010623580840066699,0.0002677366228035041,0.00027712629560268826,0.0004771188142585759,0.0005455959588115897,0.0008107330573859678,0.000994187453129954,0.0026772890994733473
2022-12-20 00:00:00+00:00,175.6699981689453,0.0010821726512970642,1.1710976472153172e-06,0.0001074069060478822,0.00026890772045072006,0.000337189065238579,0.0005467383913711625,0.0008115914230683172,0.0009461173615494606,0.002658730413456612
2022-12-21 00:00:00+00:00,177.67999267578125,0.011376913762740415,1.1710976472153172e-06,2.3421952944306344e-06,0.00010857800369509812,0.00027946849089711875,0.0004794610095530063,0.0005846334365305092,0.0008309001120037364,0.0025840489189353126
2022-12-22 00:00:00+00:00,177.02999877929688,-0.003664935523040924,0.00012943416676483227,0.0001306052644120475,0.00013177636205926338,0.0003995129848627675,0.00046779432965062635,0.0006773723208708523,0.0009431224310518229,0.0026888878469551922
2022-12-23 00:00:00+00:00,177.47999572753906,0.0025386995960658965,1.3431752388047253e-05,0.00014286591915287943,0.00014403701680009535,0.00025144392284797746,0.00042233441004999804,0.0006907754081712571,0.0009559411718332777,0.002637870924591007
2022-12-27 00:00:00+00:00,177.42999267578125,-0.0002817787817894768,6.444995639065146e-06,1.987674802711229e-05,0.00014931091479194518,0.00015165311008637564,0.00041938973288987964,0.0006287719243449508,0.0009620734355074768,0.0025086984269432804
2022-12-28 00:00:00+00:00,176.66000366210938,-0.004349121609314999,7.939928186676158e-08,6.5243949209318e-06,1.9956147308979674e-05,0.00015056141172102707,0.0002579683177689092,0.00048775047695960534,0.0007340237506043202,0.0015860823859252342
2022-12-29 00:00:00+00:00,177.55999755859375,0.005081564169391761,1.8914858772610684e-05,1.8994258054477338e-05,2.5439253693543107e-05,0.00016830517284642245,0.00017064736814085288,0.00044777366374354043,0.0007162433269524418,0.0013618183718020094
2022-12-30 00:00:00+00:00,176.64999389648438,-0.00513822696238897,2.5822294407646182e-05,4.473715318025676e-05,4.481655246212414e-05,6.469330048923636e-05,0.00019529856490128374,0.00046420628535200303,0.0007420369562724455,0.0013798663671241798
2023-01-03 00:00:00+00:00,178.19000244140625,0.008680071186772054,2.6401376317020978e-05,5.2223670724667055e-05,7.113852949727836e-05,7.766292441821007e-05,0.0002205288435710894,0.0003291068472661868,0.000699989853124095,0.0013679799191502323
2023-01-04 00:00:00+00:00,180.1300048828125,0.010828429102160975,7.534363580743041e-05,0.00010174501212445129,0.00012756730653209808,0.00014656156458657532,0.00016643831261368752,0.0002982146746729502,0.0006342326422643132,0.0013787045730140933
2023-01-05 00:00:00+00:00,178.8000030517578,-0.007410959735214995,0.00011725487682052673,0.00019259851262795705,0.00021899988894497866,0.0002637370421252353,0.000270261437046167,0.0004142984538462616,0.0006925958470961644,0.001437680899312968
2023-01-06 00:00:00+00:00,180.25,0.008076896357648522,5.4922324196977905e-05,0.00017217720101750454,0.00024752083682493556,0.00029974450754960256,0.00031873876560407975,0.0004680496803960242,0.0007381284984939588,0.0014908971609918474
2023-01-09 00:00:00+00:00,175.5800018310547,-0.02624998623838959,6.523625477219596e-05,0.00012015857896917375,0.0002374134557897011,0.0003391584679141523,0.00038389562109440896,0.0004038517684033879,0.0006418639388633175,0.0015329128280929666
2023-01-10 00:00:00+00:00,175.16000366210938,-0.002394927086247556,0.0006890617775156428,0.0007542980322878387,0.0008092203564848172,0.0010018188691127742,0.001054042539837441,0.0010794817935309835,0.0012246899079782934,0.0022208213664769326
2023-01-11 00:00:00+00:00,174.8800048828125,-0.0015998104912622324,5.735675748442208e-06,0.0006947974532640849,0.0007600337080362815,0.000932210909053786,0.001033955921178237,0.0010787724736403604,0.00122925448607952,0.002224870731678903
2023-01-12 00:00:00+00:00,174.0,-0.005044753134630042,2.559393607952705e-06,8.295069356394804e-06,0.0006973568468720383,0.000817515425841212,0.001010113938469169,0.0010812524679664464,0.0012306427820402575,0.0022271724304646435
2023-01-13 00:00:00+00:00,173.42999267578125,-0.0032812816835914305,2.5449534189359637e-05,2.8008927797312235e-05,3.374460354575498e-05,0.0007880426358335936,0.0009602198368510982,0.0010877871433831953,0.001126658149464785,0.0022033807754262944
2023-01-17 00:00:00+00:00,172.36000061035156,-0.006188701242156647,1.0766809487072613e-05,3.621634367643214e-05,3.877573728438539e-05,0.0007335731905484703,0.000853731769517644,0.0010727316584626218,0.0011239932065638103,0.0020977592377204274
2023-01-18 00:00:00+00:00,169.75999450683594,-0.015199673781521206,3.830002306467122e-05,4.9066832551743726e-05,7.45163667411039e-05,8.28114360974987e-05,0.0008371094683853374,0.001084630305210272,0.0011558482339894163,0.0021188474130683526
2023-01-19 00:00:00+00:00,169.52999877929688,-0.0013557473979117773,0.00023103008306466316,0.0002693301061293343,0.0002800969156164074,0.00030810584341371965,0.0010029032966778046,0.0012403167524675047,0.0013867989177722127,0.0023492644845264235
2023-01-20 00:00:00+00:00,168.74000549316406,-0.004670793817855845,1.8380510069445552e-06,0.0002328681340716076,0.0002711681571362794,0.00030738450081271146,0.0003156795701691062,0.0011248999266539226,0.0013697221100065467,0.002350789803568502
2023-01-23 00:00:00+00:00,168.30999755859375,-0.0025515986588313666,2.181631488892038e-05,2.365436589586483e-05,0.0002546844489605285,0.00030375128151227226,0.0003317602093095844,0.001091793917345865,0.0013657161304878207,0.002144477034272399
2023-01-24 00:00:00+00:00,168.30999755859375,0.0,6.510655715750029e-06,2.8326970604670302e-05,3.01650216116154e-05,0.00029949512774094965,0.0003357114714173817,0.0010330683182894192,0.00134582540988655,0.0021142924075636597
2023-01-25 00:00:00+00:00,169.50999450683594,0.007104387091597886,0.0,6.51065571574992e-06,2.8326970604670844e-05,0.0002611951046762785,0.00031026193722802207,0.0003440065407737763,0.0012704817740791196,0.002114263742476017
2023-01-26 00:00:00+00:00,168.88999938964844,-0.0036642779083289057,5.047231594726266e-05,5.0472315947262555e-05,5.698297166301313e-05,8.063733755887795e-05,0.0003499674436882121,0.0003887431809725967,0.0012036992132058554,0.002096287578957908
2023-01-27 00:00:00+00:00,168.22999572753906,-0.003915546481406906,1.342693258946726e-05,6.389924853672982e-05,6.389924853673036e-05,9.222621914140066e-05,0.00032509435321300816,0.00039961071995411125,0.0011622038215983448,0.0019686136648801636
2023-01-30 00:00:00+00:00,162.0,-0.037735730102139264,1.5331504248058005e-05,2.8758436837525156e-05,7.923075278478836e-05,8.574140850053829e-05,0.00010939577439640299,0.00038949269001280966,0.0011122990710742068,0.001925053497139546
2023-01-31 00:00:00+00:00,163.4199981689453,0.008727227519583991,0.0014239853263414994,0.0014393168305895574,0.001452743763179025,0.0015032160791262877,0.0015315430497309579,0.0018027112068672365,0.0018472226199000635,0.003339649150681862
2023-02-01 00:00:00+00:00,164.9199981689453,0.009136933984047246,7.616450017858414e-05,0.0015001498265200836,0.001515481330768142,0.0015793805793048719,0.0015858912350206218,0.0018405756839811494,0.0019176514443302055,0.003254312836457609
2023-02-02 00:00:00+00:00,165.5399932861328,0.0037523201638629544,8.348356262883748e-05,0.00015964806280742162,0.0015836333891489215,0.0016123918259864467,0.0016628641419337092,0.0016930291635453237,0.0019985756133510902,0.003231560590685779
2023-02-03 00:00:00+00:00,164.61000061035156,-0.005633773453019408,1.4079906612132508e-05,9.756346924096999e-05,0.00017372796941955457,0.001613044800009112,0.0016769440485458417,0.0017052710191505119,0.001987205985773863,0.0032444693996506965
2023-02-06 00:00:00+00:00,163.36000061035156,-0.007622685294267129,3.173940331994623e-05,4.5819309932078736e-05,0.00012930287256091664,0.001629452699081,0.001658211135918525,0.0017151941075815374,0.0020081785796067365,0.0032750377053234274
2023-02-07 00:00:00+00:00,163.39999389648438,0.0002447869200938868,5.810533109543634e-05,8.984473441538257e-05,0.00010392464102751551,0.0002635727038349371,0.0017028895344244942,0.0017667887829612239,0.002027983887637502,0.0032037088696540315
2023-02-08 00:00:00+00:00,163.61000061035156,0.0012844056528269476,5.992063624905093e-08,5.816525173168539e-05,8.990465505163205e-05,0.00018746812429260205,0.0016876179508126853,0.001766848703597473,0.0017970137252090875,0.003190337037902233
2023-02-09 00:00:00+00:00,161.39999389648438,-0.013599832705746273,1.6496978810138175e-06,1.7096185172628685e-06,5.981494961269964e-05,0.00010563425954477838,0.00026528232235219977,0.0017180260855312241,0.001796825372083157,0.003185541740144182
2023-02-10 00:00:00+00:00,162.14999389648438,0.004636077092390778,0.00018495544962428598,0.0001866051475052998,0.0001866650681415493,0.00027650980255693186,0.0003740732717979016,0.0018895546025660427,0.0019599645068185227,0.003370417790486601
2023-02-13 00:00:00+00:00,162.75,0.003693485976522304,2.149321080659053e-05,0.00020644866043087652,0.00020809835831189078,0.0002662636100435762,0.00031208291997565467,0.0018957163091245753,0.001974947061909363,0.003372996142520581
2023-02-14 00:00:00+00:00,162.0399932861328,-0.004372104187583936,1.3641838658766916e-05,3.5135049465357444e-05,0.00022009049908964387,0.00022180011760690674,0.00031164485202228907,0.00048537282144184274,0.00198858890056813,0.0033608156867717016
2023-02-15 00:00:00+00:00,159.3699951171875,-0.016614664667769397,1.911529502708899e-05,3.275713368585591e-05,5.425034449244687e-05,0.00024085549199774669,0.0002990207437294318,0.0004283236162903476,0.0019572318796479563,0.00335352960548177
2023-02-16 00:00:00+00:00,158.24000549316406,-0.007115609644793075,0.00027604708202242474,0.00029516237704951375,0.0003088042157082811,0.0005152528761391576,0.0005169624946564203,0.0006208871356839349,0.002219852029080914,0.003554233051696764
2023-02-17 00:00:00+00:00,160.38999938964844,0.01349544295533267,5.063190061707223e-05,0.00032667898263949696,0.00034579427766658635,0.00038092932713194383,0.0005675344746372434,0.0006574391296888746,0.0022551524254499277,0.0034876100754933094
2023-02-21 00:00:00+00:00,158.0,-0.015013312516898303,0.0001821269805606382,0.00023275888117771043,0.0005088059632001356,0.0005415630968859915,0.0007480117573168678,0.0008078267069295666,0.0010132940796690668,0.00361481473185697
2023-02-22 00:00:00+00:00,157.77999877929688,-0.0013933830967651772,0.00022539955273005526,0.00040752653329069347,0.0004581584339077661,0.0007533208109572799,0.0007884558604226371,0.0009751209285641855,0.0011625291322205377,0.003774978029814829
2023-02-23 00:00:00+00:00,157.72999572753906,-0.0003169665179996173,1.9415164543509153e-06,0.0002273410691844062,0.0004094680497450448,0.0007361470323845418,0.0007689041660703975,0.0009770025243822874,0.0010809870860460512,0.0030878577687535372
2023-02-24 00:00:00+00:00,155.97000122070312,-0.011220994521942806,1.004677735328017e-07,2.041984227883717e-06,0.00022744153695793942,0.0004602004181356498,0.0007553627951851634,0.0009754532942748063,0.0010670076472074515,0.0030822225607786274
2023-02-27 00:00:00+00:00,155.6300048828125,-0.002182262298846993,0.00012591071806147046,0.00012601118583500327,0.00012795270228935462,0.000535479235580048,0.0008621582182195449,0.0009164085627119908,0.001161178961948976,0.003205573885232145
2023-02-28 00:00:00+00:00,153.25999450683594,-0.015345636891279213,4.762268740968963e-06,0.00013067298680243943,0.00013077345457597266,0.0003581145237603788,0.000590873404938089,0.0008996776206463692,0.0011078358995945084,0.0031848866197837548
2023-03-01 00:00:00+00:00,152.57000732421875,-0.0045122345693950905,0.00023548857159898955,0.00024025084033995852,0.0003661615584014294,0.0003682035426293131,0.0007757300759200064,0.001121524353586592,0.001343264550557249,0.0034096083818956715
2023-03-02 00:00:00+00:00,152.4499969482422,-0.0007869017145640811,2.0360260809244096e-05,0.00025584883240823363,0.00026061110114920306,0.00038662228698420635,0.0006139633561686122,0.001122769319368747,0.0013619751134854791,0.0033916686196402445
2023-03-03 00:00:00+00:00,154.02000427246094,0.010245838434579824,6.192143083838905e-07,2.0979475117627987e-05,0.000256468046716618,0.00038714103351905746,0.00038918301774694094,0.0008473414516547062,0.0011776388781695772,0.003161257750883965
2023-03-06 00:00:00+00:00,155.55999755859375,0.009949001742486807,0.00010497720522751313,0.00010559641953589703,0.00012595668034514154,0.0003662075206851001,0.0004922187065201032,0.000901686756265147,0.0012611228725904996,0.003264396905104534
2023-03-07 00:00:00+00:00,154.08999633789062,-0.009494670065520516,9.898263567200552e-05,0.00020395984089951867,0.00020457905520790295,0.00046042788761613664,0.0005911008744185759,0.0008185424113765144,0.0013464636696037383,0.0033415632258876195
2023-03-08 00:00:00+00:00,152.9600067138672,-0.007360330331669829,9.014875965309136e-05,0.00018913139532509687,0.0002941086005526104,0.00031508807567023846,0.0005553389160101968,0.0006832916182995505,0.0014174971342297408,0.0034252013298249604
2023-03-09 00:00:00+00:00,151.24000549316406,-0.011308477852477239,5.417446259129889e-05,0.00014432322224439026,0.0002433058579163962,0.00034890227745229324,0.0006047511098605267,0.0007355245644364984,0.0011956245147986147,0.003479375792416259
2023-03-10 00:00:00+00:00,151.61000061035156,0.0024434227757170746,0.00012788167133996823,0.0001820561339312671,0.0002722048935843589,0.00047616473448387753,0.0004971442096015054,0.0008633057680029339,0.0012728742855215107,0.003556785147808965
2023-03-13 00:00:00+00:00,153.05999755859375,0.009518547311836656,5.970314860892933e-06,0.0001338519862008612,0.0001880264487921605,0.00037715784411725736,0.00048275426365315417,0.0007433653648023562,0.0010967176198217654,0.0035493285300803906
2023-03-14 00:00:00+00:00,153.9199981689453,0.005602989590124174,9.060274292767283e-05,9.657305778856579e-05,0.00022445472912853442,0.00036877795137292465,0.0005727377922724431,0.0008292058389890603,0.0009619208100193832,0.0036245997687600054
2023-03-15 00:00:00+00:00,154.35000610351562,0.00278981547026369,3.139349234703986e-05,0.00012199623527471272,0.00012796655013560604,0.0003100226840668732,0.0004991540793919698,0.0006251107597371106,0.000991372785912072,0.002232007934765546
2023-03-16 00:00:00+00:00,154.02999877929688,-0.0020754097802484495,7.783070358122614e-06,3.91765627051625e-05,0.00012977930563283575,0.0002636312918336969,0.00040795451407808693,0.0006125335692859891,0.000999055388496662,0.002163626504945084
2023-03-17 00:00:00+00:00,152.3800048828125,-0.010769947622745413,4.307325755950917e-06,1.2090396114073558e-05,4.3483888461113826e-05,0.00014005694624967958,0.0003221130801809465,0.000616221680733556,0.0008774519961911424,0.002084450268072198
2023-03-20 00:00:00+00:00,153.88999938964844,0.009860624421085262,0.00011599177179667957,0.0001202990975526305,0.00012808216791075354,0.00025007840318546623,0.00038393038938632716,0.0006272362473027226,0.000988681499246853,0.002186362133256745
2023-03-21 00:00:00+00:00,153.88999938964844,0.0,9.723191397370307e-05,0.00021322368577038266,0.000217531011526334,0.00025670757423149645,0.000353280632020062,0.0006254855256044201,0.0008504248416215664,0.0022518546439105015
2023-03-22 00:00:00+00:00,151.0500030517578,-0.018627129473298254,0.0,9.72319139737031e-05,0.0002132236857703831,0.00022531408188445658,0.0003473103171591691,0.0005353367659513287,0.0008300645808123223,0.002193749312815065
2023-03-23 00:00:00+00:00,151.1300048828125,0.000529497854412142,0.0003469699524150165,0.00034696995241501657,0.00044420186638872,0.0005645009639413505,0.0006036775266465128,0.0008281322557750463,0.0011764153189189551,0.002540659344593833
2023-03-24 00:00:00+00:00,152.64999389648438,0.010007253306441477,2.8036797782706196e-07,0.00034725032039284356,0.000347250320392844,0.0005604740061632267,0.0005725644022772999,0.0007005309524129053,0.0010717184816692689,0.002539290014690646
2023-03-27 00:00:00+00:00,153.3000030517578,0.004249126587702712,0.00010014511873928388,0.00010042548671711094,0.00044739543913212786,0.0005446273531058309,0.0006649264506584612,0.0007947057562912961,0.0010728809647365472,0.002454479683805644
2023-03-28 00:00:00+00:00,151.82000732421875,-0.009701148953463523,1.8055076758322093e-05,0.00011820019549760598,0.00011848056347543346,0.00046545051589045,0.0006786742016608324,0.0007221580901219454,0.0010007872818417782,0.0024510415497573756
2023-03-29 00:00:00+00:00,153.30999755859375,0.009766342566324582,9.411229101728641e-05,0.0001121673677756085,0.0002123124865148928,0.0005595628069077364,0.0006567947208814392,0.000784876888792192,0.0010407251102677656,0.002531512002115895
2023-03-30 00:00:00+00:00,153.42999267578125,0.0007823898228389581,9.538144712280342e-05,0.00018949373814008982,0.00020754881489841237,0.0003079743016155233,0.0006549442540305396,0.0008724752655568727,0.0010082248860506008,0.0026077781542116095
2023-03-31 00:00:00+00:00,155.0,0.010180727698682723,6.121338348819762e-07,9.59935809576854e-05,0.00019010587197497225,0.00030830606747257825,0.0006555563878654216,0.0008687800736358037,0.0010028667050245898,0.002332343206024067
2023-04-03 00:00:00+00:00,156.85000610351562,0.011864856630513287,0.00010364721647472562,0.0001042593503096076,0.00019964079743241145,0.00031180816520801996,0.00041223365192513065,0.0008564355183138499,0.0010159111785716427,0.00238535852188172
2023-04-04 00:00:00+00:00,158.49000549316406,0.010401560953946287,0.00014077482286263513,0.00024442203933736073,0.00024503417317224313,0.000434527911312333,0.0005527281068099388,0.0008999784272027819,0.0011252925090872378,0.002344006364183717
2023-04-05 00:00:00+00:00,165.61000061035156,0.04394409578316871,0.00010819247027865999,0.0002489672931412951,0.00035261450961602116,0.0004486080905737066,0.0005607754583493149,0.0010081708974814419,0.0012257019090077751,0.0022267992817323217
2023-04-06 00:00:00+00:00,165.14999389648438,-0.0027815154074835036,0.0019310835542003062,0.002039276024478966,0.0021800508473416016,0.0022843101976512095,0.0024738039357912987,0.0025922844992667315,0.0031524781374521306,0.004155941319478277
2023-04-10 00:00:00+00:00,164.32000732421875,-0.005038324126245719,7.736827962068122e-06,0.0019388203821623744,0.002047012852441035,0.0022914348917783952,0.0023874284727360803,0.0025997409592509726,0.0030442231936175187,0.004163577679666812
2023-04-11 00:00:00+00:00,164.27000427246094,-0.0003043491912659846,2.538471000110969e-05,3.312153796317781e-05,0.0019642050921634844,0.0022131723853047796,0.002317431735614387,0.0025249805505127986,0.0029723759896449257,0.004063051671606452
2023-04-12 00:00:00+00:00,163.9199981689453,-0.002132948801651935,9.262843022425887e-08,2.547733843133395e-05,3.3214166393402506e-05,0.0020724901908723684,0.0023169122302097293,0.0025070181021847006,0.00297246861807515,0.004058382031295707
2023-04-13 00:00:00+00:00,166.11000061035156,0.013271730417139693,4.549470590468425e-06,4.6420990206926835e-06,3.0026809021802807e-05,0.001968847191184177,0.002217814484325472,0.0024174552817578824,0.002630048136250602,0.0038274429302871857
2023-04-14 00:00:00+00:00,165.83999633789062,-0.0016267771320279678,0.00017613882826523092,0.00018068829885569936,0.00018078092728592403,0.00021390246524910186,0.0022531784897280678,0.0024982126629003103,0.0028059065965380056,0.0039832214977431725
2023-04-17 00:00:00+00:00,165.6699981689453,-0.0010255991473151482,2.6464038372891402e-06,0.00017878523210252005,0.0001833347026929889,0.00020881204112432287,0.0021476324232866974,0.002500246932902717,0.002708407881636011,0.003985248687272078
2023-04-18 00:00:00+00:00,161.00999450683594,-0.028531406158090356,1.051853610973559e-06,3.6982574482626993e-06,0.00017983708571349405,0.00018447918473418672,0.00021760072269736433,0.0023976515700389655,0.002691404658488662,0.003881323335655538
2023-04-19 00:00:00+00:00,162.52999877929688,0.009396151864518032,0.0008140411373579162,0.0008150929909688897,0.0008177393948061793,0.0009984276936618787,0.0010239050320932125,0.003070917884534246,0.0034113335048292924,0.004596381837341449
2023-04-20 00:00:00+00:00,163.5800018310547,0.006439585896010236,8.828766986108568e-05,0.0009023288072190019,0.0009033806608299759,0.001082165892932496,0.0010868079919531884,0.003051013084116672,0.0034042397275675746,0.004594520747549443
2023-04-21 00:00:00+00:00,162.69000244140625,-0.005455613972890738,4.146826651209395e-05,0.00012975593637317963,0.0009437970737310963,0.000947495331179359,0.001128183630035058,0.0011613977964284599,0.0034450958602447864,0.0045818145514702376
2023-04-24 00:00:00+00:00,163.67999267578125,0.006066692928561324,2.9763723821200666e-05,7.123199033329461e-05,0.00015951966019438075,0.0009746126511632705,0.0011533978832657904,0.0011834246922875922,0.003371212367591262,0.004483696603951471
2023-04-25 00:00:00+00:00,165.17999267578125,0.009122486585604328,3.680476308945597e-05,6.656848691065663e-05,0.00010803675342275102,0.001010365560641753,0.0010140638180900154,0.0011948447453759387,0.0032672423078180823,0.004514531052180034
2023-04-26 00:00:00+00:00,162.6199951171875,-0.015619583287950434,8.32197615045309e-05,0.00012002452459398688,0.00014978824841518798,0.0002795441847883676,0.0010946371757572571,0.0012779718784502454,0.003242269599043953,0.004507148070756892
2023-04-27 00:00:00+00:00,163.0,0.002334040052975439,0.00024397138208922048,0.00032719114359375137,0.0003639959066832078,0.00043522789701650236,0.001337556704235504,0.0015173937899489974,0.0015551574269328677,0.004719725960499073
2023-04-28 00:00:00+00:00,163.6999969482422,0.004285264927945676,5.4477429688935905e-06,0.00024941912505811406,0.0003326388865626454,0.00039920737347330204,0.0005289633098464815,0.00134670270465266,0.001552868341939693,0.004717390633109843
2023-05-01 00:00:00+00:00,163.60000610351562,-0.0006110042585092401,1.8363495502681255e-05,2.381123847157487e-05,0.0002677826205607957,0.00038780714515478267,0.00045903913548807704,0.0013624197963180522,0.0015458471274412647,0.004731446802856574
2023-05-02 00:00:00+00:00,165.02999877929688,0.008702806682421738,3.7332620391642635e-07,1.8736821706597704e-05,2.4184564675491703e-05,0.0003513757082692431,0.0004179441951798995,0.0013617412689109951,0.001546127825214957,0.004615828357263811
2023-05-03 00:00:00+00:00,162.8699951171875,-0.01317496155296638,7.573884415160445e-05,7.61121703555209e-05,9.447566585820257e-05,0.0003438947909163166,0.0004639193155103033,0.0006234389757046832,0.0016173171987760929,0.004594335287441712
2023-05-04 00:00:00+00:00,162.1300048828125,-0.004553793927026817,0.00017357961192214228,0.00024931845607374675,0.00024969178227766356,0.0002735030207492384,0.0006006941643429897,0.0007087309177657398,0.0016147579824330042,0.004767914899363854
2023-05-05 00:00:00+00:00,162.67999267578125,0.0033865233381504822,2.0737039129826317e-05,0.0001943166510519686,0.00027005549520357346,0.00028879231691017113,0.000538211441968285,0.0006879996903834721,0.0016328486177255414,0.004441681986078664
2023-05-08 00:00:00+00:00,162.30999755859375,-0.002276964141424642,1.1468540319837886e-05,3.22055794496642e-05,0.0002057851913718069,0.0002818973617273278,0.00030570860019890243,0.0006697045068821093,0.0016432653044344057,0.004452870158420675
2023-05-09 00:00:00+00:00,161.0500030517578,-0.007793177149013175,5.1845657013336584e-06,1.6653106021171542e-05,3.7390145150998296e-05,0.000286708601224745,0.0003054454229313425,0.000638084309493987,0.000834408732777823,0.004357909605382725
2023-05-10 00:00:00+00:00,161.64999389648438,0.003718571687503669,6.073361007590112e-05,6.591817577723478e-05,7.73867160970731e-05,0.0002717033671490417,0.00034781553750456236,0.0006155981580653572,0.0008068546729926385,0.004400588138700303
2023-05-11 00:00:00+00:00,160.99000549316406,-0.00409118103849071,1.3827775395103885e-05,7.4561385471005e-05,7.97459511723391e-05,0.00011195153062200327,0.00036126998669574984,0.0003854545513712407,0.0007792141818756484,0.004320303623078121
2023-05-12 00:00:00+00:00,160.77999877929688,-0.0013053220679202227,1.6737762289705922e-05,3.0565537684809806e-05,9.129914776071136e-05,0.00010795225378188288,0.0003022689048338513,0.000396744570692053,0.0007661882203441537,0.004241659938245023
2023-05-15 00:00:00+00:00,159.5500030517578,-0.007679591455898915,1.7038657009995264e-06,1.8441627990705446e-05,3.2269403385809767e-05,9.818757916304452e-05,0.00013039315861270852,0.00038008494089037125,0.0007310873229556973,0.004242751670111141
2023-05-16 00:00:00+00:00,159.33999633789062,-0.0013171108823026856,5.8976124929515625e-05,6.067999063051515e-05,7.741775292022151e-05,0.0001519791383912265,0.00016863224441239784,0.00043868773961597046,0.000706843686380682,0.004198080578565931
2023-05-17 00:00:00+00:00,158.99000549316406,-0.002198919258239229,1.734781076280159e-06,6.0710906005795784e-05,6.241477170679574e-05,9.298030939160552e-05,0.00015889848516884012,0.0003646836765406462,0.0004646070853677417,0.004059040536779576
2023-05-18 00:00:00+00:00,158.47999572753906,-0.0032129662796878122,4.835245904255362e-06,6.570026980535521e-06,6.554615191005158e-05,8.3987779900757e-05,0.00015854916537176182,0.00019593931052275923,0.00046399458830310346,0.003955683312405172
2023-05-19 00:00:00+00:00,158.91000366210938,0.0027096518384199797,1.032315231441094e-05,1.5158398218666304e-05,1.6893179294946896e-05,7.757316992546202e-05,0.00010813870761027163,0.0001855254237073439,0.0004559542451148331,0.002034922910519276
2023-05-22 00:00:00+00:00,156.8699951171875,-0.012920621528065723,7.342213085452776e-06,1.7665365399863715e-05,2.2500611304119512e-05,8.321151730991527e-05,0.00010165314530062053,0.00018139909647295877,0.0004629231319963695,0.0020345282956426613
2023-05-23 00:00:00+00:00,156.80999755859375,-0.0003825399179184785,0.00016694246067151542,0.00017428467375696819,0.00018460782607137958,0.00019117785305191508,0.00025185784368243004,0.00034315699144314054,0.0005541267485162805,0.002176086046313067
2023-05-24 00:00:00+00:00,156.66000366210938,-0.0009569905084862995,1.463367888010763e-07,0.0001670887974603165,0.00017443101054576973,0.000189589408764436,0.0002503003147702316,0.0002825697181560405,0.0003806934733829392,0.002176139754671644
2023-05-25 00:00:00+00:00,154.41000366210938,-0.01446644926569185,9.158308333328661e-07,1.0621676221339424e-06,0.0001680046282936498,0.0001856699936935135,0.00019224002067404883,0.00026965777359426945,0.0003608722650864458,0.002172506114914508
2023-05-26 00:00:00+00:00,154.35000610351562,-0.00038863555804713457,0.00020927815435683626,0.00021019398519016912,0.00021034032197897063,0.0003846249957359388,0.00039978339395460496,0.0004621981656613998,0.0005586818791234442,0.0022056454410061136
2023-05-30 00:00:00+00:00,154.3699951171875,0.00012949607165602117,1.510375969786077e-07,0.00020942919195381487,0.00021034502278714816,0.0003774338202474646,0.0003950991856473282,0.0004606453375573789,0.0005536483510190891,0.0022031500747658026
2023-05-31 00:00:00+00:00,155.05999755859375,0.004459836482729074,1.676923257434137e-08,1.6780682955294907e-07,0.00020944596118638965,0.00021050812880852356,0.00038479280256549156,0.00040168598186043756,0.0004929315101757624,0.002202114990387404
2023-06-01 00:00:00+00:00,154.5399932861328,-0.003359203984666159,1.9890141452681234e-05,1.9906910685255575e-05,2.0057948282234618e-05,0.0002302519334724037,0.00039734073093272004,0.0004198413422368387,0.0004989938762333397,0.0014079639944821686
2023-06-02 00:00:00+00:00,156.97000122070312,0.015601793002547382,1.1284251410597001e-05,3.1174392863278235e-05,3.119116209585301e-05,0.00024062035404966785,0.0002416825216718016,0.00042629034774318035,0.0004935403653542308,0.00133096057603168
2023-06-05 00:00:00+00:00,158.32000732421875,0.008563635492647492,0.00024341594489433644,0.0002547001963049334,0.00027459033775761513,0.00027475814458716803,0.00048495212977733696,0.0006593831403231058,0.0007352524445475676,0.0015329082544139224
2023-06-06 00:00:00+00:00,158.17999267578125,-0.0008847687682225214,7.333585285093186e-05,0.00031675179774526827,0.00032803604915586577,0.0003479429598411213,0.000557372151794936,0.0007253767800885849,0.000749612172468984,0.0015764803834436537
2023-06-07 00:00:00+00:00,158.52000427246094,0.002147216486216408,7.828157732219978e-07,7.411866862415386e-05,0.00031753461351849074,0.0003487090063817689,0.0003488768132113217,0.0005592171351902915,0.0007486602071659257,0.0015404584361274195
2023-06-08 00:00:00+00:00,160.25999450683594,0.010916666798925334,4.610538638679537e-06,5.393354411901535e-06,7.872920726283383e-05,0.00033342940356776725,0.00035333631425302263,0.0005636813370401699,0.0007484354999003499,0.0014618492132615684
2023-06-09 00:00:00+00:00,160.00999450683594,-0.0015611831226944872,0.0001191736139987587,0.00012378415263743824,0.0001245669684106607,0.00044131876615592896,0.000472493159019207,0.0006819391202055957,0.0008572859615846978,0.0013370514451711065
2023-06-12 00:00:00+00:00,159.89999389648438,-0.0006876972815748061,2.4372927425861105e-06,0.00012161090674134482,0.0001262214453800248,0.00020034011400417863,0.00045504031030911183,0.00047509825859134557,0.000852381041241831,0.0013340409949447992
2023-06-13 00:00:00+00:00,160.74000549316406,0.005239605289713012,4.729275510853782e-07,2.9102202936714887e-06,0.00012208383429243062,0.00012747718870433213,0.0004442289864496003,0.0004754201485454524,0.0006859115081214011,0.001316150426993203
2023-06-14 00:00:00+00:00,161.55999755859375,0.00508838862496841,2.7453463591988575e-05,2.7926391143073954e-05,3.0363683885660498e-05,0.00015414783652309872,0.0002282665051472524,0.0005028568429048667,0.0007132186349245885,0.0013432305643812752
2023-06-15 00:00:00+00:00,163.72999572753906,0.013342127973089646,2.58916987987079e-05,5.3345162390696476e-05,5.3818089941782285e-05,0.00017542899668312708,0.00018082235109502843,0.0005088584002508932,0.0007381945028899635,0.0012933834190283788
2023-06-16 00:00:00+00:00,164.22999572753906,0.00304915477751333,0.00017801237885030122,0.0002039040776490091,0.00023135754124099813,0.0002342677615346696,0.00035805191417210766,0.0006755865276905975,0.0007069287273834285,0.0012978161859565377
2023-06-20 00:00:00+00:00,164.1300048828125,-0.0006090318408542572,9.297344857232364e-06,0.00018730972370753358,0.0002132014225062419,0.00024112781364931583,0.00036273872039066046,0.00044146792765349343,0.0007160750346436823,0.0012863764916839437
2023-06-21 00:00:00+00:00,163.8800048828125,-0.0015243440197902913,3.709197831743253e-07,9.66826464040669e-06,0.00018768064349070833,0.00024102580588140476,0.00024393602617507607,0.0003685029945857359,0.0007164291851942822,0.0012752788711472803
2023-06-22 00:00:00+00:00,165.6199951171875,0.01056149564981368,2.323624690670424e-06,2.6945444738447494e-06,1.1991889331077548e-05,0.00021589596698008663,0.0002438223581231604,0.00037004380350318436,0.0006988626684322714,0.001272417930136617
2023-06-23 00:00:00+00:00,165.47999572753906,-0.0008456623489152548,0.00011154519036103327,0.00011386881505170369,0.00011423973483487845,0.000301549458542412,0.0003548946209331083,0.00047697845522553806,0.0007991236073827077,0.0013232295104217491
2023-06-26 00:00:00+00:00,163.6300048828125,-0.011242504493242933,7.151448083728662e-07,0.00011226033516940613,0.000114583959860077,0.00012425222450048365,0.0003281563021494926,0.0003585199860351522,0.0005564228072967441,0.0013101168798350183
2023-06-27 00:00:00+00:00,163.2899932861328,-0.0020800912833740526,0.00012639390728058753,0.0001271090520889604,0.0002386542424499941,0.00024134878692383882,0.0004286585106313722,0.0004824766005731536,0.0006094808617263998,0.0014197730248258998
2023-06-28 00:00:00+00:00,162.9600067138672,-0.002022906879970421,4.326779747168713e-06,0.00013072068702775621,0.00013143583183612955,0.0002453046468878332,0.0002549729115282397,0.0004863304527692369,0.0006130248257003465,0.0014223959388720688
2023-06-29 00:00:00+00:00,164.10000610351562,0.006971222171895164,4.092152245031663e-06,8.418931992200349e-06,0.00013481283927278833,0.00024707317444219447,0.000249767718916039,0.00046296914142228006,0.0006125064393066986,0.0013675119661875849
2023-06-30 00:00:00+00:00,165.52000427246094,0.008616023959717722,4.8597938569922725e-05,5.2690090814954364e-05,5.701687056212353e-05,0.00018412592265108391,0.0002979947377027874,0.0004856753811934949,0.0005419307638778626,0.0014143751236812274
2023-07-03 00:00:00+00:00,163.35000610351562,-0.013196883837912843,7.423586887442987e-05,0.00012283380744435257,0.0001269259596893847,0.00025764664671714093,0.0003699069818865468,0.0003818988712176235,0.0006137293400097064,0.001483775746651402
2023-07-05 00:00:00+00:00,162.80999755859375,-0.003311313663737714,0.0001741577430313652,0.00024839361190579504,0.0002969915504757182,0.0003054104824679186,0.0004325195345568788,0.0005467592693917564,0.0007874141554899862,0.0016476103373683562
2023-07-06 00:00:00+00:00,161.60000610351562,-0.007459677891717753,1.0964798179656081e-05,0.00018512254121102125,0.0002593584100854516,0.00031204850090040594,0.000442769187928162,0.0005573531477882382,0.0007709254900776537,0.0016512329224625596
2023-07-07 00:00:00+00:00,159.25,-0.01464888940400133,5.564679424818262e-05,6.661159242783867e-05,0.00024076933545920433,0.00036360314290355693,0.0003720220748957571,0.0006106763173457504,0.0008006805855271285,0.0015399372560392266
2023-07-10 00:00:00+00:00,159.50999450683594,0.0016312872943426981,0.00021458996077066247,0.00027023675501884506,0.00028120155319850157,0.0005295951651042967,0.0005822852559192508,0.0007137210877553795,0.0008372581674474897,0.0017543808800210882
2023-07-11 00:00:00+00:00,158.6300048828125,-0.005532104545109995,2.661098236683921e-06,0.00021725105900734636,0.00027289785325552946,0.00045802039446655074,0.000580854201910903,0.0007156670411836905,0.0008306219208269412,0.0017561261474244392
2023-07-12 00:00:00+00:00,158.0800018310547,-0.0034732316188588186,3.0604180698026665e-05,3.3265278934710555e-05,0.0002478552397053735,0.0003144668321332121,0.000562860444039007,0.0006198773146011297,0.0008608551817417936,0.0015774521737656297
2023-07-13 00:00:00+00:00,158.80999755859375,0.004607258166782202,1.206333787824065e-05,4.2667518576267285e-05,4.5328616812951664e-05,0.0003155653718317967,0.0005006879130428179,0.0006276138727322017,0.0008705948949293638,0.0015893644740468916
2023-07-14 00:00:00+00:00,159.8699951171875,0.006652450684978106,2.1226827815381297e-05,3.329016569362192e-05,6.389434639164904e-05,0.0002811454053989954,0.00034775699782683386,0.0006447485483025513,0.0007802765323837119,0.0016105745326296986
2023-07-17 00:00:00+00:00,159.07000732421875,-0.005016551480141018,4.4255100116065675e-05,6.548192793144695e-05,7.754526580968805e-05,0.0001108105447443986,0.0003810472997632435,0.0006404057098486943,0.0008238164876914046,0.001634939491293083
2023-07-18 00:00:00+00:00,159.05999755859375,-6.292877424041166e-05,2.516578875290504e-05,6.942088886897069e-05,9.064771668435244e-05,0.00013331523526061972,0.0003505662942679659,0.0005913356297271694,0.0007225883691637222,0.0016488210286353911
2023-07-19 00:00:00+00:00,158.74000549316406,-0.002013795912508165,3.960030627400697e-09,2.5169748783532414e-05,6.942484889959856e-05,0.00010271501459322048,0.00013598029352793087,0.00041718184672643157,0.0007182655494471808,0.001405409043771682
2023-07-20 00:00:00+00:00,168.3800048828125,0.05895568064076784,4.055373977234593e-06,4.059334007861967e-06,2.922512276076747e-05,9.470705069221441e-05,0.00013737456926848153,0.00041027242252401013,0.0007182287711793837,0.0013361285648979847
2023-07-21 00:00:00+00:00,170.19000244140625,0.010692115443481143,0.0034757722798162078,0.003479827653793442,0.00347983161382407,0.003549252502693041,0.0035825426683866626,0.0038303979080920353,0.004145403112425668,0.004811118028940971
2023-07-24 00:00:00+00:00,171.0800018310547,0.0052158197098570724,0.00011432133265672795,0.003590093612472935,0.003594148986450171,0.003619318735233703,0.0036848006631651498,0.0037301292799781006,0.004185488576207967,0.00492082882295902
2023-07-25 00:00:00+00:00,172.38999938964844,0.0076280543047362315,2.7204775245733517e-05,0.00014152610790246103,0.00361729838771867,0.003621357721726532,0.003690778610595502,0.0037546729569871507,0.004038535608422335,0.004828859984205994
2023-07-26 00:00:00+00:00,172.72000122070312,0.0019124449077185801,5.8187212476004954e-05,8.539198772173804e-05,0.00019971332037846686,0.0036795409741719096,0.0037047107229554416,0.003782255988765129,0.004085758022718684,0.004884609903939413
2023-07-27 00:00:00+00:00,173.69000244140625,0.0056003218479565575,3.6574455250587284e-06,6.184465800106325e-05,8.904943324679763e-05,0.0036791430457197333,0.003683202379727595,0.0037738500964119466,0.004033768673995561,0.004887794421913386
2023-07-28 00:00:00+00:00,174.47999572753906,0.004537982284515962,3.136360480069955e-05,3.5021050325757846e-05,9.320826280176367e-05,0.00023473437070422514,0.003714562024497667,0.003783986873397265,0.003850542318025597,0.004891704563122097
2023-07-31 00:00:00+00:00,167.52999877929688,-0.04064766498758399,2.059328321458071e-05,5.195688801527983e-05,5.5614333540339424e-05,0.0001410063212620779,0.0037310999337350132,0.00376032505649578,0.003868474503003494,0.00488640614753797
2023-08-01 00:00:00+00:00,168.88999938964844,0.008085179396963404,0.0016522326689428612,0.0016728259521574414,0.001704189556958142,0.0017660342149592055,0.0019075603228616666,0.005387391936685736,0.005490102991248328,0.00636062643763053
2023-08-02 00:00:00+00:00,169.91000366210938,0.006021294834967605,6.537012588108152e-05,0.0017176027948239423,0.001738196078038524,0.001773217128364282,0.0018586091160860201,0.005452758102536191,0.00554340977925117,0.006416699218654379
2023-08-03 00:00:00+00:00,170.63999938964844,0.004287163935360105,3.625599148960756e-05,0.00010162611737068865,0.0017538587863135508,0.001805815674328831,0.0018676603323298944,0.005484958720048563,0.0055584389429253955,0.006452584290360812
2023-08-04 00:00:00+00:00,169.0399932861328,-0.00942073699608148,1.8379774608652345e-05,5.463576609825948e-05,0.00012000589197934187,0.0017928318441367836,0.0018278528944625416,0.002027566214841008,0.005532563617417983,0.006468640440278795
2023-08-07 00:00:00+00:00,173.10000610351562,0.0237341638520423,8.875028554933831e-05,0.00010713006015799023,0.00014338605164759865,0.0018609888464715413,0.0019129457344868213,0.0020019951677336186,0.005596148114214415,0.006445845535467099
2023-08-08 00:00:00+00:00,173.17999267578125,0.0004619762849147335,0.0005633105337555914,0.0006520608193049293,0.0006704405939135825,0.0007720667112842716,0.002444892663441713,0.0025381009262434766,0.006159454687939379,0.007008440924414317
2023-08-09 00:00:00+00:00,173.07000732421875,-0.0006352944708254427,2.1342208782361904e-07,0.0005635239558434146,0.0006522742413927539,0.0007069100074910137,0.002424512802314956,0.002480127135855295,0.006155612736049968,0.0068822604392215535
2023-08-10 00:00:00+00:00,172.1699981689453,-0.0052138291030816575,4.035990646613792e-07,6.170211524845645e-07,0.0005639275549080768,0.0006710576150660675,0.0007726837324367561,0.0024768732893948975,0.0026802440552984226,0.006878337258539047
2023-08-11 00:00:00+00:00,173.85000610351562,0.009710543408584904,2.718401391614128e-05,2.7587612980802224e-05,2.780103506862671e-05,0.0006798618543735564,0.0007344976204718159,0.002472693698510339,0.002593106736557836,0.006901429120210157
2023-08-14 00:00:00+00:00,173.44000244140625,-0.002361161234156306,9.429465329001173e-05,0.00012147866720615258,0.00012188226627081483,0.0006854062221142298,0.0007925362822722201,0.0025463950685857707,0.0026601966146021136,0.006947125834930245
2023-08-15 00:00:00+00:00,172.94000244140625,-0.0028870046782998315,5.5750823736825295e-06,9.986973566369382e-05,0.00012705374957983596,0.00012767077073232098,0.0007797315900372502,0.0008997374820165916,0.0026075844844997914,0.006878465048429498
2023-08-16 00:00:00+00:00,172.38999938964844,-0.0031853792829954486,8.334796012525114e-06,1.3909878386207197e-05,0.00010820453167621981,0.00013579214465702248,0.000699316100500437,0.0008427021521480352,0.002612261834987258,0.006712642101410658
2023-08-17 00:00:00+00:00,174.00999450683594,0.009353388893033276,1.0146641176536599e-05,1.8481437189061267e-05,2.4056519562744663e-05,0.00014553518676889768,0.00014615220792138224,0.0008165928018349643,0.002591044871363095,0.006711823944407538
2023-08-18 00:00:00+00:00,172.49000549316406,-0.008773441636580337,8.748588378431826e-05,9.763252496085441e-05,0.0001059673209733804,0.00020583705663707467,0.00023342466961787691,0.0008856989110106302,0.002657937471932832,0.006743663033943674
2023-08-21 00:00:00+00:00,167.35000610351562,-0.03025183149391708,7.697327815048146e-05,0.00016445916193479927,0.00017460580311133675,0.0001885156814975444,0.00030999434870369695,0.0008739219036117733,0.0010826780811404528,0.006606046351323493
2023-08-22 00:00:00+00:00,166.02000427246094,-0.00797917536738968,0.0009151733087363534,0.0009921465868868344,0.0010796324706711536,0.0010981139078602151,0.001197983643523909,0.0012257846785925352,0.0019324812639957244,0.0075185585618231625
2023-08-23 00:00:00+00:00,164.52999877929688,-0.009015371782281179,6.366723954355822e-05,0.0009788405482799112,0.0010558138264303934,0.0011534463513912484,0.0011673562297774556,0.0012892384960482698,0.001959892512049675,0.007551621620668694
2023-08-24 00:00:00+00:00,165.08999633789062,0.0033978405780494825,8.127692837275172e-05,0.0001449441679163095,0.0010601174766526637,0.0012245766385874635,0.0012430580757765246,0.0013701118253563603,0.0020227896658137744,0.007620835211163205
2023-08-25 00:00:00+00:00,166.25,0.007001921978689651,1.1545320593839642e-05,9.282224896659093e-05,0.00015648948851015003,0.0011486360753969849,0.0012462686003578392,0.0013544731320340587,0.001945584700858276,0.0076111537039416635
2023-08-28 00:00:00+00:00,164.2899932861328,-0.011859561483670511,4.90269113956572e-05,6.057223198949641e-05,0.000141849160362249,0.0011206897086421606,0.0012851488705769598,0.0013092053901397039,0.0014313010784983416,0.007615925515221255
2023-08-29 00:00:00+00:00,164.30999755859375,0.00012175455290908133,0.0001406491985849611,0.00018967610998061788,0.00020122143057445837,0.0003461655984907683,0.0013383121853776025,0.0014442795063509828,0.0015717368549954792,0.00773140892505331
2023-08-30 00:00:00+00:00,163.72999572753906,-0.003536169048352633,1.4824171154090284e-08,0.00014066402275611476,0.00018969093415177284,0.0002825131831183642,0.0012613537313982753,0.0014359595345096116,0.001571348080101972,0.007731419789193838
2023-08-31 00:00:00+00:00,161.67999267578125,-0.012599675762194451,1.2504491538527167e-05,1.2519315709680824e-05,0.00015316851429464278,0.00021374074628413963,0.000358684914200449,0.0014383173848716022,0.0015566685577243578,0.00773986890675513
2023-09-01 00:00:00+00:00,160.47999572753906,-0.007449730204041494,0.00015875182931243033,0.00017125632085095708,0.00017127114502211202,0.00036094725500273033,0.00045376950396932116,0.0015095833303997142,0.0016211257337467762,0.004422848456251353
2023-09-05 00:00:00+00:00,160.67999267578125,0.0012454663178260716,5.5498480113008116e-05,0.00021425030942543802,0.00022675480096396604,0.00036741882372008124,0.0004279910557095775,0.0014881085323622408,0.001671049131486102,0.004364025603707632
2023-09-06 00:00:00+00:00,158.00999450683594,-0.01675647650969303,1.5511863488392334e-06,5.704966646184689e-05,0.0002158014957742781,0.00022832081148395936,0.00041799692146457713,0.0005744864099747268,0.0016642655218224158,0.004338372014810739
2023-09-07 00:00:00+00:00,160.02999877929688,0.012703002631187843,0.00028077950501989433,0.0002823306913687331,0.0003378291714817421,0.0005090854923326996,0.0006497495150888143,0.0007915986754510628,0.0019348983856657738,0.004560964307354628
2023-09-08 00:00:00+00:00,160.55999755859375,0.0033063992525788066,0.00016136627584796526,0.00044214578086785916,0.00044369696721669924,0.0006579472766421377,0.0006704665923518184,0.0008716880229262766,0.002008778777729421,0.004718673137677535
2023-09-11 00:00:00+00:00,162.66000366210938,0.012994465970005642,1.0932276017453691e-05,0.00017229855186541853,0.0004530780568853137,0.000510127723347161,0.0006813840441981181,0.0008710749783498906,0.0019427377755963928,0.004698241808894289
2023-09-12 00:00:00+00:00,163.5800018310547,0.00564002324794366,0.00016885614584563467,0.00017978842186308793,0.00034115469771105406,0.0006234853890797876,0.0008377356985052255,0.000990904212799868,0.0011964206127056745,0.004846504671525343
2023-09-13 00:00:00+00:00,163.99000549316406,0.0025033053518361825,3.1809862237344945e-05,0.00020066600808297917,0.00021159828410043373,0.0006537440649682933,0.0007107937314301402,0.0008820648764522519,0.0011645632353994612,0.003226081864819826
2023-09-14 00:00:00+00:00,163.74000549316406,-0.00152564635590835,6.266537684531673e-06,3.8076399921876186e-05,0.00020693254576751173,0.0003792310976329306,0.0006615617890016638,0.0008883165899656295,0.001089552844711241,0.0031669782766232763
2023-09-15 00:00:00+00:00,161.4499969482422,-0.014084359194291629,2.3275968032964276e-06,8.594134487827666e-06,4.040399672517348e-05,0.00022019241858826179,0.0006623381994561209,0.0008781396952303988,0.0010803351209206977,0.003133049881936965
2023-09-18 00:00:00+00:00,162.47000122070312,0.006297898552966252,0.00019836917391382716,0.00020069677071712314,0.0002069633084016557,0.0004076293164846352,0.0005799278683500537,0.0009177570398317956,0.0012296773834388679,0.00331303928124214
2023-09-19 00:00:00+00:00,162.1999969482422,-0.001663253988535729,3.9663526183454416e-05,0.00023803270009728115,0.00024036029690057846,0.000278436696822455,0.0004582251186855429,0.0009019220859022418,0.001128691711037361,0.0032639525218762563
2023-09-20 00:00:00+00:00,162.91000366210938,0.004367800690888934,2.7664138303800106e-06,4.2429940013833994e-05,0.00024079911392766202,0.00024939324841549004,0.00045005925649846916,0.0009031373133837826,0.001131443300696587,0.0027034084019510445
2023-09-21 00:00:00+00:00,161.66000366210938,-0.0077025365985630145,1.9077682875329854e-05,2.1844096705709432e-05,6.150762288916472e-05,0.0002622043936062882,0.0003002807935281644,0.000641435491239218,0.0011380164920333897,0.002722272662738551
2023-09-22 00:00:00+00:00,160.5,-0.007201444388784672,5.9329070052202694e-05,7.840675292753211e-05,8.117316675791298e-05,0.0003192058668551945,0.0003278000013430221,0.0005393982854434555,0.001038593732773162,0.002781198133726092
2023-09-25 00:00:00+00:00,160.25999450683594,-0.0014964804967227963,5.1860801284758246e-05,0.0001111898713369605,0.00013026755421229123,0.0001726974942261256,0.0003733942649432487,0.0005803268107107602,0.0010349560539449122,0.002805874921094709
2023-09-26 00:00:00+00:00,159.02000427246094,-0.00776745473256657,2.239453877071707e-06,5.4100255161829525e-05,0.00011342932521403309,0.0001352734219197429,0.000373306122017024,0.00041371011874219714,0.0010356443214731448,0.002713819721681769
2023-09-27 00:00:00+00:00,157.11000061035156,-0.012083806496407057,6.033335302247081e-05,6.257280689954208e-05,0.00011443360818430119,0.0001928403611118337,0.00023527030112566763,0.000442233609527323,0.000815198169475721,0.0027685779923305575
2023-09-28 00:00:00+00:00,156.8800048828125,-0.00146498783177762,0.0001460183794426094,0.00020635173246507976,0.00020859118634215234,0.0003197810576791132,0.0003416251543848226,0.0005819854512854007,0.0007998502730703653,0.0029062615757606417
2023-09-29 00:00:00+00:00,155.75,-0.007229055345034041,2.146189347256492e-06,0.00014816456878986547,0.00020849792181233713,0.00026259817697416705,0.0003410049299016991,0.0005818040438293608,0.000791064186400168,0.0028982611239313613
2023-10-02 00:00:00+00:00,155.14999389648438,-0.003859806112623154,5.225924118156524e-05,5.44054305288213e-05,0.00020042380997143156,0.00026299661687097405,0.00037418648820793446,0.0004356941110970989,0.0006744672817360986,0.002863034481328609
2023-10-03 00:00:00+00:00,155.33999633789062,0.0012238878617623072,1.4898103227043065e-05,6.715734440860787e-05,6.930353375586523e-05,0.0002756552662209454,0.0003297555213827749,0.0004109286881406875,0.0006575555227257967,0.0028009593064051703
2023-10-04 00:00:00+00:00,155.52000427246094,0.0011581287675266339,1.4979014981691125e-06,1.6396004725211745e-05,6.865524590677785e-05,0.00021681981469664368,0.00027939262159618576,0.00040966017580847667,0.0006527868865394341,0.0018872838991669861
2023-10-05 00:00:00+00:00,157.13999938964844,0.010362755679321545,1.34126224217276e-06,2.839163740341439e-06,1.7737266967385373e-05,7.214269749620705e-05,0.00027849442996128674,0.0003919237551753195,0.0006518005519783105,0.0018249579218656007
2023-10-06 00:00:00+00:00,157.63999938964844,0.0031768245914465254,0.00010738670526931093,0.00010872796751148326,0.00011022586900965324,0.0001773832134182615,0.00032554778220812686,0.0004399813903924278,0.0005608180833337943,0.0018510676987621598
2023-10-09 00:00:00+00:00,158.5399932861328,0.005692936605916188,1.0092214484819383e-05,0.00011747891975412989,0.00011882018199630352,0.00013521618672151562,0.00018962161725033687,0.00039821280359248894,0.0005312467716351593,0.0018496145926531395
2023-10-10 00:00:00+00:00,158.36000061035156,-0.0011359589687796046,3.2409527198980524e-05,4.250174168379947e-05,0.00014988844695311128,0.0001527276106934531,0.0002198849551020609,0.0004283828769143977,0.0005608898850037598,0.0018329972084564629
2023-10-11 00:00:00+00:00,156.17999267578125,-0.013861784753614437,1.2904027787508226e-06,3.3699929977730915e-05,4.3792144462551164e-05,0.0001525201119740348,0.00016891611669924648,0.00036933992667067774,0.0005431026049071808,0.0016936384126502524
2023-10-12 00:00:00+00:00,156.3300018310547,0.0009600279634680575,0.00019214907655553765,0.00019343947933428803,0.00022584900653326942,0.0003433279262873997,0.00034616709002774105,0.00041547062378360596,0.0006759226114105157,0.001885772665034636
2023-10-13 00:00:00+00:00,156.85000610351562,0.003320804247773701,9.21653690640626e-07,0.00019307073024617784,0.00019436113302492952,0.00023686287470872937,0.0003455908422202126,0.00041424608812699014,0.0006249834638163981,0.0018741898271867495
2023-10-16 00:00:00+00:00,157.52999877929688,0.004325935019097393,1.1027740852031857e-05,1.1949394542672049e-05,0.00020409847109821057,0.00023779840107594186,0.0003552773208300717,0.0003730145877974567,0.0006337717507913582,0.001726465738726351
2023-10-17 00:00:00+00:00,156.08999633789062,-0.009183168060060254,1.8713713789453164e-05,2.9741454641484587e-05,3.066310833212608e-05,0.0002241025876664145,0.0002666043293502139,0.0003768301983598668,0.0005921521115583406,0.0016896809724027961
2023-10-18 00:00:00+00:00,152.72999572753906,-0.021761111900389984,8.43305756193108e-05,0.00010304428940876353,0.00011407203026079626,0.0003071427605069745,0.0003408426904847053,0.00045966287248100845,0.000530464307735042,0.0017724603616732677
2023-10-19 00:00:00+00:00,152.32000732421875,-0.0026880094809342836,0.0004735459911412946,0.0005578765667606049,0.000576590280550059,0.0005885396750927314,0.0007819791544270194,0.0009318676013801303,0.0010018641095290801,0.001965226847794668
2023-10-20 00:00:00+00:00,153.0,0.004454302264962351,7.225394969592597e-06,0.00048077138611088676,0.0005651019617301984,0.0005948434163716834,0.0007879141466178612,0.000831706291080412,0.0009568302633171076,0.0018110859669162953
2023-10-23 00:00:00+00:00,151.38999938964844,-0.010578636800298469,1.984080866764873e-05,2.7066203637240894e-05,0.0005006121947785364,0.0006036564841873003,0.0006156058787299723,0.0008414548852632413,0.0009617729687577132,0.0018199944995664905
2023-10-24 00:00:00+00:00,151.22999572753906,-0.001057456080899577,0.00011190755655262903,0.00013174836522027733,0.0001389737601898708,0.0006968503269504762,0.0007265917815919607,0.0009209529146168899,0.001072182623812173,0.0017630459102734846
2023-10-25 00:00:00+00:00,151.57000732421875,0.0022457842546783624,1.1182133630314927e-06,0.00011302576991566008,0.0001328665785833097,0.0006136379646941968,0.0007166822541029603,0.0009207807252011705,0.0010719595749330317,0.0017323542613991712
2023-10-26 00:00:00+00:00,149.0,-0.017101306820456408,5.043546918561248e-06,6.161760281592307e-06,0.0001180693168342222,0.0001451355204714635,0.0007030120872320684,0.0007336751955641941,0.0009696164165822821,0.0017311312706332009
2023-10-27 00:00:00+00:00,145.60000610351562,-0.02308312826312431,0.00029245469496738886,0.0002974982418859497,0.00029861645524898204,0.0004303648204692597,0.0009111362065801464,0.0010252082368409424,0.0012519788970648516,0.0020212583687972932
2023-10-30 00:00:00+00:00,147.02999877929688,0.009773461604821954,0.0005328308104118483,0.0008252855053792368,0.0008303290522977988,0.0009433548222134593,0.0009704210258507001,0.0015470113064007588,0.0017524001802777193,0.0023557200052953145
2023-10-31 00:00:00+00:00,148.33999633789062,0.008870272333986406,9.552055174092891e-05,0.0006283513621527768,0.0009208060571201664,0.0009269678174017592,0.0010587161826220363,0.0016238181443522346,0.0018466303292398974,0.002411577030852789
2023-11-01 00:00:00+00:00,148.69000244140625,0.002356706507426587,7.868173127908465e-05,0.00017420228302001312,0.0007070330934318622,0.0010045313353178123,0.0011175571052334725,0.0016181693000120083,0.0017331629839634443,0.0024874923483014936
2023-11-02 00:00:00+00:00,150.24000549316406,0.01037043389397585,5.5540655621468214e-06,8.423579684123104e-05,0.0001797563485821607,0.0010050418539613978,0.00101120361424299,0.0011501773744328606,0.0017377953958349506,0.0024739687309883102
2023-11-03 00:00:00+00:00,151.33999633789062,0.007294885045935118,0.00010754589914932311,0.0001130999647114695,0.00019178169599055493,0.0008201330581433322,0.0011176313000292818,0.001250497878612591,0.0018343135541322418,0.002522185560085431
2023-11-06 00:00:00+00:00,151.6999969482422,0.002375929168946911,5.3215347833407806e-05,0.00016076124698273048,0.00016631531254487808,0.00034051759556489176,0.0011658031009441285,0.0012838724177783502,0.0018688151881761964,0.0025235401066340804
2023-11-07 00:00:00+00:00,150.89999389648438,-0.005287540911044886,5.6450394158527586e-06,5.8860387249260134e-05,0.000166406286398584,0.00025064208323981557,0.0008789934453925923,0.001177609900641574,0.0017901296519727385,0.0025269456921728616
2023-11-08 00:00:00+00:00,150.35000610351562,-0.0036513752964637547,2.795808888597338e-05,3.36031283018257e-05,8.681847613523428e-05,0.00019991844084670432,0.00037412072386671736,0.0012044497761645157,0.0013445417497174171,0.002494570428036364
2023-11-09 00:00:00+00:00,147.4199981689453,-0.019680306689442872,1.3332541555625772e-05,4.129063044159872e-05,4.693566985745223e-05,0.00020769691684018325,0.0002919327136814142,0.0012127387708015804,0.0013506488963034504,0.0023618845901493806
2023-11-10 00:00:00+00:00,147.25,-0.0011538208087804591,0.0003873144713905299,0.00040064701294615523,0.00042860510183212935,0.00048746548908139005,0.0006005654537928595,0.0013075985472247214,0.0017181225590263316,0.002747052872192654
2023-11-13 00:00:00+00:00,147.6300048828125,0.002577354088963091,1.3313024587747928e-06,0.00038864577384930426,0.0004019783154049308,0.00043558144370675703,0.0005963426906894874,0.0007760990392716479,0.0016075463049324773,0.0026961249334698633
2023-11-14 00:00:00+00:00,147.66000366210938,0.00020318181131795399,6.642754099894764e-06,7.974056558669124e-06,0.00039528852794919975,0.000436579158390799,0.000495439545640059,0.0006872212416306138,0.0016130708456693406,0.002687869584342715
2023-11-15 00:00:00+00:00,148.8000030517578,0.007690784476139356,4.1282848450444655e-08,6.684036948344775e-06,8.015339407120326e-06,0.0004086623523532761,0.0004422654806551017,0.0006085807931999795,0.00160806858159923,0.0026864129656929965
2023-11-16 00:00:00+00:00,150.10000610351562,0.008698636394294468,5.914816585842611e-05,5.9189448706876124e-05,6.583220280677165e-05,0.00045447797665607644,0.000495768607097675,0.0006621748934962588,0.0013747620524902672,0.00274421986930925
2023-11-17 00:00:00+00:00,149.7899932861328,-0.002067510943649431,7.566627512014425e-05,0.00013481444097856993,0.00013485572382702113,0.0001428297803856908,0.000543476793331846,0.0006302952694670801,0.0009175975171985631,0.0027124994391600835
2023-11-20 00:00:00+00:00,149.91000366210938,0.000800870094181505,4.27460150211016e-06,7.994087662225398e-05,0.00013908904248068087,0.00014577307942902616,0.0005344188532783303,0.0005813545231357824,0.0008263515669597443,0.002706681826177374
2023-11-21 00:00:00+00:00,151.1199951171875,0.00803905242948133,6.413929077542927e-07,4.915994409864019e-06,8.058226953000905e-05,0.0001397717182368857,0.00014774577479555472,0.0005763508766276839,0.0007483112285884139,0.0026749136918861475
2023-11-22 00:00:00+00:00,150.82000732421875,-0.0019870695452750553,6.462636396394968e-05,6.526775687170353e-05,6.954235837381448e-05,0.00020435679935238495,0.00021104083630072958,0.0006130191517056602,0.0008073835269902168,0.0027382496530713465
2023-11-24 00:00:00+00:00,152.5,0.011077474710317503,3.948445377759615e-06,6.857480934170886e-05,6.921620224946393e-05,0.00014915707887171845,0.00020834652757859446,0.000603635055527794,0.0007037860732186533,0.002550049021893569
2023-11-27 00:00:00+00:00,151.27999877929688,-0.008032179766428449,0.00012271044595772384,0.00012665889133548302,0.00019128525529943347,0.00019620124970929804,0.00033101569068786784,0.00033903103009498797,0.0007732811713429693,0.002671837814160652
2023-11-28 00:00:00+00:00,151.6300048828125,0.00231095873396292,6.451591180022257e-05,0.00018722635775794596,0.0001911748031357064,0.00025644256000741046,0.0003363834366296643,0.00040221563943643575,0.0008321520437273391,0.0027253259851088424
2023-11-29 00:00:00+00:00,152.11000061035156,0.0031605723212173586,5.340530270079502e-06,6.985644207030163e-05,0.00019256688802802625,0.00026114169736973563,0.0002660576917795996,0.0004009134156066205,0.0008095344851114453,0.0027119528015894685
2023-11-30 00:00:00+00:00,154.66000366210938,0.016625235523123116,9.989217397645283e-06,1.532974766772435e-05,7.984565946794768e-05,0.00020650455080343128,0.00027177230767513465,0.0004108613501558153,0.0008061911609534648,0.002637611443367803
2023-12-01 00:00:00+00:00,158.3800048828125,0.0237680567526537,0.0002763984561993148,0.0002863876735969596,0.0002917282038670399,0.0004789545616249864,0.0005475293709666952,0.0006281116404967041,0.0006952751457622497,0.0024404639084258236
2023-12-04 00:00:00+00:00,158.8800048828125,0.0031519914175737185,0.0005649205217973671,0.0008413189779966814,0.0008513081953943275,0.0009211646374646298,0.0010478235288001124,0.0011173658871739267,0.001258864365100842,0.002998159035253598
2023-12-05 00:00:00+00:00,158.5500030517578,-0.002079210797291786,9.93504989645838e-06,0.0005748555716938251,0.0008512540278931407,0.0008665837755608656,0.0010538101333188114,0.001123026335568275,0.0012621566608974058,0.002988253276482408
2023-12-06 00:00:00+00:00,156.6199951171875,-0.012247562085661023,4.323117539574745e-06,1.42581674360328e-05,0.0005791786892334006,0.0008655663628303608,0.0009354228049006622,0.0011267080602000955,0.00126643849558853,0.0028806688374693533
2023-12-07 00:00:00+00:00,155.39999389648438,-0.007820059489231923,0.0001500027770421214,0.0001543258945816958,0.00016426094447815484,0.001005579922474837,0.001020909670142561,0.0012120844732782673,0.0013572931067722253,0.003029553401148443
2023-12-08 00:00:00+00:00,154.4199981689453,-0.006326247634341087,6.115333041512625e-05,0.0002111561074572473,0.0002154792249968227,0.0007903347966906484,0.0010767224702876077,0.0012692893583156337,0.0013427801620672073,0.0030856631846450083
2023-12-11 00:00:00+00:00,155.05999755859375,0.004135972022856649,4.0021409131006196e-05,0.00010117473954613211,0.00025117751658825416,0.0002654356840242875,0.0011067546620209688,0.0011866003214889163,0.0013785269696961033,0.0028332298988086257
2023-12-12 00:00:00+00:00,155.07000732421875,6.45520618505202e-05,1.710626457385292e-05,5.712767370485879e-05,0.00011828100411998569,0.0002726068987016821,0.0008474624703955068,0.0011391906742625466,0.0013949918413622019,0.0023175053529706302
2023-12-13 00:00:00+00:00,155.7899932861328,0.004632228320962994,4.166968689153386e-09,1.711043154254175e-05,5.7131840673548596e-05,0.00026828794813079645,0.00028254611556682895,0.0011338543109611562,0.0013303696443669412,0.00222198896819839
2023-12-14 00:00:00+00:00,156.8699951171875,0.006908502312945153,2.1457539217531643e-05,2.1461706186220473e-05,3.856797076007404e-05,0.0001397427103062067,0.0002940686048879022,0.0011453226327810427,0.0013478787382067133,0.0021647647761368375
2023-12-15 00:00:00+00:00,155.16000366210938,-0.010960539567743233,4.772740420796853e-05,6.918494342549985e-05,6.918911039418966e-05,0.000126316784099049,0.0003374728915562959,0.0009166515807896964,0.0012728956964569579,0.0022069381147826594
2023-12-18 00:00:00+00:00,155.44000244140625,0.0018029546016915532,0.000120133427616065,0.00016786083182403322,0.0001893183710415655,0.00020642880258410777,0.0003076035421302396,0.0004718644866083941,0.0013285132122728006,0.0022195256432494008
2023-12-19 00:00:00+00:00,156.4600067138672,0.0065406083924042235,3.2506452957607473e-06,0.00012338407291182543,0.00017111147711979462,0.0001925731833060156,0.0002497008570108741,0.00046518008200769647,0.001326423327298482,0.0021695609407117542
2023-12-20 00:00:00+00:00,153.27000427246094,-0.02059932928180519,4.2779558142788563e-05,4.6030203438549e-05,0.00016616363105461464,0.00023534857448011503,0.00025245900602265646,0.0005036365226109103,0.001359213668043625,0.00220669545943869
2023-12-21 00:00:00+00:00,154.83999633789062,0.010191202172315172,0.0004243323668602367,0.00046711192500302495,0.0004703625702987864,0.0006382234021228201,0.0006596851083090403,0.0007779661124290256,0.001507147578704547,0.002603069737412953
2023-12-22 00:00:00+00:00,155.4600067138672,0.003996204930655445,0.00010386060171700149,0.0005281929685772379,0.0005709725267200271,0.0006943565996318531,0.0007635415430573526,0.0008206733837309008,0.0010460876586241813,0.002693597797574329
2023-12-26 00:00:00+00:00,156.13999938964844,0.004364529793966732,1.596965384779489e-05,0.00011983025556479605,0.0005441626224250334,0.0005901928258635829,0.0007580536576876158,0.0007966216284476895,0.0010521222625755177,0.002322252980031594
2023-12-27 00:00:00+00:00,156.35000610351562,0.0013440861582223462,1.904912032242328e-05,3.5018774170217843e-05,0.00013887937588721993,0.0006059913008902455,0.0007293753738020706,0.0007985644841962599,0.0010668482653583664,0.0023399707978952423
2023-12-28 00:00:00+00:00,156.5800018310547,0.0014699502324546643,1.806567600724906e-06,2.085568792314786e-05,3.682534177094335e-05,0.0005650183103481819,0.0006110485137867305,0.0008003668848282956,0.0009186520559169699,0.0023351346113960727
2023-12-29 00:00:00+00:00,156.74000549316406,0.0010213434972428104,2.1607536858935217e-06,3.9673212866181024e-06,2.301644160904198e-05,0.00014284669717383862,0.0006099586221768633,0.0007810700992966575,0.0008596594791877372,0.0023372540822335156
2024-01-02 00:00:00+00:00,159.97000122070312,0.020397888613266524,1.0431425393601746e-06,3.203896225253371e-06,5.010463825978874e-06,4.0029237996197314e-05,0.0005682222065734349,0.0007343858376280492,0.0008206812125960912,0.0022791490589144496
2024-01-03 00:00:00+00:00,160.97000122070312,0.006231714517229037,0.00041607385987922814,0.000417117002418588,0.0004192777561044821,0.0004401334440276306,0.0005599636995924262,0.0010303262698912123,0.0012196488079014663,0.002619556643673533
2024-01-04 00:00:00+00:00,160.6300048828125,-0.002114405833997246,3.8834265824243125e-05,0.0004549081257034709,0.0004559512682428317,0.0004599185895294504,0.0004949373636996679,0.0010659098904196947,0.0012584789067570203,0.0026541163079956665
2024-01-05 00:00:00+00:00,161.1300048828125,0.0031079089214749445,4.470712030841589e-06,4.330497785508439e-05,0.0004593788377343131,0.00046258273395956707,0.00048343842188271457,0.0010276010443077477,0.0012414920795703302,0.0026579456271187537
2024-01-08 00:00:00+00:00,161.52999877929688,0.002479353479500901,9.659097864183552e-06,1.4129809895024817e-05,5.296407571926854e-05,0.00047008107813785715,0.0004740483994244749,0.0006129277753116945,0.0012034237732265452,0.002602978361018988
2024-01-09 00:00:00+00:00,161.6300048828125,0.0006189262629954229,6.147193676313224e-06,1.5806291540496454e-05,2.0277003571338638e-05,0.0004751851292748102,0.00047838902550006323,0.0005152143672710062,0.0010894375392867933,0.002605177109317541
2024-01-10 00:00:00+00:00,161.8699951171875,0.001483711149312228,3.830697190254793e-07,6.530263395338378e-06,1.6189361259522528e-05,5.949433911460751e-05,0.00047661134153319517,0.0004996277831422369,0.0010865699637100583,0.002482849733078843
2024-01-11 00:00:00+00:00,161.14999389648438,-0.004457943394146291,2.2013987745934124e-06,2.5844684936185665e-06,8.731662169932386e-06,2.28614720649578e-05,0.0004777695977684284,0.000482780061594407,0.001045991804341863,0.002420535220053214
2024-01-12 00:00:00+00:00,162.38999938964844,0.007665275331744326,1.987325930541255e-05,2.207465808000564e-05,2.2457727799031713e-05,3.826401933952876e-05,8.156899719461283e-05,0.0005008467532990946,0.0006415326967870389,0.002435067949088547
2024-01-16 00:00:00+00:00,160.52000427246094,-0.011582273703349522,5.8756445911448084e-05,7.862970521686031e-05,8.083110399145432e-05,8.736136738679329e-05,0.00010149117728181779,0.0005574424455246493,0.0005964285409814855,0.0024838351776023497
2024-01-17 00:00:00+00:00,160.42999267578125,-0.0005609073057826208,0.00013414906413930185,0.00019290551005074963,0.00021277876935616276,0.0002153632378497819,0.00023116952939027807,0.0006905483671245908,0.0007146079512729925,0.0023415857855423367
2024-01-18 00:00:00+00:00,161.2100067138672,0.004850239825312741,3.146170056803185e-07,0.00013446368114498184,0.00019322012705643053,0.00021529478513643673,0.00022182504853177483,0.0002747891242510431,0.0006958734479562495,0.0017769798807506499
2024-01-19 00:00:00+00:00,161.67999267578125,0.002911123260031623,2.352482636304977e-05,2.3839443368729764e-05,0.0001579885075080322,0.0002366182127248931,0.0002392026812185114,0.00025947968478984973,0.0007175917067185743,0.0017905696572172412
2024-01-22 00:00:00+00:00,162.47000122070312,0.004874349060409955,8.474638635097143e-06,3.1999464998146585e-05,3.2314082003827505e-05,0.0002252195920545777,0.00024729425013458303,0.0002634836113941053,0.000723905591667778,0.0017947211783127636
2024-01-23 00:00:00+00:00,159.80999755859375,-0.016507782534977977,2.375927876271941e-05,3.223391739781623e-05,5.57587437608666e-05,0.000190222424905849,0.00026885213012270903,0.00027758379229264114,0.0007466217278911372,0.0016684776800333615
2024-01-24 00:00:00+00:00,158.9600067138672,-0.005332953840321508,0.00027250688422212396,0.00029626616298484307,0.0003047408016199408,0.00032858024498867114,0.0005214857550394204,0.0005439434828384518,0.0006030547522340331,0.0018798312338403592
2024-01-25 00:00:00+00:00,159.55999755859375,0.0037673712565737816,2.8440396662999924e-05,0.00030094728088512357,0.0003247065596478436,0.00035670602464599074,0.0004911697057909723,0.0005720008097824264,0.0005926608830727899,0.001868250221372353
2024-01-26 00:00:00+00:00,159.5,-0.00037608951144019187,1.4193086184858313e-05,4.263348284785791e-05,0.0003151403670699825,0.0003473742844677993,0.00037121372783652874,0.0005839924971926912,0.0006023832572268065,0.0018653370429833585
2024-01-29 00:00:00+00:00,159.36000061035156,-0.000878124558593818,1.4144332061532221e-07,1.433452950547331e-05,4.277492616847383e-05,0.0003390410891533175,0.0003710405541514637,0.0005642606812078939,0.0005928656026832383,0.0018654743193352848
2024-01-30 00:00:00+00:00,158.77000427246094,-0.0037091566671358933,7.711027404055876e-07,9.125460610205847e-07,1.5105632245879494e-05,0.00031605291313100363,0.00034828683052881955,0.0005062753380368515,0.0005874895117473307,0.0018447878828581586
2024-01-31 00:00:00+00:00,158.89999389648438,0.0008183941324517718,1.3757843181358648e-05,1.452894592176391e-05,1.4670389242379829e-05,5.730387209023834e-05,0.00035357003507508107,0.0003858841170789083,0.0006008642852096639,0.0018108183218315489
2024-02-01 00:00:00+00:00,158.36000061035156,-0.00340410903948829,6.697689560314883e-07,1.4427612137389811e-05,1.5198714877795995e-05,2.95332443832699e-05,0.00033048052526839315,0.00038623926902925945,0.0005993326553911019,0.0016913546631715153
2024-02-02 00:00:00+00:00,156.61000061035156,-0.0111122837165194,1.1587958352725888e-05,1.2257727308757052e-05,2.6015570490116296e-05,2.692811655113748e-05,6.956159939899506e-05,0.0003743024010189356,0.0005910473544384153,0.0016996919762284804
2024-02-05 00:00:00+00:00,155.8000030517578,-0.005185489351303474,0.0001234828493964222,0.00013507080774914778,0.00013574057670517987,0.00015026952262694437,0.00016460405213241736,0.0004893106117802606,0.0006557737579233894,0.001780395267482114
2024-02-06 00:00:00+00:00,158.05999755859375,0.014401539306446942,2.6889299812481722e-05,0.0001503721492089036,0.0001619601075616301,0.0001763877196990205,0.00017730026576004074,0.000492440632830023,0.0005485139935965692,0.001382952200434359
2024-02-07 00:00:00+00:00,157.97999572753906,-0.000506276638799541,0.00020740433439513626,0.00023429363420761766,0.00035777648360404046,0.0003700342109127981,0.0003845631568345617,0.00042733808300303525,0.0007556037109860252,0.0014864959331124937
2024-02-08 00:00:00+00:00,156.39999389648438,-0.01005162660578307,2.563160349941609e-07,0.0002076606504301301,0.00023454995024261243,0.0003696207579917608,0.00038404837012915026,0.00039915400237502946,0.0007323352006579696,0.0014707825952996931
2024-02-09 00:00:00+00:00,156.75999450683594,0.002299149203382811,0.0001010351974220861,0.00010129151345707993,0.0003086958478522168,0.000459067997061121,0.0004713257243698777,0.00048599611361225723,0.0008248957594449585,0.0015527686723993558
2024-02-12 00:00:00+00:00,157.85000610351562,0.006929315380997281,5.286087059415814e-06,0.00010632128448150159,0.00010657760051649635,0.0003408712347241146,0.000475942042473262,0.0004911407573510578,0.0008064225677416549,0.0015562481918580467
2024-02-13 00:00:00+00:00,156.47000122070312,-0.008780947555073304,4.801541164932549e-05,5.3301498708740974e-05,0.00015433669613082766,0.00036199734656095834,0.0005123694957698616,0.0005383850662599777,0.0005819310951688565,0.0016021028498214788
2024-02-14 00:00:00+00:00,155.74000549316406,-0.004676320695265801,7.710503996494784e-05,0.000125120451614273,0.00013040653867368943,0.00023169805213076993,0.0004659916863383873,0.0006017322630435668,0.0006305957384708043,0.0016781647472470665
2024-02-15 00:00:00+00:00,157.9199981689453,0.013900578670131836,2.1867975244971225e-05,9.897301520991875e-05,0.00014698842685924483,0.000253309711340747,0.00046097036177087676,0.0006229304693325066,0.0006382706275309173,0.0012839588626128095
2024-02-16 00:00:00+00:00,156.5500030517578,-0.0087130968241107,0.00019322608736452415,0.00021509406260949505,0.0002921991025744435,0.000345500601283185,0.0004467921147402646,0.0008045685983443047,0.0008313552715748262,0.0014383506841530906
2024-02-20 00:00:00+00:00,157.86000061035156,0.0083331008804306,7.591805626632797e-05,0.0002691441436308518,0.0002910121188758236,0.0004161325704900972,0.0005224538549715985,0.0007570038052142105,0.0009065022251007485,0.0015097980283885768
2024-02-21 00:00:00+00:00,158.67999267578125,0.005180981342297386,6.944057028343323e-05,0.00014535862654976086,0.00033858471391428566,0.00043755772912420495,0.0004908592278329455,0.0007995550756851621,0.000962184952202823,0.0015695795008078264
2024-02-22 00:00:00+00:00,160.4499969482422,0.011092799046909185,2.6842567669233622e-05,9.628313795266653e-05,0.0001722011942189951,0.0003872952568284908,0.0005124157084427633,0.0006189933089592595,0.0009883577509160251,0.0015902748748007468
2024-02-23 00:00:00+00:00,161.83999633789062,0.008625821695654068,0.00012305019069510932,0.00014989275836434262,0.00021933332864777647,0.0004884774722786288,0.0005874504874885472,0.0007417871836193745,0.0010998199832584086,0.0017129419957768307
2024-02-26 00:00:00+00:00,160.7899932861328,-0.006509046230710247,7.440479992521641e-05,0.00019745499062032542,0.00022429755828955964,0.00036965618483932104,0.0005847502474488158,0.000715156786122505,0.0010507419337872027,0.0017851453969274537
2024-02-27 00:00:00+00:00,160.97999572753906,0.001180983124449142,4.2367682833523275e-05,0.00011677248275873936,0.0002398226734538493,0.0003361058114065164,0.0006052499550373679,0.0007522383818966124,0.0010662203168082445,0.0018076398204555646
2024-02-28 00:00:00+00:00,161.5500030517578,0.003534604035725586,1.3947211402336576e-06,4.3762403973756606e-05,0.00011816720389897364,0.0002680599622633168,0.0004134185888130773,0.0007056176913875205,0.0008602107035533418,0.00175027809568435
2024-02-29 00:00:00+00:00,161.3800048828125,-0.0010528484840168773,1.24934256893676e-05,1.3888146829600932e-05,5.625582966312483e-05,0.0002537108202834508,0.00034999395823611697,0.0006410060771119403,0.0008724478132077152,0.0016286224572344158
2024-03-01 00:00:00+00:00,162.1199951171875,0.0045749089646243135,1.1084899302966366e-06,1.360191561966391e-05,1.4996636759898192e-05,0.00013176911951863813,0.0002816618778829804,0.0006202465917972657,0.0007725211057159258,0.0016294163301590321
2024-03-04 00:00:00+00:00,159.83999633789062,-0.014163479652451016,2.092979203459991e-05,2.203828196489622e-05,3.453170765426444e-05,7.829411162802162e-05,0.00027574910224834666,0.0004479502964673415,0.0007881648106911099,0.0016268212958305821
2024-03-05 00:00:00+00:00,159.97000122070312,0.0008130132951809088,0.00020060415586539398,0.00022153394789999357,0.00022264243783029082,0.00023653058465989232,0.00035330306741863135,0.0005726363960664075,0.0009407535549071783,0.001818950813060879
2024-03-06 00:00:00+00:00,159.33999633789062,-0.003946044315098263,6.609906181409196e-07,0.00020126514648353456,0.0002221949385181351,0.00023579685413779958,0.0002795592581115558,0.0005038568164011151,0.0008643095055603714,0.0017958525249163007
2024-03-07 00:00:00+00:00,158.8699951171875,-0.002954033971940717,1.557126573671932e-05,1.6232256354859886e-05,0.00021683641222025452,0.00023887469418515131,0.0002527628410147519,0.0004925855144686009,0.0008580127960521195,0.001538916906430896
2024-03-08 00:00:00+00:00,159.52000427246094,0.004083105999468373,8.726316707379849e-06,2.4297582444098815e-05,2.4958573062240386e-05,0.0002464925209622345,0.00026009443658189807,0.0003782616404808714,0.0006735130253949753,0.001519202826475276
2024-03-11 00:00:00+00:00,161.22999572753906,0.010662557479721002,1.667175460289462e-05,2.5398071310274115e-05,4.096933704699408e-05,0.00024223448353052923,0.0002642727654954251,0.0003205285951585496,0.000614266723731542,0.0015216814948933123
2024-03-12 00:00:00+00:00,162.74000549316406,0.009321978546265264,0.00011369013200835428,0.00013036188661124856,0.00013908820331862904,0.00015532045967348954,0.00037685440757348276,0.00039185104433338063,0.000658516285456463,0.001635230183581051
2024-03-13 00:00:00+00:00,161.10000610351562,-0.010128540953314058,8.689928401702983e-05,0.00020058941602538378,0.00021726117062827904,0.00024155875307237844,0.00044282389955591263,0.00047735560721017683,0.0007185730018042591,0.0017213583648576754
2024-03-14 00:00:00+00:00,159.2100067138672,-0.011801200391635014,0.00010258734184296005,0.00018948662585998953,0.00030317675786834447,0.0003285748291786192,0.00034480708553347877,0.0005674495233637692,0.00069811015295211,0.0018101878635192767
2024-03-15 00:00:00+00:00,158.17999267578125,-0.006490548889590109,0.00013926833068352641,0.00024185567252648613,0.0003287549565435166,0.0004591168431547657,0.00048341442559886425,0.0007056093641169991,0.0007629736837104199,0.0019487864252467717
2024-03-18 00:00:00+00:00,156.75999450683594,-0.009017640498648838,4.212722488815939e-05,0.0001813955555716855,0.0002839828974146462,0.0004845723134400305,0.0005099703847503043,0.0007268067969705585,0.000762733225765056,0.001979325691782205
2024-03-19 00:00:00+00:00,156.2100067138672,-0.003514639466887459,8.131784016287167e-05,0.00012344506505103072,0.0002627133957345578,0.0004522000215945479,0.0005825619082057962,0.0006075204812680362,0.0008426563447876941,0.0019371606825486546
2024-03-20 00:00:00+00:00,155.75999450683594,-0.00288497302557289,1.2352690582202964e-05,9.36705307450743e-05,0.00013579775563323432,0.00037765342815972104,0.0005782428441851045,0.0006192121812320983,0.0008425156096805294,0.0019226240733183758
2024-03-21 00:00:00+00:00,155.75,-6.41681295343588e-05,8.323069358283195e-06,2.0675759940485832e-05,0.00010199360010335813,0.00028338915567504414,0.0004728757815350334,0.0006119639848536621,0.000849730189108516,0.0017235428082815229
2024-03-22 00:00:00+00:00,155.22999572753906,-0.003344297152633402,4.11754884793825e-09,8.327186907130808e-06,2.0679877489334395e-05,0.0001441249425403657,0.00038598061506685147,0.0006032417856951302,0.0008288045146227639,0.0017232906097953765
2024-03-25 00:00:00+00:00,155.22000122070312,-6.438722459467527e-05,1.118432344511188e-05,1.1188440993959493e-05,1.951151035224331e-05,0.00011318204109731819,0.0002945775966690033,0.0005977543545373474,0.0006393846822024818,0.0016334397358184023
2024-03-26 00:00:00+00:00,155.77000427246094,0.003537114476189096,4.1457146910051565e-09,1.118846915980256e-05,1.1192586708651122e-05,3.186834664913752e-05,0.0001553134117001679,0.00048406836824368423,0.0006387278372990319,0.0016281577944736775
2024-03-27 00:00:00+00:00,157.9600067138672,0.013961291155514921,1.2511178817666464e-05,1.2515324532357144e-05,2.3699647977469646e-05,3.202683488460102e-05,0.00012569736562967497,0.00040968026304432086,0.0006356677503799791,0.0015926535616420186
2024-03-28 00:00:00+00:00,158.19000244140625,0.001454978721828759,0.00019491765072905917,0.00020742882954672532,0.00020743297526141694,0.000218621416255377,0.00023929717619586248,0.00050201057193042,0.0008218590844016584,0.0017104661724061299
2024-04-01 00:00:00+00:00,157.77999877929688,-0.002595207713665282,2.1169630809744497e-06,0.0001970346138100333,0.0002095457926277004,0.0002207342617875035,0.00022906144869463396,0.00036485920432786803,0.0008073042928797383,0.0016907151602421331
2024-04-02 00:00:00+00:00,157.72999572753906,-0.0003169665179996173,6.735103077067779e-06,8.852066158041904e-06,0.0002037697168871017,0.00021628504141945942,0.00022747348241341855,0.0003294670825167764,0.0007003492639484517,0.0015042241759546768
2024-04-03 00:00:00+00:00,154.25999450683594,-0.02224522851612587,1.004677735328017e-07,6.835570850600255e-06,8.952533931575329e-06,0.0002163813634783012,0.0002275698326381034,0.00024824971012743757,0.0006135504477049547,0.0014284065874618816
2024-04-04 00:00:00+00:00,152.5,-0.01147485884860977,0.0004948501917346595,0.0004949506595081921,0.0005016857625852604,0.0006987203763952943,0.000711235700927651,0.0007307472112798941,0.0010058132975966543,0.001853816208913108
2024-04-05 00:00:00+00:00,152.38999938964844,-0.000721575750891823,0.00013167238559551794,0.0006265225773301771,0.0006266230451037106,0.0006354751112617531,0.000842903940808478,0.0008540965275171289,0.0009982173525086458,0.0019586460268393923
2024-04-08 00:00:00+00:00,151.58999633789062,-0.005263536482635445,5.206715642750982e-07,0.0001321930571597926,0.0006270432488944529,0.0006338788197450537,0.0008309134335550865,0.0008546130815325559,0.0009566107991847614,0.001836116507708558
2024-04-09 00:00:00+00:00,152.2899932861328,0.004607069963592281,2.7704816304034307e-05,2.8225487868308972e-05,0.00015989787346382768,0.0006548485329720202,0.0006637005991300617,0.0008711335743914783,0.000902997775325924,0.001789416524087376
2024-04-10 00:00:00+00:00,150.1999969482422,-0.013818834765459087,2.122509364943418e-05,4.892990995346805e-05,4.945058151774391e-05,0.0006759731588479216,0.0006828087296985216,0.0008923545223262216,0.0009118701783931553,0.0017682739349032866
2024-04-11 00:00:00+00:00,148.7899932861328,-0.009431848295575307,0.0001909601942750607,0.00021218528792449443,0.0002398901042285295,0.0003720831613883228,0.0008670338208965144,0.0010708035377836158,0.0010945073033099327,0.001957839408038114
2024-04-12 00:00:00+00:00,147.52000427246094,-0.008572081946303989,8.895976227074682e-05,0.0002799199565458071,0.000301145050195242,0.00032937053806355167,0.0009558931153937284,0.0009648456493253036,0.0011834629480318318,0.002034305744619493
2024-04-15 00:00:00+00:00,147.58999633789062,0.00047434561077075443,7.348058889415078e-05,0.00016244035116489715,0.00035340054543995863,0.0004023304553934273,0.0005345235125532197,0.0010362092751384799,0.0012457592134808707,0.002106677843583347
2024-04-16 00:00:00+00:00,144.4499969482422,-0.021504728595461486,2.2500375845748008e-07,7.370559265260783e-05,0.0001626653549233554,0.0003748506428478505,0.00040307613071615924,0.0010296991758198695,0.0012459800715246372,0.0020859730553072046
2024-04-17 00:00:00+00:00,144.77000427246094,0.002212899892509057,0.000462453351964459,0.000462678355722916,0.0005361589446170675,0.0008160789011628753,0.0008650088111163432,0.0014920520600107956,0.0016959222446714297,0.0023478222514062698
2024-04-18 00:00:00+00:00,145.74000549316406,0.006677944255657486,4.896925934266596e-06,0.00046735027789872514,0.0004675752816571834,0.0006300156328220811,0.0008422009207465754,0.0010020987942104028,0.001505901519876637,0.0023520581867223955
2024-04-19 00:00:00+00:00,147.91000366210938,0.014779755508647519,4.459493948166882e-05,4.949186541593498e-05,0.0005119452173803947,0.0005856508100330032,0.0008655707665788101,0.0009150213480965537,0.0015483794962773314,0.002381081860467345
2024-04-22 00:00:00+00:00,149.1199951171875,0.008147312750781843,0.00021844117289539667,0.00026303611237706503,0.0002679330383113324,0.000730611394034249,0.0008930517451991461,0.0011329418494276753,0.0017600855660956604,0.0025907967166553616
2024-04-23 00:00:00+00:00,149.55999755859375,0.0029463155918891815,6.637870505905241e-05,0.00028481987795444863,0.0003294148174361182,0.0007967650953348439,0.0008704706879874517,0.0011716157381826933,0.0018263638033811798,0.00264050366711152
2024-04-24 00:00:00+00:00,148.52999877929688,-0.006910683962108699,8.680775567009298e-06,7.505948062606128e-05,0.0002935006535214587,0.00034299251893739433,0.0008056708746603102,0.0011590714201002684,0.0013401943872135295,0.0025354943106701746
2024-04-25 00:00:00+00:00,146.82000732421875,-0.011579553254542851,4.775755282414639e-05,5.6438328391155256e-05,0.00012281703345020842,0.0003858531458272741,0.000853203423725999,0.001015868778649354,0.001256279554442158,0.002496352579477291
2024-04-26 00:00:00+00:00,146.13999938964844,-0.004642334381749436,0.00013408605357479394,0.0001818436063989399,0.00019052438196594994,0.00047534425992039927,0.000524836125336334,0.0010609950699534013,0.0013898449364526768,0.002527851291209125
2024-04-29 00:00:00+00:00,146.82000732421875,0.004642334381749436,2.1551268511972914e-05,0.0001556373220867664,0.00020339487491091357,0.0002784543555369755,0.0005414904679140404,0.0010090657495712234,0.0013836913886606155,0.0024101342290375714
2024-04-30 00:00:00+00:00,144.58999633789062,-0.0153052708558441,2.1551268511972914e-05,4.310253702394583e-05,0.0001771885905987401,0.00023362691898989602,0.0005184467969443444,0.0010303920143247389,0.0013840175635231543,0.002389558272661385
2024-05-01 00:00:00+00:00,151.17999267578125,0.044569005704529374,0.00023425131597075078,0.00025580258448272325,0.00027735385299469694,0.00045919745939363744,0.0005342569400196985,0.0008021899783310306,0.0014273086852188443,0.002542491748469264
2024-05-02 00:00:00+00:00,149.9199981689453,-0.008369325140454187,0.001986396269490372,0.0022206475854611224,0.002242198853973096,0.002397836176059863,0.002454274504451018,0.002783689321887136,0.0033247451924384693,0.004516535327377433
2024-05-03 00:00:00+00:00,149.27000427246094,-0.00434503100905026,7.004560330663849e-05,0.00205644187279701,0.0022906931887677613,0.0023337957257917076,0.0025156393321906475,0.0028091399857121057,0.003321310206850957,0.004578257861325788
2024-05-06 00:00:00+00:00,148.5800018310547,-0.0046332292201611835,1.8879294469608318e-05,8.892489777624637e-05,0.0020753211672666187,0.002331123751749343,0.002486761073836109,0.0026095781072863174,0.003339964497562108,0.004597133038246549
2024-05-07 00:00:00+00:00,148.72000122070312,0.000941805573895671,2.146681300655541e-05,4.0346107476163294e-05,0.00011039171078280221,0.0023310392962439253,0.0023741418332678703,0.00256466621523382,0.002898977958604204,0.004607415527807993
2024-05-08 00:00:00+00:00,148.9499969482422,0.0015453070495681231,8.869977390209542e-07,2.235381074557593e-05,4.123310521518468e-05,0.0020976749780121954,0.0023534775624949184,0.002556872437405832,0.0028949680304089587,0.004608298379832323
2024-05-09 00:00:00+00:00,149.85000610351562,0.006024175822687106,2.3879738774449378e-06,3.2749716164654585e-06,2.4741784623021302e-05,0.00011366668239926854,0.002334314267860391,0.0025115028584591307,0.002852761064804735,0.0045981751748921
2024-05-10 00:00:00+00:00,149.91000366210938,0.0004003039594362434,3.6290694342647865e-05,3.867866822009237e-05,3.956566595911376e-05,7.991177343527791e-05,0.002136353646232288,0.0024137074992269846,0.002670610586251986,0.00443954821850569
2024-05-13 00:00:00+00:00,151.22000122070312,0.008700599749547067,1.6024325994033363e-07,3.6450937602587765e-05,3.883891148003314e-05,6.119272222560993e-05,0.0001501176200018563,0.002392316473974952,0.002604392124452874,0.0044375914986846555
2024-05-14 00:00:00+00:00,151.3800048828125,0.001057525933865655,7.570043600181848e-05,7.586067926175838e-05,0.00011215137360440668,0.00011542634522087301,0.0001557724526970363,0.0024464656414647976,0.0026714117848876833,0.004506556831609406
2024-05-15 00:00:00+00:00,152.6699981689453,0.008485453138949772,1.1183611007984258e-06,7.681879710261648e-05,7.697904036255725e-05,0.00011565770858265048,0.0001380115193282264,0.0022133326865948454,0.0026247725931643354,0.004507574724936672
2024-05-16 00:00:00+00:00,154.27999877929688,0.010490408152463715,7.200291497331255e-05,7.312127607411055e-05,0.00014882171207592946,0.00018527264967851807,0.00018854762129498354,0.00029893933207778575,0.0025626894545628534,0.004084727448175325
2024-05-17 00:00:00+00:00,154.63999938964844,0.0023307055253871667,0.00011004866320527717,0.00018205157817858928,0.00018316993927938816,0.0002590306185411474,0.00029770928676123976,0.0003389423919764244,0.002651186849256158,0.004063103725785083
2024-05-20 00:00:00+00:00,151.27000427246094,-0.022033483135107446,5.432188246070268e-06,0.00011548085145134701,0.00018748376642466,0.00026430256352727736,0.00030075350112986505,0.0003254952857528864,0.0026350677689902556,0.0040680152424668785
2024-05-21 00:00:00+00:00,151.24000549316406,-0.00019833247447564872,0.00048547437906506423,0.0004909065673111341,0.0006009552305164116,0.000674076506590523,0.0007499371858522815,0.0007895028518113952,0.002886290832084569,0.004525784805227909
2024-05-22 00:00:00+00:00,153.5,0.014832551683678474,3.933577043163385e-08,0.0004855137148354955,0.000490945903081566,0.0006729974812601563,0.0007498162783627728,0.000788655189842806,0.0008999338983646287,0.004504599047348907
2024-05-23 00:00:00+00:00,149.6999969482422,-0.025067295987493132,0.00022000458944899313,0.00022004392521942438,0.000705518304284489,0.0008209991557358369,0.0008941204318099474,0.0010062718054143541,0.0010498928845069833,0.004533643442522839
2024-05-24 00:00:00+00:00,146.97000122070312,-0.01840477841536714,0.0006283693281245893,0.000848373917573582,0.0008484132533440141,0.001339319820655149,0.0015213713988337383,0.0015983504391962956,0.0016593829181619643,0.005073053008376681
2024-05-28 00:00:00+00:00,144.3800048828125,-0.01777974609420152,0.0003387358685187642,0.0009671051966433531,0.0011871097860923466,0.0016726235009278429,0.0017881043523791898,0.0019369260644551195,0.001976651973674173,0.005338308288001295
2024-05-29 00:00:00+00:00,144.44000244140625,0.00041546678163051354,0.0003161193711742742,0.000654855239693038,0.0012832245678176277,0.001503268493037053,0.001994175060348187,0.002177344999627575,0.0022918843471094264,0.005654202655417112
2024-05-30 00:00:00+00:00,145.27999877929688,0.005798693138745925,1.7261264663841683e-07,0.0003162919838209122,0.0006550278523396768,0.0015034017699132596,0.001988915484748755,0.002176399251173415,0.00228966898587862,0.005191921916099291
2024-05-31 00:00:00+00:00,146.6699981689453,0.009522246323917294,3.3624842117339066e-05,3.379745476397705e-05,0.0003499168259382517,0.0013170220225816056,0.00153706594780103,0.002138021178317442,0.0022870031336533108,0.005220649832282364
2024-06-03 00:00:00+00:00,147.74000549316406,0.007268856507399946,9.067317505335642e-05,0.00012429801717069505,0.0001244706298173339,0.0007793258695103728,0.0016276997870839547,0.002118645690165521,0.0023775160654467267,0.0052667280678540505
2024-06-04 00:00:00+00:00,147.8000030517578,0.0004060198801054682,5.2836274925170534e-05,0.00014350944997852652,0.000177134292095866,0.000493426275916779,0.001460531472560132,0.002166049776844621,0.0023546519043700794,0.005101123169883825
2024-06-05 00:00:00+00:00,145.97000122070312,-0.012458899656803801,1.6485214304085877e-07,5.300112706821096e-05,0.0001436743021215678,0.00017747175688554573,0.0008323269965785836,0.0016807402499225978,0.0023536983954123214,0.005034909316967813
2024-06-06 00:00:00+00:00,146.4199981689453,0.0030780622078161457,0.0001552241806583059,0.0001553890328013463,0.0002082253077265173,0.00033252332489721323,0.0006488153087181255,0.001835925094810472,0.002436919661097315,0.00518145272205911
2024-06-07 00:00:00+00:00,147.0800018310547,0.004497477169449482,9.474466955186006e-06,0.00016469864761349144,0.00016486349975653277,0.00030837294973506014,0.00034217040449903717,0.001625394972316665,0.0023363454648472237,0.0051431696361901496
2024-06-10 00:00:00+00:00,147.1300048828125,0.0003399140144670909,2.0227300889719324e-05,2.970176784490487e-05,0.00018492594850321123,0.00023792707557142306,0.00036222509274211806,0.001017252945081795,0.002351140577490873,0.005029310883505075
2024-06-11 00:00:00+00:00,146.75999450683594,-0.0025180208394095516,1.1554153723113368e-07,2.0342842426949996e-05,2.9817309382136462e-05,0.00018520634218348366,0.0003287157921620102,0.0006786326181002618,0.0018657817399630398,0.005007875156530333
2024-06-12 00:00:00+00:00,145.41000366210938,-0.009241198347399227,6.340428947700783e-06,6.455970484931456e-06,2.668327137465124e-05,0.00019138191898814358,0.0002443830460563545,0.00036885367587368844,0.0018720828331403087,0.004992664316966061
2024-06-13 00:00:00+00:00,145.4499969482422,0.0002750002496112458,8.53997468959742e-05,9.174017584367453e-05,9.185571738090612e-05,0.00012155748522581188,0.0002769465180271582,0.0004540808101230242,0.0017374779905872898,0.004843812747891285
2024-06-14 00:00:00+00:00,145.5399932861328,0.000618552828483665,7.56251372862475e-08,8.547537203325998e-05,9.181580098096122e-05,0.00011215864340791212,0.0002768572910214036,0.0004205315931429714,0.0011091842875999868,0.002857492103538199
2024-06-17 00:00:00+00:00,145.9499969482422,0.0028131596023079908,3.826076016251423e-07,4.58232738910929e-07,8.58579796348856e-05,9.231395011981795e-05,0.00012201571796472285,0.0003302410256912401,0.0007708310266828478,0.0027878291078331854
2024-06-18 00:00:00+00:00,145.64999389648438,-0.002057634890428872,7.913866948057653e-06,8.296474549682334e-06,8.372099686969043e-06,0.00010011227553064446,0.00012045511795759448,0.00028531861771412725,0.00046262552245663127,0.002776863680311635
2024-06-20 00:00:00+00:00,147.77999877929688,0.014518231600145981,4.233861342310237e-06,1.214772829036743e-05,1.2530335891993033e-05,9.800570792525391e-05,0.0001044616784101854,0.00028938762691339663,0.00046668677115230305,0.0027596307286473897
2024-06-21 00:00:00+00:00,148.75,0.006542371325510388,0.00021077904879547734,0.00021501291013778712,0.00022292677708584524,0.00022338500982475705,0.0003151251856684316,0.0003449424950505681,0.0006438409778304413,0.0029695227797038462
2024-06-24 00:00:00+00:00,149.1199951171875,0.0024842737673589355,4.2802622560860544e-05,0.0002535816713563374,0.0002578155326986481,0.0002661120072483314,0.00035158737928159137,0.00037827065065624264,0.0005959704253379454,0.0030099374283872613
2024-06-25 00:00:00+00:00,147.19000244140625,-0.013027032401836003,6.1716161511877586e-06,4.8974238712047846e-05,0.00025975328750752565,0.00027190101579789393,0.0002723592485368049,0.00036421496591771107,0.0005493057665639626,0.0029798183501958016
2024-06-26 00:00:00+00:00,146.82000732421875,-0.002516889222926366,0.0001697035731984851,0.0001758751893496724,0.00021867781191053343,0.00043369072204832145,0.0004419871965980038,0.0005338029975789651,0.000718844487619407,0.0031493616801343462
2024-06-27 00:00:00+00:00,145.8000030517578,-0.006971556062654649,6.3347313604828875e-06,0.0001760383045589675,0.00018220992071015576,0.000435791592066494,0.00044793932035686154,0.0005337972999917471,0.0005699550383215839,0.0030799959754930105
2024-06-28 00:00:00+00:00,146.16000366210938,0.002466096619552438,4.8602593934736794e-05,5.493732529521922e-05,0.0002246408984937048,0.00027361513720575354,0.0004886280473435406,0.0004970001470305097,0.0006090831653011347,0.0031274802083269488
2024-07-01 00:00:00+00:00,146.44000244140625,0.0019138677985184316,6.081632536967963e-06,5.46842264717043e-05,6.1018957832187674e-05,0.00023689414718186094,0.0004904758185381984,0.0005030061544301915,0.0005949374969483834,0.0030615589258906045
2024-07-02 00:00:00+00:00,146.02999877929688,-0.002803733230634542,3.662889950205788e-06,9.74452248717329e-06,5.834711642191057e-05,0.00023438542098087897,0.0002833596596929268,0.000506286436778772,0.000598484845361358,0.002955173152635533
2024-07-03 00:00:00+00:00,145.69000244140625,-0.0023309782696712134,7.860920028564405e-06,1.1523809978769733e-05,1.7605442515738183e-05,7.254276781095827e-05,0.0002484179571606307,0.0005062334898592788,0.0006000053364422217,0.002957601884418027
2024-07-05 00:00:00+00:00,146.47999572753906,0.0054077777752707945,5.433459693679404e-06,1.329437972224335e-05,1.6957269672449624e-05,7.164149614415479e-05,0.00024767980070312235,0.000507433088210648,0.0005200390492399268,0.002477560965046642
2024-07-08 00:00:00+00:00,145.47999572753906,-0.006850280447959101,2.9244060466712742e-05,3.467752016039168e-05,4.253844018895658e-05,5.228296267613073e-05,0.00010722028797134998,0.0003258980998818834,0.0005492074845693533,0.0025067656897429236
2024-07-09 00:00:00+00:00,147.0500030517578,0.010734095002444377,4.692634221569074e-05,7.617040268240302e-05,8.160386237608292e-05,9.31276723548535e-05,0.00014781189882655783,0.00033002181953671356,0.0005957512191834189,0.002333687442509621
2024-07-10 00:00:00+00:00,149.42999267578125,0.016055320985718602,0.00011522079552150135,0.00016214713773719162,0.00019139119820390485,0.00020468557792614907,0.0002144301004133224,0.00043907099890702714,0.0007030581477568626,0.0018205389099065332
2024-07-11 00:00:00+00:00,149.6999969482422,0.0018052643008372726,0.00025777333195445615,0.00037299412747595706,0.00041992046969164826,0.0004545979898520408,0.0004661217998308106,0.0005271407576629983,0.0009565976183690086,0.001739576373342225
2024-07-12 00:00:00+00:00,149.8800048828125,0.0012017354638738098,3.258979195877487e-06,0.00026103231115033316,0.000376253106671835,0.0004524235093542389,0.0004657178890764823,0.0005240650054983927,0.0007490775487694087,0.0014267159813638284
2024-07-15 00:00:00+00:00,149.24000549316406,-0.004279221343090001,1.4441681251320007e-06,4.703147321009e-06,0.0002624764792754657,0.00042462361701265815,0.0004593011371730499,0.000476906579688788,0.0007077190943336801,0.001427987536842322
2024-07-16 00:00:00+00:00,151.00999450683594,0.011790238250994456,1.8311735303156987e-05,1.97559034282885e-05,2.3014882624166476e-05,0.0003960090101001244,0.0004721794127825275,0.000489136682454977,0.0007198592134856494,0.0014126744300281399
2024-07-17 00:00:00+00:00,156.5800018310547,0.036221049762283464,0.0001390097180152128,0.00015732145331836929,0.00015876562144350178,0.0004197979325938359,0.0005819450703310275,0.000624483510519984,0.0006891653583023771,0.0014610109729899963
2024-07-18 00:00:00+00:00,155.4199981689453,-0.0074359551740563745,0.0013119644458818149,0.001450974163897027,0.0014692858992001847,0.0014739890465211947,0.0018469831739971517,0.0019285870363732346,0.001994795072823709,0.002720139143946641
2024-07-19 00:00:00+00:00,154.69000244140625,-0.0047079879686169335,5.5293429350575764e-05,0.00136725787523239,0.0015062675932476035,0.001526023496675893,0.001787055807826226,0.0019784470060301308,0.0020014859082395477,0.0027752677211541755
2024-07-22 00:00:00+00:00,154.24000549316406,-0.002913263554518153,2.21651507126418e-05,7.745858006321692e-05,0.0013894230259450325,0.0015467444792634027,0.0015514476265844116,0.00197136809627606,0.0020175694264152216,0.0026422086912085115
2024-07-23 00:00:00+00:00,152.35000610351562,-0.01232932098245243,8.487104538083743e-06,3.065225525072489e-05,8.594568460130131e-05,0.0015369198484983294,0.0015566757519266177,0.0019329288585984527,0.0020223936410031,0.002641221328791409
2024-07-24 00:00:00+00:00,156.27999877929688,0.02546871688169361,0.00015201215588834174,0.00016049926042642482,0.0001826644111390673,0.0015499222863714582,0.0017072437396898274,0.0019697202189652933,0.0021665448768628773,0.0027730061837900315
2024-07-25 00:00:00+00:00,159.63999938964844,0.021272013981363358,0.000648655539599865,0.0008006676954882061,0.0008091548000262905,0.0008866133800895085,0.002337587543986536,0.0023606024266107023,0.002809766956769063,0.003421546181852666
2024-07-26 00:00:00+00:00,160.63999938964844,0.006244556346631569,0.0004524985788233182,0.0011011541184231825,0.0012531662743115249,0.001283818529562251,0.002651076404794641,0.0028098420262381426,0.0032330214751256684,0.003867704331728283
2024-07-29 00:00:00+00:00,158.55999755859375,-0.013032777519552674,3.899448396625661e-05,0.0004914930627895742,0.0011401486023894399,0.0013006478628158657,0.0013781064428790826,0.0028473923420792675,0.003225089616876234,0.0038212990687985656
2024-07-30 00:00:00+00:00,161.3300018310547,0.01731891284348741,0.00016985328987415756,0.00020884777384041353,0.0006613463526637324,0.0014620140481519397,0.0014926663034026645,0.002998933896650268,0.0032797221112288904,0.003991076733535437
2024-07-31 00:00:00+00:00,157.85000610351562,-0.021806714357245127,0.0002999447420803132,0.0004697980319544701,0.0005087925159207274,0.001609946634343911,0.0017704458947703358,0.0031598689207153687,0.0033218935213547474,0.004290638868014125
2024-08-01 00:00:00+00:00,160.75999450683594,0.01826728174047787,0.00047553279105848074,0.0007754775331387932,0.0009453308230129515,0.0014368238858025266,0.002237491581290733,0.0023234372658920343,0.0037941673332173506,0.004758257792124548
2024-08-02 00:00:00+00:00,164.13999938964844,0.020807183072052204,0.00033369358218599617,0.0008092263732444763,0.00110917111532479,0.0013180188891652046,0.0024191730075883875,0.0026018374187274547,0.004126416747278215,0.005087717512968233
2024-08-05 00:00:00+00:00,161.25,-0.01776376280720271,0.0004329388673938958,0.0007666324495798913,0.0012421652406383727,0.001711963272592844,0.002203456335382418,0.0030126111354087087,0.004541043879368953,0.005309877331566653
2024-08-06 00:00:00+00:00,158.97000122070312,-0.014240442824274169,0.0003155512690705583,0.0007484901364644534,0.0010821837186504504,0.0018576612517892447,0.002066509025629658,0.003319675299941183,0.0047175854304242985,0.00558262597807635
2024-08-07 00:00:00+00:00,158.89999389648438,-0.000440477719986454,0.00020279021183142165,0.0005183414809019793,0.0009512803482958757,0.001760506721540353,0.002230304753494823,0.003370453355884263,0.003608411196373906,0.005779244573756584
2024-08-08 00:00:00+00:00,160.22000122070312,0.008272843274268027,1.94020621804465e-07,0.00020298423245322547,0.0005185355015237844,0.0012851679511036768,0.00206064548424247,0.0027219918369062023,0.003553311787645135,0.005609735021179903
2024-08-09 00:00:00+00:00,160.6199951171875,0.0024934179546480806,6.843993584060172e-05,6.863395646240554e-05,0.00027142416829382786,0.0010199143047582824,0.0018291406780027587,0.0023379331939234857,0.0035995865727730947,0.005671840225660022
2024-08-12 00:00:00+00:00,159.8800048828125,-0.004617731976931161,6.217133096561418e-06,7.465706893716248e-05,7.48510895589676e-05,0.000593192570460948,0.0013598250200408393,0.002305155843053791,0.003597316601331572,0.005629454764821846
2024-08-13 00:00:00+00:00,158.38999938964844,-0.009363222162749985,2.1323448610772566e-05,2.7540581707333335e-05,9.59805175479357e-05,0.0002989647500011623,0.0010474548864656157,0.002156626001790406,0.003466627894054003,0.005644696580895651
2024-08-14 00:00:00+00:00,158.47999572753906,0.0005680332104480712,8.766992926901249e-05,0.00010899337787978441,0.00011521051097634648,0.0001838444674387531,0.0007021859483407324,0.0019443511889791051,0.0029056422837231504,0.005728703620214458
2024-08-15 00:00:00+00:00,159.08999633789062,0.003841681366739458,3.2266172817194274e-07,8.799259099718379e-05,0.00010931603960795702,0.00018397310854512057,0.00038695734099834604,0.0014691410596487963,0.002453466366628004,0.005721165361914066
2024-08-16 00:00:00+00:00,159.38999938964844,0.0018839685036216025,1.4758515723553149e-05,1.508117745172444e-05,0.00010275110672073759,0.000130291688428072,0.00019892564489047755,0.0011502059931863533,0.002429230398385301,0.005730490417943939
2024-08-19 00:00:00+00:00,159.6300048828125,0.0015046425630353966,3.54933732263822e-06,1.830785304619072e-05,1.8630514774363323e-05,0.0001276238926541488,0.0002022809615913113,0.0007208164631150957,0.0022629264458337815,0.005704795694799865
2024-08-20 00:00:00+00:00,160.16000366210938,0.0033146705675282107,2.2639492424977273e-06,5.813286565135297e-06,2.0571802288689107e-05,0.00010856439328587396,0.0001361049749932073,0.00040752914328703513,0.001965245652995966,0.005660133301826672
2024-08-21 00:00:00+00:00,161.42999267578125,0.007898228366342686,1.098704097123779e-05,1.3250990213734868e-05,1.680032753637375e-05,3.188150498809927e-05,0.00014087488286788368,0.00021572597242685128,0.0015006999029087231,0.005555899547276408
2024-08-22 00:00:00+00:00,162.35000610351562,0.005682969345081723,6.238201132690025e-05,7.336905229813739e-05,7.563300154063578e-05,9.394085458682758e-05,0.00018193344558401137,0.00027791396313194705,0.001229388332049627,0.005360508226648852
2024-08-23 00:00:00+00:00,164.1300048828125,0.010904290349855295,3.229614057713859e-05,9.467815190403818e-05,0.00010566519287527663,0.00011147847944041302,0.00012655965689213744,0.0002417701678684839,0.0008287456052328699,0.005389545388030113
2024-08-26 00:00:00+00:00,164.61000061035156,0.0029202169533499855,0.00011890354803394731,0.00015119968861108523,0.00021358169993798617,0.00022683269015172212,0.0002451405431979128,0.0003544565828058698,0.0006320978841962588,0.005507004767938928
2024-08-27 00:00:00+00:00,162.9499969482422,-0.010135656891473666,8.527667054632672e-06,0.0001274312150885793,0.00015972735566571858,0.00023309640796385705,0.00023890969452899233,0.0003416608012497299,0.0004378353394194699,0.005497220699690404
2024-08-28 00:00:00+00:00,163.9199981689453,0.005935106204843166,0.00010273154062167761,0.00011125920767630962,0.00023016275571025762,0.0003248409076142969,0.00033809189782803175,0.00035672241260239503,0.000540372859419343,0.00546094252229687
2024-08-29 00:00:00+00:00,164.22999572753906,0.0018893655741347715,3.5225485662767844e-05,0.0001379570262844448,0.00014648469333907816,0.00029768438195016447,0.00037105343424830185,0.0003916252365369909,0.0005071584092415091,0.004184203562077822
2024-08-30 00:00:00+00:00,165.86000061035156,0.009876204368615582,3.5697022727256147e-06,3.8795187935492794e-05,0.00014152672855717108,0.0002689579436457515,0.0003636360955497897,0.0003804364230861634,0.0005045109784176733,0.004132479834999972
2024-09-03 00:00:00+00:00,167.16000366210938,0.00780739678454534,9.753941273066151e-05,0.00010110911500338646,0.000136334600666155,0.0002475938083424657,0.00039879349695355094,0.0004744264984941867,0.0005807269425375623,0.004207854097017992
2024-09-04 00:00:00+00:00,167.36000061035156,0.0011957250359726501,6.095544455132891e-05,0.00015849485728198977,0.00016206455955471605,0.00030002158583916194,0.00042745280092774127,0.0005331179938030179,0.0005540124578198787,0.004260322437031236
2024-09-05 00:00:00+00:00,164.99000549316406,-0.014262285226222637,1.4297583616517953e-06,6.238520291298004e-05,0.00015992461564364222,0.00019871980357913613,0.0003099790112554458,0.0005235607111934319,0.0005551195544533585,0.004109740039504547
2024-09-06 00:00:00+00:00,164.3800048828125,-0.0037040488725006426,0.0002034127798741285,0.00020484253823577962,0.0002657979827871092,0.0003669070977904968,0.0005048641240749416,0.0006645914797406601,0.0007437738186039339,0.00366449727977881
2024-09-09 00:00:00+00:00,166.61000061035156,0.013474905179559293,1.3719978049873282e-05,0.00021713275792400113,0.00021856251628565358,0.00037705737356764446,0.0004158525615031372,0.0006460153172133948,0.000753944459331169,0.0032257186790053656
2024-09-10 00:00:00+00:00,167.3800048828125,0.0046109501724140856,0.00018157306959811387,0.0001952930476479865,0.0003987058275221157,0.0004610910304350968,0.0005622001454384832,0.0007086848387775614,0.0009332535796867851,0.0033682972646372224
2024-09-11 00:00:00+00:00,164.82000732421875,-0.015412692003827999,2.1260861492485486e-05,0.0002028339310905987,0.00021655390914047267,0.0004213964473762534,0.0005798913046582432,0.0007214180332154142,0.0009435274002080327,0.0032197048362555504
2024-09-12 00:00:00+00:00,164.63999938964844,-0.0010927453943674337,0.00023755107480486355,0.00025881193629734837,0.00044038500589546294,0.0006575177638194652,0.0007199029667324451,0.0008562375673986003,0.001118696463685996,0.0031573111689801006
2024-09-13 00:00:00+00:00,165.52000427246094,0.005330790871091118,1.194092496911238e-06,0.00023874516730177414,0.0002600060287942603,0.00045529907644224787,0.0006601416146780275,0.0008222061742327436,0.0010875944156057687,0.0026829724704185314
2024-09-16 00:00:00+00:00,166.99000549316406,0.008841904029866399,2.8417331311308397e-05,2.9611423808218986e-05,0.00026716249861308326,0.000469996429703683,0.0006871291876276841,0.0008470538032713263,0.0009971081988831298,0.0023776962195438435
2024-09-17 00:00:00+00:00,167.07000732421875,0.0004789668293989635,7.817926687336765e-05,0.0001065965981846754,0.00010779069068158735,0.0003666026269789368,0.0005618956746269232,0.0008276936574140324,0.0010667597987018649,0.0020229366190233156
2024-09-18 00:00:00+00:00,166.14999389648438,-0.005521972043276868,2.294092236644958e-07,7.84086760970315e-05,0.0001068260074083406,0.0003455711747101158,0.0005484051058007144,0.000766967622086368,0.0009642576673038517,0.0017076147591764217
2024-09-19 00:00:00+00:00,164.82000732421875,-0.008036944292712178,3.049217524673131e-05,3.072158447039516e-05,0.00010890085134376352,0.00013851227515198359,0.0003973242114493319,0.0007960300389714476,0.0009595243568878152,0.0015353167225917314
2024-09-20 00:00:00+00:00,164.16000366210938,-0.004012429482342483,6.459247356415886e-05,9.508464881088951e-05,9.531405803455472e-05,0.0002019106562192312,0.00044065582352100527,0.0006572097326614779,0.0010205471281792484,0.0015997151755340858
2024-09-23 00:00:00+00:00,163.22000122070312,-0.005742592770596744,1.609959035077117e-05,8.069206391492937e-05,0.00011118423916166139,0.00018959291525869399,0.00021920433906691292,0.0006595893449623759,0.0009391073057993581,0.0015473748300442551
2024-09-24 00:00:00+00:00,162.77999877929688,-0.002699403120181465,3.297737172890999e-05,4.907696207968052e-05,0.00011366943564384007,0.0001443910201142363,0.0002509876182989117,0.000510993647093172,0.0009111292329769391,0.0015741350686766038
2024-09-25 00:00:00+00:00,160.60000610351562,-0.013482748882680973,7.286777205245429e-06,4.026414893415478e-05,5.636373928492664e-05,0.00015144838809581722,0.0002298570641928487,0.0004970195628059319,0.0009169862518205328,0.0015600983972710767
2024-09-26 00:00:00+00:00,161.38999938964844,0.004906952748771509,0.000181784517433435,0.0001890712946386798,0.00022204866636759047,0.00030274073028252094,0.00033346231475291603,0.00044125300543450334,0.0008953579893798393,0.0016542129854354992
2024-09-27 00:00:00+00:00,161.39999389648438,6.19257538776452e-05,2.407818527867627e-05,0.00020586270271211063,0.00021314947991735677,0.00026222644199703837,0.0003573110908079278,0.0004641370982162684,0.0009057161966086422,0.0016779685089860035
2024-09-30 00:00:00+00:00,162.05999755859375,0.004080903947984105,3.8347989933146904e-09,2.4082020077668936e-05,0.00020586653751110466,0.0002461306864452605,0.00032682275036018983,0.0004357236017039533,0.0007241469618095217,0.0016632138280614436
2024-10-01 00:00:00+00:00,161.99000549316406,-0.00043198312519088233,1.6653777032672253e-05,1.6657611831664918e-05,4.0735797110341893e-05,0.00022980709174902277,0.00027888405382870324,0.00037419811186325787,0.0007195398773497085,0.0016763182677714777
2024-10-02 00:00:00+00:00,161.1699981689453,-0.005074941668946842,1.8660942044968152e-07,1.6840386453121285e-05,1.6844221252115306e-05,0.00022270692396422702,0.00026297107289838175,0.0003741553120600431,0.00048217541196529467,0.0016742409279494298
2024-10-03 00:00:00+00:00,160.5,-0.004165754603541849,2.5755032943212956e-05,2.594164236366199e-05,4.259541939633494e-05,6.667743947400497e-05,0.0002557487341126847,0.0003694181697565247,0.0005067363524115964,0.0016890089199214048
2024-10-04 00:00:00+00:00,160.2899932861328,-0.001309309818033455,1.7353511416930107e-05,4.310854436014241e-05,4.3295153780592804e-05,5.995276561225881e-05,0.0002658154683243694,0.000322179207609296,0.000495672532517218,0.0016439804200114347
2024-10-07 00:00:00+00:00,159.52999877929688,-0.004752648091002953,1.7142921995987992e-06,1.9067803616528257e-05,4.482283655974192e-05,6.166322301286429e-05,8.574524309053316e-05,0.0003077939094581236,0.0004192075578434492,0.0016133985716338948
2024-10-08 00:00:00+00:00,159.69000244140625,0.001002466480152009,2.2587663876914016e-05,2.4301956076512166e-05,4.165546749344298e-05,6.759710985710605e-05,8.425472168877091e-05,0.00029740420160612765,0.00044156581249669876,0.0015170826874768616
2024-10-09 00:00:00+00:00,160.64999389648438,0.005993596428052861,1.004939043828358e-06,2.3592602920741724e-05,2.530689512034123e-05,6.841543948048473e-05,8.525582593360597e-05,0.0002911223634447106,0.0004120785762937958,0.0015095599594660573
2024-10-10 00:00:00+00:00,160.50999450683594,-0.0008718358673016624,3.5923198142368013e-05,3.692813718619572e-05,5.9515801063110446e-05,7.858360467963978e-05,0.00010452524704330172,0.00014526104415364357,0.00038340930087200496,0.0014427516169867476
2024-10-11 00:00:00+00:00,161.4600067138672,0.005901263847163385,7.600977795136419e-07,3.668329592188101e-05,3.7688234965710065e-05,6.199019104222331e-05,0.00010509873540236567,0.00012194295665448093,0.0003680698083007474,0.0014082862291034935
2024-10-14 00:00:00+00:00,161.60000610351562,0.0008667083071731696,3.482491499383759e-05,3.5585012773350586e-05,7.15082109157193e-05,9.51008138364621e-05,0.0001141686174529903,0.0001567640368493252,0.000369917351565675,0.0014395414418246055
2024-10-15 00:00:00+00:00,164.10000610351562,0.015351851433650587,7.511832897229813e-07,3.557609828355992e-05,3.633619606307427e-05,7.326433324927107e-05,9.756628932578317e-05,0.0001408614431063759,0.00036338175765015255,0.001342753212383667
2024-10-16 00:00:00+00:00,164.27999877929688,0.0010962463678083623,0.00023567934244087959,0.0002364305257306019,0.0002712554407244402,0.0003079387366463223,0.00033153133956706396,0.0003763541761268058,0.00041727658265759715,0.0015174771102732176
2024-10-17 00:00:00+00:00,164.47000122070312,0.0011559085174859263,1.201756098933027e-06,0.00023688109853981195,0.00023763228182953564,0.00027321729460288736,0.000310145431789083,0.0003518008992825259,0.0003944001534778539,0.0015172491080104988
2024-10-18 00:00:00+00:00,165.1199951171875,0.003944262546681898,1.3361245007965118e-06,2.5378805997288883e-06,0.0002382172230406092,0.0002737933213241702,0.00031047661724605116,0.0003357835123663923,0.0003957324431796571,0.001315172452637167
2024-10-21 00:00:00+00:00,162.8300018310547,-0.013965729700578855,1.5557207037157573e-05,1.6893331537953435e-05,1.8095087636887166e-05,0.0002545256133674902,0.0002901106261408407,0.00034962642720395105,0.0003946358731841424,0.001317009681624451
2024-10-22 00:00:00+00:00,163.4499969482422,0.003800391478002929,0.00019504160606963035,0.00021059881310678727,0.00021193493760758448,0.00044881603614739757,0.0004843921344309574,0.0005220803693966674,0.000589490869833323,0.0013304782180959677
2024-10-23 00:00:00+00:00,165.86000061035156,0.014636948203653688,1.4442975386077287e-05,0.00020948458145570698,0.00022504178849286525,0.00022757966909259524,0.0004640101948231971,0.0005355184057389163,0.0005781788122761874,0.0013236603319895595
2024-10-24 00:00:00+00:00,163.6699981689453,-0.01329186837266505,0.00021424025271644094,0.00022868322810251757,0.0004237248341721486,0.0004406181657101031,0.000677499264249915,0.0007138354603129892,0.0007750655535756982,0.0013003495099011366
2024-10-25 00:00:00+00:00,160.8800048828125,-0.017193418515267567,0.00017667376483625343,0.0003909140175526937,0.00040535699293877173,0.0006159558060455601,0.0006184936866452889,0.000889749127369729,0.0009500250262123529,0.0014758291822404791
2024-10-28 00:00:00+00:00,161.60000610351562,0.0044654080412280805,0.0002956136402411456,0.00047228740507739833,0.00068652765779384,0.0008960122392495481,0.0009129055707875016,0.001150537852617037,0.0012230510025765845,0.0017430254911703163
2024-10-29 00:00:00+00:00,160.08999633789062,-0.009388049641587237,1.9939868974664405e-05,0.0003155535092158093,0.0004922272740520635,0.0007209105021545822,0.0009315093152613694,0.0011697265383019784,0.0012419859325074206,0.0016847860932716128
2024-10-30 00:00:00+00:00,160.61000061035156,0.0032429356603280723,8.813547607290626e-05,0.00010807534504756995,0.00040368898528871637,0.0007946030028414112,0.001004087584297118,0.0010221826719340051,0.0012941982104379588,0.0017726921601208547
2024-10-31 00:00:00+00:00,159.86000061035156,-0.004680633859103445,1.0516631697027471e-05,9.865210776993302e-05,0.00011859197674459824,0.0005908793818219976,0.0008195626099245152,0.0010314975475320997,0.0013039547443554726,0.001752716616571151
2024-11-01 00:00:00+00:00,160.1300048828125,0.0016875798112767626,2.1908333322985604e-05,3.242496502001237e-05,0.00012056044109291944,0.0004361139503087299,0.0008270279678614235,0.0010520697563542885,0.0012910381626846208,0.0017100324763299776
2024-11-04 00:00:00+00:00,158.24000549316406,-0.011873113238655364,2.8479256194289135e-06,2.4756258942413818e-05,3.52728906394421e-05,0.00014334823568701318,0.0006156356407644115,0.0010393604749365602,0.0012931349050143265,0.0016967808115986355
2024-11-05 00:00:00+00:00,158.35000610351562,0.0006949089405781095,0.00014097081797793327,0.00014381874359736149,0.0001657270769203479,0.0002643791846902821,0.0005799326939060912,0.000985289686844863,0.0011984263805513802,0.0018047742578476587
2024-11-06 00:00:00+00:00,157.8800048828125,-0.002972529807099278,4.828984356953904e-07,0.00014145371641362795,0.00014430164203305766,0.00017672660705307118,0.0002848019521006411,0.000971329609894481,0.0011977075228881426,0.0017979703790781086
2024-11-07 00:00:00+00:00,156.72999572753906,-0.007310729316042597,8.83593345409367e-06,9.318831889788356e-06,0.00015028964986772244,0.0001750459088101374,0.00027369801658007033,0.0007659252906321337,0.0012052073318414398,0.0016250217950987671
2024-11-08 00:00:00+00:00,155.47000122070312,-0.008071757592623463,5.344676313244466e-05,6.228269658653762e-05,6.276559502223382e-05,0.00020658433861959642,0.00023900930363960875,0.000642698288928325,0.0012430968879367267,0.0016543903729525358
2024-11-11 00:00:00+00:00,155.0399932861328,-0.002769689974987166,6.515327063407452e-05,0.00011860003376651848,0.00012743596722061297,0.00026888968363424206,0.0002936459425766558,0.0004122379193212539,0.001113208552501171,0.001719539808787617
2024-11-12 00:00:00+00:00,152.63999938964844,-0.01560090113701662,7.671182557544409e-06,7.282445319161823e-05,0.00012627121632406368,0.00013559004821385318,0.0002794087918112146,0.00039996923290413393,0.001106436759672638,0.001710557214312489
2024-11-13 00:00:00+00:00,153.24000549316406,0.003923151977908823,0.00024338811628696647,0.00025105929884451016,0.0003162125694785855,0.00037849526606512427,0.0005199489824787521,0.0005552218731181941,0.0011355846232431637,0.0019537587211790057
2024-11-14 00:00:00+00:00,151.8699951171875,-0.008980496088336842,1.539112144176991e-05,0.0002587792377287357,0.0002664504202862809,0.0003850504540528005,0.0003943692859425888,0.0005600963628629366,0.0009743019798486801,0.0019433948096775626
2024-11-15 00:00:00+00:00,154.0,0.013927742822716027,8.064930999263332e-05,9.604043143440251e-05,0.0003394285477213698,0.0004122530009129892,0.0004745356974995268,0.0006188373395325842,0.0007593376496001678,0.002006690608253266
2024-11-18 00:00:00+00:00,154.77000427246094,0.004987569116265078,0.00019398202013571781,0.00027463133012835044,0.00029002245157012116,0.0005410817504146325,0.0006596817841811509,0.0008099714340488732,0.0009333798007612212,0.002198958336189385
2024-11-19 00:00:00+00:00,153.0,-0.011502250137459313,2.4875845689521214e-05,0.0002188578658252383,0.0002995071758178725,0.0005582864135466092,0.0006311108667382275,0.0006938764617604612,0.0008701201703778362,0.0022012465180019924
2024-11-20 00:00:00+00:00,153.11000061035156,0.0007186999109283221,0.00013230175822468278,0.00015717760391420328,0.00035115962404992196,0.0004472000554843256,0.0006982593543288357,0.0008256953215494485,0.0009919052969054915,0.0023325433371828466
2024-11-21 00:00:00+00:00,155.5,0.015489110315924925,5.165295619683781e-07,0.00013281828778665045,0.0001576941334761725,0.0004323254636045241,0.0006911047013332596,0.0008173759176573232,0.0009705134931444743,0.002297136668602447
2024-11-22 00:00:00+00:00,155.1699981689453,-0.0021244533242095187,0.00023991253837889195,0.00024042906794085963,0.00037273082616554325,0.0005915886919907827,0.0006876291234251852,0.0010038416929037705,0.0012075781059039373,0.0025362891092018253
2024-11-25 00:00:00+00:00,155.77999877929688,0.003923469360652909,4.513301926744874e-06,0.0002444258403056361,0.0002449423698676053,0.00040211997378180973,0.0006767513039101601,0.0009432017241964409,0.001071120589852749,0.002505977496134732
2024-11-26 00:00:00+00:00,154.52000427246094,-0.008121182207761812,1.539361182398215e-05,1.9906913750726317e-05,0.00025981945212961906,0.00039263773991627066,0.000611495605741509,0.0009509241534628787,0.0010860313032410357,0.002520619924668992
2024-11-27 00:00:00+00:00,155.39999389648438,0.00567883320941398,6.595360045166702e-05,8.134721227564847e-05,8.586051420239415e-05,0.00032628958214325494,0.0004834671860574582,0.0007734896376275792,0.001143148970238609,0.002350894182679779
2024-11-29 00:00:00+00:00,155.00999450683594,-0.0025128031276633322,3.224914662034309e-05,9.82027470720094e-05,0.00011359635889599235,0.00035802219920162963,0.00049084048698828,0.0007903476628061524,0.0011219513537265074,0.002381941573201189
2024-12-02 00:00:00+00:00,154.8000030517578,-0.0013556146598965313,6.314179558394625e-06,3.8563326178737005e-05,0.00010451692663040484,0.0001244238403811323,0.0003648529083219919,0.0007160125323719136,0.0010631122626508277,0.0023869196282587874
2024-12-03 00:00:00+00:00,152.36000061035156,-0.015887835253438176,1.8376911061263882e-06,8.151870664520309e-06,4.0401017284864195e-05,0.0001217482295605138,0.0003661740698661499,0.0005238682033423223,0.0010572787711994095,0.0023732001123277563
2024-12-04 00:00:00+00:00,150.47000122070312,-0.012482408732997996,0.00025242330904039293,0.00025426100014651863,0.000260575179704914,0.0003587779267769246,0.00037868484052765085,0.0007514156666931939,0.0010663139639528361,0.002430581815298519
2024-12-05 00:00:00+00:00,149.52000427246094,-0.006333545161569809,0.00015581052777762462,0.0004082338368180168,0.0004100715279241441,0.0004486348541028822,0.0005299820663785306,0.0007749244362461358,0.0012067333702886907,0.0025719493676900664
2024-12-06 00:00:00+00:00,149.30999755859375,-0.0014055265345032097,4.011379431364434e-05,0.00019592432209126825,0.000448347631131662,0.00045649950179618346,0.0005547022488681928,0.0008145217009978118,0.001166197854609702,0.002397822909287269
2024-12-09 00:00:00+00:00,149.60000610351562,0.0019404411519623466,1.9755048391926024e-06,4.2089299152836234e-05,0.00019789982693046168,0.00045216082707698145,0.0004907241532557183,0.0005765846674581124,0.0009741913393131765,0.0022231246492902083
2024-12-10 00:00:00+00:00,149.22999572753906,-0.002476395025941436,3.7653118642289585e-06,5.740816703420856e-06,4.585461101706601e-05,0.000454088447835084,0.0004622403184996043,0.0005758366773955965,0.0009530808054878843,0.001931276320913292
2024-12-11 00:00:00+00:00,146.63999938964844,-0.01750811194413071,6.132532324507485e-06,9.897844188735738e-06,1.1873349027929154e-05,0.00020779767111919856,0.0004620586712657171,0.0005665755978961218,0.000826911579587709,0.0019174689842631353
2024-12-12 00:00:00+00:00,146.24000549316406,-0.0027314541007017468,0.0003065339838482125,0.0003126665161727193,0.00031643182803694906,0.0003585211271897864,0.0007667549640078032,0.0008071559812926673,0.001132929033873953,0.0021358674920384413
2024-12-13 00:00:00+00:00,146.6199951171875,0.002595027224436386,7.460841504240388e-06,0.0003139948253524522,0.00032012735767696044,0.00032586817438038247,0.0005217924964716506,0.0007823676761765646,0.0009004773369993015,0.002132811701845654
2024-12-16 00:00:00+00:00,143.85000610351562,-0.019073040065660685,6.734166295566013e-06,1.4195007799805697e-05,0.000320728991648019,0.0003306268358367559,0.00037271613498959203,0.0007827876629137359,0.0009026982013681227,0.0021176375348182343
2024-12-17 00:00:00+00:00,146.41000366210938,0.01763979779081115,0.00036378085734629776,0.00037051502364186307,0.00037797586514610424,0.0006906423813188247,0.0006963831980222455,0.0011447308291539073,0.0012510854468904384,0.0024785704665451036
2024-12-18 00:00:00+00:00,144.75,-0.011402813764985531,0.00031116246610070596,0.000674943323447003,0.0006816774897425697,0.0009956723150950232,0.0010055701592837588,0.0012034699862142205,0.0014962943125394774,0.002648762114667876
2024-12-19 00:00:00+00:00,143.5800018310547,-0.008115732551914334,0.0001300241617589435,0.00044118662785964875,0.0008049674852059473,0.0008191624930057542,0.0011318290091784733,0.0011776836201955391,0.0015940693276780776,0.0027783033779911243
2024-12-20 00:00:00+00:00,144.47000122070312,0.006179498089625923,6.586511485420195e-05,0.00019588927661314475,0.0005070517427138515,0.0008775667663557157,0.0011915615917081678,0.0012034349407360968,0.0016536202629738848,0.0028353325593912324
2024-12-23 00:00:00+00:00,145.27000427246094,0.005522227304458838,3.8186196639690435e-05,0.00010405131149389169,0.00023407547325283594,0.0009090187966998401,0.0009232138044996458,0.0012396456325365949,0.0016899687685074491,0.0028200719928984787
2024-12-24 00:00:00+00:00,145.85000610351562,0.003984628866350093,3.049499440211072e-05,6.868119104180045e-05,0.00013454630589600317,0.0005757329337556531,0.0009462479573975162,0.0012663753150744764,0.0014680404538691667,0.0027854137166665144
2024-12-26 00:00:00+00:00,145.5800018310547,-0.0018529618938609715,1.5877267202550427e-05,4.637226160466044e-05,8.455845824435163e-05,0.0002804477348574976,0.0009553910583045005,0.0012761200499525195,0.0013281071932940926,0.0027936198013115204
2024-12-27 00:00:00+00:00,145.0500030517578,-0.003647244661000748,3.4334677801008383e-06,1.931073498265056e-05,4.980572938476204e-05,0.0001538570408786549,0.0005950436687383036,0.0009730195338844078,0.0012914268667605492,0.002553665152804655
2024-12-30 00:00:00+00:00,143.33999633789062,-0.011859126589402358,1.3302393617198462e-05,1.6735861397298595e-05,3.2613128599849785e-05,0.00010129431964165143,0.0002971835962547961,0.0009788610859973658,0.0013027537555385551,0.0025515764249800835
2024-12-31 00:00:00+00:00,144.6199951171875,0.008890173966392467,0.00014063888346347,0.00015394127708066776,0.00015737474486076937,0.000203747006465431,0.0003077983179593226,0.00111276580316527,0.001439627327137796,0.00261156599845092
2025-01-02 00:00:00+00:00,144.02000427246094,-0.004157370497286372,7.903519315272238e-05,0.0002196740766161917,0.00023297647023339088,0.00025228720521604264,0.00032096839625784303,0.0008280201389716943,0.001512529987966011,0.0024966191714679248
2025-01-03 00:00:00+00:00,144.19000244140625,0.0011796827639578567,1.7283729451707137e-05,9.63189226044288e-05,0.00023695780606789956,0.00025369366746519936,0.00030006592906985975,0.0005341414023226956,0.0012232797335695056,0.0024890270552301104
2025-01-06 00:00:00+00:00,143.66000366210938,-0.003682469112266773,1.3916514235792482e-06,1.867538087528568e-05,9.771057402800881e-05,0.00025165185110867776,0.0002709625860913283,0.0004055088919873314,0.0012172105434888445,0.002358116948429007
2025-01-07 00:00:00+00:00,146.22999572753906,0.017731273268225323,1.3560578762798834e-05,1.4952230186377378e-05,3.2235959638085276e-05,0.00025191003625427816,0.0002686458976515767,0.00035320435589592826,0.0012240369559560773,0.0023711609976298374
2025-01-08 00:00:00+00:00,142.27000427246094,-0.02745400471265569,0.0003143980517124819,0.00032795863047528005,0.00032935028189886006,0.0004256692045032901,0.0005796104815839578,0.0006294162109687198,0.0011746541503222614,0.0024456465109634275
2025-01-10 00:00:00+00:00,142.05999755859375,-0.0014772043098041365,0.0007537223747625208,0.001068120426475002,0.0010816810052378016,0.0011003563861130886,0.00132003046272928,0.00135264359132913,0.0016172140589840764,0.0031948555837992033
2025-01-13 00:00:00+00:00,144.47000122070312,0.01682239560689247,2.1821325729039153e-06,0.000755904507335424,0.0010703025590479067,0.0010852547892342853,0.001181573711838714,0.0013389484566994833,0.0014893720297980365,0.003181644104548125
2025-01-14 00:00:00+00:00,144.75,0.001936234462288411,0.0002829929939547951,0.00028517512652769824,0.0010388975012902198,0.0013668561317655011,0.0013855315126407868,0.0016185079828741776,0.0017064999088986297,0.0033986834980512535
2025-01-15 00:00:00+00:00,144.97000122070312,0.0015187164300858313,3.7490038929532917e-06,0.0002867419978477476,0.0002889241304206524,0.0013570445568956556,0.001371996787082033,0.0016089545931499325,0.0016720627161518928,0.0033701833553238633
2025-01-16 00:00:00+00:00,147.77000427246094,0.01913020694526324,2.306499595012652e-06,6.055503487965184e-06,0.0002890484974427611,0.0010449530047781865,0.0013729116352534665,0.001470622209281475,0.0016438742213447945,0.0033661756753604814
2025-01-17 00:00:00+00:00,147.02999877929688,-0.005020400541297043,0.0003659648177685979,0.00036827131736360977,0.0003720203212565639,0.0006571954477842634,0.0017253158742592653,0.0017575518338973507,0.001993961771910842,0.003730302802022953
2025-01-21 00:00:00+00:00,148.14999389648438,0.007588593534201493,2.5204421595055644e-05,0.0003911692393636528,0.0003934757389586663,0.0006802177368064151,0.001436122244141839,0.001765472526040699,0.002015732725725797,0.0035030839145776156
2025-01-22 00:00:00+00:00,145.27000427246094,-0.019631123526083094,5.758675182732471e-05,8.27911734223796e-05,0.00044875599119097837,0.0004548114946789448,0.000739986621206643,0.0018216676264444444,0.0020600170839359232,0.0034048601386273154
2025-01-23 00:00:00+00:00,146.63999938964844,0.009386490073929998,0.0003853810108963331,0.0004429677627236571,0.00046817218431871355,0.0008364435016823247,0.001123185499530072,0.002193488058577979,0.002304759211368786,0.0037501273552100044
2025-01-24 00:00:00+00:00,146.82000732421875,0.001226797199130658,8.810619590798638e-05,0.00047348720680431876,0.0005310739586316443,0.0009222431979952983,0.0009282987014832633,0.001967196202773483,0.0023138302141240503,0.0038362580462787984
2025-01-27 00:00:00+00:00,152.88999938964844,0.04051130801209002,1.5050313677948275e-06,8.961122727578045e-05,0.00047499223817211444,0.0005577834115944953,0.0009260547289581049,0.0012149788593787574,0.002298051516040138,0.003833997765782364
2025-01-28 00:00:00+00:00,150.3800048828125,-0.01655324816071957,0.001641166076850429,0.001642671108218223,0.00173077730412621,0.0021737450668498685,0.0025649143062135213,0.0028539628036562824,0.0039378259414669875,0.005469031310308285
2025-01-29 00:00:00+00:00,151.14999389648438,0.00510722442523992,0.0002740100246703658,0.0019151761015207941,0.0019166811328885898,0.0023901683396929095,0.002472959513115289,0.002844979834371853,0.004198275387374555,0.005436507351130439
2025-01-30 00:00:00+00:00,152.8699951171875,0.011315174227049418,2.6083741329767234e-05,0.0003000937660001324,0.0019412598428505622,0.0020308710701263436,0.0024738388328500002,0.002867314571808667,0.00390996107699184,0.005455130250955966
2025-01-31 00:00:00+00:00,152.14999389648438,-0.004721018844136893,0.0001280331677884834,0.00015411690911825,0.00042812693378861666,0.0020707980420068407,0.0025442852488111595,0.0029930412400021376,0.0032842718700178027,0.005576429252448883
2025-02-03 00:00:00+00:00,151.8699951171875,-0.0018419766369452972,2.2288018926695644e-05,0.0001503211867151784,0.0001764049280449465,0.0020915810295657417,0.0021811922568415218,0.0026493644411602355,0.003304377756371594,0.005234936414029281
2025-02-04 00:00:00+00:00,153.49000549316406,0.010610594522819206,3.3928779310523075e-06,2.56808968577473e-05,0.0001537140646462316,0.00045380783064636503,0.0020964789388645878,0.002627552897496232,0.0030247776403478518,0.004927166825859627
2025-02-05 00:00:00+00:00,154.69000244140625,0.0077876759174140275,0.00011258471612768092,0.00011597759405873258,0.0001382656129854291,0.00029238252210368016,0.0022075586236244738,0.0026825508617965886,0.003133613352582579,0.004909727380228365
2025-02-06 00:00:00+00:00,153.50999450683594,-0.007657454329790703,6.064789619467041e-05,0.0001732326123223507,0.00017662549025340387,0.00032694667696858335,0.0006270404429687152,0.0023578177470949258,0.003191954749182237,0.004904510161568834
2025-02-07 00:00:00+00:00,153.1199951171875,-0.002543779885508357,5.8636606812830384e-05,0.00011928450300750015,0.00023186921913518195,0.0002575501159929303,0.00041166702511117985,0.0023283481579997696,0.0028846265382264694,0.004924960571741973
2025-02-10 00:00:00+00:00,154.24000549316406,0.007287970660780907,6.47081610591691e-06,6.510742291874664e-05,0.00012575531911341792,0.0002417329131721516,0.00039205409988732955,0.0023333139427378917,0.0028658929327373306,0.004900936393445779
2025-02-11 00:00:00+00:00,156.1300048828125,0.012179158350818398,5.311451635240329e-05,5.9585332458319554e-05,0.0001182219392711508,0.00029145455159350255,0.0003171354484512494,0.0007452623822398661,0.002861420697262409,0.004938173642595632
2025-02-12 00:00:00+00:00,155.25999450683594,-0.005587929230333799,0.00014833189813430952,0.00020144641448671216,0.00020791723059262993,0.00032720173360013116,0.0004431793276588633,0.0006195842557038098,0.0026243715845003855,0.005083072072949841
2025-02-13 00:00:00+00:00,157.25,0.01273579998343699,3.1224953083218885e-05,0.00017955685121752777,0.0002326713675699319,0.0002977787904886796,0.0004710114028110299,0.0006247254674572615,0.002567490341675618,0.005100994632415861
2025-02-14 00:00:00+00:00,156.14999389648438,-0.007019850938979388,0.00016220060121811366,0.00019342555430133188,0.00034175745243564227,0.00040134278489396293,0.0005206272879014626,0.0006588929008868917,0.002728185911525937,0.005122556350170505
2025-02-18 00:00:00+00:00,154.99000549316406,-0.007456410490557452,4.92783072054898e-05,0.00021147890842360278,0.00024270386150682257,0.0004441502759935358,0.000509257698912282,0.0006858831891656859,0.0011362981418809978,0.005092799464223272
2025-02-19 00:00:00+00:00,157.88999938964844,0.018537950017107896,5.5598057403695226e-05,0.00010487636460918437,0.0002670769658272989,0.00044663381704482773,0.0005062191495031469,0.0007380883686383288,0.0009178861746143274,0.00513111379217526
2025-02-20 00:00:00+00:00,159.67999267578125,0.011273182526927883,0.00034365559083679063,0.0003992536482404852,0.00044853195544597587,0.0006419575097473089,0.0008434039242340205,0.0009691592433474385,0.0012354580241213508,0.005473377731588472
2025-02-21 00:00:00+00:00,162.3000030517578,0.01627472662868712,0.00012708464428543213,0.00047074023512222213,0.0005263382925259182,0.0007378172009495221,0.0009173740521670494,0.0010355959914382002,0.0012345095006182994,0.005586901797111105
2025-02-24 00:00:00+00:00,163.74000549316406,0.008833344172654023,0.00026486672683849764,0.0003919513711239291,0.0007356069619607206,0.000840483326569906,0.0010339088808712375,0.0012418261114638673,0.0014770882085301015,0.005537370472237121
2025-02-25 00:00:00+00:00,166.08999633789062,0.014249950565571545,7.802796927256079e-05,0.00034289469611105774,0.00046997934039649076,0.000869232988636977,0.0010807118970605795,0.0013133832646305113,0.0015517232998716098,0.00486167606674716
2025-02-26 00:00:00+00:00,163.0800018310547,-0.018288898882955706,0.0002030610911212328,0.00028108906039379293,0.0005459557872322914,0.0010166960223545146,0.0011215723869636984,0.0014633298393993408,0.001642199674865162,0.0050625550252954895
2025-02-27 00:00:00+00:00,163.72999572753906,0.003977814377843281,0.0003344838223509785,0.0005375449134722107,0.0006155728827447722,0.0010075242538687024,0.0014067779021091872,0.0016494817636160098,0.0019160356010214697,0.005114045853691673
2025-02-28 00:00:00+00:00,165.02000427246094,0.007848001009912231,1.5823007224576725e-05,0.00035030682957555456,0.0005533679206967883,0.0008962626168078471,0.0013670028519300686,0.0016340798177573678,0.001873222001433216,0.005126119857023296
2025-03-03 00:00:00+00:00,167.27999877929688,0.013602343256252425,6.15911198515834e-05,7.741412707615948e-05,0.00041189794942713884,0.0006929870098209329,0.0010849383809448615,0.0015334703363908374,0.0019283423051788828,0.005185404477279868
2025-03-04 00:00:00+00:00,165.4199981689453,-0.01118136462837871,0.00018502374206091581,0.00024661486191249855,0.00026243786913707613,0.0007999827826092879,0.001142877478720345,0.0016692157712462634,0.002060251530887395,0.005004463401572185
2025-03-05 00:00:00+00:00,165.1199951171875,-0.0018152304727347968,0.00012502291495275855,0.00031004665701367374,0.00037163777686525796,0.0007219446064408137,0.0010030336668346062,0.0017386406287953266,0.002036942547705844,0.0051042818949298885
2025-03-06 00:00:00+00:00,165.8300018310547,0.0042907255458644045,3.2950616691449936e-06,0.0001283179766219029,0.00031334171868281955,0.0003907558457589801,0.0009283007592311904,0.0013982800996276811,0.00200901265629177,0.005049990204771708
2025-03-07 00:00:00+00:00,166.69000244140625,0.005172636333618641,1.841032570993339e-05,2.1705387379077735e-05,0.00014672830233183716,0.0003933431642443368,0.000743649993819891,0.0012896057810521822,0.0018652223807835901,0.004683019519585309
2025-03-10 00:00:00+00:00,167.6999969482422,0.0060408360300581165,2.6756166639871697e-05,4.5166492349804434e-05,4.84615540189503e-05,0.0003585082110326251,0.0004359223381087841,0.0010514952208535563,0.001842700240217972,0.004621669490317194
2025-03-11 00:00:00+00:00,165.86000061035156,-0.0110325879284634,3.6491699942048305e-05,6.324786658191934e-05,8.16581922918536e-05,0.00020997616891375758,0.0004565910308262557,0.001009958951523044,0.001823593882756325,0.004656656158891447
2025-03-12 00:00:00+00:00,162.85000610351562,-0.01831449350136527,0.00012171799639927633,0.000158209696341324,0.00018496586298119656,0.00020667125036027539,0.0005167179073739486,0.0009286158568010875,0.0016016562883188108,0.0031372080784402953
2025-03-13 00:00:00+00:00,162.99000549316406,0.0008593137323886779,0.0003354206722115507,0.00045713866861082637,0.0004936303685528756,0.0005387968609026811,0.0006671148375245834,0.0009295527066616597,0.0018099923162449294,0.00319861872598148
2025-03-14 00:00:00+00:00,162.80999755859375,-0.001105021186010191,7.384200906717604e-07,0.0003361590923022218,0.000457877088701499,0.0005211249552834195,0.0005428303426624967,0.0009144681195277547,0.0015458640094971035,0.0031732734047423845
2025-03-17 00:00:00+00:00,162.83999633789062,0.00018423939778244858,1.2210718215313692e-06,1.959491912202479e-06,0.00033738016412375406,0.0004955898604650791,0.0005407563528148831,0.0008540980714977027,0.0014690571120460742,0.003046461308775432
2025-03-18 00:00:00+00:00,164.25,0.008621556218946225,3.394415569523932e-08,1.2550159772259578e-06,1.9934360678985854e-06,0.00045913210467872604,0.0005223799712606449,0.0006691082735924821,0.0012660299650805366,0.0030242072340044323
2025-03-19 00:00:00+00:00,162.99000549316406,-0.007700774430718482,7.433123163645033e-05,7.436517579214492e-05,7.558624761367715e-05,0.00041174533991590004,0.0005699550362572236,0.0006184165902761739,0.0010058773743660083,0.00309514558770983
2025-03-20 00:00:00+00:00,163.02000427246094,0.00018403594051008554,5.9301926832807564e-05,0.00013363315846925725,0.00013366710262495334,0.0001356265945371569,0.0005927652631479828,0.0006744234554398364,0.0010493562939742393,0.0030418627984149568
2025-03-21 00:00:00+00:00,163.6300048828125,0.003734892406861867,3.386922739943174e-08,5.933579606020635e-05,0.00013366702769665754,0.00013492204367388457,0.00047108113597610596,0.0006560469989573025,0.0009877990433500552,0.0029812487714476854
2025-03-24 00:00:00+00:00,163.2899932861328,-0.0020800912833740526,1.394942129083443e-05,1.3983290518233212e-05,7.328521735104164e-05,0.00014765039314318764,0.0001496098850553897,0.0006432402536082652,0.0008167247225799738,0.0029365615859256893
2025-03-25 00:00:00+00:00,161.02000427246094,-0.013999112592436802,4.326779747168713e-06,1.8276201038002495e-05,1.8310070265402792e-05,0.00015194322873466113,0.00015319824471188664,0.0006110753334133855,0.000696028587374384,0.002934417549566942
2025-03-26 00:00:00+00:00,161.72000122070312,0.004337844915258238,0.00019597515337572264,0.0002003019331228907,0.000214251354413726,0.00027358715047393344,0.0003479523262660779,0.0006853324903898319,0.0008887086790809616,0.0030772781865902607
2025-03-27 00:00:00+00:00,163.1300048828125,0.0086810065594225,1.8816898508831747e-05,0.00021479205188455373,0.0002191188316317233,0.0002331021221499576,0.0003667352806192144,0.000368728716687113,0.0008891152518798601,0.0029477631869647834
2025-03-28 00:00:00+00:00,163.7100067138672,0.0035491519967392193,7.535987488473646e-05,9.417677339356755e-05,0.0002901519267692911,0.0003084281278072946,0.0003677639238675005,0.0004433501714811777,0.0009377189601247248,0.002991898108766301
2025-03-31 00:00:00+00:00,165.83999633789062,0.01292683516835691,1.2596479895957988e-05,8.795635478069379e-05,0.0001067732532895264,0.0003070751864124182,0.000321058476930651,0.0004547255795556043,0.0009138237400786346,0.0028422939874441448
2025-04-01 00:00:00+00:00,153.25,-0.07895287122901884,0.000167103067469869,0.00017969954736582635,0.0002550594222505637,0.0004698514741351185,0.0004881276751731205,0.0006217947028697781,0.0009592088111492271,0.0029601187477085243
2025-04-02 00:00:00+00:00,155.36000061035156,0.013674433655321394,0.006233555875306031,0.006400658942775899,0.006413255422671858,0.0065074321960654265,0.006707734129188317,0.006781019346539359,0.006857344014243707,0.009138076565610859
2025-04-03 00:00:00+00:00,159.82000732421875,0.028303219302596716,0.00018699013579378642,0.0064205460110998164,0.0065876490785696865,0.006675605433350381,0.006890397485234935,0.006908707555500338,0.007043595729946822,0.008981411110567855
2025-04-04 00:00:00+00:00,153.24000549316406,-0.04204287209498858,0.0008010722228908834,0.0009880623586846688,0.007221618233990701,0.007401317781356528,0.007495494554750096,0.007709745909163822,0.007843446881016174,0.009655398689173306
2025-04-07 00:00:00+00:00,150.6199951171875,-0.017245279424133564,0.0017676030939955695,0.002568675316886452,0.0027556654526802392,0.009156324395456139,0.009244280750236833,0.009463399581868558,0.009611016030856049,0.011158135056330377
2025-04-08 00:00:00+00:00,150.0,-0.004124782158861251,0.00029739966241644445,0.0020650027564120127,0.002866074979302897,0.009286620990402715,0.009466320537768542,0.009756472464537834,0.009834084461636042,0.011377506749474263
2025-04-09 00:00:00+00:00,150.97000122070312,0.006445855569122472,1.7013827858060083e-05,0.00031441349027450344,0.002082016584270074,0.0030700789429547446,0.009470737885730643,0.00957751113902017,0.009791796362661295,0.01119145948621109
2025-04-10 00:00:00+00:00,148.69000244140625,-0.01521753153680816,4.1549054017987184e-05,5.8562881876046187e-05,0.00035596254429249175,0.0029246378611789453,0.009345183872278761,0.009600243294529324,0.009833311547451883,0.010898524717878099
2025-04-11 00:00:00+00:00,151.72999572753906,0.020238979250265743,0.00023157326607375092,0.000273122320091737,0.0002901361479497982,0.002355138904361813,0.003343201263046482,0.00975645668571834,0.010050935392234799,0.011114274976727272
2025-04-14 00:00:00+00:00,154.36000061035156,0.017184943244661355,0.0004096162810926873,0.0006411895471664371,0.0006827386011844254,0.0009971520914589308,0.0035658274083453824,0.01015347648691507,0.010456224893580317,0.011462300137968376
2025-04-15 00:00:00+00:00,153.6199951171875,-0.004805551837966604,0.0002953222743222319,0.0007049385554149181,0.0009365118214886701,0.0009950747033647183,0.0030600774597767315,0.010281695693767431,0.010555572014526827,0.011572598670229693
2025-04-16 00:00:00+00:00,153.91000366210938,0.001886051000168365,2.3093328467384206e-05,0.00031841560278961505,0.0007280318838823034,0.0010011542039740423,0.001315567694248546,0.004071233146928786,0.01055984844448538,0.011470669083744318
2025-04-17 00:00:00+00:00,157.47000122070312,0.02286693189859168,3.55718837523609e-06,2.6650516842619213e-05,0.00032197279116485223,0.0009631623383312912,0.0010217252202073376,0.003887800199510235,0.01048804575797588,0.011470931210450409
2025-04-21 00:00:00+00:00,156.9199981689453,-0.003498862011653614,0.0005228965744548297,0.0005264537628300647,0.0005495470912974501,0.00125448564671237,0.0015276079668041073,0.0036096245510741816,0.01099834585253475,0.011975417459195305
2025-04-22 00:00:00+00:00,157.75,0.005275391748686076,1.2242035376592774e-05,0.0005351386098314215,0.0005386957982066587,0.0008571114009962756,0.0014983009481627128,0.0018542634924552045,0.010843484820441474,0.011960903327932027
2025-04-23 00:00:00+00:00,155.3800048828125,-0.015137740474074235,2.7829758102105133e-05,4.007179347869683e-05,0.0005629683679335278,0.0005896188847761488,0.0012945574401910672,0.0015846935881408653,0.0046377587032375486,0.011952241386092084
2025-04-24 00:00:00+00:00,154.92999267578125,-0.0029004062134232456,0.00022915118666042524,0.0002569809447625293,0.00026922298013912324,0.0007956767429691898,0.001114092345758805,0.0017968309469432306,0.004679919754104187,0.012059674576353234
2025-04-25 00:00:00+00:00,154.5800018310547,-0.0022615812097477317,8.41235620286417e-06,0.00023756354286328835,0.00026539330096539464,0.0008005319107968179,0.0008271824276394373,0.0017636942491281074,0.003887259887416169,0.011732666260344546
2025-04-28 00:00:00+00:00,155.35000610351562,0.004968901603781717,5.114749568284013e-06,1.3527105771147098e-05,0.00024267829243157353,0.0002827500859102722,0.0008092038487403371,0.0015372357326226406,0.002124771542988883,0.011737042589822158
2025-04-29 00:00:00+00:00,155.91000366210938,0.0035982660492122065,2.468998314806452e-05,2.980473271634745e-05,3.821708891921281e-05,0.00029519803368174396,0.0008303366435131656,0.0011523094346780178,0.0018520618637205032,0.011760511501148692
2025-04-30 00:00:00+00:00,156.30999755859375,0.0025622581113058374,1.294751856091322e-05,3.7637501708976656e-05,4.275225127726186e-05,0.000280315794140552,0.00032038758761924904,0.0008699346789166991,0.0018479955544233565,0.01177342507555391
2025-05-01 00:00:00+00:00,154.4600067138672,-0.011905992680556032,6.565166628952557e-06,1.9512685189864694e-05,4.42026683379304e-05,5.7729774109079344e-05,0.0003147107188716089,0.0008534065170782674,0.0018130116670343217,0.011705659010546411
2025-05-02 00:00:00+00:00,156.1199951171875,0.010689704428570757,0.0001417526617094538,0.0001483178283384053,0.0001612653468993197,0.00019107007961566898,0.00042863362247895747,0.0009916019904124853,0.0017231910626700248,0.011788109745423058
2025-05-05 00:00:00+00:00,155.0,-0.007199794117145331,0.00011426978077020524,0.00025602244247965796,0.0002625876091086117,0.00030022511081759023,0.00031375221658873755,0.0005829751967278607,0.0014278445623475426,0.011902345656965864
2025-05-06 00:00:00+00:00,154.47000122070312,-0.0034252062905615333,5.183703532928051e-05,0.00016610681609948466,0.00030785947780893967,0.0003273721629988062,0.0003571768957151539,0.0006225701966805484,0.001184359323354591,0.011940233271004309
2025-05-07 00:00:00+00:00,157.3000030517578,0.01815491883642295,1.1732038132902298e-05,6.356907346218172e-05,0.00017783885423238815,0.0003261566825707953,0.0003637941842797722,0.0006064724767113456,0.0011729980330201094,0.011947638529390042
2025-05-08 00:00:00+00:00,155.66000366210938,-0.010480664407531037,0.00032960107795710486,0.0003413331160900061,0.0003931701514192878,0.0006491925938989476,0.0006687052790888125,0.0007069223680080252,0.001499041922601978,0.012081264453971424
2025-05-09 00:00:00+00:00,154.22000122070312,-0.009294002737426865,0.00010984432642328791,0.0004394454043803917,0.0004511774425132952,0.0006172842586127816,0.0007656020869511872,0.000808354338228449,0.0010859896745704363,0.012172291881885882
2025-05-12 00:00:00+00:00,154.13999938964844,-0.0005188859300249149,8.637848688329806e-05,0.00019622281330658489,0.0005258238912636909,0.0005893929647258746,0.0008454154072055327,0.000889618075543463,0.0011601261260771416,0.012183310493884443
2025-05-13 00:00:00+00:00,148.44000244140625,-0.03768042375063718,2.692426083778209e-07,8.66477294916748e-05,0.0001964920559149639,0.0005378251720049719,0.0007039319881044567,0.0008651973350037763,0.0011325656105834142,0.012170983256596863
2025-05-14 00:00:00+00:00,146.36000061035156,-0.014111508318274346,0.0014198143340275826,0.0014200835766359594,0.0015064620635192587,0.0019459074678996524,0.0020094765413618343,0.002272064150470446,0.0023232287579505718,0.013423694523154575
2025-05-15 00:00:00+00:00,149.61000061035156,0.0219625679845441,0.00019913466701672607,0.0016189490010443076,0.0016192182436526867,0.0018154410569592736,0.0021567741730492795,0.0024646336508582197,0.0025139510687644338,0.007389273314865272
2025-05-16 00:00:00+00:00,151.3300018310547,0.011430982492923292,0.00048235439247572157,0.0006814890594924465,0.0021013033935200305,0.002187951123011707,0.002627396527392099,0.002805235381624487,0.002991190711671871,0.0076846375715472065
2025-05-19 00:00:00+00:00,152.49000549316406,0.007636161351348925,0.0001306673607535188,0.0006130217532292392,0.0008121564202459666,0.0022322399968819277,0.002428462810188513,0.002821632961607801,0.0030971680892773255,0.007014232709409842
2025-05-20 00:00:00+00:00,153.66000366210938,0.007643337122006599,5.831096018383503e-05,0.00018897832093735275,0.0006713327134130756,0.002290281714457385,0.00237692944394906,0.0028281068864623553,0.0031425315309002474,0.0053049405755981075
2025-05-21 00:00:00+00:00,153.17999267578125,-0.003128740605048641,5.8420602360644125e-05,0.00011673156254447807,0.0002473989232979982,0.0009288879827904467,0.002348971559426406,0.002874795450690097,0.003194386966631939,0.0050659615155423075
2025-05-22 00:00:00+00:00,152.61000061035156,-0.0037280011647844447,9.789017773680137e-06,6.820962013432318e-05,0.00012652058031815952,0.0007395423335474008,0.002358491334591708,0.0025549833905066724,0.0030624233226961652,0.005058736705457928
2025-05-23 00:00:00+00:00,152.94000244140625,0.002160052077038621,1.3897992684634176e-05,2.368701045831323e-05,8.210761281895866e-05,0.00027108593375631333,0.0009525749932487599,0.0024590370567680185,0.0029620515346105943,0.005031085644124575
2025-05-27 00:00:00+00:00,153.25,0.002024871237078507,4.665824975518861e-06,1.8563817660151953e-05,2.835283543383339e-05,0.0001450843979783134,0.0007581061512075527,0.0023773243948602397,0.0029148803242568327,0.004804178203026343
2025-05-28 00:00:00+00:00,152.42999267578125,-0.005365148592291646,4.100103526747844e-06,8.765928502265622e-06,2.26639211869011e-05,9.087354132122623e-05,0.00027985186225857895,0.002381155255778609,0.002907248389650678,0.004398662025460403
2025-05-29 00:00:00+00:00,153.5800018310547,0.007516189600849543,2.8784819417369035e-05,3.288492294411579e-05,3.755074791963596e-05,6.123775837795113e-05,0.00017796932092242922,0.0009901257411683957,0.002606432131110942,0.00413212457055554
2025-05-30 00:00:00+00:00,155.2100067138672,0.010557466094879508,5.6493106115918816e-05,8.527792553328676e-05,8.937802906003591e-05,0.00010794184672018981,0.000176151466854513,0.0008474841802675884,0.002553080910803573,0.004165524348204074
2025-06-02 00:00:00+00:00,155.39999389648438,0.0012233167376258791,0.00011146009034453038,0.0001679531964604481,0.00019673801587781844,0.00020550394438008601,0.00022919095483839926,0.0004765898781363972,0.0025781625142648054,0.004273427250173369
2025-06-03 00:00:00+00:00,154.4199981689453,-0.006326247634341087,1.496503840555624e-06,0.0001129565941850849,0.00016944970030100505,0.00020233462324512278,0.00022089844090527474,0.00034741902122343405,0.002579389775496983,0.0037520271795590952
2025-06-04 00:00:00+00:00,153.22000122070312,-0.007801345967371809,4.0021409131006196e-05,4.151791297156072e-05,0.00015297800331609242,0.00023825592884938113,0.00024702185735164675,0.00032912947017060514,0.0011995968506004066,0.0037798065533135084
2025-06-05 00:00:00+00:00,153.66000366210938,0.0028675882163655686,6.086099890262838e-05,0.00010088240803363348,0.00010237891187419042,0.0002703321083346405,0.00030321703127875627,0.00033156986671258943,0.001061323182486309,0.003812837794114032
2025-06-06 00:00:00+00:00,155.02999877929688,0.00887624543225396,8.223062178638663e-06,6.908406108126595e-05,0.00010910547021227346,0.00022206206439736033,0.0003073399899306471,0.000330003911117548,0.000587191852189226,0.0035919096696322454
2025-06-09 00:00:00+00:00,155.22999572753906,0.0012892218106381748,7.878773297360929e-05,8.701079515224686e-05,0.00014787179405487653,0.00018938970702643922,0.0003573429034868874,0.0003948936514065231,0.0005353122244093166,0.0036622850464029903
2025-06-10 00:00:00+00:00,156.4499969482422,0.007828590093680532,1.6620928770251736e-06,8.044982585063335e-05,8.867288802927335e-05,0.00018955529606290878,0.0003025118902479937,0.0003918899193080294,0.00047866335710250674,0.0036588323897117315
2025-06-11 00:00:00+00:00,155.25999450683594,-0.007635355011496259,6.128682285487295e-05,6.294891573189702e-05,0.00014173664870550763,0.00021082070978677554,0.0002523386227583363,0.00044907663863615456,0.0004815295775967355,0.0036954292294185402
2025-06-12 00:00:00+00:00,156.66000366210938,0.00897677971814037,5.8298646151581036e-05,0.00011958546900645288,0.00012124756188347939,0.0002082583570357282,0.0003091407650693617,0.0004785904653703665,0.0005300392059746365,0.0037407803570092078
2025-06-13 00:00:00+00:00,157.10000610351562,0.002804708797470745,8.058257410801632e-05,0.00013888122025959625,0.00020016804311447052,0.00028061786896510586,0.00034970193004637184,0.0005026799333624639,0.0005967237873980186,0.0038147977644882717
2025-06-16 00:00:00+00:00,155.22000122070312,-0.012039110822390064,7.866391438609793e-06,8.8448965546625e-05,0.00014674761169820736,0.00020969652743010636,0.0002967073225823532,0.0003990862344565435,0.0005999243538611094,0.0036809114942174277
2025-06-17 00:00:00+00:00,152.3800048828125,-0.018466040201813527,0.00014494018939378958,0.00015280658083239825,0.0002333891549404159,0.00035297462394687077,0.0004334244497975041,0.0005425299200097774,0.0007407644397281513,0.003711581902841012
2025-06-18 00:00:00+00:00,150.72999572753906,-0.010887304611209458,0.0003409946407349934,0.00048593483012878184,0.000493801221567393,0.0006326824418269913,0.0006956313575588883,0.0008435031516137645,0.0010529742610457756,0.004000739508246725
2025-06-20 00:00:00+00:00,149.7899932861328,-0.006255860118550061,0.00011853340169726273,0.000459528042432255,0.0006044682318260459,0.0006929171973726729,0.0008125026663791258,0.0009011755544083989,0.0011150145566271195,0.004107540871811086
2025-06-23 00:00:00+00:00,151.32000732421875,0.010162579808252303,3.913578582286518e-05,0.00015766918752012677,0.0004986638282551215,0.0006514704090875218,0.0007903516293471179,0.0009320882780526255,0.0010426902521054543,0.0038170755796768457
2025-06-24 00:00:00+00:00,152.19000244140625,0.005732908121525604,0.00010327802835909743,0.00014241381418196147,0.00026094721587922555,0.0007468820460080094,0.0008353310115546344,0.0009565785734381136,0.0011444717766239962,0.003810509281612655
2025-06-25 00:00:00+00:00,152.27999877929688,0.0005911672095821885,3.2866235529854226e-05,0.0001361442638889505,0.00017528004971181706,0.000634808092144074,0.0007876146729764722,0.0009877827160909426,0.001137316603022844,0.003756997030259211
2025-06-26 00:00:00+00:00,152.00999450683594,-0.0017746514790539791,3.494786696851912e-07,3.321571419953828e-05,0.00013649374255863707,0.0002941629300787659,0.0007800977602075477,0.0009268453719057549,0.001076805082789901,0.0037570772663205183
2025-06-27 00:00:00+00:00,152.41000366210938,0.0026280099067035323,3.1493878721084756e-06,3.4988665417925282e-06,3.636510207164811e-05,0.00017877891625361163,0.0006383069586858666,0.0008716961136262824,0.0010717314084833709,0.0023404123201650447
2025-06-30 00:00:00+00:00,152.75,0.0022283161259339934,6.906436069731908e-06,1.0055823941839245e-05,1.0405302611525793e-05,0.00014654956650047836,0.00030421875402060516,0.0007980199755879978,0.0009998501115794933,0.0021481840892180505
2025-07-01 00:00:00+00:00,155.9199981689453,0.020540445404048313,4.965392757097481e-06,1.187182882682825e-05,1.5021216698938081e-05,4.823693089847842e-05,0.0001906507450804399,0.0007951189769064855,0.0010031534114595655,0.0016707950894994262
2025-07-02 00:00:00+00:00,155.55999755859375,-0.002311549862512585,0.00042190989739668945,0.00042687529015378577,0.00043378172622351904,0.00043728059276531363,0.0005734248566542641,0.0010720886849093854,0.001363776486001382,0.0019620376261425968
2025-07-03 00:00:00+00:00,156.00999450683594,0.002888578955583476,5.343262766881952e-06,0.0004272531601635703,0.0004322185529206691,0.0004422743768625104,0.00047549009106204865,0.0007364373069412741,0.0013108211026166832,0.001909069928725644
2025-07-07 00:00:00+00:00,155.27000427246094,-0.004754508039413352,8.343888382639726e-06,1.3687151149520539e-05,0.00043559704854621135,0.00044746887737304164,0.0004509677439148342,0.000626247793626651,0.0012385824168913064,0.0018589932147476393
2025-07-08 00:00:00+00:00,155.7899932861328,0.0033433389193024965,2.2605346696846197e-05,3.0949235079484787e-05,3.629249784636809e-05,0.0004631677880001559,0.00047322361194199517,0.000609717354500632,0.001253321372149543,0.0018718095436708055
2025-07-09 00:00:00+00:00,156.27999877929688,0.003140358947156585,1.1177915129322786e-05,3.378326182616784e-05,4.212715020880893e-05,0.00046938031037238126,0.0004812521391992095,0.0005176172412708574,0.0011195590978850761,0.001869089466115494
2025-07-10 00:00:00+00:00,157.69000244140625,0.008981833523940885,9.861854316986416e-06,2.1039769446308063e-05,4.364511614315562e-05,5.733226729267821e-05,0.000484207557446464,0.0004946128600579895,0.0007884263114670691,0.0018742854954569615
2025-07-11 00:00:00+00:00,156.89999389648438,-0.005022475061498,8.067333345178834e-05,9.05351877687736e-05,0.00010171310289809775,0.00013266233797758458,0.0005599154981411549,0.0005749367148400928,0.0007505662432215948,0.001950858725382002
2025-07-14 00:00:00+00:00,156.82000732421875,-0.0005099233309167062,2.5225255743369336e-05,0.00010589858919515653,0.00011576044351214429,0.0001495437053383142,0.00016323085648783475,0.0005970125827113536,0.0007366557131420989,0.0019472991617080024
2025-07-15 00:00:00+00:00,155.1699981689453,-0.010577419212316919,2.600218034131886e-07,2.5485277546781386e-05,0.00010615861099857108,0.00012719838044488122,0.000158147615524366,0.0005903661684450349,0.0006336377065864146,0.001891066077395497
2025-07-16 00:00:00+00:00,164.77999877929688,0.060089965184286775,0.00011188179719309106,0.00011214181899650311,0.0001373670747398738,0.00022790226250864946,0.0002616855243348173,0.0006972825728810284,0.0007126532682496515,0.0018914877842440574
2025-07-17 00:00:00+00:00,162.97999572753906,-0.010983775801925333,0.0036108039158487966,0.0037226857130418867,0.003722945734845301,0.00382884432404046,0.003849884093486768,0.0038861765913331355,0.004323107705428763,0.005500795196252298
2025-07-18 00:00:00+00:00,163.6999969482422,0.004407998057267548,0.00012064333086696049,0.003731447246715756,0.0038433290439088483,0.003868814321455632,0.003959349509224406,0.004001476659433214,0.004440601648423615,0.005581417117988253
2025-07-21 00:00:00+00:00,164.36000061035156,0.004023681994005379,1.9430446872874478e-05,0.0001400737777398341,0.0037508776935886315,0.0038630195125851368,0.003968918101780294,0.0040125632179234495,0.004453125659226758,0.005539986565958499
2025-07-22 00:00:00+00:00,167.92999267578125,0.021488034563489578,1.6190016788883105e-05,3.5620463661756715e-05,0.00015626379452871806,0.0038789495075706067,0.0039044347851173887,0.004006147888015486,0.004464350283258543,0.005547953520568743
2025-07-23 00:00:00+00:00,169.10000610351562,0.006943109706450734,0.0004617356294017227,0.00047792564619060496,0.0004973560930634803,0.004228803339779238,0.004340945158775741,0.004456705602287885,0.004504176015263576,0.005930901416996856
2025-07-24 00:00:00+00:00,169.55999755859375,0.002716540087302377,4.8206772395810396e-05,0.0005099424017975322,0.0005261324185864162,0.000666206196326252,0.004388891909368139,0.004495050520366709,0.004547039524892505,0.005977446096515642
2025-07-25 00:00:00+00:00,168.3000030517578,-0.007458712756350572,7.379590045920807e-06,5.5586362441730335e-05,0.0005173219918434539,0.0005529424555052124,0.004284389702220969,0.004421756776960843,0.004546075226555786,0.00592353886370669
2025-07-28 00:00:00+00:00,166.22000122070312,-0.01243589986082494,5.563239598174674e-05,6.301198602766669e-05,0.00011121875842347794,0.0005891444046140846,0.0007292181823539187,0.00445216391719922,0.004579102275840687,0.005920872613536856
2025-07-29 00:00:00+00:00,168.11000061035156,0.011306311206854325,0.00015465160534846575,0.00021028400133021164,0.0002176635913761333,0.0007276059931736672,0.000763226456835424,0.0046065555007442725,0.00472257596605983,0.005994941644777305
2025-07-30 00:00:00+00:00,167.25999450683594,-0.005069075564322567,0.0001278326731062397,0.00028248427845470455,0.0003381166744364522,0.00039370303687818423,0.0008716286830687892,0.004622506376657421,0.004840546784849083,0.006114907926444935
2025-07-31 00:00:00+00:00,164.74000549316406,-0.01518094825376437,2.569552707681215e-05,0.000153528200183051,0.0003081798055315176,0.00037119179155918597,0.0008811341933567182,0.0010373979878854362,0.004785568978474107,0.005995663264127957
2025-08-01 00:00:00+00:00,167.3300018310547,0.015599414591710214,0.0002304611898834715,0.0002561567169602828,0.00038398939006652335,0.0005942733913967367,0.000649859753838467,0.0011472158469019473,0.00499080491261421,0.005885129813276435
2025-08-04 00:00:00+00:00,171.0399932861328,0.021929486574276957,0.00024334173560406155,0.00047380292548753215,0.0004994984525643453,0.0007819827310190516,0.0008449947170467182,0.0013711271356331345,0.005233886626414858,0.006009938147183234
2025-08-05 00:00:00+00:00,170.74000549316406,-0.0017554442686913418,0.0004809023814113933,0.0007242441170154539,0.0009547053068989263,0.001108233507081979,0.0013185175084121908,0.0018358395002556448,0.005602907210633159,0.0064517047427717624
2025-08-06 00:00:00+00:00,170.58999633789062,-0.0008789685297312388,3.08158458048128e-06,0.0004839839659918737,0.0007273257015959361,0.0009834824185562206,0.0012659666970109252,0.001377185455434403,0.0019951848793648445,0.006351508298993146
2025-08-07 00:00:00+00:00,171.52999877929688,0.005495176080063224,7.725856762578957e-07,3.854170256738254e-06,0.0004847565516681325,0.0009585594771556664,0.0011120876773387176,0.0013297512687148506,0.0018753141341741417,0.00631941464913955
2025-08-08 00:00:00+00:00,173.3300018310547,0.010439131212023334,3.0196960150899024e-05,3.0969545827155996e-05,3.4051130407638196e-05,0.0007582952474230939,0.0010144519643833767,0.0013525686388198288,0.0018860806474521664,0.006349262130620764
2025-08-11 00:00:00+00:00,173.82000732421875,0.0028230206289148185,0.00010897546046183975,0.00013917242061273785,0.00013994500628899666,0.0006239289722808721,0.0010977318977684041,0.001405911703299922,0.001978866091125123,0.006455088203210495
2025-08-12 00:00:00+00:00,172.77999877929688,-0.006001221280447666,7.969445471278617e-06,0.00011694490593311745,0.00014714186608401738,0.00015099603634075742,0.0008752401533562114,0.0012592295434227347,0.0015250999071946788,0.006456151212612042
2025-08-13 00:00:00+00:00,174.4199981689453,0.009447071435210397,3.6014656856897926e-05,4.398410232817562e-05,0.0001529595627900163,0.00018392910861717406,0.0006679130746090478,0.0011674115271733932,0.0015129077916557665,0.006487200476711842
2025-08-14 00:00:00+00:00,174.72000122070312,0.0017185262422882985,8.924715870196823e-05,0.00012526181555886523,0.00013323126103014478,0.00027240368164288444,0.0002762578518996227,0.0012309631587985492,0.001594775360311814,0.006154537738017121
2025-08-15 00:00:00+00:00,176.63999938964844,0.01092906009022343,2.95333244543354e-06,9.220049114740084e-05,0.0001282151480042997,0.00024516005393741895,0.000276129599764575,0.001003455301360511,0.0015420962967755006,0.006152147807695673
2025-08-18 00:00:00+00:00,176.25,-0.0022103179410102314,0.00011944435445571458,0.0001223976869011472,0.00021164484560311637,0.0002556289479312938,0.0003948013685440317,0.0008795579202121642,0.0015068890458827494,0.006263248273768748
2025-08-19 00:00:00+00:00,177.8000030517578,0.008755898551418007,4.885505400351709e-06,0.00012432985985606537,0.00012728319230149982,0.0002525450078603669,0.0003694899137934844,0.00040354104420112257,0.0013839418781768616,0.006245528432472253
2025-08-20 00:00:00+00:00,178.83999633789062,0.005832190644968094,7.666575944272394e-05,8.155126484307475e-05,0.00020099561929879024,0.0002931961104461929,0.00033718021277436857,0.0004771252190633652,0.0014349121105427733,0.006311016276785654
2025-08-21 00:00:00+00:00,178.92999267578125,0.0005030960815748386,3.401444771925335e-05,0.00011068020716197639,0.000115565712562329,0.000237963399463478,0.0003632252150223433,0.0005103670811063606,0.001238465368378555,0.00633516887018792
2025-08-22 00:00:00+00:00,179.2899932861328,0.0020099421900265924,2.531056672959567e-07,3.42675533865484e-05,0.00011093331282927324,0.0002352631726853404,0.00032746366383274133,0.0004804232266227576,0.0009953767384417896,0.006254748642403429
2025-08-25 00:00:00+00:00,178.41000366210938,-0.004920276247385225,4.039867607248895e-06,4.292973274543943e-06,3.8307420993798204e-05,0.00011985868583687472,0.00024225637273802197,0.0003754876337681668,0.0005185142246376452,0.006233563254267309
2025-08-26 00:00:00+00:00,176.49000549316406,-0.010820044244000293,2.4209118350583228e-05,2.8248985957831215e-05,2.8502091625128077e-05,0.00013918229878710623,0.00026351215864317166,0.0003917273066474714,0.0005396417584077471,0.006257512350814478
2025-08-27 00:00:00+00:00,176.7899932861328,0.0016983008724409387,0.00011707335744212387,0.00014128247579270618,0.000145322343399956,0.00017958989678650616,0.0002611411616295809,0.0004727860072326973,0.000655942530173613,0.006262703911063511
2025-08-28 00:00:00+00:00,175.4499969482422,-0.007608464906086354,2.884225853333654e-06,0.00011995758329545662,0.00014416670164604076,0.00014845967492058647,0.0002591398820825629,0.00038642307438406276,0.0006286297958760476,0.0026547842210680483
2025-08-29 00:00:00+00:00,177.1699981689453,0.009755628641995528,5.788873822714763e-05,6.077296408048038e-05,0.00017784632152260515,0.00020609530748043814,0.00024036286086698657,0.0004413584801657768,0.0005775430736413556,0.0025920296284282357
2025-09-02 00:00:00+00:00,178.05999755859375,0.005010845157051413,9.517229020052351e-05,0.00015306102842767023,0.0001559452542810048,0.00029722773007371275,0.00030152070334825675,0.00041708641591058575,0.0006647459183706005,0.0026677714717558846
2025-09-03 00:00:00+00:00,178.0,-0.00033700814229664644,2.5108569187945604e-05,0.00012028085938846822,0.00017816959761561676,0.00029812718091107516,0.0003263761668689064,0.00043730947969817965,0.0006538398307016481,0.0026766900241549465
2025-09-04 00:00:00+00:00,178.75999450683594,0.0042605430438964476,1.1357448797423669e-07,2.5222143675918934e-05,0.00012039443387644337,0.0001811673979569255,0.0003224498737496317,0.00036075729474342993,0.0005647062464876542,0.0022150679692411984
2025-09-05 00:00:00+00:00,178.42999267578125,-0.0018477669407799269,1.8152227028894407e-05,1.8265801516867737e-05,4.337437070481425e-05,0.00019643539913248627,0.0003163929824279429,0.000344895074053071,0.000579905141071115,0.0021850134238742824
2025-09-08 00:00:00+00:00,178.1300048828125,-0.0016826781792973478,3.4142426674392096e-06,2.1566469696332707e-05,2.1680044184307853e-05,0.00014196090357277785,0.00020273386765325827,0.00034805621105321426,0.00046387502928283965,0.002181048076495801
2025-09-09 00:00:00+00:00,176.9600067138672,-0.006589891941907844,2.8314058550834373e-06,6.245648522521739e-06,2.4397875551417053e-05,4.962001922733776e-05,0.00020268104765500805,0.0003468477493010488,0.0004618209297375714,0.0021282470863691373
2025-09-10 00:00:00+00:00,175.7899932861328,-0.006633693654740647,4.342667580602194e-05,4.625808166110446e-05,4.967232432854458e-05,6.79381258454141e-05,0.00018821898523388236,0.0003660653067564875,0.00042858184610086936,0.002017022156826694
2025-09-11 00:00:00+00:00,178.5,0.015298538600437617,4.400589150494632e-05,8.743256731096735e-05,9.026397316605169e-05,0.00011183044286238619,0.00013705258653830515,0.00029299784081930993,0.00043857328988656234,0.0019331953752254004
2025-09-12 00:00:00+00:00,178.05999755859375,-0.0024680427853116527,0.00023404528330907975,0.00027805117481402515,0.000321477850620048,0.0003277234991425715,0.0003459893006594393,0.0005241588982750561,0.0006723654675283462,0.002141545131457668
2025-09-15 00:00:00+00:00,177.39999389648438,-0.0037135229642899503,6.091235190128901e-06,0.00024013651849920777,0.00028414241000415495,0.00033040049166526125,0.00035196696136159395,0.0004723613952380373,0.0006744168351112261,0.0019171751767643253
2025-09-16 00:00:00+00:00,176.4600067138672,-0.005312775628603994,1.3790252806308819e-05,1.9881487996436827e-05,0.00025392677130551747,0.00034135933861648664,0.00034760498713900834,0.0003909793578438226,0.0006639979695669517,0.0016876236939665726
2025-09-17 00:00:00+00:00,177.1999969482422,0.004184761107382862,2.8225584879888565e-05,4.201583768619649e-05,4.810707287632628e-05,0.00032615824769035326,0.0003724163293514577,0.00039409637353576555,0.0005751501970047164,0.0012349468974350677
2025-09-18 00:00:00+00:00,174.16000366210938,-0.017304582995308238,1.7512225525864234e-05,4.5737810405751904e-05,5.952806321206162e-05,0.00029966458171127116,0.00038709714902223854,0.0004114950245736556,0.0005897781966772471,0.0012493775383804508
2025-09-19 00:00:00+00:00,176.19000244140625,0.011588534105642978,0.000299448592641511,0.0003169608181673744,0.0003451864030472638,0.0003650678910437024,0.0006431190658577276,0.0006927913901862723,0.0008313380510916104,0.001548053545345704
2025-09-22 00:00:00+00:00,174.2100067138672,-0.01130146546820665,0.0001342941227176505,0.00043374271535916067,0.0004512549408850258,0.000493270778571224,0.0007334072970704318,0.0008236712702364836,0.0008704598836087375,0.0016521507079124555
2025-09-23 00:00:00+00:00,176.5800018310547,0.01351253525198537,0.00012772312172906736,0.000262017244446717,0.000561465837088229,0.0006072036474939825,0.0006270851354904194,0.0009485629861104674,0.0009730744361498592,0.001670898369179683
2025-09-24 00:00:00+00:00,176.69000244140625,0.0006227566030299059,0.0001825886089361473,0.0003103117306652138,0.0004446058533828652,0.0007615666715502413,0.0008035825092364378,0.001087724919240593,0.0011555494705980322,0.0018455175326445518
2025-09-25 00:00:00+00:00,177.72999572753906,0.005868722286832551,3.8782578661734775e-07,0.00018297643472276379,0.0003106995564518321,0.0007444422718109943,0.0007901800822167462,0.0010441068535222637,0.0011377850693557552,0.0018098907015742709
2025-09-26 00:00:00+00:00,179.7100067138672,0.011078957170536086,3.444190127996508e-05,3.482972706658156e-05,0.00021741833600272977,0.0004794355804494484,0.0007963963986168228,0.0008445034714931491,0.001168812727968281,0.001755085444152268
2025-09-29 00:00:00+00:00,181.6199951171875,0.010572087473526004,0.00012274329198657294,0.00015718519326653717,0.00015757301905315542,0.00046788474971837083,0.0009016274650775316,0.0009611555282895932,0.0012887246140997706,0.0018748754036934075
2025-09-30 00:00:00+00:00,185.4199981689453,0.020706946926754455,0.00011176903354788545,0.00023451232553445752,0.00026895422681442354,0.000451930661537189,0.000713947905983906,0.0010591343090311698,0.001357066971841634,0.0018672000827855784
2025-10-01 00:00:00+00:00,186.0500030517578,0.0033919588918589483,0.00042877765102742574,0.0005405466845753103,0.0006632899765618842,0.0006981197036284674,0.0010084314342936813,0.0014596863751787069,0.0017418387313641135,0.0022910922284126523
2025-10-02 00:00:00+00:00,185.97999572753903,-0.00037635311816153205,1.1505385124060984e-05,0.00044028303615148586,0.0005520520696993723,0.000709237262965911,0.0008922136976886748,0.0014536795347769036,0.0015192988331790948,0.002225931854093989
2025-10-03 00:00:00+00:00,188.63999938964844,0.014201315476164211,1.4164166954990812e-07,1.1647026793610025e-05,0.0004404246778210367,0.0006749370033554958,0.0007097667304220774,0.0011543725838049426,0.0015133492396585157,0.0021920590480442857
2025-10-06 00:00:00+00:00,188.16000366210935,-0.0025477493805219353,0.00020167736125354115,0.00020181900292309018,0.0002133243880471521,0.0007538710726224641,0.0009110562658890013,0.0012217558223408334,0.001701236348105748,0.0023934833036305314
2025-10-07 00:00:00+00:00,188.88999938964844,0.0038721476394716348,6.491026905949905e-06,0.00020816838815949018,0.000208310029829041,0.0006485930659805286,0.0008831053915149861,0.0011005237275177157,0.0016795017901318093,0.002395934462929232
2025-10-08 00:00:00+00:00,189.69000244140625,0.004226341796663036,1.4993527341865754e-05,2.148455424781479e-05,0.00022316191550135687,0.00023480894229496857,0.0007753556268702789,0.0009329286459234343,0.0016769830919478109,0.002386718871920515
2025-10-09 00:00:00+00:00,191.0800018310547,0.007301024495284025,1.7861964982220935e-05,3.285549232408582e-05,3.934651923003665e-05,0.00024116552215312851,0.0006814485583046143,0.0009504027851190377,0.0013953964642885207,0.0022875074794606117
2025-10-10 00:00:00+00:00,190.72000122070312,-0.00188580782693748,5.330495868073736e-05,7.116692366295743e-05,8.616045100482409e-05,0.00029432883916431595,0.00030597586595792597,0.0009692658425198101,0.0013144073002516077,0.0023379282122880153
2025-10-13 00:00:00+00:00,190.8999938964844,0.0009433084818990523,3.5562711601386607e-06,5.6861229840875156e-05,7.472319482309701e-05,9.620774907091347e-05,0.00029802675199400364,0.0008500788216933759,0.0011902404496826789,0.0022835957452210062
2025-10-14 00:00:00+00:00,190.8500061035156,-0.0002618875874498272,8.898308920226946e-07,4.446102052160495e-06,5.775106073289877e-05,9.060655305698625e-05,0.00029877494121647647,0.000739199619037513,0.0010085416716385544,0.0021893132859125055
2025-10-15 00:00:00+00:00,191.1699981689453,0.0016752637908448165,6.85851084602909e-08,9.58416000482125e-07,4.5146871606216936e-06,7.56816108235808e-05,9.71661650713956e-05,0.0003104905531185476,0.0010082224309603972,0.0021642733018330204
2025-10-16 00:00:00+00:00,192.1199951171875,0.0049570764184148075,2.806508768915745e-06,2.8750938773751754e-06,3.7649247693987777e-06,6.062615461027561e-05,9.348164693436142e-05,0.0003017916767634024,0.000976587038449348,0.0021669662361139615
2025-10-17 00:00:00+00:00,193.22000122070312,0.005709291025856267,2.4572606618004175e-05,2.7379115386919058e-05,2.7447700495380258e-05,3.1893802547542434e-05,0.00010306072621049985,0.00032622264171185665,0.0008784163530807792,0.0021733866157030712
2025-10-20 00:00:00+00:00,193.72000122070312,0.002584381429358018,3.25960040179229e-05,5.7168610635926215e-05,5.9975119404842866e-05,6.0933535405326676e-05,0.00011779476524620182,0.00015714128447623843,0.0007992433235508166,0.002202568377053555
2025-10-21 00:00:00+00:00,191.8800048828125,-0.009543621755324416,6.679027372410592e-06,3.9275031390332634e-05,6.384763800833772e-05,6.672273188571457e-05,7.116883393787506e-05,0.0001573292849426991,0.00037714469989580146,0.0022064159985708824
2025-10-22 00:00:00+00:00,192.94000244140625,0.005509070315032005,9.108071620870149e-05,9.775974358111123e-05,0.00013035574759903503,0.00015773486298595579,0.0001586932789864379,0.00023341647380953484,0.000456720030980442,0.0022540700389735617
2025-10-23 00:00:00+00:00,192.47000122070312,-0.002438968626778504,3.034985573596684e-05,0.00012143057194466747,0.00012810959931707899,0.00018527820995300687,0.00018815330383038204,0.00024590436456328074,0.0004869282450468589,0.0022404140032045825
2025-10-24 00:00:00+00:00,190.3999938964844,-0.01081321346835118,5.9485679624098205e-06,3.629842369837579e-05,0.0001273791399070782,0.0001666541712974125,0.00019403328668433155,0.00019854797384495323,0.00029119945175572757,0.0020123172878579124
2025-10-27 00:00:00+00:00,190.3000030517578,-0.0005252999623186483,0.00011692558551213134,0.0001228741534745403,0.00015322400921050804,0.00025098375279162096,0.0003081523634275472,0.0003119172881969459,0.00040163401036190903,0.0021231516381799145
2025-10-28 00:00:00+00:00,186.92999267578125,-0.01786761429603878,2.759400504119733e-07,0.00011720152556254247,0.0001231500935249532,0.0002445806654696223,0.000283855696859955,0.0003113033973553352,0.00038691642307045525,0.002109637325424018
2025-10-29 00:00:00+00:00,186.6000061035156,-0.0017668549202980444,0.0003192516406320094,0.00031952758068242056,0.00043645316619455275,0.0004727515898929302,0.0005705113334740415,0.0006304864528788843,0.0006883060987202436,0.0024006633811761388
2025-10-30 00:00:00+00:00,189.0500030517578,0.013044225357208283,3.1217763093814086e-06,0.0003223734169413899,0.00032264935699180287,0.0004455235104663448,0.0005669540824110123,0.00063080172041935,0.0006381229163488878,0.0023862729319596558
2025-10-31 00:00:00+00:00,188.8699951171875,-0.0009526246245528114,0.00017015181516963557,0.00017327359147901612,0.0004925252321110265,0.0006097267576735706,0.0006460251813719464,0.0007763809289709814,0.0008047184603583847,0.0022569761544877806
2025-11-03 00:00:00+00:00,186.25999450683597,-0.013915404253387997,9.074936753043848e-07,0.0001710593088449391,0.00017418108515432148,0.0004937086658367436,0.0006165828193112839,0.0007446924186283629,0.0008047361231416664,0.0021235895254454345
2025-11-04 00:00:00+00:00,186.8600006103516,0.003216159029570065,0.00019363847553520878,0.0001945459692105123,0.0003646977843801488,0.0006870712013215404,0.0008042727268840828,0.000931651866791161,0.0009983060135684149,0.0021895048792515757
2025-11-05 00:00:00+00:00,186.0,-0.004613002917965403,1.0343678903485061e-05,0.00020398215443869297,0.00020488964811399832,0.0003781632395930161,0.0006976908202754366,0.0008509148294859446,0.001005843183702984,0.002017259949218914
2025-11-06 00:00:00+00:00,186.97000122070312,0.005201508992852766,2.1279795921157324e-05,3.162347482464152e-05,0.00022526195035985126,0.000396321259204792,0.000718694676146182,0.0008418447696711351,0.0010025503730061373,0.0020381519193534534
2025-11-07 00:00:00+00:00,186.57000732421875,-0.0021416396649316383,2.7055695802728193e-05,4.833549172388465e-05,5.8679170627370684e-05,0.0002532251398378846,0.00042649873131690074,0.0008629518975114534,0.0009970100647909426,0.0020307657138762167
2025-11-10 00:00:00+00:00,188.41000366210935,0.009813915685702668,4.5866204544084996e-06,3.164231625713583e-05,5.2922112178294126e-05,0.0002569042666169887,0.00042796357546192785,0.0007506129324537306,0.0009949176578729405,0.001912609042344052
2025-11-11 00:00:00+00:00,193.8300018310547,0.02836103695806269,9.631294108608086e-05,0.00010089956154048849,0.00012795525734321766,0.0001595787321678608,0.0003541247013783731,0.0008466499334893995,0.00100014988275032,0.0018971529498822476
2025-11-12 00:00:00+00:00,194.38999938964844,0.0028849515493032385,0.0008043484173365979,0.0009006613584226779,0.0009052479788770873,0.0009535834706009736,0.0011575656250396664,0.001331746710193988,0.001774148444350951,0.00227272371619142
2025-11-13 00:00:00+00:00,195.25,0.004414341485603934,8.322945441827157e-06,0.0008126713627784242,0.0009089843038645061,0.0009406266201216435,0.000972250094946285,0.0013369478793264337,0.0017765228218303683,0.002269541276509186
2025-11-14 00:00:00+00:00,195.92999267578125,0.0034766264810661696,1.948641075152395e-05,2.7809356193350237e-05,0.0008321577735299491,0.0009330573350704392,0.0009813928267943237,0.001186282474908322,0.0016790836470697607,0.0022888860455911597
2025-11-17 00:00:00+00:00,199.5800018310547,0.018457752429845264,1.2086931688850536e-05,3.1573342440373615e-05,3.9896287882201746e-05,0.0009405576463048812,0.000972199962562017,0.0011974619129218682,0.0016908946387081993,0.0020992956160264696
2025-11-18 00:00:00+00:00,200.0,0.0021021989173295452,0.0003406886247614588,0.00035277555645030846,0.00037226196720183336,0.0011849333299802593,0.0012858328915207476,0.0013445120621481182,0.0017123316228376487,0.002433493213881978
2025-11-19 00:00:00+00:00,202.50999450683597,0.012471874369923697,4.4192402880215125e-06,0.0003451078650494794,0.0003571947967383309,0.00038500415293168277,0.0012856655113543606,0.0013385876235326546,0.001713629086816289,0.0024229189268281342
2025-11-20 00:00:00+00:00,203.07000732421875,0.002761542338123313,0.0001555476502991596,0.00015996689058718025,0.00050065551534864,0.0005322288577890152,0.0013449002205674395,0.001472855477910657,0.0016990249219458128,0.0025606046121450727
2025-11-21 00:00:00+00:00,203.8999938964844,0.00407886439045857,7.626116085247574e-06,0.0001631737663844063,0.0001675930066724288,0.0005203685631227389,0.0005481779193160891,0.0014534258981931765,0.0017057435443557562,0.002514925769549583
2025-11-24 00:00:00+00:00,206.0500030517578,0.010489224949047582,1.663713471575096e-05,2.4263250800997664e-05,0.00017981090110015822,0.0005249187661496393,0.0005564921085900129,0.0014654764124545187,0.0015287422035362983,0.002528006633105195
2025-11-25 00:00:00+00:00,206.6699981689453,0.003004436817825251,0.00011002384003172224,0.00012666097474747234,0.00013428709083272087,0.0002942539814199028,0.0006470295378702112,0.00147918731140016,0.0016284223646645354,0.002637140642244895
2025-11-26 00:00:00+00:00,207.55999755859372,0.004297133323712288,9.026640592303921e-06,0.0001190504806240253,0.0001356876153397772,0.0002988613817241852,0.0006439692467736645,0.0006838655346558662,0.0016161692093356822,0.0026460986977287384
2025-11-28 00:00:00+00:00,206.9199981689453,-0.0030882064509079044,1.8465354801758615e-05,2.749199539406167e-05,0.0001375158354257849,0.00016177908622678417,0.0003217459768139644,0.0006940079440157977,0.0016075788683347126,0.002661757543761581
2025-12-01 00:00:00+00:00,205.33999633789065,-0.007665112249769734,9.537019083429195e-06,2.8002373885186944e-05,3.702901447749184e-05,0.0001636899892249658,0.00032686375560937215,0.0006840585523477029,0.0016125292669637332,0.0026467219562270063
2025-12-02 00:00:00+00:00,205.4199981689453,0.0003895307874968168,5.8753945801570036e-05,6.829096488499837e-05,8.675631968675795e-05,0.00020580680031078488,0.00023007005111178253,0.0007307255664604224,0.0015749702716792223,0.0026728798980106532
2025-12-03 00:00:00+00:00,205.3300018310547,-0.0004382049389199949,1.5173423440789025e-07,5.8905680035977067e-05,6.844269911940722e-05,9.593469451347052e-05,0.00022259566926094285,0.00039018867593337153,0.0007707735885770324,0.0026663526048726505
2025-12-04 00:00:00+00:00,202.47999572753903,-0.013977354748814896,1.9202356849387645e-07,3.437578029009061e-07,5.9097703604471907e-05,8.710007748966047e-05,0.0002061505581136858,0.0003859614592138439,0.0007626426667036991,0.0025754639122324433
2025-12-05 00:00:00+00:00,201.92999267578125,-0.002720028716558076,0.00019536644577421833,0.00019555846934271134,0.0001957102035771202,0.00026400116846212016,0.00029149316385618186,0.0004257802546889026,0.0009385227017263935,0.0027404805022706947
2025-12-08 00:00:00+00:00,201.6199951171875,-0.0015363530117555868,7.398556218900575e-06,0.00020276500199311803,0.0002029570255616129,0.0002618627055975916,0.0002898650794827786,0.00042555269482255566,0.0009338343262564436,0.0027419304905271853
2025-12-09 00:00:00+00:00,199.9600067138672,-0.008267333286477552,2.3603805767304623e-06,9.75893679563017e-06,0.00020512538256984948,0.000205469140372752,0.0002737601052577504,0.00041127594068353514,0.0005955060820717152,0.0026273652855917846
2025-12-10 00:00:00+00:00,206.5399932861328,0.0323766856154597,6.834879966969971e-05,7.07091802464293e-05,7.810773646533086e-05,0.00027366620580804383,0.0003325718858440209,0.00036960090032151264,0.0006594356414533934,0.0026954381452110724
2025-12-11 00:00:00+00:00,210.00999450683597,0.01666105673777807,0.001048249771442315,0.001116598571112014,0.0011189589516887454,0.001321723953681865,0.0013220677114847658,0.0014088240311715236,0.0015521377625965487,0.003424436276021378
2025-12-12 00:00:00+00:00,211.5800018310547,0.0074480637381659776,0.00027759081161946,0.0013258405830617742,0.001394189382731475,0.0014039483195271065,0.001599506788869818,0.0016679494879892252,0.0018221024581307615,0.0036989053113314564
2025-12-15 00:00:00+00:00,214.1699981689453,0.012166897420116563,5.547365344778295e-05,0.0003330644650672421,0.001381314236509558,0.0014520234167559889,0.0016547884187491071,0.0017138861223535786,0.0018609389768627933,0.0035842271496096035
2025-12-16 00:00:00+00:00,209.3000030517578,-0.023001439600204066,0.00014803339283163907,0.00020350704627942115,0.00048109785789888224,0.0015976964290108976,0.001607455365806528,0.0018031655693836477,0.00189894852966271,0.0037313530487659385
2025-12-17 00:00:00+00:00,210.3300018310547,0.004909090559877427,0.0005290662236818358,0.000677099616513474,0.000732573269961258,0.0020584138530230335,0.0021291230332694633,0.0023320800588310757,0.002418988112752242,0.004066780796912565
2025-12-18 00:00:00+00:00,208.30999755859372,-0.009650391516853318,2.409917012507767e-05,0.0005531653938069125,0.0007011987866385527,0.0010342632517057963,0.0021508618228178104,0.0023559872053876595,0.002424621928075561,0.004080536288134158
2025-12-19 00:00:00+00:00,206.3699951171875,-0.009356692530204214,9.31300564285545e-05,0.0001172292265536313,0.0006462954502354681,0.0008498024965148908,0.0021756430795766652,0.0022537508160419954,0.0025082149654206865,0.004152386548641556
2025-12-22 00:00:00+00:00,207.32000732421875,0.004592878104034526,8.754769510477933e-05,0.00018067775153333295,0.0002047769216584117,0.0008818765381718872,0.0012149410032391294,0.0023338999549278746,0.002537008714723896,0.004212878547943606
2025-12-23 00:00:00+00:00,205.77999877929688,-0.007455897634005559,2.109452927851978e-05,0.00010864222438329823,0.0002017722808118538,0.0007549376746187679,0.0009584447208981893,0.0023526341036296636,0.0025579515097680075,0.004229386456767718
2025-12-24 00:00:00+00:00,207.77999877929688,0.009672190751821574,5.5590409528769696e-05,7.668493880728861e-05,0.00016423263391206902,0.00028146186046570183,0.000958561476979176,0.0023398757134887337,0.0026133498957282833,0.004188663925210407
2025-12-26 00:00:00+00:00,207.6300048828125,-0.0007221487286326322,9.355127393962279e-05,0.00014914168346839162,0.00017023621274691247,0.0003509139642802469,0.0009040793580871598,0.0013851772159860416,0.0025115347238936878,0.0034778667818134313
2025-12-29 00:00:00+00:00,207.55999755859372,-0.00033723030164711787,5.214987862657271e-07,9.407277272588765e-05,0.00014966318225465843,0.0002583054066379582,0.0003755346331915897,0.0011081079031528473,0.002504657666461053,0.0034700653351578702
2025-12-30 00:00:00+00:00,206.91000366210935,-0.003136508926773196,1.1372427634900611e-07,6.352230626138658e-07,9.418649700223774e-05,0.00017087143580952788,0.000351549187342861,0.0010527479739814135,0.0025024110101606717,0.0034506926486826952
2025-12-31 00:00:00+00:00,206.9499969482422,0.00019326963803401043,9.837688247727946e-06,9.951412524076085e-06,1.0472911310342897e-05,0.00015961459477873604,0.00026825681916203446,0.0009145522693975023,0.0024438998987386996,0.0034484434052415723
2026-01-02 00:00:00+00:00,207.3500061035156,0.0019310126798135485,3.735315298579741e-08,9.875041400712876e-06,9.988765677062967e-06,0.00010406153840295214,0.00018074647721024096,0.0003855233988686522,0.0013956874804493707,0.0031077921336330997
2026-01-05 00:00:00+00:00,204.30999755859372,-0.014769779826000473,3.728809969600702e-06,3.766163122585632e-06,1.3603851370314662e-05,1.4239074432930047e-05,0.00016338075790132189,0.00036515303871317525,0.0011218254787995112,0.0031071017033146788
2026-01-06 00:00:00+00:00,204.7899932861328,0.0023465947618639404,0.00021814639610853056,0.0002218752060781304,0.00022191255923111728,0.00023186397175519488,0.00032593674448108277,0.0004901693783931513,0.001284498221460259,0.0031697004491240497
2026-01-07 00:00:00+00:00,207.4900054931641,0.013098141148650377,5.5065069764072835e-06,0.00022365290308493698,0.00022738171305453878,0.00023725675445525316,0.00023789197751786725,0.0004081281902647793,0.0011419713356050274,0.0031675808400152094
2026-01-08 00:00:00+00:00,205.75,-0.00842133265553624,0.00017156130154996822,0.00017706780852637464,0.0003952142046349063,0.00039898036775749346,0.00040893178028156974,0.0005585949625362277,0.0007844664134731596,0.0033225050068494267
2026-01-09 00:00:00+00:00,204.38999938964844,-0.006631909089702681,7.091884369520107e-05,0.00024248014524516843,0.0002479866522215768,0.0004698618582997087,0.0004797368997004218,0.0005739233967026591,0.000831286087043283,0.0032834000105129053
2026-01-12 00:00:00+00:00,209.72000122070312,0.025743383057488245,4.398221817408104e-05,0.00011490106186928124,0.00028646236341925055,0.0005101152665041891,0.0005138814296267749,0.0005243543409371174,0.0007821382487888096,0.0033183555880946826
2026-01-13 00:00:00+00:00,213.6499938964844,0.018565819997244937,0.0006627217712445728,0.000706703989418653,0.0007776228331138551,0.0009546906416402313,0.001176565847718362,0.0011865546133954246,0.001357312324928603,0.003962612004537497
2026-01-14 00:00:00+00:00,218.5500030517578,0.02267570175077349,0.0003446896721701,0.0010074114434146719,0.0010513936615887541,0.001293873806833924,0.0015175267099188613,0.0015311305612891752,0.0016809074678201831,0.004297764657624168
2026-01-15 00:00:00+00:00,219.57000732421875,0.004656286365363194,0.000514187449890032,0.0008588771220601311,0.0015215988933047048,0.0016364999551739877,0.0018135677637003628,0.0020354803229314794,0.0021395045081814457,0.0047531981617126295
2026-01-16 00:00:00+00:00,218.66000366210935,-0.004153092884045861,2.168100271626718e-05,0.0005358684526062983,0.0008805581247763993,0.001587262114195054,0.0018297422594402224,0.002057123972494761,0.00206763423695809,0.004774727430194488
2026-01-20 00:00:00+00:00,218.2100067138672,-0.0020600961233459003,1.724818050351237e-05,3.8929183219778683e-05,0.0005531166331098117,0.0015605280765244851,0.0016754291383937667,0.0020706433430286724,0.0020843609186753363,0.004791783587129507
2026-01-21 00:00:00+00:00,218.00999450683597,-0.0009170245311445058,4.243996037424807e-06,2.149217654093631e-05,4.3173179257204574e-05,0.0009020503013173371,0.0016087542907359904,0.0018567409429575668,0.0020884911904364123,0.004600661137392714
2026-01-22 00:00:00+00:00,218.4900054931641,0.0021993639396127307,8.409339907208006e-07,5.08493002814474e-06,2.2333110531658195e-05,0.000558201563137958,0.0015656130065526302,0.0018520753699718803,0.0020794944361794054,0.004594103515164535
2026-01-23 00:00:00+00:00,220.13999938964844,0.007523432783262507,4.8372017388688315e-06,5.678135729588764e-06,9.922131767014655e-06,4.885131498679486e-05,0.0009077284370469261,0.0016853512701607808,0.002084294284765288,0.0045965803363266725
2026-01-26 00:00:00+00:00,221.4900054931641,0.006113761717456256,5.660204084426903e-05,6.1439242583137e-05,6.228017657385888e-05,8.37723531147967e-05,0.0006196408057210952,0.0016710344673098489,0.0021371675156399567,0.004584833577501242
2026-01-27 00:00:00+00:00,224.44000244140625,0.013230955220397966,3.7378082337833675e-05,9.398012318210184e-05,9.881732492097176e-05,0.000103902254949118,0.00014283143816889692,0.0016644303314736016,0.0019563992018692597,0.00357396188839676
2026-01-28 00:00:00+00:00,227.72000122070312,0.014508387682885981,0.0001750581760441762,0.000212436258382009,0.0002690382992262791,0.0002747164349558694,0.00029620861149680594,0.0011767667362732048,0.002125950870937029,0.0034714292528214763
2026-01-29 00:00:00+00:00,227.2899932861328,-0.0018901038121281744,0.00021049331315691765,0.000385551489201093,0.00042292957153892773,0.00048436881412206625,0.0004894537441502112,0.0010425703772600225,0.002164882882543978,0.0036264489125306114
2026-01-30 00:00:00+00:00,227.25,-0.00017597257370915997,3.572492420621457e-06,0.00021406580557753823,0.0003891239816217155,0.0004831041048038189,0.0004887822405334079,0.000531955419790612,0.0020975365312693984,0.0034819880121195936
2026-02-02 00:00:00+00:00,230.75,0.01528414032537384,3.096634669782574e-08,3.6034587673184157e-06,0.00021409677192423717,0.0004265330303062477,0.0004879722728893849,0.0005103053834210427,0.0020535852794420152,0.002952952754784456
2026-02-03 00:00:00+00:00,233.1000061035156,0.010132698842856946,0.00023360494548571876,0.00023363591183241572,0.00023720840425303828,0.0006227598934541328,0.0007167400166362348,0.000726662148403249,0.0016244684536831611,0.0031624585301450966
2026-02-04 00:00:00+00:00,234.47000122070312,0.005860080913048904,0.0001026715858400345,0.00033627653132575243,0.0003363074976724513,0.0005503733032499911,0.0007628095616320003,0.0008250897382058587,0.0013824503673530958,0.003172000059556577
2026-02-05 00:00:00+00:00,237.7899932861328,0.014060249854498608,3.4340548307480074e-05,0.0001370121341475137,0.00037061707963323355,0.0003742205384005535,0.0007597720276016466,0.0008585893525226181,0.0009026034657705439,0.0031187929127592775
2026-02-06 00:00:00+00:00,239.9900054931641,0.00920937570301561,0.00019769062597092813,0.00023203117427840733,0.00033470276011844294,0.0005683386719508601,0.0007824044775283985,0.0010514427767546774,0.0010786130890252047,0.0032953890094516857
2026-02-09 00:00:00+00:00,238.63999938964844,-0.005641141047513898,8.481260083929425e-05,0.0002825032268102215,0.0003168437751177027,0.0006531203064434566,0.0006567237652107752,0.0010796533367497024,0.0011461775093609865,0.0033246112007622106
2026-02-10 00:00:00+00:00,238.3500061035156,-0.0012159303906678076,3.1822472317946196e-05,0.00011663507315723958,0.0003143256991281688,0.00045133783327568403,0.0006849737451081,0.001074097726729815,0.0011737559856415081,0.003262882399140534
2026-02-11 00:00:00+00:00,240.8600006103516,0.010475647108185271,1.4784867149495673e-06,3.33009590328949e-05,0.00011811355987219026,0.0003501447341505991,0.0006864212654763517,0.0009005180374005884,0.0011743935383657367,0.0032638393870692175
2026-02-12 00:00:00+00:00,244.5500030517578,0.01520394509805545,0.00010973918233523042,0.00011121766905017913,0.00014304014136812645,0.0004255433681783495,0.0005625555023258634,0.0007997639065789011,0.0012792955189620983,0.003373464845128099
2026-02-13 00:00:00+00:00,243.4499969482422,-0.004508229371191774,0.0002311599465446843,0.0003408991288799139,0.00034237761559486457,0.00045901268875210566,0.0006910438630305132,0.0010273513607029642,0.0014538534246625137,0.0035947871034250553
2026-02-17 00:00:00+00:00,243.3300018310547,-0.0004930158179003996,2.0324132063276182e-05,0.0002514840786079596,0.0003612232609431912,0.0003945242199760876,0.0006770274467863093,0.0010476445264195424,0.0014367994743879563,0.0036150738823353457
2026-02-18 00:00:00+00:00,244.9900054931641,0.006798861531831513,2.430645967e-07,2.0567196659975314e-05,0.0002517271432046608,0.00036294481225484143,0.0004795798854120812,0.0008142826455305236,0.00126198436294048,0.003611588136962445
2026-02-19 00:00:00+00:00,246.91000366210935,0.007806496783140382,4.6224518129018344e-05,4.646758272571748e-05,6.67917147889948e-05,0.00040769084366891017,0.00044099180270180526,0.0007578355778195075,0.0010977155679125807,0.003439666258982933
2026-02-20 00:00:00+00:00,242.4900054931641,-0.018063417523300984,6.0941392025181135e-05,0.00010716591015419861,0.00010740897475089975,0.0003588930533588609,0.0004701107224090402,0.0007844364215372085,0.0011550844675171403,0.0034951011440317067
2026-02-23 00:00:00+00:00,245.83999633789065,0.013720407858897055,0.00032628705262109707,0.00038722844464627736,0.00043345296277529685,0.00045402015943527365,0.0007949192883151877,0.0009130328481873776,0.0014813405537915396,0.0036498268951028357
2026-02-24 00:00:00+00:00,246.27999877929688,0.0017881921605260587,0.00018824959181448406,0.0005145366444355803,0.0005754780364607625,0.0006219456191864815,0.0008734296977944414,0.0010164698391625672,0.001435985200120305,0.0037671576432221185
2026-02-25 00:00:00+00:00,245.1699981689453,-0.004517255080932259,3.1976312029668534e-06,0.00019144722301745005,0.0005177342756385483,0.0006249001857927484,0.0006454673824527238,0.000987844998047588,0.0013365112454832371,0.0037263730562510046
2026-02-26 00:00:00+00:00,243.47000122070312,-0.006958103344662625,2.0405593466208307e-05,2.3603224669174294e-05,0.00021185281648365944,0.0005990812611299383,0.000645548843855656,0.0010067721047988466,0.0013225762906419654,0.00308405687847264
2026-02-27 00:00:00+00:00,248.42999267578125,0.020167349570847648,4.841520215500521e-05,6.882079562121265e-05,7.201842682418059e-05,0.0005865550712597624,0.0006937209814139613,0.0009454481246186215,0.0011733008668260425,0.002787782408457545
2026-03-02 00:00:00+00:00,248.55999755859372,0.0005231690308953318,0.0004067219887127688,0.00045513719086777313,0.00047554278433398255,0.0006669900073514341,0.0010542184519977116,0.001121010166786706,0.001495210254699517,0.002680316947280282
2026-03-03 00:00:00+00:00,246.75,-0.007308576948999779,2.737058348879607e-07,0.0004069956945476559,0.0004554108967026622,0.00047901412137183803,0.0009935507658074185,0.0011009597405583177,0.0014636614882164588,0.002658909650398903
2026-03-04 00:00:00+00:00,245.3000030517578,-0.005893714608227185,5.3415297019450914e-05,5.368900285433801e-05,0.0004604109915671079,0.000529231787188322,0.0007206790102057722,0.0011541319729810686,0.0015155982985209603,0.0026950767669148413
2026-03-05 00:00:00+00:00,239.6300048828125,-0.023385876244421233,3.473587188323052e-05,8.815116890268057e-05,8.842487473756962e-05,0.0005435620656053443,0.0005671652902745188,0.0011426433267352808,0.0014405949880689603,0.002725568642760647
2026-03-06 00:00:00+00:00,240.3999938964844,0.003208089811109538,0.0005468992077193853,0.0005816350796026149,0.0006350503766220669,0.0010420460711697244,0.0011108668667909373,0.001628601142429485,0.0017563342492436613,0.0032716269164893117
2026-03-09 00:00:00+00:00,242.58999633789065,0.00906858317702941,1.029184023614483e-05,0.0005571910479555293,0.0005919269198387608,0.0006456159226931004,0.001100753113560874,0.0013126059300445328,0.00174630195741653,0.0032770815549865878
2026-03-10 00:00:00+00:00,243.7100067138672,0.004606260947063845,8.223920083870082e-05,9.253104107484479e-05,0.0006394302487942312,0.0007275814176969133,0.0011345771122445694,0.0012065955390687495,0.0018282980936585307,0.0033027187149810193
2026-03-11 00:00:00+00:00,242.9900054931641,-0.0029587085592055473,2.121763991244551e-05,0.00010345684075114547,0.00011374868098729139,0.0006953837605899079,0.0007490727634442461,0.0012246155477782282,0.001803291215441958,0.0032865582725556315
2026-03-12 00:00:00+00:00,242.0399932861328,-0.003917338821487704,8.753956338316166e-06,2.997159625076081e-05,0.00011221079708946271,0.0006694018450449936,0.0007575530139476743,0.001212963910650336,0.001751103779755093,0.0031202540528497713
2026-03-13 00:00:00+00:00,241.5200042724609,-0.0021506709269845103,1.534554344233467e-05,2.4099499780649968e-05,4.531713969309656e-05,0.00013784818076794297,0.0007194832603705582,0.0011798942519376655,0.0014401622705763305,0.002925106283135188
2026-03-16 00:00:00+00:00,243.19000244140625,0.0068907377761959765,4.625385436176413e-06,1.9970928878510215e-05,2.8724885216827464e-05,0.00013218172596797458,0.0006893727739235039,0.0007777976486610731,0.001256538064198023,0.002926159176150743
2026-03-17 00:00:00+00:00,238.1100006103516,-0.021110286530451994,4.748226710029427e-05,5.210765253646982e-05,6.745319597880556e-05,9.7424792229568e-05,0.0001899558333044129,0.0008250062099264794,0.0013008227000953505,0.0029736104769043396
2026-03-18 00:00:00+00:00,237.27999877929688,-0.0034918810891575447,0.0004456441973977829,0.0004931264644980763,0.0004977518499342538,0.0005218513497149054,0.0006253081904660509,0.0012172351103048114,0.001726061304026925,0.003185649728816404
2026-03-19 00:00:00+00:00,237.6000061035156,0.0013477399316323968,1.219323354081608e-05,0.0004578374309385981,0.0005053196980388935,0.0005252906269174052,0.0005552622231681662,0.0011946924719623971,0.0016898393354127358,0.003095171376517185
2026-03-20 00:00:00+00:00,235.3699951171875,-0.009429889868084906,1.8164029233164977e-06,1.4009636464131711e-05,0.0004596538338619157,0.0005117614863983871,0.0005358609861790372,0.0006496096671663281,0.0012849337496232834,0.0030626472311330215
2026-03-23 00:00:00+00:00,235.4199981689453,0.0002124218979115966,8.892282292421037e-05,9.0739225847526e-05,0.00010293245938834316,0.000596058923886421,0.0006160298527649314,0.0007282406498543937,0.001373582866712606,0.0029538794280863042
2026-03-24 00:00:00+00:00,235.2700042724609,-0.0006373362543659056,4.512306271236477e-08,8.896794598692187e-05,9.078434891023945e-05,0.0005486217798488392,0.000600729432385309,0.0006460465720784052,0.0013202126927558673,0.0028691119503097217
2026-03-25 00:00:00+00:00,239.92999267578125,0.01961337465370061,4.061975011291623e-07,4.5132056384065974e-07,8.937414348805212e-05,0.00010338377995218539,0.0005965102444502619,0.0006252351296670888,0.001285883018373766,0.002837695675492905
2026-03-26 00:00:00+00:00,239.2400054931641,-0.002879928468598969,0.00038468446530642554,0.00038509066280755384,0.0003851357858702673,0.00047587501171779487,0.000933712442656393,0.0010011656386351982,0.0011236682759608063,0.003220901654084381
2026-03-27 00:00:00+00:00,240.4499969482422,0.005044899894562249,8.293987984246803e-06,0.0003929784532906715,0.00039338465079180173,0.0004823525967787252,0.000496362233242857,0.0009941140831771103,0.001121670423708908,0.0031194564597333972
2026-03-30 00:00:00+00:00,242.4900054931641,0.008448340035208446,2.5451014946154192e-05,3.374500293040013e-05,0.00041842946823682675,0.000418880788800669,0.0005096200146481951,0.0010149397126870882,0.0010648822378163615,0.0029137475281348674
2026-03-31 00:00:00+00:00,244.44000244140625,0.008009394947447568,7.137444935050584e-05,9.682546429665917e-05,0.00010511945228090706,0.0004902101150884625,0.0005791780610753845,0.0010388318949372997,0.001115039047254422,0.002964797845422097
2026-04-01 00:00:00+00:00,244.1199951171875,-0.0013100023398626703,6.415040742419863e-05,0.0001355248567747036,0.00016097587172085888,0.000553954325011532,0.0005544056455753728,0.0006573381049637155,0.0011704354983403044,0.003028705188249595
2026-04-02 00:00:00+00:00,243.0399932861328,-0.004433876451678032,1.7161061304456712e-06,6.586651355464343e-05,0.00013724096290515037,0.00017098596583555207,0.000556076628643106,0.0006468609775533451,0.0011568060610284154,0.002984196776251023
2026-04-06 00:00:00+00:00,240.97000122070312,-0.008553561742727034,1.9659260388744972e-05,2.1375366519189776e-05,8.552577394338948e-05,0.00018235123824005022,0.0005753296915307219,0.0006647038350187735,0.001171839935980984,0.002942914644614587
2026-04-07 00:00:00+00:00,238.41000366210935,-0.01068055349944963,7.316341848664354e-05,9.282267887538764e-05,9.453878500583439e-05,0.00023006364178053957,0.00026380864471093983,0.0006489444305812067,0.001197521087367333,0.002689791010480133
2026-04-08 00:00:00+00:00,241.3000030517578,0.012049089297388349,0.00011407422305460573,0.00018723764154124838,0.00020689690192999445,0.00027276341548463945,0.00036958887978129877,0.0007629735305731001,0.000865951113024156,0.002615615641720255
2026-04-09 00:00:00+00:00,241.30999755859372,4.141856498929286e-05,0.00014518055289643845,0.0002592547759510433,0.0003324181944376879,0.0003537935609568793,0.000489318417731583,0.0009077478859684093,0.0009989384323797785,0.0027575985634137263
2026-04-10 00:00:00+00:00,238.4600067138672,-0.011880794310033416,1.7154975257722762e-09,0.00014518226839396332,0.0002592564914485702,0.0003520791703239594,0.00041794568387860297,0.0005230651361595096,0.0009971237449539878,0.0027371946854450437
2026-04-13 00:00:00+00:00,237.9600067138672,-0.0020989889991218647,0.00014115327343732238,0.00014115498893484726,0.00028633554183128684,0.0004735731833725368,0.0004949485498917267,0.0006559244216125851,0.0010493541954670997,0.002829932756727361
2026-04-14 00:00:00+00:00,240.1000061035156,0.008952908113958102,4.405754818434607e-06,0.0001455590282557561,0.00014556074375328298,0.00040481551970432785,0.0004976381985797156,0.0006348791614848655,0.001053714827222822,0.002427616522833027
2026-04-15 00:00:00+00:00,238.6699981689453,-0.005973691644387991,8.015456369697682e-05,8.456031851541054e-05,0.00022571359195273403,0.00037089586034669893,0.0005581335018879475,0.0006436592758313365,0.0011334631934186695,0.0025074973806951156
2026-04-16 00:00:00+00:00,234.5399932861328,-0.01745571659630496,3.56849918622309e-05,0.00011583955555920683,0.00012024531037764256,0.0002614002993124914,0.0005206550752635348,0.0006151938602693689,0.0007844637199744749,0.0024897670755378953
2026-04-17 00:00:00+00:00,234.17999267578125,-0.001536101262680667,0.0003047020418905164,0.0003403870337527464,0.0004205415974497243,0.000566100625705482,0.0007112828940994456,0.0009181797960294395,0.0010808717738807446,0.0027597332455451817
2026-04-20 00:00:00+00:00,230.69000244140625,-0.01501519065850232,2.3596070892091392e-06,0.0003070616489797247,0.0003427466408419567,0.00042730695935736885,0.0005684619482922163,0.0009008801427299037,0.0010577803660237995,0.0022151936449150054
2026-04-21 00:00:00+00:00,226.16000366210935,-0.019832098908159956,0.00022545595051117533,0.0002278155576003836,0.0005325175994909011,0.0006483571550501095,0.0007939161833058657,0.0010531726747544355,0.001211861867184469,0.0024303577551900357
2026-04-22 00:00:00+00:00,226.1000061035156,-0.0002653232992093635,0.0003933121471030393,0.0006187680976142138,0.000621127704703424,0.000961514738456172,0.0010460750569715827,0.001332410598802869,0.0015410236068633095,0.002741430701454374
2026-04-23 00:00:00+00:00,230.6499938964844,0.019923977262904735,7.039645310334143e-08,0.0003933825435561418,0.0006188384940673182,0.0009259001430470445,0.0010417396986062515,0.001187300442359534,0.0015393778971859674,0.002720283457995032
2026-04-24 00:00:00+00:00,227.5,-0.013751145150584954,0.00039696486997274486,0.0003970352664258473,0.0007903474135288878,0.0010181629711292729,0.0013585500048820195,0.001584263596834753,0.0019166835067699673,0.003108494371629461
2026-04-27 00:00:00+00:00,225.33999633789065,-0.009539881906468928,0.00018909399295245608,0.0005860588629252,0.0005861292593783045,0.0012048973569925199,0.0015119590059722446,0.0016322043163498868,0.0020326140812357797,0.0032822428211395824
2026-04-28 00:00:00+00:00,227.7899932861328,0.010813765934782893,9.100934678937323e-05,0.00028010333974182845,0.0006770682097145744,0.0010704507532707176,0.0012982663108711016,0.0017188079083208254,0.0020095492049705473,0.003368626782492779
2026-04-29 00:00:00+00:00,227.3500061035156,-0.001933415301958341,0.00011693753369227094,0.0002079468804816433,0.0003970408734341005,0.0007940761398599494,0.0014128442374741633,0.0017555908783161195,0.0019813061857663797,0.0034380820490847556
2026-04-30 00:00:00+00:00,229.8500061035156,0.010936241689218917,3.7380947298466633e-06,0.00012067562842211673,0.0002116849752114911,0.0007977438381366927,0.0011911263816928347,0.0017236439811837354,0.001985042564998701,0.0029961759464168193
2026-05-01 00:00:00+00:00,227.19000244140625,-0.01164026626663972,0.00011960138228500984,0.00012333947701485563,0.0002402770107071277,0.0005203803504489577,0.0009174156168748051,0.0015385433215782287,0.001963490673846388,0.0031035840951610136
2026-05-04 00:00:00+00:00,224.1999969482422,-0.013248185513645261,0.00013549579875827062,0.00025509718104327957,0.0002588352757731274,0.0004667821562547722,0.0010528410191799724,0.0016716795132472903,0.002094580717786224,0.0032372634909959676
2026-05-05 00:00:00+00:00,225.5500030517578,0.006003380358404087,0.00017551441940396014,0.0003110102181622299,0.0004306116004472409,0.0005512872288693591,0.0008313905686111878,0.001621737982140075,0.0021899405734932074,0.003323855087475717
2026-05-06 00:00:00+00:00,224.6199951171875,-0.004131813587910926,3.604057572767198e-05,0.0002115549951316313,0.000347050793889903,0.00047039027090476016,0.0006783371513864036,0.0012644664107647077,0.0021902961573586487,0.003359850540140677
2026-05-07 00:00:00+00:00,222.50999450683597,-0.009438044067479723,1.7071883525245363e-05,5.31124592529165e-05,0.00022862687865687776,0.0004837240597001588,0.0006043996881222758,0.0012814678978368497,0.0019026659989933774,0.003376516226164793
2026-05-08 00:00:00+00:00,221.32000732421875,-0.005362368606055767,8.907667581968919e-05,0.00010614855934493371,0.0001421891350726068,0.0004531993532348382,0.000576538830249694,0.000973579703683794,0.0019893830677238573,0.003080908436678057
2026-05-11 00:00:00+00:00,221.42999267578125,0.0004968282499149268,2.8754997067212474e-05,0.00011783167288690083,0.00013490355641214728,0.00034645855154378006,0.0006015557325870598,0.0008132407077985504,0.0017926821142798947,0.0031013694457610224
2026-05-12 00:00:00+00:00,224.25999450683597,0.012699589164944847,2.4683830991352896e-07,2.9001835377125163e-05,0.00011807851119681546,0.00017119097044973345,0.0004822011886119635,0.0007224781993190908,0.0013996168054867689,0.0030761652691247816
2026-05-13 00:00:00+00:00,230.4199981689453,0.02709765412519971,0.00016127956495838456,0.00016152640326829725,0.00019028140033551083,0.000296429959680446,0.0005079849548120774,0.0007668202305852044,0.00156082597399205,0.0031660703847326602
2026-05-14 00:00:00+00:00,230.8000030517578,0.0016478251931539845,0.0007342828590889529,0.0008955624240473367,0.0008958092623572513,0.0010136409352441535,0.0010667533944970701,0.0014973649949443107,0.0018981439631082582,0.003836202836397415
2026-05-15 00:00:00+00:00,226.7100067138672,-0.0178798505413873,2.715327867192966e-06,0.000736998186956145,0.0008982777519145307,0.0009272795872916573,0.0010334281466365914,0.0013804789405264938,0.001711765298022995,0.003837202058134162
2026-05-18 00:00:00+00:00,228.9199981689453,0.009700892227156643,0.0003196890553823477,0.0003224043832495398,0.0010566872423384938,0.0012182136456067925,0.0013360453184936936,0.0015646721971505708,0.0019404450066159696,0.0041372318531277645
2026-05-19 00:00:00+00:00,230.0,0.004706719380960678,9.410731000290818e-05,0.000413796365385255,0.00041651169325244904,0.0013120741172997872,0.0013410759526769126,0.001483265087749519,0.0019176147829266066,0.00415817574464403
2026-05-20 00:00:00+00:00,229.32000732421875,-0.0029608689441564806,2.2153207331110867e-05,0.00011626051733401818,0.00043594957271636694,0.0011729477596725136,0.001334474162940811,0.0014693777193529576,0.0019360298955278707,0.004066254728920535
2026-05-21 00:00:00+00:00,231.72999572753903,0.010454442413513121,8.766744904470313e-06,3.091995223558031e-05,0.00012502726223848957,0.000447431645488031,0.0013429940695353676,0.0014610725807321827,0.0018251952581473314,0.0039298409209285665
2026-05-22 00:00:00+00:00,234.33999633789065,0.011200154220123437,0.00010929536617746205,0.00011806211108193149,0.00014021531841304345,0.0005540116837983001,0.0012910098707544452,0.0014812912710899556,0.0017989948255665229,0.0040391345716085025
2026-05-26 00:00:00+00:00,230.17999267578125,-0.017911456891858357,0.00012544345455454885,0.00023473882073201004,0.00024350556563648143,0.0003597660829705012,0.0006821704662200412,0.0015779797285772918,0.0017489238607171114,0.004023424752725729
2026-05-27 00:00:00+00:00,231.2899932861328,0.0048107256586717995,0.00032082028798890023,0.0004462637425434482,0.0005555591087209114,0.0005864790609564933,0.0010002754263417485,0.0018985531782562785,0.0020337035729783397,0.004339839285896195
2026-05-28 00:00:00+00:00,230.8000030517578,-0.002120757523023542,2.314308136300322e-05,0.00034396336935190255,0.0004694068239064525,0.0005874689349883857,0.0007037294523224039,0.0017604166946608973,0.0020397747708160974,0.0042828278035622214
2026-05-29 00:00:00+00:00,225.3300018310547,-0.02398554536433295,4.497612471460949e-06,2.7640693834463302e-05,0.0003484609818233646,0.0005831998025553763,0.0006141197547909567,0.0010306314480434053,0.0019551957074678693,0.004251640424171451
2026-06-01 00:00:00+00:00,223.50999450683597,-0.00810987128694407,0.0005753063864244738,0.0005798039988959339,0.0006029470802589382,0.0010492108228023881,0.0011672729338843197,0.0016032225066006862,0.0025017470968251307,0.004522244768705409
2026-06-02 00:00:00+00:00,222.88999938964844,-0.002777757725440644,6.577001229079988e-05,0.0006410763987152728,0.0006455740111867348,0.0009895373805386392,0.0012242762012706493,0.0013493034635091382,0.0025672702708060173,0.004585655173907
2026-06-03 00:00:00+00:00,223.2400054931641,0.0015690770470246918,7.715937981245178e-06,7.348595027204419e-05,0.0006487923366965191,0.0006764330305309841,0.0011226967730744322,0.0012629120914874753,0.0024137066438288776,0.00436791516137707
2026-06-04 00:00:00+00:00,228.1699981689453,0.021843506605748075,2.462002779499727e-06,1.0177940760744038e-05,7.5947953051545e-05,0.0006557519519474806,0.0009997153212993831,0.0012432208869358643,0.0016818857875194246,0.00397706501705353
2026-06-05 00:00:00+00:00,232.7700042724609,0.019959902796307105,0.0004771387808353598,0.00047960078361485866,0.0004873167215961049,0.0011283931203113795,0.0011560338141458429,0.0017115929228667536,0.0021563092404875916,0.004454133401435786
2026-06-08 00:00:00+00:00,232.16000366210935,-0.002624055018874749,0.0003983977196380282,0.0008755365004733871,0.000877998503252888,0.0009514844535249338,0.001531288452420868,0.00200069527632732,0.002235017904743272,0.00445556625110107
2026-06-09 00:00:00+00:00,237.0,0.02063333622517849,6.88566474208176e-06,0.0004052833843801091,0.00088242216521547,0.0008926001059762158,0.0015336765046914886,0.0018821374865148528,0.0021477962594824455,0.004273357922890695
2026-06-10 00:00:00+00:00,238.4900054931641,0.006267262626156622,0.0004257345637812629,0.00043262022852334385,0.0008310179481613731,0.0013106187317762335,0.0013841046820482778,0.0019870517623072157,0.0025513776159325975,0.0046080831398825845
2026-06-11 00:00:00+00:00,238.3300018310547,-0.0006711281643267952,3.92785808252196e-05,0.00046501314460648164,0.0004718988093485645,0.0013474353098219534,0.0013576132505826975,0.0020031872617694317,0.002581889451853347,0.004530424187015533
2026-06-12 00:00:00+00:00,240.8699951171875,0.010601072996172967,4.5041301295265387e-07,3.972899383817138e-05,0.0004654635576194354,0.0008707469419995462,0.001350347725614405,0.0019991400623109233,0.0024730444986888374,0.004527136505298639
2026-06-15 00:00:00+00:00,235.66000366210935,-0.021867244768139393,0.00011238274867018768,0.00011283316168313946,0.00015211174250836016,0.0005847319710317057,0.0014602684715050928,0.0015362164245566374,0.002459983792804476,0.004519917871683817
2026-06-16 00:00:00+00:00,235.17999267578125,-0.0020389565727594317,0.00047817639374971965,0.0005905591424199064,0.0005910095554328602,0.0010560227000393435,0.0014613060844194527,0.0019486228060155574,0.0026173398985652957,0.004862598466675266
2026-06-17 00:00:00+00:00,234.1999969482422,-0.004175709119181192,4.157343905598887e-06,0.0004823337376553177,0.0005947164863255065,0.0006344454801636796,0.0010670657086870234,0.001945064211939911,0.0025983541611078916,0.004691241391176905
2026-06-18 00:00:00+00:00,228.38999938964844,-0.025120746819232487,1.743654664801297e-05,2.159389055361099e-05,0.0004997702843033318,0.000612603445986473,0.0010776165905929547,0.001960038755808424,0.0026112930952844433,0.004672637362097247
2026-06-22 00:00:00+00:00,231.2899932861328,0.012617614065667304,0.0006310519207559792,0.0006484884674039913,0.0006526458113095913,0.0012432049537294994,0.0012829339475676708,0.0021139518957290437,0.002667038629615949,0.00528661739932798
2026-06-23 00:00:00+00:00,239.0800018310547,0.03312592623531696,0.0001592041847101254,0.0007902561054661037,0.0008076926521141179,0.001290026389769437,0.0014028595514525768,0.0018747583608011407,0.0027604728020352745,0.005356744908218416
2026-06-24 00:00:00+00:00,241.0,0.007998701875848724,0.0010973269889476606,0.0012565311736577852,0.0018875830944137654,0.0019091769849673781,0.0024997361273872845,0.0029651996850067197,0.0038500838530016895,0.006425316900098864
2026-06-25 00:00:00+00:00,244.8800048828125,0.015971381086115066,6.39792316987059e-05,0.0011613062206463653,0.001320510405356492,0.001968998872760485,0.0024513326104158026,0.0026034443529241624,0.003911601081920896,0.006489049293487656
2026-06-26 00:00:00+00:00,254.66000366210935,0.039161021948906694,0.0002550850137979141,0.0003190642454966189,0.0014163912344442807,0.0022066473399103862,0.002228241230463997,0.002819250785896857,0.00368954731488345,0.006582854742327186
2026-06-29 00:00:00+00:00,258.510009765625,0.015005079170692603,0.0015335856400827518,0.001788670653880665,0.001852649885579372,0.0031091810592371585,0.00375766952664115,0.004352386012966656,0.004824735235328174,0.007382157523320985
2026-06-30 00:00:00+00:00,253.97000122070312,-0.01771826108313057,0.00022515240091875303,0.0017587380410015038,0.0020138230547994194,0.0031751292754457865,0.003965385380911891,0.004465155665215222,0.005043001971504845,0.007604594596372545
2026-07-01 00:00:00+00:00,253.97999572753903,3.9352325611474726e-05,0.0003139367758099793,0.0005390891767287312,0.0020726748168114844,0.0023917390623081052,0.0036482702359658904,0.0043009160472754805,0.004931204183533561,0.007598842316800176
2026-07-02 00:00:00+00:00,263.0400085449219,0.035050637414220986,1.5486055310315296e-09,0.00031393832441550926,0.0005390907253342636,0.00232776137921493,0.003489067599861296,0.004296760251975413,0.004891927151313873,0.007504736555402799
2026-07-06 00:00:00+00:00,259.3299865722656,-0.014204814174395786,0.001228547183143188,0.001228548731748718,0.0015424855075586988,0.003301223548560204,0.0036202877940568236,0.0055078708884705885,0.006120023921444108,0.008711130531214877
2026-07-07 00:00:00+00:00,267.239990234375,0.030045764336072978,0.00020177674572911542,0.0014303239288723023,0.001430325477477835,0.001969414654206568,0.003758085308087233,0.005078595713443724,0.006209417918503036,0.008904140532039521
2026-07-08 00:00:00+00:00,263.3999938964844,-0.014473328377609285,0.0009027479545388349,0.001104524700267949,0.0023330718834111384,0.00264701020782665,0.0044057482488281535,0.005822139483272435,0.006633989479292151,0.009697593120400895
2026-07-09 00:00:00+00:00,259.1000061035156,-0.01645965501247293,0.0002094772343261102,0.0011122251888649438,0.0013140019345940608,0.0025425506663427806,0.0030816398430715125,0.004934289728650884,0.006839309369712662,0.009781626900172457
2026-07-10 00:00:00+00:00,256.9800109863281,-0.008215807517647278,0.0002709202431296252,0.00048039747745573416,0.0013831454319945704,0.0028134693608668753,0.0031274076852823842,0.005141230740081803,0.007092793066194275,0.009731726855313181
2026-07-13 00:00:00+00:00,257.7699890136719,0.0030693682274645084,6.749949316702952e-05,0.0003384197362966535,0.0005478969706227652,0.0016524216708907165,0.002880970402639435,0.004953645219450919,0.006529240638605325,0.009776083267117208
2026-07-14 00:00:00+00:00,253.8500061035156,-0.015324106397292425,9.421021315768618e-06,7.692051448279685e-05,0.0003478407576124236,0.0014600659464773695,0.0028903898753496722,0.0034294806006839357,0.0063794574752109685,0.009781006675961514
2026-07-15 00:00:00+00:00,247.0200042724609,-0.027274243131310882,0.00023482823687553863,0.00024424925819130594,0.000311748751358337,0.0007921462288140733,0.0018966709290820227,0.003439156436640721,0.005516958723138846,0.00944052852641258
2026-07-16 00:00:00+00:00,249.97000122070312,0.011871593239188627,0.0007438843383858588,0.000978712575261396,0.0009881335965771663,0.001326553332873822,0.0024387785217387663,0.0038691039992166006,0.006196863829825999,0.010118642852507638
2026-07-17 00:00:00+00:00,253.0399932861328,0.012206636919494862,0.00014093472603674912,0.0008848190644226066,0.0011196473012981467,0.0011965678157809458,0.0016769652932366805,0.004010037176647819,0.006082713542064835,0.010251861640563143
2026-07-20 00:00:00+00:00,248.82000732421875,-0.016817779542407152,0.00014900198488437502,0.00028993671092112283,0.0010338210493069833,0.0012780703074982912,0.0016164900437949453,0.0029304919783890056,0.0046981298868664575,0.01039840162266802
2026-07-21 00:00:00+00:00,250.6100006103516,0.007168175408970967,0.0002828377087370085,0.0004318396936213822,0.0005727744196581329,0.0015514869949195312,0.0016284075094023286,0.0030115529413968986,0.004755815194684713,0.010204100550569667
2026-07-22 00:00:00+00:00,255.6300048828125,0.019833157277940217,5.1382738693776094e-05,0.0003342204474307833,0.00048322243231515986,0.0013680414967377687,0.001612290754929075,0.00216018772555184,0.00449326115756851,0.009857085569625416
2026-07-23 00:00:00+00:00,259.2699890136719,0.014138841763259968,0.000393354127611513,0.0004447368663052878,0.0007275745750422978,0.0010175112859634229,0.0019962238612248194,0.0023440646188372426,0.004886613736574492,0.010243554032494846
2026-07-24 00:00:00+00:00,263.3999938964844,0.015803818764811517,0.00019990684640650426,0.000593260974018016,0.0006446437127117935,0.001076483406333178,0.0019613024707557853,0.0022730512221141217,0.003857973399837808,0.010017726315120087
2026-07-27 00:00:00+00:00,265.95001220703125,0.009634600950909622,0.0002497606875510086,0.00044966753395751156,0.0008430216615690261,0.0011772421089998116,0.0014671788199209347,0.002455312416498101,0.0039059573416597012,0.010228208421845875
2026-07-28 00:00:00+00:00,266.7300109863281,0.002928584902056386,9.282553548326859e-05,0.0003425862230342759,0.0005424930694407817,0.0009872299357460716,0.0014190696293674542,0.0025387169306656005,0.003096034922604135,0.010320583544316192
2026-07-29 00:00:00+00:00,265.5299987792969,-0.004509127938441715,8.576609528552611e-06,0.0001014021450118199,0.00035116283256283,0.0009444238065808482,0.0012786442540116318,0.0023124653033186147,0.0028951342978065773,0.010216777405174559
2026-07-30 00:00:00+00:00,255.82000732421875,-0.03725372325005605,2.033223476523563e-05,2.890884429378694e-05,0.00012173437977705705,0.0005714019137345707,0.001016138780039859,0.0015889131996979916,0.0026445462894421875,0.009758933246190073
2026-07-31 00:00:00+00:00,256.3500061035156,0.002069621237407837,0.0013878398959917665,0.0014081721307570008,0.001416748740285555,0.001759334963319833,0.0023525959373378496,0.002835818369653009,0.003964886692266925,0.01114261579827624
2026-08-03 00:00:00+00:00,254.41000366210935,-0.007596568774975054,4.283332066329547e-06,0.0013921232280580949,0.0014124554628233321,0.001513857607835154,0.001963525141792666,0.0026910997168349635,0.003959749003017486,0.011129462583694558
2026-08-04 00:00:00+00:00,254.92999267578125,0.0020418156754384853,5.7707857152926e-05,6.199118921925423e-05,0.0014498310852110222,0.0014787399295048112,0.0018213261525390878,0.002465969865250881,0.003782628623294873,0.010556118520091504
2026-08-05 00:00:00+00:00,257.5899963378906,0.01038019044461791,4.169011252466318e-06,6.187686840539102e-05,6.616020047172207e-05,0.001474332331228725,0.0015757344762405456,0.0024187561378095713,0.0030429132961614807,0.010401083346633845
2026-08-06 00:00:00+00:00,256.9800109863281,-0.0023708557770776295,0.00010774835366653695,0.00011191736491900196,0.00016962522207192947,0.0015617484501300265,0.001590657294423814,0.002133150363864595,0.0030097269237912686,0.009411504711352721
2026-08-07 00:00:00+00:00,259.239990234375,0.008755932282286771,5.62095711570237e-06,0.00011336931078223802,0.00011753832203470584,0.00017952951125396226,0.0015877016420109637,0.0019388644745737932,0.0028663458960225957,0.009353146436769717
2026-08-10 00:00:00+00:00,261.8099975585937,0.009864804628916701,7.666635013199162e-05,8.22873072476927e-05,0.00019003566091423116,0.00025191252931962434,0.0016440357573777196,0.0017657701371547763,0.0026601745374175787,0.009174727773103795
2026-08-11 00:00:00+00:00,259.79998779296875,-0.007706983267987688,9.731437036669637e-05,0.0001739807204986867,0.0001796016776143906,0.00029151904253339473,0.0003535102317526494,0.001770258972038204,0.0027061061690904988,0.00773845650338774
2026-08-12 00:00:00+00:00,260.8599853515625,0.0040717515374986135,5.939759109304219e-05,0.00015671196145973726,0.0002333783115917304,0.00034674762237397056,0.00040862449077936204,0.0018210799536026937,0.0023721496325720282,0.007572701693562029
2026-08-13 00:00:00+00:00,262.0799865722656,0.004665940641720212,1.6579160583122322e-05,7.597675167616321e-05,0.00017329112204286112,0.00025557842929055597,0.0003674957942095583,0.0018173268794205802,0.002188821946748646,0.007275344078335173
2026-08-14 00:00:00+00:00,260.3500061035156,-0.006622846377044134,2.1771002072056423e-05,3.8350162655177444e-05,9.774775374822114e-05,0.00027172847424691,0.00038509778502914845,0.0004512579855008701,0.0019608322612696943,0.007297113531801698
2026-08-17 00:00:00+00:00,262.3699951171875,0.007728799602736203,4.386209413392661e-05,6.563309620598173e-05,8.221225678910557e-05,0.000238924218248845,0.00032121152549653817,0.0004908367475684671,0.0019118688199203523,0.006112428442792436
2026-08-18 00:00:00+00:00,271.1099853515625,0.03276888589548399,5.973434329925528e-05,0.0001035964374331806,0.00012536743950523853,0.00020134419118140388,0.0003753249116800911,0.0004928632337147964,0.001963026553691055,0.005970386040362576
2026-08-19 00:00:00+00:00,273.4100036621094,0.008447924909291693,0.0010737998828312496,0.0011335342261305035,0.0011773963202644318,0.0012157464829196112,0.0013724584443793489,0.0015624941052935796,0.0030164942017570687,0.006141437968654991
2026-08-20 00:00:00+00:00,267.3699951171875,-0.022339064821840005,7.136743527303106e-05,0.0011451673181042793,0.0012049016614035363,0.00127053475760952,0.0013465115092856838,0.0015261131869000737,0.0017000217410383333,0.006003328169601911
2026-08-21 00:00:00+00:00,270.239990234375,0.010676968284548671,0.0004990338171143696,0.0005704012523873994,0.0016442011352186506,0.0017477975726518332,0.001786147735307011,0.002019526046898741,0.0021947722260863734,0.006231441743586656
2026-08-24 00:00:00+00:00,273.0400085449219,0.010307918971315999,0.0001139976517492582,0.0006130314688636265,0.0006843989041366591,0.001817933130267165,0.001883566226473147,0.0020568573485160073,0.0022510620206827054,0.0062779399021688845
2026-08-25 00:00:00+00:00,273.1400146484375,0.00036620198610926025,0.00010625319351921629,0.00022025084526847318,0.0007192846623828444,0.0018644519804871258,0.001968048417920307,0.0020657961716685274,0.002353146202949456,0.006374772074372333
2026-08-26 00:00:00+00:00,270.0,-0.011562578881679997,1.3410389463036682e-07,0.00010638729741384535,0.00022038494916310508,0.0007907862015505067,0.0019243204276810108,0.0020065326844701157,0.002245531953177549,0.006140077941391424
2026-08-27 00:00:00+00:00,265.7699890136719,-0.015790727244053393,0.00013369323039507224,0.0001338273342897013,0.00024008052780891912,0.0008531119966725478,0.001998279314776828,0.0021236467542820655,0.002373604226456919,0.005529886833400637
2026-08-28 00:00:00+00:00,268.0400085449219,0.008505023229926856,0.0002493470668960901,0.00038304029729116105,0.00038317440118579293,0.0006034252464542683,0.0011738264988416683,0.0023512228191060994,0.002546284943221017,0.005638299174259978
2026-08-31 00:00:00+00:00,265.8500061035156,-0.008203992075407562,7.233542014159544e-05,0.0003216824870376842,0.000455375717432758,0.0005617630148466056,0.0011747944837102327,0.0023796961451137684,0.002521305992995916,0.005561632609517198
2026-09-01 00:00:00+00:00,271.19000244140625,0.019887428323793088,6.730548597335008e-05,0.00013964090611494416,0.0003889879730110358,0.0005228153073007394,0.0007430661525692131,0.002387267287787863,0.002529213887876224,0.00534610038675354
2026-09-02 00:00:00+00:00,275.2099914550781,0.014714720326942654,0.00039550980533400754,0.00046281529130735627,0.0005351507114489532,0.0009181910087401165,0.0010245783061539624,0.0017089772102906208,0.002908144532627109,0.005690227453393772
2026-09-03 00:00:00+00:00,278.42999267578125,0.01163224341041147,0.00021652299430013932,0.0006120327996341456,0.0006793382856074971,0.0010010207726451835,0.0011348481069348854,0.0018541327693177292,0.0031028965248551922,0.0055133963200823975
2026-09-04 00:00:00+00:00,275.2300109863281,-0.011559503307330132,0.00013530908675906105,0.000351832081059199,0.0007473418863932081,0.0008869827925081545,0.0012700230897993163,0.0014904080389624205,0.003194343517480327,0.005448798560434955
2026-09-08 00:00:00+00:00,269.1199951171875,-0.022449793021700692,0.00013362211671217626,0.000268931203471236,0.0004854541977713768,0.0009482694890787354,0.0012699519761164204,0.0015100325039253387,0.0032682312908932478,0.005332659989596122
2026-09-09 00:00:00+00:00,267.0799865722656,-0.007609169927366821,0.0005039932067172011,0.000637615323429376,0.0007729244101884386,0.0013849572098225864,0.0015245981159375311,0.0019077725171233236,0.0026984246147791994,0.005743827660830055
2026-09-10 00:00:00+00:00,266.3500061035156,-0.002736932435187356,5.789946698354359e-05,0.0005618926737007433,0.000695514790412921,0.0010473468714721225,0.0015101621627794794,0.0019655378802122367,0.0026849566464897117,0.005793150518285046
2026-09-11 00:00:00+00:00,265.5799865722656,-0.002895193276258645,7.49079915478059e-06,6.539026613832288e-05,0.0005693834728555255,0.0008383146763267636,0.0014503474759609096,0.001839335448971945,0.002193413628530123,0.005780309082674591
2026-09-14 00:00:00+00:00,266.32000732421875,0.002782557766196625,8.382144106893269e-06,1.5872943261672556e-05,7.377241024521766e-05,0.0007113877336745959,0.0010632198147337956,0.0015983705261827482,0.0020877981208877582,0.0044008513307897176
2026-09-15 00:00:00+00:00,267.20001220703125,0.003298866579145354,7.742627722221152e-06,1.6124771829113117e-05,2.3615570983895226e-05,0.0005855082446846408,0.0008544394481558774,0.001533777733763374,0.0019892875550907626,0.00440431062644561
2026-09-16 00:00:00+00:00,267.2799987792969,0.0002993061338827374,1.0882520707002171e-05,1.8625148429222023e-05,2.7007292536116805e-05,9.239755867444186e-05,0.0007300128821038185,0.001477354768497026,0.0020000359719031346,0.004357485289999685
2026-09-17 00:00:00+00:00,270.2200012207031,0.01093965306788558,8.958416177983113e-08,1.0972104868780702e-05,1.871473259100337e-05,3.4587675852678096e-05,0.0005964803495534222,0.0010819345473247982,0.0018664323256698421,0.004353405862908999
2026-09-18 00:00:00+00:00,269.989990234375,-0.0008515614441266806,0.00011967600924569837,0.0001197655934074769,0.0001306481141144806,0.00014677288594359587,0.0002121631520819194,0.0009850875622703574,0.0017367612680194505,0.00436533351848816
2026-09-21 00:00:00+00:00,269.4700012207031,-0.0019278136764606657,7.251568931231177e-07,0.00012040116613882019,0.00012049075030060154,0.00013911589872982573,0.00015498884199149896,0.0008505036324044195,0.001665151004770978,0.004360437718265581
