datetime,close,log_return,RV_1d,RV_2d,RV_3d,RV_5d,RV_7d,RV_10d,RV_14d,RV_30d
2021-09-22 00:00:00+00:00,155.91000366210938,,,,,,,,,
2021-09-23 00:00:00+00:00,161.17999267578125,0.03324276627805478,,,,,,,,
2021-09-24 00:00:00+00:00,163.0399932861328,0.011473820840024018,0.0011050815098173762,,,,,,,
2021-09-27 00:00:00+00:00,166.97999572753906,0.023878490884040815,0.00013164856466896946,0.0012367300744863456,,,,,,
2021-09-28 00:00:00+00:00,166.0800018310547,-0.005404408176531206,0.0005701823268992203,0.0007018308915681898,0.001806912401385566,,,,,
2021-09-29 00:00:00+00:00,165.9499969482422,-0.0007830912262987155,2.9207627738557353e-05,0.0005993899546377778,0.0007310385193067472,,,,,
2021-09-30 00:00:00+00:00,163.69000244140625,-0.013712109705282138,6.132318687060261e-07,2.982085960726338e-05,0.0006000031865064838,0.0018367332609928295,,,,
2021-10-01 00:00:00+00:00,167.1300048828125,0.02079757184541009,0.0001880219525696926,0.00018863518443839862,0.000217842812176956,0.0009196737037451458,,,,
2021-10-04 00:00:00+00:00,166.9499969482422,-0.001077633806297662,0.00043253899466499446,0.0006205609472346871,0.0006211741791033931,0.0012205641337411709,0.0024572942082275165,,,
2021-10-05 00:00:00+00:00,168.66000366210938,0.010190527749273315,1.161294620475587e-06,0.00043370028928547006,0.0006217222418551626,0.0006515431014624261,0.0013533739930306158,,,
2021-10-06 00:00:00+00:00,169.02000427246094,0.0021322005347137463,0.00010384685580870946,0.00010500815042918504,0.0005375471450941795,0.0007261823295325782,0.001325572284170356,,,
2021-10-07 00:00:00+00:00,170.08999633789062,0.006310610801399719,4.546279120233586e-06,0.00010839313492894305,0.00010955442954941862,0.0007301153767841058,0.0007599362363913691,0.002566848637776935,,
2021-10-08 00:00:00+00:00,170.22000122070312,0.0007640380245623746,3.98238086867428e-05,4.437008780697639e-05,0.00014821694361568584,0.000581917232901156,0.0007705524173395545,0.0015015909366463017,,
2021-10-11 00:00:00+00:00,166.63999938964844,-0.021255931930119765,5.837541029771757e-07,4.040756278971998e-05,4.4953841909953565e-05,0.0001499619923391387,0.0007705229395738257,0.0013705261260803096,,
2021-10-12 00:00:00+00:00,165.36000061035156,-0.0077108742254612395,0.0004518146422178849,0.0004523983963208621,0.0004922222050076049,0.000600615339936548,0.0010343156292220179,0.001252158441398974,,
2021-10-13 00:00:00+00:00,161.0,-0.026720554080096548,5.9457581320882467e-05,0.0005112722235387674,0.0005118559776417445,0.000556226065448721,0.000661234215877906,0.001282408394981299,0.0031185284241054224,
2021-10-14 00:00:00+00:00,163.47000122070312,0.015225129746097465,0.0007139880103473643,0.0007734455916682467,0.0012252602338861315,0.0012656677966758519,0.0013740609316047947,0.0019957831734599574,0.0027274349246354107,
2021-10-15 00:00:00+00:00,166.61000061035156,0.019026260873771683,0.00023180457578550188,0.0009457925861328662,0.0010052501674537486,0.0014576485637746107,0.001502018651581587,0.0020395657966757667,0.002827590935751943,
2021-10-18 00:00:00+00:00,166.5500030517578,-0.00036017264127075066,0.00036199860283681523,0.0005938031786223171,0.0013077911889696815,0.001819063412508449,0.0018594709752981688,0.0019690254048475874,0.0026194072116895377,
2021-10-19 00:00:00+00:00,168.57000732421875,0.012055554278277647,1.2972433151994883e-07,0.00036212832716833515,0.0005939329029538371,0.0013673784946220838,0.0018197768909429459,0.0019679938345586317,0.0025903293082825004,
2021-10-20 00:00:00+00:00,170.83999633789062,0.013376287296025247,0.00014533638895649847,0.00014546611328801842,0.0005074647161248336,0.0014532573022576999,0.001964529525796467,0.0020094833677064207,0.0027350524653702926,
2021-10-21 00:00:00+00:00,169.5,-0.007874497716859885,0.0001789250618258064,0.0003242614507823049,0.00032439117511382485,0.000918194353736142,0.0016916399454043887,0.002183862150411993,0.0027259555746264067,
2021-10-22 00:00:00+00:00,171.77999877929688,0.013361654411373713,6.200771429283154e-05,0.00024093277611863796,0.0003862691650751364,0.0007483974922434716,0.0016941900783763377,0.0022060460560180822,0.002355424294254244,
2021-10-25 00:00:00+00:00,170.94000244140625,-0.004901949211765455,0.00017853380860898262,0.00024054152290181415,0.00041946658472762056,0.0005649326980156391,0.001158735876637956,0.0023839961105240875,0.002532796808242751,
2021-10-26 00:00:00+00:00,171.39999389648438,0.002687338533790218,2.4029106074727967e-05,0.00020256291468371057,0.0002645706289765421,0.0005888320797588471,0.0009509604069271821,0.0019562105743809307,0.0024529790585087695,
2021-10-27 00:00:00+00:00,167.8300018310547,-0.021048397323640167,7.2217883951937575e-06,3.125089446992172e-05,0.00020978470307890434,0.0004507174791975424,0.0005961835924855607,0.001903974781455242,0.0024556545677837296,
2021-10-28 00:00:00+00:00,170.36000061035156,0.014962275407466308,0.00044303502989382254,0.0004502568182890163,0.00047428592436374426,0.0007148274472655585,0.0010390888980478631,0.0016330218010017004,0.002858865788990809,
2021-10-29 00:00:00+00:00,169.88999938964844,-0.0027626834365337416,0.00022386968536887108,0.0006669047152626936,0.0006741265036578874,0.0008766894183415981,0.0011176221944602359,0.0016250869105850696,0.0030821517202567032,
2021-11-01 00:00:00+00:00,169.8000030517578,-0.0005298733512875131,7.632419770497885e-06,0.00023150210513936897,0.0006745371350331913,0.0007057880295031133,0.0009463295524049273,0.001270720727518752,0.0026379694978093163,
2021-11-02 00:00:00+00:00,170.47000122070312,0.003938043473734609,2.807657684046603e-07,7.913185538902546e-06,0.00023178287090777356,0.00068203968919679,0.0008846026038805006,0.0012708717689556368,0.002578792682256838,
2021-11-03 00:00:00+00:00,170.52999877929688,0.0003518918428904172,1.5508186401023748e-05,1.578895216942841e-05,2.3421371939926237e-05,0.00069032608720262,0.0007215769816725417,0.0011410435664001622,0.0018803128583104976,
2021-11-04 00:00:00+00:00,168.2899932861328,-0.013222585336181147,1.2382786909281405e-07,1.563201427011656e-05,1.5912780038521164e-05,0.0002474148851778903,0.0006976717034669064,0.0009622423324434485,0.0016486321103940885,0.005712953120632377
2021-11-05 00:00:00+00:00,168.0500030517578,-0.0014270694994165112,0.0001748367629725927,0.00017496059084168552,0.00019046877724270922,0.00019838196278161192,0.0008652866780443054,0.0010750713811232097,0.001461470270529866,0.004782708373787593
2021-11-08 00:00:00+00:00,169.05999755859375,0.005992094728782149,2.036527356164892e-06,0.0001768732903287576,0.00017699711819785035,0.00019278607036727892,0.0004242881755066478,0.0008985740998703921,0.001463377073554511,0.004653096336474789
2021-11-09 00:00:00+00:00,167.77999877929688,-0.007600076917186449,3.590519923869882e-05,3.794172659486371e-05,0.00021277848956745635,0.00022841050383757308,0.00023632368937647554,0.000910450193034363,0.0013539458838367116,0.004118819208814267
2021-11-10 00:00:00+00:00,167.6199951171875,-0.0009541066020215538,5.776116914715028e-05,9.36663683858491e-05,9.570289574201393e-05,0.00027066348658369964,0.00028645243875312793,0.0009609895737863193,0.0012327819911580552,0.00414737275022286
2021-11-11 00:00:00+00:00,167.61000061035156,-5.962775984347246e-05,9.103194080211158e-07,5.867148855517139e-05,9.457668779387017e-05,0.0002714499781226279,0.0002870819923927444,0.0005188648633005179,0.0011716845962732448,0.004147669837762176
2021-11-12 00:00:00+00:00,166.86000061035156,-0.004484714648871346,3.5554697439508268e-09,9.138748777650666e-07,5.867504402491529e-05,9.661677061977917e-05,0.00027157736146146455,0.00029499873340139087,0.0009931543431340062,0.003959651440662227
2021-11-15 00:00:00+00:00,166.55999755859375,-0.0017995509229544737,2.0112665481801243e-05,2.0116220951545195e-05,2.1026540359566257e-05,0.00011469290874541553,0.000291566199074173,0.0003074789791126942,0.0009892379025410794,0.0035472251114790337
2021-11-16 00:00:00+00:00,165.36000061035156,-0.007230671144280443,3.2383835243062983e-06,2.3351049006107543e-05,2.335460447585144e-05,8.202609303102299e-05,0.0001199678196258866,0.00031043659686859587,0.000985254497670192,0.0035493022003828647
2021-11-17 00:00:00+00:00,164.47000122070312,-0.0053967288893410625,5.2282605196729846e-05,5.5520988721036146e-05,7.563365420283733e-05,7.654752908060257e-05,0.00017021389746645156,0.00034721101566430193,0.0005945020729730994,0.003497737949770885
2021-11-18 00:00:00+00:00,163.0500030517578,-0.008671269223191835,2.912468270504842e-05,8.140728790177827e-05,8.464567142608452e-05,0.00010476189237762986,0.00016343338093280114,0.0003762118705002576,0.00039975707030927667,0.0035223163533557
2021-11-19 00:00:00+00:00,160.9199981689453,-0.013149585249103701,7.519090994107394e-05,0.00010431559264612236,0.00015659819784285216,0.00017994924684895986,0.0001808631217267248,0.0002765660174687388,0.00046731556047985274,0.0035576834546100305
2021-11-22 00:00:00+00:00,164.35000610351562,0.021091001544607302,0.00017291159222344564,0.0002481025021645196,0.0002772271848695679,0.00033274817359060425,0.0003528643945421493,0.00044744108233601954,0.0006399463869348937,0.0037300112927304992
2021-11-23 00:00:00+00:00,168.27999877929688,0.023630914220789556,0.0004448303461546276,0.0006177419383780732,0.0006929328483191472,0.0007743401362209255,0.000797691185227033,0.0008563662292519483,0.0010692685466884976,0.0037230269966672417
2021-11-24 00:00:00+00:00,166.9600067138672,-0.007874948486946032,0.000558420106910314,0.0010032504530649417,0.0011761620452883873,0.0012804776379345098,0.0013359986266555457,0.0013570251670151122,0.0016275648257297187,0.0042219895222566734
2021-11-26 00:00:00+00:00,161.92999267578125,-0.030590205126766357,6.20148136720536e-05,0.0006204349205823677,0.0010652652667369953,0.001313367768901515,0.0013947750568032932,0.0014181296612791447,0.0015147428764291796,0.003570016325581363
2021-11-29 00:00:00+00:00,161.22999572753906,-0.004332207378127784,0.0009357606496976427,0.0009977754633696961,0.00155619557028001,0.002173937508658084,0.002278253101304206,0.0023538867555070436,0.002448466998770657,0.004273972399493503
2021-11-30 00:00:00+00:00,158.8300018310547,-0.014997431101022585,1.8768020767104806e-05,0.0009545286704647475,0.0010165434841368011,0.002019793937201743,0.0022678964393662623,0.002352542110792347,0.0024313298202990634,0.003930741817423793
2021-12-01 00:00:00+00:00,157.88999938964844,-0.005935875207335961,0.00022492293962991948,0.0002436909603970243,0.0011794516100946668,0.0017998865306770348,0.002417628469055108,0.00257422666689796,0.002598491590781833,0.004155535032722193
2021-12-02 00:00:00+00:00,161.2100067138672,0.02080932036650207,3.523461447706574e-05,0.00026015755410698524,0.0002789255748740899,0.0012767010382437865,0.0022799514913087278,0.002557178676178296,0.0026328158858508776,0.00404543325824276
2021-12-03 00:00:00+00:00,158.2899932861328,-0.018279153251957503,0.0004330278141157179,0.00046826242859278366,0.000693185368222703,0.0016477140386874508,0.0022681489592698183,0.0029610818075889657,0.0030658401444968513,0.004299536010532672
2021-12-06 00:00:00+00:00,160.16000366210938,0.011744587149562946,0.00033412744360854853,0.0007671552577242665,0.000802389872201332,0.0010460808325983566,0.0020438562959680527,0.00322001834125644,0.0033798549226235985,0.004571655739848388
2021-12-07 00:00:00+00:00,162.57000732421875,0.014935384866610946,0.0001379353273136791,0.0004720627709222277,0.0009050905850379453,0.001165248139144931,0.002119776809609678,0.0031850420763466737,0.003514551866412971,0.004531057258553085
2021-12-08 00:00:00+00:00,160.7100067138672,-0.011507182961573825,0.00022306572111379126,0.0003610010484274704,0.0006951284920360187,0.0011633909206288028,0.001407081881025827,0.002963277451305837,0.0036853349823300326,0.004730093873592148
2021-12-09 00:00:00+00:00,160.4600067138672,-0.0015568081703811742,0.00013241525971113496,0.0003554809808249263,0.0004934163081386052,0.0012605715658628718,0.001520729119969857,0.002537272604106658,0.0037886255593361194,0.00485528734490809
2021-12-10 00:00:00+00:00,159.82000732421875,-0.003996504392645761,2.4236516793655793e-06,0.00013483891139050058,0.0003579046325042917,0.0008299674034265197,0.001298229832019303,0.00247768144211397,0.003715858301074411,0.004414675966693633
2021-12-13 00:00:00+00:00,157.9199981689453,-0.011959663683891897,1.5972047360436864e-05,1.8395699039802496e-05,0.00015081095875093728,0.0005118120071784079,0.0012789672649026742,0.0015578928397767644,0.003558918756211402,0.004206778328685198
2021-12-14 00:00:00+00:00,159.1300048828125,0.007632944816169385,0.0001430335554318027,0.0001590056027922396,0.00016142925447160502,0.0005169102352965316,0.000988973006218759,0.001682158374441462,0.003257121965488577,0.004342179464346503
2021-12-15 00:00:00+00:00,157.94000244140625,-0.00750627937927284,5.826184656668708e-05,0.00020129540199848982,0.00021726744935892653,0.00035210636074942743,0.0007131074091768976,0.0015154972813782297,0.00275696370514495,0.004400160545144785
2021-12-16 00:00:00+00:00,160.41000366210938,0.015517830931188747,5.634423011969665e-05,0.00011460607668638379,0.0002576396321181863,0.00027603533115798905,0.0006315163119829151,0.0015366068970208606,0.002751293121592593,0.004440996588863458
2021-12-17 00:00:00+00:00,156.75999450683594,-0.023017122168875304,0.00024080307680895822,0.0002971473069286549,0.00035540915349534187,0.0005144147562875818,0.0006492536676780821,0.001344382159714101,0.002056335548703909,0.004681675837803324
2021-12-20 00:00:00+00:00,153.94000244140625,-0.01815300632391903,0.000529787912936931,0.0007705909897458892,0.0008269352198655858,0.0010282306218640758,0.0010466263209038783,0.0015400426290424834,0.0025673554408737354,0.005036626987767662
2021-12-21 00:00:00+00:00,156.08999633789062,0.013869808543159223,0.0003295316385962443,0.0008593195515331753,0.0011001226283421334,0.0012147287050285175,0.0013737343078207569,0.0017316389403250487,0.00267196413984006,0.005364122099007742
2021-12-22 00:00:00+00:00,156.6999969482422,0.003900389378015845,0.0001923715890238926,0.0005219032276201369,0.0010516911405570677,0.001348838447485723,0.0015501338494842126,0.00170094480823515,0.0028291011143868863,0.005520588488792935
2021-12-23 00:00:00+00:00,157.25999450683594,0.003567321746096752,1.521303730013883e-05,0.00020758462632403143,0.0005371162649202756,0.001307707254666165,0.0014223133313525488,0.0015837425858241537,0.0024112863375713076,0.005478040356945923
2021-12-27 00:00:00+00:00,158.16000366210938,0.005706750383911441,1.272578444017478e-05,2.7938821740313608e-05,0.00022031041076420608,0.0010796299622973817,0.0013767772692260365,0.001594044718584963,0.002089884678402934,0.005489855821978078
2021-12-28 00:00:00+00:00,158.63999938964844,0.003030278347319282,3.256699994427338e-05,4.5292784384448154e-05,6.050582168458688e-05,0.000582409049304724,0.0013530000390506133,0.0016106396711687994,0.001984516351033528,0.005522419266452607
2021-12-29 00:00:00+00:00,158.55999755859375,-0.000504425179828516,9.182586862232079e-06,4.174958680650545e-05,5.447537124668012e-05,0.0002620599975707119,0.001121379549103887,0.001476788702599229,0.001770633216781969,0.005511489187833037
2021-12-30 00:00:00+00:00,158.47999572753906,-0.0005046797530079417,2.5444476204503066e-07,9.437031624277102e-06,4.200403156855038e-05,6.994285330886431e-05,0.0005918460809290011,0.001418781300794587,0.001638472401832879,0.0055085052490707765
2021-12-31 00:00:00+00:00,158.35000610351562,-0.0008205639021934275,2.54701653096157e-07,5.09146415141181e-07,9.691733277373157e-06,5.4984517661821646e-05,0.00026256914398585296,0.0013626917723279864,0.0016363034518066097,0.005456477345527143
2022-01-03 00:00:00+00:00,161.6999969482422,0.020934936180989183,6.733251175829048e-07,9.28026770679055e-07,1.182471532723984e-06,4.2932058339229764e-05,7.087088007954326e-05,0.001122562020636611,0.0016210047295637557,0.0054280259879396775
2022-01-04 00:00:00+00:00,167.8300018310547,0.037208825520163025,0.00043827155290208995,0.00043894487801967284,0.0004391995796727689,0.0004486366112970463,0.0004939293956814943,0.0010310456606017699,0.001916242727034043,0.005791106630900693
2022-01-05 00:00:00+00:00,163.77999877929688,-0.02442751684153066,0.0013844966965899353,0.0018227682494920253,0.001823441574609608,0.0018239507210247494,0.001865700307831255,0.002086010718595461,0.0032424775770572914,0.007002691735267183
2022-01-06 00:00:00+00:00,165.52000427246094,0.010568002860909864,0.000596703579043264,0.0019812002756331992,0.0024194718285352893,0.0024203998553059686,0.0024298368869302457,0.002490342708614832,0.0037828369259808588,0.00715456496815582
2022-01-07 00:00:00+00:00,167.16000366210938,0.009859400237881566,0.00011168268446819907,0.0007083862635114632,0.002092882960101398,0.002531827838121071,0.0025323369845362126,0.0025868123557828927,0.0036537165336400996,0.006707827545713704
2022-01-10 00:00:00+00:00,167.32000732421875,0.000956730860192323,9.720777305073908e-05,0.00020889045751893814,0.000805594036562202,0.002628362286054227,0.0026292903128249064,0.0026712943443934567,0.0032211363937539074,0.0067430205050923895
2022-01-11 00:00:00+00:00,167.49000549316406,0.0010154904396300068,9.153339388443423e-07,9.812310698958342e-05,0.0002098057914577823,0.002191006067090982,0.002629950945110655,0.002639642678388028,0.0028925200890965075,0.005808175189333592
2022-01-12 00:00:00+00:00,168.44000244140625,0.005655937000599742,1.0312208329799446e-06,1.946554771824287e-06,9.915432782256316e-05,0.0008075405913340267,0.002630308840826052,0.0026314913123587757,0.002701179720905595,0.005790438389399467
2022-01-13 00:00:00+00:00,168.22999572753906,-0.0012475524534227844,3.1989623354753206e-05,3.302084418773315e-05,3.393617812657728e-05,0.00024282663564551587,0.0022240269112787153,0.0026632264909514838,0.002717956306960209,0.0055975050731243
2022-01-14 00:00:00+00:00,157.88999938964844,-0.06343348116640168,1.5563871240412087e-06,3.3546010478794414e-05,3.457723131177414e-05,0.000132700338301358,0.0008410866018128212,0.002664528176422429,0.002706786909644076,0.005563826845771276
2022-01-18 00:00:00+00:00,151.27000427246094,-0.042832236350072606,0.0040238065328882374,0.004025362920012278,0.004057352543367031,0.004059299098138856,0.0042681895556577944,0.006687661384193083,0.00669802644258804,0.009154605564543795
2022-01-19 00:00:00+00:00,148.92999267578125,-0.01559000009920819,0.001834600470748481,0.005858407003636719,0.00585996339076076,0.005892984234948493,0.005991107341938076,0.008083990302039474,0.008523444326474288,0.010655078591683726
2022-01-20 00:00:00+00:00,147.66000366210938,-0.008563989286863638,0.00024304810309331136,0.0020776485738417923,0.006101455106730029,0.006135001117208824,0.0061369476719806484,0.006942541708542851,0.008766237984805556,0.01076019136746336
2022-01-21 00:00:00+00:00,145.0800018310547,-0.017627031396274973,7.334191250551516e-05,0.00031639001559882654,0.002150990486347307,0.006176353406359586,0.006209374250547319,0.006419180042005102,0.008839325195657975,0.010610467558855084
2022-01-24 00:00:00+00:00,144.9499969482422,-0.0008964927219032859,0.0003107122358452636,0.0003840541483507788,0.0006271022514440893,0.0064855092550808085,0.006519055265559603,0.006618209593382167,0.009149364106385654,0.010788764534989212
2022-01-25 00:00:00+00:00,146.52999877929688,0.010841343005396631,8.036992004255623e-07,0.00031151593504568915,0.00038485784755120343,0.0024625064213929966,0.006487869341405275,0.006521805519531854,0.00871189625268399,0.010787144582510273
2022-01-26 00:00:00+00:00,147.9199981689453,0.009441397380991923,0.00011753471816066245,0.00011833841736108801,0.00042905065320635076,0.0007454406688051781,0.006603847672441897,0.006638424903753671,0.007444934274254717,0.010888707253310497
2022-01-27 00:00:00+00:00,145.30999755859375,-0.017802200168946847,8.913998450580114e-05,0.0002066747026664636,0.00020747840186688827,0.000591532550217668,0.0026691811240594603,0.006726533667426492,0.006937370679717254,0.010834813682384497
2022-01-28 00:00:00+00:00,146.61000061035156,0.008906629582029701,0.00031691833085525115,0.0004060583153610523,0.0005235930335217139,0.0008351089685674039,0.0011514989841662304,0.007011462374926991,0.007142606326104307,0.01109347016667306
2022-01-31 00:00:00+00:00,148.60000610351562,0.013482169243844488,7.932805051148658e-05,0.0003962463813667377,0.00048538636587253797,0.0006037247832336268,0.0009877789315844057,0.0070892340383144365,0.007124726603565054,0.01111645398706485
2022-02-01 00:00:00+00:00,151.14999389648438,0.017014507487831843,0.00018176888751966628,0.0002610969380311528,0.000578015268886403,0.0007846899715528675,0.0010962059065985567,0.003247196392945865,0.007305580157145875,0.011057419797775558
2022-02-02 00:00:00+00:00,149.94000244140625,-0.008037450487475617,0.00028949346505348583,0.00047126235257315206,0.0005505904030846378,0.000956648718445691,0.001074987135806779,0.00170208938725087,0.007594042401366382,0.010817125349892112
2022-02-03 00:00:00+00:00,148.6999969482422,-0.00830439741427913,6.460061033862203e-05,0.0003540940753921078,0.0005358629629117732,0.0009321093442785118,0.0011387840469449756,0.0015236418944961807,0.00762665338835025,0.010552194321634492
2022-02-04 00:00:00+00:00,152.55999755859375,0.0256271123460472,6.89630164142859e-05,0.00013356362675290788,0.00042305709180639285,0.0006841540298375467,0.0010902123451985988,0.0015192629984049516,0.007694060017640496,0.010428785749024883
2022-02-07 00:00:00+00:00,153.07000732421875,0.0033374356631954427,0.0006567488871969247,0.0007257119036112106,0.0007903125139498317,0.0012615748665229848,0.0016578212478897225,0.0018652996497566124,0.004327002371949183,0.01107032159892167
2022-02-08 00:00:00+00:00,155.9499969482422,0.01864004253255569,1.1138476805968805e-05,0.0006678873640028934,0.0007368503804171785,0.0010909444558092872,0.0013520413938404403,0.0018756344273621556,0.0025035403780066705,0.011068734291287465
2022-02-09 00:00:00+00:00,156.60000610351562,0.0041593990469079856,0.00034745118561548514,0.00035858966242145393,0.0010153385496183777,0.0011489021763712865,0.0016201645289444387,0.0021055508948169786,0.0026079434605288444,0.011383618476958677
2022-02-10 00:00:00+00:00,155.9499969482422,-0.0041593990469079856,1.730060043141906e-05,0.0003647517860469042,0.0003758902628528721,0.0011016021664640835,0.0014556962418561916,0.0020337115107425963,0.002551902148454748,0.011391736490527864
2022-02-11 00:00:00+00:00,153.9199981689453,-0.01310244846373898,1.730060043141906e-05,3.460120086283812e-05,0.0003820523864783224,0.0010499397504812166,0.0011835033772341248,0.0017340937803187642,0.0022584905130409037,0.011408782646197237
2022-02-14 00:00:00+00:00,152.49000549316406,-0.009333918871220703,0.00017167415574493596,0.00018897475617635502,0.00020627535660777322,0.000564865019029228,0.0012905769226404385,0.0018264398855522136,0.0024293609695854143,0.011580202100289077
2022-02-15 00:00:00+00:00,154.72000122070312,0.014517983444710225,8.712204149452996e-05,0.0002587961972394659,0.00027609679767088413,0.0006408485837177892,0.0013087359477206829,0.0017317930395270773,0.0023989482929192814,0.011666650816666024
2022-02-16 00:00:00+00:00,155.0,0.0018080773245063853,0.00021077184330088017,0.00029789388479541015,0.00046956804054034524,0.0005041692414031842,0.0008627589038246381,0.0016530714177744716,0.002520580151714361,0.011439151107064815
2022-02-17 00:00:00+00:00,151.42999267578125,-0.023301693317709926,3.2691436113941686e-06,0.00021404098691227437,0.00030116302840680346,0.0004901377845831594,0.0008548895706300636,0.0015917399510472438,0.0022069309644705036,0.010057923554086273
2022-02-18 00:00:00+00:00,152.13999938964844,0.004677721955842706,0.0005429689114726075,0.0005462380550840017,0.0007570098983848809,0.0010158060956243478,0.0010504072964871859,0.0020657458461055653,0.002670571825431624,0.010004188886515617
2022-02-22 00:00:00+00:00,151.8699951171875,-0.0017762859664660624,2.1881082696172914e-05,0.0005648499941687805,0.0005681191377801737,0.0008660130225755847,0.0010549877787519397,0.0014308780416048136,0.0025106840206081315,0.00991438728474359
2022-02-23 00:00:00+00:00,148.69000244140625,-0.02116124146234366,3.1551918346642734e-06,2.5036274530837295e-05,0.0005680051860034438,0.0007820461729157191,0.001040842370155185,0.0014228947566335092,0.0022243457473893093,0.009820334703527516
2022-02-24 00:00:00+00:00,144.5500030517578,-0.028238128554089137,0.00044779814022761246,0.00045095333206227685,0.00047283441475844877,0.0010190724698424514,0.0013169663546378615,0.0015232417112456364,0.0026075432772783,0.010267217509816283
2022-02-25 00:00:00+00:00,147.97000122070312,0.02338406918962832,0.0007973919042372642,0.0012451900444648768,0.0012483452362995401,0.0018131952304683214,0.0020272362173805957,0.0023033330150514816,0.0033359721651012786,0.011063578193220569
2022-02-28 00:00:00+00:00,141.8000030517578,-0.042591923144517985,0.0005468146918653245,0.0013442065961025889,0.0017920047363302002,0.0018170410108610388,0.00236327906594504,0.0028328471064853872,0.0032260379697696784,0.011578403261731138
2022-03-01 00:00:00+00:00,136.4499969482422,-0.03845941083063664,0.0018140719171485268,0.0023608866090138515,0.003158278513251115,0.0036092318453133923,0.004174081839482173,0.0044752448678889774,0.005028971410112236,0.013390918791755625
2022-03-02 00:00:00+00:00,139.27999877929688,0.02052806190659684,0.001479126281439691,0.0032931981985882177,0.0038400128904535415,0.005085202934918419,0.0051102392094492565,0.00586724910783414,0.006160646505936443,0.01084623854030708
2022-03-03 00:00:00+00:00,138.2899932861328,-0.00713340576817334,0.0004214013256410723,0.0019005276070807634,0.003714599524229289,0.005058806120331879,0.0055097594523941555,0.006077878590174331,0.0065647472311460954,0.00943303939519967
2022-03-04 00:00:00+00:00,134.39999389648438,-0.02853249825139237,5.0885477853408676e-05,0.00047228680349448095,0.001951413084934171,0.0043122996939480235,0.0055574897384129,0.006125494924416346,0.006598332108568085,0.009240876769959766
2022-03-07 00:00:00+00:00,129.2100067138672,-0.039381342980963296,0.0008141034564657086,0.0008649889343191172,0.0012863902599601885,0.0045795884585484075,0.005923795054650996,0.006396629469409446,0.007240761409288858,0.00998163831391996
2022-03-08 00:00:00+00:00,128.3000030517578,-0.007067744287322597,0.0015508901749842672,0.0023649936314499758,0.0024158791093033833,0.004316406716384148,0.006677293325397999,0.007925638561697541,0.008704529542778595,0.011221816253058965
2022-03-09 00:00:00+00:00,133.44000244140625,0.03928066149864673,4.9953009310981207e-05,0.0016008431842952483,0.002414946640760956,0.0028872334442554383,0.006180431642843655,0.007972436379173858,0.008543710708788696,0.01127096556316952
2022-03-10 00:00:00+00:00,131.86000061035156,-0.011911198592407857,0.0015429703677712675,0.0015929233770822487,0.0031438135520665145,0.004008802486385634,0.005909330093466397,0.009067608606717514,0.01008341193294857,0.012696401212780126
2022-03-11 00:00:00+00:00,128.88999938964844,-0.022781435632695413,0.0001418766519077789,0.0016848470196790463,0.0017348000289900264,0.004099793660440003,0.004572080463934484,0.008412093354388028,0.009682319673383741,0.012749137880182103
2022-03-14 00:00:00+00:00,130.1699981689453,0.009881951730484673,0.0005189938094866442,0.0006608704613944231,0.0022038408291656895,0.003804684013460939,0.0046696729477800555,0.008384272472009346,0.010179432400174212,0.012951213358813496
2022-03-15 00:00:00+00:00,132.47999572753906,0.017590383975365498,9.765297000362902e-05,0.0006166467794902732,0.0007585234313980511,0.002351446808480301,0.004716440439930277,0.00666785352486445,0.010273930178343176,0.012969538278305638
2022-03-16 00:00:00+00:00,138.39999389648438,0.043716340695928224,0.0003094216084007953,0.0004070745784044243,0.0009260683878910674,0.002610915407570115,0.0042117585918653635,0.005498148851825553,0.01013555364651636,0.013097190999186768
2022-03-17 00:00:00+00:00,140.14999389648438,0.012565234977895301,0.0019111184438424702,0.0022205400522432653,0.002318193022246893,0.0029790634836413176,0.004571986860723566,0.006987865970026951,0.011249280186121566,0.014718815977975752
2022-03-18 00:00:00+00:00,140.10000610351562,-0.00035673715253459193,0.00015788513004972354,0.0020690035738921936,0.0023784251822929875,0.002995071961783262,0.004679918981462309,0.0070948656222232665,0.010860350624305964,0.014812100497686853
2022-03-21 00:00:00+00:00,139.64999389648438,-0.0032172482230024,1.272613959984887e-07,0.00015801239144572202,0.002069130835288191,0.0024762054136926166,0.0031370758750870397,0.006280889427153556,0.009046405968553436,0.014743264742668566
2022-03-22 00:00:00+00:00,142.6199951171875,0.02104446767825685,1.0350686128412101e-05,1.047794752441059e-05,0.00016836307757413303,0.0023889031298174,0.0030055499093076727,0.004740349938297701,0.007577630373242157,0.014096866541600053
2022-03-23 00:00:00+00:00,139.77999877929688,-0.020113967047684866,0.0004428696198611973,0.0004532203059896094,0.0004533475673856068,0.0025223511412778015,0.002929425719682226,0.005133266548847918,0.007599098667462282,0.014528597684655281
2022-03-24 00:00:00+00:00,140.69000244140625,0.00648915642625969,0.0004045716703953527,0.0008474412902565499,0.000857791976384961,0.0010158043678306842,0.0032363444200739495,0.003994867851472002,0.007952784860004227,0.01458571816943515
2022-03-25 00:00:00+00:00,141.9199981689453,0.008704599917037648,4.210915112446743e-05,0.00044668082151982013,0.0008895504413810163,0.0009000283889054281,0.0029690319627976216,0.003895100350688691,0.007180790554662984,0.014610526720128197
2022-03-28 00:00:00+00:00,140.8699951171875,-0.0074260610488678935,7.577005971569182e-05,0.00011787921084015926,0.0005224508812355108,0.0009756711872251216,0.0011336835786708434,0.0034518766009177387,0.005705670439394409,0.014668996179412471
2022-03-29 00:00:00+00:00,141.17999267578125,0.0021981754783579888,5.514638270151292e-05,0.00013091644241720475,0.00017302559354167104,0.0010204668837982224,0.0010309448313226327,0.003409370013615622,0.005710863812784942,0.014552468406369048
2022-03-30 00:00:00+00:00,140.5399932861328,-0.004543522096620123,4.8319754336543725e-06,5.997835813516729e-05,0.000135748417850858,0.0005824292393706794,0.0010356495453602884,0.0031047803806484816,0.004172725420447328,0.014470178340308172
2022-03-31 00:00:00+00:00,136.32000732421875,-0.03048698118298443,2.064359304247532e-05,2.547556847612969e-05,8.062195117764146e-05,0.00019850116201780208,0.0010459424522743519,0.0012143055298484869,0.004051492361582025,0.014280050090049767
2022-04-01 00:00:00+00:00,135.30999755859375,-0.007436692576640702,0.0009294560216516467,0.000950099614694122,0.0009549315901277752,0.0010858480325449814,0.001532528854064801,0.00198587642145041,0.004461954573747027,0.01520623696809002
2022-04-04 00:00:00+00:00,135.91000366210938,0.00442450467986788,5.5304396479462926e-05,0.0009847604181311097,0.0010054040111735839,0.0010653823693087526,0.0011832615801489117,0.0020410535565338742,0.004419606000222861,0.014718572453096875
2022-04-05 00:00:00+00:00,133.33999633789062,-0.01909069918689532,1.957624166217277e-05,7.48806381416357e-05,0.0010043366597932812,0.0010298122282694122,0.0011607286706866167,0.002050279112067635,0.004129760633484239,0.014716267612062876
2022-04-06 00:00:00+00:00,131.49000549316406,-0.013971384850352209,0.0003644547954445257,0.0003840310371066985,0.0004393354335861602,0.0013894350482802835,0.0014494134064154506,0.0019718642876509636,0.0025830969850862942,0.015077567215672735
2022-04-07 00:00:00+00:00,131.08999633789062,-0.003046762601237596,0.0001951995946366512,0.0005596543900811769,0.0005792306317433485,0.0015639910498744594,0.001589466618350589,0.001762492211892262,0.002620411449673222,0.014824968670081776
2022-04-08 00:00:00+00:00,133.49000549316406,0.018142527544141807,9.282762348300081e-06,0.00020448235698495128,0.0005689371524294758,0.0006438177905711129,0.0015939174052652348,0.0017296658231160946,0.0026295669506255235,0.014036859528192811
2022-04-11 00:00:00+00:00,133.0,-0.0036774815962647978,0.00032915130568994414,0.0003384340680382442,0.0005336336626748943,0.0009176646997815941,0.0019024251179127036,0.001983047069090347,0.0029483675701870555,0.013819196142017431
2022-04-12 00:00:00+00:00,131.5399932861328,-0.011038191389048713,1.3523870890866285e-05,0.0003426751765808104,0.00035195793892910934,0.0009116123290102876,0.000986492967151923,0.0019414245572797004,0.002519021821216724,0.01201864809575977
2022-04-13 00:00:00+00:00,127.3000030517578,-0.03276440729638441,0.00012184166914126914,0.00013536554003213536,0.00046451684572207836,0.000668999202707031,0.0010530302398137294,0.002058434250987315,0.002236291819962641,0.010661363483461347
2022-04-14 00:00:00+00:00,126.12000274658205,-0.009312673081931067,0.0010735063854833682,0.0011953480546246372,0.0012088719255155024,0.001547305993553748,0.0021069603836349248,0.003111297043428208,0.0032676890543215415,0.011313468543303644
2022-04-18 00:00:00+00:00,128.4600067138672,0.01838376763951821,8.672587993092347e-05,0.0011602322654142914,0.0012820739345555596,0.0016247491111363714,0.0018292314681213225,0.002268566901707485,0.003278644874536773,0.01134930894538116
2022-04-19 00:00:00+00:00,131.1199951171875,0.020495273102400624,0.000337962912623797,0.00042468879255472025,0.0014981951780380874,0.0016335607180702244,0.001971994786108468,0.0025512254178518185,0.0035614614044590575,0.010873168401539247
2022-04-20 00:00:00+00:00,131.5800018310547,0.003502148377447334,0.0004200562195419865,0.0007580191321657833,0.0008447450120967056,0.002040093066721345,0.002382768243302155,0.0029517053957316326,0.00397668564856739,0.009742334446096967
2022-04-21 00:00:00+00:00,130.55999755859375,-0.007782173057455211,1.2265043257656993e-05,0.00043232126279964326,0.0007702841754234392,0.0019305164408377324,0.002065881980869868,0.002599515643544764,0.0039683070987825714,0.009704646480043643
2022-04-22 00:00:00+00:00,126.80999755859376,-0.02914298852196673,6.056221749618178e-05,7.282726075383855e-05,0.000492883480295824,0.0009175722728505459,0.002112920327475183,0.0024648782664042947,0.003099413294627106,0.008222238329768556
2022-04-25 00:00:00+00:00,126.7699966430664,-0.00031548952420390464,0.0008493137799914845,0.000909875997487666,0.000922141040745322,0.0016801601729111069,0.0028403924383253983,0.0033049092840474787,0.003893422678139128,0.008929675457852261
2022-04-26 00:00:00+00:00,123.0199966430664,-0.030027477977614403,9.953363988240613e-08,0.0008494133136313667,0.0009099755311275474,0.0013422967939271922,0.0017669855864819125,0.0029758575119974173,0.0038739459701168373,0.008410781182005502
2022-04-27 00:00:00+00:00,121.41999816894533,-0.013091321870565942,0.000901649433696118,0.0009017489673360002,0.0017510627473274836,0.001823890008081324,0.002581909140247107,0.003863983074802669,0.0044111406083684294,0.009214777645697989
2022-04-28 00:00:00+00:00,123.33999633789062,0.01568914525022258,0.00017138270831875815,0.001073032142014876,0.0010731316756547574,0.0019830076731424252,0.002415328935942068,0.003913524113980158,0.004387323722050537,0.009076738745615952
2022-04-29 00:00:00+00:00,119.36000061035156,-0.03280059830318649,0.00024614927868258176,0.00041753198700133966,0.0013191814206974565,0.002168594734328825,0.0022414219950826634,0.003086167007179371,0.004624190238384818,0.007411769580456064
2022-05-02 00:00:00+00:00,120.4499969482422,0.009090562155591009,0.0010758792490470005,0.001322028527729582,0.001493411236048339,0.002395160203384341,0.0033050362008720073,0.004075320376295448,0.005370918181741875,0.008329763699453341
2022-05-03 00:00:00+00:00,123.02999877929688,0.0211935144255051,8.263832030466345e-05,0.0011585175693516639,0.0014046668480342443,0.002477698990049122,0.003327112303680489,0.003819995783976315,0.005440032631155672,0.008412274758362004
2022-05-04 00:00:00+00:00,127.0999984741211,0.032545948039985007,0.0004491650537040928,0.000531803374008756,0.0016076826230557552,0.002025214610057097,0.002926963577393097,0.003849104618138421,0.0057673560157184955,0.008851089125937685
2022-05-05 00:00:00+00:00,123.91999816894533,-0.025337984857556783,0.001059238733821404,0.0015084037875254964,0.0015910421078301586,0.0029130706355597427,0.0039861027775746185,0.004896078308702168,0.005753088364056531,0.009467458239897893
2022-05-06 00:00:00+00:00,123.72000122070312,-0.0016152236489812566,0.0006420134766417768,0.0017012522104631802,0.0021504172641672718,0.0033089348335189374,0.0037264668205202775,0.005477529567847763,0.006308375960767384,0.009704900046144318
2022-05-09 00:00:00+00:00,121.86000061035156,-0.015148107854551007,2.6089474362283256e-06,0.0006446224240780047,0.0017038611578994076,0.0022356645319081656,0.0035576930596377477,0.004630824735292507,0.005973021995579816,0.009665399842456079
2022-05-10 00:00:00+00:00,118.88999938964844,-0.02467415909227455,0.00022946517157310993,0.0002320741190093378,0.0008740875956511136,0.002382491383176612,0.003541008952528276,0.0048601903732257345,0.005782430947610939,0.009819094954313497
2022-05-11 00:00:00+00:00,118.13999938964844,-0.006328334023955051,0.0006088141269108749,0.0008382792984839844,0.0008408882459202116,0.002542140456383394,0.00307394383039215,0.0045673550664404915,0.006378980031264157,0.010372762698522858
2022-05-12 00:00:00+00:00,118.04000091552734,-0.0008467988819322869,4.004781151874713e-05,0.0006488619384296216,0.0008783271100027305,0.0015229495340807373,0.0030313533216062335,0.00443602016964048,0.006358465625286722,0.010407978534607952
2022-05-13 00:00:00+00:00,119.08999633789062,0.008855921198316352,7.170683464417712e-07,4.076487986518847e-05,0.0006495790067760623,0.0008816531257854023,0.0025829053362485827,0.004190587959304341,0.00550986891364168,0.010388052009911917
2022-05-16 00:00:00+00:00,118.26000213623048,-0.0069938705726020345,7.842734027078894e-05,7.914440861723028e-05,0.00011919222013597632,0.0009574715186199629,0.0016020939426979678,0.0031931360505281286,0.0055881967202725865,0.009537023328531059
2022-05-17 00:00:00+00:00,122.18000030517578,0.032609761262846426,4.8914225586308707e-05,0.0001273415658570972,0.0001280586342035379,0.0007769205726331617,0.0010089946916424996,0.003159411955809774,0.004735461512162777,0.009530633157637905
2022-05-18 00:00:00+00:00,120.08999633789062,-0.01725393854149182,0.0010633965296198394,0.0011123107552061477,0.0011907380954769356,0.0012315029753421263,0.0020697822738261107,0.003773643431725521,0.005627475333463859,0.010574453445595572
2022-05-19 00:00:00+00:00,118.30999755859376,-0.01493315354798419,0.00029769839519357686,0.0013610949248134157,0.0014100091503997233,0.001489153559016956,0.0021380154974465775,0.0030121030930976935,0.005679024449974854,0.010507697045344622
2022-05-20 00:00:00+00:00,117.33999633789062,-0.008232605341573773,0.00022299907488767282,0.0005206974700812492,0.0015840939997010875,0.0017114355655581867,0.0017522004454233755,0.00259308869134359,0.004826144275815526,0.010535496525595645
2022-05-23 00:00:00+00:00,124.5999984741211,0.060032921818806706,6.777579071010902e-05,0.00029077486559778143,0.0005884732607913572,0.001700784015997507,0.0017799284246147375,0.0026582555346174705,0.004811281746220971,0.010593989553957454
2022-05-24 00:00:00+00:00,126.36000061035156,0.014026386657009837,0.0036039517021029584,0.003671727492813067,0.0038947265677007387,0.005255821492514157,0.005383163058371254,0.006032742065147319,0.007966068394619837,0.01386878995037047
2022-05-25 00:00:00+00:00,127.23999786376952,0.0069400693278147685,0.0001967395226519436,0.0038006912247549015,0.0038684670154650095,0.004389164485546261,0.005501475240752409,0.0056206674608883875,0.007103569183450377,0.014052005602131544
2022-05-26 00:00:00+00:00,129.44000244140625,0.017142422079520436,4.816456227487533e-05,0.0002449040849268185,0.0038488557870297755,0.00413963065262756,0.005500725577440975,0.005628784211644516,0.006509720269083475,0.013978328495265152
2022-05-27 00:00:00+00:00,131.27000427246094,0.014038831190960721,0.00029386263475242975,0.0003420271970273047,0.000538766719679247,0.004210494212492317,0.004731191682573566,0.005921929778050504,0.0068009739563996766,0.013198684744534213
2022-05-31 00:00:00+00:00,132.22999572753906,0.007286494895462958,0.00019708878120829163,0.000490951415960721,0.000539115978235595,0.0043398072029905,0.00463058206858828,0.006040591218988006,0.006768597566034858,0.013309047645811582
2022-06-01 00:00:00+00:00,129.91000366210938,-0.01770086706067353,5.309300786160775e-05,0.000250181789069899,0.0005440444238223274,0.0007889485087491485,0.004460676001562215,0.006044770001263306,0.006212876446985591,0.013024177741049392
2022-06-02 00:00:00+00:00,132.0,0.015959991389141948,0.0003133206946996372,0.00036641370256124454,0.0005635024837695349,0.000905529680796842,0.0047062209055517435,0.005294694166343103,0.006486149330166481,0.012917442216207043
2022-06-03 00:00:00+00:00,130.16000366210938,-0.014037431540145029,0.0002547213251414851,0.000568042019841122,0.0006211350277027282,0.0011120864436634519,0.0013569905285902703,0.005251717096291011,0.006740153586961524,0.01315989849809087
2022-06-06 00:00:00+00:00,129.72999572753906,-0.0033091563967895254,0.00019704948424425844,0.00045177080938574315,0.000765091504085379,0.0010152732931552806,0.0013573004901825851,0.005225767505647598,0.006858775730934994,0.013296385764838946
2022-06-07 00:00:00+00:00,130.07000732421875,0.0026174887360355115,1.0950516058413035e-05,0.0002080000003026711,0.00046272132544415484,0.0008291350280054019,0.001320086443966123,0.005168942230995901,0.006820812021407098,0.012458022500905875
2022-06-08 00:00:00+00:00,128.0,-0.016042559465854644,6.85124728327278e-06,1.7801763341685435e-05,0.00021485124758594253,0.0007828932674270669,0.0010330750564969658,0.0015718417761762154,0.005764266739070531,0.012464774214549267
2022-06-09 00:00:00+00:00,125.30999755859376,-0.02123961622535564,0.0002573637142154825,0.0002642149614987549,0.00027516547755716657,0.0007269362869429122,0.0010933499895041568,0.0016324659677397543,0.005723932058092437,0.01182048849506863
2022-06-10 00:00:00+00:00,119.5500030517578,-0.047055928262886404,0.0004511212974003906,0.0007084850116158727,0.0007153362588991441,0.0009233362592018177,0.0014913782790429396,0.0020354227028652697,0.005952054280605155,0.012100227084150261
2022-06-13 00:00:00+00:00,115.98999786376952,-0.030230757354957838,0.0022142603846819113,0.0026653816820823018,0.002922745396297783,0.002940547159639471,0.003392317969025214,0.003955820452794751,0.008098538874576958,0.014068338190149592
2022-06-14 00:00:00+00:00,114.05999755859376,-0.016779357752603197,0.0009138986902543374,0.0031281590749362488,0.003579280372336638,0.0038434953338353952,0.004051495334138067,0.0046726303618407974,0.005408485862728336,0.01390635763135693
2022-06-15 00:00:00+00:00,115.41000366210938,0.011766432839799279,0.000281546846589845,0.0011954455368441824,0.0034097059215260923,0.004118190933141967,0.004135992696483653,0.0049010842005690345,0.005493293186666238,0.014105266157642111
2022-06-16 00:00:00+00:00,113.43000030517578,-0.0173051279022296,0.00013844894177350692,0.00041999578836335197,0.0013338944786176875,0.003999276160699992,0.004263491122198747,0.004726212447642904,0.0055835775661648695,0.013794550045711526
2022-06-17 00:00:00+00:00,113.02999877929688,-0.003532649858558834,0.00029946745171252544,0.0004379163934860324,0.0007194632400758757,0.003847622315012127,0.004556107326628,0.004770958574213944,0.005589182383124965,0.013034778763602647
2022-06-21 00:00:00+00:00,115.83000183105467,0.024470355349550665,1.2479615023175749e-05,0.0003119470667357012,0.0004503960085092064,0.0016458415453533915,0.004311223227435693,0.004586388704992861,0.005404573216939849,0.012405244901984046
2022-06-22 00:00:00+00:00,115.18000030517578,-0.005627490024293635,0.0005987982909332829,0.0006112779059564586,0.0009107453576689823,0.001330741146032337,0.0044589002209685855,0.005174236479867731,0.005950278500011524,0.0130014342454811
2022-06-23 00:00:00+00:00,113.91999816894533,-0.010999693137578426,3.166864397352438e-05,0.0006304669349068072,0.0006429465499299813,0.0010808629434160162,0.0022763084802601983,0.005199053876557984,0.005668626449285412,0.012803637717881514
2022-06-24 00:00:00+00:00,117.31999969482422,0.029408809917521594,0.00012099324912088992,0.0001526618930944143,0.0007514601840276954,0.0010634072507633993,0.0014834030391267508,0.00506268341146339,0.0055348983732648165,0.01231581684009153
2022-06-27 00:00:00+00:00,116.37999725341795,-0.008044565879622212,0.0008648781007649165,0.0009858713498858065,0.001017539993859329,0.0016288178998157903,0.0020667342933018223,0.005476440214827917,0.0062027269897854745,0.013140647129337699
2022-06-28 00:00:00+00:00,115.81999969482422,-0.0048234164656735246,6.47150401915819e-05,0.0009295931409564984,0.0010505863900773867,0.0016810533249841965,0.0019930003917198974,0.003326894870337587,0.006256491513918643,0.013204645101182839
2022-06-29 00:00:00+00:00,115.3000030517578,-0.004499805419738934,2.3265346401330477e-05,8.798038659291237e-05,0.0009528584873578272,0.001105520380452244,0.0017167982864087022,0.0024362615264845802,0.006272905613036701,0.01314948310731338
2022-06-30 00:00:00+00:00,112.61000061035156,-0.02360692661400865,2.024824881551188e-05,4.3513595216842355e-05,0.00010822863540842251,0.0010940999852942315,0.0017245669202010383,0.002174962928710247,0.00603579014763673,0.013120817130542584
2022-07-01 00:00:00+00:00,114.0500030517578,0.012706448359484313,0.0005572869841591898,0.0005775352329747017,0.0006008005793760305,0.0015303937203325316,0.0016830556134269452,0.00259380097109593,0.006141955834395529,0.012614707585081935
2022-07-05 00:00:00+00:00,112.62000274658205,-0.012617631273944774,0.00016145382991224156,0.0007187408140714314,0.0007389890628869416,0.0008269694494798565,0.0018128407993656627,0.002455787349295646,0.00408914927962586,0.012478463019800599
2022-07-06 00:00:00+00:00,111.88999938964844,-0.0065031038498162275,0.00015920461896522923,0.0003206584488774708,0.0008779454330366589,0.0009214590282535039,0.0018510521692100019,0.0026025123532376995,0.0033344552083367516,0.012414668563878154
2022-07-07 00:00:00+00:00,114.72000122070312,0.024978147127322714,4.229035968149464e-05,0.00020149497864672386,0.0003629488085589637,0.000940484041533668,0.00102846442812658,0.002046004421985911,0.003095198721428402,0.01238918313284954
2022-07-08 00:00:00+00:00,114.36000061035156,-0.0031430147008091325,0.0006239078339141799,0.0006661981935956745,0.0008254028125609021,0.001544143626632336,0.001587657221849178,0.002638243611926567,0.0035806576135690746,0.009409139264660762
2022-07-11 00:00:00+00:00,112.86000061035156,-0.013203254842182766,9.878541409502321e-06,0.0006337863753236823,0.0006760767350051752,0.0009967351838826486,0.0015742704168573499,0.0025271289042151793,0.003291068703266051,0.009222278283418322
2022-07-12 00:00:00+00:00,112.97000122070312,0.0009741895953530033,0.00017432593842762263,0.00018420447983712496,0.0008081123137513032,0.0010096072923980297,0.0017283481064694606,0.0018365767418778852,0.0034529150266704983,0.00934843965957107
2022-07-13 00:00:00+00:00,111.91000366210938,-0.009427297990752592,9.490453676940483e-07,0.00017527498379531667,0.00018515352520481727,0.0008513517188004945,0.0011720101676779649,0.0017728107470539973,0.0028550657811049094,0.009055526070186334
2022-07-14 00:00:00+00:00,108.0,-0.03556378242941616,8.887394740644786e-05,8.982299277414192e-05,0.0002641489312017628,0.0008979353065254477,0.001099430285172171,0.001838419348059115,0.0029122710845378326,0.00894731123638449
2022-07-15 00:00:00+00:00,112.9499969482422,0.0448139887711303,0.0012647826206868495,0.0013536565680932974,0.0013546056134609895,0.0015388100932981173,0.0022050082868937913,0.0030829537199304523,0.004056060456103792,0.010159000849209732
2022-07-18 00:00:00+00:00,111.79000091552734,-0.010323096423408451,0.0020082935895789924,0.003273076210265842,0.003361950157672288,0.0035372251414676073,0.004171011516791289,0.0045339603253502555,0.005199475944917868,0.011853973744089086
2022-07-19 00:00:00+00:00,114.55999755859376,0.02447656242923557,0.00010656631976698836,0.0021148599093459806,0.0033796425300328284,0.003469465522806973,0.0036536700026440975,0.004479072815205002,0.005241327224493275,0.01170581873871459
2022-07-20 00:00:00+00:00,114.54000091552734,-0.00017456694238671133,0.0005991021083522663,0.0007056684281192547,0.002713962017698245,0.004067618585791546,0.004242893569586861,0.004918970304592039,0.005817163986444211,0.012107871362822598
2022-07-21 00:00:00+00:00,115.31999969482422,0.006786755165071767,3.0473617374245393e-08,0.0005991325819696405,0.0007056989017366267,0.003978775112002472,0.004068598104776613,0.004876710418527918,0.0057969462112460735,0.01209695132038156
2022-07-22 00:00:00+00:00,114.76000213623048,-0.004867860395933121,4.606004567062831e-05,4.609051928800256e-05,0.0006451926276402667,0.002760052536986251,0.004113709105079548,0.004298862630284367,0.005285719272757512,0.012136160118768913
2022-07-25 00:00:00+00:00,115.22000122070312,0.004000345170849684,2.3696064834294165e-05,6.975611050492247e-05,6.978658412229456e-05,0.0007754550122415523,0.004048531222507394,0.004312680153709159,0.005147961507679564,0.011902492469387725
2022-07-26 00:00:00+00:00,113.41999816894533,-0.015745628456916627,1.6002761485940388e-05,3.969882632023455e-05,8.57588719908607e-05,0.0006848914539605043,0.002799751363306485,0.0041543569767674765,0.005004759650200275,0.011467373933473277
2022-07-27 00:00:00+00:00,115.23999786376952,0.0159191652372348,0.0002479248155032627,0.00026392757698920306,0.00028762364182349505,0.0003337141611115007,0.001039382589230755,0.004401332746903045,0.005210394106022044,0.009501038364294627
2022-07-28 00:00:00+00:00,114.80999755859376,-0.0037383248381290812,0.0002534198218503849,0.0005013446373536476,0.0005173473988395858,0.0005871035093445113,0.0011862360913141514,0.004565878621346982,0.004839906093958249,0.008840559495890674
2022-07-29 00:00:00+00:00,115.36000061035156,0.004779111986513485,1.397507259537282e-05,0.0002673948944457577,0.0005153197099490183,0.0005550185362692559,0.000601109055557258,0.0033150710732555056,0.004844002625144119,0.008572987721896203
2022-08-01 00:00:00+00:00,114.20999908447266,-0.010018827781141049,2.2839911379636865e-05,3.6814983975009684e-05,0.0002902348058253924,0.0005541623828145986,0.0006239184933195206,0.0013296173950561505,0.004692516598096133,0.008457378691502333
2022-08-02 00:00:00+00:00,112.43000030517578,-0.01570804257031,0.00010037691010816367,0.00012321682148780052,0.00013719189408317118,0.0006385365314368218,0.0006782353577570559,0.0013234279853973259,0.004791944462836603,0.00825828814989797
2022-08-03 00:00:00+00:00,113.61000061035156,0.01044072747812308,0.00024674260139067114,0.00034711951149883483,0.0003699594228784695,0.0006373543173242303,0.000901281894313433,0.0009710684784357305,0.0049498131168208255,0.008492551136265465
2022-08-04 00:00:00+00:00,112.36000061035156,-0.011063528286003432,0.00010900879027243432,0.00035575139166310545,0.00045612830177126697,0.0004929432857462797,0.000994287923099927,0.0010800467950907906,0.003794039286406411,0.008002761635604618
2022-08-05 00:00:00+00:00,115.76000213623048,0.029811093109039177,0.00012240165813519804,0.0002314104484076323,0.0004781530497983013,0.0006013698712861049,0.0008687647657318622,0.0011563884075553603,0.0019081473549626164,0.00809349464976629
2022-08-08 00:00:00+00:00,114.3499984741211,-0.012255193652333851,0.0008887012723558032,0.0010111029304910011,0.0011201117207634333,0.0014672312322622713,0.0015040462162372805,0.0020213936150768694,0.002690282307551431,0.008861202673001204
2022-08-09 00:00:00+00:00,115.37999725341795,0.008967097899224008,0.0001501897714562039,0.0010388910438120069,0.0011612927019472028,0.0015170440936103115,0.0016402609150981114,0.002155580625047133,0.002241369970655369,0.008146514343692492
2022-08-10 00:00:00+00:00,118.38999938964844,0.025753249244033327,8.040884473426762e-05,0.00023059861619047152,0.0011192998885462726,0.001350710336953908,0.0016978298484527424,0.0019880646542781376,0.002321748341772262,0.008162208148235178
2022-08-11 00:00:00+00:00,120.13999938964844,0.014673470073566897,0.0006632298466253032,0.0007436386913595707,0.0008938284628157725,0.0019049313933067768,0.0022606827849698816,0.002397874679053056,0.002938918142726937,0.00880217264845915
2022-08-12 00:00:00+00:00,122.12999725341795,0.01642830435231346,0.0002153107239998633,0.0008785405706251665,0.0009589494153594319,0.001997840459171442,0.002229250907579074,0.0025992103304575465,0.003130532801892506,0.008997235123643501
2022-08-15 00:00:00+00:00,122.45999908447266,0.00269840987968184,0.0002698891838922414,0.00048519990789210466,0.0011484297545174057,0.0013790283707078802,0.002390131301198881,0.002846259602970151,0.0033844192242988066,0.008709837323376553
2022-08-16 00:00:00+00:00,123.62999725341795,0.009508773229015333,7.281415878764563e-06,0.0002771705997710059,0.000492481323770867,0.0012361200151304408,0.0022750110589424477,0.002753164108740752,0.0031437758246743086,0.008555664909343078
2022-08-17 00:00:00+00:00,122.58999633789062,-0.008447787568610643,9.041676832083867e-05,9.769818419960323e-05,0.0003675873680918424,0.0012461279387170118,0.001476726554907483,0.0025968382756709194,0.0029807727711447622,0.008486877058698687
2022-08-18 00:00:00+00:00,121.63999938964844,-0.0077795664426041355,7.136511480437252e-05,0.0001617818831252112,0.00016906329900397358,0.0006542632068960813,0.0013979018982556517,0.0025591946002028578,0.003038162813353762,0.008515951813821563
2022-08-19 00:00:00+00:00,118.62999725341795,-0.0250564752709721,6.0521654034892365e-05,0.00013188676883926488,0.00022230353716010137,0.0004994741369311103,0.0013780147075562765,0.002497314596102552,0.003075844556009018,0.007952565633942275
2022-08-22 00:00:00+00:00,116.66999816894533,-0.016659961379043686,0.0006278269530048365,0.0006883486070397288,0.0007597137218440992,0.0008574119060437054,0.0013426118139358097,0.0022364402767515853,0.0036032945989056906,0.00857051404553761
2022-08-23 00:00:00+00:00,115.5199966430664,-0.009905775056272326,0.0002775543131512272,0.0009053812661560636,0.0009659029201909539,0.001127684803316168,0.0014048554030871734,0.0023638048184466084,0.003634106310666247,0.008673742420261213
2022-08-24 00:00:00+00:00,115.8000030517578,0.0024209454074011205,9.8124379465467e-05,0.0003756786926166942,0.0010035056456215285,0.0011353924144607965,0.001233090598660399,0.002381520353177808,0.0036232218998592794,0.008770917754358986
2022-08-25 00:00:00+00:00,118.5500030517578,0.023470246761194247,5.860976665616577e-06,0.00010398535613108357,0.0003815396692823086,0.0010698882763220405,0.0012316701594472512,0.0017241514832181213,0.0035066812183896976,0.008687904783618156
2022-08-26 00:00:00+00:00,114.66999816894533,-0.03327641617160548,0.000550852483031349,0.0005567134596969655,0.0006548378391624304,0.001560219105318497,0.0016921058741577615,0.002059693242249607,0.0031688324290652437,0.007973974645962657
2022-08-29 00:00:00+00:00,114.38999938964844,-0.0024447648803027633,0.0011073198732258868,0.0016581723562572358,0.0016640333329228504,0.0020397120255395474,0.002728060632579276,0.002897123931583252,0.004125962530834927,0.00707300092960955
2022-08-30 00:00:00+00:00,114.41000366210938,0.00017486251962495203,5.976875319961784e-06,0.0011132967485458485,0.0016641492315771955,0.001768134587708282,0.002673515853864345,0.0028958193910244494,0.00405153056142062,0.0069724114851625225
2022-08-31 00:00:00+00:00,113.7300033569336,-0.0059612720084532,3.057690076958673e-08,6.007452220731371e-06,0.0011133273254466162,0.0016700407851435845,0.0020457194777602785,0.0028054331996043803,0.003388331291696087,0.006373339953711026
2022-09-01 00:00:00+00:00,114.51000213623048,0.006834926367607075,3.553676395876765e-05,3.556734085953724e-05,4.1544216179497074e-05,0.0016997165724367358,0.001803701928567819,0.0027696048487587757,0.003208557331654991,0.00640884624405242
2022-09-02 00:00:00+00:00,113.70999908447266,-0.007010834495445373,4.671621845061044e-05,8.22529824093781e-05,8.228355931014574e-05,0.0011955803078559971,0.0017522937675529622,0.002755799413174494,0.0029853843662133606,0.006409502416832402
2022-09-06 00:00:00+00:00,113.73999786376952,0.00026378351174649595,4.9151800322526774e-05,9.586801877313722e-05,0.00013140478273190292,0.0001374122349526371,0.0017955845912098725,0.0021771242604921837,0.003027254750657123,0.006434958152320635
2022-09-07 00:00:00+00:00,115.9000015258789,0.018812640414229698,6.958174106931376e-08,4.922138206359609e-05,9.593760051420458e-05,0.00013150494137374464,0.0012448016899195928,0.0018996395290820263,0.0029369075640773533,0.006419024972575764
2022-09-08 00:00:00+00:00,118.5999984741211,0.023028710186682844,0.00035391543935510856,0.0003539850210961779,0.0004031368214187027,0.00048538980382808366,0.0004913972560488145,0.0021554305889716677,0.0032194578886280897,0.006525015596427609
2022-09-09 00:00:00+00:00,119.16999816894533,0.004794556039783515,0.0005303214928622301,0.0008842369322173387,0.0008843065139584061,0.000980174532731546,0.0010157418735910828,0.0026798911051682814,0.003689257727455427,0.0068019172674394545
2022-09-12 00:00:00+00:00,120.58000183105467,0.011762418509001726,2.2987767618624584e-05,0.0005533092604808548,0.0009072246998359614,0.0009564460818995603,0.0010386990643089379,0.0021520263897555573,0.0030844185420692153,0.006810929962462706
2022-09-13 00:00:00+00:00,116.38999938964844,-0.03536683253678774,0.0001383544891809064,0.0001613422567995309,0.0006916637496617592,0.0010456487707579398,0.0011415167895310768,0.0011830610057105766,0.0029452187180988945,0.006926444540263976
2022-09-14 00:00:00+00:00,116.12000274658205,-0.00232245290047306,0.001250812843685188,0.0013891673328660942,0.001412155100484717,0.0022963920327020585,0.002345613414765654,0.002427896974075803,0.0040979071823186155,0.008076880473841001
2022-09-15 00:00:00+00:00,117.87000274658205,0.014958182730876679,5.393787474915728e-06,0.0012562066311601037,0.0013945611203410083,0.0019478703808218658,0.002301855401918043,0.002433260184649949,0.004097439993127915,0.007835531659925244
2022-09-16 00:00:00+00:00,117.08000183105467,-0.006724868077236934,0.0002237472306102973,0.00022914101808521302,0.0014799538617703992,0.0016412961185699327,0.0025255330507872715,0.0026214706513014783,0.0037703347407068632,0.007950270100263107
2022-09-19 00:00:00+00:00,118.16000366210938,0.009182191752893587,4.522385065624038e-05,0.00026897108126653767,0.00027436486874145164,0.0016635322016075485,0.0022168414620884033,0.0026199782835071082,0.0027082387181372168,0.00787309229278415
2022-09-20 00:00:00+00:00,115.83000183105467,-0.019916054463549493,8.4312645386907e-05,0.0001295364960431474,0.0003532837266534429,0.0016094903578135493,0.00177083261461308,0.002655139128571489,0.0027865744882041616,0.007068703665815254
2022-09-21 00:00:00+00:00,112.48999786376952,-0.029259304938044295,0.0003966492253950697,0.0004809618707819767,0.0005261857214382154,0.000755326739523431,0.002144494072389525,0.003051718772225489,0.0031831931366984615,0.007315163119754119
2022-09-22 00:00:00+00:00,111.20999908447266,-0.011444012215999777,0.0008561069254574633,0.001252756150852533,0.0013370687962394384,0.0016060398775059785,0.0028622465086660816,0.003553910258327844,0.0040037632981971575,0.008090861200477315
2022-09-23 00:00:00+00:00,109.13999938964844,-0.018788841432618497,0.00013096541559995213,0.0009870723410574155,0.0013837215664524835,0.0015132580624956332,0.0017423990805808462,0.0031545541810655653,0.004088012495346499,0.007558596769451964
2022-09-26 00:00:00+00:00,106.79000091552734,-0.02176715840910326,0.00035302056238008153,0.0004839859779800337,0.0013400929034374951,0.0018210547742194745,0.002090025855486012,0.0034845869758270225,0.004391881257404054,0.007696306607832182
2022-09-27 00:00:00+00:00,105.8499984741211,-0.008841314591218286,0.00047380918520699476,0.0008268297475870763,0.0009577951631870267,0.0022105513140395624,0.0023400878100827095,0.003820041671853111,0.004865620860869979,0.007900226609146936
2022-09-28 00:00:00+00:00,107.98999786376952,0.02001562729753381,7.816884370088936e-05,0.0005519780289078842,0.0009049985912879639,0.0018920709323453821,0.0023730328031273586,0.0026473976718688124,0.00458987426521576,0.00797111403696906
2022-09-29 00:00:00+00:00,106.16000366210938,-0.017091185942841314,0.0004006253361137807,0.00047879417981467004,0.0009526033650216631,0.0014365893430016994,0.002689345493854232,0.0030426292205076775,0.00446017810846731,0.008281322604762002
2022-09-30 00:00:00+00:00,104.5,-0.015760353115218173,0.0002921086369327765,0.0006927339730465572,0.0007709028167474448,0.0015977325643345237,0.002584804905391939,0.0031109906268301565,0.004729298977781462,0.008502066126890407
2022-10-03 00:00:00+00:00,107.7300033569336,0.03044105666185537,0.00024838873031636716,0.0005404973672491437,0.0009411227033629227,0.0014931007322708093,0.001977086710250843,0.0033141555064902834,0.004839333218916923,0.00868993320317188
2022-10-04 00:00:00+00:00,112.7699966430664,0.045722188409508036,0.0009266579306902892,0.0011750466610066564,0.001467155297939431,0.0019459494777541038,0.0027727792253411797,0.004156500791793666,0.004515178305922025,0.008988764180857334
2022-10-05 00:00:00+00:00,110.38999938964844,-0.021330771975016205,0.0020905185129545508,0.00301717644364484,0.0032655651739612055,0.0039582991470077655,0.004510277175915648,0.005850370079353146,0.00660030303140166,0.01080172838066066
2022-10-06 00:00:00+00:00,108.13999938964844,-0.02059286619144096,0.00045500183305013676,0.0025455203460046875,0.003472178276694975,0.004012675643944121,0.004491469823758792,0.005449264986945821,0.0068315576338414995,0.011158605834245328
2022-10-07 00:00:00+00:00,105.9800033569336,-0.020176249569995086,0.00042406613797859216,0.0008790679710287289,0.002969586483983278,0.004144633144989937,0.004837367118036494,0.00574236570932446,0.007210399921163851,0.011576810995558304
2022-10-10 00:00:00+00:00,104.98999786376952,-0.009385341559917215,0.0004070810467107269,0.0008311471846893191,0.001286149017739454,0.004303325461384296,0.00484382282863344,0.005796426193655105,0.007533168322487671,0.011433039559237681
2022-10-11 00:00:00+00:00,101.95999908447266,-0.029284516651224557,8.80846361963093e-05,0.0004951656829070363,0.0009192318208856267,0.003464752166890317,0.004639798827896973,0.00541070164464442,0.00722460373328891,0.010413804322208103
2022-10-12 00:00:00+00:00,103.61000061035156,0.016053285625881486,0.0008575829154958484,0.0009456675516921577,0.0013527485984028828,0.0022318165694316145,0.005248993013076454,0.006190115716439379,0.0072260797233272955,0.01126541036238399
2022-10-13 00:00:00+00:00,109.37000274658205,0.054102798305373234,0.00025770797938613315,0.0011152908948819816,0.001203375531078289,0.002034522715767611,0.004580043061772298,0.006047198359711732,0.007352822287113476,0.011523087764869355
2022-10-14 00:00:00+00:00,111.19000244140624,0.016503817212334404,0.002927112784471897,0.0031848207638580303,0.004042403679353877,0.004537569362260916,0.005416637333289644,0.008682202507250852,0.009926914509205293,0.014414663785382482
2022-10-17 00:00:00+00:00,115.86000061035156,0.041142099264263265,0.00027237598257814536,0.0031994887670500423,0.0034571967464361738,0.004402864298128334,0.005234011482817653,0.008706189759512631,0.009725481306576444,0.014640323549510018
2022-10-18 00:00:00+00:00,118.83999633789062,0.025395448842457924,0.001692672331870492,0.0019650483144486373,0.004892161098920532,0.006007451993802516,0.0065026176767095534,0.009472204160692834,0.011339984794746044,0.016283844081057985
2022-10-19 00:00:00+00:00,116.51000213623048,-0.01980089521192685,0.0006449288219098975,0.0023376011537803894,0.0026099771363585333,0.005794797900216566,0.006740465451908723,0.00802661446964818,0.011584288280542162,0.016928703321226812
2022-10-20 00:00:00+00:00,116.12999725341795,-0.0032668949602783215,0.00039207545119370764,0.001037004273103605,0.0027296766049740954,0.005929165372024141,0.007044456266906122,0.007963688087791751,0.011684255094803095,0.01696686333306541
2022-10-21 00:00:00+00:00,122.2300033569336,0.051194313646503176,1.0672602681491897e-05,0.0004027480538751995,0.0010476768757850953,0.0030127251902337354,0.006197545954091765,0.007550294552494651,0.011446538967168218,0.01644721444288467
2022-10-24 00:00:00+00:00,122.37999725341795,0.0012263923380881891,0.0026208577497365414,0.002631530352418033,0.003023605803611739,0.005361206957392131,0.008560695724442173,0.009764071255520465,0.013140738786214471,0.019045084425002592
2022-10-25 00:00:00+00:00,122.6999969482422,0.0026113912538319184,1.5040381669214152e-06,0.0026223617879034627,0.0026330343905849526,0.0036700386636885607,0.005635086978137197,0.009677490657491078,0.011051724311426842,0.018908233973988605
2022-10-26 00:00:00+00:00,124.11000061035156,0.011425947214093846,6.8193642805898385e-06,8.323402447511255e-06,0.002629181152184051,0.003031929206059253,0.005369530359839642,0.008826727106275817,0.010603541842657294,0.017664240494584007
2022-10-27 00:00:00+00:00,124.5999984741211,0.003940320047876256,0.0001305522697392589,0.00013737163401984873,0.00013887567218676843,0.0027704060246048047,0.0038074102977084094,0.008699571396628945,0.01031002797441796,0.01778939897684835
2022-10-28 00:00:00+00:00,126.08000183105467,0.011808046525394467,1.5526122079695538e-05,0.00014607839181895443,0.00015289775609954255,0.002775259544003008,0.003178007597878207,0.005787984734236742,0.009918473049786929,0.017581177868317747
2022-10-31 00:00:00+00:00,125.87999725341795,-0.001587590255372362,0.00013942996274588033,0.00015495608482557586,0.000285508354564833,0.0002938317570123469,0.00292536210943038,0.005655038714404478,0.0099698183763365,0.017675383980407387
2022-11-01 00:00:00+00:00,128.14999389648438,0.017872354805021473,2.5204428189532815e-06,0.0001419504055648336,0.0001574765276445274,0.0002948481616643787,0.002917209949567841,0.00396488682535294,0.009114755903659606,0.017593591777839434
2022-11-02 00:00:00+00:00,126.97000122070312,-0.009250557486370603,0.00031942106627657414,0.0003219415090955274,0.00046137147184140603,0.000607449863660363,0.0006157732661078738,0.0036393790697196162,0.009176468990550047,0.01751636361872094
2022-11-03 00:00:00+00:00,127.1999969482422,0.0018097792184086359,8.557281380864721e-05,0.00040499388008522136,0.0004075143229041729,0.0005624704077297514,0.0006998420417495997,0.0033328764323345555,0.006334929019886796,0.016745829507072124
2022-11-04 00:00:00+00:00,130.67999267578125,0.026990903771677566,3.2753008193837727e-06,8.884811462803099e-05,0.00040826918090460337,0.0005502195864694396,0.0006962979782883936,0.003325479130472447,0.006065828338128035,0.016618139392291554
2022-11-07 00:00:00+00:00,131.3699951171875,0.005266201627124545,0.0007285088864119583,0.0007317841872313421,0.0008173570010399874,0.0011392985101355176,0.0012942545949610929,0.001433130267147864,0.005101664892669501,0.016993627716323432
2022-11-08 00:00:00+00:00,131.4499969482422,0.0006087956467615285,2.7732879577529204e-05,0.0007562417659894875,0.0007595170668088694,0.0011645109468940934,0.0013064613524589267,0.0014593591085584716,0.004484468950337133,0.016547551410693962
2022-11-09 00:00:00+00:00,129.74000549316406,-0.01309403783508234,3.706321395157878e-07,2.810351171704499e-05,0.0007566123981290014,0.0008454605127570351,0.0011674020218525622,0.0014529103764173977,0.004092764131282942,0.016469753199132593
2022-11-10 00:00:00+00:00,135.0800018310547,0.040334718948005666,0.0001714538268265678,0.0001718244589660836,0.00019955733854361095,0.0009313415257749557,0.0013363354058601765,0.0014938119335047065,0.004253545355428017,0.01624058168984538
2022-11-11 00:00:00+00:00,135.3000030517578,0.0016273486595306252,0.0016268895526146074,0.001798343379441175,0.0017987140115806892,0.0025549557775701795,0.0026438038921982095,0.0031051753640396187,0.0032595771583060827,0.01757536260552721
2022-11-14 00:00:00+00:00,133.91000366210938,-0.010326597877216237,2.648263659676123e-06,0.0016295378162742835,0.0018009916431008495,0.0018290951548178972,0.0025608793420492386,0.002968393664953414,0.0032607213837988376,0.01732962213887052
2022-11-15 00:00:00+00:00,132.94000244140625,-0.00727004287685773,0.0001066386237177269,0.00010928688737740303,0.0017361764399920086,0.0019080008989580948,0.002664242664947582,0.003072511845852188,0.0033605406432359744,0.016509602831897955
2022-11-16 00:00:00+00:00,133.1199951171875,0.0013530234149579101,5.2853523431349815e-05,0.0001594921471490767,0.0001621404108087511,0.0019604837902499287,0.0019885873019669736,0.0028059443030069636,0.003282841896928065,0.014471937842374756
2022-11-17 00:00:00+00:00,132.5399932861328,-0.00436650438844044,1.830672361424365e-06,5.468419579277418e-05,0.00016132281951049935,0.0017908606357847855,0.0019626850947508686,0.002722202161559741,0.003269146447209794,0.014018766681686043
2022-11-18 00:00:00+00:00,133.83999633789062,0.009760593312046595,1.906636057426962e-05,2.0897032935693984e-05,7.375055636704207e-05,0.0001830374437444477,0.0019813808231856226,0.0027379932213146265,0.0031487828450381832,0.01361376690428172
2022-11-21 00:00:00+00:00,133.0500030517578,-0.005920008956100453,9.526918180316871e-05,0.00011433554237743833,0.00011616621473886096,0.00027565836188794026,0.0019051961781622233,0.002104753516705837,0.003241531584022399,0.013301955039374161
2022-11-22 00:00:00+00:00,135.0399932861328,0.014845960769404698,3.504650604030958e-05,0.0001303156878434783,0.0001493820484177462,0.00020406624421052296,0.00031335313158792555,0.002112067143168617,0.0029571570237861343,0.013248916909218164
2022-11-23 00:00:00+00:00,136.47999572753906,0.010607071308674776,0.00022040255116670334,0.00025544905720701293,0.0003507182390101799,0.00037161527194587646,0.0005311074190949528,0.002332099062195805,0.0030919867611441903,0.012611736544889018
2022-11-25 00:00:00+00:00,136.74000549316406,0.0019033002192729853,0.00011250996174731162,0.00033291251291401496,0.00036795901895432287,0.0004822945613317637,0.0005369787571245375,0.0022731551971165486,0.0032012214220721183,0.012466538527250196
2022-11-28 00:00:00+00:00,134.35000610351562,-0.017632972166511607,3.622551724684594e-06,0.00011613251347199621,0.0003365350646386978,0.0004668507524821787,0.00048774778541787225,0.0006498881962266261,0.0024763350873848447,0.009543048294502983
2022-11-29 00:00:00+00:00,136.55999755859375,0.016315680116820275,0.000310921707424973,0.0003145442591496576,0.0004270542208969675,0.000682503278103983,0.0007968388204814209,0.0009581616399919231,0.0027595239152322882,0.009581594019349812
2022-11-30 00:00:00+00:00,138.17999267578125,0.011793069447452176,0.00026620141767440443,0.0005771231250993774,0.0005807456768240603,0.0009136581897380778,0.0010439738775815557,0.0011177244339486006,0.003025354700767177,0.008155123105153725
2022-12-01 00:00:00+00:00,136.24000549316406,-0.014139053381543754,0.00013907648699242997,0.0004052779046668344,0.0007161996120918057,0.0008323321255638044,0.001087781182770817,0.001203947397509681,0.002992977360933039,0.0076492707702362555
2022-12-02 00:00:00+00:00,135.16000366210938,-0.0079587877334788,0.00019991283052614385,0.0003389893175185738,0.0006051907351929765,0.0009197349943426367,0.0012526475072566511,0.0014020295556744,0.0015660006388445759,0.007457108149568692
2022-12-05 00:00:00+00:00,131.3699951171875,-0.028441556627695874,6.334230218657262e-05,0.00026325513271271647,0.0004023316197051447,0.0009794547448045247,0.0010955872582765207,0.0014463054972867033,0.0016266946773714724,0.007509777849073773
2022-12-06 00:00:00+00:00,131.58999633789062,0.0016732680193385363,0.0008089221434064312,0.0008722644455930038,0.0010721772761191459,0.0014774551807859829,0.00179199943993564,0.002159958458889966,0.002328978197060177,0.005697842242743663
2022-12-07 00:00:00+00:00,131.5,-0.00068414871453637,2.7998258645411084e-06,0.0008117219692709722,0.0008750642714575431,0.0012140535889761197,0.0017911767140754967,0.0021277117787141973,0.002278924499493368,0.005699138030441283
2022-12-08 00:00:00+00:00,132.8800048828125,0.010439650433249348,4.6805946360176755e-07,3.267885328142876e-06,0.0008121900287345723,0.0010754451614472913,0.0014807230661141252,0.0019077772870110955,0.0022775618865955457,0.005692786725624294
2022-12-09 00:00:00+00:00,132.16000366210938,-0.005433164568735549,0.0001089863011684433,0.00010945436063204506,0.00011225418649658444,0.0009845186320895907,0.0013235079496081643,0.0019042536264322273,0.0023674818271897193,0.005671220757053478
2022-12-12 00:00:00+00:00,134.2100067138672,0.015392449952469356,2.9519277230963344e-05,0.00013850557839940663,0.00013897363786300666,0.0009506956071339815,0.0012139507398466977,0.0019301503519385062,0.0023017319226175136,0.005685213912204746
2022-12-13 00:00:00+00:00,134.0800018310547,-0.0009691370445956693,0.00023692751553927387,0.0002664467927702372,0.00037543309393867877,0.00037870097926682425,0.0012509654248598276,0.0018561561600528068,0.002503612932116478,0.00578271146499814
2022-12-14 00:00:00+00:00,133.41000366210938,-0.005009529749456121,9.392266112076283e-07,0.00023786674215048147,0.0002673860193814431,0.0003768403800134908,0.0011885623492844627,0.0015908939689896102,0.0022841496075609825,0.0057811302487903934
2022-12-15 00:00:00+00:00,130.10000610351562,-0.025123688208259942,2.5095388310685906e-05,2.6034614921893507e-05,0.0002629621304611657,0.0004014677088605749,0.00040473559418871736,0.001476912870307866,0.0021967350341243566,0.005486804570824505
2022-12-16 00:00:00+00:00,129.2899932861328,-0.006245541094773266,0.0006311997091858597,0.0006562950974965455,0.0006572343241077515,0.0009236811168779913,0.001033135477510036,0.0019081997489675821,0.0028243121915855316,0.006032431466201718
2022-12-19 00:00:00+00:00,130.05999755859375,0.005937972331904184,3.9006783566501646e-05,0.0006702064927523613,0.0006953018810630456,0.0009331686232135297,0.0010716742016129359,0.0018838642303475109,0.0025523972677270607,0.006068162948948836
2022-12-20 00:00:00+00:00,130.69000244140625,0.0048322616202183255,3.5259515414459616e-05,7.426629898096116e-05,0.0007054660081668192,0.0007315006230887153,0.0009979474158589522,0.0011102016023555395,0.002321455365467116,0.005374913577951338
2022-12-21 00:00:00+00:00,132.16000366210938,0.011185212192493132,2.3350752366235036e-05,5.8610267780694547e-05,9.761705134719456e-05,0.0007539121488437428,0.000991778890994224,0.0011307525288572332,0.0022057296308409208,0.005370531450740044
2022-12-22 00:00:00+00:00,130.66000366210938,-0.011414780041952177,0.00012510897179109702,0.00014845972415733196,0.00018371923957178994,0.000853925732324154,0.000879960347246047,0.0012553934411847288,0.0021309257721058737,0.005495269790391625
2022-12-23 00:00:00+00:00,131.27999877929688,0.004733880042985028,0.00013029720340614976,0.0002554061751972467,0.0002787569275634801,0.00035302322654444396,0.0010093183240409893,0.001276704343422435,0.002197880673325451,0.005454113166971207
2022-12-27 00:00:00+00:00,131.74000549316406,0.0034978874261897275,2.2409620261371932e-05,0.00015270682366752157,0.000277815795458617,0.00033642606323931425,0.0010066325559916754,0.0012695946864528435,0.0014113681501803916,0.0038496332346179716
2022-12-28 00:00:00+00:00,132.4600067138672,0.005450438833273452,1.2235216446296196e-05,3.4644836707668024e-05,0.00016494204011381614,0.0003134017642711508,0.00038766806325211164,0.001044902387359866,0.0014208035407621466,0.0038592201874045914
2022-12-29 00:00:00+00:00,133.22000122070312,0.005721142405266555,2.970728347525527e-05,4.194249992155136e-05,6.435212018292166e-05,0.00031975829538017107,0.0003783685631608653,0.0010736704442239136,0.0014500427647738004,0.00378228884716212
2022-12-30 00:00:00+00:00,134.10000610351562,0.006583929654193632,3.273147042133918e-05,6.243875389659435e-05,7.46739703428889e-05,0.0002273807940104132,0.00037584051816774483,0.0010813065263345668,0.001373787934026696,0.0037621667941521095
2023-01-03 00:00:00+00:00,135.1199951171875,0.00757740056039502,4.334812969137028e-05,7.607960011270935e-05,0.00010578688358796299,0.00014043172029563374,0.0003958378954928801,0.0004934549468400774,0.001387616786487103,0.003803684251482055
2023-01-04 00:00:00+00:00,136.3800048828125,0.009281906532817352,5.7416999252674766e-05,0.00010076512894404494,0.0001334965993653825,0.00017543909928693655,0.0003281459229544578,0.0005118651625262506,0.001208106270200504,0.0038420348901604603
2023-01-05 00:00:00+00:00,135.35000610351562,-0.007581081740877238,8.615378888395744e-05,0.0001435707881366321,0.00018691891782800075,0.0002493576717245978,0.00028400250843226547,0.0005627594359957484,0.0012933208324732537,0.0038329194972412488
2023-01-06 00:00:00+00:00,137.94000244140625,0.018954764547565617,5.7472800361862256e-05,0.0001436265892458196,0.00020104358849849275,0.0002771231886112048,0.0003190656885327558,0.0005968814839913756,0.0013256982445244302,0.0038553457915628015
2023-01-09 00:00:00+00:00,137.3699951171875,-0.004140845910046487,0.0003592830990536504,0.00041675589941551254,0.0005029096882994684,0.0006036748172435159,0.00066611357114011,0.000831055611253929,0.0010537816343922208,0.003994226339449749
2023-01-10 00:00:00+00:00,138.60000610351562,0.008914151000567472,1.7146604850748715e-05,0.00037642970390439897,0.0004339025042662596,0.0005774732924028944,0.0006535528925156034,0.000717905012698528,0.0010319214556764678,0.003898862982553186
2023-01-11 00:00:00+00:00,139.6300048828125,0.0074039711310431855,7.946208806091806e-05,9.660869291166666e-05,0.0004558917919653154,0.0005995183812111377,0.0007002835101551823,0.000774957480498074,0.0010761240283229264,0.003974702518889419
2023-01-12 00:00:00+00:00,139.49000549316406,-0.0010031484392678536,5.481878850932091e-05,0.00013428087657023886,0.00015142748142098596,0.0005681833808365011,0.000711754168973133,0.0008175410525610987,0.001107592064466012,0.0037185995999737672
2023-01-13 00:00:00+00:00,143.00999450683594,0.024921565989307837,1.0063067912055306e-06,5.582509530052633e-05,0.00013528718336144275,0.0005117168872658445,0.0006553434765116637,0.0007888400758770491,0.0009834893994661207,0.0034534044890905686
2023-01-17 00:00:00+00:00,140.8000030517578,-0.01557405407543655,0.0006210844513594251,0.0006220907581506305,0.0006769095466599498,0.0007735182395716192,0.0011902741389871315,0.0013771930568151351,0.001474276647419396,0.003935412453457563
2023-01-18 00:00:00+00:00,136.57000732421875,-0.030503108078248076,0.0002425511603446218,0.0008636356117040469,0.0008646419184952508,0.0009989227950654924,0.0013753524989698908,0.0015763960874683866,0.0016944181875026458,0.003978050783276042
2023-01-19 00:00:00+00:00,134.75,-0.013416147531002842,0.000930439602433283,0.0011729907627779047,0.001794075214137328,0.001849900309437857,0.0019465090023495235,0.0024494186906489947,0.0026126225734896327,0.004845148083522752
2023-01-20 00:00:00+00:00,135.0800018310547,0.002445999283595235,0.00017999301457363365,0.0011104326170069164,0.0013529837773515365,0.00197507453550217,0.0021093554120724086,0.002543257916338671,0.002762908304588011,0.004216218954689955
2023-01-23 00:00:00+00:00,137.27000427246094,0.016082611315371587,5.9829124953484025e-06,0.00018597592706898195,0.0011164155295022632,0.0019800511412063127,0.0020358762365068387,0.0024917680284721575,0.00273615974666202,0.004219402041320762
2023-01-24 00:00:00+00:00,138.4499969482422,0.008559407186586654,0.0002586503867213182,0.0002646332992166665,0.0004446263137902984,0.0016176170765682058,0.0022397078347188362,0.0023911353161398252,0.0029514620036919684,0.004477584368578478
2023-01-25 00:00:00+00:00,139.1199951171875,0.004827607373519172,7.326345138579126e-05,0.00033191383810710935,0.00033789675060245597,0.0014483293676093754,0.0023119649793134217,0.0024472521626748675,0.002967308455825085,0.004441861518795826
2023-01-26 00:00:00+00:00,139.97999572753906,0.006162689791275433,2.3305792952856674e-05,9.656924433864783e-05,0.00035521963105996426,0.000541195558128949,0.0017141863209068533,0.002391095867566806,0.0029044604598939838,0.004435648034517719
2023-01-27 00:00:00+00:00,140.32000732421875,0.002426056080958361,3.797874546349044e-05,6.128453841634701e-05,0.00013454798980213652,0.00039918128901880577,0.001509613906025722,0.002374255824520976,0.0028849664049956122,0.004236699264441935
2023-01-30 00:00:00+00:00,139.1300048828125,-0.008516797871304327,5.885748107955041e-06,4.386449357144537e-05,6.717028652430031e-05,0.00039908412463141247,0.0005850600517003941,0.002379135265837725,0.002531569054049917,0.0042416457859386835
2023-01-31 00:00:00+00:00,139.9600067138672,0.005947932520276922,7.253584598065392e-05,7.842159408860886e-05,0.00011640033955209755,0.0002129695838907482,0.0004776028831074143,0.0018305866604589537,0.002586958295179822,0.004289086243608652
2023-02-01 00:00:00+00:00,139.58999633789062,-0.0026471871794742086,3.5377901265767776e-05,0.0001079137472464216,0.00011379949535437488,0.00017508403377072473,0.0005069978718778337,0.0016234134013801,0.0025428741083846716,0.0036932644356885594
2023-02-02 00:00:00+00:00,138.94000244140625,-0.00466732545351789,7.007599963172616e-06,4.23855012289403e-05,0.00011492134720959246,0.00015878584078104065,0.0002553550851196882,0.0006999813989099895,0.0024950629198385236,0.00366126525208523
2023-02-03 00:00:00+00:00,141.08999633789062,0.015355755832833218,2.1783926889055977e-05,2.87915268522285e-05,6.416942811799452e-05,0.0001425910222066062,0.00020387556062295286,0.0005417723112254118,0.002515840539936374,0.0036477896635598267
2023-02-06 00:00:00+00:00,141.9199981689453,0.005865546990022175,0.0002357992371975914,0.0002575831640866473,0.00026459076404981814,0.00037250451129624255,0.0004163690048676876,0.0007715886359276549,0.00213055532577454,0.003860238148391183
2023-02-07 00:00:00+00:00,143.64999389648438,0.012116237277251862,3.440464149215819e-05,0.0002702038786897495,0.0002919878055788037,0.00033437330680774686,0.0004127949008963553,0.0005473428906984948,0.0019224088069220765,0.0037695338180922444
2023-02-08 00:00:00+00:00,142.63999938964844,-0.007055773660581188,0.00014680320575866763,0.00018120784725082575,0.0004170070844484154,0.0004457986113006467,0.0005537123585470679,0.0006208826450713712,0.0011387724102474611,0.0037860398204447618
2023-02-09 00:00:00+00:00,140.4199981689453,-0.01568605072665985,4.978394194935126e-05,0.0001965871477080188,0.00023099178920017526,0.0004885749532868253,0.0005309604545157653,0.0006473607940678658,0.0010085633376231786,0.003813414142132741
2023-02-10 00:00:00+00:00,141.0399932861328,0.004405571937778241,0.000246052187399346,0.0002958361293486972,0.00044263933510736307,0.0007128432137971153,0.0007416347406493434,0.0008554342360037213,0.0012486326125271763,0.004047231113085791
2023-02-13 00:00:00+00:00,142.57000732421875,0.01078966805162107,1.9409064098939125e-05,0.000265461251498285,0.00031524519344763456,0.0004964530406984632,0.00075403620478511,0.0008689575519947054,0.0010093912899047975,0.004036932893709475
2023-02-14 00:00:00+00:00,143.1999969482422,0.004409074676727798,0.00011641693666417243,0.00013582600076311144,0.0003818781881624557,0.0005784653358704773,0.0008486692145602265,0.0009128386426782239,0.0010525447751831786,0.004120618359952309
2023-02-15 00:00:00+00:00,143.8000030517578,0.004181233293796716,1.9439939504962334e-05,0.00013585687616913465,0.00015526594026807203,0.00045110206961677203,0.0006323099168675974,0.0008969006809174185,0.0010486789217352842,0.0040967101697659
2023-02-16 00:00:00+00:00,141.82000732421875,-0.013864766988864297,1.748271185715413e-05,3.6922651362116354e-05,0.00015333958802628706,0.0004188008395245749,0.0006153879872325933,0.0009073757928114001,0.0010281828881289479,0.004056775882370379
2023-02-17 00:00:00+00:00,142.24000549316406,0.0029571108642567623,0.00019223176365550112,0.00020971447551265514,0.00022915441501761575,0.00036498041578073004,0.0006608165451294268,0.0010778236295778453,0.001214528903676494,0.004162853857141923
2023-02-21 00:00:00+00:00,139.6300048828125,-0.01851970846082196,8.744504663505375e-06,0.0002009762683190064,0.0002184589801761588,0.0003543158563452963,0.0006197771078435809,0.0008507688970437592,0.0011507375623593455,0.004114125561443566
2023-02-22 00:00:00+00:00,138.55999755859375,-0.0076926747294780995,0.0003429796014738405,0.00035172410613734575,0.0005439558697928452,0.0005808785211549644,0.0007167045219180755,0.0011593438570254415,0.0014583392625674182,0.004097822063863756
2023-02-23 00:00:00+00:00,139.6699981689453,0.007979057013539403,5.9177244493550954e-05,0.0004021568459673914,0.000410901350630895,0.000620615826143553,0.0007564727023126873,0.0010717178957603247,0.0015105089070977966,0.004139852703506559
2023-02-24 00:00:00+00:00,140.92999267578125,0.008980777024987674,6.366535082531234e-05,0.00012284259531886323,0.00046582219679270194,0.0006667984651117112,0.0007037211164738273,0.0010855993046362858,0.0015523903310340529,0.004124055966270953
2023-02-27 00:00:00+00:00,142.16000366210938,0.008689948374069445,8.065435597254646e-05,0.00014431970679785875,0.0002034969512914079,0.0005552210574287566,0.0007649355329414113,0.0009202014732094864,0.0013972454498090078,0.0041498915337341786
2023-02-28 00:00:00+00:00,143.35000610351562,0.008336025300221372,7.551520274399219e-05,0.00015616955871653859,0.00021983490954184917,0.0006219917555092433,0.0008229680238282495,0.0009763076118545393,0.001438356011060842,0.004224400429686965
2023-03-01 00:00:00+00:00,142.5500030517578,-0.005596398140080616,6.948931780593082e-05,0.00014500452054992295,0.00022565887652246762,0.00034850147184133367,0.0007002255779786791,0.0009293799929962977,0.0013610421231081051,0.003672805296133471
2023-03-02 00:00:00+00:00,141.07000732421875,-0.010436563761565765,3.131967214229778e-05,0.00010080898994822855,0.00017632419269221895,0.00032064389949008047,0.0007228007454574716,0.0009412597256336332,0.0013425778533010515,0.003461573807931147
2023-03-03 00:00:00+00:00,143.66000366210938,0.01819314913271075,0.00010892186314922775,0.00014024153529152548,0.0002097308530974545,0.0003659004118139959,0.0004887430071328588,0.0010326988769257068,0.0012054475290509332,0.002640056068647092
2023-03-06 00:00:00+00:00,142.82000732421875,-0.005864274734331154,0.00033099067536505395,0.00043991253851428166,0.0004712322106565776,0.0006162367312065034,0.0007605564380043617,0.0011714577886352596,0.0015170291403170482,0.002791053729438512
2023-03-07 00:00:00+00:00,138.6199951171875,-0.02984880613843366,3.4389718159714726e-05,0.0003653803935247686,0.00047430225667399457,0.0005751112466222259,0.0007312808053387642,0.001197103002131469,0.0014350019218125904,0.0028194605351028784
2023-03-08 00:00:00+00:00,137.8000030517578,-0.00593296053955239,0.0008909512278897949,0.0009253409460495095,0.0012563316214145616,0.0013965731567060899,0.0015415776772560127,0.0017450746285474234,0.002306513210197423,0.003451761376271355
2023-03-09 00:00:00+00:00,130.33999633789062,-0.055656987918196066,3.5200020763885784e-05,0.0009261512486536806,0.0009605409668133936,0.001400453505327678,0.0015012624952759062,0.001721097404817758,0.0023242305191041547,0.0034136979456494496
2023-03-10 00:00:00+00:00,133.64999389648438,0.025078004109375662,0.003097700304126223,0.003132900324890109,0.004023851552779902,0.004389231946304673,0.004529473481596198,0.004755132358118669,0.005229699059574877,0.0064880924568228165
2023-03-13 00:00:00+00:00,131.25,-0.018120495445288043,0.0006289062901098626,0.0037266065942360856,0.0037618066149999697,0.004687147561049482,0.005127060099563763,0.005303384292255985,0.005849860845021234,0.007079020001469188
2023-03-14 00:00:00+00:00,134.6199951171875,0.025352056839755832,0.0003283523551827047,0.0009572586452925673,0.004054958949418788,0.004981110198072472,0.00534649059159724,0.005556221444694698,0.005835233598730098,0.007401486608543937
2023-03-15 00:00:00+00:00,128.25999450683594,-0.048396547419121916,0.0006427267860062105,0.0009710791411889152,0.0015999854312987762,0.004732885756188888,0.0056582267022383965,0.0061294589128949774,0.0064187831402427575,0.007971677548569494
2023-03-16 00:00:00+00:00,130.75,0.019227692052665724,0.002342225802091316,0.0029849525880975263,0.0033133049432802295,0.007039911537516317,0.007966062786169998,0.008440365042843996,0.008697343591508762,0.010278525449395044
2023-03-17 00:00:00+00:00,125.80999755859376,-0.03851428998749551,0.0003697041416721446,0.0027119299437634607,0.0033546567297696693,0.0043119153750622394,0.007444815699952347,0.008701147321366912,0.00898639337720836,0.010641221991104016
2023-03-20 00:00:00+00:00,127.13999938964844,0.010516023750099635,0.0014833505332408968,0.0018530546749130415,0.004195280477004355,0.005166359618193273,0.008892966212429358,0.009853507179242755,0.010394228707705264,0.012102788597455855
2023-03-21 00:00:00+00:00,130.5500030517578,0.026467481813662097,0.00011058675551265958,0.0015939372887535564,0.0019636414304256993,0.004948594018523229,0.005905852663815795,0.009929704216595699,0.010435326145411993,0.011977576115770924
2023-03-22 00:00:00+00:00,127.18000030517578,-0.026152910282479347,0.0007005275935565338,0.0008111143490691934,0.0022944648823100882,0.0050063948260735515,0.005977473967262467,0.009739280582262439,0.011104534066826228,0.0126436990678353
2023-03-23 00:00:00+00:00,126.83999633789062,-0.002676987440554335,0.0006839747162434139,0.0013845023097999478,0.0014950890653126056,0.0033481437402256495,0.006333096328323176,0.010388055277741969,0.011679586919920415,0.013180870578320045
2023-03-24 00:00:00+00:00,124.91000366210938,-0.015332913502463796,7.166261756885648e-06,0.0006911409780002996,0.0013916685715568316,0.0029856058603103908,0.005697535804073851,0.007297521235372629,0.011355762506312247,0.01313825289812758
2023-03-27 00:00:00+00:00,128.49000549316406,0.028257615751273057,0.0002350982364740366,0.00024226449823092224,0.0009262392144743345,0.0017373535635435305,0.0035904082384565716,0.006903713181736804,0.011556471024626569,0.01312729894720227
2023-03-28 00:00:00+00:00,128.8800048828125,0.0030306537081470353,0.0007984928479465952,0.0010335910844206319,0.0010407573461775157,0.002425259655977466,0.004019196944731022,0.0073738536745006945,0.01146401264468337,0.013906382731049927
2023-03-29 00:00:00+00:00,129.13999938964844,0.002015305716821736,9.184861898705375e-06,0.0008076777098453006,0.0010427759463193355,0.0017339169243196376,0.002545031273388831,0.006740311750393189,0.011437997485818188,0.013799150656284459
2023-03-30 00:00:00+00:00,128.75,-0.0030245429281974268,4.061457132254371e-06,1.3246319030959746e-05,0.0008117391669775531,0.0010540036652084781,0.0024385059750084252,0.004402147405434127,0.00834435863882422,0.013783772173911753
2023-03-31 00:00:00+00:00,130.30999755859375,0.012043668877597113,9.147859924509064e-06,1.3209317056763436e-05,2.2394178955467076e-05,0.0010559852633761015,0.0017471262413764005,0.004041591123686492,0.007724600208638866,0.013775437321979106
2023-04-03 00:00:00+00:00,130.16000366210938,-0.0011517173752171317,0.0001450499600332013,0.00015419781995771036,0.000158259277089963,0.0009659369869352661,0.001208201485166188,0.0027032905504787963,0.007541297813489363,0.013728255518356805
2023-04-04 00:00:00+00:00,128.4199981689453,-0.013458362938653323,1.3264529123770394e-06,0.00014637641294557835,0.0001555242728700857,0.00016877059190104803,0.0012023616763216795,0.0025940302478785135,0.00689989748039553,0.013720837466605677
2023-04-05 00:00:00+00:00,127.61000061035156,-0.006327385578742906,0.0001811275329885173,0.00018245398590089435,0.0003275039459340939,0.00034071326299085997,0.0011483909728361602,0.002074630187310497,0.004738799211292731,0.013558985398120355
2023-04-06 00:00:00+00:00,127.47000122070312,-0.0010976901576036369,4.003580826208369e-05,0.000221163341250601,0.0002224897941629763,0.00037668761412068926,0.0003899339331516486,0.001430691279329167,0.00440913087788267,0.013539843961888889
2023-04-10 00:00:00+00:00,127.88999938964844,0.003289462301530044,1.2049236820998972e-06,4.124073194418359e-05,0.00022236826493269917,0.00036874467787828015,0.00038195399493504313,0.0014247299412543813,0.0029269852683238727,0.013477383534745676
2023-04-11 00:00:00+00:00,128.52000427246094,0.004914052818450365,1.0820562233187334e-05,1.202548591528723e-05,5.2061294177369186e-05,0.00023451528007826614,0.0003887131000359761,0.0012004522670135318,0.0028272190750444006,0.013407549741006317
2023-04-12 00:00:00+00:00,128.5,-0.000155663155931407,2.4147915102519976e-05,3.496847733570731e-05,3.617340101780547e-05,0.00025733674226840905,0.000403713155213987,0.00042610733416945665,0.002150839396590387,0.013356182453364843
2023-04-13 00:00:00+00:00,128.99000549316406,0.003806020227737683,2.423101811452553e-08,2.41721461206345e-05,3.49927083538201e-05,7.623344029800629e-05,0.0002586874261989002,0.0004169467032888658,0.0014668889113650873,0.013286717366577029
2023-04-14 00:00:00+00:00,138.72999572753906,0.07279464273267067,1.4485789973948406e-05,1.4510020992062931e-05,3.865793609458117e-05,5.068342200987101e-05,0.00027184676326047155,0.0004273710361305598,0.0014742084395821503,0.013269883484408678
2023-04-17 00:00:00+00:00,139.8300018310547,0.00789784485193934,0.005299060010577162,0.00531354580055111,0.005313570031569223,0.005348538508904933,0.005389779240849116,0.005717283186783213,0.0065381702136852755,0.01846002163183661
2023-04-18 00:00:00+00:00,141.39999389648438,0.011165298149958147,6.237595330530473e-05,0.005361435963882466,0.005375921753856413,0.00540009389997705,0.005412119385892336,0.005634609180055317,0.0058020533190439845,0.01819140690977686
2023-04-19 00:00:00+00:00,141.22000122070312,-0.001273743565398,0.00012466388277745883,0.00018703983608276358,0.005486099846659924,0.005500609867651989,0.005535578344987696,0.005757946609920399,0.005917532339922739,0.018281681074394606
2023-04-20 00:00:00+00:00,140.80999755859375,-0.0029075201412638307,1.6224226703928092e-06,0.00012628630544785164,0.00018866225875315465,0.005502208059304267,0.005526380205424901,0.005578441499602274,0.005915093305460877,0.017392352269175203
2023-04-21 00:00:00+00:00,140.5399932861328,-0.0019193485987996084,8.453673371854846e-06,1.0076096042247654e-05,0.00013473997881970477,0.005496175942702174,0.005510685963694236,0.005546859364712045,0.0059143991189082225,0.017365605921783173
2023-04-24 00:00:00+00:00,140.72999572753906,0.0013510326570802533,3.68389904371402e-06,1.2137572415568866e-05,1.3759995085959966e-05,0.00020079983116872612,0.005514345631719836,0.005549338340073659,0.005773033057918736,0.014271589516700666
2023-04-25 00:00:00+00:00,137.6699981689453,-0.021983626874664708,1.8252892404973293e-06,5.509188284211349e-06,1.3962861656064488e-05,0.0001402491671039187,0.005501685130986384,0.005540343067080969,0.0057735318942468555,0.0136445085158313
2023-04-26 00:00:00+00:00,135.22999572753906,-0.017882502883298734,0.00048327985056448037,0.0004851051398049777,0.00048878903884869,0.0004988651348909402,0.0006859049709737029,0.005999475002542929,0.006075684211822818,0.013799436011213076
2023-04-27 00:00:00+00:00,137.0500030517578,0.013368844125036361,0.00031978390937118753,0.0008030637599356679,0.0008048890491761635,0.000817026621591735,0.0009433129270395857,0.006319234680896002,0.006355432312931922,0.013476493134578053
2023-04-28 00:00:00+00:00,138.24000549316406,0.00864549977590201,0.00017872599323951922,0.0004985099026107067,0.0009817897531751855,0.0009872989414593993,0.000997375037501646,0.006483474884161573,0.006532953382489342,0.011312993325726255
2023-05-01 00:00:00+00:00,141.1999969482422,0.021185958653951786,7.474466637512171e-05,0.0002534706596146409,0.0005732545689858267,0.0010583597087908071,0.001070497281206375,0.0012591595399595332,0.006596877486631276,0.011018033850429232
2023-05-02 00:00:00+00:00,138.9199981689453,-0.016279088750894566,0.0004488448440869546,0.0005235895104620763,0.0007023155037015938,0.0015053792636372644,0.0015108884519214748,0.001645628430741183,0.007021574415615711,0.009983528161275292
2023-05-03 00:00:00+00:00,135.97999572753906,-0.02139043001669272,0.000265008730559502,0.0007138535746464567,0.0007885982410215766,0.0012871081436322859,0.0017722132834372627,0.0017859732785232261,0.007286558915157098,0.010137950136322134
2023-05-04 00:00:00+00:00,134.1199951171875,-0.013772899486808043,0.0004575504962990289,0.0007225592268585309,0.0011714040709454839,0.0014248747305601272,0.002227938490495794,0.0022419013521518625,0.007729623621482179,0.009894973039064628
2023-05-05 00:00:00+00:00,136.74000549316406,0.01934646746624402,0.00018969276027371726,0.0006472432565727462,0.0009122519871322464,0.0014358414975943253,0.0019343514002050312,0.0024231404390537246,0.002620256371178734,0.009400691083094933
2023-05-08 00:00:00+00:00,137.07000732421875,0.002410445019462415,0.00037428580342243836,0.0005639785636961556,0.0010215290599951828,0.001735382634641642,0.001988853294256282,0.002793742343432449,0.002932166221295868,0.009767810624760485
2023-05-09 00:00:00+00:00,136.41000366210938,-0.004826714326068071,5.810245191851162e-06,0.00038009604861428964,0.0005697888088880051,0.0012923480357465383,0.0018159375462086138,0.0027977272993838028,0.00281331258371026,0.009538522633478298
2023-05-10 00:00:00+00:00,136.47999572753906,0.0005129690873326709,2.3297171185470754e-05,2.910741637732197e-05,0.00040339321979975857,0.0010506364763725072,0.001764490051018963,0.0023377446200047933,0.0028349873322253377,0.008763326956717174
2023-05-11 00:00:00+00:00,136.0500030517578,-0.0031555647782974816,2.631372845589133e-07,2.356030847002972e-05,2.9370553661879095e-05,0.0005933491173580373,0.0013159083442165673,0.002018223847918165,0.002826796796138042,0.00875440523210303
2023-05-12 00:00:00+00:00,134.10000610351562,-0.014436651858114935,9.957589070031635e-06,1.0220726354590602e-05,3.3517897540059566e-05,0.00041361394615435176,0.001060857202727097,0.001849455443748677,0.0028330704861643597,0.008760301364040804
2023-05-15 00:00:00+00:00,135.22999572753906,0.00839116508894655,0.0002084169168724134,0.00021837450594244508,0.0002186376432270022,0.00024774505960432674,0.0008117236233004815,0.0019831276942459688,0.0030396621137962756,0.00895957042098871
2023-05-16 00:00:00+00:00,134.32000732421875,-0.006751933593819537,7.041165154995537e-05,0.0002788285684223688,0.00028878615749239865,0.00031234646596243093,0.0006924425145767196,0.0016046945017089696,0.0026267939147817504,0.008884932112505465
2023-05-17 00:00:00+00:00,138.4499969482422,0.0302841602772439,4.558860725534881e-05,0.00011600025880530423,0.00032441717567771583,0.000334637902032309,0.00036374531840963005,0.0013852743784048163,0.002352598612665912,0.008929194266848435
2023-05-18 00:00:00+00:00,139.5,0.0075553736867597365,0.0009171303636977973,0.0009627189709531461,0.0010331306225030998,0.0012515051284455474,0.0012750654369155761,0.0018448542458035847,0.0030910029831241904,0.009665197097557716
2023-05-19 00:00:00+00:00,139.17999267578125,-0.002296594468792712,5.7083671546581414e-05,0.0009742140352443788,0.0010198026424997257,0.0012986312109220972,0.0013088519372766868,0.001712245157076449,0.00307334198829565,0.009682244960842213
2023-05-22 00:00:00+00:00,138.02999877929688,-0.00829696280089287,5.274346154089279e-06,6.23580177006707e-05,0.0009794883813984663,0.0010954886402037732,0.0013138631461462173,0.0013432336998080998,0.0026297714903627846,0.009686314383314203
2023-05-23 00:00:00+00:00,136.58999633789062,-0.010487332787897152,6.883959171940008e-05,7.411393787348936e-05,0.00013119760942006904,0.001093916580373218,0.0013727451487955857,0.0014062630463356487,0.0024336023515226825,0.009744333412800416
2023-05-24 00:00:00+00:00,135.33999633789062,-0.00919360745834652,0.00010998414900410266,0.00017882374072350274,0.0001840980868775903,0.0011583121221219717,0.001274312380927275,0.0014929500241542804,0.0020860360042277565,0.009830169646701997
2023-05-25 00:00:00+00:00,135.6699981689453,0.002435349255340391,8.452241809816476e-05,0.00019450656710226743,0.0002633461588216658,0.0003257041765223391,0.0012884231474754842,0.0015772093049678864,0.001980865662052204,0.009914667833782047
2023-05-26 00:00:00+00:00,136.94000244140625,0.009317438520377586,5.930925995486997e-06,9.045334409365176e-05,0.00020043749309775266,0.00027455143097124463,0.0012487654662156225,0.0015731826418933419,0.0016125107846252525,0.009906112969803586
2023-05-30 00:00:00+00:00,137.4600067138672,0.0037901230145829246,8.681466058101605e-05,9.274558657650305e-05,0.00017726800467466607,0.00035609174539817147,0.00041844976309884127,0.0014515803856019445,0.0016935152000144174,0.004693867619807441
2023-05-31 00:00:00+00:00,135.7100067138672,-0.012812708970351139,1.4365032465671155e-05,0.0001011796930466872,0.00010711061904217247,0.0003016171861444425,0.000375731124017931,0.0013955337665176601,0.0016845830612946177,0.0046458566989678075
2023-06-01 00:00:00+00:00,137.5800018310547,0.013685273841445245,0.00016416551115891654,0.00017853054362458771,0.00026534520420560203,0.00035579854829925636,0.0005346222890227582,0.001514110670421228,0.0018484854351689755,0.004685358327349265
2023-06-02 00:00:00+00:00,140.47000122070312,0.020788372126066434,0.00018728672011534547,0.00035145223127426204,0.0003658172637399314,0.0004585628503164371,0.0006530694174187036,0.0007842670268387762,0.0020258145662142893,0.004871022624794218
2023-06-05 00:00:00+00:00,139.08999633789062,-0.00987277224297678,0.00043215641565181586,0.0006194431357671613,0.0007836086469260762,0.0008847883399727659,0.0009752416840664167,0.0011593397709440106,0.002249554064993692,0.0052947253670741785
2023-06-06 00:00:00+00:00,139.33999633789062,0.0017957840301727757,9.747163176169275e-05,0.0005296280474135086,0.0007169147675288524,0.0008954453111534427,0.0009881908977299448,0.001251537056551614,0.0022766140452054294,0.005388513099792157
2023-06-07 00:00:00+00:00,140.69000244140625,0.009641942422063288,3.2248402830235765e-06,0.00010069647204471638,0.0005328528876965304,0.0008843051189707951,0.0009854848120174815,0.0011859223051152376,0.0022342502782331038,0.005389912650834684
2023-06-08 00:00:00+00:00,140.72999572753906,0.0002842249069878733,9.296705367038365e-05,9.619189395340729e-05,0.00019366352571509825,0.0008131066614822623,0.0009916372051068491,0.0011689052097815186,0.0014100869682056902,0.004999599853940587
2023-06-09 00:00:00+00:00,141.00999450683594,0.00198764024409126,8.078379775226522e-08,9.304783746813597e-05,9.627267775115776e-05,0.0006259007251646691,0.0009773529564389301,0.001084463575481106,0.001353084080456861,0.004679896728367152
2023-06-12 00:00:00+00:00,141.0,-7.088051512216254e-05,3.950713739931164e-06,4.031497537683483e-06,9.699855120806535e-05,0.00019769502325278434,0.0008171381590199447,0.0010824833632255503,0.001351760448042703,0.004505121448867564
2023-06-13 00:00:00+00:00,142.02000427246094,0.007208032459294245,5.024047423983112e-09,3.955737787355201e-06,4.036521585105677e-06,0.00010022841553851556,0.0006298564629520232,0.0009956737266919582,0.001282925880370727,0.004430381806539866
2023-06-14 00:00:00+00:00,141.49000549316406,-0.0037388408059113587,5.1955731934239434e-05,5.196075598166347e-05,5.5911469721592847e-05,0.00014895930718973144,0.0002496557792344468,0.0010332644261605265,0.0012248974633008636,0.004033492694387152
2023-06-15 00:00:00+00:00,143.08999633789062,0.011244695294043261,1.3978930571947898e-05,6.593466250618738e-05,6.593968655360958e-05,6.997118409129567e-05,0.00016616307804470198,0.0008830778455735578,0.0011543539757746467,0.003782462894399597
2023-06-16 00:00:00+00:00,143.25999450683594,0.0011873455166915292,0.00012644317225587865,0.0001404221028278266,0.00019237783476206425,0.00019633357254942208,0.00028938141001755703,0.000822234297714091,0.0012748662220350385,0.0034513555703564467
2023-06-20 00:00:00+00:00,142.52999877929688,-0.005108627539881283,1.4097893760074745e-06,0.00012785296163188618,0.0001418318922038323,0.00019379264818549836,0.00019782414572318087,0.0003914876714382826,0.00118946135083003,0.0032630725994587367
2023-06-21 00:00:00+00:00,142.32000732421875,-0.001474400481794369,2.609807534123349e-05,2.7507864717241018e-05,0.00015395103697311792,0.00021988569947930788,0.0002238414372666621,0.0003201141150178233,0.0012011943937055923,0.002914884871377532
2023-06-22 00:00:00+00:00,139.5800018310547,-0.01944016811328808,2.1738567807154675e-06,2.827193212194901e-05,2.9681721497954723e-05,0.00017010382432578388,0.0002220645803074464,0.00031906313151551524,0.0010392027393273911,0.0029112484829663964
2023-06-23 00:00:00+00:00,138.85000610351562,-0.005243668996894435,0.00037792013627290264,0.00038009399305361815,0.0004061920683948499,0.0005340450300267386,0.000599979692532925,0.0006040162141180343,0.0012298361554849483,0.0032658714480538285
2023-06-26 00:00:00+00:00,139.19000244140625,0.0024456660689793353,2.749606454899189e-05,0.00040541620082189456,0.0004075900576026083,0.00043509792231985185,0.0005755200251476775,0.0006314314948692738,0.0008251758043821243,0.003293104375318261
2023-06-27 00:00:00+00:00,139.1999969482422,7.180219736468985e-05,5.981282520956835e-06,3.347734706994878e-05,0.0004113974833428496,0.00043966941546480124,0.0005675223770966864,0.0006334620636502996,0.0007336854551413884,0.003289128068769186
2023-06-28 00:00:00+00:00,138.58999633789062,-0.004391818320113039,5.155555546397874e-09,5.986438076503287e-06,3.3482502625493386e-05,0.0004135764956791142,0.0004410843603963542,0.000633462195158422,0.0007304657704139113,0.0030807163074523195
2023-06-29 00:00:00+00:00,143.42999267578125,0.03432715258469976,1.9288068156880515e-05,1.9293223712426967e-05,2.5274506233382012e-05,0.0004306907070552792,0.0004589626391772272,0.000600794531381063,0.0006567867849004081,0.0030295927240592446
2023-06-30 00:00:00+00:00,145.44000244140625,0.01391658697415643,0.0011783534045732595,0.0011976414727301401,0.0011976466282856847,0.001231123975355636,0.0016112179684092533,0.0017651690053823747,0.0018350594056759154,0.004162357521377155
2023-07-03 00:00:00+00:00,146.61000061035156,0.008012356897754813,0.00019367139300926044,0.0013720247975825201,0.0013913128657393986,0.0013972993038159046,0.0018027155046377982,0.0018323972261357565,0.0020247800849452447,0.0034388985506886185
2023-07-05 00:00:00+00:00,144.63999938964844,-0.013528111689201872,6.419786305699914e-05,0.0002578692560662598,0.0014362226606395173,0.0014555158843519468,0.0014889932314218948,0.0018951852998167482,0.00208897292395482,0.003446012742199036
2023-07-06 00:00:00+00:00,143.2100067138672,-0.00993576105218441,0.00018300980587552032,0.00024720766893251967,0.0004408790619417782,0.001638520534671921,0.0016445069727484233,0.002052097030351035,0.0022200269978961008,0.003623748201920467
2023-07-07 00:00:00+00:00,144.33999633789062,0.007859470900832832,9.871934768610467e-05,0.0002817291535616252,0.0003459270166186224,0.001717951814201145,0.001737245037913571,0.002148642521256424,0.002304767415010257,0.003653627957887172
2023-07-10 00:00:00+00:00,145.14999389648438,0.0055960461482102986,6.177128284103805e-05,0.00016049063052714298,0.0003435004364026613,0.0006013696924689235,0.0017990111651990629,0.0018324936678245597,0.002240095525595417,0.003605415091724107
2023-07-11 00:00:00+00:00,147.4199981689453,0.015517994919549416,3.131573249289932e-05,9.308701533393762e-05,0.0001918063630200403,0.0004390140319525624,0.0018110388295350815,0.001836313335768467,0.0022700014687123088,0.0035522084061188415
2023-07-12 00:00:00+00:00,148.14999389648438,0.004939589480882134,0.00024080816632316148,0.00027212389881606106,0.0003338951816570971,0.0006156243352187247,0.0008734935912849835,0.002071140219570672,0.002484711559694237,0.0037870856464465165
2023-07-13 00:00:00+00:00,148.8699951171875,0.004848176268436255,2.439954423964143e-05,0.0002652077105628032,0.0002965234430557005,0.0004570140735828458,0.0007042217425153645,0.002095534608254767,0.002506937247153163,0.0037246705301051414
2023-07-14 00:00:00+00:00,149.77000427246094,0.0060274034413234645,2.3504813129828492e-05,4.790435736947019e-05,0.0002887125236926297,0.00038179953902656963,0.0006635286925881939,0.0020997513532277144,0.0021525219240100886,0.0037338103107692985
2023-07-17 00:00:00+00:00,153.3800048828125,0.023817721640335243,3.6329592244477944e-05,5.983440537430671e-05,8.423394961394613e-05,0.00035635784843000953,0.0005168484789571514,0.0009577275408989333,0.002161355451705574,0.0036059743918548603
2023-07-18 00:00:00+00:00,153.66000366210938,0.0018238591005834692,0.0005672838641364937,0.0006036134563809719,0.0006271182695107984,0.0008923259800736039,0.0009854129954075404,0.0013313400120261666,0.0027226580333211117,0.003985971535876008
2023-07-19 00:00:00+00:00,154.25,0.0038322695134604956,3.3264620187811413e-06,0.000570610326155275,0.000606939918399751,0.0006548442757692234,0.0009269681745852834,0.0012704686109879487,0.0027259793397843464,0.0035571415822429737
2023-07-20 00:00:00+00:00,156.14999389648438,0.012242381856073514,1.4686289623798744e-05,1.8012751642580103e-05,0.0005852966157790718,0.0006451310211533808,0.0009103387317161829,0.001102145094736227,0.0027213775612512647,0.0034743562401050795
2023-07-21 00:00:00+00:00,154.9499969482422,-0.007714580102927471,0.000149875913509918,0.00016456220313371695,0.00016788866515249614,0.0007715021215334703,0.0008194064789029395,0.0011533016605600403,0.001692900070187923,0.0036210073133319744
2023-07-24 00:00:00+00:00,158.0,0.01949256848832359,5.951474616448443e-05,0.00020939065967440264,0.00022407694929819943,0.0007946872754534767,0.0008545216808277824,0.0011510451238834866,0.001558743423343147,0.003587555005826075
2023-07-25 00:00:00+00:00,156.82000732421875,-0.0074963355195709624,0.0003799602262719859,0.00043947497243647057,0.0005893508859463866,0.0006073636375889689,0.00121097709396994,0.0014996896176625732,0.0018745057865581338,0.003967434448300308
2023-07-26 00:00:00+00:00,157.75999450683594,0.0059761585271767,5.619504622198125e-05,0.0004361552724939674,0.0004956700186584498,0.0006602322217921691,0.0012308425479474433,0.0013150764975613932,0.0017476910269045944,0.0040196787807823585
2023-07-27 00:00:00+00:00,156.02000427246094,-0.011090624490346812,3.571447074194679e-05,9.190951696392831e-05,0.0004718697432359122,0.0006812604029103171,0.0006992731545528962,0.0013263914240636986,0.0016846861499604368,0.004055388227476882
2023-07-28 00:00:00+00:00,156.91000366210938,0.005688184365666871,0.00012300195158588048,0.00015871642232782754,0.00021491146854980679,0.0006543864409862796,0.0008189486441199956,0.0014258885625197503,0.001745916818705279,0.004126434447128523
2023-07-31 00:00:00+00:00,157.9600067138672,0.006669463012145549,3.235544137781702e-05,0.00015535739296369778,0.00019107186370564256,0.0006272271361996122,0.0008366177958740138,0.0014219144116530895,0.0017469565275901968,0.004144810957934391
2023-08-01 00:00:00+00:00,157.17999267578125,-0.004950280081660985,4.448173687037758e-05,7.683717824819486e-05,0.00019983912983407334,0.00029174864679800387,0.0007312236192344734,0.0008991122843869733,0.001550630098137413,0.004062849522548891
2023-08-02 00:00:00+00:00,155.39999389648438,-0.011389200182993164,2.4505272886889487e-05,6.898700975726734e-05,0.00010134245113508234,0.0002600588734629121,0.0006962141459568785,0.0009202910952550817,0.001550735826784661,0.004085945006059773
2023-08-03 00:00:00+00:00,156.35000610351562,0.006094724283981279,0.00012971388080829153,0.0001542191536951813,0.00019870089056555685,0.00035405828352925685,0.00044596780049318413,0.0010353186864395744,0.001656944894463124,0.00418956081152683
2023-08-04 00:00:00+00:00,156.02000427246094,-0.002112891397139549,3.714566409775111e-05,0.00016685954490604292,0.0001913648177929304,0.0002682019960411275,0.000426918418368954,0.0009225884370274075,0.0016577609663163972,0.004224532618843866
2023-08-07 00:00:00+00:00,156.75999450683594,0.004731706745331188,4.464310056106316e-06,4.16099741538577e-05,0.00017132385496214722,0.00024031086471941677,0.0003956682576831135,0.0008675380009190294,0.0010949414122360098,0.00385107679262707
2023-08-08 00:00:00+00:00,155.8800048828125,-0.00562942649487308,2.2389048723812662e-05,2.685335877991925e-05,6.399902287766836e-05,0.00021821817657285188,0.0002950553548210457,0.0005099668233708561,0.0011140039989410411,0.003845969776801891
2023-08-09 00:00:00+00:00,153.7899932861328,-0.013498519998924152,3.169044266117901e-05,5.407949138499194e-05,5.854380144109625e-05,0.0002254033463471414,0.0002943903561044077,0.00048546221981005393,0.0011310081519784214,0.0038716789369421132
2023-08-10 00:00:00+00:00,153.55999755859375,-0.0014966375618747918,0.0001822100421613553,0.0002139004848225346,0.00023628953354634525,0.0002778995077002052,0.0004321186613953854,0.0006319577912294624,0.001163342280629859,0.004053883823547922
2023-08-11 00:00:00+00:00,154.4499969482422,0.005779045371832936,2.2399239916145214e-06,0.0001844499661529701,0.0002161404088141471,0.00024299376759406857,0.0004098533125001105,0.0005111957636351965,0.0011060674584569888,0.004036835679382656
2023-08-14 00:00:00+00:00,154.77000427246094,0.0020697719241766777,3.3397365409703674e-05,3.563728940131844e-05,0.00021784733156267176,0.00027192682294766593,0.0003135367971015226,0.0005122376876670831,0.0007595045975947067,0.0028918796402191
2023-08-15 00:00:00+00:00,150.8300018310547,-0.02578678460987671,4.283955818110027e-06,3.768132122781394e-05,3.992124521942648e-05,0.0002538217300419633,0.0002806750888218815,0.0004720399066148156,0.0007075935071908355,0.0027024922030279494
2023-08-16 00:00:00+00:00,150.19000244140625,-0.004252211447076881,0.0006649582605161744,0.0006692422163342847,0.0007026395817439863,0.0008870895478969587,0.0009411690392819496,0.0011124928942441005,0.0013368372969650632,0.003303252600487125
2023-08-17 00:00:00+00:00,148.6300048828125,-0.010441146460005157,1.8081302190651664e-05,0.0006830395627068264,0.0006873235185249344,0.0007229608079262551,0.0009368612927487886,0.0010008603156264606,0.0012319166475698341,0.0031383240968022564
2023-08-18 00:00:00+00:00,148.97000122070312,0.0022849225728540645,0.00010901753939927823,0.00012709884158993023,0.0007920571021061025,0.0008297384233339187,0.001014188389486888,0.0010727321909279877,0.0013085787455912956,0.0031486222885154297
2023-08-21 00:00:00+00:00,149.47999572753906,0.0034176244493346886,5.220871163938038e-06,0.0001142384105632166,0.0001323197127538662,0.0008015619290881531,0.0008371992184894706,0.0010734887520358195,0.0012693178798848558,0.00309207187683833
2023-08-22 00:00:00+00:00,146.3800048828125,-0.020956562504943044,1.1680156876690234e-05,1.6901028040628596e-05,0.00012591856743990478,0.0008089581301467334,0.0008466394513745463,0.0010627798601886972,0.0012564927638746566,0.0030724363012221206
2023-08-23 00:00:00+00:00,147.3699951171875,0.006740384561974011,0.0004391775120235847,0.0004508576689002752,0.0004560785400642112,0.0005831773816541437,0.0012524195979884273,0.0014702669295511026,0.00156595639508995,0.0032708056469225436
2023-08-24 00:00:00+00:00,147.22999572753906,-0.0009504372337953981,4.543278404329758e-05,0.0004846102960668826,0.0004962904529435707,0.0006105288635067894,0.001293568426213615,0.001333489671433045,0.0015742435150354964,0.0032918388867262
2023-08-25 00:00:00+00:00,147.0500030517578,-0.0012232751051577395,9.033309353846483e-07,4.633611497868255e-05,0.00048551362700226513,0.000502414655042896,0.0006295134966328251,0.0013321530783768152,0.0015706825359147745,0.003269237404531756
2023-08-28 00:00:00+00:00,147.55999755859375,0.003462170430095668,1.4964019828986786e-06,2.399732918283652e-06,4.783251696157912e-05,0.0004986901858618566,0.0006129285964250721,0.0013002521149500102,0.0015497898891738606,0.003234404214270177
2023-08-29 00:00:00+00:00,148.75999450683594,0.008099375947218768,1.1986624087028822e-05,1.3483026069927825e-05,1.438635700531036e-05,0.0004989966530721952,0.0005158976811128227,0.001307954783218929,0.0015300860705997105,0.002679106974220712
2023-08-30 00:00:00+00:00,148.16000366210938,-0.004041436515387353,6.559989073438591e-05,7.758651482141506e-05,7.908291680431163e-05,0.00012541903178299641,0.0005762767006832705,0.0007085964134371405,0.0014134759191727412,0.002741380402936317
2023-08-31 00:00:00+00:00,146.3300018310547,-0.012428437997606956,1.633320910790627e-05,8.193309984229252e-05,9.391972392931922e-05,9.631945684760509e-05,0.0005809297529144865,0.000706848320354395,0.0014275692042890328,0.0027430273224204244
2023-09-01 00:00:00+00:00,146.82000732421875,0.0033430389508133374,0.0001544660710603604,0.000170799280168267,0.0002363991709026508,0.0002498821969725808,0.0002962183119512623,0.0007522968520154772,0.0015486379099396894,0.002747617479970867
2023-09-05 00:00:00+00:00,145.1999969482422,-0.01109531519525575,1.117590942665514e-05,0.00016564198048701586,0.00018197518959492002,0.00025956170441633733,0.00026196143733461986,0.0007582518902781943,0.0015555298635482348,0.0026992786432330374
2023-09-06 00:00:00+00:00,144.9600067138672,-0.0016541927631026354,0.00012310601928207314,0.0001342819287087286,0.00028874799976908686,0.0003706810996113816,0.00038416412568130834,0.0008696777526835772,0.0010136776223141335,0.0024424244362431244
2023-09-07 00:00:00+00:00,143.72000122070312,-0.008590917871039494,2.7363536975011316e-06,0.00012584237297957459,0.00013701828240622762,0.00030781756257449686,0.0003854040773959108,0.00043323659435749365,0.000998332673820983,0.0023889657437186442
2023-09-08 00:00:00+00:00,143.8300018310547,0.000765088607546538,7.380386986694575e-05,7.654022356444721e-05,0.00019964624284651822,0.0003652882233335363,0.00044722132317582777,0.0004616076801811419,0.0009631190042886504,0.002427055142843643
2023-09-11 00:00:00+00:00,144.4600067138672,0.004370639751829053,5.853605773975004e-07,7.438923044434358e-05,7.71255841418426e-05,0.00021140751285057344,0.0003822067930188393,0.00046128970982315466,0.0009584834937021099,0.0023046385518351604
2023-09-12 00:00:00+00:00,146.33999633789062,0.012929957332906028,1.9102491840268326e-05,1.9687852417666153e-05,9.34917222846098e-05,0.0002193340952641866,0.00038497607575120135,0.00047889579968052434,0.0009659058286656879,0.002291385602297612
2023-09-13 00:00:00+00:00,146.41000366210938,0.00047827378687070876,0.00016718379663077036,0.00018628628847103902,0.0001868716490484344,0.0002634118726128838,0.00039769380132161135,0.0006340929722242659,0.0006939121132728737,0.0024140876620580044
2023-09-14 00:00:00+00:00,149.25,0.01921182205462113,2.2874581520764816e-07,0.00016741254244597833,0.00018651503428624455,0.0002609042647305904,0.0003867466377101639,0.0005687218273050876,0.0006487080750447838,0.0023898111349863224
2023-09-15 00:00:00+00:00,148.80999755859375,-0.002952444236949958,0.00036909410665842687,0.0003693228524736348,0.0005365066491044031,0.0005561945015220715,0.0006327347250865176,0.0009214827248556082,0.001016898850767826,0.002629191360836458
2023-09-18 00:00:00+00:00,149.1199951171875,0.002081010157336749,8.71692697229902e-06,0.0003778110336307262,0.0003780397794459317,0.000564326067916973,0.0006387152983613155,0.0007757335807675468,0.0010241193757572263,0.002600762623711006
2023-09-19 00:00:00+00:00,148.92999267578125,-0.0012749704742578416,4.330603274938721e-06,1.3047530247238067e-05,0.00038214163690566277,0.0005495541793516433,0.0005692420317693085,0.0007688882746158304,0.001016463354945136,0.0026006289169298383
2023-09-20 00:00:00+00:00,148.3000030517578,-0.004239077996682106,1.6255497102292656e-06,5.956152985168312e-06,1.4673079957465165e-05,0.0003839959324311023,0.0005702822209021402,0.0006474078050439866,0.0009524890139209795,0.0025798654179162548
2023-09-21 00:00:00+00:00,147.13999938964844,-0.007852759366140383,1.7969782261954374e-05,1.9595331972183966e-05,2.3925935247120517e-05,0.000401736968877849,0.0005691495113238263,0.0006626412336084398,0.0009541255870750277,0.0025661447575170302
2023-09-22 00:00:00+00:00,145.72999572753906,-0.00962894512806134,6.16658296625055e-05,7.96356119244602e-05,8.12611616346873e-05,9.430869188192764e-05,0.00046363154435556143,0.0006505031934039996,0.0008613253456771728,0.002445600545018181
2023-09-25 00:00:00+00:00,146.4499969482422,0.0049284872075618935,9.27165842792162e-05,0.00015438241394172202,0.00017235219620367423,0.0001783083491888448,0.00055611938281957,0.0007426344171058182,0.0009428660205297338,0.0025360772053057822
2023-09-26 00:00:00+00:00,144.92999267578125,-0.010433235737345115,2.428998615510123e-05,0.00011700657043431775,0.00017867240009682107,0.00019826773206900732,0.0002113152623162443,0.0007478219114206512,0.0008440499874027619,0.0025269698260511797
2023-09-27 00:00:00+00:00,145.77999877929688,0.00584781088229569,0.00010885240795101526,0.00013314239410611682,0.00022585897838533085,0.0003054945903097933,0.00031145074329496053,0.0006894905227408961,0.0009501660416562761,0.0026315382781840852
2023-09-28 00:00:00+00:00,147.58999633789062,0.012339506800494782,3.41968921150959e-05,0.0001430493000661115,0.00016733928622121054,0.0003217217001629348,0.0003413170321351177,0.0007234586690407843,0.0009105590639044263,0.0020007769097830064
2023-09-29 00:00:00+00:00,145.02000427246094,-0.017566440976333197,0.00015226342807945698,0.00018646032019455322,0.0002953127281455663,0.0004123192985798863,0.0004919549105043455,0.0005066279904618144,0.0010622371314064857,0.002134959035671812
2023-10-02 00:00:00+00:00,143.77000427246094,-0.008656863252797464,0.00030857984857499804,0.00046084327665445537,0.0004950401687695491,0.0006281825628756682,0.000782564976817389,0.0008064909120645134,0.0013517144881412153,0.0023345213448475316
2023-10-03 00:00:00+00:00,142.7100067138672,-0.0074001839940072145,7.49412813776351e-05,0.00038352112995263346,0.0005357845580320883,0.0006788338580982021,0.0007958404285325187,0.0008771015901672098,0.00125947197288808,0.0024042417550612285
2023-10-04 00:00:00+00:00,143.35000610351562,0.004474588749268094,5.476272314516057e-05,0.000129704004522796,0.0004382838530977919,0.0006247441732923474,0.000757886567398463,0.0009302387636021412,0.001314005950218033,0.0024473243213296992
2023-10-05 00:00:00+00:00,142.89999389648438,-0.0031441926830693134,2.00219444750766e-05,7.478466762023749e-05,0.00014972594899787043,0.000610569225652328,0.0007536185257184385,0.0009322909258152633,0.0009649337880346828,0.002028168753781191
2023-10-06 00:00:00+00:00,145.10000610351562,0.015278159730318208,9.885947628266609e-06,2.9907892103343536e-05,8.467061524850194e-05,0.0004681917452011377,0.0006546520653956898,0.0008805110437810244,0.0009661028086906504,0.00199262191736616
2023-10-09 00:00:00+00:00,144.77000427246094,-0.0022768962763315415,0.00023342216474511694,0.00024330811237338387,0.00026333005684845833,0.0003930340613712566,0.0008538773380257108,0.0010212166242469251,0.0011951943701608285,0.0022251407511758923
2023-10-10 00:00:00+00:00,145.64999389648438,0.006060135822071544,5.184256653172439e-06,0.0002386064213982897,0.0002484923690265541,0.00032327703664679396,0.0007067981665994262,0.0010021108947449965,0.0011987530771037718,0.002228828605846166
2023-10-11 00:00:00+00:00,146.14999389648438,0.0034270082951755043,3.672524618195475e-05,4.1909502835127514e-05,0.0002753316675802423,0.0003052395596835881,0.00043494356420638303,0.0009299837329759359,0.0012175085410237722,0.002253567227941092
2023-10-12 00:00:00+00:00,145.80999755859375,-0.0023290622108147474,1.1744385855201717e-05,4.8469632037156796e-05,5.3653888690327067e-05,0.0002969620010637132,0.00037174666868394963,0.0009075312267160417,0.0011675870972164683,0.0021997117230619077
2023-10-13 00:00:00+00:00,148.0,0.014907886179670982,5.424530781845279e-06,1.716891663704732e-05,5.38941628189999e-05,0.0002925005842172919,0.00032240847632063435,0.00076069232941843,0.0010802950437190973,0.0021888030447358466
2023-10-16 00:00:00+00:00,147.85000610351562,-0.0010139861838194264,0.00022224507034602505,0.00022766960112787066,0.0002394139869830702,0.0002813234898182,0.0005246316021915827,0.000674357551189457,0.0012782501279100212,0.0022565820440215113
2023-10-17 00:00:00+00:00,147.52999877929688,-0.0021667509250899997,1.0281679809766837e-06,0.00022327323832700206,0.00022869776910884517,0.00027716740114600426,0.0005157738225442928,0.0006004444377927986,0.0011704258879399827,0.0022464343025758327
2023-10-18 00:00:00+00:00,145.91000366210938,-0.011041518280862306,4.694809571378369e-06,5.722977552355379e-06,0.00022796804789837827,0.00024513696453542784,0.0002870464673705543,0.0005503765242190164,0.0011409238053962652,0.0021280230928651385
2023-10-19 00:00:00+00:00,145.2899932861328,-0.004258319501208696,0.00012191512594661649,0.00012660993551799518,0.0001276381034989697,0.0003553077046268426,0.0004037773366639983,0.0006522697056905564,0.0011105755032634246,0.0022472018651142536
2023-10-20 00:00:00+00:00,142.9499969482422,-0.01623680145324169,1.813328497437428e-05,0.0001400484109209911,0.00014474322049236728,0.0003680164588193716,0.0003851853754564178,0.000660517043036664,0.0008201289396628008,0.0021915312802216823
2023-10-23 00:00:00+00:00,141.0,-0.013735007041724145,0.00026363372143199145,0.00028176700640636604,0.00040368213235298034,0.00040940510990533803,0.0006370747110332076,0.0006907285997235385,0.001008821379717157,0.002454579641076276
2023-10-24 00:00:00+00:00,141.1699981689453,0.0012049345473741369,0.00018865041843621187,0.00045228413986820367,0.0004704174248425757,0.0005970273603605732,0.0008203005986875742,0.0008741947615065779,0.0011427090750082086,0.0026241275676722195
2023-10-25 00:00:00+00:00,140.39999389648438,-0.005469376806166437,1.451867263455716e-06,0.0001901022856996679,0.0004537360071316572,0.0005937844180526505,0.0005995073956050048,0.0008389213825880788,0.0011241389977965878,0.002458395638304905
2023-10-26 00:00:00+00:00,140.75999450683594,0.002560825308971282,2.9914082647831377e-05,3.1365949911287415e-05,0.00022001636834749713,0.0005017833747538654,0.0006283933102718595,0.0008570910793807085,0.0011441671328161524,0.0024880809751375286
2023-10-27 00:00:00+00:00,135.69000244140625,-0.03668338327795695,6.557826263067861e-06,3.6471908910899564e-05,3.792377617435311e-05,0.000490207916042559,0.0006302563269635491,0.0008582243748619311,0.0009173027943341033,0.0021255446947421697
2023-10-30 00:00:00+00:00,137.4199981689453,0.012669026128025784,0.0013456706087174915,0.0013522284349805596,0.001382142517628389,0.001572244803328059,0.001854011809734424,0.0019816499132333976,0.0022577891463984225,0.0034624983764873626
2023-10-31 00:00:00+00:00,139.05999755859375,0.011863560835959852,0.0001605042230326,0.0015061748317500919,0.0015127326580131576,0.0015440986079244472,0.00199638274779265,0.002141125968285021,0.0023815681232490678,0.0036186719962450235
2023-11-01 00:00:00+00:00,138.94000244140625,-0.0008632742779823843,0.00014074407570852042,0.00030124829874112065,0.0016469189074586102,0.0016833908163695118,0.0018734931020691788,0.002277175234422163,0.0025105678131023866,0.0037577905222433146
2023-11-02 00:00:00+00:00,141.4199981689453,0.017691970392064604,7.45242479026007e-07,0.00014148931818754664,0.0003019935412201447,0.0016542219762007064,0.001685587926111993,0.0021560053509545726,0.002505888524799567,0.0037405659824603864
2023-11-03 00:00:00+00:00,143.0,0.01111045703144864,0.0003130058163536906,0.00031375105883271683,0.00045449513454123527,0.001960669966291329,0.0019971418752022276,0.002450877882333889,0.002596649270807233,0.003991905969151571
2023-11-06 00:00:00+00:00,144.0800018310547,0.007524083316391206,0.00012344225544766652,0.0004364480718013573,0.0004371933142803814,0.0007384416130215042,0.002090670048002063,0.002310686416349564,0.0027190633582739225,0.0040226316403200214
2023-11-07 00:00:00+00:00,144.00999450683594,-0.0004860101113317583,5.6611829751996486e-05,0.0001800540851996632,0.0004930599015533518,0.0006345492197409007,0.0021407240514909917,0.0021786478276653487,0.002770980378454541,0.004054953483916917
2023-11-08 00:00:00+00:00,144.72000122070312,0.004918146057003803,2.362058283167081e-07,5.684803558031341e-05,0.00018029029102797797,0.0004940413498606969,0.0007952896486018167,0.0021774321662302093,0.0026493014583362407,0.0039463372817942185
2023-11-09 00:00:00+00:00,144.2899932861328,-0.002975732743177417,2.4188160638022052e-05,2.4424366466338976e-05,8.103619621833351e-05,0.0005174842680196929,0.0006589735862072388,0.0021717062442204002,0.0026553563339998887,0.0039363285503171445
2023-11-10 00:00:00+00:00,146.42999267578125,0.014722331769805308,8.854985358818196e-06,3.304314599684047e-05,3.327935182515522e-05,0.00021333343702482061,0.0005270844958575365,0.0021740034033161507,0.0024005775979267156,0.0037929201075965055
2023-11-13 00:00:00+00:00,145.77999877929688,-0.004448820968129041,0.0002167470527402187,0.00022560203809903712,0.0002497901987370572,0.0003066382343173728,0.0007430863061187292,0.0010450798473388776,0.002428674232230722,0.0037010873117617263
2023-11-14 00:00:00+00:00,148.44000244140625,0.01808222505901913,1.979200800646462e-05,0.00023653906074668353,0.0002453940461054998,0.00026981841257184096,0.0004498724977715033,0.0009043676323127422,0.0024470143729737313,0.003645938038390556
2023-11-15 00:00:00+00:00,149.74000549316406,0.008719640847730581,0.0003269668630850194,0.0003467588710914842,0.000563505923831701,0.0005965490698285436,0.0006533971054088561,0.0010905904196892413,0.002744067153410919,0.003918142178330415
2023-11-16 00:00:00+00:00,151.4499969482422,0.011355023835760925,7.603213651341168e-05,0.00040299899959843127,0.000422791007604894,0.0006483930457039333,0.0006728174121702714,0.001165877313723627,0.0028135414636612627,0.0039741523703687495
2023-11-17 00:00:00+00:00,152.82000732421875,0.009005288823535018,0.00012893656631069873,0.00020496870282411063,0.000531935565909128,0.0007684746266558138,0.0008015177726526534,0.000981808063680635,0.0015968074212544701,0.004093202989051182
2023-11-20 00:00:00+00:00,153.2899932861328,0.0030707022330318523,8.109522679528471e-05,0.00021003179310598367,0.0002860639296193934,0.0006328228007108798,0.000858424838809916,0.0009394610350282532,0.001517398425017155,0.00394087605110135
2023-11-21 00:00:00+00:00,152.97000122070312,-0.0020896766643563325,9.429212203946805e-06,9.052443899923173e-05,0.0002194610053099285,0.000622460004908362,0.0008589990656550447,0.0008922784174802035,0.0013860835615125812,0.0039451210066521235
2023-11-22 00:00:00+00:00,153.3300018310547,0.0023506416750285197,4.366748561555408e-06,1.379596076550243e-05,9.489118756078519e-05,0.000299859890384898,0.0006466187614763814,0.0008964089602134423,0.0013897050675951107,0.003912762509031725
2023-11-24 00:00:00+00:00,153.5399932861328,0.0013686022823788946,5.5255162843808845e-06,9.892264845936509e-06,1.9321477049881362e-05,0.0002293532701558672,0.0006323522697542977,0.0008777463158598011,0.0010822247675258008,0.003906543639460904
2023-11-27 00:00:00+00:00,153.19000244140625,-0.0022820787108805973,1.8730722073327196e-06,7.398588491713821e-06,1.1765337053267278e-05,0.00010228977605250117,0.0003072584788766109,0.0008707644027083157,0.0009606555842854672,0.0039029921808863915
2023-11-28 00:00:00+00:00,153.5399932861328,0.0022820787108805973,5.207883242654449e-06,7.080955449987385e-06,1.2606471734366318e-05,2.6402432499870914e-05,0.0002364342256058537,0.0006592252332107513,0.000909251637776125,0.0036859549937830207
2023-11-29 00:00:00+00:00,154.32000732421875,0.005067340386116115,5.207883242654449e-06,1.0415766485308897e-05,1.2288838692639882e-05,2.218110353857856e-05,0.00011270554253780942,0.0006446411084469413,0.0009142233151904628,0.0036901347090446987
2023-11-30 00:00:00+00:00,156.0800018310547,0.01134029198765596,2.5677938588763414e-05,3.088582183141808e-05,3.6093705074070575e-05,4.3492293565786565e-05,5.7288254331288124e-05,0.0003433521839506852,0.0009157130931412042,0.0037111178380620836
2023-12-01 00:00:00+00:00,156.83999633789062,0.004857446028427859,0.00012860222236529394,0.00015428016095405756,0.00015948804419671007,0.00016656899964669961,0.00017646126449263525,0.0003959222698025675,0.00103546033014768,0.0037178049344807613
2023-12-04 00:00:00+00:00,157.99000549316406,0.007305620579020733,2.3594781919089577e-05,0.0001521970042843837,0.0001778749428731452,0.00018829070935845647,0.00019568929785016942,0.0002905804854109583,0.0008423080593265508,0.0037232664314254763
2023-12-05 00:00:00+00:00,157.97000122070312,-0.00012662534537621895,5.337209204461123e-05,7.696687396370099e-05,0.00020556909632899302,0.00023645491816041324,0.00024353587361039975,0.00026285735066028485,0.0008758881433646974,0.0035130048020380962
2023-12-06 00:00:00+00:00,156.30999755859375,-0.010563950020064716,1.603397809164673e-08,5.338812602270306e-05,7.698290794179071e-05,0.00023126306889585045,0.0002416788353811587,0.00025344417243442966,0.0005489373142577695,0.003324370417579976
2023-12-07 00:00:00+00:00,156.7899932861328,0.003066088263219413,0.00011159704002642533,0.00011161307400451716,0.00016498516604912647,0.0003171821703335124,0.00034806799216492956,0.00036067446389929957,0.0005845022177707833,0.0034345155903429455
2023-12-08 00:00:00+00:00,158.52000427246094,0.01097350772282546,9.400897237851837e-06,0.00012099793726427736,0.00012101397124236708,0.00019798084520607025,0.00035226100616012697,0.00036454984485277057,0.0004649665486979364,0.0034140024049329662
2023-12-11 00:00:00+00:00,159.10000610351562,0.003652178432081321,0.00012041787174291,0.00012981876898076204,0.00024141580900718544,0.0002948039350298907,0.0004470009393142735,0.0004830946443883478,0.0005042891936455617,0.0035278624504128083
2023-12-12 00:00:00+00:00,160.52000427246094,0.008885598308589593,1.3338407299759976e-05,0.00013375627904267017,0.0001431571762805201,0.0002547702502850394,0.0003317371242487396,0.0004912251684454533,0.0005081983887413749,0.0021955302489950765
2023-12-13 00:00:00+00:00,161.05999755859375,0.0033583791939406638,7.895385730161024e-05,9.22922646013704e-05,0.0002127101363442785,0.000333708073608558,0.0003870961996312602,0.0005649711425044091,0.0005827854974814297,0.0021139798832640866
2023-12-14 00:00:00+00:00,163.99000549316406,0.01802853264326476,1.1278710810293542e-05,9.023256811190397e-05,0.00010357097541166202,0.00023338974439242622,0.0003450028183969425,0.0005505719147259392,0.0005885386920073424,0.00198451451836586
2023-12-15 00:00:00+00:00,165.22999572753906,0.007532932952941884,0.00032502798926926306,0.0003363067000795568,0.00041526055738116507,0.0005490168364238375,0.0006700147736881139,0.0007469976816299084,0.0009116936090692727,0.0023087972651560968
2023-12-18 00:00:00+00:00,166.22999572753906,0.006033929040022201,5.6745078873517736e-05,0.000381773068142781,0.00039305177895307256,0.0004853440435544452,0.0006151628125352063,0.0007801479785843366,0.000963230804700136,0.0020525365276759244
2023-12-19 00:00:00+00:00,168.4499969482422,0.01326660589060058,3.6408299660023244e-05,9.315337853354119e-05,0.0004181813678028023,0.0005084139359147085,0.0006421702149573777,0.0007631841861997485,0.0009944312211175048,0.0019655025718882807
2023-12-20 00:00:00+00:00,166.5500030517578,-0.011343368772801732,0.00017600283185651802,0.00021241113151654147,0.00026915621039005726,0.0006054629104696162,0.0006977551750709858,0.0009391709840781749,0.0011447561143852593,0.0020848935739928025
2023-12-21 00:00:00+00:00,167.5,0.005687768302059304,0.00012867201511577346,0.0003046748469722917,0.000341083146632313,0.0007228562147750962,0.0008130887828869993,0.0009562459591675231,0.0011448259071357388,0.002213329383280259
2023-12-22 00:00:00+00:00,167.39999389648438,-0.0005972296704133129,3.235070825791058e-05,0.00016102272337368425,0.0003370255552302003,0.0004301789337637437,0.0007664856338432996,0.0009791957701875819,0.00115358183347456,0.0022214919309001477
2023-12-26 00:00:00+00:00,168.38999938964844,0.005896592402879541,3.5668327922199434e-07,3.270739153713279e-05,0.0001613794066529043,0.00037379053816944795,0.000755563606312228,0.0008591345817238939,0.0011005664247091707,0.0022129936288205515
2023-12-27 00:00:00+00:00,169.39999389648438,0.005980032190167961,3.476980196569672e-05,3.5126485244918935e-05,6.747719350282756e-05,0.0003721520404751214,0.0004653054190086617,0.0008805659763898306,0.0011353201926967756,0.0020310163780460294
2023-12-28 00:00:00+00:00,170.3000030517578,0.0052988594007805645,3.576078499544502e-05,7.053058696114195e-05,7.0887270240362e-05,0.00023190999361404844,0.000444321125130589,0.0008373729040836653,0.0010594839376657954,0.00204698515503501
2023-12-29 00:00:00+00:00,170.10000610351562,-0.0011750703047939126,2.8077910949240562e-05,6.38386959446858e-05,9.860849791038057e-05,0.00013131588944751554,0.0004359907364198063,0.0008541721042226124,0.0010781609513771842,0.0017480962028992308
2024-01-02 00:00:00+00:00,172.0800018310547,0.011572960316450498,1.3807902212084586e-06,2.945870117044924e-05,6.52194861658923e-05,0.00010034597141081342,0.00026136869478449675,0.0005305249051745578,0.0009591238698554826,0.0016734448566070278
2024-01-03 00:00:00+00:00,171.3300018310547,-0.004367963568013167,0.000133933410486138,0.00013531420070734667,0.0001633921116565853,0.00023392269861772944,0.0002666300901548613,0.0006077132367871781,0.0010797188730418605,0.001678441700782467
2024-01-04 00:00:00+00:00,171.41000366210938,0.00046683685140536113,1.9079105731490313e-05,0.00015301251621762854,0.00015439330643883504,0.00021823200238352302,0.000253358487628441,0.0005903840428586451,0.0010198441214717407,0.0016164255797186725
2024-01-05 00:00:00+00:00,172.27000427246094,0.005004669375650472,2.1793664583007123e-07,1.92970423773206e-05,0.00015323045286345666,0.0001826891540339081,0.00025321974099504907,0.0004145991476479572,0.0010087833473072774,0.001607214304160556
2024-01-08 00:00:00+00:00,172.02000427246094,-0.0014522642989005519,2.5046715559573688e-05,2.5264652205403976e-05,4.434375793689234e-05,0.0001796579586442412,0.00024349665458892606,0.00031097384809175744,0.0007088020735975879,0.001627894271158574
2024-01-09 00:00:00+00:00,170.66000366210938,-0.007937479393385516,2.1090715938611115e-06,2.7155787153435017e-05,2.7373723799263137e-05,0.00018038624001689386,0.00020984494118734214,0.0002807322114277079,0.0006541660663179313,0.0016244778264680544
2024-01-10 00:00:00+00:00,171.02000427246094,0.0021072391430898563,6.30035791204197e-05,6.511265071428102e-05,9.015936627385278e-05,0.00010945640865117557,0.00024477060935852127,0.00034337910726890567,0.0006807613457783277,0.0016856083333811414
2024-01-11 00:00:00+00:00,170.3000030517578,-0.0042189281215030405,4.440456806170072e-06,6.744403592658999e-05,6.955310752044916e-05,9.481775972585533e-05,0.0002478302759434829,0.000313049762109379,0.0005091989707279798,0.0016848409069446571
2024-01-12 00:00:00+00:00,169.0500030517578,-0.0073670583822433855,1.7799354494409176e-05,2.2239811300579464e-05,8.524339042099723e-05,0.00011239917757443442,0.00013169621995175407,0.00029508833160834315,0.00039832631010661547,0.0016974323781964117
2024-01-16 00:00:00+00:00,167.99000549316406,-0.006290060684817966,5.427354920738253e-05,7.207290370179192e-05,7.651336050796005e-05,0.00014162601122224324,0.00016689066342764628,0.0003212839698664851,0.0004202491510560874,0.001726027988815031
2024-01-17 00:00:00+00:00,167.08999633789062,-0.005371919032409522,3.9564863418692665e-05,9.38384126260754e-05,0.00011163776712048264,0.00017908180304707482,0.00020623759020050886,0.0003594680430639693,0.0004594573311955581,0.0016369906298684296
2024-01-18 00:00:00+00:00,167.4199981689453,0.0019730468059524497,2.8857514090763657e-05,6.842237750945655e-05,0.00012269592671683712,0.00014493573801741878,0.00021004838873169885,0.000254392146668595,0.00045354504332062505,0.0016422533620401036
2024-01-19 00:00:00+00:00,170.30999755859375,0.017114677220654073,3.892913698479164e-06,3.2750427789243045e-05,7.231529120793376e-05,0.00014438819490972786,0.00021183223083631693,0.00023920595463558384,0.0004216771720236592,0.0015927741836939716
2024-01-22 00:00:00+00:00,170.11000061035156,-0.0011750013061977427,0.0002929121763671754,0.0002968050900656548,0.0003256626041564165,0.0004195010167824941,0.00044174082808307264,0.0005319001943569292,0.000686511437441594,0.0018856703260830554
2024-01-23 00:00:00+00:00,168.99000549316406,-0.00660571612888905,1.3806280695664014e-06,0.000294292804436742,0.0002981857181352193,0.000366608095644678,0.00043868099934646896,0.000508234106866922,0.0006865112752899521,0.0017754539141261966
2024-01-24 00:00:00+00:00,170.5,0.008895722642987103,4.363548557546493e-05,4.5016113645031554e-05,0.00033792829001220504,0.00037067871780145027,0.0004645171304275247,0.0005497605208485257,0.0005962133503792789,0.0018096885024638095
2024-01-25 00:00:00+00:00,172.94000244140625,0.014209430925783195,7.913388134095344e-05,0.00012276936691641858,0.00012414999498598303,0.00042095508505164003,0.0004893774625610956,0.0005658908230690595,0.0006562681259887421,0.0017684045120618529
2024-01-26 00:00:00+00:00,172.27999877929688,-0.0038236745490216606,0.00020190792723460388,0.0002810418085755575,0.00032467729415102054,0.0006189700985877647,0.0006517205263770068,0.0007633582934974932,0.0008579581165775159,0.0019569740319966967
2024-01-29 00:00:00+00:00,172.72999572753906,0.002608603869949988,1.4620487056836e-05,0.00021652841429144011,0.0002956622956323916,0.00034067840927742534,0.0006374834993430793,0.00076017942605992,0.0008475318880747781,0.0018926406617519227
2024-01-30 00:00:00+00:00,176.27000427246094,0.020287277699741146,6.8048141503180544e-06,2.1425301207154297e-05,0.00022333322844175622,0.00034610259535817697,0.0006403953997949181,0.0007127106910028557,0.0008522276306312352,0.0018881667650919472
2024-01-31 00:00:00+00:00,174.36000061035156,-0.010894803799307518,0.00041157363646641444,0.00041837845061673274,0.00043299893767356675,0.0007140407462491265,0.0007590568598941571,0.0010847194640505773,0.0012007976879772298,0.0019747124122890987
2024-02-01 00:00:00+00:00,173.72999572753906,-0.0036197855574426896,0.00011869674982540552,0.0005302703862918203,0.0005370752004421362,0.0007536036147335785,0.0008763729816499961,0.0011745586997852192,0.0013150539809964653,0.0020366640832409862
2024-02-02 00:00:00+00:00,174.72999572753906,0.0057395555858850145,1.3102847481870684e-05,0.00013179959730727646,0.0005433732337736889,0.0005647985349808454,0.0008458403435564019,0.0011837686335686107,0.0013103574739839266,0.0020133586310628337
2024-02-05 00:00:00+00:00,174.5,-0.0013171592566774137,3.294249832346387e-05,4.6045345805334824e-05,0.00016474209563073833,0.0005831205462474732,0.0007996489605389123,0.0009237989555248992,0.0012890264231000081,0.0018702982975297797
2024-02-06 00:00:00+00:00,175.10000610351562,0.0034325325066379975,1.7349085074509971e-06,3.467740683091514e-05,4.778025431278382e-05,0.0005780506406046061,0.0005994759418117595,0.0009241532359627839,0.0012511964681887664,0.0017433611909214572
2024-02-07 00:00:00+00:00,175.42999267578125,0.0018827870418798298,1.1782279409126534e-05,1.3517187916577802e-05,4.645968624003967e-05,0.00017825928354731825,0.0005966377341640501,0.0008923000297964454,0.0012341212335071293,0.001722792762072673
2024-02-08 00:00:00+00:00,174.8000030517578,-0.0035975805109957903,3.5448870450706e-06,1.5327166454197404e-05,1.7062074961646398e-05,6.310742076698334e-05,0.0005933778070588026,0.0008167110355005626,0.0012337732068537209,0.0017259809658385218
2024-02-09 00:00:00+00:00,175.00999450683594,0.0012006030803464185,1.2942585533096732e-05,1.6487472578167604e-05,2.8269751987292134e-05,6.294715881820939e-05,0.00019474675612548488,0.0006277456937990554,0.0009538036160196421,0.0017041537494059216
2024-02-12 00:00:00+00:00,175.7899932861328,0.004446978858905659,1.4414477565373087e-06,1.4384033289634312e-05,1.7928920334702906e-05,3.144610825128282e-05,7.749145405661667e-05,0.0006145666544987567,0.000953864435706613,0.001669834412167014
2024-02-13 00:00:00+00:00,174.25999450683594,-0.008741657338920739,1.9775620971553877e-05,2.121706872809146e-05,3.4159654261186186e-05,4.94868207153857e-05,8.416422754629985e-05,0.0006275374613199926,0.0009300045711027019,0.0016615321221893273
2024-02-14 00:00:00+00:00,176.02999877929688,0.01010602284291462,7.641657303110681e-05,9.619219400266096e-05,9.763364175919626e-05,0.00011412111433736598,0.0001276383022539428,0.0002923803978846849,0.0009272872627928552,0.0017365679049992256
2024-02-15 00:00:00+00:00,179.8699951171875,0.021579912470287788,0.00010213169770151209,0.00017854827073261918,0.00019832389170417104,0.00021270792499380748,0.0002280350914480039,0.0002758153457607915,0.0008275110332597635,0.0017047661922145996
2024-02-16 00:00:00+00:00,179.02999877929688,-0.004680957848783862,0.00046569262222528234,0.0005678243199267947,0.0006442408929578995,0.0006654579616859932,0.0006819454342641597,0.0007284051205042032,0.00127858316842821,0.0021513797087083916
2024-02-20 00:00:00+00:00,179.72999572753906,0.0039023182476380924,2.1911366382091242e-05,0.00048760398860737383,0.0005897356863088839,0.0006859278803115471,0.0007003119136011803,0.0007173739885628305,0.001293689720659983,0.002173073138444653
2024-02-21 00:00:00+00:00,180.8999938964844,0.006488657669136089,1.5228087705849233e-05,3.713945408794075e-05,0.0005028320763132211,0.0006813803470458424,0.0007025974157739329,0.0007308671677612288,0.0008973441718994178,0.0021632545105909283
2024-02-22 00:00:00+00:00,183.07000732421875,0.011924274709144811,4.210267834723858e-05,5.733076605308809e-05,7.924213243517732e-05,0.0006470664523619741,0.000743258646364634,0.0007611875666993407,0.0008207501004212508,0.002203248117344306
2024-02-23 00:00:00+00:00,183.9900054931641,0.005012804791104664,0.00014218832733915056,0.00018429100568638943,0.00019951909339223665,0.0006871230819996126,0.0008656713527322307,0.0008998310069934208,0.0009498355802785307,0.002282432865563037
2024-02-26 00:00:00+00:00,183.3600006103516,-0.0034300013066959067,2.512821187372187e-05,0.00016731653921287274,0.0002094192175601093,0.00024655867164805214,0.0008143829915748458,0.0009120166333340459,0.0009420212938287887,0.0023031206206305887
2024-02-27 00:00:00+00:00,183.4499969482422,0.0004906973108438351,1.1764908963935629e-05,3.6893120837657765e-05,0.00017908144817680634,0.00023641221422989652,0.0007240162028372693,0.0009223400945414442,0.0009520512942852733,0.002297086175100115
2024-02-28 00:00:00+00:00,184.3800048828125,0.005056737686855328,2.407838508693713e-07,1.200569281480527e-05,3.7133904688525135e-05,0.00022142491037491666,0.00025856436446285635,0.0009028052574207597,0.0009405097987270162,0.002243053409743602
2024-02-29 00:00:00+00:00,186.05999755859372,0.009070317366024483,2.5570596033662974e-05,2.5811379884532618e-05,3.7576288848466244e-05,0.00020489282806134107,0.0002622235941144281,0.000851959280423316,0.0009625355077156086,0.0022290591423585722
2024-03-01 00:00:00+00:00,185.2899932861328,-0.004147060158856242,8.227065712040531e-05,0.00010784125315406856,0.00010808203700493593,0.00014497515784259578,0.00032926616352898423,0.0008320982398422091,0.001031863579302917,0.0022824722853882137
2024-03-04 00:00:00+00:00,186.67999267578125,0.007473752787581667,1.7198107961172758e-05,9.946876508157835e-05,0.00012503936111523932,0.00013704505393004665,0.00030436159314291836,0.0003836037255780996,0.0010476202395075524,0.0022957774796509077
2024-03-05 00:00:00+00:00,188.5500030517578,0.009967358042239027,5.5856980729884736e-05,7.305508869105776e-05,0.00015532574581146109,0.00018113712569599576,0.0002180302465336525,0.0004175493399258931,0.0010837015992658835,0.0020587222840136167
2024-03-06 00:00:00+00:00,189.52999877929688,0.005184077007753807,9.934822634218702e-05,0.00015520520707207203,0.00017240331503324277,0.0002802445681873134,0.0002922502610021177,0.0005016694785622308,0.0011066332525769636,0.0021566898822862374
2024-03-07 00:00:00+00:00,187.8699951171875,-0.00879710860869487,2.6874654422321662e-05,0.00012622288076450896,0.0001820798614943917,0.0002815486265759721,0.0003073600064605037,0.0004864414546373139,0.0010313762092977734,0.0021399290511330943
2024-03-08 00:00:00+00:00,188.22000122070312,0.0018612896273255686,7.73891198731734e-05,0.00010426377429549533,0.00020361200063768033,0.0002766670893287402,0.0003845083424828077,0.0004216422471713368,0.0006430727069456643,0.002138184289665314
2024-03-11 00:00:00+00:00,188.2899932861328,0.0003717939351259858,3.464399076789754e-06,8.085351894996343e-05,0.00010772817337228308,0.00026293338044435714,0.00036240214552593446,0.00039997843437440466,0.0006246257396403628,0.0019397407615075
2024-03-12 00:00:00+00:00,189.83999633789065,0.008198300985723606,1.3823073019646573e-07,3.6026298069864905e-06,8.099174968015789e-05,0.0002072146304446689,0.00028026971913572567,0.0003883517561406655,0.0006095358826647101,0.0019252585051808603
2024-03-13 00:00:00+00:00,191.3800048828125,0.008079413027815896,6.721213905251665e-05,6.735036978271339e-05,7.081476885950113e-05,0.00017507854315499855,0.0003302837502270695,0.0004553231113423128,0.0006346453433699881,0.001985665830083059
2024-03-14 00:00:00+00:00,187.97000122070312,-0.01797862374217729,6.527691487404122e-05,0.00013248905392655814,0.0001326272846567526,0.0002134808036067181,0.000339703684371226,0.000495029430182691,0.0005577339309048788,0.0016393691084906857
2024-03-15 00:00:00+00:00,190.3000030517578,0.012319408216024286,0.000323230911662781,0.0003885078265368225,0.00045571996558933716,0.00045932259539632574,0.0005635863696918199,0.0007359896847250667,0.0008558366306939381,0.0018439032703280614
2024-03-18 00:00:00+00:00,192.66000366210935,0.012325205998957145,0.00015176781879304668,0.00047499873045582795,0.0005402756453298672,0.0006076260151125826,0.000688479534062545,0.0008705593955569406,0.0009958395405230492,0.0019825682416392374
2024-03-19 00:00:00+00:00,193.7899932861328,0.005848067555469072,0.0001519107029167292,0.0003036785217097761,0.0006269094333725551,0.0007593984872991154,0.0007630011171061008,0.0009666131177437852,0.0011475094595889087,0.0021015364462325025
2024-03-20 00:00:00+00:00,196.3300018310547,0.01302186234397773,3.419989413333001e-05,0.00018611059705005948,0.00033787841584310415,0.0007263862423799287,0.0007937366121626411,0.000901464785534928,0.0011561387576885759,0.0021340014318583815
2024-03-21 00:00:00+00:00,199.05999755859372,0.013809348316171643,0.0001695688989055052,0.00020376879303883548,0.00035567949595556266,0.0008306782264113927,0.0009631672803379498,0.0010441590300181117,0.0012434369994736758,0.00229178805135476
2024-03-22 00:00:00+00:00,196.6199951171875,-0.01233336744821667,0.0001906981009173526,0.00036026699982285806,0.0003944668939561861,0.0006981454156659644,0.0010866532422027857,0.0011574680110622909,0.0014169369924298555,0.0024789412652270423
2024-03-25 00:00:00+00:00,194.82000732421875,-0.009196814167417244,0.00015211195261273058,0.00034281005353008345,0.0005123789524355866,0.0006984895494856482,0.001173488279941475,0.0013061155645982317,0.0015131919643127014,0.002618110632306676
2024-03-26 00:00:00+00:00,195.72999572753903,0.004660043748484277,8.458139083000654e-05,0.0002366933434427374,0.000427391444360088,0.0006311602373989256,0.0009348387591087006,0.0013905587246980417,0.0014984251288005209,0.0027012505753801455
2024-03-27 00:00:00+00:00,199.5200042724609,0.01917836665933148,2.1716007737787394e-05,0.00010629739856779421,0.0002584093511805228,0.000618676351003383,0.0008047869480534414,0.0013450625933833125,0.0014932664821159867,0.002703190962146379
2024-03-28 00:00:00+00:00,200.3000030517578,0.003901754562283699,0.00036780974771975734,0.000389525755457545,0.00047410714628754954,0.0008169171998176351,0.0010206859928564695,0.0016475954262290286,0.0017836871099625707,0.002994584136835029
2024-04-01 00:00:00+00:00,198.94000244140625,-0.006812973911366704,1.522368866430166e-05,0.00038303343638405933,0.0004047494441218447,0.0006414427875645842,0.001001709787387441,0.0013395882032305492,0.0017954463995500825,0.002907676127797819
2024-04-02 00:00:00+00:00,198.8600006103516,-0.0004022213751602166,4.641661351696333e-05,6.164030218126532e-05,0.0004294500499010206,0.0005357474484688169,0.0008785575019988993,0.001234236997954466,0.0018417247823368495,0.0024884001190895004
2024-04-03 00:00:00+00:00,198.3000030517578,-0.0028200117058299057,1.617820346357757e-07,4.657839555159943e-05,6.180208421589904e-05,0.0004513278396734462,0.0006880211831161825,0.0010824880770723725,0.0017746744253189686,0.0024666505347420444
2024-04-04 00:00:00+00:00,195.6499938964844,-0.013453733455023098,7.952466021017694e-06,8.114248055653794e-06,5.4530861572615065e-05,0.00043756429795667646,0.0005438616965244695,0.0010562406489600601,0.0017173499764659452,0.002459374913057213
2024-04-05 00:00:00+00:00,197.4499969482422,0.009158054816479577,0.00018100294387880775,0.00018895540989982576,0.0001891171919344595,0.00025075749411572685,0.0006402832495732707,0.0010676746939333628,0.0015751220086819718,0.002598275178588782
2024-04-08 00:00:00+00:00,198.47999572753903,0.005202945580836449,8.386996802164478e-05,0.00026487291190045286,0.0002728253779214685,0.00031940377347307,0.0007024372098571282,0.0009608465610376549,0.00150722415791057,0.002539956819271276
2024-04-09 00:00:00+00:00,197.1499938964844,-0.00672348849274762,2.7070642717145533e-05,0.00011094061073879064,0.00029194355461759634,0.0003000578026732522,0.0003616981048545164,0.0008358052511420699,0.0013823840977109862,0.0025418992501147
2024-04-10 00:00:00+00:00,195.47000122070312,-0.00855790815500157,4.5205297512109666e-05,7.227594022925552e-05,0.00015614590825089824,0.0003451013181507261,0.0003916797137023244,0.000796429157824173,0.001393389501089766,0.002575339638662874
2024-04-11 00:00:00+00:00,195.42999267578125,-0.00020469964536307117,7.323779198944237e-05,0.00011844308950155236,0.00014551373221869583,0.00041038664411915075,0.0004185008921748034,0.000847950942075828,0.001297058394173703,0.002648336646801447
2024-04-12 00:00:00+00:00,182.7899932861328,-0.06686430536596699,4.1901944811767103e-08,7.327969393425446e-05,0.00011848499144636206,0.00022942560218515477,0.0004183810120849794,0.0004801830963008824,0.0011064021952011623,0.002622807952712596
2024-04-15 00:00:00+00:00,182.88999938964844,0.0005469596806593202,0.004470835332073282,0.004470877234018095,0.004544115026007534,0.0046163909662367926,0.004881263878137244,0.004935794739709863,0.005425125574661714,0.0070113726276654735
2024-04-16 00:00:00+00:00,180.8000030517578,-0.01149341104195667,2.9916489226694555e-07,0.00447113449696555,0.00447117639891036,0.004589619488411914,0.004700560099150703,0.004889677291085167,0.005340843348723975,0.006994473684596567
2024-04-17 00:00:00+00:00,180.0800018310547,-0.003990258070783348,0.0001320984973793715,0.0001323976622716393,0.004603232994344919,0.0046765126882791766,0.00474878862850843,0.005021614006429902,0.005451225838365559,0.007070715201246054
2024-04-18 00:00:00+00:00,181.25,0.006476086968300265,1.5922159471451646e-05,0.000148020656850824,0.00014831982174308834,0.004619197055761185,0.004737640145262736,0.005029583699880337,0.005099338250117253,0.006987289134375318
2024-04-19 00:00:00+00:00,185.8000030517578,0.0247935490699156,4.193970242098852e-05,5.786186189244104e-05,0.00018996035927180992,0.004661094856237362,0.004734374550171614,0.004890520458422517,0.00512605426387394,0.0070023541823739845
2024-04-22 00:00:00+00:00,189.41000366210935,0.01924315419824829,0.0006147200754823127,0.0006566597779033021,0.0006725819373747512,0.0008049795996463922,0.005275856833664485,0.005421370565883185,0.005694357725839289,0.007539685137983124
2024-04-23 00:00:00+00:00,192.13999938964844,0.014310272802046775,0.0003702989834975608,0.0009850190589798743,0.0010269587614008602,0.001174979418251686,0.005646113915217234,0.005764598906663601,0.006064494927302214,0.007906519722403894
2024-04-24 00:00:00+00:00,193.0800018310547,0.004880350470696904,0.00020478390766899966,0.0005750828911665613,0.0011898029666488714,0.0012476648285413142,0.0013800624908129509,0.00592417751682049,0.006261326368950196,0.0081111653993427
2024-04-25 00:00:00+00:00,193.3699951171875,0.0015008065356711953,2.381782071683149e-05,0.00022860172838583203,0.0005989007118833902,0.001255560489786694,0.0014035811466375154,0.00587475754554788,0.00610414124578822,0.008067771081007013
2024-04-26 00:00:00+00:00,193.4900054931641,0.0006204331263859331,2.2524202575133747e-06,2.6070240974345732e-05,0.0002308541486433428,0.0012158732076232189,0.0012737350695156574,0.005876968063860581,0.006022523698024088,0.008004746586390485
2024-04-29 00:00:00+00:00,193.27999877929688,-0.001085951507022287,3.849372643170232e-07,2.6373575218312653e-06,2.6455178238660153e-05,0.0006015380694052232,0.0012581978473085228,0.0014065176690516155,0.005995837992571261,0.0076819006119920215
2024-04-30 00:00:00+00:00,191.7400054931641,-0.007999592132851063,1.179290675603976e-06,1.5642279399218666e-06,3.816648197432639e-06,0.00023241837658326638,0.001217437435563138,0.0014073977948349523,0.005951811985734755,0.007531312083874579
2024-05-01 00:00:00+00:00,191.8600006103516,0.000625626273160762,6.399347429197262e-05,6.517276496757746e-05,6.555770223189188e-05,9.162794320623936e-05,0.0006667108343727981,0.0013392927717475536,0.0059425676680372845,0.007443394855249821
2024-05-02 00:00:00+00:00,191.66000366210935,-0.0010429545480983293,3.914082336690244e-07,6.438488252564252e-05,6.556417320124389e-05,6.82015307230769e-05,0.0002968032591089063,0.001323762020509771,0.005942917174326142,0.007409586369350162
2024-05-03 00:00:00+00:00,190.50999450683597,-0.006018330229587754,1.0877541893989904e-06,1.4791624230688821e-06,6.54726367150389e-05,6.703686465496251e-05,9.310710562930564e-05,0.0012829100722781814,0.0014731695964422583,0.007241105224634055
2024-05-06 00:00:00+00:00,192.0,0.007790714234431562,3.622029875236979e-05,3.730805294176965e-05,3.769946117543607e-05,0.00010287222614301528,0.00010550958366484394,0.0007044102955482385,0.0015090907303023612,0.007086627422469073
2024-05-07 00:00:00+00:00,191.75,-0.0013029317804162943,6.069522828257455e-05,9.691552703494522e-05,9.80032812243416e-05,0.00016238816374998584,0.00016395239168990512,0.00039480654033325225,0.0014376874612055642,0.0069952106981389164
2024-05-08 00:00:00+00:00,195.6499938964844,0.020134877212962365,1.6976312244187746e-06,6.239285950699419e-05,9.861315825936138e-05,0.000100092320682432,0.00016526508565000686,0.00019172026388867135,0.0014234629329585313,0.006912326938533328
2024-05-09 00:00:00+00:00,197.5,0.009411266880849034,0.0004054132803810711,0.0004071109116054907,0.0004678061398880627,0.0005051141928298341,0.000569499075355474,0.000573315723552911,0.0017869365109186139,0.007296024211176612
2024-05-10 00:00:00+00:00,198.7700042724609,0.006409814555826898,8.857194430256591e-05,0.0004939852246836379,0.0004956828559080541,0.000592598382943001,0.0005940775453660673,0.0006596352475979635,0.0012607883797388672,0.0070167864077594205
2024-05-13 00:00:00+00:00,198.72999572753903,-0.00020130085563252464,4.1085722640090376e-05,0.00012965766694265717,0.0005350709473237257,0.0005974638068307215,0.0006347718597724886,0.0007003360329737369,0.0009315751188813967,0.0070426484417352095
2024-05-14 00:00:00+00:00,201.50999450683597,0.013891882645504339,4.052203447838653e-08,4.112624467456963e-05,0.00012969818897713294,0.0005368091005826254,0.0006337246276175681,0.0006991972643326113,0.0007268317332468754,0.006996272350252724
2024-05-15 00:00:00+00:00,202.1100006103516,0.0029731259737006965,0.00019298440343646462,0.00019302492547094389,0.00023411064811103163,0.0007280958727946712,0.0007904887323016628,0.0008281881934771033,0.0008959983159665086,0.007189094971654554
2024-05-16 00:00:00+00:00,202.47000122070312,0.0017796267919054642,8.839478055493715e-06,0.00020182388149195921,0.00020186440352643498,0.0003315220704690939,0.000738632982074582,0.000836636263298928,0.0009025853737644889,0.007189981983689029
2024-05-17 00:00:00+00:00,204.7899932861328,0.011393297611583364,3.1670715184677345e-06,1.2006549573962317e-05,0.00020499095301042432,0.0002461171976849957,0.0007401024223686309,0.0008387155806279966,0.0009053675080186395,0.007012146111328689
2024-05-20 00:00:00+00:00,195.5800018310547,-0.04601551881775823,0.0001298072304661112,0.0001329743019845798,0.00014181378004007089,0.00033483870551101653,0.0004644963724536711,0.0009323025123417381,0.0010339954478091468,0.007058083373773155
2024-05-21 00:00:00+00:00,199.5200042724609,0.019944991099117182,0.0021174279720674615,0.0022472352025335735,0.0022504022740520387,0.0024522261555439996,0.0024933524002185665,0.0029890352561266252,0.003087429945584636,0.009148440703123472
2024-05-22 00:00:00+00:00,198.30999755859372,-0.006083052758745211,0.0003978026699438636,0.002515230642011326,0.0026450378724774343,0.0026570444220513985,0.00285006934752234,0.00338514029484607,0.0034848412072948304,0.009501038075555225
2024-05-23 00:00:00+00:00,196.9199981689453,-0.0070339049951488875,3.700353086567772e-05,0.0004348062008095422,0.0025522341728770014,0.002685208474861583,0.00288703235635354,0.003016730545330677,0.0035207569839711093,0.00946480381443146
2024-05-24 00:00:00+00:00,200.7100067138672,0.01906356803045739,4.947581948078047e-05,8.647935034645906e-05,0.0004842820202903201,0.0027315172228238953,0.0027435237723978556,0.0029776344205088914,0.00353401250469952,0.00951423773196743
2024-05-28 00:00:00+00:00,199.5,-0.006046877292068764,0.00036341962605187703,0.0004128954455326584,0.0004498989763983335,0.002965129618409661,0.0030981039203942387,0.003299968323920678,0.003836736902468822,0.005406822025946025
2024-05-29 00:00:00+00:00,198.1100006103516,-0.006991801262810959,3.656472498533687e-05,0.00039998435103721474,0.0004494601705179927,0.0008842663713275366,0.003131501573861108,0.0033364925268715363,0.0038716039962297406,0.005443087586039095
2024-05-30 00:00:00+00:00,199.3300018310547,0.0061393168536136855,4.888528489864493e-05,8.545000988398267e-05,0.0004488696359358571,0.0005353489862823179,0.003050579628293642,0.0031923934083337166,0.0035150760007473143,0.005359874373558368
2024-05-31 00:00:00+00:00,202.6300048828125,0.016419928053701405,3.769121142906504e-05,8.657649632771083e-05,0.0001231412213130451,0.0005360366668457053,0.0009708428676552453,0.003221245141707288,0.0034641952678738136,0.005381643425515981
2024-06-03 00:00:00+00:00,201.82000732421875,-0.004005432647192997,0.0002696140372887304,0.0003073052487177963,0.0003561905336164386,0.0007561748846536551,0.0008426542350001121,0.003487692107477551,0.0036927235825224536,0.005609317760383724
2024-06-04 00:00:00+00:00,199.16000366210935,-0.013267707165471876,1.6043490691199497e-05,0.0002856575279799308,0.00032334873940899323,0.00040879874929297764,0.0008216941948256338,0.0033739283677026387,0.003708726551179174,0.0050106411755926105
2024-06-05 00:00:00+00:00,197.25999450683597,-0.009585912483238701,0.00017603205342871375,0.0001920755441199141,0.00046168958140864187,0.0005482660777363545,0.0009482504287735671,0.0014325324490638911,0.0036917742011714234,0.004816374245523763
2024-06-06 00:00:00+00:00,196.91000366210935,-0.0017758375235565893,9.188971813631155e-05,0.0002679217715650262,0.000283965262256223,0.0005912705109740211,0.0006767205208580017,0.001126619497256339,0.0037748244412522413,0.004703480055991076
2024-06-07 00:00:00+00:00,199.9499969482422,0.015320529875260114,3.1535989100716e-06,9.504331704638402e-05,0.00027107537047509506,0.0005567328984550276,0.0006433093947827363,0.0010927695653007328,0.0037748109686438457,0.004682815834184315
2024-06-10 00:00:00+00:00,199.6100006103516,-0.001701854149710691,0.00023471863565873767,0.00023787223456881015,0.00032976195270511903,0.0005218374968250349,0.0008291427455428291,0.00127801238147869,0.0038797223738364717,0.00491528204958554
2024-06-11 00:00:00+00:00,194.3600006103516,-0.0266533532024944,2.896307546887499e-06,0.00023761494320562602,0.00024076854211569498,0.000508690313680723,0.0007943478416606516,0.0009174890629737005,0.0017651907093158977,0.00491779341986811
2024-06-12 00:00:00+00:00,191.52999877929688,-0.014667664736878194,0.0007104012369369186,0.0007132975444838069,0.0009480161801425419,0.0010430594971889279,0.0012351350413088396,0.0015913255749252823,0.0020777892763089527,0.0056270153661294245
2024-06-13 00:00:00+00:00,193.66000366210935,0.011059615152238855,0.00021514038883346006,0.0009255416257703795,0.0009284379333172643,0.0011663101678860764,0.0014342319394511002,0.0017575806788600974,0.002255926134276735,0.005778162280670913
2024-06-14 00:00:00+00:00,193.77999877929688,0.0006194255640519231,0.00012231508731563127,0.00033745547614909223,0.001047856713086008,0.0012854716562916359,0.0013805149733380178,0.0018422045547466636,0.002328765402111586,0.005900085959752874
2024-06-17 00:00:00+00:00,194.97999572753903,0.006173478631391838,3.8368802940104306e-07,0.00012269877534503318,0.0003378391641784905,0.0010511367086622992,0.0012890089432311075,0.0015729742054873344,0.00196572946408911,0.005899381893592876
2024-06-18 00:00:00+00:00,197.0,0.010306761449166757,3.811183841225164e-05,3.849552644165355e-05,0.0001608106137572821,0.0010863522395276634,0.0013239671827332874,0.0015950425532083865,0.0019672765775160246,0.005901273433252758
2024-06-20 00:00:00+00:00,198.6699981689453,0.008441418825420044,0.00010622933157003003,0.00014434116998228254,0.00014472485801168087,0.0004821803341607749,0.0011954778786445797,0.001525239831349703,0.0020246206241874096,0.0059468075365402134
2024-06-21 00:00:00+00:00,196.3000030517578,-0.012001030734595908,7.125755178615591e-05,0.0001774868833561868,0.00021559872176843574,0.00033829749711347077,0.0012638391228838482,0.001504607664999547,0.0020581869645445003,0.006016367457101951
2024-06-24 00:00:00+00:00,198.8800048828125,0.01305753548513966,0.0001440247386927156,0.00021528229047887236,0.0003215116220488997,0.0003600071484905551,0.0006974626246396452,0.001645478804782191,0.0019325976659484857,0.005754978915413596
2024-06-25 00:00:00+00:00,198.07000732421875,-0.004081111766849332,0.00017049923294568142,0.00031452397163839787,0.00038578152342455107,0.0005301226934068355,0.0006528214687518665,0.001581259402069135,0.0020870534082029677,0.005836906204056711
2024-06-26 00:00:00+00:00,197.42999267578125,-0.003236486508766845,1.665547325351608e-05,0.00018715470619919835,0.00033117944489191126,0.0005086663282480999,0.0005471618546897513,0.0015950185677757634,0.00192767682802777,0.0058124759546701365
2024-06-27 00:00:00+00:00,199.1699981689453,0.008774668167415456,1.04748449214298e-05,2.7130318174946747e-05,0.00019762955112062546,0.00041291184159949964,0.0005572530115817801,0.0008950921757602746,0.0018462619548128883,0.005822910277557088
2024-06-28 00:00:00+00:00,202.25999450683597,0.015395249109348086,7.699480144825412e-05,8.746964636968478e-05,0.00010412511962319816,0.00041864909126159783,0.0005961359746177824,0.0007569465883750686,0.0019201031573510708,0.005706920675568878
2024-07-01 00:00:00+00:00,205.4499969482422,0.0156487091603017,0.00023701369513888304,0.000314008496587138,0.0003244833415085651,0.0005116380477077653,0.0007269203381866355,0.0008716451961983204,0.0019223982168312163,0.0059350948926522665
2024-07-02 00:00:00+00:00,208.8300018310547,0.016317852141442657,0.00024488209838371034,0.00048189579352259424,0.0005588905949708456,0.0005860209131457943,0.00090054488478419,0.0011161436065526297,0.002164384007668039,0.00617680991951751
2024-07-03 00:00:00+00:00,208.69000244140625,-0.000670623651383373,0.0002662722985099847,0.0005111543968936959,0.0007481680920325762,0.0008356377384022628,0.001022792444601459,0.0013443040666503627,0.001720255069241105,0.006313274987561383
2024-07-05 00:00:00+00:00,204.7899932861328,-0.018864877901395793,4.497360817947678e-07,0.00026672203459178034,0.000511604132975488,0.0008256126295626278,0.0008527429477375724,0.0012385244711621273,0.0015055644164894398,0.004196296751575715
2024-07-08 00:00:00+00:00,205.1699981689453,0.0018538637894760512,0.0003558836182345714,0.000356333354316367,0.000622605652826349,0.0011045014463489451,0.0011919710927186277,0.001523150537610543,0.0017391329474083798,0.004154377699866424
2024-07-09 00:00:00+00:00,207.6300048828125,0.011918778185233236,3.4368109499305047e-06,0.00035932042918450277,0.0003597701652662948,0.0008709245621599926,0.0011849330587471285,0.0013825626098677578,0.0017421860703289093,0.004120810979950677
2024-07-10 00:00:00+00:00,207.8000030517578,0.0008184203123864364,0.0001420572734287917,0.00014549408437872306,0.0005013777026132917,0.0007680997372050738,0.001249995530727666,0.001354120650350868,0.0018461315053454495,0.0042133924338986885
2024-07-11 00:00:00+00:00,207.4499969482422,-0.0016857612830953883,6.698118077267122e-07,0.00014272708523651928,0.00014616389618644706,0.0005024972505028159,0.0010136516473965098,0.0013381349889050789,0.0017405719855831461,0.003850642619654538
2024-07-12 00:00:00+00:00,204.94000244140625,-0.012173066783708109,2.84179110358341e-06,3.5116029113109895e-06,0.00014556887634009996,0.0005048893055246046,0.0007716113401163827,0.0013305019350872325,0.0016721562249005736,0.003816919685772784
2024-07-15 00:00:00+00:00,210.0500030517578,0.024628346859755013,0.00014818355492061768,0.00015102534602420197,0.00015169515783192594,0.00029718924221065085,0.0006535225965270157,0.0014016906885595958,0.0016763150411284757,0.003916217955794757
2024-07-16 00:00:00+00:00,213.6199951171875,0.01685310065996859,0.0006065554690444046,0.0007547390239650231,0.0007575808150686039,0.0009003079003051249,0.0012596283294896255,0.0017712324624651176,0.0021123712772271987,0.0044850822134100965
2024-07-17 00:00:00+00:00,216.8699951171875,0.015099360361306324,0.0002840270018550337,0.0008905824708994392,0.0010387660258200542,0.001042277628731367,0.001187771713110088,0.0018103773659364408,0.0023797428058287165,0.004499495177976399
2024-07-18 00:00:00+00:00,209.97999572753903,-0.032285805425582126,0.00022799068332058866,0.0005120176851756233,0.001118573154220025,0.0012695985002442289,0.001412325585480746,0.0017720957507470448,0.0025972586442278753,0.004711442370605789
2024-07-19 00:00:00+00:00,209.77999877929688,-0.0009529110253154727,0.0010423732319785482,0.0012703639152991377,0.0015543909171541687,0.002309129941119194,0.0023126415440305028,0.0028140192466437983,0.0035626370747581693,0.005577783549155623
2024-07-22 00:00:00+00:00,210.27999877929688,0.0023806134316259886,9.080394221677854e-07,0.0010432812714007169,0.0012712719547213027,0.002161854425620744,0.002312879771644944,0.0024590436678313945,0.003326531419041454,0.00548680187044148
2024-07-23 00:00:00+00:00,210.3300018310547,0.00023776444649836748,5.6673203108380655e-06,6.575359733006718e-06,0.0010489485917115522,0.0015609662768871775,0.002315705300852198,0.0024612741771923023,0.003087316640968582,0.005489315591842246
2024-07-24 00:00:00+00:00,208.58999633789065,-0.008307149370073041,5.653193201867505e-08,5.723852242857608e-06,6.631891665022574e-06,0.0012769958069641623,0.0021675782778635996,0.002319273435695529,0.002821100874390616,0.005254653488115527
2024-07-25 00:00:00+00:00,208.6699981689453,0.00038346274787048884,6.900873065670493e-05,6.906526258872446e-05,7.473258289955972e-05,0.0011180138543002785,0.0016300315394758996,0.0023876123545445074,0.002889659868965526,0.005320765911225345
2024-07-26 00:00:00+00:00,212.2400054931641,0.01696368774092427,1.470436790043861e-07,6.915577433571017e-05,6.921230626772604e-05,7.57876660007347e-05,0.0013461515812998703,0.002384917607119928,0.002533923294409959,0.00461051171796743
2024-07-29 00:00:00+00:00,210.8500061035156,-0.006570726571574426,0.00028776670177158443,0.0002879137454505897,0.0003569224761072918,0.0003626463283501513,0.0014059275997508661,0.002524500753970895,0.0028182531852316128,0.004683138030905555
2024-07-30 00:00:00+00:00,215.19000244140625,0.020374361012043707,4.31744476783942e-05,0.0003309411494499794,0.00033108819312898107,0.0004001534557177075,0.00040672881545071203,0.0019611197326048846,0.0027193703594812157,0.0046039973912683175
2024-07-31 00:00:00+00:00,212.8000030517578,-0.011168598343348712,0.0004151145866490867,0.0004582890343274817,0.0007460557360990633,0.0008152115104347755,0.0008209353626776309,0.002092207317398938,0.0031338151343225755,0.005018728289888003
2024-08-01 00:00:00+00:00,207.9600067138672,-0.023006986008525132,0.0001247375889550516,0.000539852175604139,0.0005830266232825306,0.0008709403687331221,0.0009400056313218445,0.0019889542230334006,0.003255710932174044,0.005105354040430803
2024-08-02 00:00:00+00:00,199.13999938964844,-0.04333769390493014,0.0005293214051964712,0.0006540589941515237,0.0010691735808006073,0.0014001147302505892,0.0014692705045862972,0.0014759023962513237,0.0036368487824498972,0.005528446114057244
2024-08-05 00:00:00+00:00,194.8999938964844,-0.02152151669762592,0.0018781557129974192,0.002407477118193891,0.0025322147071489397,0.002990503741476424,0.0032784174869270113,0.003353150069826575,0.004908449026402912,0.007335344275268507
2024-08-06 00:00:00+00:00,200.33999633789065,0.027529329706771577,0.0004631756809661913,0.002341331393963611,0.0028706527991600797,0.0034105049747642207,0.0037414461242141982,0.003810658430481928,0.005087597705514069,0.0076544952175419834
2024-08-07 00:00:00+00:00,200.3999938964844,0.0002994338498982785,0.000757863994104136,0.0012210396750703281,0.0030991953880677445,0.0037532543822192703,0.00421154341654675,0.004568465892654046,0.005617471016297617,0.008241859978700437
2024-08-08 00:00:00+00:00,204.05999755859372,0.018098717528955532,8.966063046490477e-08,0.0007579536547346017,0.00122112933570079,0.003628606453894684,0.00416845862949882,0.004499546822627805,0.0045751874449495335,0.008225294166077387
2024-08-09 00:00:00+00:00,205.8000030517578,0.008490781945703851,0.00032756357619292227,0.00032765323682338806,0.0010855172309275208,0.0034268486248911346,0.0040809076190426565,0.004826963355141723,0.0049018429817202875,0.00854238289734888
2024-08-12 00:00:00+00:00,206.19000244140625,0.0018932474134851773,7.209337804949048e-05,0.0003996569542424136,0.0003997466148728755,0.001620786289943206,0.004028263408137095,0.00461129003141963,0.0049682690394589404,0.008537481473950115
2024-08-13 00:00:00+00:00,207.94000244140625,0.0084515026485521,3.584385768668314e-06,7.567776381815966e-05,0.0004032413400110789,0.001161194994745683,0.003502526388709292,0.004571699969509903,0.00497179689329559,0.008304052164579901
2024-08-14 00:00:00+00:00,210.2400054931641,0.01100017313356716,7.142789701848317e-05,7.501228278715234e-05,0.00014710566083663977,0.0004747588976600302,0.001695798572730356,0.0042280132798793,0.004974216059657368,0.008130597963214675
2024-08-15 00:00:00+00:00,211.5500030517578,0.006211630167472393,0.00012100380896845274,0.00019243170598693679,0.00019601609175560206,0.000595673045998018,0.0013536267007326175,0.004224279499892702,0.0050950728249468166,0.007985329473673142
2024-08-16 00:00:00+00:00,213.97000122070312,0.011374432392098122,3.8584349337453105e-05,0.00015958815830590672,0.00023101605532438685,0.0003066938191425489,0.0006343470559659345,0.0037335424440336834,0.0048458904725126855,0.0080234640869288
2024-08-19 00:00:00+00:00,215.4499969482422,0.006893025913392137,0.000129377712242411,0.00016796206157986498,0.0002889658705483147,0.00036397815333546937,0.0007636351075778807,0.001984764443278675,0.004932093737076702,0.0077969581809366395
2024-08-20 00:00:00+00:00,214.5200042724609,-0.004325855866171402,4.75138062426955e-05,0.00017689151848510737,0.00021547586782255746,0.0004079075738094966,0.0004835853376276539,0.0015691025685551792,0.004564492956670311,0.007841035176229404
2024-08-21 00:00:00+00:00,214.6000061035156,0.00037286460685681533,1.871302897488953e-05,6.62268352175859e-05,0.00019560454745999386,0.00035519270576590296,0.0004302049885530529,0.0008299516034259328,0.004458468396690149,0.007717690931775502
2024-08-22 00:00:00+00:00,216.6300048828125,0.009414993033114882,1.3902801504648747e-07,1.8852056989936884e-05,6.636586323262935e-05,0.0002343279248124967,0.0004267596307994311,0.0008300009708105143,0.003929286019508724,0.007717160147982823
2024-08-23 00:00:00+00:00,218.30999755859372,0.007725208172824516,8.864209381360177e-05,8.878112182864913e-05,0.00010749415080353562,0.0002843856692886454,0.0004439738275945497,0.0005910794884311938,0.0021397724003249068,0.007802960450692841
2024-08-26 00:00:00+00:00,219.1699981689453,0.003931616195236742,5.96788413134747e-05,0.00014832093512707732,0.00014845996314212078,0.00021468679835970906,0.00038264885993957167,0.0005786649516951781,0.00173627556067219,0.0077144557370856974
2024-08-27 00:00:00+00:00,220.17999267578125,0.004597684338436991,1.5457605906647837e-05,7.513644722012341e-05,0.00016377854103372214,0.0001826305980236614,0.00035952211650876637,0.0005905381718331576,0.0009938691724747017,0.00712335787394794
2024-08-28 00:00:00+00:00,221.2899932861328,0.00502866779052713,2.1138701275908796e-05,3.65963071825575e-05,9.627514849602916e-05,0.00018505627032468067,0.0002512831055422642,0.0005402489760905833,0.0010149182131201457,0.006860469573368816
2024-08-29 00:00:00+00:00,222.2100067138672,0.004148882739274384,2.5287499747485013e-05,4.642620102339467e-05,6.188380693003947e-05,0.0002102047420571192,0.0002290567990470537,0.0004445326668696155,0.0007126421366747084,0.006657766389795712
2024-08-30 00:00:00+00:00,224.8000030517578,0.01158822068759946,1.721322798424892e-05,4.25007277317348e-05,6.363942900764056e-05,0.00013877587622776634,0.00022755699805641308,0.00042316154551641125,0.000657761986609467,0.005632606385801413
2024-09-03 00:00:00+00:00,220.3000030517578,-0.02022086393393696,0.0001342868587045081,0.00015150008668875787,0.00017678758643623985,0.00021338389361879974,0.0003617048287458747,0.00042807069197850836,0.0007884644595453067,0.005765985205083753
2024-09-04 00:00:00+00:00,219.3300018310547,-0.004412814339299409,0.00040888333823479257,0.0005431701969393015,0.0005603834249235474,0.0006068096259469445,0.0006819460731670655,0.0007894402239706054,0.001125919900761616,0.006169201223007708
2024-09-05 00:00:00+00:00,217.6300048828125,-0.007781057759456367,1.947293039312648e-05,0.0004283562686279199,0.0005626431273324249,0.0006051438550641621,0.0006417401622467173,0.0007902001253888423,0.0010243890221862898,0.006188617621468815
2024-09-06 00:00:00+00:00,212.4600067138672,-0.024042628609793226,6.054485985599613e-05,8.001779024912348e-05,0.000488901128483913,0.0006404012151726733,0.0006868274161960656,0.000850605957229792,0.0010463495327048327,0.0061801537506681065
2024-09-09 00:00:00+00:00,216.80999755859372,0.020267615749935075,0.0005780479904684478,0.0006385928503244448,0.0006580657807175682,0.001201235977656872,0.0012437367053886044,0.0013400118538846378,0.0014950198109308695,0.00675805469745755
2024-09-10 00:00:00+00:00,205.55999755859372,-0.05328343245524625,0.0004107762481870163,0.0009888242386554649,0.001049369098511458,0.0014777253671393804,0.0016292254538281356,0.0016911092607581795,0.0018582822528751904,0.006881064243872982
2024-09-11 00:00:00+00:00,207.22999572753903,0.008091316685222338,0.0028391241742127893,0.0032499004223998065,0.003827948412868251,0.003907966203117378,0.004451136400056677,0.004514775829064321,0.0046786933981130905,0.009677013970407378
2024-09-12 00:00:00+00:00,206.6000061035156,-0.003044680704188174,6.546940570055741e-05,0.0029045935799133474,0.0033153698281003607,0.003953962678424808,0.004382318947052725,0.004559106533488969,0.0047440237757986016,0.009327368789458848
2024-09-13 00:00:00+00:00,204.32000732421875,-0.011097158097176596,9.270080590455795e-06,7.473948629101407e-05,0.0029138636605038006,0.003902687899159268,0.0039827056894083885,0.004543089114331941,0.004664651762575456,0.009211901281094254
2024-09-16 00:00:00+00:00,207.8600006103516,0.017177350965603466,0.0001231469178337321,0.00013241699842418876,0.00019788640412474312,0.0034477868265245524,0.004086379676848994,0.004649022804181424,0.004728119839095712,0.008805726793731513
2024-09-17 00:00:00+00:00,209.25,0.006664930272950009,0.0002950613861955183,0.0004182083040292512,0.00042747838461970405,0.0033320719645330544,0.004320896203188516,0.004809797331672434,0.005007723619384583,0.007222632466929612
2024-09-18 00:00:00+00:00,207.52999877929688,-0.008253807718071826,4.442129554328548e-05,0.0003394826817388046,0.0004626295995725337,0.0005373690858635504,0.0037872695082633544,0.004445335288980927,0.00503100621365196,0.006803878081506707
2024-09-19 00:00:00+00:00,210.47999572753903,0.01411471478186943,6.812534184690205e-05,0.0001125466373901883,0.0004076080235857037,0.0005400250220098951,0.00344461860192324,0.004493987700434702,0.005073844055751377,0.006114139429249473
2024-09-20 00:00:00+00:00,211.08999633789065,0.0028939490360277986,0.00019922517337352341,0.00026735051522042624,0.0003117718107637088,0.0007299801147929628,0.0008047196010839742,0.0046326680139522295,0.0052558560011406515,0.006313274941992531
2024-09-23 00:00:00+00:00,211.44000244140625,0.0016567163731915358,8.374941023126224e-06,0.0002076001143966504,0.00027572545624354955,0.0006152081379823569,0.000747625136406543,0.004062994964506908,0.00512994408345927,0.005994086306822735
2024-09-24 00:00:00+00:00,211.58999633789065,0.00070914073802264,2.744709141200916e-06,1.11196501643279e-05,0.00021034482353784838,0.0003228914609280394,0.0007410997649572881,0.003654963425461093,0.004723805454365678,0.0059247376379144455
2024-09-25 00:00:00+00:00,210.19000244140625,-0.006638527393501015,5.028805863232946e-07,3.2475897275249696e-06,1.1622530750648267e-05,0.0002789730459710772,0.0006184557277098793,0.0008163421318346267,0.004704835404558875,0.0059216561327321
2024-09-26 00:00:00+00:00,209.77999877929688,-0.0019525384726337691,4.4070045954263374e-05,4.457292654058743e-05,4.7317635681785416e-05,0.0002549177500784385,0.0003674643874686243,0.0007949427720883327,0.004688360590657142,0.005894298281667881
2024-09-27 00:00:00+00:00,210.5,0.0034262964079463387,3.812406487115012e-06,4.788245244137915e-05,4.838533302769952e-05,5.950498319203012e-05,0.00032685549841245386,0.000789485097984992,0.00411412500667581,0.005777106879186543
2024-09-30 00:00:00+00:00,210.8600006103516,0.0017087559209496561,1.1739507075105984e-05,1.5551913562221756e-05,5.96219595164822e-05,6.286954924400988e-05,0.0002704696636406578,0.0006780776872263659,0.003715088265563899,0.005750262036924195
2024-10-01 00:00:00+00:00,207.0399932861328,-0.01828243015872477,2.9198467973805073e-06,1.465935387248725e-05,1.8471760359599332e-05,6.304468690018947e-05,7.416433706451488e-05,0.000385936147828228,0.0008788839381484903,0.0056238041714791655
2024-10-02 00:00:00+00:00,207.2899932861328,0.0012067677379929975,0.0003342472525086491,0.0003371670993060304,0.0003489066063811334,0.00039678905882251526,0.0004000366485500378,0.0006757621047935917,0.001147661784956582,0.0059105376177451185
2024-10-03 00:00:00+00:00,205.22999572753903,-0.009987465999554246,1.456288373460736e-06,0.0003357035408821106,0.00033862338767948815,0.00035417530124171265,0.0003987482277822976,0.0006090930513201503,0.001139847992739587,0.00589328087714369
2024-10-04 00:00:00+00:00,211.22000122070312,0.028768969474525896,9.97494770922521e-05,0.00010120576546571359,0.0004354530179743598,0.00045011237184684977,0.0004979948242882264,0.0005096173550388789,0.001116450551998107,0.005992891326220895
2024-10-07 00:00:00+00:00,210.92999267578125,-0.0013739599419029247,0.0008276536046262029,0.0009274030817184557,0.0009288593700919135,0.0012660264693979467,0.001281578382960166,0.0013288960186419556,0.0016490427704287914,0.006731902837033496
2024-10-08 00:00:00+00:00,210.75,-0.0008536932737577274,1.8877659219538882e-06,0.0008295413705481575,0.0009292908476404067,0.00126499438852252,0.0012796537423950048,0.0013280390754227085,0.00160650924080746,0.006674111761641976
2024-10-09 00:00:00+00:00,213.4199981689453,0.012589449726871038,7.287922056591861e-07,2.6165581276138332e-06,0.0008302701627538137,0.0009314759282195302,0.0012686430275255579,0.0013282649870420445,0.001539112691166217,0.006659382947940987
2024-10-10 00:00:00+00:00,212.83999633789065,-0.0027213540865931307,0.00015849424442541325,0.0001592230366310732,0.00016111080255302404,0.0010885138842714826,0.001424217425153591,0.0014426891855131943,0.0014983817622181068,0.006796738491090491
2024-10-11 00:00:00+00:00,222.2899932861328,0.04344211297738543,7.405768064617133e-06,0.00016590001249003114,0.0001666288046956873,0.0009961701752438476,0.0010973759407095587,0.0014462825470906964,0.0014974125892595978,0.006778856759407624
2024-10-14 00:00:00+00:00,221.47999572753903,-0.003650532835366427,0.0018872171799399194,0.0018946229480045372,0.0020531171924299475,0.002055733750557564,0.002983136832276017,0.0033217602199555095,0.0033818850600583162,0.008648860711363294
2024-10-15 00:00:00+00:00,222.38999938964844,0.004100321927966277,1.3326389982088444e-05,0.0019005435699220084,0.0019079493379866228,0.0020671723746176988,0.002896713745165854,0.003332166763140218,0.0033947085694540813,0.008527900242640876
2024-10-16 00:00:00+00:00,223.63999938964844,0.005605018837046671,1.6812639912961088e-05,3.0139029895050184e-05,0.0019173562098349667,0.0020832562223250008,0.0020858727804526117,0.00301473215054453,0.003367451163412779,0.008135829544319044
2024-10-17 00:00:00+00:00,224.4199981689453,0.003481674648392996,3.1416236163648023e-05,4.822887607660976e-05,6.15552660586954e-05,0.0019561782140632353,0.002115401250694306,0.003044692098334717,0.003395054993089312,0.008147772850089564
2024-10-18 00:00:00+00:00,225.3699951171875,0.004224186287145493,1.2122058357262494e-05,4.353829452091117e-05,6.035093443386944e-05,0.0019608945043558808,0.002126794516845909,0.0029570646795997273,0.0033954375443714683,0.008099350048590831
2024-10-21 00:00:00+00:00,223.0,-0.010571702904694114,1.7843749788508023e-05,2.9965808145771167e-05,6.138204430941637e-05,9.152107420446937e-05,0.001986144022209004,0.0021472548247620325,0.003410361447362596,0.0075391458079108915
2024-10-22 00:00:00+00:00,224.1199951171875,0.005009829450366432,0.00011176090230511795,0.00012960465209362662,0.0001417267104508863,0.00018995558652749888,0.002090499156449505,0.0022571279611451967,0.003187875097159065,0.007240130462028993
2024-10-23 00:00:00+00:00,223.41000366210935,-0.003172936127944226,2.5098391121758827e-05,0.00013685929342687744,0.00015470304321538262,0.0001982413377362966,0.00022838036763134443,0.0022814975600612963,0.003211517199907363,0.004426104678937962
2024-10-24 00:00:00+00:00,224.97999572753903,0.007002825591735373,1.0067523672013697e-05,3.5165914793773176e-05,0.0001469268170988883,0.0001768926252446623,0.00022512150132126965,0.002133070839307897,0.003121835246487125,0.004370702796909419
2024-10-25 00:00:00+00:00,222.30999755859372,-0.011938697142366728,4.903956626826388e-05,5.910708994027822e-05,8.420548106203421e-05,0.00021381013315566367,0.00025734842767657245,0.002174704637511544,0.0023432212081291857,0.004410472282587227
2024-10-28 00:00:00+00:00,225.5,0.014247365710823523,0.00014253248945715548,0.00019157205572542,0.00020163957939743087,0.0003384988728243111,0.0003684646809700799,0.00043001994702877963,0.002483865931664387,0.004429857854210651
2024-10-29 00:00:00+00:00,222.8999938964844,-0.011596945933214364,0.00020298742969794987,0.000345519919155106,0.00039455948542336703,0.00042972540021714306,0.0005593300523107673,0.0006196809867446411,0.0026861245691566778,0.004337783897713082
2024-10-30 00:00:00+00:00,224.41000366210935,0.006751539244799432,0.0001344891549778972,0.00033747658467584774,0.0004800090741330004,0.0005391161640732814,0.0006759754575001565,0.0007373575018095772,0.002662119479709162,0.0044278517571476935
2024-10-31 00:00:00+00:00,221.9199981689453,-0.01115780393876431,4.558328217406688e-05,0.00018007243715196473,0.0003830598668499118,0.0005746319225753346,0.0006097978373691053,0.000751524547819996,0.002700296993818611,0.004405309697474858
2024-11-01 00:00:00+00:00,222.94000244140625,0.004585739596880245,0.00012449658873590436,0.0001700798709099719,0.00030456902588786626,0.0006500889450429751,0.0007091960349832509,0.0008638990781986379,0.0009375764026145967,0.0043305811128372396
2024-11-04 00:00:00+00:00,219.77999877929688,-0.01427564744786114,2.102900765039539e-05,0.0001455255963863004,0.00019110887856036443,0.000528585463236215,0.0007201575189616326,0.0008670843360605253,0.0009452790202829037,0.004343235179464508
2024-11-05 00:00:00+00:00,221.4900054931641,0.007750426075568306,0.00020379411005562426,0.0002248231177060203,0.00034931970644192184,0.0005293921435938894,0.0008749120627489929,0.0009591175438110316,0.0011322604904255669,0.0045442845803789315
2024-11-06 00:00:00+00:00,247.05999755859372,0.10925374568669088,6.006910435284914e-05,0.0002638632144084741,0.0002848922220588666,0.0004549720929688414,0.0007924486776446866,0.000994088257042122,0.001160913358614768,0.004603850804145458
2024-11-07 00:00:00+00:00,236.3800048828125,-0.04419051198611523,0.011936380946572126,0.011996450050924977,0.012200244160980598,0.012345769757366901,0.012525842194518863,0.012920401679942234,0.013085172246829632,0.01649616170476332
2024-11-08 00:00:00+00:00,236.97999572753903,0.0025350311190939223,0.0019528013495949941,0.013889182296167122,0.013949251400519967,0.014174074518225992,0.014344154389135961,0.014824163463268964,0.015020129846636119,0.0184451506478712
2024-11-11 00:00:00+00:00,239.2899932861328,0.009700446073963143,6.426382774774584e-06,0.0019592277323697703,0.013895608678941893,0.01415947189335037,0.014304997489736668,0.014688057356586582,0.014914795327105775,0.018439837523570868
2024-11-12 00:00:00+00:00,239.55999755859372,0.0011277197712775688,9.409865403386695e-05,0.00010052503680864327,0.0020533263864036338,0.014049776437328612,0.01427459955503463,0.014579168580922501,0.014983795590017883,0.018531016330807355
2024-11-13 00:00:00+00:00,241.16000366210935,0.0066567316015460065,1.2717518825303322e-06,9.537040591639901e-05,0.00010179678869117012,0.013990979084858295,0.014254842299266766,0.014445951177827135,0.014974999818228401,0.018198040830181235
2024-11-14 00:00:00+00:00,241.8699951171875,0.002939742741402185,4.431207561502126e-05,4.558382749755333e-05,0.00013968248153141681,0.002098910213901189,0.014095360264826162,0.014444679971268089,0.014970272327575158,0.018240896617422796
2024-11-15 00:00:00+00:00,245.30999755859372,0.014122335341665071,8.642087385626832e-06,5.295416300064983e-05,5.4225914883176694e-05,0.0001547509516918217,0.01404393324785894,0.01432882546991781,0.014836381925503628,0.01814978922771617
2024-11-18 00:00:00+00:00,245.02999877929688,-0.001142059843462384,0.0001994403555024423,0.00020808244288807087,0.00025239451850308863,0.0003477649244194894,0.0023069926567892566,0.014507236817769857,0.01483283485130812,0.01752157597859241
2024-11-19 00:00:00+00:00,243.08999633789065,-0.00794891697028799,1.3043006860493252e-06,0.00020074465618849334,0.0002093867435741167,0.00025497057107167176,0.00035549560788031157,0.014304747008400282,0.014699649997016272,0.017520992513356506
2024-11-20 00:00:00+00:00,240.77999877929688,-0.009548081638820705,6.318528100053238e-05,6.448958168658345e-05,0.0002639299371890223,0.00031688410018967386,0.0004122545061060694,0.014307863185047965,0.014717251995842739,0.017583449002151377
2024-11-21 00:00:00+00:00,244.75999450683597,0.01639446771418296,9.116586298158508e-05,0.0001543511439821192,0.00015565544466816507,0.00036373788755623764,0.0004093217150537875,0.002462648101457425,0.01468392127008842,0.01751612062070755
2024-11-22 00:00:00+00:00,248.5500030517578,0.01536592866764952,0.0002687785716313874,0.00035994443461297425,0.0004231297156135032,0.0006238743718019982,0.0006768285348026446,0.0007786253234938181,0.014931670834069412,0.01777749342427432
2024-11-25 00:00:00+00:00,250.2899932861328,0.006976173938813446,0.00023611176381929335,0.0005048903354506824,0.0005960561984322641,0.0006605457801188493,0.0008686282230069166,0.001008310704538337,0.01496398848783308,0.01612638800815369
2024-11-26 00:00:00+00:00,249.97000122070312,-0.0012793032126712234,4.8667002824579905e-05,0.000284778766643875,0.0005535573382752589,0.0007079084822573798,0.0009086531384458698,0.00096287905332905,0.014952586386304811,0.01616172862099619
2024-11-27 00:00:00+00:00,249.7899932861328,-0.0007203775585615801,1.6366167099509134e-06,5.030361953453255e-05,0.00028641538335382247,0.0006463598179667985,0.0007108493996533784,0.0009632439181564705,0.0030178420564426363,0.016146552597793178
2024-11-29 00:00:00+00:00,249.72000122070312,-0.0002802429046759869,5.189438268791429e-07,2.1555605368317907e-06,5.082256336140828e-05,0.0005557128988120924,0.0007100640427942082,0.0009194507863683284,0.0010655596506745214,0.016115655305456406
2024-12-02 00:00:00+00:00,246.25,-0.013993015029632794,7.853608562123428e-08,5.974799125021119e-07,2.23409662244961e-06,0.00028701286326632627,0.000646957297879297,0.0009108872350683229,0.001059211803985368,0.016103611783184767
2024-12-03 00:00:00+00:00,244.82000732421875,-0.005824003488082319,0.00019580446961952924,0.00019588300570515222,0.00019640194953202795,0.00024670556906656216,0.0007515959045172411,0.0009072513491854097,0.0011609176195710304,0.016281572503015786
2024-12-04 00:00:00+00:00,243.3999938964844,-0.005817121086759691,3.3919016629195015e-05,0.000229723486248726,0.00022980202233434383,0.00023195758287117727,0.0005167363495150488,0.0009398660651285554,0.001193564884317695,0.016203730617339863
2024-12-05 00:00:00+00:00,245.47999572753903,0.008509304639022552,3.383889773802425e-05,6.7757914367221e-05,0.0002635623839867468,0.0002641598638992506,0.0003144634834337797,0.0009105196818660473,0.001183091706440698,0.01621247112395613
2024-12-06 00:00:00+00:00,247.3600006103516,0.0076293077501414786,7.240826543969074e-05,0.00010624716317771671,0.00014016617980690832,0.0003360491855120622,0.00033820474604889057,0.0008917620843241528,0.001246857884494762,0.016274811865723805
2024-12-09 00:00:00+00:00,243.80999755859372,-0.014455544446858148,5.820633674636883e-05,0.0001306146021860613,0.00016445349992408212,0.0003941769861728098,0.00039477446608530845,0.0006811898494391344,0.0011056238657386884,0.01628397863620191
2024-12-10 00:00:00+00:00,242.8600006103516,-0.003904075280805941,0.00020896276525509146,0.000267169102001462,0.00033957736744114937,0.000407335281808372,0.0006032182875135208,0.0006540408508749324,0.0013132823303077306,0.016350408911999847
2024-12-11 00:00:00+00:00,243.52999877929688,0.002754985067770832,1.5241803798199987e-05,0.00022420456905329319,0.0002824109057996586,0.000388658068977377,0.0006183815552260996,0.0006206156518485525,0.0012653388531053984,0.016162663286100096
2024-12-12 00:00:00+00:00,241.52999877929688,-0.008246449280671087,7.589942723640256e-06,2.2831746521842006e-05,0.00023179451177693004,0.000362409113962993,0.00043016702833021054,0.0006265689778622419,0.0011817629328474536,0.01603576407384584
2024-12-13 00:00:00+00:00,239.94000244140625,-0.006604781664104387,6.800392573868068e-05,7.559386846232269e-05,9.083567226051925e-05,0.00035800477426198296,0.00046425193743969623,0.0006940539597740434,0.0009809882869547468,0.016058184717410454
2024-12-16 00:00:00+00:00,239.5800018310547,-0.0015015043158967956,4.362314083048951e-05,0.00011162706656917195,0.00011921700929280877,0.00034342157834610365,0.0004740361805321615,0.0007375985645189117,0.0007884996639659429,0.01597731126950504
2024-12-17 00:00:00+00:00,238.3600006103516,-0.005105259506547277,2.254515210656704e-06,4.5877656041147975e-05,0.0001138815817798252,0.00013671332830166884,0.0004038824303031275,0.0005440486101100392,0.0007420871763520197,0.0159585367770653
2024-12-18 00:00:00+00:00,230.3699951171875,-0.03409544762436845,2.606367462919135e-05,2.8318189839849816e-05,7.194133067033587e-05,0.00014753519913266022,0.00037173976818594996,0.0005361932681100356,0.0007665142342712602,0.015780806341638868
2024-12-19 00:00:00+00:00,232.9600067138672,0.011180103013109566,0.001162499548706052,0.001188563223335245,0.0011908177385458983,0.0013024448051150719,0.0013252765516369104,0.0016648539190780632,0.001928494839150433,0.016883236785992073
2024-12-20 00:00:00+00:00,237.6000061035156,0.019721819348538006,0.0001249947033837416,0.0012874942520897954,0.0013135579267189834,0.0013594355827601329,0.0014350294512224522,0.0017174403570221141,0.0020534110064485533,0.005071850542803687
2024-12-23 00:00:00+00:00,238.38999938964844,0.003319372265705667,0.000388950158416368,0.0005139448618001113,0.00167644441050616,0.0017047626003460115,0.0018163896669151796,0.0020481841786921134,0.002246556695245392,0.0035079993516250606
2024-12-24 00:00:00+00:00,242.30999755859372,0.01630990260437315,1.1018232238335972e-05,0.00039996839065470574,0.0005249630940384438,0.0017135263173736904,0.001759403973414835,0.0018502396456753576,0.002223655910854533,0.003512591201088622
2024-12-26 00:00:00+00:00,243.13999938964844,0.003419518570593638,0.00026601292296413805,0.0002770311552024758,0.0006659813136188403,0.001953475565708637,0.0019817937555484835,0.0021010107648412957,0.002455829936080647,0.003684505470018893
2024-12-27 00:00:00+00:00,241.1699981689453,-0.008135335201761684,1.1693107254634759e-05,0.00027770603021877455,0.00028872426245710707,0.0008026691242572201,0.0019912323475924617,0.0021051139293722905,0.0023951147778955907,0.0036949268253909976
2024-12-30 00:00:00+00:00,239.32000732421875,-0.007700472289476679,6.618367884502282e-05,7.787678609965932e-05,0.0003438897090637939,0.0007438580997185014,0.002031352351808293,0.0021032936824786326,0.0024030921199942445,0.003716798428620999
2024-12-31 00:00:00+00:00,239.7100067138672,0.0016282882674873989,5.92972734809982e-05,0.00012548095232602275,0.00013717405958065405,0.00041420521478313156,0.0009281500765832394,0.002118967815129141,0.002253426628220152,0.0037674536147163703
2025-01-02 00:00:00+00:00,240.0,0.0012090359483831747,2.651322682037115e-06,6.194859616303705e-05,0.0001281322750080564,0.0004058383052268327,0.000805806695881535,0.0021193646226005214,0.0022408361471039887,0.003570664581895965
2025-01-03 00:00:00+00:00,243.27999877929688,0.013574115009429732,1.4617679244828027e-06,4.1130906065216525e-06,6.341036408751638e-05,0.00014128715018717745,0.00041831830538964975,0.002094762715895813,0.002234707972304831,0.0035708220491343988
2025-01-06 00:00:00+00:00,240.8500061035156,-0.01003867993362828,0.00018425659828922555,0.0001857183662137101,0.00018836968889574373,0.00031385064122176824,0.0005915566714405393,0.0011165197654789867,0.002350960644855376,0.003691893366423092
2025-01-07 00:00:00+00:00,243.1699981689453,0.009586421272238965,0.0001007750948098311,0.0002850316930990584,0.0002864934610235377,0.0003484420571865765,0.00042631884328623237,0.001092300156905076,0.0024081125988347175,0.003701502598251338
2025-01-08 00:00:00+00:00,243.1300048828125,-0.00016447989295542698,9.189947280883574e-05,0.00019267456761866859,0.0003769311659078906,0.00038104425651441407,0.0005065252088404333,0.0007952494712975439,0.002497757556432897,0.003524623499428786
2025-01-10 00:00:00+00:00,239.8699951171875,-0.013499210232216008,2.7053635186628716e-08,9.19265264440241e-05,0.00019270162125385173,0.00037841998746756357,0.00044036858363059715,0.0007842582926943945,0.0024717209354388923,0.0032885387892446793
2025-01-13 00:00:00+00:00,244.2100067138672,0.017931448806451478,0.00018222867689356536,0.00018225573052875374,0.000274155203337586,0.0005591868964366461,0.0005632999870431643,0.0007004740466238219,0.0014914500636264054,0.0034221004633136647
2025-01-14 00:00:00+00:00,247.47000122070312,0.013260829102169858,0.00032153685629839014,0.0005037655331919573,0.0005037925868271404,0.0006964671544458106,0.0008821855206595173,0.0010103177956675771,0.0016879922165410539,0.0037420007029021042
2025-01-15 00:00:00+00:00,252.3500061035156,0.019527669499496803,0.00017584958847695502,0.0004973864447753469,0.0006796151216689088,0.0007715416481129346,0.0010565733412119895,0.0011199837052995093,0.0014748916466016408,0.00391733134755218
2025-01-16 00:00:00+00:00,254.2700042724609,0.007579674398320968,0.0003813298760815777,0.0005571794645585344,0.0008787163208569212,0.0010609720513856766,0.0012536466190043417,0.0014420163079000886,0.0018452032904448827,0.004298582687548137
2025-01-17 00:00:00+00:00,259.1600036621094,0.019048934341146406,5.745146398456233e-05,0.0004387813400661417,0.0006146309285430933,0.0011183964617350523,0.0012103229881790729,0.0014968164492026141,0.0016366418314653069,0.00416022968191317
2025-01-21 00:00:00+00:00,263.0299987792969,0.01482244376014652,0.00036286189953330686,0.00042031336351787093,0.0008016432395994452,0.0012990296843747938,0.001481285414903544,0.0018582165808114382,0.001987810623743979,0.004489172564817281
2025-01-22 00:00:00+00:00,262.8399963378906,-0.0007226213757718369,0.0002197048390227065,0.000582566738556015,0.0006400182025405741,0.00119719766709911,0.001700963200291064,0.001893664821544919,0.0021413317839216626,0.004675038506101964
2025-01-23 00:00:00+00:00,265.95001220703125,0.011762898991228177,5.221816527223824e-07,0.0002202270206754306,0.0005830889202087341,0.0010218702602748776,0.0015192567050502208,0.0017934119083878105,0.002082556692093387,0.004603152422314996
2025-01-24 00:00:00+00:00,264.8399963378906,-0.00418251085903254,0.00013836579267783686,0.00013888797433056098,0.0003585928133532641,0.0007789061768711367,0.0013360856414296677,0.0018398782282568115,0.0022182711620891866,0.004683311878246463
2025-01-27 00:00:00+00:00,265.8500061035156,0.003806406679824903,1.7493397085925115e-05,0.0001558591897637637,0.00015638137141648273,0.0007389481099724995,0.0011777294500386376,0.00185734457170755,0.002234302791250629,0.004491842510077297
2025-01-28 00:00:00+00:00,267.1400146484375,0.004840657474426635,1.4488731812215642e-05,3.198212889814249e-05,0.000170347921575976,0.0003905749422514082,0.0008108883057692756,0.0016896046266262003,0.002064534924773619,0.0044910894380913126
2025-01-29 00:00:00+00:00,266.5799865722656,-0.002098584577771234,2.343196478472245e-05,3.792069659693983e-05,5.541409368286158e-05,0.0001943020680134242,0.0007768688065694358,0.0013914997351125325,0.00198719179474851,0.004506931460152395
2025-01-30 00:00:00+00:00,268.2300109863281,0.006170526568450185,4.404057230059269e-06,2.783602201478345e-05,4.2324753826995736e-05,0.00019818394359076108,0.0004184109642661882,0.001220054203865637,0.001899696379169734,0.004443331591643774
2025-01-31 00:00:00+00:00,267.29998779296875,-0.0034732848969802887,3.807539813194962e-05,4.247945536201062e-05,6.59114201467297e-05,9.789354904487382e-05,0.00023678152337543133,0.0008767997259160088,0.0019377447236664969,0.004437783848945233
2025-02-03 00:00:00+00:00,266.8099975585937,-0.0018347920288874775,1.2063707975591375e-05,5.013910610754273e-05,5.454316333759864e-05,9.246385993454009e-05,0.0002483230496983003,0.0008314119699070378,0.001767579754748523,0.004447593041710168
2025-02-04 00:00:00+00:00,267.94000244140625,0.004226298512525872,3.366461789269026e-06,1.5430169764862134e-05,5.350556789680839e-05,8.134158991159347e-05,0.00011332371880973249,0.000471916532163,0.001449409360239402,0.004424895828870246
2025-02-05 00:00:00+00:00,270.42999267578125,0.009250173716027987,1.78615991169784e-05,2.122806090624916e-05,3.3291768881837176e-05,7.577122424384943e-05,0.00011369192084078578,0.0002700732922572719,0.0012914213708794253,0.003280257879281172
2025-02-06 00:00:00+00:00,276.8999938964844,0.02364315045797305,8.556571377669503e-05,0.00010342731289367516,0.00010679377468294084,0.00015693288079048518,0.00018476890280526517,0.0003551168243812445,0.0009956572085745427,0.003240828889674126
2025-02-07 00:00:00+00:00,275.79998779296875,-0.003980487035851965,0.0005589985635783512,0.0006445642773550479,0.000662425876472023,0.0006778560462368867,0.0007203355015988939,0.0007757495952817588,0.0014972043081683314,0.0034108772948361087
2025-02-10 00:00:00+00:00,271.0400085449219,-0.017409478108641352,1.5844277042585564e-05,0.0005748428406209385,0.0006604085543976301,0.000681636615303881,0.0007317757214114202,0.0007741004752384193,0.00115018668567761,0.0034157033396403583
2025-02-11 00:00:00+00:00,274.989990234375,0.014468254866266683,0.00030308992801526244,0.00031893420505784976,0.0008779327686361975,0.0009813600815298743,0.000996790251294733,0.0010627016714414661,0.001233571774670166,0.003452780344691483
2025-02-12 00:00:00+00:00,275.45001220703125,0.0016714703790317031,0.00020933039887524956,0.0005124203268905138,0.000528264603933096,0.0011728288812881454,0.0011940569421943913,0.0012486001055319932,0.0014423799918926933,0.0036504176363120976
2025-02-13 00:00:00+00:00,276.32000732421875,0.0031534726692497017,2.7938132279803852e-06,0.00021212421210323168,0.0005152141401184908,0.001090056980739431,0.0011934842936331025,0.0012469898615299145,0.001306808012442837,0.0035870277706950555
2025-02-14 00:00:00+00:00,276.5899963378906,0.0009766111422928603,9.944389875704839e-06,1.273820310368696e-05,0.00022206860197893316,0.0005410028070367846,0.001185567084391829,0.0012188588532736696,0.0012992590052326165,0.003537674887089762
2025-02-18 00:00:00+00:00,279.95001220703125,0.012074807352274952,9.537693232505653e-07,1.089815919895714e-05,1.3691972426934164e-05,0.0005261122993174495,0.0011009551399383845,0.0012077489146213288,0.0012857240427436515,0.0035359773337309756
2025-02-19 00:00:00+00:00,279.25,-0.002503621449918114,0.00014580097259455323,0.00014675474191780554,0.00015669913179350701,0.0003688233438967403,0.0006877575489545866,0.001350183425426613,0.0014080930505534822,0.003680316538401046
2025-02-20 00:00:00+00:00,266.79998779296875,-0.04560816966133263,6.2681203644900805e-06,0.00015206909295904504,0.00015302286228229225,0.00016576106538598084,0.0006781813922764912,0.0013385899466741248,0.0014099571136879131,0.0035023280604763105
2025-02-21 00:00:00+00:00,264.239990234375,-0.009641524162850246,0.002080105139856902,0.002086373260221394,0.002232174232815944,0.0022430723920149028,0.0024551966041181307,0.0033331293727543315,0.0034519868554128657,0.005481658105523381
2025-02-24 00:00:00+00:00,261.3399963378906,-0.011035516576943571,9.295898818282513e-05,0.002173064128039729,0.002179332248404216,0.0023260869903220234,0.0023388251934257065,0.002867089797358806,0.0035328821356200996,0.005482717620897371
2025-02-25 00:00:00+00:00,257.3999938964844,-0.015190956098339647,0.00012178262611999637,0.00021474161430282325,0.002294846754159722,0.002446915847118769,0.002457814006317722,0.002973028146436217,0.0036512982999508266,0.0056044731933821805
2025-02-26 00:00:00+00:00,258.7900085449219,0.005385683572757927,0.00023076514718168252,0.0003525477733016806,0.0004455067614845027,0.002531880021705898,0.0026786347636237,0.002900703365602637,0.003864201848015531,0.005653009663670297
2025-02-27 00:00:00+00:00,259.04998779296875,0.0010040911158961663,2.9005587545874584e-05,0.00025977073472755884,0.00038155336084755217,0.0025546174888872826,0.002706686581846324,0.002720378554273262,0.0038076417217847106,0.005360478394917782
2025-02-28 00:00:00+00:00,264.6499938964844,0.0213871291029033,1.0081989690216083e-06,3.00137865148979e-05,0.0002607789336965774,0.00047552054799940193,0.0025618938082207924,0.002718592940014303,0.003249651357175381,0.005185637005409849
2025-03-03 00:00:00+00:00,260.6199951171875,-0.015344786260013343,0.00045740929126425337,0.0004584174902332767,0.00048742307777914826,0.0008399708510808302,0.003013034979120556,0.003166057841402852,0.0036912163713970487,0.005261716420592524
2025-03-04 00:00:00+00:00,250.25,-0.04060297078605846,0.0002354624653654943,0.0006928717566297494,0.000693879955598768,0.0009536506903263281,0.001168392304629148,0.003400566537445095,0.00362358890874728,0.005439727421973456
2025-03-05 00:00:00+00:00,251.52999877929688,0.005101843671782014,0.0016486012366535164,0.0018840637020190124,0.0023414729932832628,0.0023714867797981617,0.0027240345530998395,0.004903366801504059,0.005062859746525547,0.006725466759093666
2025-03-06 00:00:00+00:00,246.5399932861328,-0.020038036976103513,2.602880885130218e-05,0.0016746300455048203,0.0019100925108703117,0.0023685100011035893,0.002628280735831145,0.00492312748999087,0.005086094742148869,0.006531790728922262
2025-03-07 00:00:00+00:00,242.27999877929688,-0.017430147816660302,0.0004015229258556916,0.0004275517347069955,0.002076152971360509,0.00276902472799026,0.002799038514505154,0.0032445452759896605,0.0054776732781288565,0.006932791473125231
2025-03-10 00:00:00+00:00,232.22000122070312,-0.04240887361882084,0.00030381005291062787,0.0007053329787663212,0.0007313617876176206,0.0026154254896366344,0.0030738429798699077,0.003455396340717463,0.005780529561716234,0.0070982357333580215
2025-03-11 00:00:00+00:00,229.13999938964844,-0.01335203565370957,0.0017985125616171184,0.002102322614527748,0.002503845540383437,0.004178475585888258,0.004871347342518004,0.005132126276214585,0.007433241150738798,0.008879254897889216
2025-03-12 00:00:00+00:00,227.8999938964844,-0.005426258331731049,0.00017827685609793156,0.0019767894177150514,0.002280599470625677,0.002708151205332673,0.004592214907351682,0.005079637985130834,0.00760524988647224,0.009043043022174931
2025-03-13 00:00:00+00:00,225.19000244140625,-0.011962408322299112,2.944427948268062e-05,0.00020772113558061391,0.0020062336971977293,0.0027115666759640515,0.004386196721468868,0.005080076677067641,0.005554589026098019,0.00904905533687289
2025-03-14 00:00:00+00:00,232.44000244140625,0.03168763656250029,0.00014309921286941106,0.0001725434923520934,0.00035082034845002215,0.002453142962977771,0.002880694697684763,0.00522216769096803,0.005604729250784605,0.009187750492512243
2025-03-17 00:00:00+00:00,233.92999267578125,0.00638975628594185,0.001004106310917105,0.0011472055237865177,0.0011766498032691956,0.0031534392209842483,0.0038587721997505662,0.005768864710620882,0.006487052935581713,0.010153781405297397
2025-03-18 00:00:00+00:00,234.97000122070312,0.004435957619429054,4.082898539373338e-05,0.00104493529631084,0.0011880345091802482,0.0013957556447608634,0.003498078259288608,0.00557423123064912,0.006297116773793764,0.010182546682715538
2025-03-19 00:00:00+00:00,239.1100006103516,0.017465848031449127,1.967772000137068e-05,6.0506705395106014e-05,0.001064613016312208,0.0012371565086643026,0.0032139459263793506,0.003945307713996976,0.00628778890624926,0.010198857940927642
2025-03-20 00:00:00+00:00,239.00999450683597,-0.00041833056971185556,0.00030505584745767536,0.00032473356745904797,0.00036556255285277836,0.0015127680766392974,0.0017204892122199078,0.004224334752603347,0.006591836554737914,0.010486052189268336
2025-03-21 00:00:00+00:00,241.6300048828125,0.010902281667774183,1.7500046555544565e-07,0.00030523084792323274,0.0003249085679246004,0.0013698438642354418,0.0015423873565875317,0.003822986827213212,0.006134602263939216,0.010400661475957198
2025-03-24 00:00:00+00:00,248.05999755859372,0.026262991800014568,0.00011885974556348502,0.00011903474602904241,0.00042409059348671476,0.00048459729888182166,0.0016318028226683361,0.003638036519866069,0.006017999544137207,0.009960522657942332
2025-03-25 00:00:00+00:00,251.1300048828125,0.012300110238255613,0.0006897447382876325,0.0008086044838511194,0.0008087794843166719,0.0011335130517757207,0.0021784483480865573,0.002529268696536583,0.005059143045771323,0.01063442311918738
2025-03-26 00:00:00+00:00,251.02999877929688,-0.0003983037442578663,0.00015129271187324053,0.0008410374501608749,0.0009598971957243569,0.0012651280436475907,0.0013256347490426931,0.002502284552311892,0.005184406948793262,0.010482625903045356
2025-03-27 00:00:00+00:00,248.1199951171875,-0.011659968613503935,1.5864587268983577e-07,0.0001514513577459323,0.0008411960960335617,0.000960230842062605,0.0012849644095216496,0.002472998918701901,0.004783042668810259,0.010273454150042797
2025-03-28 00:00:00+00:00,242.8500061035156,-0.021468486501062145,0.00013595486806789687,0.00013611351394058864,0.0002874062258138261,0.0010960107096649465,0.0014012415575881758,0.0024658545739003872,0.004615187483967528,0.010406615204882712
2025-03-31 00:00:00+00:00,245.3000030517578,0.01003796978074778,0.00046089591264628755,0.0005968507807141863,0.0005970094265868732,0.001438046876747749,0.001557081622776788,0.0019226441756295693,0.0032775708349966973,0.010857566727653296
2025-04-01 00:00:00+00:00,243.66000366210935,-0.00670813774951462,0.00010076083731920563,0.0005616567499654951,0.0006976116180333889,0.0008490629757793222,0.0016576674596304381,0.001982576027555042,0.0032000548162179716,0.01095737379564925
2025-04-02 00:00:00+00:00,245.82000732421875,0.008825764626033461,4.499911206646307e-05,0.00014575994938567066,0.0006066558620319551,0.0007427693759725448,0.0015838068261334161,0.002007897419620134,0.0032156096488017536,0.010856571935121162
2025-04-03 00:00:00+00:00,228.69000244140625,-0.07223220523797647,7.789412123414356e-05,0.0001228932333006086,0.00022365407061981118,0.0008205048513339985,0.0009719562090799273,0.0017807356933966022,0.0031504045571664864,0.010928197935990815
2025-04-04 00:00:00+00:00,210.27999877929688,-0.0839274151977909,0.0052174914735411545,0.0052953855947753,0.00534038470684176,0.005902041456807256,0.006038154970747841,0.006998052166472202,0.007363789719790535,0.014065584269675066
2025-04-07 00:00:00+00:00,214.44000244140625,0.019590020198253733,0.007043811021782383,0.012261302495323539,0.01233919661655768,0.012484956565943351,0.013081807346657533,0.013923003442691099,0.014366771756179186,0.021016436303274627
2025-04-08 00:00:00+00:00,216.8699951171875,0.011268082821017877,0.00038376889136798923,0.007427579913150374,0.012645071386691525,0.012767964619992135,0.013329621369957625,0.013617027595771455,0.014730862927545805,0.021278422568522616
2025-04-09 00:00:00+00:00,234.33999633789065,0.07747496344728866,0.00012696969046131822,0.0005107385818293092,0.007554549603611688,0.01284993519838699,0.012995695147772659,0.013592704574359533,0.014552776770549447,0.021174627111802253
2025-04-10 00:00:00+00:00,227.1100006103516,-0.03133855231770255,0.006002369961158714,0.006129339651620034,0.006513108542988019,0.01877441103831156,0.018897304271612164,0.019594915889645556,0.020554971731242606,0.027147991485415093
2025-04-11 00:00:00+00:00,236.1999969482422,0.03924440654806105,0.0009821048613693798,0.006984474822528095,0.007111444512989409,0.014539024426139784,0.01983441002091508,0.02044106588294704,0.0214182168470485,0.02812908814781545
2025-04-14 00:00:00+00:00,234.72000122070312,-0.006285571247684807,0.001540123445309497,0.0025222283066788785,0.008524598267837588,0.009035336849666899,0.021296639344990435,0.02152029341561025,0.022268595554070365,0.029211802301860695
2025-04-15 00:00:00+00:00,233.1300048828125,-0.006797060761497775,3.950840590972194e-05,0.0015796318512192207,0.002561736712588597,0.008691076364208633,0.016118656277359006,0.021459040984200765,0.022156811248106846,0.02901584824240492
2025-04-16 00:00:00+00:00,229.6100006103516,-0.015214038671709673,4.6200034995492715e-05,8.570844090521639e-05,0.0016258318862147098,0.008610306708742807,0.009121045290572111,0.021460241907129793,0.02220285263722965,0.027413447040746896
2025-04-17 00:00:00+00:00,231.9600067138672,0.010182751790170919,0.00023146697270427744,0.0002776670076997719,0.00031717541360949035,0.0028394037202883705,0.008968743371908401,0.021613814758599928,0.02229836474186603,0.02761888520459987
2025-04-21 00:00:00+00:00,228.9900054931641,-0.012886613485160403,0.00010368843402022905,0.0003351554067245082,0.00038135544171999744,0.0019609872929392197,0.00894546211546731,0.016500011719079003,0.02194115726323997,0.02732105071276441
2025-04-22 00:00:00+00:00,235.58999633789065,0.028414632043323174,0.00016606480711591794,0.0002697532411361487,0.0005012202138404227,0.0005869286547456407,0.003109156961424516,0.00962226550441254,0.022006461233036685,0.0271833054669697
2025-04-23 00:00:00+00:00,240.8800048828125,0.022205913933728283,0.0008073913141574481,0.0009734561212733678,0.0010771445552935934,0.0013548115629933668,0.0029344434142125836,0.010045887927201997,0.02276885343512767,0.02619218421951003
2025-04-24 00:00:00+00:00,244.63999938964844,0.015488835241651344,0.000493102613632148,0.0013004939277895978,0.0014665587349055123,0.0018017141416300222,0.001887422582535235,0.010412020850372827,0.023184061927525673,0.02650700997704425
2025-04-25 00:00:00+00:00,243.5500030517578,-0.004465466902990656,0.00023990401714302066,0.0007330066307751704,0.001540397944932615,0.0018101511860687653,0.0020878181937685337,0.0046495549063571345,0.01820647447112754,0.026717469714704584
2025-04-28 00:00:00+00:00,243.22000122070312,-0.0013558842110850122,1.9940394661704957e-05,0.0002598444118047273,0.0007529470254368718,0.0017264031467102412,0.0020615585534347457,0.0036873904396494597,0.011182603844006862,0.02659431089649688
2025-04-29 00:00:00+00:00,244.6199951171875,0.005739577526631123,1.838421993869626e-06,2.1778816655576318e-05,0.0002616828337985935,0.0015621767615881929,0.0018319300027243382,0.002149105416333832,0.010800673374632742,0.025592043007573645
2025-04-30 00:00:00+00:00,244.6199951171875,0.0,3.294275018420904e-05,3.4781172178080405e-05,5.472156683978189e-05,0.0007877281976149538,0.0017611843188883182,0.002142539760608319,0.010706646434355632,0.02558415677236412
2025-05-01 00:00:00+00:00,246.88999938964844,0.009236924732703322,0.0,3.294275018421077e-05,3.4781172178076936e-05,0.0002946255839828059,0.0015951195117724004,0.0020963397256128263,0.004704276473196919,0.02556447905236275
2025-05-02 00:00:00+00:00,252.50999450683597,0.022507939306236402,8.532077851762634e-05,8.532077851762808e-05,0.00011826352870183366,0.0001400423453574116,0.0008730489761325786,0.0019501935314261754,0.0038074923903451655,0.0253447439834227
2025-05-05 00:00:00+00:00,252.55999755859372,0.00019800444574702425,0.0005066073318132216,0.0005919281103308497,0.0005919281103308463,0.0006267092825089283,0.0008865536943136522,0.0023531124292191677,0.0027739762768488898,0.025851176314770366
2025-05-06 00:00:00+00:00,249.25,-0.013192425741149982,3.920576053558627e-08,0.000506646537573759,0.0005919673160913818,0.0006249100662755943,0.0006466888829311673,0.0021870868278637853,0.0027345070766997036,0.02573235577496742
2025-05-07 00:00:00+00:00,249.38999938964844,0.0005615249217809648,0.00017404009693575666,0.00017407930269629386,0.000680686634509512,0.0007660074130271419,0.0008007885852052189,0.0015537356106420943,0.0028623471386399675,0.025216651133615542
2025-05-08 00:00:00+00:00,253.47000122070312,0.01622754388510117,3.1531023778111864e-07,0.0001743554071735394,0.00017439461293407163,0.0007663227232649229,0.0007992654734491303,0.0010609483072477274,0.002631195476173471,0.02506567373198008
2025-05-09 00:00:00+00:00,253.0800018310547,-0.0015398261350636488,0.0002633331805428844,0.00026364849078066714,0.00043768858771642044,0.0009443351252901809,0.0010296559038078057,0.001084377470647591,0.0027908402226961265,0.02532884826665028
2025-05-12 00:00:00+00:00,260.04998779296875,0.027168221764221734,2.3710645262250544e-06,0.00026570424506911107,0.00026601955530688884,0.00044009885800318444,0.0010320269683340307,0.001066808140512111,0.0026271464801064333,0.025195264463108602
2025-05-13 00:00:00+00:00,263.010009765625,0.011318218120857537,0.0007381122738299315,0.0007404833383561581,0.0010038165188990392,0.0011781719260725804,0.001684818463646336,0.001803081992348173,0.002557867439778917,0.025472480824292248
2025-05-14 00:00:00+00:00,265.6400146484375,0.009949972417611086,0.00012810206143130793,0.0008662143352612411,0.0008685853997874626,0.0011322338905681317,0.0013063131932644224,0.001898241303595272,0.0021928668875780774,0.02549982204840435
2025-05-15 00:00:00+00:00,267.489990234375,0.006940082134891945,9.90019511112214e-05,0.00022710401254253106,0.000965216286372459,0.0012309205314415719,0.001405275938615108,0.0019972432547064934,0.002051964821546278,0.02555382488744911
2025-05-16 00:00:00+00:00,267.5599975585937,0.0002616851741530368,4.8164740039046334e-05,0.00014716669115026946,0.00027526875258157394,0.0010157520909377337,0.0012794005817183978,0.0019600872162279133,0.002080189166923619,0.025524095506254015
2025-05-19 00:00:00+00:00,264.8800048828125,-0.010066919452455636,6.847913037150522e-08,4.8233219169419576e-05,0.0001472351702806375,0.0010134495055418803,0.001279153750610988,0.0014535483635450632,0.0020784192240601213,0.02030667251184323
2025-05-20 00:00:00+00:00,265.67999267578125,0.0030156378276240403,0.00010134286726222969,0.00010141134639260292,0.0001495760864316458,0.00037668009897417847,0.0011171634373303334,0.0015548520250467574,0.0021468193411381415,0.013364204357323077
2025-05-21 00:00:00+00:00,261.0400085449219,-0.017618864481457663,9.09407150739704e-06,0.00011043693876962848,0.00011050541789999651,0.00025767210905026764,0.0011238864443115053,0.0013899059996183977,0.0021559134126455386,0.012989529537462484
2025-05-22 00:00:00+00:00,260.6700134277344,-0.0014183939876000196,0.0003104243856159704,0.0003195184571233692,0.00042086132438559545,0.0004690945435550166,0.0006961985560975443,0.0017000150749965869,0.0023810170197438828,0.013172984232617136
2025-05-23 00:00:00+00:00,260.7099914550781,0.00015335466280852472,2.0118415040598845e-06,0.0003124362271200321,0.0003215302986274256,0.0004229416450200302,0.0005701083361702963,0.0014386937359577624,0.001876421529434721,0.007172626112962483
2025-05-27 00:00:00+00:00,265.2900085449219,0.017414953771072383,2.3517652605116315e-08,2.03535915666679e-06,0.00031245974477263366,0.00042289668354226383,0.00047112990271168,0.0014363461890841425,0.0018764058413267906,0.006190544769245708
2025-05-28 00:00:00+00:00,263.489990234375,-0.0068082199309600355,0.00030328061484858823,0.00030330413250119514,0.0003053159740052515,0.0006248344311286223,0.0007262457775212218,0.0010015145301027993,0.0020056463592396222,0.0049537019387847995
2025-05-29 00:00:00+00:00,264.3699951171875,0.0033342390879980144,4.635185862832147e-05,0.0003496324734769115,0.0003496559911295131,0.0006620922182495467,0.0007725291570191719,0.0009197643272998129,0.002051682907630163,0.0049605453915033985
2025-05-30 00:00:00+00:00,264.0,-0.001400515476214892,1.111715029593383e-05,5.746900892425709e-05,0.0003607496237728418,0.0003627849829295102,0.000682303440052876,0.0008318795264845252,0.0017994668773832119,0.00492546250680384
2025-06-02 00:00:00+00:00,264.6600036621094,0.0024968940356213665,1.9614435991174253e-06,1.3078593895053045e-05,5.943045252337099e-05,0.0003627345850245677,0.0006751708121445964,0.0007856762300445963,0.0017990572564561044,0.00469595697769868
2025-06-03 00:00:00+00:00,266.2699890136719,0.006064793131315582,6.234479825121554e-06,8.195923424240768e-06,1.9313073720171077e-05,0.0003689455471970841,0.0003709809063537475,0.0007918422307393464,0.0010671794624512946,0.004598503023503573
2025-06-04 00:00:00+00:00,264.2200012207031,-0.007728696243019861,3.678171572565267e-05,4.301619555077601e-05,4.4977639149889915e-05,0.00010244664807414857,0.0004057507805753403,0.0007272810792027694,0.0009758591167456392,0.0044692199321133075
2025-06-05 00:00:00+00:00,261.95001220703125,-0.008628401615389691,5.973274561686932e-05,9.651446134252377e-05,0.00010274894116764181,0.00011582753506269642,0.0004654600085396045,0.0007779197533122417,0.0009365899112512871,0.003721561363572728
2025-06-06 00:00:00+00:00,265.7300109863281,0.014327104577298577,7.444931443645943e-05,0.00013418206005333052,0.00017096377577897968,0.00017915969920322204,0.0002366287081274757,0.0005419446821327307,0.0009628744856487001,0.00330290806437704
2025-06-09 00:00:00+00:00,266.739990234375,0.003793567551079846,0.00020526592556884986,0.000279715240005311,0.00033944798562217686,0.00038246418117295446,0.00039554277506800406,0.0007451987661975207,0.0011680719320871786,0.003268269972802869
2025-06-10 00:00:00+00:00,268.6000061035156,0.006948942229353605,1.4391154764605941e-05,0.00021965708033345755,0.0002941063947699135,0.00039062085611243886,0.0003988167795366762,0.0007595664033095216,0.0010811202195895547,0.0032627207329057697
2025-06-11 00:00:00+00:00,268.1499938964844,-0.0016768041452142057,4.8287798106893854e-05,6.267895287150155e-05,0.0002679448784403479,0.00040212693849368,0.0004451431340444526,0.0005045735865678271,0.0011203139461890518,0.003309170109018794
2025-06-12 00:00:00+00:00,268.239990234375,0.0003355630843149271,2.8116721414075433e-06,5.109947024830316e-05,6.54906250129056e-05,0.00034520586501821825,0.0004417203263607386,0.00046103340008091313,0.0008127012327144887,0.0032790390309759927
2025-06-13 00:00:00+00:00,264.95001220703125,-0.012340890739944044,1.1260258355494687e-07,2.924274724964252e-06,5.121207283185461e-05,0.0002708691531653138,0.0004050512132186409,0.00045002885236853426,0.0008108019937939838,0.003279151633559548
2025-06-16 00:00:00+00:00,270.3599853515625,0.0202131750391894,0.00015229758425523663,0.00015241018683879334,0.0001552218589801974,0.00021790081185170054,0.0004976160518570081,0.0006003649930246534,0.0009630760603966153,0.003346128439297158
2025-06-17 00:00:00+00:00,269.5199890136719,-0.003111791715196155,0.00040857244516490944,0.0005608700294201478,0.0005609826320036993,0.0006120821022520041,0.0008317391825854582,0.0010027029583644415,0.0010683678907129363,0.0032480935526488456
2025-06-18 00:00:00+00:00,273.9599914550781,0.016339520803579255,9.683247678763428e-06,0.0004182556928436746,0.0005705532770989078,0.0005734775518238737,0.0006361565046953718,0.0009756044903175521,0.0010316992797633783,0.0032577375945670737
2025-06-20 00:00:00+00:00,275.0,0.003789018527267096,0.00026697994009059926,0.0002766631877693644,0.0006852356329342704,0.0008376458197730653,0.000888745290021365,0.001182851684791282,0.0012875620695580437,0.0033506774377219163
2025-06-23 00:00:00+00:00,278.2699890136719,0.0118207282329017,1.4356661399973314e-05,0.0002813366014905743,0.00029101984916933424,0.0008518898785894837,0.0008548141533144445,0.001122759031754796,0.0012999572873589,0.0033647187888841087
2025-06-24 00:00:00+00:00,281.260009765625,0.010687717263615504,0.00013972961595611937,0.00015408627735609442,0.0004210662174466902,0.0008393219102903664,0.0009917320971291564,0.0010572227221420654,0.0014334524234898977,0.0032411152242973434
2025-06-25 00:00:00+00:00,284.0599975585937,0.009905931695207926,0.00011422730030698488,0.000253956916263106,0.00026831357766307585,0.0005449767654324419,0.0011058467948525863,0.0011570588676844443,0.0015108980080712298,0.0033529714600781034
2025-06-26 00:00:00+00:00,288.75,0.01637578697770614,9.812748275012497e-05,0.00021235478305711158,0.00035208439901322753,0.0006334210005038034,0.0010516766933474746,0.0012068985523276754,0.0015492927452044854,0.0027129866689982966
2025-06-27 00:00:00+00:00,287.1099853515625,-0.005695895266557116,0.00026816639913921004,0.00036629388188933674,0.0004805211821963181,0.0006346074595524142,0.0009112706473217752,0.0014722532793254779,0.001743009829907236,0.0028530510067061986
2025-06-30 00:00:00+00:00,289.9100036621094,0.009705176048449005,3.244322288758776e-05,0.00030060962202679956,0.000398737104776921,0.0006526940210400287,0.0009340306225305995,0.0015045838996295107,0.001570187127225974,0.002786492278482565
2025-07-01 00:00:00+00:00,290.4100036621094,0.0017231876117094203,9.419044213138824e-05,0.00012663366501897773,0.00039480006415818425,0.0006071548472152974,0.0007612411245713885,0.0014464767575056623,0.0016499864145927564,0.002832517980574907
2025-07-02 00:00:00+00:00,292.0,0.005460072038677488,2.9693755451488157e-06,9.715981767653879e-05,0.00012960304056412308,0.0004958969224534614,0.0007498538387165641,0.0010408736878859018,0.001604667992031011,0.002835418876989684
2025-07-03 00:00:00+00:00,296.0,0.01360565205577835,2.981238666754774e-05,3.2781762212698295e-05,0.00012697220434408307,0.00042758182637088417,0.0006399366094279925,0.001061002826874686,0.0016316687065571513,0.0027638883963950023
2025-07-07 00:00:00+00:00,291.9700012207031,-0.013708392878973186,0.00018511376786290565,0.00021492615453045513,0.00021789553007560048,0.0003445291950945798,0.0007108230769839131,0.0009791366546469925,0.0018166698718365022,0.002939908092750511
2025-07-08 00:00:00+00:00,282.7799987792969,-0.031981855598187,0.00018792003532428275,0.00037303380318719014,0.0004028461898547344,0.0005000060075312748,0.000800615629558071,0.001152700028571302,0.0018522923229055482,0.002817403742458823
2025-07-09 00:00:00+00:00,283.1600036621094,0.0013429159920921308,0.0010228390875032854,0.00121075912282757,0.0013958728906904722,0.001428654652903172,0.0015552883179221464,0.002035809500118468,0.0024665589652439245,0.003838230988458049
2025-07-10 00:00:00+00:00,288.19000244140625,0.017607871469651037,1.8034233618167919e-06,0.001024642510865104,0.0012125625461893834,0.00142748870071984,0.0015246485183963755,0.0019233856231733,0.002458679140926977,0.0038400108941672607
2025-07-11 00:00:00+00:00,286.8599853515625,-0.004625752507338987,0.000310037137691751,0.0003118405610535695,0.0013346796485568515,0.0017077134517440432,0.0017404952139567383,0.0021352952781149258,0.002501736338528129,0.0038467674170104232
2025-07-14 00:00:00+00:00,288.70001220703125,0.006393888150339144,2.1397586259152927e-05,0.00033143472395090565,0.00033323814731271896,0.0015439972701402904,0.0017589234246707423,0.0018885264652348688,0.002508777263387309,0.0038218131446412546
2025-07-15 00:00:00+00:00,286.54998779296875,-0.007475130553902254,4.0881805679047326e-05,6.227939193820199e-05,0.0003723165296299495,0.001396959040495055,0.0017699928436822419,0.0018969650480263284,0.002409929453110237,0.003851577800024368
2025-07-16 00:00:00+00:00,285.82000732421875,-0.0025507307188084027,5.5877576797883016e-05,9.675938247693207e-05,0.00011815696873608154,0.0004299975297896526,0.0016407566526172193,0.0018586521826928232,0.0023515797296011346,0.003905493933223134
2025-07-17 00:00:00+00:00,289.8999938964844,0.014173747194811348,6.506227199872831e-06,6.238380399775759e-05,0.00010326560967680144,0.0004347003336277086,0.0014593428444928092,0.0018621890343475471,0.0022599584740508826,0.003905765680597885
2025-07-18 00:00:00+00:00,291.2699890136719,0.004714619457710789,0.00020089510954242256,0.00020740133674229712,0.0002632789135401767,0.0003255583054783802,0.0006373988665319464,0.002033271757222422,0.0021926871844540957,0.004069879074414655
2025-07-21 00:00:00+00:00,290.9700012207031,-0.0010304610626050703,2.2227636631025176e-05,0.00022312274617344947,0.00022962897337331883,0.0003263883558502524,0.0006578230798011548,0.0018703856259905415,0.002182471598197533,0.004032373965428811
2025-07-22 00:00:00+00:00,291.42999267578125,0.0015796413308688528,1.0618500015451707e-06,2.3289486632572082e-05,0.00022418459617499118,0.00028656840017275025,0.000348847792110949,0.0016835274406678039,0.0020893430060676898,0.003958986500993897
2025-07-23 00:00:00+00:00,296.760009765625,0.01812394962909014,2.4952667341891207e-06,3.5571167357360264e-06,2.5784753366757733e-05,0.00023318609010905637,0.0003299454725859852,0.0006631836198987077,0.00208886889725673,0.0037562158421592363
2025-07-24 00:00:00+00:00,296.54998779296875,-0.0007079671075578275,0.0003284775501577967,0.00033097281689198755,0.00033203466689352926,0.0005551574130669803,0.0006175412170647346,0.0009898577466946874,0.002387534060746979,0.004070302237552427
2025-07-25 00:00:00+00:00,298.6199951171875,0.0069560486260096255,5.012174253837965e-07,0.00032897876758318224,0.0003314740343173679,0.0003547635209499415,0.0005621648576922354,0.0006803218264283203,0.002202921510309457,0.004022515656870916
2025-07-28 00:00:00+00:00,298.2799987792969,-0.0011392071641402879,4.83866124874104e-05,4.888782991279593e-05,0.00037736538007058915,0.00038092249680632666,0.0006040452429797729,0.0007073108526565778,0.002063388087472585,0.004068090597216919
2025-07-29 00:00:00+00:00,297.0400085449219,-0.004165799947389637,1.2977929628285568e-06,4.968440545024069e-05,5.018562287562102e-05,0.0003811584397676101,0.0004044479264001789,0.000667726839940359,0.0010418467929321279,0.004069275787596194
2025-07-30 00:00:00+00:00,299.6300048828125,0.008681557801796913,1.73538892016715e-05,1.865168216450179e-05,6.703829465190872e-05,0.00039601706223509243,0.00039957417897082517,0.0006292031523441476,0.0010573972587719826,0.003934332092542628
2025-07-31 00:00:00+00:00,296.239990234375,-0.011378492797418538,7.536944586594085e-05,9.272333506761409e-05,9.402112803043918e-05,0.00014290895794323664,0.00047388177483522094,0.0006980663710102155,0.0008227295669461724,0.003601129093243659
2025-08-01 00:00:00+00:00,289.3699951171875,-0.02346377444053971,0.00012947009834090553,0.0002048395442068481,0.00022219343340851614,0.0002718778388587584,0.0006008566064419373,0.0006266413598086985,0.0009308020790279252,0.0037209159439058016
2025-08-04 00:00:00+00:00,294.260009765625,0.01675763425729393,0.0005505487109965246,0.0006800188093374318,0.0007553882552033691,0.0007740399373678726,0.0008229277672806652,0.0011549624341741977,0.0014404689843454024,0.004004484714811726
2025-08-05 00:00:00+00:00,291.3699951171875,-0.00986984302345384,0.00028081830590123106,0.0008313670168977573,0.0009608371152386594,0.0010535604503062752,0.0011032448557565125,0.0014347188900738837,0.0016654097134487507,0.004270946359312985
2025-08-06 00:00:00+00:00,291.3500061035156,-6.860589524215754e-05,9.741380130762042e-05,0.0003782321072088532,0.0009287808182053741,0.001133620362412224,0.0011522720445767225,0.001529637424647315,0.001756317287556498,0.004228630544664486
2025-08-07 00:00:00+00:00,286.94000244140625,-0.015252171359502853,4.706768861977895e-09,9.741850807648413e-05,0.0003782368139777116,0.001058255623315145,0.0011509789583827557,0.0012011645812583802,0.0015554268847829374,0.004114407951126363
2025-08-08 00:00:00+00:00,288.760009765625,0.006322783911470786,0.0002326287311796391,0.00023263343794850281,0.00033004723925611967,0.0011614142561538786,0.0013662538003607234,0.0014332920950126359,0.0017658279793315514,0.0042489091995558765
2025-08-11 00:00:00+00:00,289.5599975585937,0.002766593903370307,3.9977596391153815e-05,0.00027260632757079465,0.00027261103433965305,0.0006508431415485078,0.0013308619508859366,0.0014248830789163791,0.00180474372572116,0.004020720396807821
2025-08-12 00:00:00+00:00,292.8500061035156,0.011298032384067014,7.65404182616575e-06,4.76316382173213e-05,0.0002802603693969568,0.0003776788774734426,0.0012090458943711968,0.0014312393277797163,0.0018099025008131366,0.0039959312157463985
2025-08-13 00:00:00+00:00,290.5299987792969,-0.007953716395499022,0.00012764553575142696,0.00013529957757759444,0.00017527717396874468,0.0004079106119172491,0.000786142719126099,0.0015415309743294719,0.0016090704864067668,0.004029386309366437
2025-08-14 00:00:00+00:00,294.1600036621094,0.012417012460322674,6.326160450002995e-05,0.00019090714025145865,0.00019856118207762081,0.0004711675096484171,0.000568586017724898,0.0015294231329635608,0.001671830873481413,0.004089678538321318
2025-08-15 00:00:00+00:00,290.489990234375,-0.012554730768613354,0.00015418219843980855,0.00021744380293984024,0.00034508933869126365,0.0003927209769085865,0.0006253544148570861,0.0015541352330624638,0.0017776264594338113,0.004214048350093579
2025-08-18 00:00:00+00:00,291.5299987792969,0.0035737935860238323,0.00015762126467236686,0.0003118034631121771,0.00037506506761220354,0.0005103646451897996,0.0007829709727605911,0.001161207786738306,0.0019339499311433496,0.0041865558469030405
2025-08-19 00:00:00+00:00,290.6600036621094,-0.002988700462492666,1.2772000595505083e-05,0.00017039326526787366,0.00032457546370767866,0.0005154826039591389,0.000563114242176457,0.0008931614814325801,0.0019293680425371833,0.0040114078121742626
2025-08-20 00:00:00+00:00,292.239990234375,0.005421137273256882,8.932330454503876e-06,2.1704331050010695e-05,0.00017932559572237397,0.0003967693986622158,0.000532068976239807,0.0008046800105794636,0.001862930927125746,0.002997501055125481
2025-08-21 00:00:00+00:00,291.4700012207031,-0.0026382603401140514,2.938872933549506e-05,3.832105979000067e-05,5.1093060385502175e-05,0.00036289652349768094,0.0005538036637491363,0.0008340640331460966,0.0017628495581203357,0.0030250863610991594
2025-08-22 00:00:00+00:00,296.239990234375,0.016232814909652227,6.96041762221871e-06,3.63491469577155e-05,4.52814774122158e-05,0.0002156747426800911,0.0004331185456199281,0.0006083957195886763,0.0012192612647460297,0.0027220096410296274
2025-08-25 00:00:00+00:00,294.8999938964844,-0.004533608515777665,0.00026350427989102764,0.0002704646975132481,0.00029985342684873956,0.0003215577578987519,0.0006333612210109257,0.0008319224030885501,0.0012019472387358263,0.0029641163346615018
2025-08-26 00:00:00+00:00,298.57000732421875,0.012368140609763323,2.0553606174331763e-05,0.00028405788606536105,0.00029101830368757626,0.00032933936347757855,0.0004997326287454491,0.0008448219674367161,0.0011250870436025377,0.0029437881351567865
2025-08-27 00:00:00+00:00,299.2799987792969,0.0023751502269968583,0.00015297090214287667,0.00017352450831721012,0.00043702878820823425,0.0004733779351659514,0.0004950822662159589,0.0008701473338281659,0.0012780532389765524,0.00304088146050178
2025-08-28 00:00:00+00:00,301.07000732421875,0.005963234217161606,5.641338600803228e-06,0.0001586122407436816,0.00017916584691800983,0.0004496305444312595,0.00048795160422125694,0.0008125270679289391,0.0010510658463977164,0.00304001657190271
2025-08-29 00:00:00+00:00,301.4200134277344,0.0011618653615288466,3.556016232872699e-05,4.12015009295319e-05,0.00019417240307240504,0.0004782302891377678,0.0005145794360954801,0.0006939050318178576,0.0010466484123352897,0.002874681624689015
2025-09-02 00:00:00+00:00,299.70001220703125,-0.005722670486330017,1.3499311183205573e-06,3.691009344704923e-05,4.255143204784893e-05,0.00021607594036506073,0.00048654063787830556,0.0005376336982638113,0.0010403443016274445,0.00285380391917631
2025-09-03 00:00:00+00:00,299.510009765625,-0.0006341764683730489,3.2748957495112635e-05,3.4098888613434874e-05,6.965905094215833e-05,0.0002282712916858416,0.0005123291777511995,0.0005576106551634188,0.0009454477233711301,0.0028854910266698777
2025-09-04 00:00:00+00:00,303.82000732421875,0.01428760630153647,4.0217979303811263e-07,3.3151137288152426e-05,3.450106840646946e-05,7.570256933600304e-05,0.00024922707765320996,0.000549080504501953,0.0008825882986641384,0.0028833979397287265
2025-09-05 00:00:00+00:00,294.3800048828125,-0.0315639785354076,0.00020413569382770466,0.00020453787362074445,0.00023728683111585357,0.00027419692456290447,0.00043280916530658286,0.0007238274689941626,0.0009325417940520345,0.0027590560833986345
2025-09-08 00:00:00+00:00,292.9100036621094,-0.005006059252646189,0.0009962847409836716,0.0012004204348113779,0.0012008226146044125,0.001234921503217849,0.0012761230041473779,0.0017131517923556156,0.0017712052703633392,0.0037548396069569225
2025-09-09 00:00:00+00:00,297.8500061035156,0.016724617468045544,2.506062924100452e-05,0.0010213453702246776,0.001225481064052379,0.001258632201340533,0.0012955422947875791,0.0014747081417055925,0.0017834938990088387,0.003731513623710517
2025-09-10 00:00:00+00:00,300.5400085449219,0.008990860462868788,0.00027971282945245414,0.00030477345869346016,0.0013010581996771282,0.0015055960732978744,0.0015396949619113061,0.0017338673649837147,0.002054274398006789,0.004009928660200142
2025-09-11 00:00:00+00:00,305.5599975585937,0.0165652656537425,8.083557186277717e-05,0.0003605484013152328,0.00038560903055623384,0.0015860294653676135,0.001619180602655763,0.0016617320347036154,0.002105721240534071,0.004073410342861248
2025-09-12 00:00:00+00:00,306.9100036621094,0.004408406247373264,0.00027440802617906095,0.0003552435980418396,0.0006349564274942903,0.0016563017977189699,0.0018608396713397112,0.001930498722281873,0.002373168849090913,0.0042724489231743676
2025-09-15 00:00:00+00:00,308.8999938964844,0.006463023235071752,1.9434045641879626e-05,0.0002938420718209421,0.0003746776436837158,0.0006794511023771779,0.0018798715371885527,0.0019143726055950256,0.002129098614841765,0.004162412870475342
2025-09-16 00:00:00+00:00,309.19000244140625,0.0009384023942207165,4.1770669337077336e-05,6.120471497895848e-05,0.0003356127411580159,0.0006961611424732507,0.0017175065126979253,0.0019547933438137824,0.002150315678004511,0.003653634828815895
2025-09-17 00:00:00+00:00,311.75,0.008245602000261698,8.805990534791729e-07,4.265126839055802e-05,6.208531403243418e-05,0.00041732891207427576,0.0007221023707677329,0.0019229249853721488,0.001998225374915113,0.003373697121968143
2025-09-18 00:00:00+00:00,313.2300109863281,0.004736195484298378,6.798995234671972e-05,6.887055140020041e-05,0.00011064122073727427,0.0004044832925582183,0.0007650316938734481,0.0019905127579258304,0.00206057398866103,0.0033442732730072423
2025-09-19 00:00:00+00:00,314.7799987792969,0.004936198201054509,2.2431547665488344e-05,9.042150001220957e-05,9.130209906568529e-05,0.00015250681404464572,0.0005077504120864823,0.0018088086117636142,0.0020474453739977912,0.003366700113903869
2025-09-22 00:00:00+00:00,312.44000244140625,-0.0074615196894018965,2.436605268009377e-05,4.679760034558362e-05,0.00011478755269229988,0.00015743882108285986,0.0004512808929037989,0.0008368899234600365,0.0020704614955595643,0.003158437435404323
2025-09-23 00:00:00+00:00,312.739990234375,0.0009596846332486919,5.5674276075332174e-05,8.004032875542745e-05,0.00010247187642091234,0.0001713424278211147,0.00023254714280007016,0.0008675035702943641,0.002093386814139784,0.0031741341150885016
2025-09-24 00:00:00+00:00,313.4200134277344,0.0021720437483452315,9.209945952936763e-07,5.659527067062735e-05,8.096132335071767e-05,0.00017138282336292922,0.0002140340917534842,0.0005887117354372035,0.002093905628942039,0.0031674010678576295
2025-09-25 00:00:00+00:00,313.45001220703125,9.570972639583175e-05,4.717774044725603e-06,5.638768640020784e-06,6.13130447153495e-05,0.0001081106450609351,0.00017698119646113246,0.0005125939376191521,0.0018944877091590603,0.003044473306150928
2025-09-26 00:00:00+00:00,316.0599975585937,0.008292164592368145,9.160351726764972e-09,4.726934396453873e-06,5.6479289917440934e-06,8.568825774717351e-05,0.00017610975775938007,0.00023819507179181793,0.0008982121285271155,0.002981220862002625
2025-09-29 00:00:00+00:00,315.69000244140625,-0.0011713341020680446,6.875999362692397e-05,6.876915397865224e-05,7.348692802337438e-05,0.0001300821986940037,0.0001768797990395843,0.0002875210197768623,0.000941911492913035,0.0028957986571897403
2025-09-30 00:00:00+00:00,315.42999267578125,-0.0008239630572539625,1.3720235786675523e-06,7.013201720559303e-05,7.014117755731633e-05,7.577994619733909e-05,0.0001558202749527635,0.00024712237401845245,0.0006635706870392485,0.0027395494160960413
2025-10-01 00:00:00+00:00,310.7099914550781,-0.015076790329513479,6.789151197192966e-07,2.0509386983883533e-06,7.081093232530887e-05,7.55378667217647e-05,0.00013213313739238904,0.0002469206900846926,0.0005834140302961906,0.002727456330620255
2025-10-02 00:00:00+00:00,307.54998779296875,-0.010222337804451698,0.00022730960664011114,0.00022798852175983194,0.00022936054533849605,0.00029812969931715025,0.000303768467957168,0.00040624034437808403,0.0005363156107572408,0.0029458336068058626
2025-10-03 00:00:00+00:00,310.0299987792969,0.008031427089881582,0.00010449619018832235,0.000331805796828435,0.0003324847119481508,0.0004026167291537458,0.0004073436635501967,0.000488304986900918,0.0006213777553036835,0.00302094106765869
2025-10-06 00:00:00+00:00,309.17999267578125,-0.0027454551740353494,6.450382110008373e-05,0.0001690000112884076,0.00039630961792851523,0.0003983605566269056,0.0004671297106055548,0.000528442755320908,0.0006441109070666899,0.003078484471136555
2025-10-07 00:00:00+00:00,307.69000244140625,-0.004830817332018178,7.537524112637471e-06,7.204134521272272e-05,0.0001765375354010416,0.00040452605716087553,0.0004746580743664655,0.0004803060033582133,0.0006507678321258482,0.0028225177153581647
2025-10-08 00:00:00+00:00,304.0299987792969,-0.011966413814288757,2.3336796095327228e-05,3.087432020796622e-05,9.537814130804648e-05,0.00042718393813648346,0.0004292348768348688,0.0005027218048582469,0.0006061146758744557,0.00282530090527916
2025-10-09 00:00:00+00:00,305.5299987792969,0.004921592734976166,0.00014319505957480078,0.00016653185567012951,0.0001740693797827635,0.00034306939107117305,0.000571057912831002,0.000641199090388322,0.0007268781877837682,0.0028155250627110843
2025-10-10 00:00:00+00:00,300.8900146484375,-0.01530317133267367,2.4222075048970174e-05,0.00016741713462377247,0.00019075393071909624,0.0002627952759318209,0.0005946010727602528,0.0006654120050855654,0.0007267342101526445,0.0028341057991592513
2025-10-13 00:00:00+00:00,307.9700012207031,0.023257581460929266,0.00023418705283716524,0.00025840912788613693,0.0004016041874609342,0.0004324785076689024,0.0006014785189573069,0.0008308390642958067,0.0009052469869144776,0.0030327326896676895
2025-10-14 00:00:00+00:00,302.0799865722656,-0.019310541089724964,0.0005409150954117607,0.0007751021482489275,0.0007993242232978942,0.0009658560789680257,0.0010378974241807455,0.0013703821361288999,0.0014452410877309448,0.0035722978539611296
2025-10-15 00:00:00+00:00,305.69000244140625,0.011879686033111625,0.0003728969971779562,0.0009138120925897184,0.0011479991454268802,0.0013154162800506546,0.0013462906002586178,0.001742600218187137,0.0018134203108641752,0.0039124458936439736
2025-10-16 00:00:00+00:00,298.5400085449219,-0.02366756871186393,0.0001411269402453074,0.0005140239374232652,0.0010549390328350224,0.0013133481607211614,0.0014798800163912879,0.001656417551792333,0.001954538090757756,0.0040531706540962425
2025-10-17 00:00:00+00:00,297.5599975585937,-0.0032880787090734387,0.0005601538087308004,0.0007012807489761093,0.001074177746154062,0.0018492798944029915,0.002016697029026761,0.002112075170334811,0.0024459319058616324,0.004409188768999338
2025-10-20 00:00:00+00:00,302.3599853515625,0.016002434858578773,1.081146159706205e-05,0.000570965270327864,0.0007120922105731678,0.0016259043031628883,0.001884313431049022,0.0020583828108317894,0.002455371343880027,0.0034237154896127288
2025-10-21 00:00:00+00:00,297.0899963378906,-0.017583201102245205,0.00025607792140305705,0.00026688938300012074,0.0008270431917309176,0.0013410671291541848,0.0021161692774031094,0.0023069232081222094,0.002710770350163365,0.003654732781774781
2025-10-22 00:00:00+00:00,294.1099853515625,-0.010081313658689695,0.000309168961001997,0.0005652468824050556,0.0005760583440021142,0.0012773390929782255,0.002191151185567941,0.002592755373028879,0.0027926297045252502,0.0036841889133243243
2025-10-23 00:00:00+00:00,294.5400085449219,0.0014610490930584419,0.0001016328850848834,0.00041080184608688206,0.0006668797674899355,0.0012378450378178014,0.0017518689752410634,0.0025511931985389615,0.0027897663994218115,0.0037049862265464304
2025-10-24 00:00:00+00:00,300.44000244140625,0.019833228634823286,2.1346644523268957e-06,0.00010376754953721192,0.00041293651053920534,0.0006798258935393279,0.0013811066425154343,0.0025291057879423184,0.002727397242774055,0.0034327128648196964
2025-10-27 00:00:00+00:00,304.1499938964844,0.01227290575534834,0.0003933569580811743,0.0003954916225335028,0.0004971245076183827,0.0010623713900234403,0.0016333366603513012,0.0026882756931863273,0.0031132166767425915,0.003806635777258991
2025-10-28 00:00:00+00:00,305.3599853515625,0.003970379766669474,0.00015062421567966242,0.0005439811737608384,0.0005461158382131617,0.0009569176843000455,0.0012238070673001632,0.002297984813454229,0.003240504096326927,0.0039154893236015755
2025-10-29 00:00:00+00:00,305.510009765625,0.0004911827992133411,1.5763915491578347e-05,0.00016638813117124239,0.0005597450892524131,0.0006635126387896269,0.0012287595211946795,0.0019408517317678511,0.003113072952243704,0.0039303726400396755
2025-10-30 00:00:00+00:00,309.44000244140625,0.012781676889541238,2.4126054224305334e-07,1.6005176033823027e-05,0.00016662939171348186,0.0005621210142469866,0.0009729228603338654,0.0017999660520647868,0.003089092137736977,0.0038626239482351986
2025-10-31 00:00:00+00:00,311.1199951171875,0.005414453998500157,0.00016337126410863258,0.00016361252465087726,0.00017937644014245202,0.0007233576139032922,0.000827125163440501,0.0014031835074426189,0.0030182763490084444,0.004003563664678343
2025-11-03 00:00:00+00:00,309.3500061035156,-0.005705332446058975,2.931631210187434e-05,0.00019268757621050854,0.00019292883675274802,0.00035931696792399225,0.000754808590457492,0.0014216883579474312,0.0025066775656985584,0.004008513924100124
2025-11-04 00:00:00+00:00,309.25,-0.0003233304345293675,3.2550818320053286e-05,6.186713042192925e-05,0.00022523839453055823,0.0002412435705643831,0.0007852247443252184,0.0011981612548644272,0.002166331386840655,0.003985390466344845
2025-11-05 00:00:00+00:00,311.67999267578125,0.007826985682410914,1.045425698929496e-07,3.265536088994786e-05,6.197167299181863e-05,0.00022558419764269773,0.00039197232881393694,0.0008890968364323233,0.0020253089891652406,0.0039845740143194435
2025-11-06 00:00:00+00:00,313.4200134277344,0.00556718998268213,6.126170487266544e-05,6.136624744256002e-05,9.391706576260973e-05,0.0002866046419731201,0.00030260981800694,0.0008487256562201054,0.0015264168853071057,0.004041117945147383
2025-11-07 00:00:00+00:00,314.2099914550781,0.002517338044298434,3.0993604303276256e-05,9.22553091759433e-05,9.235985174583269e-05,0.0001542269821677638,0.0003178395068186379,0.0008775845960710548,0.00154659902801332,0.004072102389098933
2025-11-10 00:00:00+00:00,316.8900146484375,0.00849323174681249,6.336990829272264e-06,3.733059513255013e-05,9.8592300005212e-05,0.00013124766089516173,0.0003239352371056671,0.0004905646288191526,0.001296858097439535,0.004009679386301281
2025-11-11 00:00:00+00:00,315.6199951171875,-0.004015813879357566,7.213498550506355e-05,7.847197633433742e-05,0.00010946558063761012,0.00017083182808017198,0.0002326989585020981,0.0004120753986445538,0.0010598241219426016,0.004080442348227677
2025-11-12 00:00:00+00:00,320.4100036621094,0.015062494273422544,1.6126761113640864e-05,8.826174661870602e-05,9.459873744797473e-05,0.00018685404662391992,0.00021950940751386461,0.0004124382442666163,0.0009743179979713591,0.0040958901942215985
2025-11-13 00:00:00+00:00,309.4800109863281,-0.03470793194229849,0.00022687873373688694,0.0002430054948505294,0.0003151404803555894,0.0003524710754881414,0.00041383732293069826,0.0006390757174612602,0.0011990620672559192,0.004095459321318375
2025-11-14 00:00:00+00:00,303.6099853515625,-0.01914957037267051,0.0012046405397112235,0.001431519273448112,0.0014476460345617494,0.0015261180108960886,0.0016183733200720288,0.001680344993063851,0.0020103456488859686,0.005195603670841276
2025-11-17 00:00:00+00:00,300.3699951171875,-0.010728903005143842,0.0003667060454578602,0.0015713465851690852,0.0017982253189059688,0.0018864870655246765,0.0019238176606572236,0.002017734726419837,0.002226427478664166,0.005497805895199053
2025-11-18 00:00:00+00:00,299.4100036621094,-0.00320114801031135,0.00011510935969378456,0.0004818154051516463,0.0016864559448628662,0.0019294614397133976,0.002007933416047732,0.002100293267793568,0.002325772922866372,0.005605377730780199
2025-11-19 00:00:00+00:00,303.2699890136719,0.012809577815405149,1.0247348583920315e-05,0.0001253567082777064,0.0004920627537355631,0.001923582027183677,0.00201184377380238,0.0021104360738075953,0.0023357790109080497,0.005592288283268792
2025-11-20 00:00:00+00:00,298.3800048828125,-0.01625560328873643,0.00016408528380891974,0.00017433263239284157,0.0002894419920866227,0.0018607885772557098,0.002103794072106236,0.00221325965274385,0.002336493030608337,0.005613178507502911
2025-11-21 00:00:00+00:00,298.0199890136719,-0.0012072968361964698,0.00026424463828077867,0.0004283299220896999,0.00043857727067361677,0.000920392675825265,0.002351911949273374,0.0024465106867213524,0.002571421356787241,0.00585320107073472
2025-11-24 00:00:00+00:00,298.0,-6.707497751001767e-05,1.4575656506900055e-06,0.00026570220393147017,0.00042978748774038643,0.0005551441960180948,0.002126490781187177,0.00244163126154277,0.002540328104117878,0.0056204715835482455
2025-11-25 00:00:00+00:00,303.0,0.016639319003964204,4.499052607969377e-09,1.4620647032994928e-06,0.0002657067029840747,0.0004400393353769182,0.0009218547405285615,0.0023695007750903145,0.002540228060600593,0.005079560987189092
2025-11-26 00:00:00+00:00,307.6400146484375,0.015197510294999717,0.0002768669369156843,0.0002768714359682938,0.00027832900161898035,0.0007066589237086822,0.0008320156319863856,0.002630240950892358,0.0027558332926436117,0.00498353092692682
2025-11-28 00:00:00+00:00,313.0799865722656,0.01752839024312003,0.00023096431916662236,0.0005078312560823082,0.0005078357551349127,0.0007735379590663848,0.0009478705914592234,0.0026343265363220933,0.002955804007506958,0.005073368305848135
2025-12-01 00:00:00+00:00,308.9200134277344,-0.013376318879721794,0.00030724446451510545,0.0005382087836817293,0.0008150757205974102,0.0008165377853007116,0.0012448677073904086,0.0017369304611259753,0.003256711481192791,0.00482045896163244
2025-12-02 00:00:00+00:00,307.8800048828125,-0.0033722746421842587,0.0001789259067720017,0.00048617037128710866,0.0007171346904537275,0.0009940061264220234,0.0012597083303534904,0.0015491503224401167,0.003363502402459729,0.00498857340680738
2025-12-03 00:00:00+00:00,312.1300048828125,0.013709670812637853,1.137223626231897e-05,0.0001902981430343222,0.0004975426075494242,0.0010053738636317344,0.0010068359283350308,0.0014454131990086513,0.003358747877608407,0.004743867721666642
2025-12-04 00:00:00+00:00,316.1000061035156,0.012638855192164122,0.00018795507379089425,0.00019932731005321475,0.000378253216825213,0.0009164620005069443,0.0011933334364752348,0.0016231209242156253,0.003319824217662415,0.004622653834455539
2025-12-05 00:00:00+00:00,315.0400085449219,-0.0033589965162779123,0.000159740660568494,0.0003476957343593898,0.00035906797062170527,0.0008452383419088158,0.001353069597991121,0.0016187763009751996,0.002274924338519685,0.004680761609939149
2025-12-08 00:00:00+00:00,315.2099914550781,0.0005394142460231066,1.128285759636715e-05,0.00017102351816486265,0.0003589785919557535,0.0005492767349900776,0.0010874855186718039,0.0013658145202907878,0.001919501150658192,0.00468990980308319
2025-12-09 00:00:00+00:00,300.510009765625,-0.04775799247150925,2.909677288126766e-07,1.1573825325181345e-05,0.00017131448589367186,0.0003706417959468886,0.0008568121672339942,0.0013646479223689105,0.0018046827586932202,0.004296843812730829
2025-12-10 00:00:00+00:00,310.1099853515625,0.03144596222361873,0.002280825844908734,0.002281116812637548,0.002292399670233912,0.0026400954045933036,0.0028303935476276226,0.0036454692682250365,0.004075261255018034,0.006427045441959899
2025-12-11 00:00:00+00:00,317.3800048828125,0.023172783507209083,0.0009888485401692562,0.003269674385077992,0.003269965352806801,0.0034409888709716653,0.003640316181024877,0.004357450871478609,0.00490002451137837,0.007400130066637577
2025-12-12 00:00:00+00:00,318.5199890136719,0.003585423377995056,0.0005369778954719813,0.0015258264356412393,0.0038066522805499698,0.003818226105875153,0.0041659218402345394,0.004663464447783967,0.005172757768569573,0.007936866701567315
2025-12-15 00:00:00+00:00,320.0199890136719,0.004698226613155221,1.285526079947348e-05,0.0005498331562714565,0.0015386816964407092,0.0038197985090782593,0.003990822027243118,0.004369075244068336,0.005184155463718356,0.007786350698258156
2025-12-16 00:00:00+00:00,315.54998779296875,-0.01406635016528579,2.207333330855998e-05,3.492859410803519e-05,0.000571906489580013,0.0038415808746580064,0.0038531546999831844,0.0042122226706048935,0.005206224297974308,0.007779107719464842
2025-12-17 00:00:00+00:00,314.9800109863281,-0.0018079297194315558,0.0001978622069724356,0.0002199355402809973,0.0002327908010804673,0.0017586172367217083,0.0040397340493592525,0.004398712641315011,0.005127219568031059,0.007944419108117225
2025-12-18 00:00:00+00:00,313.0,-0.006305989085728214,3.268609870403864e-06,0.0002011308168428412,0.0002232041501513977,0.0007730373064228559,0.004042711691500844,0.00421402617739452,0.00489952385873484,0.007947583175417735
2025-12-19 00:00:00+00:00,317.2099914550781,0.013360797637064437,3.976549834932336e-05,4.3034108219728956e-05,0.00024089631519216107,0.000275824909300198,0.0018016513449414337,0.004094051015175349,0.004632044892569059,0.007926086968894394
2025-12-22 00:00:00+00:00,323.0899963378906,0.018366922669400765,0.00017851091349858664,0.00021827641184791173,0.00022154502171831212,0.0004414805619993112,0.0009913137182707642,0.004261279071077569,0.004631629899295643,0.008073604278089704
2025-12-23 00:00:00+00:00,325.92999267578125,0.008751701065472517,0.0003373438483437477,0.0005158547618423361,0.0005556202601916559,0.000756751077034499,0.0007916796711425307,0.004598331951692504,0.0049576015113770725,0.008404611135604178
2025-12-24 00:00:00+00:00,329.1700134277344,0.009891763518784735,7.659227153939279e-05,0.00041393611988314226,0.0005924470333817254,0.0006354811416014562,0.0008554166818824499,0.0023940983783231626,0.004846238709125571,0.00840906842163851
2025-12-26 00:00:00+00:00,327.9100036621094,-0.0038351837744929895,9.784698551156057e-05,0.0001744392570509551,0.0005117831053946993,0.0007300595172426128,0.0009311903340854506,0.001503096823665467,0.004784345034068638,0.008490788646036428
2025-12-29 00:00:00+00:00,323.75,-0.012767578642635335,1.4708634584134295e-05,0.0001125556200956966,0.0001891478916350859,0.0007050026534774237,0.0007480367616971492,0.00098082756277762,0.0047877708110564045,0.008278618546883675
2025-12-30 00:00:00+00:00,323.4200134277344,-0.0010197833460035,0.00016301106439587797,0.00017771969898001402,0.0002755666844915711,0.0006895028043747151,0.0009077792162226234,0.0011309833663740246,0.004950490907723469,0.0072369890715683295
2025-12-31 00:00:00+00:00,322.2200012207031,-0.0037172838164876154,1.0399580727860942e-06,0.00016405102246866584,0.00017875965705279665,0.0003531989141037535,0.000869053675946086,0.0011099499911382505,0.0026707050208875224,0.006871322984183256
2026-01-02 00:00:00+00:00,325.4800109863281,0.010066503731434473,1.3818198972320732e-05,1.4858157045108587e-05,0.00017786922144098305,0.00029042484153668144,0.0007043609614198202,0.0009259059831381358,0.001695674679690587,0.006770031823461792
2026-01-05 00:00:00+00:00,334.0400085449219,0.02595972228287291,0.00010133449737498416,0.00011515269634730665,0.00011619265442008926,0.00029391235340010504,0.0004683516104510566,0.0010239718706427162,0.00126003128159359,0.006861118972252856
2026-01-06 00:00:00+00:00,334.6099853515625,0.0017048588944845733,0.0006739071810038883,0.0007752416783788742,0.0007890598773511914,0.000953110899819859,0.001065666519915552,0.001658113553297281,0.0019210832017980046,0.007370940869447825
2026-01-07 00:00:00+00:00,326.989990234375,-0.02303607123536988,2.9065438501031615e-06,0.0006768137248539933,0.0007781482222289739,0.0007930063792740842,0.0009707260782540947,0.0014825091836487975,0.0019019164123395477,0.007109602775017148
2026-01-08 00:00:00+00:00,329.7900085449219,0.008526554644395112,0.0005306605779610357,0.0005335671218111406,0.0012074743028150253,0.001322626999162334,0.001486678021630996,0.0016758259132660855,0.0022347147833281476,0.007638805787327494
2026-01-09 00:00:00+00:00,329.19000244140625,-0.0018210150818509518,7.270213410385586e-05,0.0006033627120648932,0.000606269255914993,0.0013815109342938691,0.001396369091338974,0.0016719357758305485,0.0023041483075615997,0.007711503422378742
2026-01-12 00:00:00+00:00,324.489990234375,-0.01438041015421021,3.316095928328629e-06,7.601823003218623e-05,0.0006066788079932184,0.0012834925328472134,0.0013986452291945167,0.0015774048862473166,0.002267698905140605,0.007437952581391387
2026-01-13 00:00:00+00:00,310.8999938964844,-0.042783391500068824,0.00020679619620331212,0.00021011229213164248,0.00028281442623549486,0.0008163815480466373,0.0015916232264255078,0.0017694924478664944,0.0022959841878453305,0.007413784458428076
2026-01-14 00:00:00+00:00,307.8699951171875,-0.009793697341386576,0.0018304185882481612,0.002037214784451475,0.0020405308803798003,0.0026438935924446953,0.0033207073172986847,0.0034368999717187777,0.0037890589277497443,0.008936958582161132
2026-01-15 00:00:00+00:00,309.260009765625,0.0045047785331213674,9.591650761468249e-05,0.0019263350958628454,0.0021331312920661537,0.0022091495220983425,0.002742716643909479,0.0035317765212606743,0.003808383163825034,0.008853949183003813
2026-01-16 00:00:00+00:00,312.4700012207031,0.010326089850108744,2.02930296324711e-05,0.00011620953724715532,0.0019466281254953129,0.002156740417626957,0.002760103129691847,0.003538251351920824,0.003730829207945944,0.008862869976373965
2026-01-20 00:00:00+00:00,302.739990234375,-0.031634149397833156,0.00010662813159251882,0.00012692116122499164,0.00022283766883967045,0.0022600524532911475,0.00233607068332333,0.0035435449861383594,0.0038227487049543292,0.00878154303417559
2026-01-21 00:00:00+00:00,302.0400085449219,-0.0023148318510326504,0.0010007194081244279,0.0011073475397169485,0.0011276405693494158,0.0030539756652122633,0.0032640879573439022,0.003870357213258899,0.004660457048682879,0.009622521781731523
2026-01-22 00:00:00+00:00,303.6300048828125,0.0052503837244541884,5.358446498555246e-06,0.0010060778546229848,0.0011127059862154997,0.0012289155234626572,0.003266130307914129,0.003872809115907351,0.004664775537108648,0.009616597370633712
2026-01-23 00:00:00+00:00,297.7200012207031,-0.01965641935849316,2.7566529254013435e-05,3.2924975752570416e-05,0.0010336443838769947,0.0011605655451019884,0.0030869006409648303,0.0033697150672003288,0.004678523867390341,0.009643872932158912
2026-01-26 00:00:00+00:00,301.0400085449219,0.011089723077971847,0.00038637482199694467,0.0004139413512509598,0.0004192997977495114,0.0015266473374664618,0.0016428568747136137,0.0036833877550934177,0.004963564192012301,0.007749421909247123
2026-01-27 00:00:00+00:00,300.3099975585937,-0.002427908331323003,0.00012298195794610138,0.0005093567799430477,0.0005369233091970575,0.0015430011638200443,0.0016699223250450327,0.00380305361711119,0.004412638968954515,0.006883555327023968
2026-01-28 00:00:00+00:00,300.7699890136719,0.0015305501934896881,5.89473886530765e-06,0.00012887669681141078,0.0005152515188083517,0.0005481764945609242,0.0016555240342778692,0.003602152159773186,0.004415627163969719,0.0063524721704172945
2026-01-29 00:00:00+00:00,306.4200134277344,0.018610937176924303,2.342583894791322e-06,8.237322760100707e-06,0.0001312192807061984,0.0005451606319571602,0.0015512384865801416,0.0017740761554198158,0.003887309169903475,0.006341959493512613
2026-01-30 00:00:00+00:00,305.8900146484375,-0.00173114562021226,0.00034636698260342313,0.0003487095664982162,0.0003546043053635202,0.0008639610853065699,0.0008968860610591369,0.0020245266304085565,0.004160974018403042,0.0066662531428074755
2026-02-02 00:00:00+00:00,308.1400146484375,0.007328664603148738,2.99686515838009e-06,0.000349363847761805,0.0003517064316565926,0.00048058312846800536,0.0008945244797189617,0.0020072304659344655,0.004160654787633094,0.006471387800993421
2026-02-03 00:00:00+00:00,314.8500061035156,0.02154208162834159,5.370932486544525e-05,5.670619002382707e-05,0.0004030731726272465,0.0004113104953873492,0.0009206672753303936,0.0019543116592073916,0.004007567916295226,0.006521828515988462
2026-02-04 00:00:00+00:00,317.2699890136719,0.00765675742470151,0.0004640612808821323,0.0005177706057475793,0.0005207674709059556,0.000869477037404174,0.0009983537342155811,0.0014176535319650962,0.0026412106089291976,0.006946124298521271
2026-02-05 00:00:00+00:00,310.1600036621094,-0.022664806575088292,5.8625934260721705e-05,0.0005226872151428558,0.0005763965400082973,0.0009257603877701042,0.0009339977105302015,0.0014709210197272628,0.0026039200355752364,0.006826239319283407
2026-02-06 00:00:00+00:00,322.3999938964844,0.0387046865311369,0.0005136934570861654,0.0005723193913468889,0.0010363806722290174,0.0010930868622528464,0.0014417964287510594,0.0019570479475594146,0.0030973204630289314,0.007002588928025823
2026-02-09 00:00:00+00:00,322.1000061035156,-0.0009309164146875659,0.0014980527594735701,0.002011746216559737,0.002070372150820455,0.0025881427565680364,0.0029375066043298382,0.00306872588503604,0.004488745090909982,0.008424049415960002
2026-02-10 00:00:00+00:00,318.2799987792969,-0.011930580612263597,8.666053711347522e-07,0.0014989193648447066,0.002012612821930868,0.002535300037073726,0.00259200622709755,0.002946610532461073,0.003488892288156689,0.008327069035819576
2026-02-11 00:00:00+00:00,310.82000732421875,-0.02371750462237543,0.00014233875374572002,0.00014320535911685651,0.0016412581185904227,0.0022135775099373137,0.00273134811568489,0.003083054547341486,0.003625872595403854,0.008454699154981161
2026-02-12 00:00:00+00:00,302.6400146484375,-0.02666996132468835,0.0005625200255123999,0.0007048587792581216,0.0007057253846292524,0.0027174716011889918,0.0032401588163318445,0.003643231988959094,0.004160826091662241,0.008854208116097682
2026-02-13 00:00:00+00:00,302.54998779296875,-0.00029751600578187265,0.0007112868370603725,0.0012738068625727742,0.0014161456163184903,0.002915064981163199,0.0034873843725100845,0.004008151843416043,0.004485738106725668,0.009564454995085268
2026-02-17 00:00:00+00:00,307.1300048828125,0.015024613902123285,8.851577369639928e-08,0.0007113753528340706,0.0012738953783464665,0.0014171007374633251,0.0034288469540230595,0.0040052434940313604,0.004362844664553263,0.009550725311886644
2026-02-18 00:00:00+00:00,308.7799987792969,0.005357918637170833,0.00022573902290787628,0.00022582753868157442,0.000937114375741943,0.0016419731550000667,0.00314089251984477,0.004177273192073791,0.004582688948595832,0.009675129837419536
2026-02-19 00:00:00+00:00,308.04998779296875,-0.0023669774266767973,2.8707292122542557e-05,0.00025444631503042056,0.00025453483080411306,0.0015283416933768894,0.0016715470524937424,0.003741919203314201,0.004609053656823583,0.009029929948538191
2026-02-20 00:00:00+00:00,310.7900085449219,0.008855402604094564,5.602582138397513e-06,3.4309874260941805e-05,0.0002600488971688142,0.000971424250002887,0.001676283029261005,0.003688895851191877,0.004268289256358557,0.009032625986826486
2026-02-23 00:00:00+00:00,297.6700134277344,-0.043131934974447894,7.841815528060479e-05,8.402073741900403e-05,0.0001127280295415427,0.0003385555682231193,0.0016123624307958898,0.0032536205493863164,0.004343710546480782,0.008580383564146055
2026-02-24 00:00:00+00:00,297.29998779296875,-0.0012438465190296455,0.0018603638146400014,0.001938781969920608,0.0019443845520590016,0.0021988308670894243,0.002910206219923491,0.0036159316045527475,0.006150365036255339,0.010368045244682201
2026-02-25 00:00:00+00:00,303.29998779296875,0.019980685502741125,1.5471541629021663e-06,0.0018619109688029053,0.0019403291240835062,0.0019746389983444504,0.0022004665370260208,0.003616612153344515,0.005687850909536108,0.010366276302916774
2026-02-26 00:00:00+00:00,306.1300048828125,0.009287489839145735,0.00039922779315944935,0.0004007749473223533,0.0022611387619623506,0.002345159499381357,0.0025996058144117738,0.0038735011927582444,0.006028452768434836,0.010558707899872911
2026-02-27 00:00:00+00:00,300.29998779296875,-0.01922792994646816,8.625746751223528e-05,0.00048548526067168635,0.00048703241483458463,0.002425814384755195,0.002460124259016133,0.0033972386347580798,0.005601016778860906,0.008814546779136985
2026-03-02 00:00:00+00:00,297.5599975585937,-0.00916605722144137,0.000369713290026287,0.000455970757538524,0.0008551985506979694,0.002717109519500877,0.0028011302569198775,0.0030556650877239942,0.004472677309413623,0.00908834356154859
2026-03-03 00:00:00+00:00,300.260009765625,0.00903292138966627,8.40166049867375e-05,0.0004537298950130262,0.0005399873625252576,0.000940762309847613,0.002879544279768217,0.0031395931769370353,0.004555827309029225,0.009152067136902855
2026-03-04 00:00:00+00:00,299.3900146484375,-0.0029016782863138246,8.159366883189043e-05,0.00016561027381862967,0.0005353235638449127,0.0010208088245166013,0.002882719793319503,0.0029954478228610497,0.004495082224115395,0.009127032674142228
2026-03-05 00:00:00+00:00,293.54998779296875,-0.019699179295709968,8.419736877265134e-06,9.00134057091573e-05,0.00017403001069589088,0.0006300007682344171,0.0010307757155567669,0.002975160267615772,0.0039409819354802615,0.008134733002895064
2026-03-06 00:00:00+00:00,289.4800109863281,-0.013961692976161899,0.0003880576649245283,0.0003964774018017952,0.0004780710706336817,0.00093180096564671,0.0014172862263183929,0.003357615350401903,0.0036177527633444164,0.008517432221321036
2026-03-09 00:00:00+00:00,289.9200134277344,0.0015188212200536455,0.0001949288707606085,0.0005829865356851386,0.0005914062725623998,0.0007570165463810316,0.0012129873039195523,0.003474126065881907,0.0038125931183313286,0.008684794562827633
2026-03-10 00:00:00+00:00,288.7300109863281,-0.004113035751524663,2.3068178984852444e-06,0.0001972356886590955,0.0005852933535836199,0.0006753067592927793,0.001129036654305802,0.0016160690691403906,0.0035891609133219377,0.008300726558729172
2026-03-11 00:00:00+00:00,287.5199890136719,-0.00419964859380606,1.691706309332005e-05,1.922388099180703e-05,0.00021415275175241163,0.000610630153554209,0.0007762404273728351,0.0016314389780708084,0.0035773706842927152,0.008194661663876392
2026-03-12 00:00:00+00:00,282.8900146484375,-0.01623420354001137,1.763704831145722e-05,3.4554111404779006e-05,3.6860929303260344e-05,0.000619847464988401,0.0007098608706975548,0.0012498482332228165,0.0035894051504657748,0.008206403973322542
2026-03-13 00:00:00+00:00,283.44000244140625,0.0019422878861217185,0.00026354936457851773,0.0002811864128899767,0.00029810347598329285,0.0004953391646423905,0.0008918165664441822,0.0014271401302890987,0.003774536359763688,0.008467610754006268
2026-03-16 00:00:00+00:00,286.1600036621094,0.009550638577479731,3.7724822325751737e-06,0.00026732184681109466,0.000284958895122548,0.00030418277611435714,0.0008871693117994921,0.001061199322495387,0.0019179450273562617,0.00812501625363542
2026-03-17 00:00:00+00:00,286.8900146484375,0.00254781034079965,9.121469723764406e-05,9.498717947022097e-05,0.0003585365440487348,0.0003930906554535159,0.0005903263441126079,0.0010683974147462935,0.0020076125704310034,0.008213234085714683
2026-03-18 00:00:00+00:00,287.739990234375,0.0029583425808459296,6.4913375326856285e-06,9.770603477033142e-05,0.0001014785170029027,0.0003826649298928815,0.00040188881088468507,0.0009932950834470886,0.0016148761148042396,0.008166016098381926
2026-03-19 00:00:00+00:00,287.9700012207031,0.0007990516127227565,8.751790825646156e-06,1.5243128358333519e-05,0.00010645782559597367,0.0003737796724070704,0.000408333783811846,0.0009936271373954697,0.0015373704381176506,0.007710706608325438
2026-03-20 00:00:00+00:00,286.5599975585937,-0.004908382489851704,6.38483479794838e-07,9.390274305442728e-06,1.5881611838124455e-05,0.00011086879130834754,0.0003920552041983208,0.0006062079559507363,0.0011682956315711584,0.007652719157544511
2026-03-23 00:00:00+00:00,289.9100036621094,0.011622612825196832,2.409221866668281e-05,2.4730702146479382e-05,3.3482492972121636e-05,0.00013118852774245517,0.0003985103745535464,0.00043537130385681063,0.0011083712452511039,0.007163117919125029
2026-03-24 00:00:00+00:00,292.3999938964844,0.008552164383871741,0.0001350851288844299,0.00015917734755111445,0.00015981583103090536,0.000175058959389241,0.00027004613885945857,0.0005681496148427553,0.0011618627053036432,0.005800150288535888
2026-03-25 00:00:00+00:00,295.4200134277344,0.010275411063717321,7.313951564876432e-05,0.00020822464453319593,0.00023231686319987485,0.0002417071375053197,0.0003394131722756477,0.0006243720673981995,0.0012265824840751425,0.005872423198813518
2026-03-26 00:00:00+00:00,291.6600036621094,-0.012809365223974467,0.00010558407252836433,0.0001787235881771304,0.00031380871706155635,0.00033853941920803786,0.000353782547566368,0.0007123190916151067,0.0009441088916789785,0.0058356685175961626
2026-03-27 00:00:00+00:00,282.8399963378906,-0.03070739905310571,0.00016407983744116646,0.0002696639099695325,0.0003428034256182929,0.0005019807731694095,0.0005113710474748489,0.0006128495644777554,0.0009132598583595365,0.005437228329524929
2026-03-30 00:00:00+00:00,283.7699890136719,0.003282658389176518,0.0009429443566066775,0.0011070241940478458,0.001212608266576206,0.001420832911109404,0.00144556361325588,0.0015520214388518578,0.0018538973970677287,0.005668885849071234
2026-03-31 00:00:00+00:00,294.1600036621094,0.035959837264815775,1.0775846100030973e-05,0.0009537202027067102,0.0011178000401478728,0.0012965236283250053,0.0014557009758761163,0.0014715825877142446,0.0018477561800744396,0.005679573179397569
2026-04-01 00:00:00+00:00,295.3800048828125,0.004138830086381162,0.0012931098961120333,0.001303885742212066,0.0022468300988187397,0.002516494008788274,0.002724718653321467,0.0027582011462935923,0.0031232290278750156,0.006746944052601725
2026-04-02 00:00:00+00:00,294.6000061035156,-0.002644154782271535,1.71299144839339e-05,0.001310239810595969,0.001321015656695996,0.0024280398507438438,0.0026067634389209705,0.0027665792699518798,0.0028768095777804317,0.006735366674963116
2026-04-06 00:00:00+00:00,295.45001220703125,0.0028811343619183916,6.991554512609429e-06,2.4121468996545062e-05,0.0013172313651085745,0.0022709515678152868,0.002540615477784816,0.0027729323409846946,0.002880028650060466,0.006736755647337329
2026-04-07 00:00:00+00:00,297.3999938964844,0.006578354394712882,8.300935211426897e-06,1.529248972403806e-05,3.2422404207968057e-05,0.0013363081464200363,0.0024433323404678786,0.002757141057529439,0.002797114888034249,0.0066666384272681505
2026-04-08 00:00:00+00:00,307.9700012207031,0.034924366092801584,4.327474654243829e-05,5.157568175386692e-05,5.856723626647245e-05,0.0013688070468624435,0.0023225272495691505,0.0026653306751874472,0.002833898297044002,0.004849549359170588
2026-04-09 00:00:00+00:00,310.3299865722656,0.0076338245475593425,0.001219711346984029,0.0012629860935264691,0.0012712870287378921,0.0012954084977344392,0.0025992942399465017,0.0038119025065227116,0.004044857853202384,0.006067713551991715
2026-04-10 00:00:00+00:00,309.8699951171875,-0.001483365214462573,5.82752772229196e-05,0.0012779866242069503,0.0013212613707493848,0.0013365538604734248,0.0026467936710693903,0.003764593711217267,0.004102494646945509,0.005726761036055184
2026-04-13 00:00:00+00:00,313.67999267578125,0.012220495705707712,2.2003723594775952e-06,6.047564958239893e-05,0.001280186996566424,0.001331762678320293,0.0013558841473168346,0.0036027142461355784,0.004080602800638304,0.005642703940902427
2026-04-14 00:00:00+00:00,311.1199951171875,-0.008194660481557037,0.00014934051529322064,0.00015154088765269996,0.00020981616487561567,0.0014728022584020867,0.0014880947481261213,0.002809110404822121,0.004094858187047095,0.00542233116616936
2026-04-15 00:00:00+00:00,305.92999267578125,-0.01682238048071305,6.715246040799261e-05,0.00021649297570121499,0.00021869334806068867,0.0014966799722676413,0.0015482556540215046,0.002865487019130083,0.004088871131806323,0.005405467021590616
2026-04-16 00:00:00+00:00,309.95001220703125,0.013054739859327036,0.00028299248503787545,0.0003501449454458698,0.0004994854607390866,0.0005599611103214876,0.001822947203847953,0.001855369608055925,0.004266279544315834,0.005606865837796601
2026-04-17 00:00:00+00:00,310.2900085449219,0.0010963380645243603,0.00017042623279470208,0.00045341871783257927,0.000520571178240568,0.0006721120658932701,0.001950098690100217,0.002008665926366693,0.00427262593966937,0.005768872333714038
2026-04-20 00:00:00+00:00,316.989990234375,0.021362825234693794,1.2019571517250204e-06,0.00017162818994642884,0.00045462067498430037,0.0006711136506855175,0.000731589300267913,0.002002876329005809,0.0033308835402144172,0.0053820166259412345
2026-04-21 00:00:00+00:00,313.0,-0.012667006290865146,0.00045637030200806997,0.00045757225915979676,0.0006279984919544949,0.0009781434374003667,0.0011296843250530632,0.002450945695802452,0.0037764779961224565,0.005643458057188696
2026-04-22 00:00:00+00:00,313.0199890136719,6.386062435570494e-05,0.0001604530483728172,0.0006168233503808889,0.00061802530753261,0.0010714440253651915,0.0012879370010664029,0.002568123997632831,0.0026438211483832403,0.005801604287663028
2026-04-23 00:00:00+00:00,311.69000244140625,-0.0042579392033106345,4.078179343100455e-09,0.00016045712655216203,0.0006168274285602281,0.0007884556185066591,0.0011386005639525253,0.001348416728828145,0.0026266953120786495,0.005784691302749051
2026-04-24 00:00:00+00:00,308.2799987792969,-0.011000655011127236,1.81300462590896e-05,1.8134124438434437e-05,0.00017858717281124772,0.0006361594319710466,0.0010895781498036223,0.001308271497864315,0.0026378338038251297,0.005785184300696683
2026-04-27 00:00:00+00:00,311.6300048828125,0.01080814535934671,0.00012101441067383877,0.0001391444569329301,0.0001391485351122693,0.0007559718854931603,0.0009276000754395857,0.0014270855361786761,0.0027505472792875413,0.005642649346792004
2026-04-28 00:00:00+00:00,311.45001220703125,-0.0005777514150713259,0.00011681600610876783,0.00023783041678260834,0.000255960463041694,0.0004164175895938582,0.0008739898487536515,0.0013945610269942234,0.002824088538853871,0.005755692870668197
2026-04-29 00:00:00+00:00,309.25,-0.007088839621748555,3.337966976169195e-07,0.00011714980280638647,0.00023816421348022134,0.0002562983379186579,0.0008731216882995434,0.0013277423632838475,0.0016047109885674589,0.00566481197012817
2026-04-30 00:00:00+00:00,313.2300109863281,0.012787768771846508,5.02516471828722e-05,5.058544388049084e-05,0.00016740144998925478,0.00030654590692218706,0.0004670030334743456,0.0010950015254288445,0.0015966873585274116,0.005708572279778357
2026-05-01 00:00:00+00:00,312.4700012207031,-0.002429311569657422,0.00016352703016221274,0.00021377867734508667,0.0002141124740426997,0.00045194289082531016,0.0004700770152637411,0.001088102322796355,0.0017580140163301467,0.0058633475191149234
2026-05-04 00:00:00+00:00,307.6499938964844,-0.015545715127441184,5.901554702471407e-06,0.00016942858486468588,0.0002196802320475542,0.0003368300348539428,0.00047597449178686947,0.0010928019203471015,0.0016145750557393975,0.0058686105903376
2026-05-05 00:00:00+00:00,309.3999938964844,0.005672165064678936,0.00024166925882355367,0.00024757081352602683,0.0004110978436882356,0.00046168328756872865,0.0006995137043513335,0.0008781008771625851,0.0017890918541549584,0.006086187630494471
2026-05-06 00:00:00+00:00,314.8999938964844,0.017620190312561235,3.217345652096419e-05,0.0002738427153445196,0.0002797442700469871,0.000493522947392076,0.000610672750198459,0.0007498212853107321,0.0015382728256380473,0.005983275958131005
2026-05-07 00:00:00+00:00,306.2699890136719,-0.027788078746934453,0.00031047110665087676,0.00034264456317184273,0.0005843138219953925,0.0007537424068600805,0.0008043278507405679,0.0010602883137822657,0.001678317699494222,0.006220607549133118
2026-05-08 00:00:00+00:00,302.1000061035156,-0.01370892138139812,0.0007721773204458302,0.0010826484270967088,0.001114821883617669,0.001362392697143698,0.001576171374488781,0.0018143355879690066,0.0024492930627883274,0.006887200797050583
2026-05-11 00:00:00+00:00,300.0,-0.006975633940052184,0.00018793452544135455,0.0009601118458871865,0.0012705829525380594,0.0015444256678825811,0.0017138542527472636,0.0018812557027365223,0.002180857286221612,0.006911055485050771
2026-05-12 00:00:00+00:00,304.8800048828125,0.016135797924926365,4.8659468865607956e-05,0.00023659399430696424,0.0010087713147527906,0.0013514158779246355,0.0015989866914506586,0.0018130991654933624,0.0020690637067144026,0.006016770597309702
2026-05-13 00:00:00+00:00,300.25,-0.015302811621034529,0.000260363974674058,0.0003090234435396677,0.0004969579689810184,0.0015796063960777293,0.0018534491114222452,0.0020731293434698033,0.0023294236032091174,0.006266358725883729
2026-05-14 00:00:00+00:00,299.9100036621094,-0.0011330191021992064,0.00023417604350886942,0.0004945400181829291,0.0005431994870485332,0.0015033113329357218,0.001845955896107561,0.0022570537397958003,0.0025454696004588973,0.005207424873280565
2026-05-15 00:00:00+00:00,297.8099975585937,-0.007026750786018887,1.2837322859482957e-06,0.00023545977579481945,0.0004958237504688735,0.0007324177447758399,0.0018150661718725452,0.002094810441919536,0.002425738922071007,0.00519157869108258
2026-05-18 00:00:00+00:00,300.7300109863281,0.009757197688233354,4.9375226608817046e-05,5.065895889476708e-05,0.00028483500240363257,0.0005938584459433024,0.0015539702918304853,0.0021382841138258817,0.0023582981425710556,0.0052339623631787865
2026-05-19 00:00:00+00:00,295.70001220703125,-0.016867420619867346,9.520290672726631e-05,0.0001445781333360851,0.0001458618656220295,0.0006404018838049608,0.0008769958781119216,0.0019918177617295942,0.0024531672526007056,0.005320864334694626
2026-05-20 00:00:00+00:00,301.9800109863281,0.021015358257061578,0.00028450987836752613,0.0003797127850947942,0.0004290880117036073,0.000664547787498429,0.0009735712310380932,0.0022441541835761564,0.0026874254837853592,0.005562099466519714
2026-05-21 00:00:00+00:00,303.0,0.0033719791120665477,0.00044164528267264625,0.0007261551610401741,0.0008213580677674365,0.0008720170266622058,0.0013665570448451315,0.002375328359597926,0.0029655437362957927,0.004784033402208332
2026-05-22 00:00:00+00:00,306.3800048828125,0.011093372012293656,1.1370243132213103e-05,0.0004530155258048611,0.0007375254041723832,0.0008821035375084706,0.0011175633133032865,0.0016145212822843088,0.0029710124247255346,0.004737128368117625
2026-05-26 00:00:00+00:00,306.739990234375,0.0011742738641542516,0.00012306290260314021,0.00013443314573535506,0.0005760784284079974,0.0009557912135027938,0.0010064501723975575,0.0015496496594460947,0.0028524060685051213,0.004857990898361288
2026-05-27 00:00:00+00:00,299.2799987792969,-0.024620865424725302,1.3789191080357578e-06,0.0001244418217111777,0.00013581206484338692,0.0008619672258835632,0.0010065453592196447,0.001502369109688522,0.0028216115310921927,0.004710029302176103
2026-05-28 00:00:00+00:00,296.7300109863281,-0.00855691451657048,0.0006061870142624338,0.0006075659333704713,0.0007306288359736076,0.0011836443617784709,0.0015633571468732616,0.0018481921492768982,0.0031173274387037496,0.005249063856030543
2026-05-29 00:00:00+00:00,299.3099975585937,0.008657145992223114,7.32207860438946e-05,0.0006794078003063301,0.000680786719414362,0.0008152198651497193,0.0015413750261898899,0.0016872368918119233,0.0024183709043018144,0.0050392921570365625
2026-06-01 00:00:00+00:00,296.5799865722656,-0.009162866165074668,7.494617673066473e-05,0.00014816696277456106,0.000754353977036991,0.0008787957987481708,0.0013318113245530286,0.0017608993362566395,0.0023053825555911242,0.004943812100972526
2026-06-02 00:00:00+00:00,300.9599914550781,0.014660385888833005,8.395811635907015e-05,0.0001589042930897366,0.0002321250791336273,0.0008396910125041008,0.0009741241582394524,0.0017954822260068928,0.0023406812030845863,0.005026568260179871
2026-06-03 00:00:00+00:00,300.8500061035156,-0.000365515206571132,0.0002149269144094939,0.0002988850307685658,0.0003738312074992266,0.0010532390078055588,0.001177680829516733,0.0019152062336891204,0.0022952441428200224,0.004785124872581295
2026-06-04 00:00:00+00:00,310.8900146484375,0.03282737702805427,1.336013662347373e-07,0.00021506051577573036,0.0002990186321347966,0.00044718559490935985,0.0010547515282798277,0.001630829956687829,0.0020612017006773876,0.004624805425574713
2026-06-05 00:00:00+00:00,312.3699951171875,0.0047491680109637,0.0010776366825420254,0.0010777702839082617,0.0012926971983177517,0.0014516014914074905,0.0021310092917138173,0.0022668213565572083,0.0031375546509334645,0.005702438029937395
2026-06-08 00:00:00+00:00,311.1099853515625,-0.00404186668525508,2.2554596796360907e-05,0.0011001912793383879,0.0011003248807046188,0.0013992099114731869,0.0015473768742477443,0.0022780057102213557,0.0031107340211210086,0.005706862580474667
2026-06-09 00:00:00+00:00,312.70001220703125,0.005097803193616635,1.633668630137489e-05,3.8891283097737314e-05,0.0011165279656397589,0.0013315884814154915,0.0014904927745052249,0.002171279493919591,0.003031867800695117,0.005602184856102202
2026-06-10 00:00:00+00:00,309.1400146484375,-0.011450007392661554,2.5987597400847958e-05,4.232428370222436e-05,6.487888049858137e-05,0.0011426491644068455,0.001441534195175408,0.0021958881722124028,0.002773345519728439,0.0055113564473942825
2026-06-11 00:00:00+00:00,313.489990234375,0.013973134377629037,0.00013110266929200424,0.0001570902666928537,0.0001734269529942247,0.001273618232332615,0.001488678748108342,0.0017208038272419734,0.002462802906347797,0.00564212531998867
2026-06-12 00:00:00+00:00,320.7200012207031,0.022801041654107124,0.00019524848433527842,0.0003263511536272842,0.00035233875102812825,0.00039123003412586794,0.0014690003180341266,0.0018428315255333571,0.0026466811475508623,0.005787122157141075
2026-06-15 00:00:00+00:00,319.3999938964844,-0.004124255468790139,0.0005198875005123281,0.0007151359848476081,0.0008462386541396084,0.0008885629378418351,0.0019887542171802197,0.0022877728493150206,0.0030435057454600498,0.006143482627491191
2026-06-16 00:00:00+00:00,331.1400146484375,0.03609707424425679,1.7009483171845367e-05,0.0005368969836841749,0.0007321454680194495,0.0008892357347123055,0.0009281270178100398,0.0022208242161277955,0.0030591363095238597,0.0061545905559605655
2026-06-17 00:00:00+00:00,333.4599914550781,0.0069816015914323515,0.0013029987689953868,0.0013200082521672336,0.0018398957526795578,0.0021662469063068444,0.0022085711900090657,0.003308896070713689,0.003755948064256813,0.007215920066132398
2026-06-18 00:00:00+00:00,325.2200012207031,-0.025021012356239325,4.8742760781490745e-05,0.001351741529776879,0.0013687510129487205,0.0020838869977963304,0.0022409772644891818,0.0033575052301289443,0.0037314700389944086,0.007232489370392925
2026-06-22 00:00:00+00:00,331.4800109863281,0.01906562897305708,0.0006260510593310809,0.0006747938201125732,0.001977792589107956,0.0025146895727921332,0.002841040726419414,0.002905919606918,0.004282574921594825,0.007548069323073128
2026-06-23 00:00:00+00:00,334.1400146484375,0.007992601544750677,0.00036349820813827357,0.000989549267469356,0.0010382920282508428,0.0023583002804180783,0.003073436265265684,0.0032468632182599128,0.004562115013374029,0.007139390210765572
2026-06-24 00:00:00+00:00,333.45001220703125,-0.002067144982257574,6.388167945315091e-05,0.000427379887591426,0.0010534309469225028,0.002405172476699384,0.002942069460383556,0.0032944082114116885,0.0044110697784176854,0.007015337364777369
2026-06-25 00:00:00+00:00,335.1199951171875,0.004995696381843828,4.273088377672665e-06,6.81547678308251e-05,0.00043165297596909475,0.00110644679608167,0.002426455048248901,0.0032726937023885134,0.004415209265429123,0.006970950984289433
2026-06-26 00:00:00+00:00,329.04998779296875,-0.018278984264112452,2.4956982339567515e-05,2.9230070717241697e-05,9.31117501703887e-05,0.0010826610176397468,0.002434402547416623,0.0031665480154360764,0.0033625295652266653,0.006735543991954943
2026-06-29 00:00:00+00:00,329.3900146484375,0.0010328257227216753,0.00033412126572767066,0.0003590782480672397,0.00036335133644490843,0.0007907312240363366,0.0014655250441489068,0.003305420796828469,0.0036740962341579755,0.006835489214173744
2026-06-30 00:00:00+00:00,327.3299865722656,-0.006273708213941909,1.066728973515551e-06,0.0003351879947011877,0.0003601449770407513,0.0004282997448715786,0.0014178490123409318,0.002786600025289656,0.0036588262768301157,0.006835272210861311
2026-07-01 00:00:00+00:00,334.07000732421875,0.020381778467124967,3.935941475368217e-05,4.042614372719924e-05,0.000374547409454866,0.00040377748017210983,0.0008311573677635331,0.0028089499568714933,0.0036721980941829503,0.006825256399006176
2026-07-02 00:00:00+00:00,334.4700012207031,0.0011966193170227513,0.00041541689348295895,0.00045477630823664264,0.0004558430372101543,0.0008149212852773961,0.0008830760531082183,0.0019213680813590654,0.003956512318373905,0.00714547038576187
2026-07-06 00:00:00+00:00,337.7200012207031,0.009669960318587023,1.4318977898719958e-06,0.00041684879127283246,0.00045620820602651073,0.0007913962007277006,0.0008206262714449395,0.0018740572183674465,0.0037626957318284983,0.0068623924051842145
2026-07-07 00:00:00+00:00,339.2200012207031,0.004431714626410788,9.350813256304764e-05,9.494003035292115e-05,0.0005103569238358762,0.0005507830675630776,0.0009098613156303144,0.0013415142915994133,0.0033363163638792178,0.006514255255074616
2026-07-08 00:00:00+00:00,330.6199951171875,-0.025679203186040667,1.9640094529943306e-05,0.00011314822709299246,0.00011458012488286055,0.0005693564331195054,0.0009045444278206903,0.0009976561779910832,0.003338946975237316,0.006522525106472346
2026-07-09 00:00:00+00:00,335.4700012207031,0.014562872418269812,0.0006594214762699612,0.0006790615707999059,0.0007725697033629498,0.0011894184946357844,0.0012298446383629809,0.0015931959748078932,0.0026953696825118903,0.007058883680139167
2026-07-10 00:00:00+00:00,336.4700012207031,0.00297645841784,0.00021207725307080365,0.0008714987293407663,0.0008911388238707058,0.000986078854223629,0.0014408551624602688,0.001801000139501024,0.002858704174801203,0.007269582014101935
2026-07-13 00:00:00+00:00,334.5299987792969,-0.005782437695950549,8.859304713130595e-06,0.00022093655778393577,0.000880358034053893,0.0009935062611468877,0.0014103550524197173,0.0017849024618745875,0.002241512420183253,0.006672254304552632
2026-07-14 00:00:00+00:00,342.8900146484375,0.02468318074648046,3.343658570754989e-05,4.2295890420682e-05,0.00025437314349148173,0.0009334347142913898,0.0010283747446443083,0.0014842177818544667,0.0019114507977525293,0.006632470104216288
2026-07-15 00:00:00+00:00,346.9100036621094,0.011655652124962224,0.0006092594117634237,0.0006426959974709752,0.0006515553021841018,0.0015230540315248702,0.00163620225861786,0.002092410464644375,0.002456828530062802,0.007166783339249047
2026-07-16 00:00:00+00:00,343.1499938964844,-0.01089773929989768,0.0001358542264581364,0.0007451136382215617,0.0007785502239291077,0.0009994867817130456,0.0016785483525129487,0.0021889052763488293,0.002588409668143266,0.007218679449348112
2026-07-17 00:00:00+00:00,341.1000061035156,-0.005991944249689851,0.00011876072184853436,0.0002546149483066723,0.0008638743600700921,0.0009061702504907762,0.0017776689798315397,0.0018922491047144044,0.002682213407652233,0.007122513256787153
2026-07-20 00:00:00+00:00,338.8699951171875,-0.0065591687204120674,3.5903395891391275e-05,0.00015466411773992715,0.0002905183441980597,0.000933214341669037,0.0011541508994529698,0.0019267206028159237,0.002383995537815953,0.007158283051312309
2026-07-21 00:00:00+00:00,345.2300109863281,0.018594354799920332,4.302269430283208e-05,7.892609019422487e-05,0.00019768681204275534,0.0009428004502643191,0.0009850963406849984,0.0018762351645557082,0.0024259515031452698,0.006123669063073116
2026-07-22 00:00:00+00:00,348.2099914550781,0.008594828111341712,0.0003457500304253203,0.00038877272472815386,0.00042467612061954124,0.0006792910689262157,0.001321987066397188,0.002202345100451085,0.0027323421188169077,0.006446864496702075
2026-07-23 00:00:00+00:00,349.8999938964844,0.004841660420966676,7.387107026350974e-05,0.0004196211006888315,0.0004626437949916597,0.000617307912731589,0.0013624215509531478,0.0016167946944446337,0.002390796295597459,0.006504398880664211
2026-07-24 00:00:00+00:00,353.2099914550781,0.009415374777565155,2.344167563195521e-05,9.731274589546646e-05,0.00044306277632078287,0.00052198886651501,0.0007766038148216794,0.001428159117005785,0.0024128060734395418,0.006501852958895317
2026-07-27 00:00:00+00:00,356.20001220703125,0.008429648418114333,8.86492822020101e-05,0.00011209095783396682,0.00018596202809747266,0.0005747347528256287,0.000729398870565553,0.0015079490944946647,0.002407947223078504,0.006459399571805324
2026-07-28 00:00:00+00:00,357.3099975585937,0.0031113403646729765,7.105897245301747e-05,0.0001597082546550291,0.0001831499302869804,0.000602771030975814,0.0006816971211700362,0.0015455714812401323,0.0024593661010015784,0.006335210059923063
2026-07-29 00:00:00+00:00,344.7099914550781,-0.035900286443133034,9.68043886484337e-06,8.073941131786235e-05,0.00016938869351986854,0.00026670143941533717,0.0006554741641434883,0.000945992508341552,0.0018096250635964608,0.005825002998275578
2026-07-30 00:00:00+00:00,350.8500061035156,0.01765534004740399,0.0012888305666990015,0.0012985110055638463,0.00136956997801686,0.0014816609358508288,0.0019012820365396576,0.002098968848582417,0.002886378377224659,0.007096824081802734
2026-07-31 00:00:00+00:00,351.7900085449219,0.0026756318530098966,0.00031171103218946707,0.00160054159888847,0.0016102220377533095,0.0017699302924083407,0.0018672430383038046,0.0022919191589233496,0.003189230104700995,0.006105536344996815
2026-08-03 00:00:00+00:00,352.6400146484375,0.0024133171161713207,7.159005812841173e-06,0.00031887003800230976,0.0016077006047013074,0.0016884400160191717,0.0018005309738531358,0.0022631747688447996,0.0031629525248062862,0.006063952590028165
2026-08-04 00:00:00+00:00,357.5199890136719,0.01374352583207994,5.82409950320546e-06,1.298310531604815e-05,0.0003246941375055113,0.0016232051430693597,0.001782913397724386,0.0022259761740451734,0.002559517212546068,0.0054437256302002895
2026-08-05 00:00:00+00:00,359.239990234375,0.004799387722696835,0.00018888450229704858,0.00019470860180025555,0.0002018676076130928,0.0018024092065015648,0.0018831486178194246,0.0020691106459169014,0.0026125474883849807,0.005269111924359064
2026-08-06 00:00:00+00:00,356.29998779296875,-0.008217623267376517,2.3034122512773113e-05,0.0002119186248098232,0.00021774272431302475,0.0005366127623153365,0.00183512376787918,0.0020182736981661648,0.002516820889049219,0.0052282643674186864
2026-08-07 00:00:00+00:00,357.5199890136719,0.003418235544679682,6.752933216452791e-05,9.056345467730254e-05,0.0002794479569743472,0.0002924310622903973,0.0018929726611788648,0.0020623613546987374,0.0025484468253223554,0.005291520611205542
2026-08-10 00:00:00+00:00,359.7900085449219,0.006329277765559915,1.1684334238911601e-05,7.921366640344103e-05,0.00010224778891621024,0.0002969563907164677,0.0006158264287187749,0.0019853964067356386,0.002517108465258435,0.005278247963104886
2026-08-11 00:00:00+00:00,362.0400085449219,0.006234174899631739,4.0059757033611116e-05,5.174409127252423e-05,0.00011927342343704824,0.0003311920482468734,0.00034417515356291895,0.0019543971913162325,0.002211418191866726,0.0049841864544108265
2026-08-12 00:00:00+00:00,365.1799926757813,0.008635636091006482,3.88649366791984e-05,7.892469371281104e-05,9.060902795171872e-05,0.00018117248262902323,0.0003758810844292762,0.0019835816891305875,0.002176412058282415,0.005021984662116509
2026-08-13 00:00:00+00:00,363.1099853515625,-0.005684584330251319,7.457421069629371e-05,0.00011343914737549364,0.00015349890440910085,0.00023271257081254384,0.00044463119562236446,0.0007693253331278798,0.0022275445933467534,0.005057199458059121
2026-08-14 00:00:00+00:00,362.8399963378906,-0.0007438226680349658,3.231449900773883e-05,0.00010688870970403406,0.00014575364638322856,0.00019749773765575474,0.0002880611923330547,0.0004899287999461516,0.002171209810152482,0.004674097063583901
2026-08-17 00:00:00+00:00,360.9599914550781,-0.00519483045696667,5.532721614826549e-07,3.2867771169223005e-05,0.00010744198186551282,0.0001863666755783258,0.00026558034198176427,0.00048332306629479314,0.002100704109860947,0.004673218437955511
2026-08-18 00:00:00+00:00,363.25,0.006324177253520524,2.6986263476628545e-05,2.7539535638112717e-05,5.9854034645847646e-05,0.00017329318202134324,0.0002250372732938649,0.0005044852302682162,0.0021180099344727324,0.004606696568869093
2026-08-19 00:00:00+00:00,357.260009765625,-0.016627467094870063,3.99952179339464e-05,6.698148141057647e-05,6.753475357205521e-05,0.00017442346327609123,0.00025334815698889966,0.000355595945905114,0.0008691745857076771,0.004627051692273096
2026-08-20 00:00:00+00:00,351.54998779296875,-0.016111921433809684,0.0002764726619909867,0.00031646787992493464,0.00034345414340155927,0.0003763219145707842,0.0004897610619462753,0.0006090344853833275,0.0008339362155091967,0.0042441028779941214
2026-08-21 00:00:00+00:00,351.5799865722656,8.53292574882758e-05,0.0002595940122892559,0.0005360666742802441,0.0005760618922141866,0.0006036014278523013,0.0007104901375563328,0.0008010991655080556,0.0010863712219856114,0.0042916196372125735
2026-08-24 00:00:00+00:00,356.3900146484375,0.013588434764685964,7.281082183500472e-09,0.00025960129337144095,0.0005360739553624237,0.0006030554367730021,0.0006359232079422225,0.0007894221123513275,0.0010805544035645896,0.004282767613581626
2026-08-25 00:00:00+00:00,356.69000244140625,0.0008413861094878072,0.00018464555935412608,0.0001846528404363111,0.0004442468527255631,0.0007607147326504997,0.0007882542682886098,0.0009340079146718424,0.001076315460621667,0.004433976587228202
2026-08-26 00:00:00+00:00,356.5,-0.0005328241990243399,7.079305852390284e-07,0.00018535348993936664,0.00018536077102154622,0.0007214274453017923,0.0007884089267123661,0.0008958509085778831,0.001053989268694133,0.0038254251060500176
2026-08-27 00:00:00+00:00,354.2200012207031,-0.006416047379691925,2.8390162706592936e-07,9.918322123064755e-07,0.00018563739156642864,0.00044523868493787154,0.0007617065648628036,0.0008215605995086552,0.0009867438381566708,0.003689854781218947
2026-08-28 00:00:00+00:00,357.6199951171875,0.009552764018764037,4.116566397845162e-05,4.144956560551906e-05,4.215749619075419e-05,0.00022681033662706724,0.0007628770109073087,0.000830411764479368,0.001016225167896211,0.0036122597233488644
2026-08-31 00:00:00+00:00,356.0199890136719,-0.004484078302875005,9.125530039819285e-05,0.000132420964376646,0.00013270486600370802,0.0003180583559430766,0.0005776596493145149,0.0009211137927160782,0.0010674207112607928,0.0036676116278556658
2026-09-01 00:00:00+00:00,354.95001220703125,-0.003009909314306114,2.0106958226314387e-05,0.00011136225862450875,0.00015252792260295645,0.0001535197548152649,0.0003381725952515734,0.000914234487465764,0.0010486627328079087,0.0036446958917791482
2026-09-02 00:00:00+00:00,356.2200012207031,0.0035715520612207285,9.0595540803467e-06,2.9166512306662592e-05,0.00012042181270485155,0.00016187137831037254,0.0003472248682497366,0.0008832988236121644,0.0009831480761919617,0.0033080054154341746
2026-09-03 00:00:00+00:00,362.05999755859375,0.01626141626723676,1.2755984126010035e-05,2.1815538206358238e-05,4.1922496432668725e-05,0.00017434346080931668,0.00017533529302162055,0.0006195821457471877,0.0009635895613102329,0.0032468903292966747
2026-09-04 00:00:00+00:00,358.6400146484375,-0.009490796513110134,0.00026443365901635235,0.00027718964314236386,0.0002862491972227067,0.00039761145584721737,0.0004390610214527338,0.0006244217924742841,0.0012274699481651026,0.0034878823126810723
2026-09-08 00:00:00+00:00,353.510009765625,-0.014407339587186208,9.007521845326347e-05,0.00035450887746961727,0.0003672648615956234,0.000396431373902288,0.0005288523382789314,0.0007144897298453642,0.0012905589031417374,0.0034893082489323257
2026-09-09 00:00:00+00:00,354.7099914550781,0.00338872902690035,0.00020757143398050283,0.00029764665243376775,0.0005620803114501163,0.0005838958496564764,0.0006952581082809825,0.0007374156044717408,0.001458135119188294,0.003625820710459811
2026-09-10 00:00:00+00:00,353.5599975585937,-0.003247334843766936,1.1483484417756994e-05,0.0002190549183982613,0.0003091301368515209,0.0005863197799938867,0.0006154862923005468,0.0007481911583042589,0.0011931459416150642,0.003627623756012724
2026-09-11 00:00:00+00:00,356.2300109863281,0.007523425209065238,1.0545183587542829e-05,2.202866800530129e-05,0.00022960010198580025,0.0005841089794554195,0.0006059245176617752,0.0007584524402647356,0.0009440971129133512,0.0023493383729012657
2026-09-14 00:00:00+00:00,350.1300048828125,-0.017272092458516575,5.6601926876398314e-05,6.714711046394261e-05,7.863059488169575e-05,0.0003762772473154655,0.0006534668904578267,0.0007738887031626824,0.001000691758707566,0.0020942292675881972
2026-09-15 00:00:00+00:00,352.489990234375,0.006717697312823567,0.00029832517789554514,0.0003549271047719449,0.0003654722883594839,0.0005845272067577473,0.0009390360842273619,0.0009809585806600347,0.001114371377248985,0.002385395439670901
2026-09-16 00:00:00+00:00,348.9200134277344,-0.010179517302185914,4.5127457186716975e-05,0.0003434526350822636,0.00040005456195865805,0.00042208322996396136,0.0007197298823977265,0.0010059790796204374,0.0011587909038504628,0.0024246987973544124
2026-09-17 00:00:00+00:00,349.3099975585937,0.0011170650509884084,0.00010362257250550239,0.00014875002969222083,0.0004470752075877621,0.0005142223180517068,0.0007332772364499655,0.0011005420980455928,0.0012621295747288995,0.0023394368675628665
2026-09-18 00:00:00+00:00,349.6700134277344,0.0010301178726654925,1.2478343281397354e-06,0.00010487040683364359,0.00014999786402035672,0.0005049249687923037,0.0005269536367976023,0.0010890339482477226,0.0012222117450785875,0.0023176505793782325
2026-09-21 00:00:00+00:00,352.0400085449219,0.006754938805822341,1.0611428315848798e-06,2.308977159726079e-06,0.00010593154966522462,0.0004493841847474902,0.0005165312952114303,0.0008256614320629553,0.0011320175875119795,0.00225118239004529
