datetime,close,log_return,RV_1d,RV_2d,RV_3d,RV_5d,RV_7d,RV_10d,RV_14d,RV_30d
2021-09-22 00:00:00+00:00,55.209999084472656,,,,,,,,,
2021-09-23 00:00:00+00:00,57.08000183105469,0.03330974497406203,,,,,,,,
2021-09-24 00:00:00+00:00,57.59000015258789,0.008895119480757607,0.0011095391102370505,,,,,,,
2021-09-27 00:00:00+00:00,59.29999923706055,0.029260348969785355,7.912315057695349e-05,0.001188662260814004,,,,,,
2021-09-28 00:00:00+00:00,59.91999816894531,0.010401015512718992,0.0008561680218336188,0.0009352911724105724,0.002044830282647623,,,,,
2021-09-29 00:00:00+00:00,59.880001068115234,-0.0006677312616174547,0.00010818112369582111,0.0009643491455294399,0.0010434722961063935,,,,,
2021-09-30 00:00:00+00:00,58.81999969482422,-0.017860649451473698,4.458650377412377e-07,0.00010862698873356235,0.0009647950105671812,0.002153457271381185,,,,
2021-10-01 00:00:00+00:00,60.93000030517578,0.03524374133148278,0.0003190027988284277,0.0003194486638661689,0.00042762978756199,0.0013629209599725625,,,,
2021-10-04 00:00:00+00:00,61.720001220703125,0.012882378004007933,0.0012421213030404676,0.0015611241018688954,0.0015615699669066364,0.0025259191124360767,0.0037145813732500804,,,
2021-10-05 00:00:00+00:00,61.619998931884766,-0.0016215714384237856,0.0001659556630381474,0.001408076966078615,0.0017270797649070427,0.0018357067536406049,0.0027709979260511775,,,
2021-10-06 00:00:00+00:00,60.4900016784668,-0.018508385967954233,2.629493929911785e-06,0.0001685851569680592,0.0014107064600085268,0.0017301551238746956,0.0026945042694041356,,,
2021-10-07 00:00:00+00:00,60.65999984741211,0.0028064098783113778,0.00034256035113876515,0.0003451898450686769,0.0005111455081068246,0.0020722696099757195,0.0021808965987092817,0.004225726881356905,,
2021-10-08 00:00:00+00:00,62.18000030517578,0.024748909793575358,7.875936405083682e-06,0.0003504362875438489,0.0003530657814737608,0.0017611427475523755,0.0020805914114185443,0.0031240637075249378,,
2021-10-11 00:00:00+00:00,61.560001373291016,-0.010021078259699223,0.0006125085359705302,0.000620384472375614,0.0009629448235143793,0.001131529980482438,0.0026926540823513337,0.0036574490929185146,,
2021-10-12 00:00:00+00:00,61.2400016784668,-0.005211733081353032,0.0001004220094870164,0.0007129305454575467,0.0007208064818626306,0.0010659963269313072,0.002474073293009922,0.0029017030805719123,,
2021-10-13 00:00:00+00:00,61.06999969482422,-0.002779855959600397,2.7162161711269567e-05,0.00012758417119828607,0.0007400927071688164,0.0010905289947126648,0.0012591141516807242,0.002820684118587361,0.004973695524930805,
2021-10-14 00:00:00+00:00,62.0,0.015113642807195404,7.727599156125844e-06,3.488976086739552e-05,0.00013531177035441203,0.0007556962427300255,0.0011008860877987027,0.0028279658527057454,0.00387188401384988,
2021-10-15 00:00:00+00:00,62.59000015258789,0.009471138329414153,0.00022842219890348937,0.00023614979805961533,0.000263311959770885,0.0009762425052284311,0.0013266787927722803,0.002737385252780807,0.004021183062176415,
2021-10-18 00:00:00+00:00,62.560001373291016,-0.00047940518586742087,8.970246125489791e-05,0.0003181246601583874,0.00032585225931451334,0.0004534364305127989,0.001073820902888413,0.0015849664109952373,0.0032547175015976947,
2021-10-19 00:00:00+00:00,63.5,0.014913787710007398,2.2982933223657635e-07,8.99322905871346e-05,0.0003183544894906241,0.00035324425035801905,0.001066174795815566,0.0014192405772893266,0.00314676620723411,
2021-10-20 00:00:00+00:00,63.84999847412109,0.005496652682033698,0.0002224210638591677,0.00022265089319140437,0.0003123533544463024,0.0005485031525059172,0.0006760873237042033,0.0016390321472185825,0.003368741406055537,
2021-10-21 00:00:00+00:00,62.68999862670898,-0.018334635200864646,3.0213190706908246e-05,0.00025263425456607607,0.0002528640838983128,0.0005709887440566996,0.0006058785049240953,0.0013266849867867255,0.003079951797934017,
2021-10-22 00:00:00+00:00,63.119998931884766,0.0068357362358257845,0.000336158847948785,0.00036637203865569335,0.0005887931025148612,0.0006787253931019952,0.0009148751911616107,0.001654967898330427,0.0021739893428423347,
2021-10-25 00:00:00+00:00,64.3499984741211,0.0192992507143126,4.672728988578167e-05,0.00038288613783456676,0.00041309932854147516,0.000635750221732879,0.0009538748818912665,0.0010891866522456785,0.002054760969689969,
2021-10-26 00:00:00+00:00,65.83999633789062,0.02289059041751429,0.0003724610781338954,0.00041918836801967715,0.0007553472159684623,0.0010079814705345378,0.0010979137611216725,0.0013612257208925572,0.0024245925538939526,
2021-10-27 00:00:00+00:00,64.12999725341797,-0.02631527041504622,0.000523979129662397,0.0008964402077962924,0.0009431674976820743,0.001309539536337767,0.0015321904295291717,0.0018580426888436846,0.002606011332417585,
2021-10-28 00:00:00+00:00,64.30999755859375,0.002802871851260491,0.0006924934570170069,0.001216472586679404,0.0015889336648132995,0.001971819802647866,0.0022244540572139418,0.002542808546704566,0.0032906288530295076,
2021-10-29 00:00:00+00:00,64.47000122070312,0.002484916073282939,7.856090614588413e-06,0.0007003495476315954,0.0012243286772939926,0.0016435170453136692,0.0020098890839693627,0.002322242438415665,0.002685976407673566,
2021-11-01 00:00:00+00:00,65.62999725341797,0.01783284837917609,6.174807891259901e-06,1.4030898505848421e-05,0.0007065243555228556,0.0016029645633191473,0.0019858507011537145,0.002238714785052027,0.0025917292060778094,
2021-11-02 00:00:00+00:00,64.81999969482422,-0.012418673630789634,0.00031801048131468334,0.0003241852892059434,0.000332041379820532,0.0015485139664999353,0.0019677023345196125,0.0025564954370344735,0.002882577525681223,
2021-11-03 00:00:00+00:00,63.93000030517578,-0.013825453453122805,0.00015422345474806978,0.0004722339360627532,0.00047840874395401335,0.0011787582915856081,0.0020751984993819007,0.0024882978279233757,0.0030290733812731673,
2021-11-04 00:00:00+00:00,64.41000366210938,0.007480217862792848,0.00019114316318446527,0.00034536661793253516,0.0006633770992472187,0.0006774079977530665,0.0018938805844324706,0.0026492278004009327,0.002991794345554143,0.008201639668544564
2021-11-05 00:00:00+00:00,65.0199966430664,0.009425905831490056,5.595365927484521e-05,0.0002470968224593106,0.00040132027720738057,0.0007255055664133233,0.0014258551140449189,0.002369022611726993,0.0029580455435740905,0.0071480542175823576
2021-11-08 00:00:00+00:00,65.72000122070312,0.010708448496857592,8.884770074411823e-05,0.00014480136001896355,0.000335944523203429,0.0008081784592661816,0.0008222093577720302,0.002411143022585329,0.003046663414985972,0.007157778767749522
2021-11-09 00:00:00+00:00,66.36000061035156,0.009691162776457318,0.00011467086920985162,0.00020351856995396995,0.00025947222922881536,0.00060483884716135,0.0009290241363672934,0.0021533528136612854,0.0029389132203366556,0.006416281615125754
2021-11-10 00:00:00+00:00,64.19000244140625,-0.03324700116208135,9.391863595979191e-05,0.00020858950516964366,0.00029743720591376207,0.0005445340283730721,0.0010167679644358253,0.0017232923199586806,0.0030026186655895395,0.006402019127389726
2021-11-11 00:00:00+00:00,64.30999755859375,0.00186762882593694,0.0011053630862714384,0.0011992817222312305,0.0013139525914410823,0.0014587539514600452,0.0018041205693925804,0.002136161949213112,0.003771822903912193,0.007506936348623423
2021-11-12 00:00:00+00:00,63.81999969482422,-0.007648486115404474,3.488037431470593e-06,0.0011088511237029091,0.0012027697596627013,0.0014062883296166704,0.001653385152075981,0.0021317938960299944,0.0037285836514578817,0.007191421587226466
2021-11-15 00:00:00+00:00,64.37000274658203,0.00858111266491246,5.8499339857535015e-05,6.198737728900582e-05,0.0011673504635604445,0.0013759399687300875,0.001520741328749051,0.0021841184279962696,0.0034146219131815213,0.006007799624043534
2021-11-16 00:00:00+00:00,65.0199966430664,0.01004713451332151,7.363549456792102e-05,0.00013213483442545625,0.00013562287185692705,0.0013349045940881567,0.0015384231640421268,0.001939743441249507,0.0029642782780870455,0.005915479455573307
2021-11-17 00:00:00+00:00,64.30999755859375,-0.010979761062829496,0.00010094491192877624,0.0001745804064966975,0.00023307974635423273,0.001341930870057141,0.0015505203752267846,0.0018864648984302135,0.0023727297329988154,0.0060137948735721715
2021-11-18 00:00:00+00:00,63.61000061035156,-0.010944401897755363,0.0001205551529968267,0.00022150006492560316,0.0002951355594935244,0.00035712293678252934,0.00155640465901376,0.001815876888242575,0.002485428795381053,0.005791789675430233
2021-11-19 00:00:00+00:00,60.66999816894531,-0.04732138851228207,0.00011977993289959117,0.0002403350858964181,0.00034127999782519454,0.0004734148322506499,0.0015822659559535592,0.001879703161867321,0.0025990339203893842,0.0059036936719247405
2021-11-22 00:00:00+00:00,61.5099983215332,0.013750424158926577,0.0022393138107303415,0.002359093743629933,0.00247964889662676,0.0026542293031234566,0.002716216680412462,0.004030169271853544,0.004520337249805042,0.007530498946684552
2021-11-23 00:00:00+00:00,63.130001068115234,0.025996373366260705,0.00018907416455039166,0.002428387975280733,0.002548167908180325,0.002769667973105927,0.0029018028075313835,0.004104572567194084,0.0045551879596073645,0.007619151101747927
2021-11-24 00:00:00+00:00,63.47999954223633,0.00552877914822858,0.0006758114281980289,0.0008648855927484206,0.0031041994034787627,0.00334453448937518,0.003519114895871878,0.0046864653594323215,0.0050398562246209274,0.008267800368234686
2021-11-26 00:00:00+00:00,61.25,-0.035761039022223606,3.056739886988714e-05,0.000706378827067916,0.0008954529916183081,0.00325454673524824,0.0034760468001738434,0.0036116696720307697,0.00501446996421597,0.008290640167948449
2021-11-29 00:00:00+00:00,61.59000015258789,0.005535672751593168,0.0012788519119489995,0.0013094193108188867,0.001985230739016916,0.004413618714297649,0.004653953800194067,0.004887033546548299,0.006204474175420851,0.009341069880993959
2021-11-30 00:00:00+00:00,59.84000015258789,-0.028825185960276833,3.064367281273108e-05,0.0013094955847617305,0.0013400629836316182,0.0022049485763800383,0.004564042320009972,0.004859177879503495,0.006120446979023731,0.009282011092551792
2021-12-01 00:00:00+00:00,59.790000915527344,-0.0008358980109575143,0.0008308913456445407,0.0008615350184572718,0.0021403869304062718,0.0028467657574741878,0.00527515373275492,0.005616433730580115,0.006857419688708479,0.010112672608864094
2021-12-02 00:00:00+00:00,61.27999877929688,0.02461506730705043,6.987254847227286e-07,0.0008315900711292634,0.0008622337439419949,0.002171653054760881,0.0030365386475093023,0.0055161875441360605,0.005752755327921764,0.00989095027048965
2021-12-03 00:00:00+00:00,60.88999938964844,-0.006384557915602329,0.0006059015385306229,0.0006066002640153456,0.0014374916096598868,0.002746987194421617,0.0034533660214895335,0.0060015339296698575,0.006355168829020916,0.010466638618313364
2021-12-06 00:00:00+00:00,61.58000183105469,0.011268224634278567,4.076257977768036e-05,0.0006466641183083033,0.0006473628437930264,0.0015088978622502978,0.0028183171730691847,0.0059225165765479475,0.006337432068941062,0.010171242350142261
2021-12-07 00:00:00+00:00,62.27000045776367,0.011142604004709789,0.00012697288640856234,0.0001677354661862427,0.0007736370047168661,0.0016052270758461292,0.0029147226606078603,0.0038101756522261675,0.006390769460781703,0.010251487946665042
2021-12-08 00:00:00+00:00,62.45000076293945,0.0028864725527597557,0.0001241576240057746,0.00025113051041433695,0.00029189309019201775,0.0008984933542073629,0.0017600283726646351,0.0037452591116815506,0.006413982172858702,0.01000318449253692
2021-12-09 00:00:00+00:00,62.61000061035156,0.0025587707172949337,8.33172379783542e-06,0.00013248934780361003,0.0002594622342121728,0.0009061263525204756,0.0017377164236497397,0.003077779407281357,0.00630175874365971,0.00948753708667236
2021-12-10 00:00:00+00:00,63.0099983215332,0.006368397810175175,6.547307583686029e-06,1.487903138152145e-05,0.00013903665538729648,0.00030677212157353875,0.0009133723855888848,0.003053759315995156,0.006188526118343805,0.008801590937239038
2021-12-13 00:00:00+00:00,61.630001068115234,-0.022144635010617364,4.055649066864396e-05,4.710379825232999e-05,5.5435522050165846e-05,0.00030656603246450236,0.0009532301507728061,0.0018154638947148,0.003989768798282107,0.008834291337293094
2021-12-14 00:00:00+00:00,61.540000915527344,-0.0014613975344008878,0.0004903848597534603,0.0005309413504221043,0.0005374886580057907,0.0006699780058094004,0.0008377134719956434,0.0022752050816555293,0.004291079493485176,0.009318501389155293
2021-12-15 00:00:00+00:00,61.27000045776367,-0.004397050562027438,2.135682753552994e-06,0.0004925205425070134,0.0005330770331756577,0.0005479560645571788,0.0007990865749715161,0.0014464494187645417,0.0036174037480407,0.009002626590594164
2021-12-16 00:00:00+00:00,61.369998931884766,0.001630764787671879,1.9334053645025808e-05,2.14697363985788e-05,0.0005118545961520396,0.0005589583944043692,0.0006914477422079795,0.0014650847469248446,0.003606170402815839,0.00886773718949112
2021-12-17 00:00:00+00:00,60.02999877929688,-0.022076682067621256,2.6593937927105084e-06,2.1993447437736317e-05,2.4129130191289744e-05,0.0005550704806133937,0.0005699495119949155,0.0008618426021869324,0.00232997788465955,0.008679253420099365
2021-12-20 00:00:00+00:00,59.15999984741211,-0.014598781665508653,0.00048737989111482995,0.0004900392849075404,0.0005093733385525667,0.0010018938810595797,0.00104899767931191,0.001308459913524082,0.002786714102961649,0.00911067965193935
2021-12-21 00:00:00+00:00,60.5,0.022397729773437902,0.0002131244261171916,0.0007005043172320216,0.0007031637110247325,0.0007246334474233109,0.0012555747978454154,0.0013946114532327112,0.0021689471834342995,0.009234956377312422
2021-12-22 00:00:00+00:00,60.9900016784668,0.008066578791929402,0.0005016582990039467,0.0007147827251211383,0.0012021626162359686,0.0012241560636737044,0.0017166766061807183,0.0017721121282308835,0.0026699067569535234,0.009621943807106518
2021-12-23 00:00:00+00:00,61.02000045776367,0.0004917429616613234,6.506969340640521e-05,0.0005667279924103519,0.0007798524185275439,0.001269891703435084,0.0012913614398336632,0.001828850097839453,0.002129074911829306,0.009593094864553132
2021-12-27 00:00:00+00:00,61.88999938964844,0.014156919099006515,2.4181114034344976e-07,6.531150454674866e-05,0.0005669698035506958,0.001267474120782717,0.0012894675682204536,0.0018225446013961106,0.002088554143191969,0.008487973589422037
2021-12-28 00:00:00+00:00,61.68999862670898,-0.0032367849290073636,0.00020041835837581544,0.0002006601695161589,0.0002657298629225645,0.0009805125880437025,0.0014705518729512435,0.001982406469103282,0.002161999615159222,0.00868490391036638
2021-12-29 00:00:00+00:00,61.150001525878906,-0.008791933874156221,1.0476776676649204e-05,0.00021089513505246463,0.0002111369461928085,0.00077786493860316,0.001478369255835182,0.0015024983860264709,0.0020483187678300963,0.008636881347185495
2021-12-30 00:00:00+00:00,60.790000915527344,-0.005904570265106379,7.729810124753563e-05,8.777487792418484e-05,0.0002881932363000007,0.0003535047408467489,0.0010682874659678878,0.0015776608045204536,0.002117285145279797,0.00864054395386511
2021-12-31 00:00:00+00:00,61.18999862670898,0.006558438210262807,3.486395001557842e-05,0.00011216205126311405,0.00012263882793976368,0.00032329899745592213,0.0008900269898662745,0.0015931907008910062,0.0021456017877116893,0.008574462991951913
2022-01-03 00:00:00+00:00,63.540000915527344,0.037685888218661034,4.301311175783521e-05,7.787706177341363e-05,0.00015517516302094968,0.0003660702980734139,0.000431381802620163,0.0016335444188561308,0.0021480584088008807,0.008496920950712921
2022-01-04 00:00:00+00:00,65.93000030517578,0.03692393450394604,0.0014202261708294145,0.0014632392825872497,0.0014981032326028287,0.001585878110527013,0.0017865382800431723,0.002566390698570715,0.0030778997198768346,0.009797367188642745
2022-01-05 00:00:00+00:00,66.75,0.012360719526365749,0.0013633769392516972,0.0027836031100811117,0.0028266162218389475,0.0029387782731020613,0.003149673408154526,0.0037166432117052206,0.0044391409763749785,0.0089214303171641
2022-01-06 00:00:00+00:00,68.31999969482422,0.02324824773309686,0.0001527873872094795,0.0015161643264611766,0.0029363904972905916,0.0030142675590640053,0.00310204243698819,0.003367772299910754,0.004572594309939433,0.008885143539823188
2022-01-07 00:00:00+00:00,68.87999725341797,0.00816327523113447,0.0005404810226594433,0.0006932684098689228,0.0020566453491206206,0.0035198846317078696,0.0036320466829709843,0.003843183629163792,0.005110415938806165,0.008749813134284601
2022-01-10 00:00:00+00:00,68.47000122070312,-0.005970109283326863,6.663906249925354e-05,0.0006071200851586969,0.0007599074723681768,0.003543510582449288,0.003621387644222702,0.003909580880522702,0.004689675110190588,0.008785884797913968
2022-01-11 00:00:00+00:00,71.3499984741211,0.04120161157575275,3.564220485486559e-05,0.00010228126735411914,0.0006427622900135629,0.0021589266164747387,0.003622165899061989,0.0037448047270017518,0.0045121928889282625,0.007542675090819835
2022-01-12 00:00:00+00:00,71.13999938964844,-0.0029475645962904196,0.001697572796439203,0.0017332150012940686,0.0017998540637933227,0.0024931224736622452,0.005276725583743357,0.0054319007467643066,0.005708107386363519,0.009209604214446306
2022-01-13 00:00:00+00:00,70.62999725341797,-0.007194813406799838,8.688137049304704e-06,0.0017062609334885077,0.0017419031383433738,0.00234902322350207,0.0038651875499632476,0.005363290782566075,0.0056517258300064184,0.00838740100585107
2022-01-14 00:00:00+00:00,71.87000274658203,0.017404025162398362,5.1765339958666696e-05,6.04534770079714e-05,0.0017580262734471748,0.0018603075408012936,0.002553575950670217,0.005380192172509163,0.005703249358824742,0.008438467620325013
2022-01-18 00:00:00+00:00,73.08000183105469,0.016695786868964113,0.0003029000918533953,0.000354665431812062,0.00036335356886136715,0.0020965685701554355,0.0027036886553141325,0.005640079152604723,0.005805731092302322,0.008135466173647788
2022-01-19 00:00:00+00:00,73.11000061035156,0.0004104080883369221,0.0002787492991738745,0.0005816493910272699,0.0006334147309859369,0.0023396756644744445,0.002441956931828564,0.004498602280949183,0.006074003614799547,0.00837345289304398
2022-01-20 00:00:00+00:00,73.2699966430664,0.002186037702310628,1.6843479897236687e-07,0.00027891773397284686,0.0005818178258262427,0.0006422713028342136,0.002375486304128283,0.0031353937764964585,0.005996873948350984,0.008246648441434391
2022-01-21 00:00:00+00:00,72.16999816894531,-0.01512678064316475,4.77876083592353e-06,4.947195634895897e-06,0.00028369649480877084,0.0006383619266208324,0.0023446228601093407,0.0029873851501229023,0.005966788759171329,0.00812726957826454
2022-01-24 00:00:00+00:00,72.79000091552734,0.008554173995047876,0.00022881949262642376,0.00023359825346234728,0.00023376668826132009,0.0008154160792885894,0.0008758695562965613,0.002675723620089883,0.0061525951400399174,0.008347757347093128
2022-01-25 00:00:00+00:00,74.93000030517578,0.028975752741212446,7.317389273755333e-05,0.0003019933853639771,0.00030677214619990106,0.0005856898801727474,0.0009403553119848099,0.002682258450328183,0.004805542861948057,0.008414383932246994
2022-01-26 00:00:00+00:00,74.16999816894531,-0.01019461738783356,0.0008395942469198806,0.000912768139657434,0.0011415876322838582,0.0011465348279187536,0.0017281842189460239,0.0034862104923931983,0.00428176016961624,0.009213421688498232
2022-01-27 00:00:00+00:00,75.12000274658203,0.012727140401402437,0.00010393022368431836,0.000943524470604199,0.0010166983633417526,0.0012502966168040997,0.0015292143507769469,0.0018925679196383131,0.004232903006091079,0.008826967052429089
2022-01-28 00:00:00+00:00,75.27999877929688,0.002127607599019754,0.00016198010279701018,0.0002659103264813285,0.0011055045734012095,0.0014074979587651863,0.0014124451544000824,0.0020458598853860185,0.003854402086228645,0.008986811472472548
2022-01-31 00:00:00+00:00,75.95999908447266,0.008992394829709482,4.526714095406602e-06,0.00016650681689241674,0.00027043704057673555,0.001183205180234169,0.0014168034336965167,0.0019986212595227587,0.0037922897378247986,0.008972004132922927
2022-02-01 00:00:00+00:00,80.83000183105469,0.06214133250758014,8.086316477338583e-05,8.538987886879243e-05,0.000247369981665803,0.0011908944522700015,0.0014928878376339791,0.001776584332442749,0.003837510697743319,0.009050207903903602
2022-02-02 00:00:00+00:00,80.62000274658203,-0.0026014146416439843,0.003861545205817636,0.003942408370591022,0.003946935084686429,0.004212845411167757,0.005125613550825191,0.0053593802390865105,0.006001483107121753,0.01242437321860641
2022-02-03 00:00:00+00:00,79.68000030517578,-0.01172817465090592,6.7673581377596995e-06,0.003868312563955396,0.003949175728728782,0.004115682545621199,0.005059207016225398,0.005365979162425298,0.005999562328210207,0.012218016150626976
2022-02-04 00:00:00+00:00,81.41000366210938,0.021479543463057915,0.0001375500806421522,0.0001443174387799119,0.004005862644597549,0.004091252523466341,0.00435716284994767,0.005498750482231527,0.0060853470688936925,0.011853907932265182
2022-02-07 00:00:00+00:00,82.38999938964844,0.011965902350002722,0.00046137078738139404,0.0005989208680235462,0.0006056882261613063,0.004548096596752329,0.0047146034136447456,0.005731301776986497,0.006243817764421691,0.012250209026240171
2022-02-08 00:00:00+00:00,80.26000213623047,-0.02619267146427262,0.00014318281904980066,0.0006045536064311947,0.0007421036870733474,0.004610416251028743,0.004695806129897536,0.005801310703298744,0.006108251284297618,0.012393150034149628
2022-02-09 00:00:00+00:00,79.0,-0.015823538988126273,0.0006860560384353212,0.0008292388574851219,0.0012906096448665164,0.0014349270836464278,0.00537733545423745,0.005647772494814185,0.006794138887933966,0.012878787714209135
2022-02-10 00:00:00+00:00,78.23999786376953,-0.009666854044018791,0.00025038438610875226,0.0009364404245440735,0.0010796232435938745,0.0016785441116174203,0.005546856675572817,0.005794226657238619,0.0070397445132067945,0.013118695323641237
2022-02-11 00:00:00+00:00,80.20999908447266,0.024867185541700643,9.344806710836245e-05,0.00034383245321711474,0.0010298884916524363,0.0016344420980836307,0.0017787595368635434,0.005725694621549971,0.006904373087688733,0.013134845289502066
2022-02-14 00:00:00+00:00,78.9800033569336,-0.015453485602610506,0.0006183769167653655,0.0007118249838737279,0.0009622093699824806,0.0017914482274676022,0.002390369095491149,0.00633954482421993,0.007449576111716545,0.013718358256251853
2022-02-15 00:00:00+00:00,77.98999786376953,-0.01261411241076793,0.00023881021727009018,0.0008571871340354556,0.0009506352011438185,0.0018870756256878915,0.002491629232119087,0.0064974918767166335,0.0068487920820667555,0.013914155361764107
2022-02-16 00:00:00+00:00,78.3499984741211,0.004605363375543625,0.00015911583191148952,0.0003979260491815797,0.0010163029659469457,0.00136013541916406,0.0021893742766491823,0.0027950625028104878,0.0069039776902939266,0.012653045022846181
2022-02-17 00:00:00+00:00,78.2300033569336,-0.0015327007188030706,2.1209371820798573e-05,0.0001803252037322881,0.0004191354210023787,0.001130960404876106,0.0020674008294201806,0.0028095045164935263,0.0067632069593177154,0.011310877455415284
2022-02-18 00:00:00+00:00,77.36000061035156,-0.011183389573270475,2.349171493419449e-06,2.355854331421802e-05,0.00018267437522570797,0.0010398615092611632,0.0013836939624782788,0.002674303607344794,0.006761029416715728,0.011160439239699223
2022-02-22 00:00:00+00:00,76.45999908447266,-0.011702142740467103,0.00012506820234753477,0.0001274173738409542,0.00014862674566175322,0.0005465527948433325,0.0012583777787170615,0.0023380010223109345,0.006805234454289877,0.010745026419387314
2022-02-23 00:00:00+00:00,76.7699966430664,0.004046178818324364,0.0001369401447182669,0.00026200834706580165,0.00026435751855922155,0.0004446827222915092,0.0013018698563269657,0.002331758347979401,0.0030806293931905076,0.010815327501606329
2022-02-24 00:00:00+00:00,75.80000305175781,-0.012715562203670316,1.637156302985675e-05,0.00015331170774812367,0.0002783799100956588,0.00030193845340987645,0.000699864502591457,0.0016620738725739363,0.0030902335980826042,0.010796056859781319
2022-02-25 00:00:00+00:00,77.83999633789062,0.02655705792214036,0.00016168552215540911,0.00017805708518526587,0.0003149972299035332,0.00044241460374448704,0.000622739807476776,0.001573375008620593,0.0031143690395958614,0.009260169585497526
2022-02-28 00:00:00+00:00,78.41999816894531,0.00742358268372989,0.000705277325479918,0.0008669628476353271,0.0008833344106651843,0.0011453427577309855,0.0011689013010452044,0.0021852042669921485,0.0033582755776943854,0.009956758773928138
2022-03-01 00:00:00+00:00,79.16999816894531,0.009518442540351835,5.510957986217428e-05,0.0007603869053420922,0.0009220724274975018,0.0010753841352456252,0.00120280150908658,0.0016219369300889577,0.003270202338506759,0.009960103013831646
2022-03-02 00:00:00+00:00,80.52999877929688,0.017032354593884413,9.060074839397949e-05,0.00014571032825615377,0.0008509876537360722,0.0010290447389213375,0.00129105308598714,0.0014737274612128468,0.0026747470484654173,0.009747803670372231
2022-03-03 00:00:00+00:00,81.04000091552734,0.006313100588567266,0.00029010110301181546,0.00038070185140579493,0.00043581143126796967,0.0013027742789032963,0.0014560859866514207,0.0016047127323131727,0.0027144637653684803,0.009759155474210171
2022-03-04 00:00:00+00:00,84.08999633789062,0.03694473905727058,3.985523904136837e-05,0.0003299563420531838,0.00042055709044716376,0.0011809439957892556,0.0013590010809745223,0.0016233585995337426,0.0026608709373014865,0.009798842278452567
2022-03-07 00:00:00+00:00,87.12000274658203,0.035398899856201815,0.0013649137440098144,0.0014047689830511828,0.0016948700860629988,0.001840580414319152,0.00270754326195448,0.0029859231720501377,0.003407407764545935,0.011158977261626457
2022-03-08 00:00:00+00:00,87.77999877929688,0.0075471602025674045,0.0012530821110294048,0.0026179958550392192,0.002657851094080588,0.0030385529454863827,0.0037989398508284757,0.004113937080732008,0.00442167965830525,0.01218323988002944
2022-03-09 00:00:00+00:00,82.79000091552734,-0.05852637814455175,5.695962712321727e-05,0.001310041738152622,0.002674955482162437,0.0030049118242156205,0.003150622152471775,0.004033956563136957,0.004319523453516978,0.012167025614415104
2022-03-10 00:00:00+00:00,85.36000061035156,0.030570321934677125,0.0034253369387190645,0.0034822965658422816,0.004735378676871687,0.006140147659922869,0.006520849511328665,0.007442921938826166,0.007723651020415243,0.014752768306214286
2022-03-11 00:00:00+00:00,84.91999816894531,-0.005167998870879487,0.0009345445831898014,0.004359881521908866,0.004416841149032083,0.007034837004071303,0.007364793346124486,0.008215780999860558,0.008655846432111626,0.01558338266571977
2022-03-14 00:00:00+00:00,81.87999725341797,-0.03645488802384467,2.6708212329411648e-05,0.000961252795519213,0.004386589734238278,0.0056966314723909,0.007101400455442083,0.007537211886710051,0.008557486442093502,0.01544811077525217
2022-03-15 00:00:00+00:00,77.22000122070312,-0.05859622060488512,0.0013289588608310532,0.0013556670731604647,0.002290211656350267,0.005772508222192548,0.008390504077231768,0.00881106116767893,0.009749505158206289,0.016772542921987817
2022-03-16 00:00:00+00:00,76.93000030517578,-0.0037625852064397947,0.0034335170691763635,0.004762475930007417,0.004789184142336828,0.009149065664245695,0.010459107402398318,0.012153977488461313,0.013166650664352795,0.020125196826390794
2022-03-17 00:00:00+00:00,78.9800033569336,0.026298776924321032,1.4157047435719593e-05,0.0034476741166120837,0.004776632977443137,0.005737885772962349,0.009220182338804632,0.011878033432885219,0.013019122189633105,0.016277808668008882
2022-03-18 00:00:00+00:00,78.66999816894531,-0.003932833296074634,0.0006916256677152004,0.00070578271515092,0.004139299784327284,0.005494966857487748,0.009854848379396616,0.01252980386155905,0.013005470531868388,0.016962666977586322
2022-03-21 00:00:00+00:00,82.19999694824219,0.04389339987010832,1.546717773471327e-05,0.0007070928454499136,0.0007212498928856337,0.005483725822893051,0.006444978618412264,0.011180357295283948,0.012965828129740928,0.01684058407467888
2022-03-22 00:00:00+00:00,81.83999633789062,-0.004389188039938929,0.001926630552157225,0.0019420977298919384,0.002633723397607139,0.006081397514219222,0.007437064587379688,0.01185390573641177,0.014801857933504173,0.01830584383945471
2022-03-23 00:00:00+00:00,83.12999725341797,0.01563953760720782,1.926497164994294e-05,0.0019458955238071678,0.0019613627015418814,0.002667145416692801,0.007429621346700219,0.011816211080938496,0.0145310218021423,0.018181925992054856
2022-03-24 00:00:00+00:00,83.37999725341797,0.0030028250087168473,0.0002445951365672677,0.0002638601082172104,0.002190490660374436,0.002897583505824349,0.006345257622436433,0.008635469278786698,0.0147357616996682,0.0177404650901868
2022-03-25 00:00:00+00:00,85.19999694824219,0.021592958504403903,9.016958032975333e-06,0.0002536120946002428,0.00027287706625018615,0.002214974796142124,0.002920757511293045,0.007709941653629872,0.01337986491369136,0.017499097662111024
2022-03-28 00:00:00+00:00,82.80999755859375,-0.028452600452929744,0.0004662558569729088,0.0004752728150058839,0.000719867951573152,0.00266576347538032,0.0033728563208302344,0.00814948929827337,0.012593038659634865,0.01787190545197557
2022-03-29 00:00:00+00:00,82.37000274658203,-0.005327471265983874,0.0008095504725340579,0.0012758063295069664,0.0012848232875399422,0.0015486833957571527,0.003490781125649092,0.007630080909976374,0.013345629505045706,0.018063079007744263
2022-03-30 00:00:00+00:00,83.77999877929688,0.016972974650945716,2.8381950089883823e-05,0.0008379324226239415,0.0013041882795968506,0.0015578003741970935,0.0035036958980042623,0.004224945790889895,0.009948674516416525,0.017852650740564056
2022-03-31 00:00:00+00:00,82.58999633789062,-0.01430573746675634,0.00028808186850164585,0.0003164638185915295,0.0011260142911255879,0.0016012871061314717,0.0018651472143486833,0.004498870611955821,0.009302211801728369,0.01798161677715421
2022-04-01 00:00:00+00:00,83.12000274658203,0.006396816352755685,0.00020465412446775614,0.0004927359929694018,0.000521117943059286,0.0017969242725662524,0.0020505363671664964,0.004011899068708377,0.009480157713866713,0.01816506152980117
2022-04-04 00:00:00+00:00,83.16000366210938,0.00048112719217296984,4.091925945088255e-05,0.0002455733839186385,0.0005336552524202848,0.0013715876750442263,0.0018468604900501112,0.004037351150424546,0.008192118112486543,0.01820363161775863
2022-04-05 00:00:00+00:00,82.7300033569336,-0.005184173247649859,2.3148337504824585e-07,4.115074282593058e-05,0.00024580486729368714,0.0005622686858852167,0.001838075015392184,0.0021109520816423697,0.004758832526685228,0.018078794898786145
2022-04-06 00:00:00+00:00,83.6500015258789,0.011059111894992313,2.6875652261648487e-05,2.7107135636696515e-05,6.80263950875795e-05,0.0005607623880569813,0.0013986948106809239,0.002118562762254075,0.004771551131511157,0.017968730406329528
2022-04-07 00:00:00+00:00,85.05000305175781,0.01659790904973324,0.00012230395590596046,0.00014917960816760874,0.00014941109154265742,0.0003949844754612959,0.0007114482940528264,0.0019962715815927674,0.0042022294197019165,0.01807466279920563
2022-04-08 00:00:00+00:00,86.83999633789062,0.02082794811552713,0.0002754905848232166,0.00039779454072917685,0.0004246701929908257,0.00046582093581675626,0.0009585569287861593,0.002262745208383009,0.004462252826790419,0.01818846786187344
2022-04-11 00:00:00+00:00,83.8499984741211,-0.035037832767827126,0.00043380342270309005,0.0007092940075263065,0.0008315979634322673,0.0008587050990689637,0.0011042784829876032,0.0022302927741131903,0.0029694256973362846,0.017916993959096614
2022-04-12 00:00:00+00:00,85.5999984741211,0.0206557952505122,0.0012276497250662203,0.00166145314776931,0.0019369437325925272,0.002086123340760136,0.002127274083586068,0.0026483920266453524,0.0041778104507525626,0.019089534104300657
2022-04-13 00:00:00+00:00,86.80999755859375,0.014036528958147443,0.0004266618774310823,0.0016543116024973026,0.0020881150252003928,0.00248590956592957,0.0025130167015662676,0.0030466719539865507,0.004359877191616377,0.01942559523333776
2022-04-14 00:00:00+00:00,87.83000183105469,0.011681354496583474,0.00019702414519291175,0.0006236860226239939,0.0018513357476902146,0.002560629755216521,0.002709809363384131,0.0029556142306778168,0.004547884378776314,0.019332518275518858
2022-04-18 00:00:00+00:00,88.55000305175781,0.008164249915770583,0.00013645404287485093,0.00033347818806776243,0.0007601400654988452,0.0024215932132681554,0.0028193877539973333,0.0028874141490849116,0.004218082564678256,0.01942911707935234
2022-04-19 00:00:00+00:00,87.76000213623047,-0.008961558383802526,6.665497668715997e-05,0.00020310901956201069,0.00040013316475492287,0.0020544447672522247,0.002763738774778533,0.002913149866321189,0.003475187068831358,0.018130858312029687
2022-04-20 00:00:00+00:00,87.95999908447266,0.002276314969401838,8.030952866630133e-05,0.0001469645053534611,0.0002834185482283125,0.0009071045708523061,0.002568557718621618,0.002993227911612442,0.003527114647407775,0.016958085729666582
2022-04-21 00:00:00+00:00,87.02999877929688,-0.01062928250292039,5.181609839922891e-06,8.549113850622401e-05,0.0001521461151933844,0.00048562430326114665,0.0021399359057584504,0.0029715338691907165,0.0032442143887460523,0.016906307712383287
2022-04-22 00:00:00+00:00,85.12999725341797,-0.022073405142609914,0.00011298164652688954,0.00011816325636681222,0.00019847278503311397,0.00040158180459512444,0.0010252678272191199,0.0029622115598116456,0.003152541910805185,0.013593952420191114
2022-04-25 00:00:00+00:00,82.26000213623047,-0.0342944788610513,0.0004872352145897978,0.0006002168611166871,0.0006053984709566105,0.0007523629763100713,0.0010858411643778353,0.0031739561895782267,0.003598857865944101,0.013146643051591108
2022-04-26 00:00:00+00:00,82.29000091552734,0.0003646159717147768,0.0011761112803510946,0.001663346494940892,0.0017763281414677821,0.001861819279974006,0.002064928299536018,0.003916264047226231,0.004774737662920147,0.014296046119612792
2022-04-27 00:00:00+00:00,84.63999938964844,0.028157356155598556,1.329448068295109e-07,0.0011762442251579239,0.0016634794397477222,0.001781642696114534,0.0019286072014679967,0.0026887472669668406,0.0047479949554653286,0.012967220203588568
2022-04-28 00:00:00+00:00,87.19999694824219,0.02979733501886983,0.000792836705673224,0.000792969650480053,0.001969080930831148,0.0025692977919478353,0.002654788930454061,0.003054922095208982,0.005418527705232592,0.010326539840085427
2022-04-29 00:00:00+00:00,85.25,-0.022616179754084698,0.0008878811742267663,0.0016807178798999899,0.0016808508247068202,0.003344197319647712,0.0034623605760145254,0.003745779124242837,0.006030918294636141,0.011200263966876475
2022-05-02 00:00:00+00:00,86.41000366210938,0.01351533607030131,0.0005114915866690706,0.0013993727608958366,0.0021922094665690612,0.0033684536917269847,0.003968670552843673,0.0041208166680370565,0.006108606458602122,0.011020129885830345
2022-05-03 00:00:00+00:00,88.19000244140625,0.020390153349643114,0.00018266430909318765,0.0006941558957622579,0.001582037069989025,0.0023750067204690774,0.004038353215409972,0.004236826000443084,0.005063621042629089,0.011187327017188818
2022-05-04 00:00:00+00:00,91.6999969482422,0.039028740399046136,0.0004157583536219623,0.0005984226627151495,0.001109914249384221,0.0027906321292842104,0.0039668763544421365,0.004572274825398745,0.005052717518819969,0.009676454818653556
2022-05-05 00:00:00+00:00,90.30999755859376,-0.015274176753529822,0.001523242577136136,0.0019390009307580977,0.0021216652398512864,0.0035210380007471226,0.004314007651227178,0.006090335792694959,0.0063789359507631935,0.01118043242413975
2022-05-06 00:00:00+00:00,91.69000244140624,0.015165179459467382,0.00023330047549807083,0.0017565430526342064,0.0021723014062561695,0.002866457302018427,0.004547175181918418,0.006210654621666139,0.006475782383386413,0.011169137763070552
2022-05-09 00:00:00+00:00,84.45999908447266,-0.08213531002253127,0.00022998266803785138,0.00046328314353592174,0.0019865257206720588,0.002584948383387208,0.003984321144283046,0.0059534020751141935,0.006639110074737105,0.01139010347307543
2022-05-10 00:00:00+00:00,85.0199966430664,0.0066084447805740965,0.006746209152497326,0.006976191820535177,0.007209492296033249,0.009148493226791347,0.009842649122553606,0.011523499947260426,0.01330500969856813,0.017670056768599847
2022-05-11 00:00:00+00:00,86.79000091552734,0.020604934758321924,4.367154241789702e-05,0.0067898806949152225,0.007019863362953075,0.00877640641558728,0.009374829078302432,0.011567038544871492,0.013343499631146102,0.016904177838483685
2022-05-12 00:00:00+00:00,86.30000305175781,-0.005661784753337784,0.000424563336394703,0.0004682348788125991,0.007214444031309926,0.0076777271748458475,0.009616728105603947,0.01119876517559297,0.013655081321013916,0.0173003592247885
2022-05-13 00:00:00+00:00,88.86000061035156,0.02923247092486836,3.205580659312819e-05,0.0004566191429878303,0.000500290685405729,0.007476482505940905,0.009233025558575114,0.010342939807959334,0.013199901913017247,0.017044333162879986
2022-05-16 00:00:00+00:00,90.9499969482422,0.023247767033444333,0.0008545373563732739,0.0008865931629664012,0.001311156499361106,0.008101037194276328,0.00856432033781225,0.010685985577663535,0.012878327989039425,0.0176942163947855
2022-05-17 00:00:00+00:00,92.11000061035156,0.012673650216583177,0.0005404586720413011,0.0013949960284145742,0.001427051835007704,0.0018952867138203023,0.008871478534355482,0.01104377994061165,0.013418653716273899,0.018193755807375922
2022-05-18 00:00:00+00:00,90.6500015258789,-0.015977567592976527,0.0001606214098122988,0.0007010800818535992,0.0015556174382268745,0.002012236581214704,0.008802117276129928,0.010788642996801986,0.012786438420412972,0.018354145733813172
2022-05-19 00:00:00+00:00,91.13999938964844,0.005390825105378916,0.00025528266618813375,0.0004159040760004318,0.0009563627480417346,0.0018429559110081349,0.002311190789820737,0.009520683085853984,0.012153839912374339,0.018582552747739657
2022-05-20 00:00:00+00:00,91.86000061035156,0.007868906403134979,2.9060995316783598e-05,0.0002843436615049166,0.000444965071317217,0.0018399610997317905,0.0022965802427196234,0.009316443605672697,0.011671409321022053,0.018489309787150483
2022-05-23 00:00:00+00:00,93.88999938964844,0.02185819222773233,6.191968798129867e-05,9.09806832980815e-05,0.00034626334948621685,0.001047343431339815,0.0019339365943062189,0.009148380625616143,0.011550664699910163,0.018275738890308563
2022-05-24 00:00:00+00:00,94.4000015258789,0.005417211545679201,0.0004777805674644981,0.000539700255445796,0.0005687612507625813,0.000984665326763012,0.002379661355177589,0.002879952040583316,0.0116126869137527,0.018319716035069974
2022-05-25 00:00:00+00:00,96.3000030517578,0.019927261178765754,2.934618093064004e-05,0.0005071267483951374,0.0005690464363764377,0.0008533900978813533,0.001554470179734955,0.0028656266790960594,0.010118790517547204,0.017121412490934393
2022-05-26 00:00:00+00:00,96.63999938964844,0.0035243773765891717,0.0003970957380867447,0.000426441919017384,0.0009042224864818837,0.0009952031697799642,0.0014111072457803986,0.002838159080788101,0.010282585780135878,0.017091846351590053
2022-05-27 00:00:00+00:00,97.58999633789062,0.009782263757131204,1.2421235892613572e-05,0.0004095169739793576,0.00043886315490999916,0.0009785634103557943,0.0012629070718607133,0.002818524510087586,0.01006502434799064,0.016907243442289756
2022-05-31 00:00:00+00:00,96.0,-0.016426800160076027,9.569268421408271e-05,0.00010811392010669557,0.0005052096581934419,0.0010123364065885783,0.0011033170898866623,0.002059679837928395,0.003414507879707397,0.016866482083628988
2022-06-01 00:00:00+00:00,97.83999633789062,0.018985262481507448,0.00026983976349907377,0.0003655324477131558,0.00037795368360577094,0.0008043956026231539,0.0013440958580689523,0.0017890609293861677,0.003640676100788574,0.0170696668704409
2022-06-02 00:00:00+00:00,97.66999816894533,-0.0017390232373184489,0.0003604401914917343,0.0006302799549908074,0.0007259726392048917,0.0011354896131842481,0.0016426163615793881,0.0019888797110656034,0.0035765529558856052,0.017349797533266334
2022-06-03 00:00:00+00:00,99.08999633789062,0.014434060401375959,3.024201819933538e-06,0.00036346439331166717,0.0006333041568107425,0.000741418076917437,0.0011678599959348236,0.001736621246697403,0.0035475213511124105,0.017347640125246346
2022-06-06 00:00:00+00:00,98.83999633789062,-0.0025261470438762146,0.0002083420996705695,0.00021136630149050232,0.0005718064929822382,0.0009373389406953929,0.001346855914674753,0.001915902351051189,0.0029013260944097063,0.017443000578390027
2022-06-07 00:00:00+00:00,103.37000274658205,0.044812467081266405,6.381418887284538e-06,0.00021472351855785334,0.00021774772037778841,0.0008480276753685948,0.0009561415954752929,0.0018603640819571748,0.00236724884125569,0.01696214678268751
2022-06-08 00:00:00+00:00,104.58999633789062,0.011733098601431458,0.0020081572059095854,0.0020145386247968694,0.0022228807244674405,0.0025863451177791062,0.0029518775654922644,0.003390740720402262,0.004214784637352977,0.017794192708246004
2022-06-09 00:00:00+00:00,102.33000183105467,-0.021845006759933838,0.00013766560279091284,0.002145822808700498,0.002152204227587784,0.002363570529078285,0.002993850484069095,0.003499060142262535,0.004097167573955755,0.017931725366230087
2022-06-10 00:00:00+00:00,100.45999908447266,-0.018443273783741887,0.0004772043203415551,0.0006148699231324675,0.002623027129042054,0.002837750647599906,0.0032012150409115757,0.003579168724517345,0.0045453108989805275,0.017616092980898418
2022-06-13 00:00:00+00:00,95.8499984741211,-0.046975175636339905,0.0003401543478620608,0.0008173586682036155,0.0009550242709945296,0.0029695628957913975,0.003180929197281902,0.003906901836486792,0.004823545558861289,0.01706836615453371
2022-06-14 00:00:00+00:00,96.0999984741211,0.002604846526007343,0.002206667126064982,0.0025468214739270425,0.003024025794268599,0.005169848602969095,0.005384572121526951,0.0060178762783376916,0.006552432117461773,0.01876354169392962
2022-06-15 00:00:00+00:00,94.88999938964844,-0.012670980544748467,6.7852254240525226e-06,0.0022134523514890344,0.0025536066993510965,0.0031684766224835625,0.005183015247280433,0.00575482174026267,0.006529871161955186,0.018587662610260486
2022-06-16 00:00:00+00:00,91.38999938964844,-0.03758226294789324,0.00016055374796539415,0.00016733897338944625,0.0023740060994544296,0.0031913647676580434,0.0053371875763585435,0.00555493529673633,0.006293329171833834,0.01833245800460392
2022-06-17 00:00:00+00:00,86.12000274658203,-0.059394352216911805,0.0014124264882845892,0.001572980236249983,0.0015797654616740368,0.004126586935601078,0.004741456858733548,0.006964337583200986,0.00769333442422581,0.018221641915752373
2022-06-21 00:00:00+00:00,91.4800033569336,0.060378701461738515,0.0035276890752665765,0.004940115563551165,0.005100669311516561,0.007314121663005594,0.008131480331209211,0.010283684558796993,0.011125330815278304,0.021516030515520878
2022-06-22 00:00:00+00:00,87.86000061035156,-0.04037576035590096,0.0036455875902057446,0.007173276665472321,0.00858570315375691,0.008753042127146357,0.011299863601073401,0.013922890730115453,0.014501078641984974,0.02493163543768877
2022-06-23 00:00:00+00:00,85.20999908447266,-0.030625858398998673,0.0016302020243171434,0.005275789614522887,0.008803478689789465,0.010376458926039446,0.012589911277528483,0.013544935548523011,0.015770840474810383,0.019815628309508587
2022-06-24 00:00:00+00:00,86.9000015258789,0.01963926273486738,0.0009379432026755175,0.00256814522699266,0.006213732817198406,0.01115384838074957,0.011321187354139018,0.014345213148407615,0.01670575947566597,0.020709899969766212
2022-06-27 00:00:00+00:00,89.02999877929688,0.024215328044069118,0.00038570064076915057,0.0013236438434446672,0.0029538458677618126,0.010127122533234131,0.011700102769484116,0.01425370946883521,0.016883118016764547,0.020671037274140658
2022-06-28 00:00:00+00:00,91.5,0.027365594407039673,0.0005863821122818803,0.0009720827530510299,0.0019100259557265492,0.007185815570249435,0.012125931133800604,0.01449993723325503,0.017463118710159143,0.02122536357982941
2022-06-29 00:00:00+00:00,88.12000274658203,-0.03763941917867708,0.0007488757572506011,0.0013352578695324806,0.0017209585103016328,0.004289103737294292,0.011462380402766615,0.01304214586444065,0.01620383726150016,0.02111970198070674
2022-06-30 00:00:00+00:00,85.63999938964844,-0.028547096508261482,0.001416725876108164,0.0021656016333587644,0.0027519837456406464,0.004075627589085312,0.009351417203608202,0.014452086515124762,0.01748289753481741,0.0219959691847736
2022-07-01 00:00:00+00:00,87.55000305175781,0.02205763699463681,0.000814936719051995,0.0022316625951601583,0.002980538352410761,0.00395262110546179,0.006520766332454453,0.015106469486211362,0.017820629933527853,0.022650284494013295
2022-07-05 00:00:00+00:00,84.80999755859375,-0.031796662002339104,0.00048653934978717034,0.0013014760688391644,0.0027182019449473304,0.00405345981447981,0.00537710365792448,0.014180582347713943,0.01796701493545296,0.022881541177612333
2022-07-06 00:00:00+00:00,83.27999877929688,-0.01820502193794038,0.0010110277144909955,0.0014975670642781648,0.0023125037833301616,0.004478105416688925,0.005450188169739957,0.011663920986938362,0.016771375523878973,0.023863507896786543
2022-07-07 00:00:00+00:00,85.94000244140625,0.03144099710621884,0.0003314228237608905,0.0013424505382518851,0.001828989888039057,0.004060652483199215,0.0053959103527316974,0.008349756220493507,0.017096013122215814,0.024133011032566137
2022-07-08 00:00:00+00:00,86.08000183105469,0.0016277109299069892,0.0009885362990332614,0.001319959122794151,0.0023309868372851485,0.003632462906124312,0.005798064539483078,0.007708090495209626,0.01792399567328368,0.0246437667641349
2022-07-11 00:00:00+00:00,85.63999938964844,-0.005124661090483151,2.6494428713386753e-06,0.0009911857419045993,0.0013226085656654915,0.0028201756299436553,0.005051838225103816,0.006772796735405447,0.016514218627870426,0.024617070026075598
2022-07-12 00:00:00+00:00,84.5,-0.013400922231409318,2.626215129231196e-05,2.891159416364977e-05,0.001017447893196913,0.002359898431448797,0.003661374500287964,0.006413358245928608,0.013012791703896165,0.024246236439281164
2022-07-13 00:00:00+00:00,84.83999633789062,0.004015552168461056,0.00017958471665228048,0.00020584686794459159,0.00020849631081593198,0.001528455433610082,0.0030260224978882495,0.006006560850299009,0.009546788830342701,0.024413399920040834
2022-07-14 00:00:00+00:00,83.13999938964844,-0.020241160048348306,1.612465921763229e-05,0.0001957093758699119,0.0002219715271622256,0.001213157269066824,0.0025556078073187116,0.00527380975226604,0.007932711465243188,0.024333831895044383
2022-07-15 00:00:00+00:00,84.54000091552734,0.016698879484919438,0.00040970456010285157,0.00042582921932048296,0.0006054139359727652,0.0006343255301364142,0.001954284652930568,0.004266788436260728,0.007404472822670523,0.02447369669164816
2022-07-18 00:00:00+00:00,86.0999984741211,0.018284587743353953,0.0002788525760518633,0.0006885571361547139,0.000704681795372348,0.0009105286633169388,0.0019017144052215404,0.003730704293260596,0.007297624757953236,0.02439210907620829
2022-07-19 00:00:00+00:00,88.2699966430664,0.024890867290337404,0.0003343261489444096,0.000613178724996272,0.0010228832850991253,0.0012185926609690363,0.0012475042551326888,0.003578491092417835,0.007045568794615766,0.024723411023332763
2022-07-20 00:00:00+00:00,89.23999786376953,0.010929084624442531,0.0006195552744651885,0.000953881423409597,0.0012327339994614621,0.0016585632187819444,0.0018644100867265384,0.003187018652392028,0.006916248311830353,0.025134624198127384
2022-07-21 00:00:00+00:00,87.75,-0.016837483280318644,0.00011944489072822614,0.0007390001651934136,0.001073326314137825,0.0017618834502925384,0.0019575928261624524,0.0029750407193593637,0.005618967326450415,0.025247687669968325
2022-07-22 00:00:00+00:00,87.08000183105469,-0.007664604952358545,0.00028350084321500987,0.0004029457339432349,0.0010225010084084253,0.0016356797334046965,0.002061508952725182,0.0022700052635411124,0.00508753145061343,0.023523031307273748
2022-07-25 00:00:00+00:00,89.9800033569336,0.03276020332696117,5.8746169075719127e-05,0.0003422470122907279,0.00046169190301895586,0.0014155733264285524,0.002104130462583269,0.0023261019897454927,0.0046597382699019784,0.023444111873558555
2022-07-26 00:00:00+00:00,89.62999725341797,-0.0038974059948655437,0.0010732309220238376,0.0011319770910995556,0.0014154779343145672,0.0021544780995079805,0.002767656824504255,0.0033730707604770187,0.004721941477434821,0.02404013847524084
2022-07-27 00:00:00+00:00,91.56999969482422,0.02141364906122334,1.5189773488813879e-05,0.0010884206955126504,0.0011471668645883712,0.0015501125985316058,0.002503994021941205,0.0032086758173135517,0.004405708427162744,0.02371517390086759
2022-07-28 00:00:00+00:00,92.63999938964844,0.011617303449325433,0.00045854436611723117,0.00047373413960604397,0.0015469650616298832,0.0018892120739206107,0.002628212239114027,0.003651095524213151,0.0038757164942467143,0.021967051140919843
2022-07-29 00:00:00+00:00,96.93000030517578,0.04526806441666942,0.0001349617394337086,0.0005935061055509387,0.0006086958790397543,0.0017406729701393096,0.0021436187040825474,0.0033763527035440078,0.004008028790809084,0.022095227654929498
2022-08-01 00:00:00+00:00,94.4800033569336,-0.02560086423319774,0.002049197656031732,0.0021841593954654397,0.0026427037615826725,0.0037311244570953223,0.004073371469386054,0.005146697783523876,0.006030964295548504,0.023983871562995834
2022-08-02 00:00:00+00:00,94.06999969482422,-0.0043490246800077514,0.0006554042494866233,0.0027046019055183544,0.0028395636449520647,0.003313297784558108,0.004445274875657667,0.0054677758840660905,0.006506783828382847,0.02322684932419787
2022-08-03 00:00:00+00:00,91.0199966430664,-0.03295995703250476,1.8914015667316523e-05,0.0006743182651539389,0.0027235159211856726,0.0033170220267366105,0.004405442722249265,0.004867134625268218,0.0065095731848325315,0.01971807426459861
2022-08-04 00:00:00+00:00,87.19000244140625,-0.04298955226650847,0.00108635876758456,0.0011052727832518757,0.0017606770327385007,0.0039448364282039395,0.004418570567809987,0.0058340485021245525,0.00718622739231424,0.017158845441977422
2022-08-05 00:00:00+00:00,88.44999694824219,0.01434771266244983,0.0018481016040748635,0.0029344603716594227,0.002953374387326741,0.005657976292845094,0.006251482398396036,0.007398649262984406,0.00875547642033724,0.017376745021735144
2022-08-08 00:00:00+00:00,88.94999694824219,0.005636993699993376,0.0002058568586442232,0.002053958462719086,0.003140317230303648,0.003814635495457586,0.005998794890923028,0.00754575995255291,0.008627007130037053,0.016644658677703848
2022-08-09 00:00:00+00:00,90.58999633789062,0.018269411452944695,3.177569797376501e-05,0.00023763255661798732,0.0020857341606928524,0.003191006943944727,0.005895608849463084,0.006504304728502838,0.00803922755354563,0.016290733734908466
2022-08-10 00:00:00+00:00,91.4499969482422,0.0094485502099948,0.0003337713948369868,0.0003655470928107509,0.0005714039514549758,0.0035058643231143977,0.00418018258826834,0.0068228863498510095,0.008253554057654391,0.01603812301746357
2022-08-11 00:00:00+00:00,93.19000244140624,0.018848104529626042,8.927510107079277e-05,0.0004230464959077787,0.00045482219388154544,0.00250878065660063,0.0036140534398525085,0.006453617084804571,0.008059328315510175,0.015378522361283762
2022-08-12 00:00:00+00:00,94.0,0.008654336274283025,0.0003552510443597097,0.0004445261454305016,0.0007782975402674901,0.0010159300968854766,0.003950390468544902,0.006673906389730573,0.008355833190794163,0.014317047529535307
2022-08-15 00:00:00+00:00,92.31999969482422,-0.018033982815844674,7.4897536348371e-05,0.0004301485807080798,0.0005194236817788743,0.0008849707745896244,0.002938929237308713,0.004699606270047211,0.007357499805118697,0.013577008346831683
2022-08-16 00:00:00+00:00,91.45999908447266,-0.009359091234389716,0.000325224536202181,0.0004001220725505511,0.0007553731169102626,0.0011784196128180402,0.0014160521694360304,0.00436942655676277,0.0076675345678320645,0.013415693533246696
2022-08-17 00:00:00+00:00,92.1999969482422,0.008058389243452702,8.759258873363042e-05,0.00041281712493581056,0.00048771466128418327,0.000932240806714684,0.0012977878995254375,0.004438105129829084,0.007296582790448464,0.012492258407489331
2022-08-18 00:00:00+00:00,94.37999725341795,0.023369059733704844,6.49376371989942e-05,0.00015253022593262374,0.00047775476213480643,0.0009079033428428854,0.0013309498387506667,0.0034166839994435177,0.007226558688213749,0.012225773220927435
2022-08-19 00:00:00+00:00,94.08000183105467,-0.003183653583869628,0.0005461129528374651,0.0006110505900364584,0.0006986431787700906,0.0010987652513206408,0.001543291396751145,0.002114695348206119,0.005723473985019483,0.011783349874731638
2022-08-22 00:00:00+00:00,94.01000213623048,-0.0007443212991589121,1.0135650142085925e-05,0.0005562486029795502,0.0006211862401785459,0.0010340033651143558,0.0014641519458224383,0.001918974139703982,0.005078205385674946,0.011790836082002385
2022-08-23 00:00:00+00:00,98.0,0.04156629635667386,5.540141963816107e-07,1.0689664338466668e-05,0.0005568026171759334,0.0007093328431085564,0.0011094549156591101,0.0018877524559265985,0.00505984538420401,0.011765127944906454
2022-08-24 00:00:00+00:00,98.58000183105467,0.005900941180961183,0.0017277569928108385,0.0017283110070072192,0.0017384466571493068,0.0023494972471857648,0.0027623143721215776,0.0032817380539004503,0.005701243609430288,0.013313300221065014
2022-08-25 00:00:00+00:00,99.08999633789062,0.0051600712618675715,3.4821106821163566e-05,0.0017625780996320013,0.0017631321138283846,0.002319380716807934,0.00247191094274056,0.003227284059650821,0.0038879631121765887,0.013331996668668543
2022-08-26 00:00:00+00:00,97.87000274658205,-0.012388395612099146,2.662633542755159e-05,6.144744224871429e-05,0.0017892044350595543,0.0017998940993980202,0.0024109446894344812,0.002898659350718663,0.003708732588959917,0.012948918443993243
2022-08-29 00:00:00+00:00,100.12000274658205,0.02272939849517197,0.00015347234584187736,0.0001800986812694281,0.00021491978809059316,0.0019432307950978116,0.0024994793980773642,0.002977234160212169,0.0038304292368280296,0.012823538213783257
2022-08-30 00:00:00+00:00,96.30999755859376,-0.0387973637731589,0.0005166255559523259,0.0006700979017942024,0.0006967242372217555,0.002459302336853756,0.0024699920011922254,0.003168635179962314,0.004013283397943369,0.013005837620791175
2022-08-31 00:00:00+00:00,95.58999633789062,-0.007503956458235095,0.0015052354357468225,0.0020218609916991476,0.002175333337541026,0.00223678077978974,0.003965091786796961,0.004586278026975506,0.005429243732619398,0.013891517782072808
2022-09-01 00:00:00+00:00,93.87000274658205,-0.018157298156756596,5.630936252708819e-05,0.0015615447982739099,0.002078170354226237,0.002258269035495665,0.004020847135127668,0.0045776497523036,0.0051303020507867765,0.01382838225387167
2022-09-02 00:00:00+00:00,95.58999633789062,0.018157298156756596,0.0003296874763533565,0.00038599683888044384,0.0018912322746272678,0.0025613301764214696,0.0026227776186701864,0.004361224275819492,0.005385091990791763,0.013874568887010016
2022-09-06 00:00:00+00:00,94.9499969482422,-0.006717768647467537,0.0003296874763533565,0.000659374952706713,0.0007156843152338018,0.0027375453069329488,0.0029176439882023794,0.0046807761020307625,0.005389554930942939,0.014145510194287654
2022-09-07 00:00:00+00:00,94.13999938964844,-0.008567375628061313,4.512841560089782e-05,0.0003748158919542534,0.0007045033683076115,0.002266048166581521,0.002936146068375726,0.004725350503435278,0.005347090757810206,0.013117407687864714
2022-09-08 00:00:00+00:00,94.91000366210938,0.008146083237923207,7.339992515229899e-05,0.00011852834075319594,0.00044821581710655393,0.0008342126559869971,0.0028560736476861475,0.003070993435776739,0.00535555304576351,0.0131756178395282
2022-09-09 00:00:00+00:00,96.5,0.016613895617465957,6.635867211917345e-05,0.00013975859727147156,0.0001848870128723709,0.0008442619655790824,0.0024058067638529947,0.0031025310010747487,0.004875798765045218,0.012783432145530143
2022-09-12 00:00:00+00:00,97.61000061035156,0.011436945094894568,0.0002760215275880545,0.0003423801997072271,0.0004157801248595276,0.0007905960168137804,0.0011765928556942268,0.0033519261932352514,0.005141684642491187,0.012924491933684489
2022-09-13 00:00:00+00:00,95.33000183105467,-0.02363537772680946,0.00013080371310363292,0.00040682524069168656,0.0004731839128108615,0.0005917122535640568,0.0012510872062707714,0.0033292575604970073,0.005271934341398438,0.011006097990756388
2022-09-14 00:00:00+00:00,97.66999816894533,0.024249854998999787,0.0005586310802889607,0.0006894347933925928,0.0009654563209806487,0.0011052149182521195,0.0014800308102063757,0.003371263084833642,0.0041028084288765605,0.010909324821558725
2022-09-15 00:00:00+00:00,94.83000183105467,-0.029508596507576534,0.000588055467472515,0.0011466865477614747,0.0012774902608651093,0.0016198704605723357,0.0017383988013255343,0.0024540831165593344,0.004656042789527912,0.011478466273363925
2022-09-16 00:00:00+00:00,93.20999908447266,-0.01723083195358388,0.000870757267846958,0.001458812735319472,0.0020174438156084344,0.0024242690563001205,0.0025640276535715944,0.0032685310218792045,0.0055001737219473185,0.011262864773626322
2022-09-19 00:00:00+00:00,93.1999969482422,-0.0001073133035021101,0.0002969015698126473,0.0011676588376596042,0.001755714305132121,0.0024451490985247133,0.002787529298231943,0.003235745115338495,0.005643602945918088,0.009711664739364106
2022-09-20 00:00:00+00:00,92.44000244140624,-0.008187877130470866,1.1516145108535996e-08,0.00029691308595775485,0.0011676703538047145,0.0023143569015661885,0.0027211821422578777,0.0029060691551302475,0.005126988906110871,0.009505819396864991
2022-09-21 00:00:00+00:00,90.9499969482422,-0.016249940406997787,6.704133190368783e-05,6.705284804879538e-05,0.0003639544178614443,0.0018227671531809157,0.0025122019465735113,0.002927982071433037,0.003688794802267736,0.009541085030794913
2022-09-22 00:00:00+00:00,90.56999969482422,-0.004186842392538637,0.0002640605632309794,0.00033110189513466625,0.0003311134112797764,0.0014987722489393802,0.0026454587967008575,0.0031186427095117176,0.0038965460029716276,0.009471374199188906
2022-09-23 00:00:00+00:00,85.75,-0.05468694297130572,1.7529649219958654e-05,0.0002815902124509371,0.00034863154435462655,0.0006455446303123807,0.002104357365631856,0.003069813686612503,0.00358438817583823,0.009399628747338074
2022-09-26 00:00:00+00:00,83.9800033569336,-0.020857370816990795,0.002990661731546844,0.0030081913807668017,0.0032722519439977826,0.003339304792046577,0.004506963629706184,0.005784453890571292,0.006245362431031717,0.012035039434525207
2022-09-27 00:00:00+00:00,85.73999786376953,0.020740721025557463,0.00043502991739745924,0.003425691648944302,0.003443221298164262,0.0037743231932989276,0.004071236279256686,0.006088680094865119,0.006635263932828279,0.012395171815574296
2022-09-28 00:00:00+00:00,88.86000061035156,0.035742668121833354,0.0004301775086600014,0.0008652074260574597,0.0038558691576043055,0.004137459370055241,0.00420451221810404,0.005960226523236159,0.006992041516335981,0.012500124788032115
2022-09-29 00:00:00+00:00,88.68000030517578,-0.002027716187024353,0.0012775383244675222,0.0017077158331275228,0.002142745750524984,0.005150937131291784,0.005482039026426453,0.006649709380231166,0.008203221168684329,0.013690070523766007
2022-09-30 00:00:00+00:00,87.30999755859375,-0.015569412329213606,4.111632935120581e-06,0.001281649957402642,0.001711827466062645,0.005137519115006946,0.005419109327457886,0.0057830637453193294,0.007931311274031396,0.013629244519502133
2022-10-03 00:00:00+00:00,91.91999816894533,0.051453637760198845,0.00024240660027706864,0.0002465182332121883,0.0015240565576797123,0.0023892639837371707,0.005397455364503975,0.0057285687757837505,0.00804291416120483,0.013325538166941738
2022-10-04 00:00:00+00:00,95.2699966430664,0.03579631686227813,0.0026474768387577605,0.0028898834390348282,0.0028939950719699507,0.004601710905097472,0.008027402554041777,0.008376034098396403,0.010131759919673631,0.015962879355557413
2022-10-05 00:00:00+00:00,99.12000274658205,0.03961633454786373,0.0012813763009046177,0.0039288531396623775,0.0041712597399394475,0.005452909697342088,0.006318117123399551,0.009590369067397332,0.010825080753105733,0.01724370164226565
2022-10-06 00:00:00+00:00,102.05999755859376,0.02922958668398845,0.0015694539630082614,0.002850830263912878,0.005498307102670641,0.005744825335882827,0.007452541169010353,0.010895762467174615,0.011523777448267037,0.01708539861246307
2022-10-07 00:00:00+00:00,101.02999877929688,-0.010143361357481062,0.000854368737716795,0.0024238227007250556,0.003705199001629675,0.006595082440664502,0.007876732398067148,0.01173260155567145,0.012081244616171185,0.017904946243358703
2022-10-10 00:00:00+00:00,98.83999633789062,-0.02191514628753488,0.00010288777962844006,0.0009572565173452342,0.002526710480353497,0.006455563620015873,0.006702081853228065,0.008844827603753045,0.012184120879654516,0.017981207687559588
2022-10-11 00:00:00+00:00,98.0,-0.00853486539895254,0.0004802736368040539,0.0005831614164324931,0.00143753015414929,0.004288360418062167,0.0071782438570969975,0.008890071323159643,0.012597353184554882,0.018308008978521768
2022-10-12 00:00:00+00:00,98.43000030517578,0.00437816007098224,7.284392737823731e-05,0.0005531175641822904,0.0006560053438107321,0.0030798280445357862,0.007008681184198166,0.008532737741877877,0.012406136548702141,0.01786422734994768
2022-10-13 00:00:00+00:00,101.87000274658205,0.03435187882205781,1.916828560714321e-05,9.201221298537964e-05,0.0005722858497894354,0.0015295423671346682,0.00438037263104755,0.007274367703017499,0.012407775185089325,0.016378160199808
2022-10-14 00:00:00+00:00,99.19000244140624,-0.02666029019227878,0.001180051578605344,0.0011992198642124864,0.0012720637915907256,0.0018552252080232174,0.004279047908748276,0.008450307648687722,0.010597165032147826,0.017501902415886256
2022-10-17 00:00:00+00:00,100.62000274658205,0.014313844988420144,0.0007107710731365161,0.0018908226517418592,0.0019099909373490043,0.0024631085015312934,0.003420365018876531,0.008918672121547169,0.010872906187886881,0.017882986012669414
2022-10-18 00:00:00+00:00,100.8000030517578,0.0017873135528887474,0.00020488615835252046,0.0009156572314890357,0.0020957088100943813,0.00218772102307976,0.002770882439512256,0.006476081441141929,0.010647614837579401,0.017758184694668576
2022-10-19 00:00:00+00:00,103.79000091552734,0.029231249885514288,3.194489736339797e-06,0.00020808064808885938,0.0009188517212253772,0.0021180715854378623,0.0026711891496201557,0.005197899629973651,0.009373271002848219,0.01771625076880402
2022-10-20 00:00:00+00:00,103.93000030517578,0.0013479627385324378,0.000854465969869379,0.000857660459605718,0.0010625466179582403,0.002953369269700098,0.0030453814826854808,0.004482911636834769,0.010223625339782477,0.0184973168135211
2022-10-21 00:00:00+00:00,105.86000061035156,0.018399873658800914,1.8170035444718692e-06,0.00085628297341385,0.0008594774631501916,0.001775134694639226,0.002974354558851715,0.0036303599026624458,0.009983035743049882,0.0184327751449464
2022-10-24 00:00:00+00:00,106.5999984741211,0.0069660252221925845,0.00033855535065983574,0.00034037235420430675,0.0011948383240736875,0.0014029189721625457,0.0032937416239044084,0.0038660274736938413,0.007674114254951956,0.01849530896801818
2022-10-25 00:00:00+00:00,105.87999725341795,-0.006777145999300238,4.852550739622324e-05,0.0003870808580560581,0.0003888978616005317,0.0012465583212062485,0.002162215552695287,0.003434279344286011,0.006441263461443561,0.01841303076231077
2022-10-26 00:00:00+00:00,107.13999938964844,0.011830033337665746,4.592970789583122e-05,9.44552152920536e-05,0.0004330105659518911,0.0012892935393657397,0.001497374187454602,0.003407365124803605,0.004917739206331131,0.017900329389917643
2022-10-27 00:00:00+00:00,107.5500030517578,0.0038194993329376814,0.00013994968877028297,0.00018587939666611333,0.0002344049040623383,0.0005747772582666438,0.0014324377178723648,0.0035281465279667448,0.004203320157384618,0.017452223611215407
2022-10-28 00:00:00+00:00,110.6999969482422,0.028867928057783487,1.4588575154311393e-05,0.0001545382639245935,0.00020046797182042645,0.0005875488298764833,0.0014438318032903364,0.0023626835245157117,0.004115020952910491,0.016596054918522764
2022-10-31 00:00:00+00:00,110.80999755859376,0.0009931887691010388,0.0008333572703493631,0.0008479458455036736,0.0009878955342739583,0.0010823507495660105,0.0014227231037703203,0.002485269721728559,0.004468104586455799,0.017132510619059477
2022-11-01 00:00:00+00:00,111.91000366210938,0.009878008637765667,9.864239310684365e-07,0.0008343436942804306,0.0008489322694347438,0.0010348116661008557,0.001421892524156917,0.002281369987307107,0.004396247083008631,0.01713348552684544
2022-11-02 00:00:00+00:00,109.61000061035156,-0.020766392757611385,9.757505464777314e-05,9.856147857884071e-05,0.0009319187489282055,0.001086457012852798,0.0011809122281448545,0.0023757505522185402,0.0044746538520492605,0.017164019249589522
2022-11-03 00:00:00+00:00,111.0999984741211,0.013502066115275824,0.00043124306816337457,0.0005288181228111468,0.0005298045467422171,0.0013777503922458893,0.0015636297889120056,0.0019525276505125357,0.0037258453416072913,0.017331201754521918
2022-11-04 00:00:00+00:00,112.30999755859376,0.010832200325541663,0.00018230578938127956,0.0006135488575446532,0.0007111239121924282,0.0015454676064728574,0.001700005870397454,0.0021330164363493435,0.0031973800578520544,0.01749597789468324
2022-11-07 00:00:00+00:00,113.63999938964844,0.01177266837822355,0.00011733656389266492,0.0002996423532739436,0.00073088542143732,0.0008294469000161593,0.001677392745519836,0.0019117976495821726,0.0031098304633921992,0.01462265272702906
2022-11-08 00:00:00+00:00,114.0,0.0031628967794299356,0.0001385957207436247,0.00025593228463628877,0.00043823807401757004,0.0009670561968287156,0.0018013998911091493,0.0020018678629295738,0.003245231694399484,0.014326218530375226
2022-11-09 00:00:00+00:00,108.9000015258789,-0.04576840444383734,1.0003916037328259e-05,0.00014859963678095207,0.00026593620067361876,0.0008794850582182708,0.0009780465367971143,0.001965942071071071,0.002400769640567433,0.013906044937752554
2022-11-10 00:00:00+00:00,110.5,0.014585477007149628,0.0020947468453346696,0.002104750761371997,0.0022433464821156237,0.0025429888353895656,0.0030718069582007157,0.003920739227635458,0.004493699482357632,0.0147232534586197
2022-11-11 00:00:00+00:00,113.9499969482422,0.030744207952333014,0.00021273613952609046,0.0023074829848607594,0.0023174869008980893,0.0025734191855343765,0.003186968043079033,0.004118886792007237,0.0043678802712238856,0.014931877965210671
2022-11-14 00:00:00+00:00,113.37000274658205,-0.005102898653924548,0.0009452063226162965,0.0011579424621423861,0.0032526893074770573,0.0034012889442580083,0.003700931297531955,0.00423073584427417,0.005264561086443959,0.0156346776875499
2022-11-15 00:00:00+00:00,114.12999725341795,0.006681295243909702,2.6039574672224964e-05,0.0009712458972885206,0.0011839820368146124,0.0032887327981866083,0.0035446650828229002,0.004255788995015327,0.005244670953220352,0.013013240423464361
2022-11-16 00:00:00+00:00,112.91000366210938,-0.01074705187381575,4.46397061362904e-05,7.06792808085145e-05,0.0010158856034248123,0.0033233685882855706,0.0034719682250665255,0.004202853646503845,0.005149360970586361,0.011776503828696036
2022-11-17 00:00:00+00:00,113.05999755859376,0.0013275560269345732,0.00011549912397848662,0.00016013883011477614,0.00018617840478700243,0.0013441208669293877,0.0034488716283013875,0.0038871097023189557,0.005250271519410535,0.010322548989666261
2022-11-18 00:00:00+00:00,112.08000183105467,-0.008705711287460005,1.7624050046503093e-06,0.00011726152898313606,0.00016190123511942777,0.0011331471324079476,0.0034406301172687096,0.0037065663179423267,0.004418676654065822,0.009469942656954116
2022-11-21 00:00:00+00:00,110.97000122070312,-0.009953012853014087,7.578940902060854e-05,7.755181402525798e-05,0.00019305093800374591,0.00026373021881225954,0.0014216726809546487,0.0036650191630702702,0.004493479639155363,0.009442844286346286
2022-11-22 00:00:00+00:00,114.18000030517578,0.028516247696102504,9.906246485226362e-05,0.0001748518738728713,0.00017661427887752292,0.0003367531089922982,0.001307999006280822,0.003625485907178909,0.004494967049359854,0.009061633114394493
2022-11-23 00:00:00+00:00,113.61000061035156,-0.00500461725471979,0.0008131763826654713,0.0009122388475177341,0.000988028256538344,0.0011052897855214792,0.0011759690663299966,0.004428658373807052,0.00487690036386195,0.009801965569681728
2022-11-25 00:00:00+00:00,113.20999908447266,-0.0035270429511182755,2.5046193866239045e-05,0.0008382225765317095,0.0009372850413839745,0.0010148368554092316,0.0011749756855240106,0.0023589577223386217,0.004719640768346909,0.009807843477940824
2022-11-28 00:00:00+00:00,109.80999755859376,-0.030492915626417982,1.2440031979033114e-05,3.748622584527129e-05,0.000850662608510744,0.0010255144823836145,0.0011427760113667535,0.0021586616147915645,0.004614744236433277,0.008640231931314513
2022-11-29 00:00:00+00:00,110.54000091552734,0.006625877310816541,0.000929817903399846,0.0009422579353788782,0.0009673041292451187,0.0018795429767628517,0.001957094790788113,0.002143273195575114,0.005405966419089499,0.008859278761577842
2022-11-30 00:00:00+00:00,111.33999633789062,0.007211095176699267,4.390225013799344e-05,0.0009737201535378386,0.0009861601855168732,0.0018243827620485816,0.001999234635921456,0.0021611358710408824,0.005439864753190164,0.008698294853363316
2022-12-01 00:00:00+00:00,110.8000030517578,-0.0048617480080093145,5.1999893647415434e-05,9.590214378540801e-05,0.0010257200471852554,0.0010632062730305258,0.001975445120548263,0.0021684960585520072,0.00339711780150291,0.008747100257274392
2022-12-02 00:00:00+00:00,109.86000061035156,-0.008519968385927612,2.3636593693382537e-05,7.56364873407971e-05,0.00011953873747879196,0.0010617966728576694,0.0019000192493893817,0.0020766335282669033,0.0032080182556702016,0.007916270881098395
2022-12-05 00:00:00+00:00,106.8499984741211,-0.02778086598560936,7.258986129720597e-05,9.622645499058764e-05,0.00014822634863800448,0.0011219465021758421,0.0011594327280211164,0.002147460984559459,0.002335401794351111,0.007987043738851129
2022-12-06 00:00:00+00:00,103.87999725341795,-0.02818960712999008,0.0007717765149103871,0.0008443663762075921,0.0008680029699009761,0.0009639051136863832,0.0019061630490652647,0.0028434480904492377,0.0030811387345892737,0.00842026490310168
2022-12-07 00:00:00+00:00,103.6500015258789,-0.0022165067513526537,0.0007946539501431875,0.0015664304650535737,0.0016390203263507812,0.0017146568136915774,0.002688376967229419,0.003539039575740161,0.0038311529785961707,0.009166393345848645
2022-12-08 00:00:00+00:00,104.41999816894533,0.00740135684368326,4.9129021787918946e-06,0.0007995668523219785,0.0015713433672323671,0.0016675698222229538,0.0017634719660083646,0.0027307760952534825,0.003720566756796476,0.009125376540131605
2022-12-09 00:00:00+00:00,103.54000091552734,-0.008463190130914455,5.478008312753703e-05,5.9692985306328054e-05,0.000854346935449517,0.0016987133116571082,0.0017743497989979084,0.00276050998451478,0.0037735844349193626,0.00904020693448886
2022-12-12 00:00:00+00:00,106.08999633789062,0.024329735636273497,7.162558719200783e-05,0.000126405670319544,0.0001313185724983373,0.00169774903755191,0.0017939754925425007,0.0028196955397277548,0.0037694206130907616,0.009097243946526556
2022-12-13 00:00:00+00:00,107.25,0.010874801855839777,0.0005919360361309566,0.0006635616233229636,0.000718341706450502,0.0015179085587724796,0.002362274934980075,0.0024818136724588653,0.004262294184369455,0.00885582271230815
2022-12-14 00:00:00+00:00,106.45999908447266,-0.007393238663246038,0.00011826131540377627,0.000710197351534732,0.0007818229387267412,0.0008415159240330683,0.002407946389086645,0.002556172737724648,0.00356737911710776,0.008973097603780858
2022-12-15 00:00:00+00:00,105.44000244140624,-0.009627225236223502,5.465997793171606e-05,0.00017292129333549146,0.0007648573294664494,0.0008912629997859925,0.0016908298521079743,0.002558832822008949,0.003596992901173237,0.008930182527064802
2022-12-16 00:00:00+00:00,104.6999969482422,-0.007043005179804496,9.268346574897867e-05,0.00014734344368069386,0.0002656047590844715,0.0009291663824074341,0.0009888593677137652,0.002627879694064545,0.003677236334943182,0.008591622924650405
2022-12-19 00:00:00+00:00,105.16999816894533,0.004478982392656761,4.9603921962752954e-05,0.00014228738771173075,0.00019694736564344821,0.0009071447171781792,0.0010335503874977262,0.002604893754730092,0.0027970223535060896,0.008458921057231877
2022-12-20 00:00:00+00:00,106.69000244140624,0.01434938496503868,2.0061283273729282e-05,6.966520523648137e-05,0.00016234867098546146,0.00033526996432095194,0.0009988315876439185,0.0018531785230934343,0.0027731813866418253,0.008361645776612942
2022-12-21 00:00:00+00:00,108.05999755859376,0.012759149736310427,0.00020590484887487813,0.00022596613214860654,0.00027557005411136095,0.0004229134977920538,0.0011331108493267887,0.0012644294218251248,0.002927086341869288,0.008428954904744195
2022-12-22 00:00:00+00:00,105.87999725341795,-0.02038025440447555,0.00016279590199359044,0.0003687007508684677,0.0003887620341421984,0.0005310494218539282,0.0007039707151894227,0.0014223124216399233,0.003066245650169496,0.008581746890700457
2022-12-23 00:00:00+00:00,108.68000030517578,0.026101435947786022,0.0004153547695911451,0.0005781506715847346,0.0007840555204596143,0.0008537207256960947,0.0010010641693767915,0.0017828871081035313,0.003409010558463435,0.006902354814956933
2022-12-27 00:00:00+00:00,110.19000244140624,0.01379838328984917,0.0006812849585363765,0.0010966397281275205,0.0012594356301211126,0.0014854017622697182,0.001627689149981452,0.0023925464794479,0.003318519002089424,0.00737090363396722
2022-12-28 00:00:00+00:00,108.37999725341795,-0.016562625860197855,0.0001903953814135888,0.0008716803399499643,0.001287035109541111,0.0016557358604095775,0.001725401065646062,0.0019910058247305322,0.0027142604333598255,0.006616092692764511
2022-12-29 00:00:00+00:00,109.1999969482422,0.007537490568484628,0.0002743205753848947,0.00046471595679848255,0.0011460009153348607,0.0017241515869195942,0.0019501177190682038,0.0021470650847116505,0.0029836681065659285,0.006864373693477181
2022-12-30 00:00:00+00:00,110.3000030517578,0.010022918562946792,5.6813764069994726e-05,0.0003311343394548885,0.0005215297208684789,0.0016181694489959984,0.001986870199864469,0.0021492188708499295,0.002985701787508386,0.006876547751410886
2023-01-03 00:00:00+00:00,106.51000213623048,-0.03496505641555814,0.00010045889651946338,0.00015727266058945713,0.0004315932359743535,0.0013032735759243167,0.0018814242475090545,0.0021569943016204137,0.003014535096835842,0.006861507523951862
2023-01-04 00:00:00+00:00,106.81999969482422,0.002906274543015286,0.0012225551701431634,0.001323014066662626,0.0013798278307326222,0.0018445437875311038,0.0029411835156586278,0.0033299455498008246,0.0036451542308480484,0.008082300289090375
2023-01-05 00:00:00+00:00,109.20999908447266,0.02212745377174663,8.446431719378708e-06,0.001231001601862541,0.001331460498382006,0.0016625948378368937,0.002534275177786861,0.003318330698246474,0.0035353393471636504,0.008014957311789144
2023-01-06 00:00:00+00:00,110.52999877929688,0.012014340452320305,0.0004896242104207841,0.0004980706421401618,0.001720625812283327,0.0018778984728727833,0.002342614429671269,0.00360205005979238,0.003970303579652719,0.008405519057357666
2023-01-09 00:00:00+00:00,108.47000122070312,-0.0188133179728176,0.00014434437650426006,0.0006339685869250431,0.0006424150186444236,0.0019654290853070486,0.00229656342476194,0.0035835985343030496,0.004021964490408,0.007736687051196455
2023-01-10 00:00:00+00:00,110.08999633789062,0.014824531511666628,0.00035394093314634173,0.0004982853096506007,0.0009879095200713865,0.002218911121933927,0.002376183782523387,0.0035221846978582463,0.004326301501591589,0.008065581790476558
2023-01-11 00:00:00+00:00,111.37000274658205,0.011559836249160682,0.00021976673454039683,0.0005737076676867375,0.0007180520441909993,0.0012161226863311603,0.0025391367529937893,0.0030606664738622668,0.004526006952858257,0.00827290849303792
2023-01-12 00:00:00+00:00,113.22000122070312,0.01647482332342065,0.0001336298141074093,0.00035339654864780505,0.0007073374817941486,0.0013413060687191912,0.002572307670581735,0.003003900906556087,0.004453731918090787,0.007476720403745484
2023-01-13 00:00:00+00:00,113.1500015258789,-0.0006184538252069771,0.00027141980353792507,0.0004050496176453333,0.0006248163521857318,0.0011231016618363319,0.0016211723039764967,0.0030010001347091178,0.0045623558196351225,0.007704237957145416
2023-01-17 00:00:00+00:00,112.93000030517578,-0.0019462251270754294,3.824851339131422e-07,0.0002718022886718371,0.0004054321027792481,0.000979139770465985,0.0016131083573910313,0.0029445688557730356,0.004147383535177891,0.007652620548631914
2023-01-18 00:00:00+00:00,110.61000061035156,-0.020757654005709725,3.787792245259771e-06,4.170277379171829e-06,0.00027559008091709863,0.000628986629564903,0.0011272719392155068,0.002847897751498832,0.0034698863688867733,0.007632771747183791
2023-01-19 00:00:00+00:00,111.31999969482422,0.006398427484048064,0.00043088019982075697,0.00043466799206601567,0.00043505047719993053,0.0008401000948452631,0.0014138077625320037,0.0020562227811764255,0.003710371187293942,0.007991062085707342
2023-01-20 00:00:00+00:00,113.3499984741211,0.01807142957561858,4.093987426862163e-05,0.0004718200740893775,0.000475607866334639,0.0007474101550064754,0.0011008067036542837,0.0020887162237256686,0.0034769904861776686,0.007260225445065577
2023-01-23 00:00:00+00:00,112.76000213623048,-0.005218678301036839,0.00032657656690654197,0.0003675164411751625,0.0007983966409959212,0.0008025669183750923,0.0012076165360204287,0.0019256685802114264,0.003746753289014216,0.006792148061828931
2023-01-24 00:00:00+00:00,113.80999755859376,0.009268684651358328,2.7234603209712747e-05,0.00035381117011625365,0.000394751044384877,0.000829419036450892,0.0011012213251227322,0.001808558806916879,0.003673528995704465,0.006814469762859852
2023-01-25 00:00:00+00:00,113.20999908447266,-0.00528587683916637,8.590851516632544e-05,0.0001131431183760371,0.0004397196852825808,0.0009115397593719577,0.0009157100367511324,0.001540526388936863,0.0025368823407276274,0.00684559819489864
2023-01-26 00:00:00+00:00,117.76000213623048,0.03940418011807445,2.7940493958835457e-05,0.00011384900912515982,0.00014108361233487428,0.0005086000535100361,0.0009432680455760548,0.0013487001483553016,0.0025563764029670846,0.006801913101665468
2023-01-27 00:00:00+00:00,115.61000061035156,-0.01842621015447854,0.0015526894107776538,0.001580629904736488,0.0016665384199028154,0.002020349590019068,0.0024921696641084486,0.002767759745025546,0.003619441603323954,0.007762666476312165
2023-01-30 00:00:00+00:00,113.55999755859376,-0.01789115286068288,0.00033952522065700805,0.0018922146314346608,0.001920155125393498,0.0020332982437695343,0.0024008146849446997,0.002835865162144629,0.003814622447476702,0.007983930381565398
2023-01-31 00:00:00+00:00,116.01000213623048,0.021345102595559773,0.0003200933506843212,0.0006596185713413281,0.0022123079821189835,0.002326156991244143,0.0026799681613603995,0.003155576027695037,0.003780774865014681,0.008249363754318001
2023-02-01 00:00:00+00:00,114.73999786376952,-0.011007732145793092,0.00045561340481497256,0.0007757067554992926,0.0011152319761563024,0.00269586188089279,0.00280900499926883,0.0036074016402647497,0.004016621535289257,0.008612293693383994
2023-02-02 00:00:00+00:00,111.1500015258789,-0.03178802641740397,0.0001211701669935266,0.0005767835718084981,0.000896876922492821,0.002789091553927481,0.0029029405630526437,0.0032976916074375197,0.004004161888175374,0.00868385993841477
2023-02-03 00:00:00+00:00,111.91999816894533,0.0069036598585263675,0.0010104786235135726,0.001131648790507098,0.0015872621953220724,0.0022468807666634,0.0038275106713998907,0.00426723035668247,0.004743220708151022,0.009674277278654613
2023-02-06 00:00:00+00:00,111.7300033569336,-0.0016990373925400704,4.7660519442228306e-05,0.0010581391429558,0.001179309309949328,0.00195501606544862,0.003847230696883284,0.003988314309218157,0.004790498742459337,0.009516032949221964
2023-02-07 00:00:00+00:00,114.91999816894533,0.02815094157349307,2.8867280612493613e-06,5.05472475034768e-05,0.001061025871017051,0.0016378094428255484,0.0022974280141668797,0.003963966434069693,0.004789597678275326,0.009356123775289622
2023-02-08 00:00:00+00:00,113.91999816894533,-0.008739786587287135,0.0007924755114742206,0.000795362239535469,0.0008430227589776989,0.001974671549484796,0.002750378304984092,0.004670533430377589,0.00515119298992879,0.009733244517172697
2023-02-09 00:00:00+00:00,114.3499984741211,0.0037674755343521937,7.638386959132411e-05,0.0008688593810655438,0.0008717461091267947,0.0019298852520825938,0.0025066688238910948,0.004718976806010077,0.005186636985251493,0.009128343428227645
2023-02-10 00:00:00+00:00,119.16999816894533,0.0412871226127951,1.4193871901942348e-05,9.057774149326559e-05,0.0008830532529674876,0.0009336005004709635,0.0020652492909780645,0.0031804812671343656,0.004874254290246893,0.008952141918715998
2023-02-13 00:00:00+00:00,117.8000030517578,-0.011562732613901616,0.0017046264936439767,0.0017188203655459182,0.0017952042351372438,0.002590566474672712,0.0036487056176285147,0.004545582540121334,0.006551646180681157,0.01038244783697508
2023-02-14 00:00:00+00:00,116.41999816894533,-0.011783971008167526,0.0001336967855005841,0.00183832327914456,0.0018525171510465038,0.002721376532112047,0.002771923779615526,0.004359185974937597,0.0065994344510154155,0.01045933085840567
2023-02-15 00:00:00+00:00,116.06999969482422,-0.003010871364288903,0.0001388619727213328,0.00027255875822191603,0.0019771852518658943,0.0020677629933591587,0.002863125232894631,0.004042434542843957,0.006710355929777913,0.01049773393460754
2023-02-16 00:00:00+00:00,115.7300033569336,-0.002933533884708517,9.06534637229492e-06,0.00014792731909362683,0.0002816241045942125,0.0020004444701401296,0.0028693038512056764,0.003930329722222726,0.005166731865372554,0.00928424411083667
2023-02-17 00:00:00+00:00,111.27999877929688,-0.039210384221051164,8.605621052733043e-06,1.7670967425027096e-05,0.0001565329401463614,0.0019948562192909206,0.002085433960784189,0.0029284567197618862,0.00483581226576828,0.009284403300170026
2023-02-21 00:00:00+00:00,111.16999816894533,-0.0009889918707717271,0.0015374542307624581,0.0015460598518151902,0.0015551251981874867,0.0018276839564094018,0.003546504321955323,0.0044182504310821165,0.006053173145846416,0.0103322333205117
2023-02-22 00:00:00+00:00,109.7300033569336,-0.013037711179384459,9.781049204525607e-07,0.0015384323356829098,0.0015470379567356443,0.0016949652758292703,0.0035332885549738333,0.004416341807941319,0.005598537845951896,0.01018886704892789
2023-02-23 00:00:00+00:00,110.73999786376952,0.00916225850893948,0.0001699819127970465,0.0001709600177174982,0.0017084142484799579,0.001726085215904984,0.001998643974126903,0.0037938482092641453,0.005647349591755417,0.010004908028578596
2023-02-24 00:00:00+00:00,110.75,9.03168209287486e-05,8.394698098463391e-05,0.0002539288937816796,0.00025490699870213364,0.001800966850517323,0.0019488941696109527,0.003801411320657455,0.004720817949226477,0.009869088275022834
2023-02-27 00:00:00+00:00,110.5500030517578,-0.0018074740165632264,8.15712814267564e-09,8.395513811277572e-05,0.00025393705090982375,0.0017923693865927327,0.0018100403540177625,0.0037872256058836553,0.004673165586912392,0.009735466618043568
2023-02-28 00:00:00+00:00,109.91000366210938,-0.005806052508708248,3.2669623205512024e-06,3.2751194486930106e-06,8.722210043332844e-05,0.0002581821181508258,0.0018042419699660188,0.00208586607456023,0.0046735458211716934,0.009467313776826193
2023-03-01 00:00:00+00:00,110.88999938964844,0.008876831061034096,3.371024573387734e-05,3.697720805442767e-05,3.698536518257187e-05,0.00029091425896425057,0.0018293465946471632,0.001985879534793523,0.003914780555431351,0.009500641537426158
2023-03-02 00:00:00+00:00,111.4000015258789,0.004588627729472883,7.879812968613972e-05,0.00011250837542001619,0.00011577533774056892,0.00019973047585334378,0.0003706904935708448,0.0019258156917583299,0.003917194815526166,0.009575651874867037
2023-03-03 00:00:00+00:00,112.80999755859376,0.01257762478459501,2.1055504439687464e-05,9.985363412582632e-05,0.00013356387985970518,0.0001368389993083973,0.00039076789309007974,0.0019378058498257225,0.003924056448063911,0.009165827179485967
2023-03-06 00:00:00+00:00,113.80999755859376,0.008825403867126269,0.00015819664522205866,0.00017925214966174526,0.0002580502793478865,0.0002950274874023133,0.0003789826255150918,0.0020873968739950483,0.002377626599641993,0.009283083950439405
2023-03-07 00:00:00+00:00,111.61000061035156,-0.019519712705967862,7.78877534178873e-05,0.0002360843986399451,0.00025713990307963406,0.00036964827849964943,0.0003729233979483452,0.0006278303966504773,0.002321817567559296,0.00903439513695075
2023-03-08 00:00:00+00:00,109.9800033569336,-0.014712095533437441,0.0003810191841235232,0.00045890693754140966,0.0006171035827634698,0.0007169572168892952,0.0007539344249437258,0.001007871475853548,0.0025639747789614866,0.00938817971786456
2023-03-09 00:00:00+00:00,109.12999725341795,-0.007758754645781352,0.00021644575498498992,0.0005974649391085122,0.0006753526925264011,0.0008546048421881455,0.0009671132176081645,0.0010543353180414914,0.002771355187574182,0.009518716957683224
2023-03-10 00:00:00+00:00,107.77999877929688,-0.012447705777542062,6.019827365343371e-05,0.0002766440286384228,0.0006576632127619474,0.0008937476114018918,0.0009936012455277208,0.0010305866107102912,0.0028229478401748825,0.009550974737377824
2023-03-13 00:00:00+00:00,106.54000091552734,-0.011571591097346179,0.00015494537912425402,0.00021514365277768685,0.00043158940776267824,0.0008904963453040871,0.0010697484949658352,0.0011855238327064025,0.0014404389885366781,0.008153230705724424
2023-03-14 00:00:00+00:00,106.94000244140624,0.0037474422681409436,0.00013390172052418135,0.00028884709964843453,0.00034904537330186964,0.0009465103124103812,0.0011825947110503292,0.0013161585909100327,0.001573362604140407,0.007947607205591596
2023-03-15 00:00:00+00:00,101.62000274658205,-0.051027559156715085,1.404332355304934e-05,0.00014794504407722982,0.0003028904232014853,0.0005795344518399073,0.0010384413893813197,0.0012964916687292047,0.0014174240148964099,0.007641557178460325
2023-03-16 00:00:00+00:00,101.02999877929688,-0.005822902836492894,0.0026038117934920574,0.002617855117045106,0.002751756837569289,0.0029669004903469746,0.0035643654294554897,0.0038215053325351225,0.0039372888274038335,0.009789755567137409
2023-03-17 00:00:00+00:00,99.83999633789062,-0.01184862241572393,3.390619744323699e-05,0.0026377179909352934,0.0026517613144883445,0.002940608414136778,0.0032172524427752035,0.003834356025538672,0.003971186867718927,0.00970249159758712
2023-03-20 00:00:00+00:00,102.4499969482422,0.02580597695579545,0.00014038985315039559,0.00017429605059363171,0.002778107844085691,0.0029260528881629197,0.0031411965409406093,0.003816549233467009,0.004108309758548772,0.008832402827223942
2023-03-21 00:00:00+00:00,107.04000091552734,0.043827760035919816,0.0006659484466430459,0.0008063382997934406,0.0008402444972366793,0.0034580996142817844,0.0037469467139302215,0.004404609926692168,0.00474054795945794,0.009450690754424762
2023-03-22 00:00:00+00:00,104.58999633789062,-0.023154695180828355,0.0019208725497661702,0.002586820996409215,0.0027272108495596126,0.005364928840494905,0.0055128738845721375,0.005944463292334814,0.006582622379537971,0.01136867657612968
2023-03-23 00:00:00+00:00,103.41000366210938,-0.011346205141846255,0.0005361399089170759,0.002457012458683245,0.003122960905326293,0.0032972569559199237,0.005915112072965032,0.0062641574462669,0.007097706784015359,0.011112340973572537
2023-03-24 00:00:00+00:00,103.52999877929688,0.0011597093768296318,0.0001287363711208584,0.0006648762800379334,0.0025857488298041053,0.003392087129597545,0.006029805120532842,0.006332695543734324,0.00706824650991416,0.011164693475102072
2023-03-27 00:00:00+00:00,105.8000030517578,0.021689134281584366,1.344925838706573e-06,0.0001300812969595641,0.0006662212058766417,0.003253042202285856,0.00342733825287949,0.006179095090448778,0.006991703682334979,0.011151844529038836
2023-03-28 00:00:00+00:00,107.12000274658205,0.012399178754361806,0.00047041854588459817,0.0004717634717233039,0.000600499842844164,0.003057512301527408,0.0038638506013208515,0.006515611915809195,0.007081103044096053,0.009917636581279457
2023-03-29 00:00:00+00:00,108.95999908447266,0.017031106975633037,0.0001537396337826172,0.0006241581796672146,0.0006255031055059228,0.0012903793855438552,0.0038772003819530733,0.006655308226038762,0.00701839692289368,0.00993767942956149
2023-03-30 00:00:00+00:00,109.48999786376952,0.004852367375812072,0.0002900586048154563,0.00044379823859807264,0.0009142167844826724,0.0010442980814422357,0.0035013105401254835,0.0043415550373621615,0.007248257254055703,0.010088876061655615
2023-03-31 00:00:00+00:00,109.66000366210938,0.0015515019964293941,2.3545469149845335e-05,0.0003136040739653008,0.0004673437077479197,0.0009391071794712226,0.0016039834595091586,0.00433119430906877,0.007116857344081295,0.010103356184433162
2023-04-03 00:00:00+00:00,116.12999725341795,0.0573255262357133,2.407158444924396e-06,2.5952627594768863e-05,0.00031601123241022685,0.0009401694120774405,0.001070250709037007,0.004193211614363298,0.006985362782002037,0.010097157721825355
2023-04-04 00:00:00+00:00,115.0199966430664,-0.009604232506783106,0.003286215958201454,0.0032886231166463775,0.0033121685857962243,0.0037559668243942962,0.0042277302961176025,0.006813479125921706,0.010257535416650441,0.011845919449264351
2023-04-05 00:00:00+00:00,116.98999786376952,0.016982445699611937,9.22412820443493e-05,0.003378457240245802,0.003380864398690728,0.0036944684726560283,0.004318626652323246,0.004984847858199885,0.007745964905202733,0.011937182626388248
2023-04-06 00:00:00+00:00,115.0500030517578,-0.016721599792703046,0.00028840346194026795,0.0003806447439846164,0.003666860702186072,0.00369281332978084,0.004136611568378915,0.004737111411223078,0.008000462169699765,0.012055604175531469
2023-04-10 00:00:00+00:00,114.54000091552734,-0.004442728048075217,0.00027961189962732655,0.0005680153615675936,0.0006602566436119447,0.003948879760258321,0.004262483834223624,0.0048879869397295455,0.008139684216176696,0.01225126909417416
2023-04-11 00:00:00+00:00,115.3499984741211,0.007046856432719295,1.9737832509154232e-05,0.00029934973213647994,0.0005877531940767496,0.003966210434322551,0.003992163061917322,0.004906379846399993,0.007493473602042804,0.012270998769555173
2023-04-12 00:00:00+00:00,115.2300033569336,-0.0010408112331248276,4.965818558335731e-05,6.939601809251067e-05,0.00034900791771983895,0.0007296526617044545,0.004018275778350834,0.004485619486098752,0.005622259237859991,0.012317389992817979
2023-04-13 00:00:00+00:00,115.7699966430664,0.00467527506267551,1.0832880229988242e-06,5.0741473606355266e-05,7.047930611551122e-05,0.000638494667683104,0.004016951907928909,0.004332963140339134,0.005087202616965914,0.012284763035107102
2023-04-14 00:00:00+00:00,116.0500030517578,0.0024157237963073896,2.1858196911675496e-05,2.2941484934673454e-05,7.25996705180325e-05,0.0003719494026545115,0.0007525941466391305,0.004064762732435352,0.004980324442756732,0.012227823102332636
2023-04-17 00:00:00+00:00,114.6999969482422,-0.011701161488475442,5.835721460045787e-06,2.7693918371720414e-05,2.8777206394720975e-05,9.817322448723078e-05,0.000666188586054827,0.004047052984745554,0.00498481523837807,0.012212603319352996
2023-04-18 00:00:00+00:00,116.94000244140624,0.01934100609605771,0.00013691718017938082,0.00014275290163942572,0.00016461109855110296,0.00021535257215745735,0.0005147023042939399,0.004181563006480009,0.004651313872672853,0.012191323854310317
2023-04-19 00:00:00+00:00,116.56999969482422,-0.00316905531117051,0.0003740745168077415,0.0005109916969871215,0.0005168274184471689,0.0005397689033818416,0.0006091649214743549,0.0012694215650862978,0.004871648755697977,0.01248751061770017
2023-04-20 00:00:00+00:00,115.63999938964844,-0.00801003644366638,1.0042911565258018e-05,0.00038411742837299865,0.0005210346085523812,0.0005487285269241008,0.0005994700005304587,0.0011872231946072065,0.004591633062447779,0.012116534345141906
2023-04-21 00:00:00+00:00,116.01000213623048,0.00319450083139472,6.416068382886354e-05,7.420359539412069e-05,0.00044827811220186394,0.0005910310138412889,0.0006139724987759649,0.0009629804164958021,0.0046322482771267975,0.011964249273985778
2023-04-24 00:00:00+00:00,118.1999969482422,0.018701666451895527,1.0204835561781556e-05,7.436551939064423e-05,8.440843095590399e-05,0.0005954001279430246,0.0006230940463147476,0.0006935733524302571,0.004640045954243654,0.011914255835894129
2023-04-25 00:00:00+00:00,116.5199966430664,-0.01431517587210518,0.0003497523280779546,0.0003599571636397353,0.00042411784746860056,0.0008082352758415984,0.0009509881774810268,0.0010235878479990575,0.0017035823241201556,0.012109062784847828
2023-04-26 00:00:00+00:00,115.4499969482422,-0.009225393914382707,0.00020492426024930227,0.000554676588327256,0.0005648814238890393,0.0006390850192831591,0.0011500767162702832,0.0011788539226650024,0.0018162653023251086,0.01218008532457295
2023-04-27 00:00:00+00:00,116.83000183105467,0.011882393034953864,8.510789287552948e-05,0.00029003215312483087,0.0006397844812027873,0.0007141500005934307,0.0010982674289664318,0.001262878527517533,0.00161296973326037,0.012251149893895428
2023-04-28 00:00:00+00:00,118.33999633789062,0.012841903901017915,0.0001411912642371201,0.00022629915711264872,0.0004312234173619527,0.0007911805810016871,0.0008653841763958105,0.0013822115948429778,0.0014745490978701637,0.009788529364640492
2023-05-01 00:00:00+00:00,114.66999816894533,-0.031503384220710196,0.00016491449580297913,0.0003061057600400984,0.0003912136529156296,0.0009458902412428847,0.0010202557606335317,0.001541290369185911,0.0016197257611639884,0.009919537663000234
2023-05-02 00:00:00+00:00,110.0999984741211,-0.040669392212570266,0.000992463217357692,0.0011573777131606703,0.0012985689773977922,0.001588601130522622,0.0019485582941623602,0.002396836406364222,0.002562530792938323,0.010771611027207532
2023-05-03 00:00:00+00:00,107.93000030517578,-0.019906158204817892,0.0016539994629398709,0.002646462680297562,0.0028113771761005433,0.0030376763332131906,0.00359235292154045,0.0036767613524963517,0.004215446967855195,0.011759662043504355
2023-05-04 00:00:00+00:00,106.04000091552734,-0.01766648161017237,0.0003962551344752387,0.0020502545974151088,0.0030427178147728025,0.0033488235748129,0.003638855727937734,0.004062973575406332,0.004589843905418759,0.010235044628213424
2023-05-05 00:00:00+00:00,108.68000030517578,0.024591397311551688,0.0003121045724825585,0.0007083597069577963,0.002362359169897669,0.003519736883058338,0.0037460360401709897,0.004310917464060027,0.004896112756441271,0.010011009291778906
2023-05-08 00:00:00+00:00,109.11000061035156,0.003948765894749684,0.0006047368217345916,0.0009168413942171492,0.0013130965286923897,0.003959559208989951,0.004265664969030052,0.004905449450232837,0.005363932397996482,0.010487009742392639
2023-05-09 00:00:00+00:00,109.13999938964844,0.0002749029047945939,1.559275209153827e-05,0.0006203295738261291,0.0009324341463086892,0.002982688743723797,0.004140066456884471,0.004571289874246421,0.005005450633280279,0.010501257568645471
2023-05-10 00:00:00+00:00,107.73999786376952,-0.012910558740970579,7.557160706450556e-08,1.566832369860191e-05,0.0006204051454331953,0.0013287648523909905,0.003975227532688555,0.004366441185604183,0.004995483293322085,0.010030914594367937
2023-05-11 00:00:00+00:00,105.79000091552734,-0.018264891771863745,0.00016668252700405184,0.00016675809861111548,0.00018235085070265547,0.0010991922449198035,0.0031494468423349156,0.004448015819732705,0.005098005136497274,0.010043857487589373
2023-05-12 00:00:00+00:00,105.77999877929688,-9.45515550627718e-05,0.00033360627143789594,0.0005002887984419469,0.0005003643700490131,0.001120693943875141,0.0018290536508329405,0.004640430826933481,0.0054214065723733875,0.010087405154211812
2023-05-15 00:00:00+00:00,105.06999969482422,-0.006734662301631111,8.939996564788367e-09,0.00033361521143445983,0.0005002977384385134,0.0005159660621371142,0.0014328074563542666,0.004475525271127067,0.005071663184291998,0.010063868625058533
2023-05-16 00:00:00+00:00,102.5199966430664,-0.024568923044497204,4.535567631701126e-05,4.5364616313575236e-05,0.0003789708877514729,0.0005457289863625872,0.0011660585601887194,0.003528417730086386,0.004912094600359707,0.01010681714293062
2023-05-17 00:00:00+00:00,104.81999969482422,0.022186721710905744,0.0006036319795664258,0.0006489876558834363,0.0006489965958800027,0.0011492853943219485,0.0011649537180205534,0.002478050246712941,0.005430618687050604,0.00742423316429559
2023-05-18 00:00:00+00:00,105.7699966430664,0.009022303139317067,0.0004922506202771763,0.0010958825998436013,0.0011412382761606143,0.001474853487595073,0.0016416115862061915,0.002574045732514879,0.00578167804309066,0.007824242502528417
2023-05-19 00:00:00+00:00,106.26000213623048,0.004622047524692974,8.140195393773061e-05,0.0005736525742149061,0.0011772845537813335,0.0012226491700949075,0.0017229379685368574,0.002343343113970051,0.005698165501225411,0.00761724099452588
2023-05-22 00:00:00+00:00,104.97000122070312,-0.012214334449829778,2.1363323320520444e-05,0.00010276527725825029,0.0005950158975354283,0.001244003553418863,0.001577618764853326,0.0017599696155559796,0.004727065607188239,0.007358992418219075
2023-05-23 00:00:00+00:00,106.4000015258789,0.013530984571737292,0.0001491899660522985,0.00017055328937281818,0.0002519552433105505,0.0013478378431541504,0.0013932024594677287,0.00189356682951674,0.003222256110300667,0.007488444551762218
2023-05-24 00:00:00+00:00,107.58999633789062,0.011122081319669519,0.00018308754348059263,0.00033227750953289034,0.00035364083285341255,0.0009272934070683174,0.0015762810629517563,0.002076578801390268,0.003009088519306021,0.007621873909659453
2023-05-25 00:00:00+00:00,105.66000366210938,-0.01810124617263753,0.00012370069288134166,0.0003067882363619335,0.0004559782024142337,0.0005587434796724827,0.0016546260795160868,0.002033596967267558,0.0028206846397048043,0.007744491314517796
2023-05-26 00:00:00+00:00,104.97000122070312,-0.006551819718769281,0.00032765511300242485,0.0004513558058837657,0.0006344433493643601,0.000804996638737177,0.001378649212952086,0.0020276458088320866,0.0025436029309726374,0.008050288230608545
2023-05-30 00:00:00+00:00,104.04000091552734,-0.008899157296559324,4.2926341627253974e-05,0.00037058145462967807,0.0004942821475110214,0.0008265596570439104,0.0009293249343021637,0.002070563210462776,0.002570936520508353,0.008087378850775755
2023-05-31 00:00:00+00:00,102.18000030517578,-0.018039482490912917,7.919500058890505e-05,0.00012212134221615826,0.00044977645521858487,0.0007565646915805171,0.0009271179809533382,0.0021044025347346697,0.0026500559494901936,0.008029656671185279
2023-06-01 00:00:00+00:00,103.36000061035156,0.011482079050094463,0.0003254229285399537,0.00040461792912885796,0.00044754427075611373,0.0008989000766398781,0.0012311775861727713,0.0018261934837081977,0.0028087963510260955,0.00798100508291749
2023-06-02 00:00:00+00:00,105.76000213623048,0.022954350362831555,0.00013183813931261814,0.0004572610678525711,0.0005364560684414779,0.0009070375230711546,0.001213825759433091,0.0014657810027436395,0.0026070282189008176,0.00810280031066485
2023-06-05 00:00:00+00:00,105.29000091552734,-0.004453939738266577,0.0005269022005796252,0.0006587403398922425,0.000984163268432198,0.0011062846106483551,0.0015576404165321236,0.001911281249385534,0.003133921479483878,0.008565541827415611
2023-06-06 00:00:00+00:00,106.1500015258789,0.008134745960046708,1.9837579192110143e-05,0.0005467397797717347,0.0006785779190843545,0.0010831958482132112,0.0014537773028428919,0.0019097555052571239,0.003108403382358977,0.008575174571045941
2023-06-07 00:00:00+00:00,108.52999877929688,0.022173418686306512,6.617409183449623e-05,8.601167102660562e-05,0.0006129138716062326,0.0010701749394588023,0.0011922962816749635,0.0018267396310393217,0.0025709454946270475,0.008291596334802483
2023-06-08 00:00:00+00:00,108.19000244140624,-0.0031376579449178266,0.0004916604962382468,0.0005578345880727423,0.0005776721672648541,0.0012364125071570955,0.001641030436285956,0.002135312583796976,0.0025703553705881178,0.008578332570791427
2023-06-09 00:00:00+00:00,107.38999938964844,-0.0074219010787750506,9.84489737930596e-06,0.000501505393617552,0.0005676794854520498,0.0011144192652237832,0.001571680333076357,0.00202145678829494,0.0024987983140296933,0.008503069575295204
2023-06-12 00:00:00+00:00,106.41999816894533,-0.009073550224323768,5.508461562312226e-05,6.492951300242757e-05,0.000556590009240676,0.0006426016802672802,0.0013013420201595256,0.0017488862909156376,0.002532519606332295,0.008416962926681204
2023-06-13 00:00:00+00:00,106.44000244140624,0.0001879570841154532,8.23293136733259e-05,0.0001374139292964475,0.00014725882667575508,0.000705093414748496,0.0012518331945202334,0.0017882892629617095,0.0024656589539533225,0.008334377744551551
2023-06-14 00:00:00+00:00,105.16000366210938,-0.012098434360566124,3.532786546918355e-08,8.236464153879443e-05,0.0001374492571619183,0.000638954650779469,0.0007249663218060775,0.0017091295902382736,0.0022826067383381987,0.007341949855059329
2023-06-15 00:00:00+00:00,105.88999938964844,0.006917778992501233,0.00014637211397692705,0.00014640744184239555,0.0002287367555157231,0.0002936662685181493,0.0008515008565908944,0.0015300787756752467,0.0023052781594337843,0.005834322506096386
2023-06-16 00:00:00+00:00,105.12999725341795,-0.00720316021618661,4.785566618909138e-05,0.00019422778016601775,0.00019426310803148856,0.00033167703732793464,0.0008331824309454896,0.00144609630255172,0.0020254787126204508,0.005485923037810239
2023-06-20 00:00:00+00:00,102.72000122070312,-0.023190801636718383,5.1885517100053534e-05,9.974118328914423e-05,0.00024611329726607293,0.00032847793880486597,0.00039340745180729635,0.0009710796190721484,0.0020344378880932505,0.005225703982427733
2023-06-21 00:00:00+00:00,103.87000274658205,0.011133291856772587,0.0005378132805536201,0.000589698797653673,0.000637554463842766,0.0007839619056851602,0.0009213758349816104,0.0014890553204336583,0.0024930561680579656,0.005158780441246761
2023-06-22 00:00:00+00:00,103.3000030517578,-0.005502738013952957,0.0001239501875680788,0.0006617634681216982,0.0007136489852217535,0.0009078767653877698,0.0009902414069265669,0.0015468314161672409,0.0022915834270860907,0.005267137876723302
2023-06-23 00:00:00+00:00,102.4000015258789,-0.008750678161693948,3.0280125650202934e-05,0.00015423031321828108,0.0006920435937719028,0.0007917847770610457,0.000938192218903444,0.0010854510455791972,0.0021900254134236755,0.005297342430766441
2023-06-26 00:00:00+00:00,104.29000091552734,0.01828876140522162,7.657436828954737e-05,0.00010685449393974965,0.00023080468150783008,0.0008205034791615017,0.0010147312593275222,0.0011521805164894385,0.0017396975811335975,0.005207234272051936
2023-06-27 00:00:00+00:00,104.5500030517578,0.002489966152309897,0.0003344787937371239,0.0004110531620266706,0.0004413332876768752,0.0011030967557985722,0.001202837939087719,0.00143157469460344,0.0020543387956786113,0.005208106794351164
2023-06-28 00:00:00+00:00,105.4000015258789,0.008097195520191391,6.199931439648953e-06,0.0003406787251767722,0.0004172530934663212,0.0005714834066846009,0.0011611822043382767,0.0013554453123697633,0.001994364635283764,0.005214297785794249
2023-06-29 00:00:00+00:00,106.6999969482422,0.0122584791221243,6.556457529220753e-05,7.176450673185583e-05,0.0004062433004689814,0.0005130977944087297,0.0011748612625304307,0.0014209745597965017,0.0015682687143377249,0.005234506684769445
2023-06-30 00:00:00+00:00,107.25,0.005141428101710588,0.00015027031038755733,0.0002158348856797642,0.0002220348171194148,0.0006330879791460842,0.0007873182923643679,0.0014248727562071318,0.0017086941273459764,0.004781145015590576
2023-07-03 00:00:00+00:00,107.45999908447266,0.001956118972845644,2.6434282925059338e-05,0.00017670459331261602,0.00024226916860482518,0.000582947893781596,0.0006898023877213485,0.0014034513729430998,0.0016800437946479132,0.0043153286782384595
2023-07-05 00:00:00+00:00,106.91000366210938,-0.005131283501430772,3.826401435926698e-06,3.0260684360985387e-05,0.00018053099474854434,0.00025229550148039886,0.0006633486635070722,0.001355392257278973,0.001601540882410514,0.004237753125736655
2023-07-06 00:00:00+00:00,102.91999816894533,-0.03803542365704615,2.6330070372055646e-05,3.015647180798169e-05,5.6590754733042656e-05,0.00027242564041280554,0.0006131043655895806,0.0008439090470974085,0.0016278356249171005,0.0042427198727881905
2023-07-07 00:00:00+00:00,103.16000366210938,0.002329246889964054,0.001446693452770986,0.001473023523143041,0.0014768499245789693,0.001653554517891584,0.0017253190246234427,0.0021666523123003156,0.00292815696371116,0.005540223359506878
2023-07-10 00:00:00+00:00,104.69000244140624,0.014722409139142911,5.425391074407217e-06,0.0014521188438453927,0.0014784489142174498,0.001508709598578434,0.0017245444842582012,0.00214179757772452,0.0028857266885964753,0.005362561207100693
2023-07-11 00:00:00+00:00,105.97000122070312,0.012152421054469897,0.0002167493308603187,0.00022217472193472528,0.0016688681747057128,0.0016990246465136932,0.001875729239826312,0.0022819725402952917,0.0030505905023567406,0.0054556098450796705
2023-07-12 00:00:00+00:00,106.48999786376952,0.004895017260834855,0.00014768133748512325,0.0003644306683454413,0.00036985605941985,0.0018428795825628898,0.001873140266923878,0.002095175084043291,0.0026604585592882434,0.005275636069562368
2023-07-13 00:00:00+00:00,104.54000091552734,-0.01848128192445575,2.396119398387117e-05,0.00017164253146899377,0.000388391862329314,0.0018405107061747054,0.00187066717798269,0.0021129363465875128,0.0025604695657040362,0.005256670921918985
2023-07-14 00:00:00+00:00,100.94000244140624,-0.03504347694362764,0.00034155778157121485,0.0003655189755550854,0.0005132003130402102,0.0007353750349749341,0.0022083985581179784,0.0023889295528665205,0.002871747221625048,0.005519033702901296
2023-07-17 00:00:00+00:00,101.37999725341795,0.004349500853428445,0.0012280452762985618,0.001569603057869776,0.0015935642518536486,0.0019579949201990886,0.003410113764044484,0.0034667045187775246,0.0040232181296340624,0.006421656050659903
2023-07-18 00:00:00+00:00,100.91999816894533,-0.004547700323020543,1.8918157673974772e-05,0.0012469634339725359,0.0015885212155437522,0.0017601637470127445,0.001982338468947473,0.0034591883935264404,0.0037076574935709134,0.00630873606902126
2023-07-19 00:00:00+00:00,101.62000274658205,0.006912287564321495,2.068157822800115e-05,3.9599735901975274e-05,0.0012676450122005385,0.0016331639877556225,0.001997594656101067,0.003476043570318515,0.003722139140359265,0.005802515446669636
2023-07-20 00:00:00+00:00,103.41000366210938,0.017461311416823833,4.777971937187359e-05,6.846129759987409e-05,8.737945527385038e-05,0.001656982513143625,0.0018286250446126217,0.003497493219318333,0.0037043542844389316,0.0058304575868494
2023-07-21 00:00:00+00:00,103.88999938964844,0.0046309365970849115,0.0003048973963953023,0.0003526771157671753,0.0003733586939951779,0.0016203221279677126,0.0019858411035228005,0.002355697162942649,0.0038589813704466764,0.006069180891410206
2023-07-24 00:00:00+00:00,105.5199966430664,0.015567835388352158,2.144557376622038e-05,0.00032634297016152205,0.00037412268953339713,0.0004137224254353711,0.00198332548330515,0.002371717345634462,0.0038539926612878375,0.005598965968938179
2023-07-25 00:00:00+00:00,105.68000030517578,0.0015151865059905845,0.0002423574986788298,0.0002638030724450495,0.0005687004688403534,0.0006371617664402262,0.001884125200412765,0.0023973255134529733,0.004092523758530741,0.005831478570237703
2023-07-26 00:00:00+00:00,105.08999633789062,-0.005598572071662922,2.2957901479359554e-06,0.000244653288826765,0.000266098862592987,0.000618775978360161,0.000658375714262139,0.0022519399661157856,0.004068489478306621,0.0057786897447625165
2023-07-27 00:00:00+00:00,105.41999816894533,0.003135263027780333,3.134400924160406e-05,3.363979938953931e-05,0.0002759972980683707,0.0006023402682298914,0.0006708015658297683,0.0022593227813735186,0.0026531400347772393,0.0057277044403307945
2023-07-28 00:00:00+00:00,104.16000366210938,-0.012024140439162778,9.8298742533663e-06,4.1173883494969655e-05,4.346967364290718e-05,0.0003072727460879554,0.0006599498618551334,0.0019275948740556702,0.002657544517956198,0.005737498986718692
2023-07-31 00:00:00+00:00,107.23999786376952,0.0291410798289089,0.00014457995330070965,0.00015440982755407525,0.00018575383679568088,0.0004304071256224447,0.0007567500957839696,0.000844129551057818,0.002585375140396589,0.005735706826042474
2023-08-01 00:00:00+00:00,106.62000274658205,-0.00579815629257574,0.0008492025335948411,0.00099378248689555,0.001003612361148918,0.001037252160538456,0.0013010552329835083,0.0016744139269786844,0.0032868963365063073,0.006537053693448224
2023-08-02 00:00:00+00:00,105.29000091552734,-0.012552680591131349,3.361861639313565e-05,0.000882821149987976,0.0010274011032886871,0.0010685749867836555,0.0013132282756104234,0.0016873509651438188,0.0032965537589155713,0.006518786792741306
2023-08-03 00:00:00+00:00,107.12000274658205,0.017231270459191705,0.00015756979002296568,0.00019118840641610058,0.0010403909400109434,0.0011948007675650174,0.0012284405669545596,0.001797141035794911,0.0031125657673673223,0.006138543302210652
2023-08-04 00:00:00+00:00,107.41999816894533,0.00279664040840899,0.00029691668163781275,0.00045448647166077764,0.0004881050880539149,0.0014818875749494638,0.001523061458444436,0.0017891603210374212,0.002181437172706573,0.006311509796280386
2023-08-07 00:00:00+00:00,107.1999969482422,-0.0020501472627501016,7.821197573946004e-06,0.000304737879211758,0.00046230766923472527,0.0013451288192227,0.001499538646776778,0.001775535944845147,0.0021703402126065446,0.006289050868204128
2023-08-08 00:00:00+00:00,107.7300033569336,0.00493190789790976,4.203103798961734e-06,1.2024301372906979e-05,0.00030894098301072133,0.0005001293894268207,0.0014939118763223735,0.0015373815499652788,0.0021538617381775048,0.006216679603713543
2023-08-09 00:00:00+00:00,109.55999755859376,0.016844194044419503,2.4323715513464664e-05,2.852681931242564e-05,3.6348016886373266e-05,0.0004908344885471497,0.0013736556385351287,0.0015594094753308076,0.0021304057343190957,0.005906524525489884
2023-08-10 00:00:00+00:00,110.12000274658205,0.00509838310498445,0.00028372687300605746,0.00030805058851952134,0.00031225369231848473,0.0006169915715302415,0.000808179977946345,0.001811792339095261,0.002109235210929851,0.006184051467056292
2023-08-11 00:00:00+00:00,111.83000183105467,0.015409172197527354,2.599351028519088e-05,0.0003097203832912476,0.0003340440988047139,0.00034606840017761966,0.0008005548718384003,0.0018279559751270854,0.0021137831474488215,0.006144480402049276
2023-08-14 00:00:00+00:00,111.91999816894533,0.0008044365831851863,0.00023744258781305,0.0002634360980982401,0.0005471629711042992,0.0005756897904167237,0.0008804276696284846,0.0019208186096394259,0.002108868236583042,0.006231652679474769
2023-08-15 00:00:00+00:00,108.16000366210938,-0.03417266784392403,6.471182163666572e-07,0.0002380897060294159,0.0002640832163146084,0.0005721338048341285,0.0005841581062070385,0.0010722631942609515,0.0021072195646514727,0.006205865514766076
2023-08-16 00:00:00+00:00,106.33999633789062,-0.016970172514462867,0.0011677712275711596,0.0011684183457875254,0.0014058609336005772,0.0017155813168918234,0.0017441081362042522,0.0022064158054389757,0.0032436467829810283,0.007369810340901309
2023-08-17 00:00:00+00:00,108.4000015258789,0.019186629443469272,0.00028798675517063095,0.0014557579827417897,0.001456405100958158,0.001719841199056397,0.0020278917875759216,0.002336832770586641,0.0035218036638982927,0.007631467025699884
2023-08-18 00:00:00+00:00,110.04000091552734,0.015015841294404808,0.000368126749401002,0.0006561135045716321,0.0018238847321427934,0.002061974438172208,0.0023716948214634586,0.0024080428383498297,0.003745350459998585,0.006552900322329899
2023-08-21 00:00:00+00:00,108.70999908447266,-0.012160166582155796,0.00022547548977875268,0.0005936022391797538,0.0008815889943503865,0.0020500073401379104,0.002313443438236154,0.0026256971305546367,0.0031216234161824965,0.0067729504210342455
2023-08-22 00:00:00+00:00,108.0999984741211,-0.005627067264445174,0.00014786965130577856,0.00037334514108453037,0.0007414718904855341,0.0021972298732273222,0.0024353195792567416,0.0027693636780614533,0.0032358744510951397,0.006704070741479705
2023-08-23 00:00:00+00:00,107.1500015258789,-0.008826974369550378,3.166388599859049e-05,0.00017953353730436818,0.0004050090270831226,0.0010611225316547535,0.002229540877442282,0.002776703848546579,0.0031099685470707644,0.006588053289993173
2023-08-24 00:00:00+00:00,106.3499984741211,-0.007494208861636764,7.791547652069929e-05,0.00010957936251928891,0.0002574490138250692,0.0008510512530048218,0.0023068092357466144,0.002570892452061221,0.0028909673419536507,0.00664200757253
2023-08-25 00:00:00+00:00,108.25,0.017707839584062413,5.6163166461835e-05,0.0001340786429825334,0.00016574252898112564,0.0005390876700656547,0.00119520117463729,0.002601062108237865,0.00293930931084154,0.006356612957420621
2023-08-28 00:00:00+00:00,109.16000366210938,0.008371362505626756,0.0003135675827348877,0.00036973074919672183,0.00044764622571742284,0.0006271797630217897,0.0012207820022015468,0.0026771871031597027,0.0032486737897774657,0.0054421352638569466
2023-08-29 00:00:00+00:00,109.80999755859376,0.005936847988391669,7.007971020061348e-05,0.0003836472929355003,0.000439810459397337,0.0005493898219166247,0.0009227349630011582,0.0027466196951439494,0.0032944297844646146,0.005493296816383586
2023-08-30 00:00:00+00:00,110.87999725341795,0.009696933294214283,3.524616403727021e-05,0.00010532587423788282,0.0004188934569727723,0.0005529720999553043,0.0007325056372596757,0.0016140946316100604,0.0030459490754958275,0.005507861402192855
2023-08-31 00:00:00+00:00,111.19000244140624,0.002791961001392451,9.403051531244146e-05,0.00012927667934971082,0.000199356389550326,0.0005690871387470465,0.0006786665012663387,0.0014201383917518708,0.003113986080523078,0.005554112198133422
2023-09-01 00:00:00+00:00,113.5199966430664,0.02073853160826644,7.795046233296338e-06,0.00010182556154573693,0.00013707172558300888,0.0005207190185185079,0.0006547976615010445,0.001059806688584165,0.002884338538943324,0.005257009847971416
2023-09-05 00:00:00+00:00,113.52999877929688,8.81051436998348e-05,0.0004300866932670663,0.00043788173950036176,0.000531912254812805,0.0006372381290506864,0.0010069688782474114,0.0012644178920724787,0.0033137781139940237,0.005665650967472262
2023-09-06 00:00:00+00:00,114.51000213623048,0.008595065656463063,7.76251634636854e-09,0.0004300944557834118,0.00043788950201670984,0.0005671661813664193,0.0009508134743019228,0.0011165560032830467,0.002146014648939211,0.005423301231309779
2023-09-07 00:00:00+00:00,113.9499969482422,-0.004902445170512415,7.387515363891083e-05,7.388291615525634e-05,0.0005039696094223244,0.00060579517096806,0.0007111210452059461,0.0011587672709233669,0.0019319030474074907,0.0054948805948007535
2023-09-08 00:00:00+00:00,115.61000061035156,0.014462734056490234,2.4033968649880502e-05,9.790912228879046e-05,9.791688480513857e-05,0.000535798624305499,0.0006650753036552131,0.0011048857630525481,0.0015878102666563691,0.00548757055420903
2023-09-11 00:00:00+00:00,114.16000366210938,-0.012621457719307116,0.00020917067638876247,0.00023320464503864211,0.0003070797986775547,0.0007371742544609652,0.0008389998160067053,0.0012578932729794758,0.001571505453266379,0.005686911356344426
2023-09-12 00:00:00+00:00,117.48999786376952,0.028752200149924967,0.0001593011949602572,0.00036847187134901875,0.000392505839998901,0.0004663887561541561,0.0009042704956545211,0.001103626885204845,0.0015829369969208576,0.005701632598003974
2023-09-13 00:00:00+00:00,116.44000244140624,-0.008977065552751462,0.0008266890134613452,0.0009859902084216015,0.0011951608848103658,0.001293070007099155,0.00172316446288257,0.001860236188465577,0.0023779621243836127,0.005679119077870478
2023-09-14 00:00:00+00:00,118.5199966430664,0.017705554537092993,8.058770593839691e-05,0.0009072767193997413,0.00106657791436,0.001299782559398641,0.0013736654755539006,0.0019055777303667036,0.0023806343538013103,0.00572608816741574
2023-09-15 00:00:00+00:00,116.6999969482422,-0.015475181239533065,0.0003134866614659743,0.00039407436740437034,0.0012207633808657171,0.001589235252214735,0.0016871443745035285,0.0021250338765202367,0.0026379578488054493,0.005882005038858748
2023-09-18 00:00:00+00:00,117.63999938964844,0.008022595355437367,0.0002394812343963961,0.0005529678958623696,0.0006335556018007681,0.0016195458102223686,0.0018527504552610138,0.0023567200646833365,0.002563871500466958,0.0058245695916173314
2023-09-19 00:00:00+00:00,117.33000183105467,-0.0026386154559396857,6.436203623708522e-05,0.00030384327063348045,0.0006173299320994563,0.0015246066514991966,0.0018930785228482186,0.0019909954076533553,0.0025581538265034296,0.005881110430280471
2023-09-20 00:00:00+00:00,116.4000015258789,-0.007957944635292868,6.962291524323796e-06,7.132432776140815e-05,0.00031080556215780586,0.0007048799295621751,0.0016908701379837797,0.001997949936661333,0.002529869953990483,0.005883869618005833
2023-09-21 00:00:00+00:00,114.76000213623048,-0.014189538678333058,6.332888281838655e-05,7.029117434270948e-05,0.00013465321057979632,0.0006876211064421648,0.0015948978258419092,0.0019874036658408083,0.0024991683214964284,0.005922874785310755
2023-09-22 00:00:00+00:00,114.94000244140624,0.0015672645923672235,0.00020134300790390985,0.0002646718907222955,0.000271634182246621,0.0005754774528801004,0.0009695518202844737,0.0021647127050948376,0.002692716283167042,0.0058404909202086075
2023-09-25 00:00:00+00:00,116.2300033569336,0.011160741217136838,2.456318302487999e-06,0.000203799326206397,0.0002671282090247852,0.00033845253678619226,0.0008914204326485647,0.0019579983470085632,0.0022650859082024633,0.005816953728225904
2023-09-26 00:00:00+00:00,116.41000366210938,0.0015474581814336474,0.00012456214451589707,0.00012701846281838424,0.0003283614707222957,0.0003986526450650041,0.0007024959156984877,0.0019232592965642032,0.0023896402902020145,0.005704073284928751
2023-09-27 00:00:00+00:00,120.1999969482422,0.03203852299323984,2.394626823285931e-06,0.00012695677133918215,0.0001294130896416718,0.0003940849803639663,0.00046540930812537744,0.0010989649099261438,0.0023181597633863894,0.005705820793535671
2023-09-28 00:00:00+00:00,119.47000122070312,-0.006091692665320281,0.0010264669555883578,0.0010288615824116428,0.0011534237269275416,0.0013572230531339374,0.0014275142274766499,0.0020448441595761046,0.0033205927503248667,0.005564516521552869
2023-09-29 00:00:00+00:00,117.58000183105467,-0.015946335499836373,3.7108719528716906e-05,0.0010635756751170738,0.0010659703019403615,0.0011929887647587445,0.0014576606554810429,0.0017684662176388473,0.0031485307934648213,0.005313638485910955
2023-10-02 00:00:00+00:00,115.62999725341795,-0.016723554159275622,0.00025428561587334173,0.00029139433540205774,0.0013178612909904171,0.0014448180623295981,0.0016486173885359983,0.001783270599115793,0.0032435152143779054,0.005199797352383294
2023-10-03 00:00:00+00:00,115.83000183105467,0.0017282003647007826,0.000279677263718225,0.0005339628795915658,0.0005710715991202845,0.001599933181531926,0.0017269516443503133,0.0019985858265969326,0.002696503464634785,0.005253999126322766
2023-10-04 00:00:00+00:00,111.5,-0.038099023852201874,2.9866765005519182e-06,0.00028266394021877605,0.0005369495560921195,0.001600525231209192,0.0017274820025483771,0.0019946102115731604,0.00261890243519694,0.005109116151517539
2023-10-05 00:00:00+00:00,108.98999786376952,-0.02276847559919659,0.0014515356184906473,0.0014545222949911983,0.0017341995587094251,0.0020255938941114815,0.0030544554765231276,0.0033828169472454213,0.003756951392221613,0.006528987884009597
2023-10-06 00:00:00+00:00,107.16999816894533,-0.0168397736615864,0.0005184034811112106,0.001969939099601857,0.0019729257761024106,0.002506888655693975,0.0035704643308110524,0.0036998774204527224,0.004035873638936428,0.006969475888600109
2023-10-09 00:00:00+00:00,110.91999816894533,0.034392862600300944,0.000283577976973459,0.0008019814580846687,0.0022535170765753177,0.0025361810167940924,0.002827575352196153,0.003980999079123693,0.004255089579672801,0.007196890699111732
2023-10-10 00:00:00+00:00,110.4499969482422,-0.004246302003785729,0.0011828689978431795,0.0014664469748166377,0.00198485045592785,0.003439372750919047,0.003973335630510616,0.005039305932450976,0.005430996285991658,0.008066192114220024
2023-10-11 00:00:00+00:00,106.48999786376952,-0.036511838268999064,1.8031080707354696e-05,0.0012009000785505332,0.001484478055523994,0.00345441715512585,0.0037370810953446286,0.0050549423863350445,0.005385698483880625,0.008014143484726765
2023-10-12 00:00:00+00:00,106.47000122070312,-0.00018779717516093086,0.0013331143337815445,0.001351145414488898,0.0025340144123320793,0.003335995870416747,0.004790518165407948,0.005361589764528231,0.00651746980975826,0.00931201165447104
2023-10-13 00:00:00+00:00,109.87000274658205,0.03143460691951461,3.526777899842535e-08,0.0013331496015605419,0.0013511806822678984,0.002817627657084535,0.004787566756686395,0.005324516312778512,0.00651504875923477,0.009218016406937595
2023-10-16 00:00:00+00:00,109.9499969482422,0.0007278155336400971,0.0009881345121843957,0.000988169779963393,0.0023212841137449395,0.0035221841922954715,0.0043241656503801434,0.006058365209089566,0.007378621126903268,0.010198355872888695
2023-10-17 00:00:00+00:00,111.38999938964844,0.013011862132787044,5.297154510078193e-07,0.0009886642276354025,0.0009886994954144029,0.0023398449099032996,0.0038062918847199404,0.00577921766082235,0.007376756215530991,0.009768798895072638
2023-10-18 00:00:00+00:00,112.9499969482422,0.013907664517662788,0.00016930855616265742,0.00016983827161366416,0.0011579727837980618,0.0024911223853586024,0.003692022463909139,0.0059455395404844555,0.006519597816105291,0.009938099688718949
2023-10-19 00:00:00+00:00,113.0199966430664,0.0006195486042264164,0.00019342313233585651,0.00036273168849851285,0.0003632614039495226,0.0013514311839129146,0.002702576598401816,0.004687427054329664,0.00667591222891243,0.010057647667415893
2023-10-20 00:00:00+00:00,111.08000183105467,-0.017314085576870752,3.838404729989008e-07,0.00019380697280885434,0.0003631155289715137,0.0013517797566069151,0.00268492935816746,0.004169407413691453,0.006422010453512087,0.010033997539239012
2023-10-23 00:00:00+00:00,109.4499969482422,-0.0147828828365002,0.0002997775593632038,0.00030016139983620165,0.00049358453217206,0.0006634228037857232,0.0016515925837491195,0.004185606996081197,0.006442110749157066,0.010124604422213452
2023-10-24 00:00:00+00:00,108.38999938964844,-0.009731967889615945,0.00021853362495769218,0.000518311184320895,0.0005186950247938957,0.0008814267132924076,0.0018700909409278131,0.00322127162319571,0.006657657697614207,0.010183836852210889
2023-10-25 00:00:00+00:00,108.58999633789062,0.0018434603080326184,9.471119900451582e-05,0.0003132448239622069,0.0006130223833254127,0.000806829356134266,0.0009766676277479334,0.003297951741492871,0.005300833278128074,0.009451859037754059
2023-10-26 00:00:00+00:00,107.5999984741211,-0.00915865495796897,3.3983459072917164e-06,9.810954491180645e-05,0.0003166431698695006,0.0006168045697057011,0.0009795362582042172,0.001968235753618618,0.004785828142924156,0.009374669677722955
2023-10-27 00:00:00+00:00,105.5500030517578,-0.019235830339412452,8.38809606391296e-05,8.727930654642022e-05,0.000181990505550938,0.0007003016898718318,0.0008941086626806894,0.0020520814464787492,0.0045861311265898265,0.009145063976896108
2023-10-30 00:00:00+00:00,105.87999725341795,0.0031215482111415227,0.00037001716884666055,0.00045389812948578906,0.00045729647539308275,0.0007705412993552886,0.0010707026991914935,0.0014339641031410142,0.0037732792975933077,0.009275599911346372
2023-10-31 00:00:00+00:00,105.8499984741211,-0.00028336825299124513,9.74406323448084e-06,0.00037976123208114033,0.0004636421927202719,0.0005617517376320773,0.0010800629219529752,0.0014431784509244872,0.003764992280120434,0.009220981938343769
2023-11-01 00:00:00+00:00,105.63999938964844,-0.0019859015141152625,8.029756680331031e-08,9.824360801283066e-06,0.00037984152964794563,0.00046712083619436474,0.0007803656601565748,0.0012739501923286333,0.0024319582439056926,0.00921409994438625
2023-11-02 00:00:00+00:00,109.11000061035156,0.032319471609642214,3.943804823765292e-06,4.0241023905675186e-06,1.3768165625050364e-05,0.00046766629511083826,0.0005657758400226479,0.001084470864816542,0.0024358667809504593,0.009154714866391626
2023-11-03 00:00:00+00:00,107.77999877929688,-0.01226445208144522,0.001044548245126469,0.0010484920499502332,0.0010485723475170386,0.0014283335795981776,0.0015156128861446012,0.002128635269470012,0.002492280513892533,0.009997920103614187
2023-11-06 00:00:00+00:00,105.87000274658205,-0.017880148881216584,0.000150416784858066,0.0011949650299845338,0.001198908834808301,0.0012087331956095832,0.0016626313250953755,0.0019792744949648743,0.002642167583299591,0.010145880570169765
2023-11-07 00:00:00+00:00,104.20999908447266,-0.01580386707932835,0.00031969972401447067,0.0004701165088725356,0.0015146647539990067,0.0015186888563895732,0.0018984500884707167,0.002080440594021653,0.002792558751151404,0.010341018149668337
2023-11-08 00:00:00+00:00,102.93000030517578,-0.012358936715573421,0.00024976221466107835,0.0005694619386755479,0.0007198787235336161,0.0017683707734838482,0.0017781951342851344,0.0022354916096782155,0.0028488978334766262,0.010588385737506131
2023-11-09 00:00:00+00:00,102.95999908447266,0.0002914058924483598,0.00015274331673954873,0.000402505531400626,0.0007222052554150989,0.0019171702853996314,0.0019211943877902023,0.0023848365805104726,0.003001257309743176,0.009714662098657323
2023-11-10 00:00:00+00:00,103.75,0.007643604715005026,8.491739415362503e-08,0.00015282823413370126,0.0004025904487947818,0.0008727069576673161,0.0019211990076175526,0.0023010405372654967,0.0027015646677741255,0.009677638296522758
2023-11-13 00:00:00+00:00,104.83999633789062,0.01045118441393722,5.842469303924706e-05,5.85096104333996e-05,0.0002112529271729505,0.0007807148658484971,0.001975679895833034,0.001989448061458083,0.0025414557358556804,0.009481777373688664
2023-11-14 00:00:00+00:00,104.29000091552734,-0.005259854612955195,0.00010922725565412427,0.00016765194869337025,0.00016773686608752603,0.0005702423974881508,0.0010403589063606895,0.002088931253877726,0.0025559717925052895,0.009311327365624563
2023-11-15 00:00:00+00:00,103.66000366210938,-0.0060591408221446486,2.766607054942604e-05,0.00013689332620354922,0.00019531801924279845,0.0003481462533764984,0.0009176081920520496,0.002116517026860349,0.0025802395171474236,0.009336006759673438
2023-11-16 00:00:00+00:00,102.45999908447266,-0.011643878514050243,3.6713187502579725e-05,6.437925805200468e-05,0.0001736065137061311,0.00023211612413952942,0.0006346216555401586,0.0021492864095391637,0.0025330717440108738,0.00792118432868537
2023-11-17 00:00:00+00:00,104.95999908447266,0.024106846897552714,0.0001355799068499609,0.00017229309435253955,0.00019995916490196777,0.0003676111135953367,0.0005204393477290412,0.0012403180712626553,0.002298634482014174,0.0075383607544241196
2023-11-20 00:00:00+00:00,104.5,-0.0043922450682822856,0.0005811400673420469,0.0007167199741920068,0.0007534331616945887,0.0008903264878981365,0.0009488360983315394,0.0016710413537466364,0.00287003048612174,0.007835922844792708
2023-11-21 00:00:00+00:00,104.45999908447266,-0.00038285716109509593,1.929181673985006e-05,0.0006004318840818959,0.000736011790931859,0.0008003910489838624,0.0009680429976772359,0.0013706334464720156,0.002889242005294787,0.006672345663689378
2023-11-22 00:00:00+00:00,104.01000213623048,-0.0043171453400256965,1.4657960580179623e-07,1.943839634565077e-05,0.0006005784636876998,0.0007728715580402381,0.0009097648842437906,0.0011210178114167393,0.002885444780076823,0.0066544611625878256
2023-11-24 00:00:00+00:00,104.56999969482422,0.005369631788365581,1.8637743886905587e-05,1.8784323492706298e-05,3.807614023255852e-05,0.000754796114424564,0.0008191753724765718,0.000986912238564096,0.0018595342788372598,0.005339984572693187
2023-11-27 00:00:00+00:00,103.95999908447266,-0.0058504997253558955,2.8832945542626144e-05,4.747068942953065e-05,4.761726903533461e-05,0.0006480491531172292,0.000820342247469772,0.0010156602667125685,0.00173795043952182,0.005368782250456815
2023-11-28 00:00:00+00:00,103.9000015258789,-0.0005772881755392589,3.422834703638941e-05,6.306129257901447e-05,8.169903646592222e-05,0.0001011374328115718,0.0008178574070035817,0.0009914639207097109,0.0014524790625437389,0.004414876085308808
2023-11-29 00:00:00+00:00,102.33999633789062,-0.015128345198023752,3.332616376174462e-07,3.456160867400577e-05,6.339455421663408e-05,8.21788777093392e-05,0.0006826107617912382,0.000882569926693204,0.0012030501095202776,0.004414679631495418
2023-11-30 00:00:00+00:00,102.73999786376952,0.003900936653342235,0.0002288668284305683,0.00022920009006818467,0.00026342843710457623,0.0003108991265341057,0.0003303375228797596,0.0010837706845743464,0.0012791736212112974,0.004474237903763329
2023-12-01 00:00:00+00:00,102.98999786376952,0.0024303711490611946,1.5217306773388918e-05,0.00024408413520395615,0.00024441739684157574,0.00030747868942058906,0.00032626301291329844,0.0010622748038451556,0.0012943060105905326,0.004296032078200861
2023-12-04 00:00:00+00:00,102.43000030517578,-0.00545223396779182,5.906703922189031e-06,2.1124010695576867e-05,0.0002499908391261473,0.0002845524478001519,0.0003320231372296857,0.0009326016009173836,0.0012417880214734744,0.004301554941650051
2023-12-05 00:00:00+00:00,100.44000244140624,-0.019619082831307644,2.972685523954293e-05,3.563355916173088e-05,5.0850865935121964e-05,0.0002800509560033055,0.00034311224858232304,0.0003811883888148796,0.0011622876210588932,0.00403150423752639
2023-12-06 00:00:00+00:00,99.11000061035156,-0.013330208019553424,0.00038490841114171035,0.0004146352663812522,0.0004205419703034434,0.0006646261055073984,0.0006991877141814072,0.0007468049832167399,0.0015195299616511775,0.0041978790237104085
2023-12-07 00:00:00+00:00,98.41999816894533,-0.006986333743607354,0.00017769444584456642,0.0005626028569862757,0.0005923297122258208,0.0006134537229213965,0.0008426538129895842,0.0009243528494555046,0.0016605112199931642,0.004280862270550459
2023-12-08 00:00:00+00:00,99.5500030517578,0.011416044332397846,4.880885917706674e-05,0.00022650330502163208,0.0006114117161633446,0.0006470452753250743,0.0008911294105290336,0.0009545239647456657,0.0015737401723202702,0.004326272783820234
2023-12-11 00:00:00+00:00,99.62000274658205,0.0007029140499934527,0.00013032606819927297,0.00017913492737633863,0.0003568293732209072,0.0007714646396021583,0.0007925886502977382,0.0010560170874023126,0.001122926173177496,0.004372717891380377
2023-12-12 00:00:00+00:00,98.0500030517578,-0.01588539144886525,4.940881616781982e-07,0.0001308201563609501,0.000179629015538019,0.0007422318725242935,0.0007778654316860275,0.0010222828285276011,0.0011041284445993242,0.004003194810695395
2023-12-13 00:00:00+00:00,98.91999816894533,0.008833840375895186,0.0002523456614836812,0.0002528397496453583,0.00038316581784463347,0.0006096691228662643,0.0010243043892475198,0.001274295228373665,0.0013563275264772035,0.004245796408944595
2023-12-14 00:00:00+00:00,101.58000183105467,0.026535259256083243,7.803673578679599e-05,0.00033038239727047617,0.00033087648543215646,0.0005100114128084939,0.0010726142697947728,0.0011234651357298927,0.001415726518377094,0.004323752847164588
2023-12-15 00:00:00+00:00,100.9000015258789,-0.006716740916591135,0.0007041199837875514,0.0007821567195743464,0.0010345023810580298,0.0011653225374189786,0.001391825842440614,0.0018123678127440553,0.0020910135566220194,0.0050239290261283745
2023-12-18 00:00:00+00:00,101.6500015258789,0.007405612603213818,4.511460854060952e-05,0.0007492345923281599,0.000827271328114958,0.001080111077760315,0.0012592460051366568,0.001851575717362476,0.0021018998181262395,0.004024495389542515
2023-12-19 00:00:00+00:00,102.98999786376952,0.01309632031013308,5.484309802887934e-05,9.995770656948778e-05,0.0008040776903570413,0.0011344600876275162,0.0012652802439884695,0.0018766919601518122,0.0021564096545175016,0.003928921702713329
2023-12-20 00:00:00+00:00,101.2699966430664,-0.01684169119975376,0.0001715136056656042,0.00022635670369448247,0.00027147131223509413,0.0010536280318094392,0.0013064677814548008,0.001663297154675706,0.002099056431752537,0.0037807355843644617
2023-12-21 00:00:00+00:00,101.7300033569336,0.004532093608277776,0.00028364256246786327,0.0004551561681334664,0.0005099992661623479,0.0012592338584905066,0.0015896162557609858,0.0017692452712990028,0.0023674816874470115,0.003814615932171247
2023-12-22 00:00:00+00:00,101.91000366210938,0.0017678289712232953,2.0539872474192273e-05,0.00030418243494205444,0.0004756960406076608,0.0005756537471771474,0.001357810466751497,0.0017409762845961285,0.0023821148559990146,0.00368241248790589
2023-12-26 00:00:00+00:00,102.13999938964844,0.0022543084685189285,3.1252192714964145e-06,2.3665091745687603e-05,0.00030730765421355306,0.0005336643579080343,0.0012828989502361974,0.0016137754356683519,0.0023555132200309683,0.0036854527897832333
2023-12-27 00:00:00+00:00,101.66000366210938,-0.004710467201995527,5.081906671236157e-06,8.207125942731487e-06,2.874699841692593e-05,0.0004839031665503911,0.0005838608731198821,0.0016183632541779099,0.0019756867155604945,0.003632110003415222
2023-12-28 00:00:00+00:00,100.19000244140624,-0.014565540402930566,2.2188501261075574e-05,2.7270407932310647e-05,3.039562720380923e-05,0.0003345780621458625,0.0005609347658403483,0.0013882060939553042,0.0018201807709770034,0.003545071249022173
2023-12-29 00:00:00+00:00,99.9800033569336,-0.0020982080774603062,0.0002121549672294027,0.00023434346849047718,0.00023942537516171553,0.00026309046690740196,0.0007182466350408715,0.001522324325397911,0.001983526879029339,0.00372956014570215
2024-01-02 00:00:00+00:00,102.36000061035156,0.023525817692907403,4.402477136319674e-06,0.00021655744436572128,0.00023874594562679904,0.00024695307156952933,0.000551135506511587,0.0008226068187466791,0.001857603287966386,0.00369724943533589
2024-01-03 00:00:00+00:00,103.22000122070312,0.008366627292425655,0.000553464098119915,0.0005578665752562337,0.0007700215424856385,0.0007972919504179479,0.0008209570421636388,0.0013309563083259846,0.002410573297924623,0.004115133626605844
2024-01-04 00:00:00+00:00,102.31999969482422,-0.00875749025878303,7.000045225036184e-05,0.0006234645503702758,0.0006278670275065976,0.0008622104959970736,0.0008704176219398083,0.001346113662547467,0.0022282280886913035,0.003603994011514159
2024-01-05 00:00:00+00:00,102.62999725341795,0.0030251066076179,7.669363563267965e-05,0.00014669408788304053,0.0007001581860029576,0.0009167156303686776,0.0009439860383009916,0.0012512936925145426,0.002226884988537187,0.0036613958304069884
2024-01-08 00:00:00+00:00,100.91999816894533,-0.01680215526641149,9.15126998745348e-06,8.584490562013215e-05,0.00015584535787049606,0.0007137119331267285,0.000948055401617209,0.0009768024000341327,0.0015319162747370891,0.0036704005207886404
2024-01-09 00:00:00+00:00,99.66999816894533,-0.012463395021038437,0.0002823124215965993,0.0002914636915840518,0.00036815732721673356,0.000991621877587008,0.0012081793219527327,0.00123857494915654,0.0017691140877930788,0.003934075198498334
2024-01-10 00:00:00+00:00,98.69000244140624,-0.00988106168614511,0.0001553362154504457,0.00043764863704704403,0.0004467999070344996,0.0005934939949175388,0.0011513605701737757,0.001390785945335489,0.0018696072052146453,0.004060578468406154
2024-01-11 00:00:00+00:00,98.66999816894533,-0.00020271861033194227,9.763538004540484e-05,0.00025297159549584957,0.000535284017092451,0.0006211289227125818,0.0012445934730828609,0.0014833394187096576,0.0017957289795944458,0.004123985501415168
2024-01-12 00:00:00+00:00,99.9499969482422,0.01288910010184896,4.109483497491385e-08,9.767647488037877e-05,0.00025301269033082657,0.000544476381914877,0.0006911704697979207,0.0014611920122835572,0.0015121275119615574,0.004123693334612526
2024-01-16 00:00:00+00:00,97.69000244140624,-0.022870805757350787,0.00016612890143548288,0.0001661699962704568,0.0002638053763158637,0.0007014540133629064,0.0007872989189830418,0.0014151659464896374,0.001657716540922848,0.004060955407617441
2024-01-17 00:00:00+00:00,96.9800033569336,-0.0072944183643084415,0.00052307375599047,0.0006892026574259519,0.0006892437522609289,0.0009422153477567771,0.001233679039340832,0.0019338372253437876,0.002177665077641822,0.004568811856834522
2024-01-18 00:00:00+00:00,96.8000030517578,-0.0018577804829513767,5.320853927356024e-05,0.0005762822952640293,0.0007424111966995142,0.0008400876715798916,0.001277736308626939,0.0014335816664974327,0.0022257917102441456,0.0046161136921858935
2024-01-19 00:00:00+00:00,96.9499969482422,0.0015483244020604303,3.4513483228350504e-06,5.665988759639431e-05,0.0005797336435868663,0.0007459036398573219,0.0009988752353531744,0.001367032562569906,0.0022070545573059054,0.004589838185269185
2024-01-22 00:00:00+00:00,96.81999969482422,-0.0013417688514572035,2.397308454015789e-06,5.848656776849864e-06,5.905719605041216e-05,0.0007482598534763628,0.0008459363283567446,0.0012927362353912421,0.0019972968985305186,0.004207327082581491
2024-01-23 00:00:00+00:00,97.91000366210938,0.011195145409234719,1.800343650740783e-06,4.197652104755596e-06,7.649000427592707e-06,0.0005839312956916206,0.0007501012919620805,0.0012853853090545296,0.0019946947650449397,0.004031432980387665
2024-01-24 00:00:00+00:00,99.5999984741211,0.017113422501691566,0.00012533128073390922,0.00012713162438464902,0.00012952893283866686,0.0001861888204350599,0.000875391477861015,0.0011284041681918395,0.0015665619476589337,0.004107955401944508
2024-01-25 00:00:00+00:00,102.12999725341795,0.02508433542652444,0.0002928692297214032,0.00041820051045531146,0.0004200008541060543,0.0004258495108829029,0.0010021318061469353,0.0012659371824627968,0.001789430725129975,0.004270498563466637
2024-01-26 00:00:00+00:00,103.0,0.008482503532627916,0.0006292238837903891,0.0009220931135117914,0.0010474243942457026,0.001051622046350457,0.0011082819339468543,0.001797525686207781,0.0023419609732876845,0.004899228359095349
2024-01-29 00:00:00+00:00,103.12999725341795,0.0012613134661094705,7.195286618104508e-05,0.0007011767499714332,0.0009940459796928384,0.0011211776040774863,0.0011270262608543394,0.0018694374575538512,0.002404762569481276,0.004718835563792712
2024-01-30 00:00:00+00:00,104.8499984741211,0.016540441099213155,1.5909116597890863e-06,7.354377784083319e-05,0.0007027676616312244,0.0011209681720865347,0.0011251658241912931,0.0017048994677781575,0.0021240410595444654,0.004642389739665706
2024-01-31 00:00:00+00:00,102.80999755859376,-0.01964814198710929,0.00027358619175653966,0.0002751771034163278,0.00034712996959737494,0.001269223083109165,0.0013963547074938173,0.001455411903544227,0.00224229103585056,0.004211855947634694
2024-02-01 00:00:00+00:00,102.38999938964844,-0.004093555182170583,0.00038604948354560705,0.0006596356753021458,0.000661226586961937,0.0013624033369333689,0.0017806038473886835,0.001788252847816274,0.002530705139350762,0.004552790822639691
2024-02-02 00:00:00+00:00,101.97000122070312,-0.004110381278345621,1.6757194029475635e-05,0.00040280667757508173,0.0006763928693316234,0.0007499366471724555,0.0016720297606842498,0.0018015586935229146,0.0025474212385452623,0.0045147049186402876
2024-02-05 00:00:00+00:00,101.5500030517578,-0.004127346269164001,1.689523425337418e-05,3.365242828284884e-05,0.000419701911828458,0.0006948790152447845,0.001396055765216221,0.001816056619322273,0.002398187571363154,0.004360086547228058
2024-02-06 00:00:00+00:00,102.25,0.006869476844742373,1.7034987225581994e-05,3.393022147895519e-05,5.068741550843289e-05,0.0007103230908105775,0.0007838668686514137,0.0018312912628971143,0.0018921488025982662,0.004093478971985777
2024-02-07 00:00:00+00:00,102.22000122070312,-0.00029342964085721235,4.718971212045162e-05,6.422469934603264e-05,8.111993359940887e-05,0.0004839266111744894,0.0007591037145908202,0.0017531496942836567,0.0018861299754451574,0.004120128811632036
2024-02-08 00:00:00+00:00,103.97000122070312,0.016975042448741817,8.610095413359262e-08,4.727581307458424e-05,6.431080030016828e-05,9.796322858301593e-05,0.0007575989038851647,0.001460366565516387,0.001882764728076456,0.004117089693314673
2024-02-09 00:00:00+00:00,101.7699966430664,-0.02138707551244945,0.00028815206613658657,0.0002882381670907192,0.00033542787921117285,0.0003693581006901269,0.0007721647782652116,0.0011192947478625844,0.002168519485759027,0.0044001598527800235
2024-02-12 00:00:00+00:00,103.16999816894533,0.013662763146000678,0.0004574069989752149,0.0007455590651118005,0.000745645166065936,0.0008098698654119675,0.0008435222936948194,0.0015047488806567543,0.002624126141083501,0.004835378350494163
2024-02-13 00:00:00+00:00,101.33999633789062,-0.01789693145344362,0.00018667109678371436,0.0006440780957589283,0.0009322301618955169,0.0009795059749701,0.0010134361964490581,0.0016898290657806794,0.002685465957133306,0.004809894480048474
2024-02-14 00:00:00+00:00,100.83999633789062,-0.004946097907224001,0.0003203001554492596,0.000506971252232973,0.0009643782512081899,0.001252616418298908,0.0013168411176449437,0.0017365430294733995,0.002712896882861162,0.005125792158361415
2024-02-15 00:00:00+00:00,103.7300033569336,0.028256335802281818,2.446388450784564e-05,0.00034476403995710426,0.0005314351367408207,0.00127699420185262,0.0013242700149272073,0.001374957430435638,0.002108136883578619,0.004596791944749345
2024-02-16 00:00:00+00:00,103.7300033569336,0.0,0.0007984205129713133,0.000822884397479158,0.0011431845529284196,0.0017872626486873466,0.002075500815778069,0.0021566207493774756,0.0028346045303688874,0.005325212005470296
2024-02-20 00:00:00+00:00,102.75,-0.00949254842961711,0.0,0.0007984205129713123,0.00082288439747916,0.0013298556497121318,0.002075414714823935,0.0021397255151241012,0.0028330136187090984,0.005248518369837616
2024-02-21 00:00:00+00:00,104.8499984741211,0.020231889418614202,9.010847568862625e-05,9.010847568862528e-05,0.0008885289886599407,0.0012332930286170437,0.0018773711243759749,0.002212799003587146,0.0026495359026411846,0.0053294755755387896
2024-02-22 00:00:00+00:00,104.76000213623048,-0.0008587027637858569,0.0004093293494470333,0.0004994378251356586,0.0004994378251356607,0.0013223222226148175,0.0018292934748477935,0.0025749386409137276,0.002672815768542611,0.005456492503389223
2024-02-23 00:00:00+00:00,103.83999633789062,-0.008820822342240575,7.373704365334691e-07,0.0004100667198835658,0.0005001751955721941,0.0012985957085435054,0.0016433597485006127,0.0025755899103961275,0.002656795944949669,0.005301893658375311
2024-02-26 00:00:00+00:00,104.25,0.003940642989978649,7.78069067933705e-05,7.8544277229903e-05,0.00048787362667693837,0.0005779821023655625,0.0014008664998447235,0.0023652447510529116,0.002717707617489665,0.005282065185123278
2024-02-27 00:00:00+00:00,104.02999877929688,-0.002112553330252176,1.5528667174467864e-05,9.33355739678374e-05,9.407294440437293e-05,0.0005935107695400303,0.0013919312825113458,0.0019233664192521644,0.002716201297438551,0.00529755275746277
2024-02-28 00:00:00+00:00,104.31999969482422,0.0027837879043026703,4.462881573159559e-06,1.9991548747626446e-05,9.779845554099901e-05,0.0005078651754245637,0.000597973651113192,0.0017411582040416094,0.002673474466891259,0.005135886737600446
2024-02-29 00:00:00+00:00,104.5199966430664,0.0019153132818301444,7.749475096141854e-06,1.2212356669300437e-05,2.774102384377036e-05,0.00010628530107367217,0.0006057231262093339,0.0014286075236884918,0.002681137841033267,0.004620562456706118
2024-03-01 00:00:00+00:00,105.83999633789062,0.012550076671479893,3.668424967554958e-06,1.1417900063695835e-05,1.5880781636857456e-05,0.00010921635560469365,0.0005192830754882625,0.0014078120641482011,0.0023966541998642356,0.004571022342400113
2024-03-04 00:00:00+00:00,104.36000061035156,-0.014082019089223685,0.0001575044244600238,0.0001611728494275778,0.0001689223245237217,0.00018891387327134697,0.000267458150501253,0.0007668959756369116,0.0020967516253490447,0.004725075418537302
2024-03-05 00:00:00+00:00,105.63999938964844,0.0121906155342284,0.00019830326162926026,0.00035580768608928313,0.0003594761110568401,0.0003716884677261394,0.00046502404169397984,0.0009651992372661719,0.0021083837901945904,0.004920981371712546
2024-03-06 00:00:00+00:00,106.7699966430664,0.010639875098140017,0.00014861110710337076,0.0003469143687326301,0.0005044187931926558,0.0005158366932563505,0.00053582824200398,0.0010237018686809164,0.0019366947418487015,0.005067792135165177
2024-03-07 00:00:00+00:00,107.37000274658205,0.00560388227716313,0.00011320694210402004,0.0002618180492073898,0.0004601213108366521,0.0006212941602642287,0.0006335065169335322,0.0007275794613379031,0.002025437799444876,0.005055667796535287
2024-03-08 00:00:00+00:00,108.37999725341795,0.009362705769240698,3.140349657630303e-05,0.0001446104386803221,0.0002932215457836949,0.0006490292318729768,0.0006604471319366757,0.0007582455874776727,0.0012584207830498657,0.004794202063390187
2024-03-11 00:00:00+00:00,109.0199966430664,0.005887776048408178,8.766025932137305e-05,0.00011906375589767511,0.0002322706980016972,0.0005791850667343261,0.0007403579161619069,0.0007680989400056751,0.0013460810423712387,0.0042526384389211715
2024-03-12 00:00:00+00:00,108.31999969482422,-0.006441514497616652,3.466590679620901e-05,0.00012232616611758108,0.00015372966269388617,0.00041554771190127485,0.0007713553979905609,0.0007872361796274163,0.0012906384734788217,0.004215351479536335
2024-03-13 00:00:00+00:00,109.52999877929688,0.01110866684412315,4.1493109023005505e-05,7.615901581921355e-05,0.00016381927514058867,0.0003084297138209096,0.0006553440825535426,0.0008242664070772622,0.0009228022330547937,0.004255253676899551
2024-03-14 00:00:00+00:00,111.47000122070312,0.01755703416175436,0.00012340247905372098,0.00016489558807672553,0.00019956149487293658,0.0003186252507706105,0.0005804432999780034,0.0009399194110348414,0.0010454673416719813,0.004105069964196732
2024-03-15 00:00:00+00:00,111.2699966430664,-0.0017958573521408283,0.0003082494485570096,0.0004316519276107296,0.0004731450366337372,0.000595471202751317,0.0007400816414316422,0.0012445004346242961,0.0012759098834356202,0.004027269929208135
2024-03-18 00:00:00+00:00,112.3000030517578,0.009214238919096118,3.225103629238267e-06,0.0003114745521862469,0.00043487703123996994,0.0005110360470591824,0.0006300998029568605,0.0010902211137935106,0.0012636063198903907,0.004013737838807898
2024-03-19 00:00:00+00:00,113.08999633789062,0.00701004058153476,8.49021988581856e-05,8.812730248742289e-05,0.00039637675104443453,0.0005612723391211589,0.0006835985052387431,0.0009768200510224358,0.0013440456371754167,0.00408174480341271
2024-03-20 00:00:00+00:00,112.98999786376952,-0.0008846291861921429,4.9140668954764196e-05,0.00013404286781294882,0.00013726797144218914,0.0005689198990529175,0.0006450789148721341,0.0008773496128738292,0.0013854368310340392,0.0041138504851418916
2024-03-21 00:00:00+00:00,113.48999786376952,0.004415408175188595,7.825687970629731e-07,4.992323775182619e-05,0.00013482543661001386,0.00044629998879625954,0.0006111955768729881,0.0007649252395668722,0.001382550974863547,0.004067443341818504
2024-03-22 00:00:00+00:00,113.48999786376952,0.0,1.9495829353522282e-05,2.027839815058428e-05,6.941906710535054e-05,0.00015754636959277224,0.000589198297203505,0.0007530175723440914,0.0012445423797570454,0.004086853070217892
2024-03-25 00:00:00+00:00,114.6500015258789,0.010169314122956408,0.0,1.9495829353521306e-05,2.027839815058634e-05,0.00015432126596353398,0.0004657958181497839,0.0006653573130227184,0.0010462391181277851,0.0037987010040813046
2024-03-26 00:00:00+00:00,113.79000091552734,-0.007529370198251506,0.00010341494973136065,0.00010341494973135967,0.000122910779084884,0.00017283401683670902,0.00026096131932413493,0.00073410635595787,0.0010010429607557752,0.0034447089548374507
2024-03-27 00:00:00+00:00,114.97000122070312,0.010316582968548538,5.6691415582317924e-05,0.0001601063653136776,0.00016010636531367967,0.00018038476346426274,0.00031442763127721463,0.0007493046625171824,0.000944527434234073,0.003314729273636054
2024-03-28 00:00:00+00:00,116.23999786376952,0.010985765501041023,0.00010643188414694576,0.00016312329972926272,0.0002665382494606254,0.00028603407881414554,0.0003359573165659748,0.0007323340676104072,0.0010195558218047158,0.0031008610023337403
2024-04-01 00:00:00+00:00,116.98999786376952,0.0064314419152990965,0.0001206870436438631,0.0002271189277908079,0.0002838103433731279,0.00038722529310448637,0.00040750369125507367,0.0005447716626972608,0.0010525826061272058,0.0031970841614697575
2024-04-02 00:00:00+00:00,119.27999877929688,0.01938521742298427,4.136344510986611e-05,0.00016205048875372825,0.00026848237290067606,0.0004285887382143524,0.0004480845675678768,0.0005829100041778886,0.001059280144440863,0.0024400270936083108
2024-04-03 00:00:00+00:00,119.3000030517578,0.00016769446185183057,0.0003757866545363729,0.000417150099646238,0.0005378371432901032,0.0007009604430193647,0.0008043753927507274,0.0008737944598560759,0.0013935736899542304,0.0028158137481446837
2024-04-04 00:00:00+00:00,119.72000122070312,0.003514338496410474,2.8121432535775057e-08,0.0003758147759689077,0.0004171782210787759,0.0006442971488695826,0.0008044035141832632,0.0008246819123338475,0.001270199332333045,0.002725733393888593
2024-04-05 00:00:00+00:00,121.37000274658205,0.013688060567281113,1.2350575067352631e-05,1.237869649988743e-05,0.0003881653510362624,0.0005502158397899895,0.0007133391395192552,0.0008362499186041372,0.0009743004588433882,0.002328754619508912
2024-04-08 00:00:00+00:00,120.5500030517578,-0.006779123805630505,0.00018736300209355614,0.0001997135771609078,0.00019974169859344562,0.0006168917982396824,0.0008440107260304934,0.001004117091344171,0.0011584383573077061,0.002515380251165935
2024-04-09 00:00:00+00:00,121.18000030517578,0.005212416092744476,4.5956519572066217e-05,0.00023331952166562138,0.00024567009673297604,0.0006214848727018826,0.0007835353614556138,0.0010500736109162372,0.0011194926780215867,0.002483529863944631
2024-04-10 00:00:00+00:00,122.1999969482422,0.008381975728815938,2.7169281523901593e-05,7.312580109596683e-05,0.00026048880318952505,0.00027286749968941126,0.0006900175993356523,0.0009738279427087781,0.0010975212905907242,0.0024951704782940646
2024-04-11 00:00:00+00:00,121.79000091552734,-0.003360764147745776,7.025751711845948e-05,9.74267986423601e-05,0.00014338331821442838,0.00034309689537533495,0.0007189116713442457,0.0009873940442449197,0.0011669962389121206,0.0025609651138393643
2024-04-12 00:00:00+00:00,120.37000274658205,-0.011727902406808433,1.1294735656773394e-05,8.15522527752319e-05,0.00010872153429913555,0.00034204105596475574,0.0003544197524646462,0.0008922568957547473,0.0011587951452153716,0.002564510374399996
2024-04-15 00:00:00+00:00,119.68000030517578,-0.005748838433373926,0.00013754369486362303,0.00014883843052039544,0.000219095947638857,0.00029222174873482263,0.0004919353258957335,0.0009091135469745073,0.0012963388400789946,0.0026983856442960637
2024-04-16 00:00:00+00:00,118.69000244140624,-0.008306444138081126,3.304914333303718e-05,0.00017059283819665923,0.00018188757385343468,0.0002793143724957936,0.0005126338941614179,0.0009007992451976783,0.0012259730336806713,0.002573930363169077
2024-04-17 00:00:00+00:00,118.62999725341795,-0.0005056901175137796,6.89970142190623e-05,0.00010204615755209852,0.0002395898524157236,0.0003211421051909543,0.0003942679062869242,0.0005940096048803677,0.0012382786323174156,0.0024446241157588793
2024-04-18 00:00:00+00:00,118.5199966430664,-0.0009276881389128633,2.5572249495110017e-07,6.925273671401245e-05,0.00010230188004705168,0.0002511403105674459,0.00034856710920980904,0.0005942372059427831,0.0011321024706654208,0.00229626873115046
2024-04-19 00:00:00+00:00,119.87999725341795,0.01140952515577709,8.60605283079612e-07,1.1163277780297363e-06,7.011334199709412e-05,0.00024070618019375215,0.00032225843296898707,0.0005827472361585101,0.0010122760323046374,0.002183922394329519
2024-04-22 00:00:00+00:00,120.55999755859376,0.005656314530322781,0.0001301772642803102,0.00013103786956338885,0.00013129359205834201,0.00023333974961043934,0.0003821781801308378,0.0005255614983452642,0.0011010898514750816,0.0022826961620335266
2024-04-23 00:00:00+00:00,121.02999877929688,0.0038909045968669176,3.199389406594062e-05,0.00016217115834624987,0.00016303176362933154,0.0002322845003433428,0.000402877338540005,0.0005115988728391386,0.0007572970910046493,0.002227029796778094
2024-04-24 00:00:00+00:00,121.0500030517578,0.00016526993023102676,1.5139138581920111e-05,4.7133032647859755e-05,0.00017731029692817204,0.0001784266247062006,0.00028047278225830217,0.0004995687298971571,0.0007724081081540336,0.002207503028563805
2024-04-25 00:00:00+00:00,121.33000183105467,0.0023104125605177828,2.7314149838568454e-08,1.5166452731757704e-05,4.716034679770039e-05,0.00017819821636108805,0.0002474509530751035,0.00042933852692853615,0.0007600848472365195,0.002166037233690638
2024-04-26 00:00:00+00:00,117.95999908447266,-0.02816854496956811,5.3380061997983376e-06,5.3653203496359304e-06,2.0504458931558103e-05,0.00018267561727780676,0.00018379194505583954,0.0004233817974715611,0.0005780598513427618,0.0020479727608367156
2024-04-29 00:00:00+00:00,119.63999938964844,0.014141652474441102,0.0007934669257025808,0.0007988049319023781,0.0007988322460522188,0.0008459652787000774,0.0009770031482634694,0.0010793050283105189,0.0013255702574732765,0.002533190237982287
2024-04-30 00:00:00+00:00,118.2699966430664,-0.011517110780798312,0.00019998633470786614,0.000993453260410446,0.0009987912666102464,0.0010139577193420029,0.0011761288776882559,0.0012462422196853479,0.001498387310657241,0.0027299514690609147
2024-05-01 00:00:00+00:00,116.02999877929688,-0.019121350040508744,0.0001326438407371807,0.00033263017544504585,0.0011260971011476288,0.0011314624214972635,0.0011785954541451262,0.0013098890462034662,0.0015607736342759622,0.00277769311093991
2024-05-02 00:00:00+00:00,116.23999786376952,0.001808233045397678,0.00036562602737166377,0.0004982698681088435,0.0006982562028167117,0.0014970611347190888,0.0015122275874508494,0.001675259351080179,0.0019151049259908525,0.0030941784693568094
2024-05-03 00:00:00+00:00,116.0,-0.0020668097779052985,3.2697067464681614e-06,0.000368895734118131,0.0005015395748553137,0.0014949928352657586,0.0015003581556153973,0.0016776684525435675,0.0017808309378736977,0.0030966656073062146
2024-05-06 00:00:00+00:00,116.75,0.006444705442642196,4.27170265804495e-06,7.54140940451219e-06,0.000373167436776178,0.0007057976122212226,0.0015046025441236039,0.0015517628909213022,0.0017520534971987053,0.0030814414806107377
2024-05-07 00:00:00+00:00,116.16999816894533,-0.004980276785477855,4.153422824242194e-05,4.5805930900465964e-05,4.9075637646936134e-05,0.0005473455057557785,0.0015407987661662274,0.0015613032250977835,0.001724590711222065,0.0031229757088531594
2024-05-08 00:00:00+00:00,116.1500015258789,-0.0001721474099696252,2.4803156859969637e-05,6.633738510239065e-05,7.06090877604376e-05,0.0004395048218785674,0.0007721349973236162,0.001570967243375833,0.0017491381455870837,0.0030443639159817683
2024-05-09 00:00:00+00:00,118.44000244140624,0.0195240514928523,2.9634730759250208e-08,2.4832791590727966e-05,6.636701983315191e-05,7.390842923766285e-05,0.0005721782973465094,0.0015709695639567537,0.0017483071750347633,0.0029877021351302096
2024-05-10 00:00:00+00:00,117.95999908447266,-0.004060947660673442,0.0003811885866955482,0.0003812182214263065,0.0004060213782862782,0.00045182730918674285,0.0008207230433048768,0.0019468201444525035,0.0019993184974500013,0.003262458837678812
2024-05-13 00:00:00+00:00,117.91000366210938,-0.0004239235386425122,1.64912959027291e-05,0.0003976798825982764,0.0003977095173290376,0.000464046902431427,0.0004715883118359422,0.0011698445146526518,0.0019838158992867895,0.003158263089937678
2024-05-14 00:00:00+00:00,117.66999816894533,-0.0020375717321883258,1.7971116661518953e-07,1.6671007069343368e-05,0.00039785959376489356,0.00042269238535562025,0.0004684983162560892,0.0009700378911114009,0.0019688564718714848,0.0031170793559944267
2024-05-15 00:00:00+00:00,118.58000183105467,0.007703772805827569,4.151698563812934e-06,4.331409730427202e-06,2.0822705633158307e-05,0.0004020409270594636,0.0004683783121618572,0.0008415457489380331,0.0019729808562854593,0.0027454444000218673
2024-05-16 00:00:00+00:00,117.87000274658205,-0.006005508180466634,5.934811544380838e-05,6.349981400762039e-05,6.367952517423759e-05,0.0004613594077725127,0.00048619219936324367,0.0005352678370101777,0.002026990965529469,0.00280476439403314
2024-05-17 00:00:00+00:00,119.63999938964844,0.014904883119911005,3.6066128505651666e-05,9.541424394945912e-05,9.956594251327405e-05,0.00011623694958261618,0.0004974551710089257,0.0005680642587693613,0.00126959016833254,0.002828479947471439
2024-05-20 00:00:00+00:00,118.66999816894533,-0.008140712412934015,0.00022215554081820804,0.0002582216693238588,0.00031756978476766916,0.0003219011944980951,0.0007195810770963745,0.0007859480969295243,0.0012917593744428818,0.002863272486196091
2024-05-21 00:00:00+00:00,117.8499984741211,-0.00693389981274084,6.627119859009794e-05,0.00028842673940830503,0.0003244928679139587,0.0003879926819215779,0.0004046636889909242,0.0008106850672772003,0.001225386732295799,0.0028835871652141227
2024-05-22 00:00:00+00:00,115.4800033569336,-0.020315232570376374,4.807896661312746e-05,0.00011435016520322449,0.0003365057060214345,0.0004319199499708924,0.00043625135970132257,0.0008339608770303581,0.0009078396715372629,0.002904496850303348
2024-05-23 00:00:00+00:00,113.51000213623048,-0.017206426277124542,0.00041270867438848106,0.00046078764100160763,0.0005270588395917075,0.000785280508915565,0.0008487803229231884,0.00124663991668808,0.0013172786391792758,0.00324694800757337
2024-05-24 00:00:00+00:00,113.41999816894533,-0.0007932311451410712,0.00029606110523012195,0.0007087697796186021,0.0007568487462317315,0.0010452754856400354,0.0011406897295894976,0.0011615124352226537,0.0016090680417513528,0.0035317143771467184
2024-05-28 00:00:00+00:00,114.86000061035156,0.012616274308162367,6.292156496218151e-07,0.0002966903208797429,0.0007093989952682259,0.0008237491604714491,0.0010819708297953108,0.0011456503549695464,0.0015681630291585528,0.0033947998979327173
2024-05-29 00:00:00+00:00,113.62999725341795,-0.010766468991382894,0.00015917037741879783,0.00015979959306841878,0.0004558606982985427,0.000916648339300149,0.0012050750787084572,0.001304641021221729,0.0017025302497173807,0.003520921132018478
2024-05-30 00:00:00+00:00,113.98999786376952,0.003163174749537312,0.00011591685454240939,0.00027508723196120635,0.0002757164476108301,0.000984486227229431,0.0010988363924326584,0.0014164061772003256,0.001818417469529031,0.0035678409723418248
2024-05-31 00:00:00+00:00,117.26000213623048,0.02828300324578592,1.0005674496110437e-05,0.00012592252903851896,0.00028509290645731874,0.0005817832273370603,0.001042570868338671,0.0013670637362526276,0.0014472345573295932,0.003577590924342984
2024-06-03 00:00:00+00:00,114.4499969482422,-0.02425569001993999,0.0007999282726011369,0.0008099339470972464,0.0009258508016396578,0.0010856503947080753,0.0017944201743266804,0.0021309258803481126,0.002230671534028001,0.004376658591661042
2024-06-04 00:00:00+00:00,112.66999816894533,-0.015674843809434513,0.0005883384983434164,0.0013882667709445525,0.001398272445440665,0.0016733596774018698,0.0019700499982816156,0.002497108837873321,0.0028188303212048024,0.004834819825724148
2024-06-05 00:00:00+00:00,113.12000274658205,0.003986050503923089,0.0002457007284501675,0.000834039226793583,0.001633967499394722,0.0017598900284332396,0.0019196896215016611,0.0026765383677333906,0.003060379351091157,0.0050485266601083744
2024-06-06 00:00:00+00:00,113.97000122070312,0.007486040149871087,1.588859861982551e-05,0.00026158932706999213,0.0008499278254134107,0.0016598617725106556,0.0019349490044718648,0.002644347999740089,0.003016919834267174,0.005049276120146279
2024-06-07 00:00:00+00:00,112.75,-0.01076228819559688,5.6040797125481926e-05,7.192939574530657e-05,0.0003176301241954761,0.001705896895140027,0.001831819424178549,0.0022876801224770895,0.0030368945028870042,0.005105289603121923
2024-06-10 00:00:00+00:00,113.08000183105467,0.0029225706351612146,0.00011582684720508396,0.000171867644330565,0.00018775624295039257,0.0010217954697439742,0.0018317294168412235,0.0021074458644520515,0.00293056580927388,0.005215778444127209
2024-06-11 00:00:00+00:00,112.16999816894533,-0.008079987684742385,8.541419117506626e-06,0.0001243682663225897,0.0001804090634480737,0.0004419983905180644,0.0018302651614626197,0.0021153580679199365,0.0028728360298012887,0.004430852937542134
2024-06-12 00:00:00+00:00,110.93000030517578,-0.011116186831571895,6.52862009855886e-05,7.382762010309436e-05,0.00018965446730818036,0.0002615838630534855,0.0010956230898470714,0.0020214738914867275,0.00289004326417375,0.004296152803819857
2024-06-13 00:00:00+00:00,110.04000091552734,-0.008055430125310181,0.0001235696096744124,0.00018885581066000015,0.00019739722977750885,0.00036926487410807244,0.0006308542011780675,0.0020291266466187304,0.002600904199459681,0.004287078572757088
2024-06-14 00:00:00+00:00,109.11000061035156,-0.008487391115406417,6.48899545037548e-05,0.00018845956417816635,0.000253745765163757,0.0003781140314863453,0.0004500434272316548,0.0020840109266263744,0.002369733048733314,0.00398634249988918
2024-06-17 00:00:00+00:00,108.36000061035156,-0.006897530411396069,7.203580794587979e-05,0.00013692576244963368,0.00026049537212404823,0.0003343229922271412,0.0005061906365577091,0.0013561184619711175,0.002441139641029572,0.004055108601088591
2024-06-18 00:00:00+00:00,109.37999725341795,0.00936900995864498,4.757592577613362e-05,0.00011961173372201253,0.00018450168822576943,0.00037335749888576814,0.0004977257652083608,0.0008153558894038348,0.0023295451893869078,0.00409841282420668
2024-06-20 00:00:00+00:00,111.73999786376952,0.021346692104968312,8.777834760518881e-05,0.00013535427338132153,0.00020739008132720344,0.0003958496455053684,0.00046967726560846566,0.0006574335085588561,0.0023014066824496872,0.0041446569435694474
2024-06-21 00:00:00+00:00,110.76000213623048,-0.00880900732335288,0.0004556812638243165,0.0005434596114295044,0.0005910355372056402,0.0007279612996552724,0.0009168171103152755,0.0010972261737633472,0.0027470822717778932,0.004575535050533794
2024-06-24 00:00:00+00:00,114.0500030517578,0.029271257898683345,7.759861002288466e-05,0.0005332798738472002,0.0006210582214523912,0.0007406699551744023,0.0009291295193525716,0.0011187839866607498,0.002024752609199641,0.0046531040258259194
2024-06-25 00:00:00+00:00,114.37000274658205,0.0028018553195412466,0.0008568065389712321,0.0009344051489941159,0.0013900864128184344,0.0015254406861997547,0.0016623664486493913,0.001859763678426898,0.002293220649827457,0.005128721978101603
2024-06-26 00:00:00+00:00,114.41000366210938,0.0003496889134924075,7.85039323164158e-06,0.0008646569322028728,0.0009422555422257597,0.0014857151536552624,0.001605326887377278,0.0018590726525410327,0.002055370314608931,0.005120081075430515
2024-06-27 00:00:00+00:00,114.9000015258789,0.004273678413270865,1.2228233621950045e-07,7.972675567860214e-06,0.0008647792145390944,0.0013980590883862934,0.001533413361767618,0.001793908733891664,0.002039603998325325,0.00512002364660012
2024-06-28 00:00:00+00:00,115.12000274658205,0.0019128883027681454,1.826432718005738e-05,1.8386609516276013e-05,2.6237002747919652e-05,0.0009606421517420341,0.0015041017631715417,0.0016886034513973087,0.0020018275283799005,0.0051341362752163645
2024-07-01 00:00:00+00:00,114.95999908447266,-0.001390852630646755,3.6591416588671957e-06,2.1923468838923708e-05,2.2045751175145266e-05,0.0008867026833780167,0.00141998255722522,0.0016273726385524212,0.0018896598228336835,0.005078447301431423
2024-07-02 00:00:00+00:00,114.18000030517578,-0.006808080598018407,1.934471040176999e-06,5.593612699043327e-06,2.3857939879102767e-05,3.183061544696157e-05,0.0009662357644410804,0.0015572713016467185,0.001883052874756354,0.005044315643965949
2024-07-03 00:00:00+00:00,114.76000213623048,0.005066856519055918,4.6349961429114665e-05,4.8284432469290794e-05,5.194357412816005e-05,7.033018364443466e-05,0.0009349871158473104,0.0015560453372996993,0.00186411663519988,0.0048685100645768555
2024-07-05 00:00:00+00:00,113.37000274658205,-0.012186179471712855,2.5673034984699453e-05,7.202299641381326e-05,7.395746745399231e-05,9.58809362929146e-05,0.00010385361186077775,0.00149394002467921,0.001766220060510167,0.004827911900971457
2024-07-08 00:00:00+00:00,112.18000030517578,-0.010552103455613526,0.0001485029701167958,0.00017417600510149438,0.00022052596653061111,0.000226119579229653,0.000244506188745932,0.0011867617309716894,0.0018498330761232082,0.004928335904475125
2024-07-09 00:00:00+00:00,110.94000244140624,-0.011115190166968603,0.00011134688733797092,0.00025984985745476587,0.00028552289243946735,0.0003338073249087568,0.0003557307937476834,0.0012205100082867755,0.0018891441555152991,0.004626974117424615
2024-07-10 00:00:00+00:00,111.91999816894533,0.00879477736320311,0.0001235474524478755,0.00023489433978584557,0.0003833973099026434,0.0004554203063164553,0.00046101391901550153,0.000487250921763419,0.001965115682187041,0.004454460464642368
2024-07-11 00:00:00+00:00,113.25,0.0118134503663061,7.734810886830985e-05,0.00020089556131618449,0.00031224244865415746,0.0004864184537556505,0.0005347028862249442,0.0005567486374000873,0.0019546854434501623,0.0045311793578610565
2024-07-12 00:00:00+00:00,113.2699966430664,0.0001765552129144865,0.00013955760955717772,0.0002169057184254867,0.0003404531708733643,0.0006003030283281287,0.0006723260247419449,0.0006961839646210455,0.0016385617891830234,0.004511566589999437
2024-07-15 00:00:00+00:00,115.20999908447266,0.01698222252730819,3.117174320727966e-08,0.00013958878130038412,0.00021693689016869604,0.00045183122995454025,0.0006260072350560375,0.0006779508091841954,0.0015609943509033459,0.004395680907200234
2024-07-16 00:00:00+00:00,116.04000091552734,0.007178425039593428,0.00028839588196701374,0.00028842705371022014,0.00042798466326739995,0.0006288802245835831,0.0008887300820383518,0.000962687549492342,0.0009925836938991276,0.004674071114671138
2024-07-17 00:00:00+00:00,117.63999938964844,0.013694141354535283,5.152978604906191e-05,0.0003399256680160748,0.0003399568397592841,0.0005568625581847694,0.0007917568979706179,0.0010122828645012269,0.001036263086716548,0.003925672628119063
2024-07-18 00:00:00+00:00,118.8000030517578,0.009812324119246263,0.00018752950743799343,0.00023905929348705447,0.0005274551754540702,0.0006670439567544531,0.0008679395180706404,0.0011534624105101056,0.0012236703118183219,0.00352486363721364
2024-07-19 00:00:00+00:00,116.06999969482422,-0.023247977865448632,9.628170462114195e-05,0.0002838112120591345,0.00033534099810819847,0.0006237680518184173,0.0008406737702439069,0.0012240710801465482,0.0013016876892594064,0.0033754446133846144
2024-07-22 00:00:00+00:00,115.2699966430664,-0.006916281260724411,0.0005404684748323896,0.0006367501794535306,0.0008242796868915261,0.0011642053549075996,0.0013037941362079866,0.0016160365848621417,0.0018384970224329287,0.003900024489597178
2024-07-23 00:00:00+00:00,113.41000366210938,-0.01626757037244353,4.783494647744764e-05,0.0005883034213098363,0.0006845851259309803,0.0009236444194180334,0.0012120714731282565,0.0015525246440016185,0.0018843974978701994,0.003891818638949144
2024-07-24 00:00:00+00:00,115.01000213623048,0.014009496560666967,0.0002646338458224025,0.0003124687922998493,0.0008529372671322409,0.001136748479191374,0.0014766741472074518,0.0016936110373761456,0.0021026813822634873,0.004040625637566462
2024-07-25 00:00:00+00:00,117.43000030517578,0.020823314296987583,0.00019626599388333958,0.0004608998397057412,0.000508734786183191,0.0011454849656367203,0.0013845442591237777,0.0018125289223911753,0.0022732743411621272,0.0042283502123322955
2024-07-26 00:00:00+00:00,117.33000183105467,-0.0008519209342239265,0.00043361041831112745,0.0006298764121944662,0.0008945102580168707,0.001482813679326706,0.0017666248913858432,0.002106581731145125,0.002558381789356459,0.004596674429657835
2024-07-29 00:00:00+00:00,116.0999984741211,-0.010538617480507995,7.257692781689677e-07,0.0004343361875892955,0.0006306021814726371,0.0009430709737724852,0.0015798211532260186,0.002107276328680087,0.002447760671296657,0.004473830589261591
2024-07-30 00:00:00+00:00,118.16999816894533,0.01767237459478821,0.00011106245840046867,0.00011178822767863671,0.0005453986459897663,0.0010062984856955063,0.0015946019070053454,0.0019299429051135417,0.0024352756772492504,0.004520003093158305
2024-07-31 00:00:00+00:00,118.58999633789062,0.0035478849404446677,0.0003123128238185157,0.00042337528221898346,0.0004241010514971546,0.0010539774636916194,0.0013664462559914716,0.0021907259428829953,0.002670240392199456,0.004760280109030941
2024-08-01 00:00:00+00:00,116.9499969482422,-0.013925668160643667,1.2587487550634063e-05,0.00032490031136914887,0.0004359627697696197,0.0008702989573589139,0.001331198797064658,0.002015783922995636,0.0025432702701929126,0.004725291670805441
2024-08-02 00:00:00+00:00,116.87999725341795,-0.000598722992354972,0.00019392423372036478,0.0002065117212709979,0.0005188245450895158,0.0006306127727681512,0.0012604891849626201,0.002113426452094859,0.00273716333217007,0.0048314375569206165
2024-08-05 00:00:00+00:00,114.7699966430664,-0.018217647499930045,3.584692215744918e-07,0.00019428270294193835,0.00020687019049257457,0.0006302454727115567,0.0010645816603008552,0.001573316446484044,0.002449125919424631,0.004376114762317875
2024-08-06 00:00:00+00:00,114.16000366210938,-0.0053290911960273135,0.00033188268043170743,0.000332241149653281,0.0005261653833736479,0.0008510656947427955,0.0009628539224214351,0.0018573641804383039,0.0027294788138072764,0.004630398832726698
2024-08-07 00:00:00+00:00,115.68000030517578,0.013226755801233558,2.839921297557582e-05,0.00036028189340728235,0.000360640362628859,0.0005671520838998555,0.000990527366118842,0.001621129547591477,0.002570348519344859,0.0038019915067310415
2024-08-08 00:00:00+00:00,117.88999938964844,0.01892422007818162,0.0001749470690254656,0.0002033462820010405,0.00053522896243275,0.0007295116653746872,0.001054411976743839,0.001599810622733603,0.0026490138837491823,0.003969088182524866
2024-08-09 00:00:00+00:00,118.8499984741211,0.008110199840768217,0.00035812610556745236,0.0005330731745929171,0.000561472387568495,0.0008937135372217746,0.0011002252584927756,0.001524326309989928,0.0024666715144842453,0.004327092005756098
2024-08-12 00:00:00+00:00,119.0,0.001261312144022142,6.577534145719681e-05,0.00042390144702464817,0.000598848516050116,0.000959130409457397,0.0011534131123993384,0.0015893758821689558,0.0024846119094639944,0.004374603020033238
2024-08-13 00:00:00+00:00,117.86000061035156,-0.009626008523147433,1.5909083246577327e-06,6.736624978185363e-05,0.0004254923553493081,0.0006288386373503474,0.0009610797870036312,0.0014799043320931446,0.0022215689719662494,0.004372534786699029
2024-08-14 00:00:00+00:00,118.9499969482422,0.009205726504780465,9.266004008770704e-05,9.425094841236385e-05,0.00016002628986956278,0.0006930994644624786,0.0010533813578697637,0.001260251548362336,0.002117963018170617,0.004463260355746558
2024-08-15 00:00:00+00:00,118.7300033569336,-0.001851175141785788,8.474540048081755e-05,0.00017740544056852367,0.0001789963488931835,0.0006028977959178305,0.0008062440779188738,0.0013324094612925195,0.0017690980003403072,0.004501655794798261
2024-08-16 00:00:00+00:00,118.16999816894533,-0.00472778579554145,3.4268494055656324e-06,8.817224988638227e-05,0.00018083228997409142,0.0002481985397559438,0.0007812717143488637,0.0011419120769777203,0.0017717990804677038,0.004479409609219128
2024-08-19 00:00:00+00:00,118.52999877929688,0.0030418326368888415,2.2351958528523504e-05,2.5778807934088216e-05,0.00011052420841490788,0.0002047751568272705,0.0006286766038519216,0.0011639055662846693,0.0016830885805957587,0.004353258597630856
2024-08-20 00:00:00+00:00,114.58000183105467,-0.03389279783171428,9.252745790842123e-06,3.16047043193647e-05,3.503155372493245e-05,0.0002124369942934549,0.00027980324407531136,0.0008412756316438042,0.001380028502568085,0.004251164456083726
2024-08-21 00:00:00+00:00,113.8499984741211,-0.006391505853798662,0.0011487217448614565,0.0011579744906522976,0.0011803264491808234,0.0012684986990672044,0.001362749647479571,0.0019615981635296847,0.0025161627598789074,0.005276338748497307
2024-08-22 00:00:00+00:00,114.7300033569336,0.007699791963262648,4.0851347079142566e-05,0.0011895730919405981,0.0011988258377314423,0.0012246046456655293,0.0014020100862340557,0.0018275024415833616,0.002363089873237685,0.005239841986708141
2024-08-23 00:00:00+00:00,116.31999969482422,0.013763440091147494,5.9286796277524055e-05,0.00010013814335666575,0.0012488598882181244,0.0012804645925374879,0.0013686368424238727,0.0015286631322934334,0.0024220182002936343,0.005159571173428486
2024-08-26 00:00:00+00:00,118.80999755859376,0.02118054675974612,0.00018943228314260613,0.00024871907942012933,0.00028957042649927406,0.0014475449171515704,0.0014733237250856613,0.0016523200739788427,0.0022795678030045332,0.005348972284827886
2024-08-27 00:00:00+00:00,117.68000030517578,-0.009556479034917409,0.00044861556104179194,0.0006380478441843972,0.0006973346404619235,0.0018869077324025203,0.0019185124367218876,0.002099344726695977,0.0026997841510707494,0.0055091919639026635
2024-08-28 00:00:00+00:00,116.5199966430664,-0.009906175605151724,9.132629154481597e-05,0.000539941852586607,0.0007293741357292154,0.0008295122790858798,0.0019874867697381804,0.002098010978153086,0.0026161633735901,0.005548988469398418
2024-08-29 00:00:00+00:00,118.12999725341795,0.013722786428625788,9.813231512010312e-05,0.00018945860666491827,0.0006380741677067123,0.0008867932471268403,0.0020763663390674413,0.0021113978927923714,0.0023561695831427506,0.0054595912770805275
2024-08-30 00:00:00+00:00,117.94000244140624,-0.001609648437157496,0.0001883148673656761,0.0002864471824857784,0.0003777734740305965,0.0010158213182149924,0.0011159594615716608,0.0022962859107524816,0.00247870910905123,0.005551624439825062
2024-09-03 00:00:00+00:00,115.47000122070312,-0.021165274737398043,2.5909680912435692e-06,0.00019090583545691885,0.0002890381505770241,0.0008289800031636297,0.0010776990825837618,0.002276524920315202,0.002479709168817816,0.005013746933083915
2024-09-04 00:00:00+00:00,114.05999755859376,-0.012286162211554874,0.00044796885470953983,0.0004505598228007826,0.0006388746901664609,0.0008283332968313777,0.0014663811410157775,0.0027152410292338993,0.0028350179834396487,0.005413880841316008
2024-09-05 00:00:00+00:00,113.16999816894533,-0.007833507525646155,0.00015094978188863895,0.000598918636598178,0.0006015096046894236,0.0008879567871752007,0.0014278986397618103,0.001717469066261082,0.00290122236484747,0.005300196777382245
2024-09-06 00:00:00+00:00,112.63999938964844,-0.0046942098070390514,6.136384015435494e-05,0.00021231362204299301,0.000660282476752535,0.0008511883122094525,0.0010406469188743734,0.0017379815593362945,0.0029591593555962593,0.00516529462365326
2024-09-09 00:00:00+00:00,115.01000213623048,0.020822212687662933,2.2035605712501608e-05,8.339944586685568e-05,0.0002343492277554968,0.000684909050556278,0.000971356233042059,0.0017007303687712719,0.0029588430027802375,0.004753719811054633
2024-09-10 00:00:00+00:00,110.81999969482422,-0.03711183899338533,0.00043356454121027126,0.000455600146922772,0.0005169639870771291,0.0011158826236753057,0.0013067884591322272,0.001944862626838937,0.0033831547981996667,0.005186558582986736
2024-09-11 00:00:00+00:00,109.72000122070312,-0.009975583490382967,0.0013772885934709557,0.001810853134681226,0.0018328887403937298,0.0020452023624367216,0.002495762185237507,0.002873535659268101,0.0036117216468091657,0.0064527847180572235
2024-09-12 00:00:00+00:00,111.2300033569336,0.013668482589023867,9.951226597360121e-05,0.001476800859444556,0.0019103654006548294,0.0019937648465216838,0.0025926834831198646,0.002881721633696886,0.0036703825657036244,0.006239984160212308
2024-09-13 00:00:00+00:00,111.1500015258789,-0.0007195056457360849,0.0001868274162864486,0.00028633968226004895,0.0016636282757310065,0.0021192284226537773,0.0023315420446967734,0.0029704167348632315,0.003797923185712549,0.006414224088948123
2024-09-16 00:00:00+00:00,112.70999908447266,0.013937485992817855,5.176883742461004e-07,0.00018734510466069382,0.00028685737063429724,0.002097710505315522,0.0021811099511823803,0.0027826195558718013,0.003609008590944189,0.006220817543602005
2024-09-17 00:00:00+00:00,114.18000030517578,0.012958013077744468,0.00019425351579999391,0.00019477120417423914,0.0003815986204606899,0.0018583994799052446,0.0023139996268280194,0.0029742821035805517,0.003354646545702391,0.006414712590180424
2024-09-18 00:00:00+00:00,114.58000183105467,0.0034971317521366174,0.00016791010292299666,0.0003621636187229897,0.00036268130709723794,0.0006490209893572856,0.0024598741240385146,0.002694223351794009,0.0034312303570805712,0.006250740012671713
2024-09-19 00:00:00+00:00,116.0,0.012316906145354523,1.2229930491802129e-05,0.0001801400334147979,0.00037439354921479397,0.0005617386538754866,0.002038539513320045,0.002555503500397172,0.0033453279724522706,0.00623457073018794
2024-09-20 00:00:00+00:00,115.2699966430664,-0.00631301761579639,0.000151706176993472,0.00016393610748527326,0.0003318462104082721,0.0005266174145825099,0.0008129570968425615,0.002645845837236289,0.0033087192820800662,0.0062113298381559455
2024-09-23 00:00:00+00:00,117.36000061035156,0.017968965544835847,3.985419141735554e-05,0.00019156036841082668,0.00020379029890263097,0.0005659539176256194,0.0007532990222863158,0.002663664422941143,0.0033459825054061782,0.005893057924005849
2024-09-24 00:00:00+00:00,117.0500030517578,-0.0026449190262267663,0.0003228837227514978,0.0003627379141688525,0.0005144440911623267,0.0006945841245771232,0.000889355328751365,0.002552983604482369,0.0032208973734481365,0.00615016630530015
2024-09-25 00:00:00+00:00,114.7699966430664,-0.019671123565825788,6.995596655296346e-06,0.0003298793194067933,0.000369733510824151,0.0005336696183094229,0.0008958332370324152,0.00118269060766671,0.003076943188214794,0.006155570993630789
2024-09-26 00:00:00+00:00,112.8000030517578,-0.01731373032480299,0.00038695310234198666,0.0003939486989972822,0.0007168324217487821,0.0009083927901596075,0.001088532823574408,0.0014701314440350955,0.003402532450402425,0.006449864055885068
2024-09-27 00:00:00+00:00,115.81999969482422,0.026420893044180715,0.00029976525776000265,0.0006867183601019885,0.000693713956757287,0.001056451870926138,0.001220387978411414,0.0015830692855086496,0.0036802621024499267,0.006664883913164253
2024-09-30 00:00:00+00:00,117.22000122070312,0.012015262299332363,0.0006980635892520369,0.0009978288470120387,0.0013847819493540275,0.0017146612687608195,0.0019062216371716486,0.0022806151863864403,0.003944761150491692,0.007359520653010724
2024-10-01 00:00:00+00:00,119.93000030517578,0.022855720326184326,0.00014436652812175764,0.0008424301173737938,0.0011421953751337985,0.0015361440741310792,0.0018988819882999343,0.002230728198708204,0.0027118390851424944,0.007481535222603959
2024-10-02 00:00:00+00:00,121.5199966430664,0.013170588874735323,0.0005223839516287554,0.0006667504797505121,0.0013648140690025513,0.0020515324291045384,0.002381411748511334,0.002585202047413963,0.0031347107707976486,0.007994666428441871
2024-10-03 00:00:00+00:00,122.58000183105467,0.008685062332234317,0.00017346441130730185,0.0006958483629360563,0.0008402148910578161,0.0018380437380698536,0.0022319924370671385,0.0027464365282294624,0.0031213477658185015,0.007019409094887717
2024-10-04 00:00:00+00:00,124.83000183105467,0.018188933336130475,7.543030771479539e-05,0.00024889471902209636,0.0007712786706508539,0.0016137087880246463,0.0023004271481266375,0.0026701606589507863,0.0031962603851590507,0.0070539880555233695
2024-10-07 00:00:00+00:00,125.37000274658205,0.004316560704396899,0.0003308372959061985,0.000406267603620993,0.000579732014928297,0.0012464824946788078,0.002244311341690849,0.0029611437634396286,0.003332844165265255,0.0073255385551520445
2024-10-08 00:00:00+00:00,122.04000091552734,-0.02692051968541076,1.863269631474345e-05,0.0003494699922209411,0.00042490029993573865,0.0011207486628717937,0.00196317878024559,0.002656892737002874,0.0031835667586570023,0.007154738968324182
2024-10-09 00:00:00+00:00,122.08999633789062,0.00040958033526905524,0.0007247143801325883,0.0007433470764473309,0.0010741843723535314,0.0013230790913756267,0.0019898295711261414,0.0033746115204801664,0.003896051208297788,0.007430837787414978
2024-10-10 00:00:00+00:00,123.13999938964844,0.00856346684089715,1.677560510391117e-07,0.0007248821361836265,0.0007435148324983721,0.0011497824361193637,0.0018456307990554228,0.0029878261741892193,0.0037445127873553556,0.007339679251921201
2024-10-11 00:00:00+00:00,123.61000061035156,0.003809538310953542,7.3332964335145e-05,7.350072038618325e-05,0.0007982151005187737,0.0011476850927397135,0.0013965798117618125,0.002761393880764361,0.003777991560273145,0.007314879901136243
2024-10-14 00:00:00+00:00,124.08000183105467,0.0037950807878806003,1.4512582142622765e-05,8.78455464777669e-05,8.801330252880818e-05,0.0008313603789761378,0.0012376279825971333,0.002077842873654947,0.00346962041966427,0.00714107761591319
2024-10-15 00:00:00+00:00,120.3499984741211,-0.03052238207492941,1.4402638186540439e-05,2.8915220329162335e-05,0.0001022481846643095,0.0008271303208479347,0.0011766003130688784,0.00194787898371973,0.003477027461195514,0.007152889286008487
2024-10-16 00:00:00+00:00,120.66000366210938,0.0025725518128618674,0.0009316158075279722,0.0009460184457145118,0.0009605310278571368,0.0010340317482433188,0.0017773788246906522,0.002357110839618947,0.0040216901663815,0.0076365362388269185
2024-10-17 00:00:00+00:00,120.3499984741211,-0.0025725518128618674,6.61802282985888e-06,0.0009382338303578303,0.0009526364685443729,0.0010404820150221384,0.0017653641512057675,0.002190264451141504,0.0037285429314513558,0.007492204479768139
2024-10-18 00:00:00+00:00,120.01000213623048,-0.00282906110661596,6.61802282985888e-06,1.323604565971776e-05,0.0009448518531876913,0.0009737670735168524,0.001047267793903038,0.002121452166256567,0.0030370973650291778,0.0074374586624436426
2024-10-21 00:00:00+00:00,120.08000183105467,0.0005831121300428066,8.00358674496712e-06,1.4621609574825132e-05,2.123963240468618e-05,0.0009672580781191967,0.0010551036245969663,0.001798618457095336,0.002900734423652387,0.007423426643476109
2024-10-22 00:00:00+00:00,120.6999969482422,0.005149900245829286,3.40019756203059e-07,8.34360650116931e-06,1.496162933103036e-05,0.0009531954596888593,0.0009821106800180241,0.0017803257805367955,0.002378690491779835,0.00699020212202204
2024-10-23 00:00:00+00:00,120.2699966430664,-0.0035689154087794606,2.6521472541992544e-05,2.6861492298194735e-05,3.486507904316402e-05,4.810112470287962e-05,0.000994119570417394,0.0010821328729461999,0.0022317475530145257,0.005639435001093077
2024-10-24 00:00:00+00:00,119.58999633789062,-0.0056699920523684,1.2737157195023464e-05,3.925862973701514e-05,3.959864949322037e-05,5.4220259068044204e-05,0.0009924540894258771,0.0010947022740901843,0.002169054402494754,0.005552659892314499
2024-10-25 00:00:00+00:00,119.48999786376952,-0.0008365273747505952,3.214880987392082e-05,4.488596706894341e-05,7.140743961093812e-05,7.975104611210613e-05,9.298709177182564e-05,0.00105351811962896,0.0018703659164624761,0.005397981285901971
2024-10-28 00:00:00+00:00,118.9000015258789,-0.004949851453728726,6.997780487071228e-07,3.2848587922627074e-05,4.558574511765271e-05,7.244723741584614e-05,8.706884699067389e-05,0.0010397053155350444,0.0018524329981964398,0.005398163375576433
2024-10-29 00:00:00+00:00,117.27999877929688,-0.013718588800141873,2.4501029413980384e-05,2.520080746268664e-05,5.734961733660963e-05,9.660824707362346e-05,0.00010495185357479539,0.0010498037067624842,0.0011522196474778319,0.005228410889190419
2024-10-30 00:00:00+00:00,116.69000244140624,-0.005043360989719581,0.00018819967866737805,0.00021270070808135757,0.00021340048613006685,0.00025828645319900896,0.0002851479454972063,0.0003063875779018901,0.0013402515700941709,0.0052487004649348
2024-10-31 00:00:00+00:00,116.77999877929688,0.000770945662205591,2.543549007262527e-05,0.00021363516874000246,0.000238136198153985,0.00027098478607661075,0.0003102434158136285,0.0003252050451446565,0.0012923540958316509,0.005261906024515623
2024-11-01 00:00:00+00:00,114.9499969482422,-0.015794587741752686,5.943572140736172e-07,2.6029847286698018e-05,0.00021422952595407825,0.00023943033341676358,0.0002843163004857096,0.0003191813795288712,0.0012784358709031019,0.0051107942047362255
2024-11-04 00:00:00+00:00,118.61000061035156,0.03134358052643016,0.00024946900193192423,0.000250063359145997,0.00027549884921862445,0.00048819955729998067,0.0005210481452226104,0.0005606467947158283,0.0015135022346484857,0.005320409015250794
2024-11-05 00:00:00+00:00,118.95999908447266,0.0029464892687522948,0.000982420040216812,0.0012318890421487354,0.0012324833993628112,0.0014461185681028123,0.0014713193755655015,0.0015427268151764371,0.0015643064673373254,0.005979945332716108
2024-11-06 00:00:00+00:00,121.0,0.017003251140935483,8.681799010872433e-06,0.0009911018392276835,0.00124057084115961,0.0012666006884463068,0.0014793013965276667,0.001524887141645317,0.001566370243518339,0.005981631535071683
2024-11-07 00:00:00+00:00,121.1500015258789,0.001238914260749624,0.0002891105493617238,0.0002977923483725954,0.0012802123885894095,0.0015302757477354053,0.00174391091647541,0.0018012605338120174,0.0018488627700502039,0.005883788982091421
2024-11-08 00:00:00+00:00,121.11000061035156,-0.0003302312848854072,1.5349085454887872e-06,0.00029064545790721173,0.0002993272569180863,0.0015312162990668203,0.0015572461463535209,0.0017706466324835853,0.0018423940918507254,0.005585558632876907
2024-11-11 00:00:00+00:00,120.47000122070312,-0.00529845916100502,1.0905270151706698e-07,1.6439612470049869e-06,0.0002907545106087309,0.0012818563498364131,0.0015319197089824126,0.0017700559071363953,0.0018421631247960396,0.004887604096326387
2024-11-12 00:00:00+00:00,120.3499984741211,-0.0009966178611975351,2.8073669480838023e-05,2.8182722182354224e-05,2.971763072784523e-05,0.00032750997910043926,0.0015593990212491773,0.001773628547203253,0.0018437153217348852,0.004771311237685468
2024-11-13 00:00:00+00:00,121.47000122070312,0.009263177211196627,9.932471612579494e-07,2.9066916642095106e-05,2.9175969343614394e-05,0.00031982142725082475,0.001310923266478511,0.001586422115697133,0.0018319714117011195,0.0042499205332179706
2024-11-14 00:00:00+00:00,120.55999755859376,-0.007519794693909176,8.580645204603252e-05,8.679969920728961e-05,0.00011487336868812985,0.00011651732993513353,0.00041430967830773146,0.00164679307767054,0.0018856290538732312,0.0041622625739567015
2024-11-15 00:00:00+00:00,119.30999755859376,-0.010422406642693893,5.65473122385446e-05,0.00014235376428457626,0.00014334701144583643,0.00017152973362818936,0.00046217519153540364,0.001702746032695011,0.0019414765880630686,0.004143379578480451
2024-11-18 00:00:00+00:00,120.30999755859376,0.008346597327807181,0.0001086265602256698,0.00016517387246421352,0.00025098032451024825,0.0002800472411523421,0.0002816912023993496,0.0015619035909887565,0.002025602118874758,0.003921168842799922
2024-11-19 00:00:00+00:00,118.62999725341795,-0.014062342232300296,6.966568695255798e-05,0.00017829224717822692,0.00023483955941677373,0.00032163925862406203,0.0003498219808064188,0.0006491492377245025,0.001907068127159938,0.003972201833437736
2024-11-20 00:00:00+00:00,120.31999969482422,0.014145475144658803,0.00019774946905833646,0.00026741515601089356,0.00037604171623656563,0.0005183954805211405,0.0005474623971632382,0.0008382169077719666,0.0020793821061456494,0.003445236922363484
2024-11-21 00:00:00+00:00,121.93000030517578,0.013292254409887683,0.00020009446706816,0.0003978439361264956,0.0004675096230790558,0.000632683495543268,0.0007194831947505602,0.0007492008254784028,0.0022788822159997353,0.0036451636333806052
2024-11-22 00:00:00+00:00,121.79000091552734,-0.0011488544587692218,0.00017668402729717855,0.00037677849436533765,0.0005745279634236764,0.000752820210601902,0.0008951739748864808,0.0009243499442300924,0.00220609724136499,0.0037485146963426386
2024-11-25 00:00:00+00:00,119.97000122070312,-0.015056535914374614,1.3198665674339214e-06,0.0001780038938646116,0.00037809836093277385,0.000645513516943666,0.0008106873894078823,0.0009255607580960093,0.001224997067715612,0.00373532198076745
2024-11-26 00:00:00+00:00,117.97000122070312,-0.01681135650058252,0.00022669927374085257,0.00022801914030828562,0.0004047031676054664,0.0008025471037319607,0.00098083935091019,0.001124186362356024,0.001443014542445592,0.003947618616321762
2024-11-27 00:00:00+00:00,117.66000366210938,-0.002631224640508023,0.00028262170738967813,0.0005093209811305299,0.000510640847697966,0.0008874193420633023,0.0011548344980741984,0.0014058148225844442,0.0014365257004735465,0.0032986245161834684
2024-11-29 00:00:00+00:00,117.95999908447266,0.002546435624922516,6.923343108816575e-06,0.00028954505049849383,0.0005162443242393486,0.0006942482181039589,0.001092092154230457,0.0013269317136472283,0.0014419141350368743,0.0032989298364624257
2024-12-02 00:00:00+00:00,117.8499984741211,-0.0009329597512337529,6.484334391874526e-06,1.3407677500690232e-05,0.0002960293848903706,0.0005240485251986549,0.000900827019563995,0.001276868735800558,0.0014482894167272317,0.0032987961480244413
2024-12-03 00:00:00+00:00,117.66999816894533,-0.0015285355195970851,8.70413897422146e-07,7.3547482892958045e-06,1.4278091398114657e-05,0.0005235990725286431,0.0007016029663932571,0.0011691125894723103,0.0014210861611438157,0.003291662975176896
2024-12-04 00:00:00+00:00,114.27999877929688,-0.029232514234021068,2.336420834669931e-06,3.2068347320912095e-06,9.691169123968012e-06,0.0002992362196224605,0.0005272553599307486,0.0011017833233544225,0.0014224293348172276,0.0032936593762553632
2024-12-05 00:00:00+00:00,114.77999877929688,0.004365675364175203,0.0008545398884422443,0.0008568763092769134,0.0008577467231743378,0.0008711544006750266,0.0013804753818055589,0.0017585737427383303,0.0021911627712134394,0.004121677792155615
2024-12-06 00:00:00+00:00,113.56999969482422,-0.010597857828622992,1.9059121385366295e-05,0.0008735990098276097,0.000875935430662282,0.0008832901789515763,0.0011728352294500728,0.0015775383970555365,0.002153674580360261,0.004127999756345958
2024-12-09 00:00:00+00:00,112.9000015258789,-0.005916899545508336,0.00011231459055570564,0.00013137371194107107,0.0009859136003833177,0.0009891204351154075,0.0010025281126161004,0.0015131689603140638,0.0021573626106902973,0.004208165537027743
2024-12-10 00:00:00+00:00,112.66999816894533,-0.0020393087463395076,3.5009700231636756e-05,0.00014732429078734153,0.00016638341217271012,0.001023259721449622,0.0010306144697389205,0.0015468587939782665,0.0021227066239693755,0.004242475459210672
2024-12-11 00:00:00+00:00,111.91999816894533,-0.0066788619277531325,4.1587801628968145e-06,3.91684803945327e-05,0.00015148307095024064,0.0010250820807778491,0.0010282889155099426,0.0013243183004003106,0.0019291159350739362,0.004222133209959588
2024-12-12 00:00:00+00:00,111.81999969482422,-0.0008938811275083225,4.4607196649990286e-05,4.876597681288623e-05,8.377567704452526e-05,0.0002151493889855949,0.001072025698262511,0.001086303789660623,0.0017736286646557666,0.004078540727942202
2024-12-13 00:00:00+00:00,110.83999633789062,-0.008802745914152865,7.990234701155499e-07,4.540622012010497e-05,4.956500028300406e-05,0.00019688929107034418,0.0010704883008979566,0.001080179470021922,0.0015977436608287034,0.004053904261339691
2024-12-16 00:00:00+00:00,108.47000122070312,-0.021614038649218514,7.748833562913496e-05,7.828735909924965e-05,0.00012289455574924222,0.0001620630361437735,0.00029343674808484716,0.0011511834712591821,0.0016739121298904045,0.004130798239754752
2024-12-17 00:00:00+00:00,108.01000213623048,-0.004249813097494837,0.0004671666667299117,0.0005446550023590458,0.0005454540258291636,0.0005942200026420484,0.0007415442934293926,0.0016174797240916718,0.0019143795228794638,0.00434849590455274
2024-12-18 00:00:00+00:00,106.41999816894533,-0.014830323246165733,1.806091136363866e-05,0.0004852275780935495,0.0005627159137226868,0.0006081221338427903,0.0006472906142373255,0.0016332042146206406,0.0016498187268534242,0.003384136775699567
2024-12-19 00:00:00+00:00,105.51000213623048,-0.00858775656158528,0.00021993848758576374,0.00023799939894940153,0.0007051660656793155,0.0007834534247785638,0.0008322194015914526,0.00099860281376416,0.0018628338713303713,0.003595393464274458
2024-12-20 00:00:00+00:00,105.87000274658205,0.003406196897544511,7.374956276105103e-05,0.0002936880503468139,0.00031174896171045485,0.0008564039640694992,0.0009018101841896068,0.0010532932551398446,0.0019300990996995479,0.0033800324776737853
2024-12-23 00:00:00+00:00,106.3000030517578,0.0040533617585616355,1.1602177304841853e-05,8.535174006589202e-05,0.00030529022765165805,0.000790517805745206,0.0008688051648444583,0.0009525808418889809,0.0019408308631069676,0.003390099746433138
2024-12-24 00:00:00+00:00,106.4000015258789,0.0009402771916926511,1.6429741545769876e-05,2.8031918850610863e-05,0.00010178148161166417,0.0003397808805610643,0.0008844358829201127,0.000934000883203114,0.0019549241838180678,0.0034064204352773912
2024-12-26 00:00:00+00:00,106.48999786376952,0.0008454727183959676,8.841211972174186e-07,1.7313862742986432e-05,2.891604004783056e-05,0.00032260409039464304,0.0008078316684881952,0.0009307262242374346,0.0011012684165730407,0.0033792308869937705
2024-12-27 00:00:00+00:00,106.4800033569336,-9.385835362696326e-05,7.148241175518671e-07,1.5989453147684184e-06,1.8028686860540572e-05,0.00010338042692643118,0.00034137982587583533,0.0008868338517049962,0.0010829241193052262,0.0033789524639500643
2024-12-30 00:00:00+00:00,105.76000213623048,-0.00678480931105252,8.809390545564088e-09,7.236335080965638e-07,1.6077547053162626e-06,2.9639673555925714e-05,0.0003233277239027422,0.0008860436376254262,0.0009706183381400661,0.0032931548212945774
2024-12-31 00:00:00+00:00,107.56999969482422,0.016969399304690214,4.603363738734497e-05,4.6042446777889665e-05,4.675727089544381e-05,6.407113363842883e-05,0.00014942287370432346,0.0008545889393836363,0.0009816422752957743,0.003282641146443378
2025-01-02 00:00:00+00:00,107.30999755859376,-0.002419976418848613,0.0002879605127620207,0.0003339941501493648,0.00033400295953991266,0.00033560190485467967,0.00036363382370529313,0.0006753827854157452,0.0012654440078948982,0.003461975098979729
2025-01-03 00:00:00+00:00,107.86000061035156,0.0051122763797506465,5.856285867783357e-06,0.0002938167986298032,0.0003398504360171505,0.00034057406952524565,0.00035788793226823465,0.00066317815991989,0.0012266930971126912,0.003398165697894954
2025-01-06 00:00:00+00:00,107.73999786376952,-0.0011131981430771987,2.6135369782956378e-05,3.1991655650738867e-05,0.00031995216841276185,0.0003659946151906501,0.00036759356050542115,0.00046937504211708257,0.001252029443425532,0.0032265515986195743
2025-01-07 00:00:00+00:00,108.75,0.009330772544051236,1.2392101057505233e-06,2.7374579888706033e-05,3.323086575649167e-05,0.0003672250159058551,0.00036794864941395425,0.000396864689461782,0.0011757803179021477,0.0030276963416571647
2025-01-08 00:00:00+00:00,106.93000030517578,-0.016877252346250593,8.706331626882037e-05,8.830252637457003e-05,0.00011443789615752868,0.00040825469478733046,0.00045429714156522275,0.00047232582842576056,0.0007956769674410563,0.0029380756306288066
2025-01-10 00:00:00+00:00,106.54000091552734,-0.003653907540416057,0.00028484164675902115,0.0003719049630278407,0.00037314417313359346,0.0004051358287843309,0.0007391299789336984,0.0007407377336390118,0.0010624577028364387,0.0032215974108203934
2025-01-13 00:00:00+00:00,109.29000091552734,0.025484397983500884,1.335104031390932e-05,0.0002981926870729296,0.0003852560033417523,0.00041263058323045686,0.0007064473818602627,0.0007532046527557037,0.0008558702555645845,0.0030082491773934504
2025-01-14 00:00:00+00:00,109.72000122070312,0.003926769129395602,0.0006494545405814639,0.0006628055808953722,0.0009476472276543958,0.0010359497540289643,0.0010679414096797057,0.0014019443692196158,0.0014315752333849971,0.003375082010585236
2025-01-15 00:00:00+00:00,111.51000213623048,0.01618261493954698,1.5419515795574294e-05,0.0006648740563770372,0.0006782250966909487,0.001050130059718788,0.001077504639607497,0.0014173550756246445,0.0014353925718757297,0.003383578183271994
2025-01-16 00:00:00+00:00,111.31999969482422,-0.001705358218308639,0.0002618770262816491,0.00027729654207722253,0.0009267510826586886,0.001224943769731617,0.0013132462961061896,0.0016331984645189487,0.0016808398566116088,0.0036389708751617686
2025-01-17 00:00:00+00:00,112.31999969482422,0.008943003644218628,2.908246652752816e-06,0.00026478527293440107,0.00028020478872997753,0.0009430103696253485,0.0013149153326531917,0.0013481461984096808,0.0016828639820671443,0.0036410087079170993
2025-01-21 00:00:00+00:00,111.47000122070312,-0.007596430207991389,7.997731418050766e-05,8.288556083325961e-05,0.00034476258711491086,0.001009636643491947,0.0013078293305648792,0.0014222672267224052,0.0017621264721301001,0.003718649601262937
2025-01-22 00:00:00+00:00,109.52999877929688,-0.01755703416175436,5.77057519048841e-05,0.0001376830660853909,0.0001405913127381459,0.0004178878548153671,0.001080693435710742,0.0014538376088443327,0.0018198234146444385,0.002921815464725577
2025-01-23 00:00:00+00:00,110.1500015258789,0.005644613910353868,0.0003082494485570096,0.0003659552004618928,0.0004459325146424027,0.0007107177875768024,0.0013755918439538424,0.0017608478472955918,0.002082039225814103,0.00321100579189722
2025-01-24 00:00:00+00:00,108.66000366210938,-0.01361931227525126,3.186166619696039e-05,0.0003401111147539691,0.0003978168666588554,0.0004807024274921137,0.0007579989695693388,0.001705646197223732,0.001825940379249043,0.0031305528675384746
2025-01-27 00:00:00+00:00,110.16999816894533,0.013800835905870557,0.00018548566685080967,0.0002173473330477692,0.000525596781604781,0.0006632798476901706,0.0009280651206245743,0.0016062902173155204,0.002005569760232069,0.0032810288341576475
2025-01-28 00:00:00+00:00,108.04000091552734,-0.01952307333332648,0.000190463071700766,0.0003759487385515748,0.0004078104047485374,0.0007737656052104289,0.0008566511660436911,0.0017834022487023772,0.0021698974621498788,0.003467333125695517
2025-01-29 00:00:00+00:00,108.66999816894533,0.005814212826699361,0.0003811503923784435,0.0005716134640792087,0.0007570991309300205,0.0010972102456839883,0.0012348933117693817,0.0015150981004993565,0.002549808644422572,0.00380387632142397
2025-01-30 00:00:00+00:00,109.56999969482422,0.008247861407008727,3.3805070794155374e-05,0.000414955463172598,0.0006054185348733662,0.000822765867921134,0.0011887210683830295,0.0015334836554979378,0.002496550398947907,0.00383688236874801
2025-01-31 00:00:00+00:00,106.83000183105467,-0.025324808534401555,6.802721778922398e-05,0.00010183228858337844,0.0004829826809618242,0.0008589314195133976,0.0011990425342673695,0.0013396338470055126,0.0022797359699781097,0.0038274212509080987
2025-02-03 00:00:00+00:00,107.08999633789062,0.002430765118537792,0.0006413459273040979,0.0007093731450933209,0.0007431782158874786,0.0013147916799666859,0.0015321390130144576,0.001978071527656858,0.0029077308569682983,0.0040016005114822855
2025-02-04 00:00:00+00:00,109.95999908447266,0.026447086754815885,5.908619061500047e-06,0.0006472545463655971,0.0007152817641548233,0.0011302372273274198,0.0015061859658789974,0.00190400283253785,0.0022641849354483345,0.003989448219180147
2025-02-05 00:00:00+00:00,109.87999725341795,-0.0007278187401649205,0.0006994483978167578,0.000705357016878257,0.0013467029441823573,0.0014485352327657341,0.0020201486968449457,0.0025457454784497237,0.002948213817469518,0.00446895812941114
2025-02-06 00:00:00+00:00,108.43000030517578,-0.013284029932290053,5.297201185352521e-07,0.0006999781179352921,0.0007058867369967945,0.001415259882090114,0.0018302153452627147,0.0022380257500112495,0.002686866511306404,0.004395738286768625
2025-02-07 00:00:00+00:00,108.88999938964844,0.00423338645417104,0.00017646545124197808,0.00017699517136051247,0.0008764435691772726,0.0015236981155428682,0.0016255304041262494,0.0023826295350562673,0.002860423715895629,0.0045606015607057605
2025-02-10 00:00:00+00:00,110.97000122070312,0.01892171276001342,1.7921560870358847e-05,0.00019438701211233606,0.0001949167322308736,0.0009002737491091292,0.0016096468942024527,0.0022150654290758165,0.0027983679625854805,0.004562093380030351
2025-02-11 00:00:00+00:00,111.66999816894533,0.006288171547915056,0.0003580312137724547,0.00037595277464281266,0.000552418225884793,0.0012523963438200838,0.0018996508901856835,0.002382633571147505,0.003098693424453051,0.0049192404726055875
2025-02-12 00:00:00+00:00,107.3499984741211,-0.039453566949951835,3.954110141600843e-05,0.00039757231518846225,0.00041549387605882337,0.0005924890474193343,0.001297846064297594,0.0020410242801850702,0.00282998507731205,0.004958066749904044
2025-02-13 00:00:00+00:00,108.12999725341795,0.007239671445971041,0.0015565839450743318,0.0015961250464903392,0.0019541562602627964,0.002148543272375131,0.002848521390310426,0.0035638031544652465,0.004354707356189421,0.0065146418855878295
2025-02-14 00:00:00+00:00,108.23999786376952,0.0010167825697733335,5.241284264560842e-05,0.0016089967877199395,0.00164853788913595,0.0020244906637787614,0.0022014858351392763,0.003548188779321631,0.00422163453198422,0.006521021090846094
2025-02-18 00:00:00+00:00,110.13999938964844,0.017401314166259674,1.0338467941948638e-06,5.3446689439802635e-05,0.0016100306345141365,0.002007602949702597,0.002201989961814936,0.002907876698811728,0.0040322053070776485,0.006234094424878268
2025-02-19 00:00:00+00:00,110.3000030517578,0.0014516756345130943,0.0003028057347128696,0.00030383958150706383,0.0003562524241526742,0.0019523774706430121,0.0023283302452858277,0.003204773814463097,0.0039538606494120745,0.006531043873723354
2025-02-20 00:00:00+00:00,112.0,0.015294917367842942,2.107362147838995e-06,0.00030491309686070796,0.0003059469436549048,0.0019149437313748425,0.0023125160465633076,0.0025074327787941784,0.0039221629407657594,0.006507015866088237
2025-02-21 00:00:00+00:00,110.69000244140624,-0.011765347841312668,0.00023393449728914366,0.00023604185943698202,0.0005388475941498535,0.0005922942835896545,0.002188419330079997,0.0027408375559647867,0.004088070220265678,0.0067397111532716296
2025-02-24 00:00:00+00:00,111.2699966430664,0.005226126546566512,0.00013842340982708065,0.00037235790711622363,0.00037446526926406465,0.0006783048507711267,0.002287301638491069,0.0027027955145498893,0.0035851477027886614,0.00679107124682989
2025-02-25 00:00:00+00:00,109.7300033569336,-0.013936816404971353,2.7312398680727214e-05,0.00016573580850780722,0.00039967030579695284,0.000704583402657659,0.0007580300920974642,0.002712186352360258,0.0036065514824078883,0.0065335419987515965
2025-02-26 00:00:00+00:00,109.45999908447266,-0.002463656243640422,0.0001942348515058786,0.00022154725018660518,0.0003599706600136878,0.0005960125194506681,0.0008998521009577345,0.002548389990093682,0.003101337936097009,0.006714425809943566
2025-02-27 00:00:00+00:00,110.1500015258789,0.006283909749352112,6.069602086828434e-06,0.0002003044535927064,0.00022761685227343557,0.0005999747593896576,0.0009048878562503681,0.0025149184907645016,0.003106877818065302,0.00607104087144893
2025-02-28 00:00:00+00:00,111.33000183105467,0.010655693086619067,3.948752173800253e-05,4.555712382483031e-05,0.00023979197533071088,0.0004055277838385164,0.0006415696432755009,0.0009978220674281726,0.0029698998885613263,0.006095108877391358
2025-03-03 00:00:00+00:00,107.76000213623048,-0.03259222826163377,0.00011354379515622138,0.00015303131689422324,0.00015910091898105365,0.00038064816916765713,0.0007530060762838834,0.0010589530199387855,0.0030655221228471892,0.005946775646265931
2025-03-04 00:00:00+00:00,107.54000091552734,-0.002043672031176058,0.001062253343058439,0.0011757971382146597,0.0012152846599526642,0.001415589113545369,0.0015813249220531787,0.0021201725162030296,0.003769744252133174,0.007006120742671616
2025-03-05 00:00:00+00:00,105.44000244140624,-0.01972078598624094,4.176595371011275e-06,0.0010664299384294496,0.0011799737335856729,0.0012255308574105016,0.0014470781075971093,0.0018215433768611713,0.0037343797460881764,0.006930320023862121
2025-03-06 00:00:00+00:00,107.62000274658205,0.020464435673728687,0.0003889093999151171,0.0003930859952861275,0.0014553393383445687,0.0016083706552387901,0.0018086751088314992,0.0022083454146284496,0.0025667052009289617,0.007261523671872353
2025-03-07 00:00:00+00:00,109.0199966430664,0.01292479126184265,0.0004187931274441793,0.0008077025273592955,0.0008118791227303089,0.001987676260944967,0.0020332333847698,0.002393204044783485,0.0029330854857275326,0.007372067350759523
2025-03-10 00:00:00+00:00,111.8000030517578,0.025180267173351645,0.0001670502291622041,0.0005858433566063825,0.0009747527565215019,0.0020411826949509495,0.0021942140118451753,0.0024218308641186085,0.003099101868095542,0.007507255913724766
2025-03-11 00:00:00+00:00,109.16000366210938,-0.02389685862935398,0.0006340458549213704,0.0008010960840835737,0.0012198892115277552,0.0016129752068138811,0.002788772345028543,0.003028564320359252,0.0034303419883040427,0.007955816101795327
2025-03-12 00:00:00+00:00,109.12999725341795,-0.00027492243121063353,0.0005710598523513297,0.0012051057072726993,0.0013721559364349056,0.0021798584637941995,0.0032462884022236515,0.003405389321204703,0.0039992944785075335,0.00833641288244589
2025-03-13 00:00:00+00:00,108.66999816894533,-0.004224056731934489,7.558234318276552e-08,0.0005711354346945116,0.001205181289615884,0.0017910246462222652,0.0021841106415083954,0.0033993953014610574,0.0037654355635615725,0.00795533807241063
2025-03-14 00:00:00+00:00,111.9000015258789,0.02928987872889266,1.7842655274601076e-05,1.7918237617782974e-05,0.0005889780899691148,0.001390074174052687,0.002197776701411985,0.0033777504349976556,0.0036448548090090927,0.007939375656891075
2025-03-17 00:00:00+00:00,113.76000213623048,0.016485355879354735,0.0008578969959532387,0.000875739651227839,0.0008758152335710239,0.0020809209408437215,0.002666764297450107,0.004122103635794673,0.004475439406281604,0.00872924543505509
2025-03-18 00:00:00+00:00,113.63999938964844,-0.0010554332182621806,0.00027176695846897574,0.0011296639544222135,0.0011475066096968169,0.0017186420443913268,0.002519738128474903,0.0033316172512052097,0.004552971513244701,0.008359666466219967
2025-03-19 00:00:00+00:00,115.41000366210938,0.015455485548547365,1.1139392782112638e-06,0.00027288089774718614,0.0011307778937004272,0.0011486961313182083,0.0023538018385909107,0.00332855459511241,0.004548015850436084,0.00835487178643668
2025-03-20 00:00:00+00:00,115.9000015258789,0.004236726347571107,0.00023887203354135646,0.00023998597281956686,0.0005117529312885447,0.0013874925825163823,0.001958628017210897,0.003178517228738649,0.004747400362239438,0.007894295422161277
2025-03-21 00:00:00+00:00,115.5,-0.003457233549336358,1.794985014420321e-05,0.0002568218836855588,0.00025793582296377226,0.0013875997773859844,0.00140551801500377,0.002777673951438673,0.00465180641722742,0.007911715552186945
2025-03-24 00:00:00+00:00,115.8000030517578,0.00259406153074071,1.1952463814656873e-05,2.9902313958859215e-05,0.00026877434750021784,0.0005416552452474025,0.0014173948964752443,0.0026225761860911257,0.0036015055379836377,0.007747202564759625
2025-03-25 00:00:00+00:00,116.58999633789062,0.006798884042461317,6.729155225268835e-06,1.868161903992484e-05,3.663146918413022e-05,0.0002766174420036956,0.001406281396425912,0.001995259486395024,0.0036040580978378956,0.007736010159114535
2025-03-26 00:00:00+00:00,118.2699966430664,0.014306642344330989,4.622482422283514e-05,5.295397944810311e-05,6.490644326276215e-05,0.00032172832694831946,0.0005946092246955084,0.0014704244582665297,0.0032613735221456133,0.007424203769564915
2025-03-27 00:00:00+00:00,117.88999938964844,-0.0032181367526415983,0.0002046800151686045,0.00025090483939143877,0.0002576339946167098,0.00028753630857556746,0.0005275222813951371,0.0016750288910919516,0.003047260409870039,0.007589342683317512
2025-03-28 00:00:00+00:00,117.7300033569336,-0.0013580855228010336,1.0356404158702611e-05,0.00021503641932730624,0.00026126124355014353,0.00027994286259006685,0.0005367647462756284,0.001667542639976053,0.0028905665848665374,0.006043115142401883
2025-03-31 00:00:00+00:00,118.93000030517578,0.010141191701227292,1.8443962872417566e-06,1.22008004459435e-05,0.00021688081561455015,0.0002698347950626517,0.00029973710902151383,0.000811490040310056,0.0022583651262324087,0.005992546696043516
2025-04-01 00:00:00+00:00,119.04000091552734,0.0009244914705384133,0.0001028437691210413,0.00010468816540828219,0.00011504456956698696,0.0003659494089584242,0.00038463102799835187,0.0006425668509621215,0.00179014904300212,0.006094356618370362
2025-04-02 00:00:00+00:00,118.66999816894533,-0.0031130625284587765,8.546844790982779e-07,0.00010369845360013871,0.00010554284988738264,0.00032057926921468736,0.00037353324866279327,0.0006423075961630086,0.001790928145138036,0.00579240556813659
2025-04-03 00:00:00+00:00,112.43000030517578,-0.05401570777121467,9.691158306094151e-06,1.0545842785191561e-05,0.00011338961190623503,0.000125590412352177,0.0003764952517436186,0.00041312672092774625,0.001782776648169529,0.005799989364294845
2025-04-04 00:00:00+00:00,104.33999633789062,-0.07467604597963184,0.002917696686025261,0.002927387844331354,0.002928242528810455,0.003032930694218735,0.003247967113546044,0.003312873556808804,0.003842576338241551,0.008483751553030964
2025-04-07 00:00:00+00:00,102.94000244140624,-0.013508444555001553,0.005576511843152089,0.008494208529177349,0.008503899687483446,0.008607598141083583,0.00861979894152953,0.008877432936146236,0.009147321222924665,0.013921839986355973
2025-04-08 00:00:00+00:00,100.7699966430664,-0.021305658961913387,0.0001824780742955511,0.0057589899174476395,0.008676686603472901,0.008687232446258093,0.008791920611666377,0.009053181855216518,0.009328685357942004,0.014077005661970796
2025-04-09 00:00:00+00:00,105.8000030517578,0.04870988928930675,0.0004539311038013602,0.0006364091780969105,0.006212921021249002,0.009140308865580354,0.009244007319180497,0.009460888134795044,0.009543744428202008,0.014336701914266278
2025-04-10 00:00:00+00:00,99.93000030517578,-0.05708060434119666,0.0023726533145765204,0.0028265844183778797,0.0030090624926734336,0.01150327102185078,0.011513816864635975,0.011628861434202959,0.011898447892634325,0.016703285626755972
2025-04-11 00:00:00+00:00,103.13999938964844,0.0316173387775196,0.003258195391956239,0.0056308487065327584,0.006084779810334121,0.011843769727781759,0.014771157572113117,0.014876700422000497,0.015144690820775908,0.019921993496974204
2025-04-14 00:00:00+00:00,103.38999938964844,0.0024209569900977,0.0009996561113724445,0.0042578515033286825,0.006630504817905206,0.007266913996002114,0.015761122525179465,0.015874512137085697,0.01613761777692308,0.02080810581319043
2025-04-15 00:00:00+00:00,103.0999984741211,-0.0028088634722864825,5.861032747902916e-06,0.0010055171441203466,0.004263712536076589,0.007090296954454466,0.01284928687190211,0.01577752940071256,0.016097253985448153,0.019751713502879895
2025-04-16 00:00:00+00:00,104.19000244140624,0.010516802633418365,7.889714005945275e-06,1.3750746753847323e-05,0.0010134068581262943,0.006644255564659051,0.007280664742755965,0.015784564430239408,0.015900463684285493,0.01975542662151483
2025-04-17 00:00:00+00:00,106.91999816894533,0.025864695288910333,0.00011060313763027546,0.00011849285163621987,0.0001243538843841254,0.0043822053877128056,0.007208789806090689,0.01588547640956359,0.016000710417757066,0.019477120359229987
2025-04-21 00:00:00+00:00,105.3499984741211,-0.014792748378956055,0.0006689824623881804,0.000779585600018455,0.0007874753140244029,0.0017929924581447476,0.00742384116467751,0.013636762185926509,0.016667848483858,0.019727309694173984
2025-04-22 00:00:00+00:00,108.3000030517578,0.027617056419389385,0.000218825404603107,0.0008878078669912865,0.0009984110046215647,0.0010121617513754102,0.005270013254704097,0.008279075747377527,0.01678383011934007,0.01977908486961489
2025-04-23 00:00:00+00:00,107.37000274658205,-0.00862434315910754,0.0007627018052717364,0.0009815272098748426,0.0016505096722630257,0.0017690025238992436,0.0027745196680195937,0.008859299478353712,0.017545677240132708,0.019907740819965256
2025-04-24 00:00:00+00:00,108.62999725341795,0.011666748135254146,7.437929492604501e-05,0.0008370811001977805,0.00105590650480089,0.0018354921048193435,0.0018492428515731942,0.008479747669478396,0.01761036537675266,0.019411060262539973
2025-04-25 00:00:00+00:00,108.56999969482422,-0.0005524637289386902,0.0001361130120514561,0.00021049230697750012,0.0009731941122492393,0.0018610019792405239,0.0019794948308767472,0.006243207366953332,0.014828781702778853,0.019547097692248244
2025-04-28 00:00:00+00:00,108.62999725341795,0.0005524637289386902,3.052161717928426e-07,0.00013641822822324794,0.00021079752314929578,0.0011923247330241362,0.001971910333042595,0.0029853171911688858,0.009252575075798557,0.019529560253145437
2025-04-29 00:00:00+00:00,108.36000061035156,-0.002488564312311148,3.052161717928426e-07,6.104323435856852e-07,0.0001367234443950436,0.0009738045445928223,0.0018616124115841122,0.0019859662959682343,0.009070402217674798,0.01867196847336399
2025-04-30 00:00:00+00:00,105.62999725341795,-0.0255166270163647,6.192952336508656e-06,6.498168508300523e-06,6.803384680096184e-06,0.00021729569165759456,0.0011988229015324405,0.0019862982155568402,0.008622664066209946,0.018406394467231524
2025-05-01 00:00:00+00:00,105.77999877929688,0.0014190582646582683,0.0006510982542922729,0.0006572912066287806,0.0006575964228005762,0.0007940146510238225,0.0016310957512216066,0.0026295067558431673,0.0069011090059257,0.019056378782245583
2025-05-02 00:00:00+00:00,106.20999908447266,0.004056803615659632,2.013726358494936e-06,0.0006531119806507669,0.0006593049329872784,0.0006599153653308613,0.000870407672308365,0.002520917344571387,0.003644927340327955,0.018819520475062725
2025-05-05 00:00:00+00:00,103.2699966430664,-0.028071372536540906,1.6457655576029062e-05,1.8471381934523023e-05,0.0006695696362267987,0.0006760678047350976,0.000812486032958349,0.0018683925377592358,0.00266172888453154,0.018818028280494548
2025-05-06 00:00:00+00:00,104.70999908447266,0.013847730378979684,0.000788001956085263,0.0008044596116612912,0.0008064733380197889,0.0014637645446485678,0.001464374976992156,0.0024375690892413917,0.0034438698078689,0.019594077772765155
2025-05-07 00:00:00+00:00,104.61000061035156,-0.0009554603657013772,0.0001917596366489168,0.0009797615927341788,0.0009962192483102107,0.001649331228960976,0.0016558293974692799,0.0018666269206185722,0.003627739730511871,0.019779108254188802
2025-05-08 00:00:00+00:00,106.06999969482422,0.01386009545004896,9.129045104262093e-07,0.00019267254115934204,0.0009806744972446079,0.0009991458791791291,0.0016564370858079133,0.0017931605302029534,0.003518049497392022,0.019733796334476396
2025-05-09 00:00:00+00:00,107.30999755859376,0.011622568547807077,0.00019210224588446785,0.0001930151503948931,0.0003847747870438127,0.001189234398705102,0.0018423463793558726,0.0018491497640359652,0.00304116928088831,0.01972121856519226
2025-05-12 00:00:00+00:00,109.16000366210938,0.017092910200156908,0.0001350840996484743,0.00032718634553294116,0.0003280992500433702,0.0013078608427775473,0.001326332224712074,0.0019839286475126466,0.0029574279759336766,0.01984594626068203
2025-05-13 00:00:00+00:00,109.45999908447266,0.002744447963510588,0.0002921675791106281,0.00042725167875910146,0.0006193539246435721,0.0008120264658029124,0.001616486077464207,0.002275791010451482,0.0024868937497725687,0.020136269443505415
2025-05-14 00:00:00+00:00,108.4800033569336,-0.008993322214466914,7.531994624417413e-06,0.00029969957373504456,0.00043478367338352163,0.000627798823778413,0.0016075604165125953,0.0022771300527393906,0.0024200464494709413,0.02004095766900879
2025-05-15 00:00:00+00:00,108.58000183105467,0.0009213902036817601,8.087984445322409e-05,8.841183907764057e-05,0.0003805794181882714,0.0007077657637212109,0.0009004383048805565,0.0017069116429003419,0.0023648132818727087,0.020120982828982916
2025-05-16 00:00:00+00:00,108.19000244140624,-0.003598282075555126,8.489599074407152e-07,8.172880436066388e-05,8.926079898508405e-05,0.0005165124777441837,0.0007095276281390803,0.0017057468764492877,0.002365357025608357,0.020112140630584266
2025-05-19 00:00:00+00:00,106.47000122070312,-0.016025696473650264,1.2947633895261306e-05,1.37965938027011e-05,9.467643825592795e-05,0.0003943760119909707,0.0007215623575239156,0.0017022368547685198,0.0023779994433318252,0.017207391578454263
2025-05-20 00:00:00+00:00,104.9499969482422,-0.014379249603311273,0.0002568229474655665,0.00026977058136082684,0.0002706195412682704,0.0003590313803459091,0.0007862830591050141,0.0011710578461488232,0.002628629438460883,0.011887702682767742
2025-05-21 00:00:00+00:00,103.66000366210938,-0.012367669098789058,0.0002067628191543274,0.000463585766619893,0.0004765334005151571,0.0005582622048758191,0.0008579617786108673,0.0011860610286542337,0.0021842940033229377,0.011911987427626518
2025-05-22 00:00:00+00:00,102.97000122070312,-0.006678652566046495,0.00015295923893714176,0.0003597220580914682,0.0006165450055570375,0.0006303415993597367,0.0007187534384373808,0.0013381073630809493,0.0023352395159015847,0.0116110155627623
2025-05-23 00:00:00+00:00,103.02999877929688,0.0005825005853417053,4.4604400097959424e-05,0.00019756363903510027,0.00040432645818943045,0.0006740970395502556,0.0007558258439109229,0.001190609517294441,0.0023633862604235147,0.009282966648283738
2025-05-27 00:00:00+00:00,103.5199966430664,0.004744602215774663,3.3930693192342936e-07,4.4943707029881934e-05,0.00019790294596702652,0.0006614887125869175,0.0006752853063896222,0.0010558647245778902,0.0015757236112701753,0.006025110563259423
2025-05-28 00:00:00+00:00,102.11000061035156,-0.013714128779875878,2.2511250185933838e-05,2.2850557117856344e-05,6.74549572158186e-05,0.00042717701530728495,0.0006969475966681154,0.0007862083956531958,0.0014064752248071923,0.005047965702072912
2025-05-29 00:00:00+00:00,102.69000244140624,0.005664095439891881,0.00018807732819101983,0.00021058857837695275,0.00021092788530887902,0.0004084915243439774,0.0008720772909638738,0.0009667537292197983,0.0015936396484877858,0.0052301819975160285
2025-05-30 00:00:00+00:00,102.3000030517578,-0.0038050621956964292,3.2081977152204e-05,0.00022015930534322292,0.00024267055552915957,0.00028761426255903967,0.0006473363206505114,0.0009179558619187781,0.001433619379755522,0.005254374260662288
2025-06-02 00:00:00+00:00,103.0500030517578,0.0073046341617732935,1.4478498313118131e-05,4.656047546532121e-05,0.00023463780365634386,0.00025748836077419833,0.0004550519998093021,0.0009315854003244556,0.001313013778420166,0.00515824962134513
2025-06-03 00:00:00+00:00,103.8000030517578,0.007251663181343737,5.3357680237345426e-05,6.783617855046263e-05,9.991815570266945e-05,0.00031050673407962033,0.00035545044110950585,0.0009719954466665397,0.0010742038795468832,0.004542624839194295
2025-06-04 00:00:00+00:00,102.3000030517578,-0.01455629734311703,5.258661889565637e-05,0.00010594429913300088,0.00012042279744612182,0.0003405821027893429,0.0003634326599072028,0.0007677591180966296,0.0011192585038181221,0.004376386053486845
2025-06-05 00:00:00+00:00,101.83000183105467,-0.004604928623975546,0.00021188579234123593,0.0002644724112368914,0.0003178300914742396,0.000364390566939559,0.0005749791453165153,0.0007728820912835381,0.001250264451706134,0.0038255700405563442
2025-06-06 00:00:00+00:00,104.2699966430664,0.023678882441816818,2.1205367631909315e-05,0.00023309115997314432,0.0002856777788688035,0.0003535139574192643,0.0005736732627624908,0.0006411282199783057,0.0012706208594306025,0.0037723961132622085
2025-06-09 00:00:00+00:00,104.97000122070312,0.0066909500698972835,0.0005606894736933808,0.0005818948413252892,0.0007937806336665279,0.000899724932799527,0.0009462854082648518,0.001157213293573727,0.001818362699228722,0.004196972574904133
2025-06-10 00:00:00+00:00,107.22000122070312,0.02120820310765037,4.4768812837858466e-05,0.0006054582865312383,0.0006266636541631505,0.0008911360654000401,0.0009589722439505063,0.0012016427994796619,0.001606308564601014,0.0042414361715701985
2025-06-11 00:00:00+00:00,109.30999755859376,0.019305050186618544,0.0004497878790553508,0.0004945566918932083,0.0010552461655865919,0.0012883373255597346,0.001394281624692739,0.001628919428349079,0.0018493336245020376,0.004690918834453757
2025-06-12 00:00:00+00:00,109.7300033569336,0.0038349736243343813,0.00037268496270786067,0.0008224728417632104,0.0008672416546010718,0.0014491364959263592,0.0017136089071632542,0.0018135270628659198,0.0020690593482727564,0.005057410844825109
2025-06-13 00:00:00+00:00,112.12000274658205,0.021546917198017823,1.470702269934038e-05,0.00038739198540720007,0.0008371798644625537,0.0014426381509937904,0.0016757293109669383,0.0017961521084130564,0.0020391619708741374,0.004421019613232176
2025-06-16 00:00:00+00:00,112.4800033569336,0.0032057071136755155,0.00046426964073823624,0.00047897666343757564,0.0008516616261454392,0.0013462183180386457,0.0019281131593639385,0.0022459432508381743,0.0025030923046804503,0.004883275527611917
2025-06-17 00:00:00+00:00,114.0,0.013422990487425679,1.0276558098669805e-05,0.00047454619883690506,0.0004892532215362483,0.001311726063299457,0.0019171843498306989,0.002202862128699499,0.002490857612593186,0.004877094430134558
2025-06-18 00:00:00+00:00,113.19000244140624,-0.0071306041810688114,0.00018017667362552026,0.0001904532317241891,0.0006547228724624282,0.0010421148578696265,0.0015366715497628384,0.0023304521834293626,0.002482956958027687,0.004269269147674816
2025-06-20 00:00:00+00:00,114.6999969482422,0.013252153315465698,5.0845515987076015e-05,0.00023102218961259532,0.00024129874771126793,0.0007202754111488419,0.001542748252912056,0.0021694119070752027,0.0025017204968625583,0.0041283550270129745
2025-06-23 00:00:00+00:00,111.73999786376952,-0.026145272615757165,0.00017561956749660848,0.00022646508348368353,0.0004066417571092066,0.0008811879559461099,0.0012685799413533136,0.002323826106939902,0.002662861566046049,0.004303061689999156
2025-06-24 00:00:00+00:00,108.33999633789062,-0.030900328485389927,0.0006835752801522615,0.000859194847648869,0.0009100403636359478,0.001100493595360135,0.0015794702587977145,0.0024467119133987827,0.003293079165960965,0.004794534724266951
2025-06-25 00:00:00+00:00,108.37000274658205,0.00027692685164470987,0.0009548303005050002,0.0016384055806572609,0.001814025148153872,0.0020450473377664653,0.0025195935366033742,0.0033567734010659244,0.004195322847570309,0.005614280925123476
2025-06-26 00:00:00+00:00,109.98999786376952,0.014838109867592486,7.668848116185115e-08,0.0009549069889861611,0.0016384822691384254,0.0018649473526221071,0.0020554005843463,0.0029070622104917358,0.003983513743710234,0.005322190034494011
2025-06-27 00:00:00+00:00,109.37999725341795,-0.005561400338815581,0.0002201695044427455,0.00022024619292390648,0.0011750764934289094,0.0020342713410777765,0.0022652935306903756,0.0027545467522266205,0.0041824778805210705,0.005534827544312339
2025-06-30 00:00:00+00:00,107.8000030517578,-0.014550346023828986,3.0929173728578054e-05,0.0002510986781713227,0.00025117536665248725,0.0018895809473097461,0.0021160460307934332,0.002770768903255858,0.003652717580556268,0.005484876873587692
2025-07-01 00:00:00+00:00,109.23999786376952,0.013269590265778675,0.000211712569413156,0.0002426417431417332,0.0004628112475844814,0.0014177182365706406,0.0022769130842195135,0.0025182118319307775,0.003819661337131566,0.005695740483093408
2025-07-02 00:00:00+00:00,111.0500030517578,0.016433300771254267,0.00017608202582164816,0.0003877945952348033,0.00041872376896338404,0.0006389699618872887,0.002277375542544553,0.0026840172996537557,0.003545955483897863,0.0058588748750197945
2025-07-03 00:00:00+00:00,112.1999969482422,0.01030238806795758,0.0002700533742385061,0.00044613540006015336,0.0006578479694733121,0.0009089466476446329,0.0018638536366307975,0.0027738940002667418,0.0034433238954285086,0.005872105301792734
2025-07-07 00:00:00+00:00,111.11000061035156,-0.009762258800192214,0.00010613919990279471,0.00037619257414129995,0.0005522745999629508,0.000794916343104682,0.0010151625360285922,0.0028291876841824606,0.003534756072631963,0.005771481682541201
2025-07-08 00:00:00+00:00,114.19000244140624,0.027343042004630114,9.530169688193032e-05,0.00020144089678472417,0.00047149427102323297,0.0008592888662580344,0.0011103875444293605,0.0027488698135677827,0.003165788128775657,0.00571382414048599
2025-07-09 00:00:00+00:00,113.8000030517578,-0.003421200584684314,0.0007476419460669668,0.0008429436429488962,0.0009490828428516937,0.0013952182429118453,0.0016378599860535819,0.002812936479482488,0.0039031535167439535,0.006416861686454998
2025-07-10 00:00:00+00:00,114.93000030517578,0.009880701526904012,1.1704613440644293e-05,0.0007593465595076102,0.0008546482563895432,0.0012308408305308413,0.0016186354257656482,0.001869810792418132,0.003734681456559078,0.006428226992963719
2025-07-11 00:00:00+00:00,115.43000030517578,0.004341038234651151,9.762826266376328e-05,0.0001093328761044067,0.0008569748221713763,0.0010584157189560985,0.0015045511190162554,0.001967362366600733,0.0037814642032357655,0.006503344005441548
2025-07-14 00:00:00+00:00,113.91999816894533,-0.013167856680134093,1.8844612954703183e-05,0.0001164728756184656,0.0001281774890591126,0.000971121132008007,0.0013473137061493104,0.001766037475112691,0.00362468924869386,0.006334111290205231
2025-07-15 00:00:00+00:00,112.91000366210938,-0.008905357964192895,0.00017339244954855208,0.0001922370625032544,0.00028986532516702036,0.0010492118846746287,0.0012506527814593565,0.0019085007509326648,0.0031145064180901506,0.006475421762601579
2025-07-16 00:00:00+00:00,112.2300033569336,-0.006040706686949449,7.930540047041382e-05,0.000252697850018965,0.0002715424629736709,0.00038087533907807565,0.0012238189820269756,0.0017760935819899227,0.0022389815180555643,0.006540248664758875
2025-07-17 00:00:00+00:00,111.66000366210938,-0.005091794260179583,3.6490137277755784e-05,0.00011579553774816873,0.00028918798729672354,0.0004056608629151872,0.001165007422422801,0.0016365016934460303,0.002275394966852158,0.006523381121799285
2025-07-18 00:00:00+00:00,107.7699966430664,-0.03545927721949571,2.5926368787997745e-05,6.241650606575266e-05,0.0001417219065361692,0.0003339589690394216,0.000443291845143832,0.001392374687995522,0.00208115183119741,0.006496720871691627
2025-07-21 00:00:00+00:00,108.0500030517578,0.0025948157371500358,0.0012573603409290475,0.0012832867097170443,0.0013197768469948028,0.0015724746970137659,0.0016889475726322351,0.002543595829021775,0.00330758299839788,0.007542195420279438
2025-07-22 00:00:00+00:00,108.54000091552734,0.0045246658733537615,6.733068709761483e-06,0.001264093409638808,0.0012900197784268086,0.0014058153161749752,0.0015980523786782333,0.0024550272008496054,0.003102603497694485,0.00752772312135729
2025-07-23 00:00:00+00:00,109.93000030517578,0.01272502529667463,2.0472601265492158e-05,2.7205669975252774e-05,0.0012845660109043029,0.0013469825169700536,0.0015996803669890223,0.0017278578560481312,0.0029469940731383292,0.0069875062489294015
2025-07-24 00:00:00+00:00,110.79000091552734,0.007792723429345116,0.00016192626880100926,0.00018239887006650055,0.00018913193877626464,0.001472418648493307,0.0015882141862414794,0.001878079511408496,0.0028388669677008324,0.007104663704892552
2025-07-25 00:00:00+00:00,110.4000015258789,-0.0035263781318475296,6.072653844626431e-05,0.0002226528072472727,0.00024312540851276746,0.0015072188181515737,0.00156963532421733,0.0018411777871909973,0.002793454306244302,0.0067156023642834664
2025-07-28 00:00:00+00:00,111.44000244140624,0.009376203714997366,1.2435342728772473e-05,7.316188117503592e-05,0.00023508814997604777,0.0002622938199512986,0.0015455805296683467,0.0018347685169650663,0.0027105879520911438,0.0063553527443043776
2025-07-29 00:00:00+00:00,112.87999725341795,0.01283893183332463,8.791319610513042e-05,0.00010034853883390203,0.00016107507728016894,0.00034347394734666754,0.0016075673569854792,0.0017492892635216448,0.0020508592021293076,0.006428558917710168
2025-07-30 00:00:00+00:00,111.9000015258789,-0.008719654258710463,0.00016483817062075653,0.0002527513667258861,0.0002651867094546612,0.0004878395167019319,0.0005150451866771884,0.0018348220336719876,0.0022039927593094197,0.006129127447592688
2025-07-31 00:00:00+00:00,111.63999938964844,-0.0023262257529923502,7.603237039144751e-05,0.0002408705410122032,0.00032878373711733616,0.0004019456182923701,0.0005843444883588744,0.0018743642667856794,0.002182396867037104,0.0061948832598854656
2025-08-01 00:00:00+00:00,109.63999938964844,-0.018077137333265547,5.411326253884827e-06,8.144369664533147e-05,0.0002462818672660906,0.00034663040609999066,0.0005692832133472671,0.0018538492242515664,0.002168963580336286,0.00602011791251383
2025-08-04 00:00:00+00:00,107.37000274658205,-0.02092142684113618,0.00032678289416574304,0.000332194220419627,0.00040822659081107707,0.0006609779575369613,0.0007341398387120009,0.000923271777488262,0.0023223540249534768,0.006296055290692497
2025-08-05 00:00:00+00:00,107.23999786376952,-0.0012115455789114549,0.00043770610106901346,0.0007644889952347556,0.000769900321488643,0.0010107708625008442,0.00111111940133475,0.001354244809847514,0.0026807547255520764,0.006558141824264903
2025-08-06 00:00:00+00:00,106.51000213623048,-0.006830395935974565,1.4678426897798924e-06,0.0004391739437587925,0.0007659568379245382,0.0008474005345698676,0.0011001519012957574,0.0013352400512718018,0.0026457324309641004,0.00587603438680242
2025-08-07 00:00:00+00:00,105.9499969482422,-0.005271641601139798,4.665430864217785e-05,4.812215133195688e-05,0.0004858282524009729,0.000818022472820598,0.001058893013832805,0.0012199680911129703,0.0026664603708182804,0.004967858394939599
2025-08-08 00:00:00+00:00,106.8000030517578,0.00799069919005202,2.7790205170867776e-05,7.444451381304476e-05,7.59123565028272e-05,0.0008404013517375809,0.0009218450483829161,0.0011870317578375738,0.001436890235060101,0.004995571911629304
2025-08-11 00:00:00+00:00,105.83000183105467,-0.009123904693123741,6.3851273545898e-05,9.16414787167649e-05,0.00013829578735894533,0.0005774697311177358,0.0009096639515373666,0.0012384476886546994,0.0014940084398962375,0.0048392536807324565
2025-08-12 00:00:00+00:00,106.12999725341795,0.002830681486837072,8.324563684920543e-05,0.00014709691039510256,0.0001748871155659729,0.0002230092668979279,0.0009874982621326871,0.001233780129398774,0.0015567814754799507,0.004891570143853084
2025-08-13 00:00:00+00:00,107.5999984741211,0.013755901652334757,8.012757679922139e-06,9.12583945291267e-05,0.00015510966807502727,0.00022955418188807012,0.0006687281256468662,0.0010769547164579398,0.0014028679643588637,0.00468787033211985
2025-08-14 00:00:00+00:00,107.37999725341795,-0.0020467141303832648,0.0001892248302687061,0.00019723758794862735,0.00028048322479783534,0.00037212470351459835,0.0004202468548465589,0.0011901471763351985,0.0015313662561813055,0.004701013136566908
2025-08-15 00:00:00+00:00,106.48999786376952,-0.008322855449363509,4.189038731510524e-06,0.00019341386900021573,0.00020142662668014042,0.00034852353707524116,0.0004229680508882896,0.0011889248888128242,0.0015231199521840435,0.004435148801059913
2025-08-18 00:00:00+00:00,106.72000122070312,0.002157529638779465,6.926992283099985e-05,7.345896156250948e-05,0.00026268379183121815,0.00035394218636034295,0.00044558366507711154,0.0009314119174780811,0.001504476678909913,0.004398279523988118
2025-08-19 00:00:00+00:00,107.41999816894533,0.0065377738258751705,4.654934142211849e-06,7.392485697321081e-05,7.811389570472391e-05,0.00027535148365334937,0.00042244839404845567,0.0004983607505512794,0.0013442934424313681,0.004307632761248399
2025-08-20 00:00:00+00:00,108.52999877929688,0.010280253778752524,4.2742486598298464e-05,4.7397420740509416e-05,0.00011666734357151184,0.0003100812125717257,0.0004013396071008561,0.000539635394459798,0.001311003558638219,0.003602733301779731
2025-08-21 00:00:00+00:00,109.2300033569336,0.006429160377845022,0.00010568361775555554,0.0001484261043538531,0.00015308103849606753,0.00022654000005857514,0.00042377758800720615,0.0005986647035731757,0.00141127585013989,0.0036967123060946423
2025-08-22 00:00:00+00:00,111.27999877929688,0.01859375505737404,4.133410316405235e-05,0.000147017720919607,0.00018976020751790805,0.000263685064491117,0.0004570989334913364,0.0006122086015663602,0.0011258270591381994,0.0036404181465949314
2025-08-25 00:00:00+00:00,111.73999786376952,0.004125188267602553,0.0003457277271336227,0.0003870618302976741,0.0004927454480532323,0.0005401428687937398,0.000613601830356253,0.0008940850551540848,0.0010338486852028083,0.003967301260773851
2025-08-26 00:00:00+00:00,111.48999786376952,-0.0022398432943919744,1.7017178243165754e-05,0.0003627449053767875,0.00040407900854084246,0.0005525051128946937,0.0006264299698679082,0.0008278565965480452,0.001049398020756194,0.0038109259894684644
2025-08-27 00:00:00+00:00,112.75,0.011238096764044414,5.0168979834326926e-06,2.2034076226597526e-05,0.0003677618033602228,0.0005147795242798279,0.000562176945020341,0.0008248607368515558,0.0010077606100974492,0.0037366374869814835
2025-08-28 00:00:00+00:00,113.3499984741211,0.005307385109092344,0.00012629481887802552,0.0001313117168614573,0.00014832889510462565,0.0005353907254022979,0.0006838168297561547,0.0007619307254608753,0.0011062652238046067,0.0038264421685817534
2025-08-29 00:00:00+00:00,114.29000091552734,0.008258722428189813,2.8168336696215154e-05,0.00015446315557423974,0.00015948005355767504,0.0005222249589344608,0.0006692426798540715,0.0007859100234255799,0.001070582286954924,0.0038286841364899705
2025-09-02 00:00:00+00:00,114.69000244140624,0.003493771743362295,6.820649614588545e-05,9.637483284209968e-05,0.0002226696517201278,0.0002447037279467235,0.0006317655582444013,0.0007848465967404655,0.001055543146251604,0.0026395302917068086
2025-09-03 00:00:00+00:00,111.91000366210938,-0.0245378481097962,1.2206440994716811e-05,8.041293714060134e-05,0.0001085812738368191,0.00023989299069827454,0.0006026378960750658,0.0007923981035929704,0.0010597368295663988,0.002645003663991764
2025-09-04 00:00:00+00:00,112.4000015258789,0.004368941481389221,0.000602105989859429,0.0006143124308541449,0.000682518927000033,0.0008369820825742709,0.0008590161588008722,0.001351761606854101,0.0014726179891571215,0.0032266370525857006
2025-09-05 00:00:00+00:00,109.2300033569336,-0.028608169446866505,1.9087649667803443e-05,0.0006211936395272315,0.000633400080521951,0.0007297749133640489,0.0008610866302255099,0.0012651656387663488,0.0014875166000934146,0.003083798433452495
2025-09-08 00:00:00+00:00,109.8499984741211,0.0056600033518918735,0.0008184273591006262,0.0008375150087684287,0.0014396209986278605,0.00152003393576846,0.0016744970913427034,0.0020422588947029228,0.002236674036363041,0.003841499254106857
2025-09-09 00:00:00+00:00,110.6500015258789,0.007256295347147557,3.2035637943427245e-05,0.0008504629970440525,0.0008695506467118586,0.0014838630775660016,0.001580237910408105,0.0017285668055127274,0.0022640547401642564,0.0038610995493215112
2025-09-10 00:00:00+00:00,112.5,0.016581141357276508,5.265382216503528e-05,8.468946010846155e-05,0.0009031168192090904,0.0015243104587363203,0.0016047233958769252,0.0017642034494345967,0.002273966075730993,0.0038258401753814165
2025-09-11 00:00:00+00:00,112.13999938964844,-0.003205136391712493,0.00027493424870998545,0.00032758807087501974,0.00035962370881844957,0.0011971387175868766,0.001811451148441025,0.0020341208001611495,0.002443216706685423,0.003935936253470645
2025-09-12 00:00:00+00:00,112.16000366210938,0.00017837068427795089,1.027289928947978e-05,0.00028520714799946424,0.0003378609701645021,0.001188323967208553,0.0018095176067357882,0.001918098880572604,0.0024121555028108503,0.0038701767823686776
2025-09-15 00:00:00+00:00,112.3499984741211,0.0016925291128213615,3.1816101009784436e-08,1.0304715390488588e-05,0.00028523896410047664,0.0003699284242089364,0.001207443432977369,0.0018899623599773984,0.0020664595917782376,0.0038647972722158025
2025-09-16 00:00:00+00:00,114.68000030517578,0.020526658626415006,2.864654797747865e-06,2.896470898756674e-06,1.3169370188239055e-05,0.00034075744106325706,0.0011912204381073132,0.001824620518629261,0.0020523070683328196,0.0035408790328478076
2025-09-17 00:00:00+00:00,115.29000091552734,0.005305057509668032,0.0004213437143653776,0.00042420836916312447,0.00042424018526413687,0.0007094473332635994,0.0007941367933720646,0.0022337577919999217,0.0024686338847147646,0.0035245166461441717
2025-09-18 00:00:00+00:00,113.93000030517578,-0.011866473797295107,2.8143635180885182e-05,0.00044948734954626177,0.00045235200434401223,0.0004626567197344991,0.0007902447906095225,0.0016597954373213778,0.0023704827010176243,0.003551192438635277
2025-09-19 00:00:00+00:00,112.81999969482422,-0.009790601781799246,0.00014081320038189136,0.00016895683556277557,0.0005903005499281557,0.0005931970208269107,0.0008784041688263786,0.001781520988035466,0.0024831275647033005,0.00364535133037499
2025-09-22 00:00:00+00:00,112.0199966430664,-0.007116228792434676,9.585588324977057e-05,0.00023666908363166096,0.0002648127188125488,0.0006890210879756715,0.0006993258033661637,0.00105894951218461,0.0025107769518071857,0.003713417008453893
2025-09-23 00:00:00+00:00,113.9499969482422,0.017082332095725405,5.0640712226276284e-05,0.0001464965954760459,0.00028730979585793985,0.0007367971454041999,0.0007396936163029603,0.0010775545864674591,0.002549211223038745,0.0037002064471342716
2025-09-24 00:00:00+00:00,114.55999755859376,0.005338952991036372,0.0002918060698286503,0.00034244678205492564,0.0004383026653046988,0.0006072595008674727,0.0010314678700306008,0.001316706834131074,0.0022389113030079665,0.003908766880113716
2025-09-25 00:00:00+00:00,115.58999633789062,0.008950733723110282,2.850441904049622e-05,0.00032031048886914555,0.00037095120109542444,0.0006076202847270836,0.0010571076342733492,0.0010702770044615849,0.002248328072380659,0.0039292585414742905
2025-09-26 00:00:00+00:00,117.22000122070312,0.014003105837773866,8.011563418202366e-05,0.0001086200532225189,0.00040042612305117185,0.000546922718527216,0.0007158795540899951,0.001140119739354129,0.0015100163474620566,0.003820149345387608
2025-09-29 00:00:00+00:00,114.22000122070312,-0.025926097538047088,0.00019608697310389653,0.00027620260728591917,0.000304707026326418,0.0006471538083813418,0.0008838228920130066,0.0013361748963570154,0.0016740676826225258,0.004012047279759994
2025-09-30 00:00:00+00:00,112.75,-0.012953445541226571,0.0006721625335523312,0.0008682495066562267,0.000948365140838253,0.0012686756297073968,0.0014151722251834465,0.002005472775111599,0.0022935763940098216,0.004614939890481325
2025-10-01 00:00:00+00:00,111.98999786376952,-0.006763415863375144,0.00016779175138952255,0.0008399542849418527,0.0010360412580457518,0.001144661311268269,0.0014871080933231984,0.001751920812135744,0.002186433896689359,0.004778076707728636
2025-10-02 00:00:00+00:00,111.29000091552734,-0.006270147307577467,4.574379414095455e-05,0.000213535545530476,0.0008856980790828098,0.0011619006863687273,0.0014822111752378767,0.0017695209710958133,0.0022219047915408336,0.004781078015271291
2025-10-03 00:00:00+00:00,113.26000213623048,0.017546664335120532,3.931474725872096e-05,8.505854139967443e-05,0.00025285029278919956,0.0011210997994454248,0.0012297198526679473,0.001668022517972643,0.0022611877226985447,0.004714709144774457
2025-10-06 00:00:00+00:00,114.1999969482422,0.008265190952030821,0.00030788542928939086,0.00034720017654811075,0.00039294397068906784,0.001232898255630919,0.001509100862916842,0.001880052064012263,0.002566208497190188,0.004981260470899796
2025-10-07 00:00:00+00:00,114.26000213623048,0.0005253014935533429,6.831338147353215e-05,0.0003761988107629219,0.00041551355802164544,0.00062904910355212,0.0014972986102083504,0.001897724733259519,0.0022131781642983424,0.004703846125239705
2025-10-08 00:00:00+00:00,114.0199966430664,-0.0021027298307254583,2.7594165912937275e-07,6.858932313266043e-05,0.0003764747524220538,0.00046153329382172674,0.0013014875787635831,0.001606194605089998,0.0021853104707765868,0.004687104888655669
2025-10-09 00:00:00+00:00,112.91000366210938,-0.009782768535504083,4.421472741022714e-06,4.697414400151003e-06,7.30107958736857e-05,0.0004202109724217949,0.0006337465179522747,0.0015821116587905245,0.0020489187431357177,0.004686509463413259
2025-10-10 00:00:00+00:00,110.7300033569336,-0.019496237599906152,9.570256021924869e-05,0.00010012403296027032,0.00010039997461940224,0.0004765987853823227,0.0005616573267820009,0.0015976985848277494,0.002048765420105196,0.004655917204754482
2025-10-13 00:00:00+00:00,112.23999786376952,0.013544580735098677,0.0003801032805519944,0.000475805840771242,0.0004802273135122673,0.0005488166366449263,0.0008960168131930408,0.0017817148922758476,0.002378227988430914,0.005007852148610261
2025-10-14 00:00:00+00:00,112.29000091552734,0.0004454019761848116,0.0001834556672896062,0.0005635589478415995,0.0006592615080608508,0.0006639589224610004,0.0010401577332239261,0.0012930080260131227,0.00226987758589187,0.0051231013197539825
2025-10-15 00:00:00+00:00,111.61000061035156,-0.006074161601453909,1.9838292038933548e-07,0.00018365405020999445,0.0005637573307619914,0.0006638813637222603,0.0007324706868549245,0.0011254146575439892,0.002241571549771763,0.005111093261679655
2025-10-16 00:00:00+00:00,110.63999938964844,-0.008728975296285135,3.689543916057712e-05,3.7093822080965366e-05,0.00022054948937057413,0.0006963553301418147,0.0007010527445419694,0.0011165663025636118,0.0021983513547503167,0.004545882710980803
2025-10-17 00:00:00+00:00,112.23999786376952,0.014357734921554233,7.619500972315617e-05,0.0001130904488837322,0.00011328883180412408,0.0006768477796457222,0.0007769718126059963,0.001153446565028047,0.0020784593913695765,0.004602990071036156
2025-10-20 00:00:00+00:00,112.6999969482422,0.004089977205631534,0.00020614455207761793,0.000282339561800773,0.00031923500096135265,0.0005028890511713457,0.0009786948919425914,0.001051705687816274,0.001612441409894863,0.003990707264013147
2025-10-21 00:00:00+00:00,112.70999908447266,8.874616399445756e-05,1.6727913542585533e-05,0.00022287246562020238,0.0002990674753433611,0.000336161297424325,0.0008997202452659283,0.0010001202198853274,0.001461377572047926,0.0039753995396123055
2025-10-22 00:00:00+00:00,114.70999908447266,0.017589056180813856,7.875881623731156e-09,1.6735789424208208e-05,0.00022288034150182864,0.00033597079038555935,0.0005196248405955577,0.0009998521541078218,0.0014156416537885951,0.003922753593328894
2025-10-23 00:00:00+00:00,115.9800033569336,0.011010595080424679,0.0003093748973318261,0.00030938277321344875,0.0003261106867560368,0.0006084502485568083,0.0006455440706377776,0.001304805578698625,0.0016857018038617002,0.0039571942419507344
2025-10-24 00:00:00+00:00,115.38999938964844,-0.005100101475258079,0.00012123320402507214,0.0004306081013568971,0.00043061597723852347,0.0006534884428587243,0.0007665788917424603,0.0013303362225044486,0.0014990495785973815,0.0040681545466863265
2025-10-27 00:00:00+00:00,115.94000244140624,0.00475514705197444,2.601103505792963e-05,0.0001472442390830007,0.0004566191364148293,0.000473354925839036,0.0007556944876398129,0.0009762439770103838,0.0014567472321817792,0.0040941337656432465
2025-10-28 00:00:00+00:00,115.02999877929688,-0.007879883673206578,2.2611423485901207e-05,4.8622458543829754e-05,0.00016985566256890445,0.0004792384357823517,0.0007021109014025579,0.0008153997332066789,0.001479082714008551,0.004113880534331401
2025-10-29 00:00:00+00:00,116.4499969482422,0.012269016827879398,6.209256670326759e-05,8.470399018916771e-05,0.0001107150252470999,0.0005413231266039955,0.0005580589160282076,0.0008772939169895571,0.0015367538079707958,0.00375462938666929
2025-10-30 00:00:00+00:00,114.69000244140624,-0.015229112460324323,0.00015052877392278784,0.00021262134062605435,0.0002352327641119581,0.0003824770031949573,0.0006918597764084099,0.0009909272517517678,0.001591580021674335,0.0038770145254111927
2025-10-31 00:00:00+00:00,114.36000061035156,-0.0028814848722138464,0.00023192586632920557,0.00038245464025199233,0.0004445472069552625,0.0004931696654990908,0.0009237777668559917,0.0011466581083578171,0.001443402607451546,0.003968127191358507
2025-11-03 00:00:00+00:00,113.76000213623048,-0.005260387957890522,8.302955068797246e-06,0.00024022882139800174,0.00039075759532079216,0.0004754615855099584,0.0006227058245929628,0.0009488165113489966,0.0012682498952307371,0.003880574263177534
2025-11-04 00:00:00+00:00,114.13999938964844,0.0033347749278398453,2.7671681467519618e-05,3.597463653631578e-05,0.0002679005028655239,0.0004805218434915768,0.0005291443020354103,0.0009597602792739306,0.0012957231937778674,0.003857605232418777
2025-11-05 00:00:00+00:00,113.68000030517578,-0.004038273287806149,1.1120723819349245e-05,3.8792405286867784e-05,4.7095360355667603e-05,0.00042955000060765846,0.00051425399079683,0.0009708731272116562,0.0012699484784366394,0.0035769198864094762
2025-11-06 00:00:00+00:00,114.5,0.007187336520932952,1.6307651147008683e-05,2.7428374966356842e-05,5.510005643387904e-05,0.00029532887783187926,0.0005079502184579374,0.0006778058810268388,0.001210061119860492,0.003564723118515989
2025-11-07 00:00:00+00:00,117.22000122070312,0.023477698467766928,5.165780626513659e-05,6.796545741214418e-05,7.9086181231496e-05,0.0001150608177678103,0.0004975154580198065,0.0006082304832669032,0.0010555743740480108,0.0035362652905991014
2025-11-10 00:00:00+00:00,118.22000122070312,0.008494784259852395,0.0005512023253433856,0.000602860131608521,0.0006191677827555324,0.0006579601880423987,0.0008981890094404042,0.0011334217735523592,0.0015900487858488107,0.0038913806428385904
2025-11-11 00:00:00+00:00,119.77999877929688,0.0131094109231924,7.2161359621436e-05,0.0006233636849648205,0.0006750214912299596,0.0007024498661963149,0.0007384245027326346,0.001182971709687894,0.0016622022695886231,0.0032913794689076953
2025-11-12 00:00:00+00:00,118.12000274658205,-0.013955636516912229,0.0001718566547531162,0.00024401801437455112,0.0007952203397179392,0.0008631857971300818,0.0009019782024169535,0.0012927357977377426,0.001524684027009913,0.003295444372271289
2025-11-13 00:00:00+00:00,118.79000091552734,0.005656155880362057,0.00019475979059217408,0.00036661644534528924,0.0004387778049667278,0.0010416379365752472,0.001069066311541608,0.001336966814407129,0.001598210613577015,0.003444460368722508
2025-11-14 00:00:00+00:00,119.29000091552734,0.00420027496010178,3.1992099342954274e-05,0.00022675188993512727,0.00039860854468824606,0.0010219722296530651,0.0010899376870652131,0.0011370330474208775,0.0016041916778620398,0.003437137720806742
2025-11-17 00:00:00+00:00,117.68000030517578,-0.013588432082207724,1.764230974045801e-05,4.9634409083411195e-05,0.0002443941996755879,0.0004884122140501373,0.0010912723456586624,0.0011463724020925384,0.0015992225641165965,0.0031468946012578086
2025-11-18 00:00:00+00:00,119.02999877929688,0.011406473037913756,0.00018464548645277215,0.00020228779619322907,0.00023427989553618595,0.0006008963408814735,0.001224260025846298,0.0013033462070777908,0.001721775483866101,0.003263226706237049
2025-11-19 00:00:00+00:00,117.3499984741211,-0.014214642630133945,0.00013010762716465346,0.0003147531136174245,0.00033239542335788513,0.0005591473132930107,0.0008031653276675658,0.001422333110423095,0.0017013543371079667,0.0033930583917425733
2025-11-20 00:00:00+00:00,117.0199966430664,-0.002816077620976465,0.00020205606510242127,0.00033216369226707365,0.0005168091787198484,0.000566443587803258,0.0009330600331485511,0.0016080815243785078,0.0016714845358811823,0.003590692984103972
2025-11-21 00:00:00+00:00,117.08000183105467,0.0005126457897777215,7.930293167364466e-06,0.00020998635826978467,0.0003400939854344407,0.0005423817816276682,0.0007691336715627993,0.0015643540112807357,0.0016711118739797495,0.0035029207170520875
2025-11-24 00:00:00+00:00,115.97000122070312,-0.009525929968394742,2.628057057768238e-07,8.193098873140206e-06,0.00021024916397556408,0.0005250022775929869,0.000574636686676402,0.0010134144916431266,0.0016437029982180069,0.00312308024220587
2025-11-25 00:00:00+00:00,114.51000213623048,-0.01266937341398311,9.074334176276104e-05,9.100614746853679e-05,9.893644063590385e-05,0.00043110013290297586,0.0006333879290962088,0.0010319964737844519,0.0017233256161614187,0.0030303679166790247
2025-11-26 00:00:00+00:00,114.7699966430664,0.002267922362698016,0.00016051302270294202,0.00025125636446570197,0.0002515191701714814,0.00046150552844126445,0.0007762586420586928,0.0010206528417342775,0.001867530987717352,0.0031906825564615776
2025-11-28 00:00:00+00:00,115.91999816894533,0.009970185773227946,5.143471843225752e-06,0.0001656564945461667,0.00025639983630893035,0.0002645929351820689,0.0005967566274491465,0.0008310365229853293,0.0018210166532954411,0.003158930589144226
2025-12-01 00:00:00+00:00,116.62999725341795,0.006106224936845983,9.940460435267694e-05,0.00010454807619590163,0.00026506109889884623,0.0003560672463673814,0.0005660536046371699,0.000898449027995052,0.0013692189323047323,0.0031821401837737466
2025-12-02 00:00:00+00:00,115.37999725341795,-0.01077550212934586,3.7285982979359734e-05,0.00013669058733203562,0.00014183405917526394,0.0003930904236409643,0.0004012835225141084,0.0009180927012339536,0.001334343555662656,0.0030132816146754885
2025-12-03 00:00:00+00:00,117.8000030517578,0.020757292099669478,0.00011611144613953715,0.00015339742911889582,0.00025280203347157533,0.00041845852801774034,0.0005094646754862811,0.0008495586609207187,0.0012785983470490771,0.00311266514727244
2025-12-04 00:00:00+00:00,117.13999938964844,-0.005618501672557841,0.0004308651753110009,0.000546976621450537,0.0005842626044298992,0.0006888106806257993,0.0009400670450915051,0.001150316209067066,0.0015147037317679041,0.0035435224467018174
2025-12-05 00:00:00+00:00,116.54000091552734,-0.005135225880356309,3.156756104453526e-05,0.0004624327363555351,0.0005785441824950748,0.0007152347698271089,0.0008808912643732794,0.0009798277050091801,0.001514279193469485,0.0032657151104145262
2025-12-08 00:00:00+00:00,115.9800033569336,-0.0048167781784673736,2.637054484228123e-05,5.79381058868154e-05,0.0004888032811978189,0.0006422007103167131,0.0007467487865126186,0.000998267956684097,0.0015230074285713083,0.0031708524512317356
2025-12-09 00:00:00+00:00,118.25,0.019383235979675284,2.3201352020559468e-05,4.957189686283961e-05,8.113945790737747e-05,0.0006281160793579128,0.0007648066666899522,0.0010212065029988795,0.0013615632941390956,0.0031680427681943656
2025-12-10 00:00:00+00:00,119.54000091552734,0.010850023682818843,0.0003757098370437785,0.00039891118906433683,0.0004252817339066207,0.0008877144702621543,0.0010411118993810537,0.0013061729982798969,0.0016071655040182204,0.0035211411817522424
2025-12-11 00:00:00+00:00,119.54000091552734,0.0,0.00011772301391772977,0.0004934328509615071,0.0005166342029820693,0.000574572308868883,0.0011215489303194237,0.0012633829894946845,0.001522832452833529,0.003576771628966705
2025-12-12 00:00:00+00:00,118.81999969482422,-0.006041310695653834,0.0,0.00011772301391772869,0.0004934328509615098,0.0005430047478243477,0.0010054374841798866,0.0012582395176514588,0.0015149021596661644,0.003426242855043917
2025-12-15 00:00:00+00:00,117.76000213623048,-0.008961067238097975,3.6497434921421414e-05,3.649743492142033e-05,0.0001542204488391527,0.000553131637903488,0.0006110697437903072,0.0011953323482202034,0.001551136788881809,0.003230814423636133
2025-12-16 00:00:00+00:00,114.68000030517578,-0.02650302944483318,8.030072604571286e-05,0.00011679816096713319,0.0001167981609671358,0.0006102310119286414,0.0006598029087914848,0.0012383470912865565,0.001540694173164761,0.0033028121946130484
2025-12-17 00:00:00+00:00,117.41000366210938,0.02352647015662246,0.0007024105697536946,0.0007827112957994064,0.0008192087307208304,0.0009369317446385574,0.0013358429337028983,0.001824646214900714,0.0020825917202155135,0.003977551082899223
2025-12-18 00:00:00+00:00,116.54000091552734,-0.007437544262064222,0.0005534947980304471,0.0012559053677841407,0.0013362060938298562,0.0013727035287512748,0.001866136379712786,0.0019472758376201603,0.002630943046402735,0.0045199251571103214
2025-12-19 00:00:00+00:00,116.69000244140624,0.001286297169335704,5.531706465016443e-05,0.0006088118626806104,0.0013112224324343077,0.0014280205934014392,0.0015457436073191718,0.0019710253412257893,0.0025868555067002225,0.004558934570613477
2025-12-22 00:00:00+00:00,118.1500015258789,0.012434149807506678,1.6545604078410445e-06,5.697162505800439e-05,0.0006104664230884542,0.0013931777188878587,0.001429675153809283,0.001946309356791349,0.002551224084128704,0.004508931324756181
2025-12-23 00:00:00+00:00,119.41999816894533,0.010691659238271534,0.00015460808143551836,0.0001562626418433583,0.00021157970649352535,0.0014674850742776642,0.0015842832352448014,0.002077716086206308,0.002589720719424685,0.004112337080848315
2025-12-24 00:00:00+00:00,119.22000122070312,-0.0016761397550881796,0.00011431157726731703,0.0002689196587028343,0.00027057421911067794,0.0008793860817912866,0.001662097377590697,0.0018163178264298467,0.002273167121381001,0.004154487298494196
2025-12-26 00:00:00+00:00,119.11000061035156,-0.0009230950137828486,2.809444478587063e-06,0.00011712102174590302,0.000271729103181424,0.00032870072823942663,0.0015846060960235712,0.001701404256990704,0.002244409004815053,0.003985440088219667
2025-12-29 00:00:00+00:00,120.52999877929688,0.011851233455379528,8.521044044707576e-07,3.661548883056736e-06,0.00011797312615037638,0.00027423576799373296,0.0008830476306743475,0.0017022563613951747,0.0022188905643772423,0.003791532402031963
2025-12-30 00:00:00+00:00,120.98999786376952,0.003809205424672335,0.000140451734413907,0.0001413038388183767,0.00014411328329696636,0.00041303294199979894,0.0004700045670578073,0.0018062106608876603,0.00233614094677059,0.0038999920371029155
2025-12-31 00:00:00+00:00,120.33999633789062,-0.005386840536280246,1.4510045967353144e-05,0.00015496178038125908,0.00015581388478573245,0.0002729349065316337,0.000429197548374996,0.0017404199808093005,0.0019749411556941646,0.0038968597733298107
2026-01-02 00:00:00+00:00,122.6500015258789,0.019013743784569215,2.901805096331205e-05,4.352809693066411e-05,0.00018397983134457374,0.0001876413802276287,0.00045656103893046705,0.001067027462018918,0.001886236192739747,0.0037412323378403505
2026-01-05 00:00:00+00:00,125.36000061035156,0.021854819771137457,0.00036152245270524447,0.0003905405036685554,0.0004050505496359112,0.0005463543884542861,0.0006634754102001932,0.0008750551166937154,0.0022477586454449916,0.003972647163380942
2026-01-06 00:00:00+00:00,121.0500030517578,-0.034985894321767574,0.0004776331472289007,0.0008391555999341441,0.0008681736508974588,0.001023135431278716,0.0010267969801617768,0.0012973711992724517,0.0026888943577524707,0.004248224245507421
2026-01-07 00:00:00+00:00,118.48999786376952,-0.021375157794922828,0.0012240128014938886,0.0017016459487227882,0.0020631684014280356,0.0021066964983586975,0.0022480003371770784,0.0025197294403584993,0.003832606433200646,0.005464306753833945
2026-01-08 00:00:00+00:00,122.91000366210938,0.036623859222071786,0.00045689737075785015,0.0016809101722517375,0.0021585433194806413,0.0025490838231491944,0.002704045603530458,0.002822018729680831,0.003587093234204802,0.005920941318886018
2026-01-09 00:00:00+00:00,124.61000061035156,0.013736454830933553,0.0013413070643181326,0.0017982044350759814,0.003022217236569873,0.0038613728365040154,0.003904900933434683,0.004049014216731647,0.004374905500492488,0.00717150504144139
2026-01-12 00:00:00+00:00,124.02999877929688,-0.00466540286763184,0.00018869019132227775,0.001529997255640409,0.001986894626398262,0.003688540575121048,0.004079081078789608,0.004234894963575337,0.004508278627164601,0.007199682210060726
2026-01-13 00:00:00+00:00,126.54000091552734,0.020035008968581458,2.17659839173074e-05,0.00021045617523958384,0.0015517632395577194,0.003232673411809455,0.004071829011743603,0.004255808843088175,0.004528390050674067,0.0072163047221348075
2026-01-14 00:00:00+00:00,130.1999969482422,0.02851323538164774,0.00040140158437113944,0.0004231675682884455,0.0006118577596107263,0.0024100621946867057,0.004111708143409498,0.004516758693045407,0.004775183553609688,0.007518301702153269
2026-01-15 00:00:00+00:00,129.1300048828125,-0.008252019663755661,0.0008130045919292484,0.0012144061763003865,0.001236172160217697,0.002766169415858104,0.004447079588109846,0.005315253239007301,0.005473876568271619,0.00829402031110316
2026-01-16 00:00:00+00:00,129.88999938964844,0.005868247048492314,6.80958285310101e-05,0.0008811004204602572,0.0012825020048313996,0.0014929581800709815,0.0032911626151469675,0.005354331016575,0.005539162952324042,0.008246004693494633
2026-01-20 00:00:00+00:00,130.4600067138672,0.0043787841107763015,3.443632342213876e-05,0.00010253215195314756,0.000915536743882399,0.0013387043121708426,0.002868701567811256,0.005027244887291894,0.00557274717134171,0.00784957584160577
2026-01-21 00:00:00+00:00,133.61000061035156,0.023858395337978955,1.9173750288787006e-05,5.3610073710924466e-05,0.0001217059022419376,0.0013361120785423221,0.0015465682537819103,0.004568785490351781,0.005451469187216591,0.007837182030850022
2026-01-22 00:00:00+00:00,133.63999938964844,0.00022449975246363607,0.0005692230281032959,0.0005883967783920816,0.0006228331018142234,0.0015039335222744787,0.0019271010905629285,0.0039139957169611874,0.006006182169352533,0.008380034514111036
2026-01-23 00:00:00+00:00,134.97000122070312,0.009902927644022341,5.040013885623387e-08,0.0005692734282421509,0.0005884471785309409,0.0006909793304840865,0.0019053855067844773,0.0034571487463421935,0.005977214518528078,0.008356883562229333
2026-01-26 00:00:00+00:00,134.83999633789062,-0.0009636773585111058,9.806797592274188e-05,9.81183760615968e-05,0.0006673414041648958,0.0007209514778758183,0.0016020518983360797,0.0022139096579468025,0.005713760041745575,0.008079241701108297
2026-01-27 00:00:00+00:00,136.8300018310547,0.014650429566751555,9.286740513069424e-07,9.899664997404752e-05,9.904705011290679e-05,0.0006874438285049864,0.0007899759804581383,0.0020261481406758323,0.005237055568567982,0.007962447361241874
2026-01-28 00:00:00+00:00,137.5800018310547,0.005466286633199147,0.00021463508649034816,0.0002155637605416538,0.0003136317364643987,0.0008829051647065477,0.0009365152384174765,0.0022190172432488726,0.0042276778535644405,0.008177082447732222
2026-01-29 00:00:00+00:00,140.50999450683594,0.02107304211689165,2.9880289556291662e-05,0.00024451537604663854,0.0002454440500979485,0.00034356242615954337,0.0009319592045516293,0.001847495948434025,0.0038006607723628824,0.008170465302367091
2026-01-30 00:00:00+00:00,141.39999389648438,0.006314088773803128,0.00044407310406028926,0.00047395339361657965,0.0006885884801069308,0.0007875851300809764,0.0013568585583231315,0.001478564460565066,0.0029034268121050388,0.008534237680381668
2026-02-02 00:00:00+00:00,138.39999389648438,-0.021444711214559042,3.986771704346669e-05,0.00048394082110375463,0.0005138211106600494,0.0007293848712017012,0.0008275032472633023,0.0014503363490775225,0.002754604337826228,0.00787169482767144
2026-02-03 00:00:00+00:00,143.72999572753906,0.03778851075451506,0.00045987563907583435,0.0004997433561192997,0.000943816460179592,0.0011883318362262286,0.0012873284862002805,0.001875775664731218,0.0031927139929847546,0.007778075668716827
2026-02-04 00:00:00+00:00,147.58999633789062,0.026501624543427305,0.0014279715450441002,0.0018878471841199333,0.001927714901163403,0.002401668294779981,0.002617232055321639,0.003284573459486531,0.004219283953657716,0.009150730149110763
2026-02-05 00:00:00+00:00,146.0800018310547,-0.010283704999703325,0.0007023361034407885,0.0021303076484848874,0.0025901832875607246,0.0030741241086644777,0.00331863948471112,0.003417686534824024,0.004108615465169255,0.009851411692143711
2026-02-06 00:00:00+00:00,149.0500030517578,0.02012741121754491,0.00010575458852092316,0.0008080906919617104,0.002236062237005814,0.0027358055931251115,0.0032097589867416954,0.003523390723206091,0.004146274225159168,0.009802558199229115
2026-02-09 00:00:00+00:00,151.2100067138672,0.014387802926718152,0.0004051126823201527,0.0005108672708410745,0.0012132033742818663,0.003101050558401797,0.0035849913795055564,0.0038304354296035017,0.0045169505840571824,0.01009335930428195
2026-02-10 00:00:00+00:00,151.58999633789062,0.00250984028841561,0.00020700887305807943,0.0006121215553782308,0.0007178761438991572,0.0028481837923840423,0.0033479271485033464,0.004036515628610274,0.004704785706826475,0.010297558732861443
2026-02-11 00:00:00+00:00,155.55999755859375,0.025852009779301355,6.299298273354153e-06,0.00021330817133143228,0.0006184208536515882,0.0014265115456132964,0.0033143587297332342,0.0038281798403932803,0.004141861976996533,0.010303005926730327
2026-02-12 00:00:00+00:00,149.92999267578125,-0.03686302393735197,0.0006683264096290929,0.0006746257079024457,0.0008816345809605284,0.0013925018518016008,0.0035228095002864924,0.004466625960466082,0.00481013798648677,0.010830880601945514
2026-02-13 00:00:00+00:00,148.4499969482422,-0.009920289003598981,0.0013588825338057841,0.0020272089434348758,0.002033508241708233,0.002645629797086462,0.0034537204890481765,0.005381435390211576,0.006070952544369812,0.012175253089783945
2026-02-17 00:00:00+00:00,146.19000244140625,-0.015341018428538078,9.841213391492687e-05,0.0014572946677207097,0.0021256210773498057,0.002338929248681236,0.002849796519522315,0.005439979807083036,0.006168436004233432,0.01224464717273556
2026-02-18 00:00:00+00:00,150.67999267578125,0.03025117199231797,0.00023534684642474493,0.0003337589803396705,0.001692641514145458,0.0023672672220479015,0.0029793887774261364,0.005215451014431946,0.006189147764167829,0.012118471566455059
2026-02-19 00:00:00+00:00,150.97000122070312,0.0019228154493085015,0.0009151334069088033,0.001150480253333547,0.001248892387248477,0.0032761013306833505,0.003489409502014787,0.00470261287629665,0.007074400881520341,0.012555971826134962
2026-02-20 00:00:00+00:00,147.27999877929688,-0.024745621028871234,3.6972192520994543e-06,0.0009188306261609014,0.0011541774725856496,0.002611472140306357,0.0032860978482088074,0.004003973992107961,0.006634024996712151,0.011335656243893173
2026-02-23 00:00:00+00:00,150.75999450683594,0.023353603325944938,0.0006123457601045142,0.0006160429793566123,0.001531176386265419,0.0018649353666050873,0.0038921443100399674,0.004510565163691552,0.007206503039773198,0.011491104633239838
2026-02-24 00:00:00+00:00,149.25999450683594,-0.00999941706186469,0.0005453907883055865,0.0011577365484100994,0.001161433767662202,0.002311914020995747,0.003769208688716461,0.004650843269676986,0.007292018189002951,0.010695188357227289
2026-02-25 00:00:00+00:00,149.05999755859375,-0.0013408218257211502,9.998834157711068e-05,0.0006453791298826958,0.0012577248899872133,0.0021765555161481127,0.0025103144964877875,0.004543822738196017,0.005964034985535961,0.010606486507482122
2026-02-26 00:00:00+00:00,148.5399932861328,-0.0034946560327684395,1.7978031683301985e-06,0.00010178614474543957,0.0006471769330510293,0.0012632199124076393,0.0024137001657411907,0.0045393212430909925,0.0052634966852635025,0.010586518326733145
2026-02-27 00:00:00+00:00,152.5,0.026310359005369044,1.2212620787364848e-05,1.4010423955693746e-05,0.00011399876553280768,0.0012717353139429048,0.0021905659401038106,0.0038832074542492654,0.005169954717529944,0.010197329363149371
2026-03-02 00:00:00+00:00,154.22000122070312,0.01121556627268383,0.000692234990991404,0.0007044476117787675,0.000706245414947101,0.0013516245448297946,0.001967667524186411,0.003216559911434885,0.005457077026201196,0.010076559762211525
2026-03-03 00:00:00+00:00,151.8300018310547,-0.015618676366153217,0.00012578892681696307,0.0008180239178083657,0.0008302365385957338,0.0009320226833411712,0.0020897592317512745,0.003243936704336921,0.005375857079960079,0.010134252860497479
2026-03-04 00:00:00+00:00,149.82000732421875,-0.013326863547471923,0.00024394305143063305,0.0003697319782475948,0.0010619669692390021,0.0010759773931946937,0.001721356523077394,0.003252532909342809,0.005613500833117358,0.010343759588505974
2026-03-05 00:00:00+00:00,150.75999450683594,0.006254509555926546,0.00017760529201293594,0.0004215483434435677,0.000547337270260534,0.0012517848820392994,0.0013535710267847433,0.0025150047944469418,0.005122779715501202,0.010502191130230123
2026-03-06 00:00:00+00:00,151.2100067138672,0.002980511563071886,3.911888978517648e-05,0.00021672418179811113,0.0004606672332287474,0.001278691151037111,0.001292701574992809,0.0025504264649800186,0.0038030160714805934,0.009972086991912005
2026-03-09 00:00:00+00:00,150.44000244140625,-0.005105293694949609,8.883449177605217e-06,4.8002338962780396e-05,0.0002256076309757196,0.0005953396092233123,0.001299787221002084,0.00194696415405311,0.0037134873867432716,0.009980920040950752
2026-03-10 00:00:00+00:00,148.1300048828125,-0.015474050273591722,2.6064023711692227e-05,3.4947472889296145e-05,7.406636267447588e-05,0.0004956147061180414,0.0013136386239264114,0.0014276373894592156,0.003504204564030219,0.009908916088739702
2026-03-11 00:00:00+00:00,151.5800018310547,0.023023250906691217,0.00023944623186964405,0.00026551025558133496,0.0002743937047589434,0.0004911178865570525,0.0008608498648046516,0.001567095279751749,0.00282851738899106,0.010147433646558039
2026-03-12 00:00:00+00:00,153.52999877929688,0.012782429256224859,0.000530070082312458,0.0007695163141821007,0.0007955803378937962,0.0008435826768565745,0.0012651310203001466,0.0020953675588958765,0.003354890252051418,0.01046286864238015
2026-03-13 00:00:00+00:00,156.1199951171875,0.016728931316493778,0.0001633904976903932,0.0006934605800028499,0.0009329068118724972,0.0009678542847617912,0.0011845784665599065,0.002246545435798905,0.0029059349896372972,0.010596378850514251
2026-03-16 00:00:00+00:00,157.22999572753906,0.007084763272473538,0.00027985714299196625,0.00044324764068235815,0.0009733177229948194,0.0012388279785761523,0.0012868303175389369,0.0018341675877994676,0.002640401344323677,0.010432162889445928
2026-03-17 00:00:00+00:00,158.80999755859375,0.00999882944056285,5.019387062698995e-05,0.0003300510136189549,0.0004934415113093514,0.00126295782549145,0.0012979052983807505,0.0017585725316094942,0.0025906068733735563,0.01044248904302945
2026-03-18 00:00:00+00:00,157.58999633789062,-0.007711803353657842,9.997659018146641e-05,0.00015017046080845507,0.00043002760380042457,0.0011234881838032723,0.0013889984393846116,0.0016146060703603276,0.0026887856603866923,0.010082589994135083
2026-03-19 00:00:00+00:00,158.16000366210938,0.003610501621050588,5.9471910965488346e-05,0.00015944850114695344,0.00020964237177394665,0.0006528900124563027,0.001422406326638408,0.00149647268931288,0.002736044950564816,0.008714090360056471
2026-03-20 00:00:00+00:00,159.6699981689453,0.009501971867044823,1.3035721955608924e-05,7.250763292109597e-05,0.00017248422310256562,0.0005025352367215185,0.0011959958167243726,0.0014703895214833126,0.002056845681529021,0.008024789978571293
2026-03-23 00:00:00+00:00,161.1300048828125,0.00910234900517004,9.028746936211128e-05,0.00010332319131771891,0.00016279510228321052,0.0003129655630916635,0.000756213203774026,0.0015517935416678186,0.0020213442240741694,0.008009322859412481
2026-03-24 00:00:00+00:00,165.3800048828125,0.026034362929790333,8.285275741192003e-05,0.00017314022677403001,0.0001861759487296422,0.00034562444987659355,0.0006756754634955527,0.0016085822753680464,0.0018602539300554561,0.007687062934504248
2026-03-25 00:00:00+00:00,163.25999450683594,-0.012901897442340271,0.0006777880531600411,0.0007606408105719597,0.0008509282799340743,0.0009234359128551682,0.0010736063736636276,0.0020469240966584433,0.0023604366912025614,0.00815784211460621
2026-03-26 00:00:00+00:00,165.42999267578125,0.013204111968613041,0.00016645895761266643,0.0008442470107727062,0.0009270997681846294,0.0010304229595023463,0.0011898714606493042,0.0016833129719586518,0.002487776759030051,0.00831800177394552
2026-03-27 00:00:00+00:00,170.99000549316406,0.03305700704104719,0.00017434857287967017,0.00034080753049233544,0.0010185955836523796,0.0011917358104264074,0.001264243443347508,0.0016942710471479288,0.0026532418827321163,0.007824023937196098
2026-03-30 00:00:00+00:00,171.47000122070312,0.002803223923661058,0.0010927657145118437,0.0012671142873915127,0.0014335732450041824,0.00219421405557614,0.0022975372468938635,0.0025071796186678062,0.0037199435735322675,0.0075579071179021585
2026-03-31 00:00:00+00:00,169.66000366210938,-0.010611875345229116,7.858064366185696e-06,0.0011006237788780283,0.0012749723517577016,0.0021192193625304057,0.00229235958930444,0.0024648438124070023,0.0034883554060288094,0.007467353048353417
2026-04-01 00:00:00+00:00,160.77999877929688,-0.053759492657145636,0.00011261189834268157,0.00012046996270886619,0.0012132356772207131,0.0015540432077130462,0.0023146840182850107,0.002477479120568217,0.003070897222059033,0.007344618100271354
2026-04-02 00:00:00+00:00,160.69000244140625,-0.0005599050605029632,0.0028900830507536954,0.003002694949096376,0.003010553013462565,0.004277667300854075,0.005121914311626786,0.0053080902603564245,0.005797589775122335,0.009319567744116245
2026-04-06 00:00:00+00:00,163.3699951171875,0.016540478903426248,3.1349367677682686e-07,0.0028903965444304716,0.003003008442773156,0.004103632221651181,0.004444439752143522,0.005295368032077592,0.005518046125807146,0.009316184018540924
2026-04-07 00:00:00+00:00,163.91000366210938,0.003299981893108317,0.0002735874423546888,0.00027390093603146473,0.003163983986785163,0.0032844539494940265,0.004551568236885544,0.00547866800507017,0.005741439697534845,0.008977425700791098
2026-04-08 00:00:00+00:00,156.22000122070312,-0.04805224104731298,1.088988049484275e-05,0.0002844773228495307,0.00028479081652631053,0.003287485765622684,0.0043881095445007165,0.005406705128153093,0.005652352987848221,0.008442924792980354
2026-04-09 00:00:00+00:00,155.0399932861328,-0.007582173157793193,0.0023090178696690707,0.0023199077501639127,0.0025934951925186043,0.005483891736949072,0.005604361699657943,0.007037934944662122,0.007901898946551803,0.010651954321072315
2026-04-10 00:00:00+00:00,152.50999450683594,-0.016452973188652464,5.7489349794759596e-05,0.0023665072194638294,0.002377397099958675,0.002651298035990137,0.005653992985086518,0.006928965336844215,0.007946352574390955,0.010707645867698744
2026-04-13 00:00:00+00:00,152.63999938964844,0.0008520720516358438,0.00027070032674651685,0.0003281896765412756,0.0026372075462103494,0.002921684869059877,0.005812081413490352,0.007025317090711062,0.00812676543177536,0.010966133573657897
2026-04-14 00:00:00+00:00,149.24000549316406,-0.022526418540799398,7.26026781178916e-07,0.0002714263535276949,0.00032891570332245756,0.002648823453486367,0.002922724389517836,0.005933277402980397,0.008044638701144618,0.010274624609447672
2026-04-15 00:00:00+00:00,149.00999450683594,-0.001542404237572903,0.0005074395322752709,0.000508165559056449,0.0007788658858029688,0.003145373105266795,0.00342985042811633,0.0064328588708894826,0.007874290180259848,0.010656275214905978
2026-04-16 00:00:00+00:00,151.97999572753906,0.01973552420667435,2.379010832082848e-06,0.000509818543107353,0.0005105445698885349,0.0008387342464298074,0.0031586419965937244,0.006322625983378884,0.007710210233479264,0.010414711174307428
2026-04-17 00:00:00+00:00,146.44000244140625,-0.037133100205891445,0.0003894909157122292,0.00039186992654431126,0.000899309458819585,0.001170735812347277,0.003537243031811111,0.0038220338483374175,0.007925352576311825,0.010626596798006722
2026-04-20 00:00:00+00:00,147.67999267578125,0.008431916235591252,0.0013788671309007752,0.0017683580466130036,0.0017707370574450894,0.0022789026165015353,0.002607092293042815,0.005200587485561415,0.008211453992700755,0.01196634503912232
2026-04-21 00:00:00+00:00,148.36000061035156,0.004594035576036326,7.109721140402735e-05,0.0014499643423048017,0.0018394552580170338,0.002349273801124384,0.002620700154652083,0.004998097254610754,0.008274693139738597,0.012028558801348743
2026-04-22 00:00:00+00:00,149.5,0.0076546360953617665,2.1105162873887417e-05,9.22023742779139e-05,0.0014710695051786923,0.0018629394317230005,0.0023711049907794535,0.005008312536989799,0.008183186404269802,0.012023599940510938
2026-04-23 00:00:00+00:00,150.52999877929688,0.006865998932303441,5.859345375241523e-05,7.969861662630179e-05,0.0001507958280303322,0.0019191538746433329,0.0024289724177506897,0.0027578881210731433,0.005351696807268523,0.01184274716239371
2026-04-24 00:00:00+00:00,148.91000366210938,-0.010820270568161483,4.714194133839199e-05,0.00010573539509080636,0.00012684055796469682,0.0015768049002694955,0.001968674826813811,0.002747540712616776,0.005398525254930137,0.011359819021419642
2026-04-27 00:00:00+00:00,148.19000244140625,-0.004846870517958735,0.00011707825516822163,0.00016422019650661276,0.000222813650259031,0.0003150160245369419,0.0020833740711499495,0.0025939186410384803,0.00524201606774367,0.011313506778897472
2026-04-28 00:00:00+00:00,150.55999755859375,0.015866408944640753,2.349215381785757e-05,0.00014057040898607834,0.00018771235032447335,0.0002674109669507721,0.0017173753092555781,0.0026166847680751592,0.005254618341066686,0.011057141789723363
2026-04-29 00:00:00+00:00,154.6699981689453,0.02693214359002205,0.00025174293279857607,0.00027523508661643275,0.0003923133417846574,0.0004980487368754608,0.000590251111153379,0.0023609881685984647,0.0031973434041961905,0.011258690851894949
2026-04-30 00:00:00+00:00,154.3300018310547,-0.002200624434306242,0.0007253403583535659,0.0009770832911521411,0.0010005754449700017,0.0011647956414766113,0.0012444942581029176,0.0030839495161199475,0.003865194412754997,0.01188405462006705
2026-05-01 00:00:00+00:00,152.75,-0.010290580725576426,4.842747900865668e-06,0.0007301831062544307,0.00098192603905301,0.0011224964480390852,0.0012282318431298957,0.0026993013483085837,0.0035993368339093455,0.011829425457002427
2026-05-04 00:00:00+00:00,153.69000244140625,0.006135004452779924,0.00010589605166960504,0.00011073879957046985,0.0008360791579240387,0.0011113142445404686,0.0012755344410470856,0.001426330269077414,0.003704506858797772,0.01192228578671642
2026-05-05 00:00:00+00:00,154.8800048828125,0.007713052550204935,3.763827963562949e-05,0.0001435343313052337,0.0001483770792061024,0.0011254603703582404,0.001266030779344323,0.001392871337309016,0.0032347056061581307,0.01186963659698994
2026-05-06 00:00:00+00:00,148.69000244140625,-0.040787036926119846,5.9491179642222854e-05,9.712945927785148e-05,0.00020302551094745957,0.0009332086172018872,0.0012084437038183244,0.0014312573540773514,0.0032918177749682704,0.011846275019220243
2026-05-07 00:00:00+00:00,146.5800018310547,-0.014292251139020884,0.001663582381212664,0.0017230735608548859,0.0017607118404905184,0.0018714506400609853,0.002848533931213131,0.0030362462815376,0.004565909240468706,0.012832069347272866
2026-05-08 00:00:00+00:00,144.57000732421875,-0.013807497007106484,0.00020426844262084375,0.0018678508238335067,0.0019273420034757326,0.002070876334780963,0.0028010594410353986,0.003193372782820052,0.0033913105521887737,0.012869878832281042
2026-05-11 00:00:00+00:00,149.67999267578125,0.03473576305087622,0.0001906469736012545,0.0003949154162220974,0.0020584977974347643,0.0021556272567126123,0.0022663660562830873,0.003266941501253085,0.003510860314386001,0.012886177233002628
2026-05-12 00:00:00+00:00,150.6300048828125,0.006326898097340994,0.0012065732347266178,0.0013972202083278715,0.0016014886509487182,0.0033245622118036012,0.0034680965431088395,0.004450022582161844,0.004696328386238732,0.0129999847532174
2026-05-13 00:00:00+00:00,151.57000732421875,0.006221081635255921,4.0029639534137086e-05,0.001246602874260754,0.0014372498478620115,0.0033051006716955152,0.0034022301309733715,0.004238309288897407,0.004677764572020454,0.013032156328385353
2026-05-14 00:00:00+00:00,152.77999877929688,0.007951357357357303,3.870185671251848e-05,7.87314962466547e-05,0.0012853047309732755,0.0016802201471953697,0.00340329370805026,0.003551670787256359,0.004669324487394579,0.01295824628675519
2026-05-15 00:00:00+00:00,157.9199981689453,0.033089593967074116,6.32240838244001e-05,0.00010192594053691771,0.00014195558007105784,0.001539175788398926,0.0034070266122324376,0.0036100521231798932,0.0046154703160507585,0.010131387319825894
2026-05-18 00:00:00+00:00,160.49000549316406,0.016143105470170838,0.0010949212289058277,0.0011581453127302269,0.0011968471694427485,0.002443450043703499,0.002838365459925601,0.004599077300416116,0.005686899391138729,0.011225995055054944
2026-05-19 00:00:00+00:00,162.5500030517578,0.012753995963667997,0.00026059985422105964,0.0013555210831268864,0.0014187451669512895,0.001497476663197941,0.002894696871525817,0.004822038875001546,0.005695756312561212,0.011213007466921316
2026-05-20 00:00:00+00:00,156.27999877929688,-0.0393364031483161,0.00016266441304125956,0.0004232642672623183,0.0015181854961681491,0.0016201114367050636,0.0028667143109658223,0.004925212108400583,0.005133080367248905,0.011364781999467733
2026-05-21 00:00:00+00:00,155.2899932861328,-0.006354969029154667,0.0015473526126468528,0.0017100170256881115,0.0019706168799091743,0.0031287621926393977,0.003207493688886057,0.004808982339834771,0.006675590231994893,0.010603116742445516
2026-05-22 00:00:00+00:00,154.9199981689453,-0.0023854505195197717,4.038563136151501e-05,0.001587738244008367,0.0017504026570496296,0.0031059237401765125,0.0032078496807134353,0.004645099528575443,0.0066100798116868024,0.010586013024012271
2026-05-26 00:00:00+00:00,149.80999755859375,-0.033541034594589014,5.690374181077149e-06,4.607600554259129e-05,0.0015934286181894471,0.0020166928854517623,0.003174838198181994,0.004460142929155265,0.006578131906232251,0.01032100307144683
2026-05-27 00:00:00+00:00,147.89999389648438,-0.012831479783707245,0.001125001001675417,0.0011306913758564934,0.0011710770072180113,0.0028810940329061195,0.0042366151160330105,0.004378570696104065,0.007643641728265444,0.011445278046341068
2026-05-28 00:00:00+00:00,146.9600067138672,-0.006375841857032327,0.00016464687343968772,0.0012896478751151037,0.001295338249296184,0.002883076493304548,0.003306340760566871,0.004503187930009615,0.006144706220492468,0.011102485387505487
2026-05-29 00:00:00+00:00,145.25999450683594,-0.011635284229927656,4.065135938588543e-05,0.00020529823282557227,0.0013302992345009923,0.0013763752400435803,0.0030863922657316965,0.0045051374326829825,0.00598108913725751,0.011140757736059288
2026-06-01 00:00:00+00:00,149.3800048828125,0.02796822525417131,0.00013537983911120322,0.0001760311984970878,0.00034067807193677855,0.0014713694477932688,0.0030591076918016404,0.004577293187969785,0.005925822002767459,0.010886646659458262
2026-06-02 00:00:00+00:00,149.55999755859375,0.0012042061688770644,0.0007822216238680658,0.0009176014629792681,0.0009582528223651566,0.0022479006974802573,0.002293976703022853,0.0042645935829320235,0.005501470391908907,0.010290001152425553
2026-06-03 00:00:00+00:00,152.52999877929688,0.019663656223817938,1.450112497161577e-06,0.0007836717363652265,0.0009190515754764327,0.0011243498083020017,0.0022550411841584994,0.004005443841208126,0.005462890864871931,0.010220354053518687
2026-06-04 00:00:00+00:00,152.0399932861328,-0.003217690046316335,0.0003866593760884939,0.0003881094885856546,0.0011703311124537233,0.0013463623109508079,0.002636010186065916,0.00422943880425536,0.0058108483842479065,0.010585908266733295
2026-06-05 00:00:00+00:00,149.9199981689453,-0.014041793685922066,1.0353529234163218e-05,0.0003970129053226563,0.00039846301781982086,0.0013160644807990857,0.0015213627136246625,0.00269243972084267,0.00575797782965767,0.010537668342215041
2026-06-08 00:00:00+00:00,151.75,0.012132623663040576,0.00019717196991800081,0.00020752549915216317,0.0005941848752406601,0.0013778566116058833,0.0015538878101029755,0.0028492260593991556,0.004860228570669842,0.010687698370794651
2026-06-09 00:00:00+00:00,148.91000366210938,-0.01889230874472414,0.00014720055694897213,0.00034437252686697205,0.00035472605610113836,0.0007428355446867897,0.0016604370076660625,0.0029907362421670507,0.004746829273397755,0.010717820672575401
2026-06-10 00:00:00+00:00,150.6199951171875,0.011417955060233353,0.0003569193297059802,0.0005041198866549514,0.0007012918565729553,0.0010983047618956083,0.0018819764982608393,0.002222654570197614,0.004941084190062476,0.011051247848463524
2026-06-11 00:00:00+00:00,146.60000610351562,-0.027052245168762923,0.00013036969775750845,0.00048728902746348777,0.000634489584412463,0.0008420150835646229,0.001230124572150282,0.0021883773945154347,0.003524101275173131,0.010929874613422456
2026-06-12 00:00:00+00:00,147.00999450683594,0.0027927432235994587,0.0007318239686708569,0.0008621936664283645,0.0012191129961343478,0.0015634855230013166,0.0019604984283239776,0.002879550003800406,0.0042155396124824735,0.010936358223739746
2026-06-15 00:00:00+00:00,140.9199981689453,-0.04230823383049209,7.799414712960697e-06,0.0007396233833838167,0.0008699930811413283,0.0013741129677962763,0.0015816384669484441,0.0027519695794021633,0.004217648653014356,0.010939314890551841
2026-06-16 00:00:00+00:00,141.86000061035156,0.0066483195969722075,0.0017899866498555957,0.0017977860645685554,0.0025296100332394154,0.0030168990607029,0.0033612715875698767,0.0037597346053896935,0.004882634301194536,0.012623405488737834
2026-06-17 00:00:00+00:00,140.74000549316406,-0.00792640450745008,4.4200153463484694e-05,0.0018341868033190795,0.0018419862180320433,0.0027041798844604044,0.0032082997711153608,0.003802484646356017,0.004762187581218333,0.012629967362565688
2026-06-18 00:00:00+00:00,137.80999755859375,-0.021038348397670603,6.282788841572494e-05,0.00010702804187920877,0.0018970146917348077,0.0026366380751186207,0.0031239271025821132,0.003478653158683248,0.004784364110248172,0.01263330407133919
2026-06-22 00:00:00+00:00,138.47000122070312,0.004777797310960175,0.00044261210330176926,0.0005054399917174934,0.0005496401451809813,0.0023474262097495334,0.0032096198761779023,0.003910911732750854,0.005091596374438738,0.011412333793428295
2026-06-23 00:00:00+00:00,139.72999572753906,0.009058254033535995,2.2827347144618275e-05,0.0004654394504463867,0.0005282673388621149,0.002362454142181191,0.003102077525565012,0.0037365671099774712,0.00433220209771529,0.01123089269795207
2026-06-24 00:00:00+00:00,136.89999389648438,-0.020461270805158804,8.205196613607112e-05,0.00010487931328068852,0.000547491416582461,0.0006545194584616663,0.0024523055230302264,0.0036714185191645704,0.004412803951354201,0.011122297690486886
2026-06-25 00:00:00+00:00,137.5500030517578,0.00473682184646762,0.000418663602962044,0.0005007155690981142,0.0005235429162427358,0.0010289829079602256,0.00286316971127931,0.003733162792420634,0.004444808178227751,0.010334388058722313
2026-06-26 00:00:00+00:00,136.5399932861328,-0.0073699467384154005,2.2437481205172916e-05,0.00044110108416721606,0.0005231530503032903,0.0009885925007496737,0.001095620542628887,0.0036252305758682985,0.00445689213019876,0.010316795900393349
2026-06-29 00:00:00+00:00,136.05999755859375,-0.0035216158453881263,5.43161149270798e-05,7.675359613225185e-05,0.0004954171990942992,0.0006002965123749842,0.0011057365040924821,0.0029477227221245215,0.004314036275207839,0.010332410158607908
2026-06-30 00:00:00+00:00,136.72000122070312,0.004839100762510817,1.2401778162488728e-05,6.671789308956766e-05,8.915537429474384e-05,0.0005898709433928545,0.0010553103938392458,0.0029523250855740496,0.004179237496421356,0.010281587852945999
2026-07-01 00:00:00+00:00,136.27999877929688,-0.003223463900376089,2.3416896189732773e-05,3.581867435222063e-05,9.013478927930369e-05,0.0005312358734465163,0.0006361151867272094,0.0011857553319081864,0.0038457350629051085,0.009210083520229903
2026-07-02 00:00:00+00:00,137.08999633789062,0.00592603389918267,1.0390719517027829e-05,3.380761570675973e-05,4.620939386925171e-05,0.0001229629900015001,0.0006236785590996188,0.0011519458979617296,0.003725756084664628,0.008959874385525871
2026-07-06 00:00:00+00:00,136.44000244140625,-0.004752642290561049,3.511787777426216e-05,4.550859729128912e-05,6.892549348102515e-05,0.00013564338657058933,0.00057674447073781,0.0011242358873202669,0.003029049993768033,0.008832327850258875
2026-07-07 00:00:00+00:00,141.69000244140625,0.037756614362682406,2.2587608742029372e-05,5.7705486516290664e-05,6.809620603332174e-05,0.0001039148803855389,0.00018066847651779531,0.000704211392760527,0.0030438381877971018,0.00730756284635405
2026-07-08 00:00:00+00:00,141.1300048828125,-0.003960103782860713,0.0014255619281323152,0.0014481495368743437,0.0014832674146486092,0.0015170750303553655,0.0015837929234449376,0.002106945973748224,0.0026794134660738213,0.00869273914312485
2026-07-09 00:00:00+00:00,137.4600067138672,-0.0263484714881006,1.568242197102773e-05,0.001441244350103342,0.0014638319588453747,0.0015093405561366605,0.0015451592304888855,0.0020405764295831808,0.002650895734581364,0.008702731190914801
2026-07-10 00:00:00+00:00,138.8800048828125,0.01027727153474789,0.0006942419497592503,0.0007099243717302771,0.0021354862998625955,0.0021931917863788827,0.0022269994020856472,0.002316154776380387,0.0032823097959248895,0.008271972138998634
2026-07-13 00:00:00+00:00,144.50999450683594,0.03973838522735296,0.00010562231019893923,0.0007998642599581886,0.0008155466819292196,0.0022636962188035603,0.0023092048160948536,0.002399339605374153,0.0029453200028220594,0.008212947575757886
2026-07-14 00:00:00+00:00,145.08999633789062,0.004005542989440336,0.0015791392604775037,0.0016847615706764422,0.0023790035204356956,0.0038202478705390342,0.0038779533570553297,0.003924162750924577,0.004501631916154945,0.009751435476849505
2026-07-15 00:00:00+00:00,144.50999450683594,-0.004005542989440336,1.6044374640254624e-05,0.0015951836351177572,0.0017008059453166998,0.002410730317046974,0.0038588798539213216,0.003927805347402343,0.0044356243246591286,0.009632100012378556
2026-07-16 00:00:00+00:00,145.9499969482422,0.009915405092619345,1.6044374640254624e-05,3.208874928050925e-05,0.0016112280097580153,0.0024110922697162004,0.0038523366198195473,0.003920432825852865,0.004033005096337338,0.008865922763150744
2026-07-17 00:00:00+00:00,147.36000061035156,0.009614500258392944,9.831525815074164e-05,0.00011435963279099517,0.00013040400743125327,0.0018151655781076918,0.002525089949837974,0.004008357364486579,0.004108882873282908,0.008962787908804325
2026-07-20 00:00:00+00:00,148.36000061035156,0.006763180086474918,9.243861521863798e-05,0.00019075387336937855,0.00020679824800963663,0.0018019818831273907,0.002601846143085584,0.004065678101930955,0.004147005373574465,0.008668567147934469
2026-07-21 00:00:00+00:00,151.7100067138672,0.022329091279233104,4.574060488209088e-05,0.00013817922010072778,0.00023649447825147286,0.00026858322753197777,0.0019533447982084244,0.004088831098071016,0.004180344200294068,0.008703954223582397
2026-07-22 00:00:00+00:00,154.4499969482422,0.017899551591105123,0.0004985883173563238,0.0005443289222384136,0.0006367675374570551,0.000751127170248047,0.002346310805365809,0.0031618574872950248,0.004655515621460659,0.009005370571020719
2026-07-23 00:00:00+00:00,156.88999938964844,0.01567451934883124,0.00032039394716263395,0.0008189822645189567,0.000864722869401051,0.0010554767427704264,0.0010875654920509392,0.0034665690124866307,0.004965518849106266,0.009178563961234381
2026-07-24 00:00:00+00:00,156.94000244140625,0.0003186633010816564,0.00024569055681688493,0.0005660845039795177,0.001064672821335845,0.0012028520414365696,0.0013172116742275696,0.0030180176195442657,0.005176091528148888,0.009067335188345287
2026-07-27 00:00:00+00:00,154.77000427246094,-0.013923410725736218,1.015462994562584e-07,0.0002457921031163401,0.0005661860502789775,0.001110514972517388,0.0013012688458867714,0.0029124968556447826,0.005153605465706315,0.008937067036887235
2026-07-28 00:00:00+00:00,153.0399932861328,-0.011240890267913528,0.00019386136623754637,0.00019396291253700155,0.00043965346935389,0.0012586357338728435,0.001396814953973576,0.0015272189614048254,0.003921904903811546,0.008399104434453925
2026-07-29 00:00:00+00:00,156.75,0.02395289825104907,0.00012635761401527307,0.00032021898025281836,0.0003203205265522781,0.0008864050305317926,0.001430733952770211,0.0016375322007798438,0.004032580095855791,0.008517662633756237
2026-07-30 00:00:00+00:00,156.97000122070312,0.0014025325507507347,0.0005737413346251096,0.0007000989486403817,0.0008939603148779315,0.0011397524179942685,0.0019587346825132297,0.002195229160764699,0.003912079480721651,0.00730141731852575
2026-07-31 00:00:00+00:00,155.44000244140625,-0.009794891288174234,1.967097555915362e-06,0.0005757084321810239,0.0007020660461963004,0.0008960289587332988,0.0014621134627128213,0.0020988810001698727,0.003808424268078627,0.00725918426261818
2026-08-03 00:00:00+00:00,155.05999755859375,-0.002447697729706988,9.593989534715151e-05,9.790699290306579e-05,0.0006716483275281789,0.000991867307780994,0.001237659410897339,0.0021023822802983864,0.0023252249029482746,0.007292296269549608
2026-08-04 00:00:00+00:00,153.9600067138672,-0.007119251022488449,5.991224176012743e-06,0.00010193111952316317,0.0001038982170790819,0.0008039971657194604,0.0009979600782564668,0.002062632899592308,0.002315171752484033,0.006855675390423851
2026-08-05 00:00:00+00:00,151.6300048828125,-0.015249497008410273,5.0683735121202825e-05,5.6674959297214486e-05,0.00015261485464436935,0.0007283232868253902,0.0010485422670782132,0.001614728317357187,0.002349811112964981,0.006883531778400435
2026-08-06 00:00:00+00:00,154.83999633789062,0.020948927043519916,0.00023254715900951388,0.00028323089413071563,0.0002892221183067317,0.00038712911120979436,0.0010872280598501808,0.001526881529204067,0.0024840430138237534,0.007034026971273878
2026-08-07 00:00:00+00:00,153.0399932861328,-0.011693020796539777,0.0004388575442747201,0.0006714047032842329,0.0007220884384054391,0.0008240195579285991,0.0013997279901096279,0.0017200485166619021,0.0028304619428798352,0.007054220912586554
2026-08-10 00:00:00+00:00,159.7899932861328,0.043161129872498094,0.00013672673534831172,0.0005755842796230308,0.0008081314386325479,0.0008648063979297593,0.0009627133908328299,0.0018566737057107573,0.0029214480733460563,0.007168510166729693
2026-08-11 00:00:00+00:00,159.8000030517578,6.264129505328953e-05,0.0018628831318706473,0.001999609867218958,0.0024384674114936813,0.0027216983056243937,0.002823629425147562,0.003525695471343858,0.004285742887860379,0.00897707718367326
2026-08-12 00:00:00+00:00,159.75,-0.0003129591718886715,3.923931845953274e-09,0.001862887055802492,0.001999613791150807,0.002671018494435037,0.0027276934537322564,0.0033993417812604315,0.003965352864629591,0.008964679329442619
2026-08-13 00:00:00+00:00,158.61000061035156,-0.007161730494047447,9.794344326924304e-08,1.0186737511411211e-07,0.0018629849992457647,0.0024385692788687924,0.0027218001729995126,0.0028256983900785907,0.003719760251255976,0.008941360376696154
2026-08-14 00:00:00+00:00,160.10000610351562,0.009350295362217764,5.129038366936909e-05,5.1388327112637246e-05,5.1392251044486453e-05,0.0020510021182634417,0.002722406821547679,0.0028750216761920444,0.0037709490886258887,0.008982260040848495
2026-08-17 00:00:00+00:00,161.4600067138672,0.008458817423286469,8.742802336071103e-05,0.00013871840703007904,0.00013881635047335153,0.0020017034062758407,0.002577287685898876,0.0028665098042056037,0.0036645157457490534,0.009034570186434944
2026-08-18 00:00:00+00:00,165.55999755859375,0.025076176585077548,7.155159220049473e-05,0.00015897961556120467,0.00021026999923057704,0.00021037186660568808,0.002209981733824651,0.002932070172230086,0.0036097097239342754,0.009083534169893409
2026-08-19 00:00:00+00:00,164.77000427246094,-0.0047830641349912995,0.0006288146321259914,0.000700366224326485,0.0007877942476871994,0.0008391825747998335,0.0027020696306023304,0.0035102010692348745,0.003664783021435157,0.008286786873887085
2026-08-20 00:00:00+00:00,166.14999389648438,0.008340370066443725,2.2877702519440067e-05,0.0006516923346454304,0.0007232439268459285,0.0008619623338760044,0.0008620642012511236,0.003300531612744801,0.0036856936263986815,0.0082939821544355
2026-08-21 00:00:00+00:00,165.11000061035156,-0.00627903592525314,6.956177284523051e-05,9.243947536466949e-05,0.0007212541074906641,0.0008802337230518658,0.0009316220501645082,0.002931235841315311,0.0036593155038967605,0.007669301977521478
2026-08-24 00:00:00+00:00,164.0500030517578,-0.006440644130659479,3.942629215061956e-05,0.00010898806499584899,0.00013186576751529231,0.0008322319918417743,0.0009709503988718584,0.002833935398117619,0.0036927505718713674,0.007603105959473159
2026-08-25 00:00:00+00:00,160.63999938964844,-0.021005445305853243,4.1481896817798394e-05,8.090818896841687e-05,0.00015046996181365064,0.000802162296459078,0.0009611419120202877,0.0010125341630647703,0.003683548733567963,0.0060654485958134535
2026-08-26 00:00:00+00:00,158.19000244140625,-0.01536897505999768,0.000441228732497192,0.00048271062931498935,0.0005221369214656121,0.0006145763968302786,0.0013149426211567687,0.0014537589716301163,0.003892230307055641,0.006490632953670391
2026-08-27 00:00:00+00:00,156.44000244140625,-0.011124292150531012,0.0002362053943948307,0.0006774341268920216,0.0007189160237098233,0.0008279040887056692,0.0014795964233511045,0.0016898664225816777,0.003689578157175752,0.006710793973424966
2026-08-28 00:00:00+00:00,156.7100067138672,0.0017244408844092618,0.0001237498758503659,0.0003599552702451955,0.0008011840027423908,0.0008820921917108046,0.0009745316670754791,0.0017623259147626746,0.003676601297677806,0.0067362285911245915
2026-08-31 00:00:00+00:00,160.9499969482422,0.026696732406166213,2.973696363822197e-06,0.00012672357221418703,0.00036292896660902095,0.0008456395959240072,0.0009546276609198612,0.0016778715877657857,0.001816691862170981,0.0066467636722697745
2026-09-01 00:00:00+00:00,164.5500030517578,0.022120755151519234,0.0007127155211664452,0.0007156892175302664,0.0008394390933806355,0.001516873220272654,0.0015977814092410759,0.002319035516731736,0.00252940345940558,0.007313738588554129
2026-09-02 00:00:00+00:00,164.14999389648438,-0.002433887170379734,0.0004893278084734647,0.001202043329639909,0.0012050170260037344,0.0015649722962489268,0.002047682925563921,0.0021795486930792094,0.0030186333244357757,0.007304478079671271
2026-09-03 00:00:00+00:00,162.2100067138672,-0.011888773313057932,5.923806758139068e-06,0.0004952516152316027,0.0012079671363980512,0.0013346907086122352,0.002012124835504262,0.002162594797317908,0.0029732667475245453,0.006990007939266775
2026-09-04 00:00:00+00:00,159.47000122070312,-0.017036009037361133,0.00014134293088927848,0.00014726673764741647,0.0006365945461208845,0.0013522837636511479,0.0017122390338963481,0.0022343759553619565,0.0030271816550531128,0.006885660313339169
2026-09-08 00:00:00+00:00,160.66000366210938,0.007434529125191602,0.0002902256039210502,0.00043156853481032755,0.0004374923415684699,0.0016395356712083757,0.0017662592434225678,0.002485175267132387,0.003245855666773668,0.007175784370960763
2026-09-09 00:00:00+00:00,164.22999572753906,0.021977504794539193,5.527222331332221e-05,0.0003454978272343713,0.00048684075812365304,0.0009820923733552527,0.001697781590885524,0.0024989655936279113,0.0026723132579609993,0.007037195228036539
2026-09-10 00:00:00+00:00,165.22999572753906,0.006070558470877785,0.00048301071699399323,0.0005382829403073144,0.0008285085442283678,0.0009757752818757812,0.002177818611515695,0.002540747578124712,0.0031324462724355525,0.007393848331015259
2026-09-11 00:00:00+00:00,165.99000549316406,0.0045891618662308176,3.685168014834603e-05,0.0005198623971423382,0.0005751346204556636,0.0010067031552659883,0.001501954770497596,0.0023413938638782274,0.003099736179738668,0.006856958676538495
2026-09-14 00:00:00+00:00,165.0800018310547,-0.005497362695167318,2.106040663446712e-05,5.791208678281207e-05,0.0005409228037768085,0.0008864206310111769,0.0010336873686585984,0.0022387043946623286,0.0030813702942225152,0.006876051985617047
2026-09-15 00:00:00+00:00,169.32000732421875,0.025360242933084365,3.022099660221728e-05,5.1281403236683314e-05,8.81330833850326e-05,0.000626416023692344,0.0010579845585026765,0.0022659516949007238,0.0030701093940069344,0.006810333086872113
2026-09-16 00:00:00+00:00,163.32000732421875,-0.03607894761219743,0.0006431419216250554,0.0006733629182272716,0.000694423324861742,0.001214285722004077,0.0015597835492384535,0.002196378095359334,0.0032720225831347977,0.007447483784321155
2026-09-17 00:00:00+00:00,163.27000427246094,-0.00030621299104716115,0.0013016904608036868,0.001944832382428741,0.0019750533790309616,0.0020329654658137707,0.00257124840612109,0.003008740747689556,0.004337507649543654,0.00869849051000364
2026-09-18 00:00:00+00:00,163.5399932861328,0.0016522693743219463,9.376639588604879e-08,0.0013017842271995717,0.0019449261488246304,0.0019962075520613106,0.002516069949203654,0.0030029107073273028,0.004213851540089174,0.008466037117390012
2026-09-21 00:00:00+00:00,158.3000030517578,-0.03256558151518085,2.729994085322236e-06,2.8237604812072004e-06,0.0013045142212848972,0.001977877139512166,0.002035789226294983,0.0028642977705233465,0.004213607837810674,0.008029909567200615
