datetime,close,log_return,RV_1d,RV_2d,RV_3d,RV_5d,RV_7d,RV_10d,RV_14d,RV_30d
2021-09-22 00:00:00+00:00,1778.800048828125,,,,,,,,,
2021-09-23 00:00:00+00:00,1749.800048828125,-0.016437483509438522,,,,,,,,
2021-09-24 00:00:00+00:00,1751.699951171875,0.0010851935057551998,0.0002701908641230633,,,,,,,
2021-09-27 00:00:00+00:00,1752.0,0.00017127541344308383,1.1776449449332608e-06,0.0002713685090679966,,,,,,
2021-09-28 00:00:00+00:00,1737.5,-0.008310694057390045,2.9335267250099302e-08,1.2069802121833602e-06,0.0002713978443352467,,,,,
2021-09-29 00:00:00+00:00,1722.9000244140625,-0.008438366730255886,6.90676357155382e-05,6.90969709827883e-05,7.027461592772156e-05,,,,,
2021-09-30 00:00:00+00:00,1757.0,0.01959887747840572,7.120603307428941e-05,0.0001402736687898276,0.0001403030040570777,0.0004116715131250743,,,,
2021-10-01 00:00:00+00:00,1758.4000244140625,0.0007965093465083228,0.0003841159984135589,0.00045532203148784833,0.0005243896672033865,0.0005255966474155699,,,,
2021-10-04 00:00:00+00:00,1767.5999755859375,0.0052183619109955615,6.344271390751155e-07,0.000384750425552634,0.00045595645862692337,0.0005250534296097117,0.0007964219386777083,,,
2021-10-05 00:00:00+00:00,1760.9000244140625,-0.003797624613332218,2.723130103412925e-05,2.786572817320431e-05,0.0004119817265867632,0.0005522553953765908,0.0005534623755887743,,,
2021-10-06 00:00:00+00:00,1761.800048828125,0.0005109855593339319,1.4421952703786676e-05,4.165325373791587e-05,4.228768087699099e-05,0.0004976097123648394,0.0005667066833476277,,,
2021-10-07 00:00:00+00:00,1759.199951171875,-0.0014769089059205598,2.611062418478112e-07,1.4683058945634433e-05,4.191435997976368e-05,0.00042666478553239775,0.0005669384543222253,0.000838336298657472,,
2021-10-08 00:00:00+00:00,1757.4000244140625,-0.0010236745307903306,2.181259916387465e-06,2.4423661582352223e-06,1.68643188620219e-05,4.4730047035226314e-05,0.0005000520785230746,0.0005703266944507961,,
2021-10-11 00:00:00+00:00,1755.699951171875,-0.000967847989929993,1.0479095449888035e-06,3.2291694613762143e-06,3.4902757032240257e-06,4.514352944114e-05,0.000429893954993774,0.0005701969590508518,,
2021-10-12 00:00:00+00:00,1759.300048828125,0.00204842043532949,9.367297316115279e-07,1.984639276600277e-06,4.165899192987742e-06,1.8848958138622285e-05,4.6714686311826645e-05,0.0005711043535152131,,
2021-10-13 00:00:00+00:00,1794.699951171875,0.019921819429094434,4.196026279875457e-06,5.132756011486931e-06,6.180665556475734e-06,8.623031714711065e-06,5.027628545262699e-05,0.0005062327440795504,0.0008466982241303353,
2021-10-14 00:00:00+00:00,1797.9000244140625,0.0017814808830740603,0.0003968788893654445,0.0004010749156453199,0.00040201164537693145,0.00040524081483830774,0.0004199238737839422,0.0008319056003707055,0.0009733862493727165,
2021-10-15 00:00:00+00:00,1768.300048828125,-0.0166006700374961,3.1736741367583338e-06,0.00040005256350220277,0.0004042485897820783,0.0004062332290586786,0.0004086755952169139,0.0004509632760939049,0.0009753822785645416,
2021-10-18 00:00:00+00:00,1765.699951171875,-0.00147147601890385,0.00027558224569382083,0.0002787559198305791,0.0006756348091960236,0.0006807675652075107,0.0006839967346688869,0.0007259110946486507,0.0012509351889911122,
2021-10-19 00:00:00+00:00,1770.5,0.0027148078968988187,2.1652416742091238e-06,0.0002777474873680299,0.0002809211615047882,0.0006819960771501083,0.0006839807164267086,0.0007008450352887306,0.0011840327949497833,
2021-10-20 00:00:00+00:00,1784.9000244140625,0.008100412361615739,7.370181917064187e-06,9.535423591273256e-06,0.0002851176692850941,0.000685170232787297,0.000690302988798784,0.000693793264502008,0.001120196943792558,
2021-10-21 00:00:00+00:00,1781.9000244140625,-0.0016821804790643213,6.561668042821707e-05,7.29868623452812e-05,7.515210401949033e-05,0.00035390802385006954,0.0007549829394953894,0.0007591488386883773,0.0008016976258072162,
2021-10-22 00:00:00+00:00,1796.300048828125,0.008048796522890811,2.82973116414507e-06,6.844641159236208e-05,7.581659350942628e-05,0.00035356408087745627,0.000753616644379659,0.0007597973099361349,0.0008038929298322861,
2021-10-25 00:00:00+00:00,1806.800048828125,0.005828330847690744,6.47831254668992e-05,6.761285663104422e-05,0.00013322953705926127,0.00014276496065053466,0.0004215208804811138,0.0008235325258580453,0.000841444754265056,
2021-10-26 00:00:00+00:00,1793.4000244140625,-0.007444078673860766,3.39694404701435e-05,9.875256593704265e-05,0.00010158229710118772,0.00017456915944646904,0.000452316646814499,0.0008565652365965773,0.0008609922420314129,
2021-10-27 00:00:00+00:00,1798.800048828125,0.0030065299101540433,5.541430730262866e-05,8.93837477727721e-05,0.00015416687323967132,0.0002226132848320335,0.0002321487084233068,0.0009077835176193304,0.0009161454430921937,
2021-10-28 00:00:00+00:00,1802.5999755859373,0.0021102505371199953,9.039222100650879e-06,6.445352940327948e-05,9.842296987342297e-05,0.0001660358265044673,0.00023902268884974857,0.0005199438503545368,0.0009230034052764571,
2021-10-29 00:00:00+00:00,1783.9000244140625,-0.010428061135502986,4.453157329415229e-06,1.3492379430066053e-05,6.890668673269471e-05,0.00016765925266973747,0.0002361056642620996,0.0005212233335471937,0.0009264086530608836,
2021-11-01 00:00:00+00:00,1795.800048828125,0.006648639833885639,0.00010874445904578783,0.00011319761637520301,0.0001222368384758539,0.0002116205862486261,0.00027923344287967037,0.00035438554689916075,0.00103421638237506,
2021-11-02 00:00:00+00:00,1789.4000244140625,-0.0035702505196777423,4.420441164073086e-05,0.00015294887068651862,0.00015740202801593387,0.00022185555741921346,0.0003206081233562562,0.0003964247168656825,0.0010742247677359151,
2021-11-03 00:00:00+00:00,1763.9000244140625,-0.014353101298822502,1.274668877325919e-05,5.695110041398998e-05,0.00016569555945977784,0.000179187938889844,0.00026857168666261615,0.00040180122372187753,0.00069009256714373,
2021-11-04 00:00:00+00:00,1793.5,0.01664173751395026,0.00020601151689426017,0.0002187582056675193,0.00026296261730825014,0.0003761602336834533,0.0004406137630867328,0.0005421960601879206,0.0008929304099012318,0.0021396811975337698
2021-11-05 00:00:00+00:00,1816.800048828125,0.012907720694905755,0.00027694742748321944,0.00048295894437747956,0.0004957056331507387,0.0006486545038372575,0.0006621468832673236,0.000816313756506995,0.0008942955916906303,0.002146437760893926
2021-11-08 00:00:00+00:00,1828.0,0.006145734346851839,0.0001666092535376983,0.0004435566810209177,0.0006495681979151778,0.000706519298329168,0.000819716914704371,0.000918139884577794,0.0010587396035541196,0.002311869369486691
2021-11-09 00:00:00+00:00,1830.800048828125,0.0015305834357679515,3.7770050662074395e-05,0.00020437930419977266,0.00048132673168299205,0.0007000849373505115,0.0008530338080370302,0.000921940494769725,0.0010891394722991297,0.0023496100848815157
2021-11-10 00:00:00+00:00,1848.300048828125,0.009513267656628521,2.342685653847227e-06,4.011273631592157e-05,0.00020672198985361982,0.0006896809342310995,0.0007466320346450896,0.0008688688731209436,0.00102586547752476,0.0022828851348198243
2021-11-11 00:00:00+00:00,1863.9000244140625,0.008404755729642055,9.050226150665431e-05,9.284494716050149e-05,0.00013061499782257582,0.0005741716788434936,0.000792929884511013,0.000950331912526947,0.0011135380078672692,0.0023021813632521895
2021-11-12 00:00:00+00:00,1868.5,0.0024648900894046477,7.063991887495095e-05,0.0001611421803816052,0.00016348486603545237,0.0003678641702352252,0.0008508231146127048,0.0010165186740724828,0.001119394801275321,0.0019887052837135816
2021-11-15 00:00:00+00:00,1866.5999755859373,-0.0010173888733211456,6.0756831528452525e-06,7.671560202779615e-05,0.0001672178635344504,0.00020733059985037213,0.0006508872808712899,0.0009138498981795402,0.0010915010439580227,0.0019941465397273514
2021-11-16 00:00:00+00:00,1854.0999755859373,-0.006719191116017598,1.03508011955767e-06,7.110763272402869e-06,7.775068214735377e-05,0.0001705956293078554,0.0003749749335076281,0.0008706805666583669,0.0010371218167749517,0.00196795031881278
2021-11-17 00:00:00+00:00,1870.199951171875,0.00864596095664183,4.514752925356981e-05,4.6182609373127424e-05,5.225829252597262e-05,0.000213400472907578,0.0002535132092234996,0.0009030814071386776,0.0010732301239278707,0.001998675895362563
2021-11-18 00:00:00+00:00,1861.4000244140625,-0.0047164450252630274,7.47526408637749e-05,0.00011990017011734465,0.00012093525023690226,0.00019765085226469857,0.00029049579942520007,0.0007718225311081923,0.0011435296074622302,0.00207316742998449
2021-11-19 00:00:00+00:00,1851.5999755859373,-0.005278788895849651,2.224485367632836e-05,9.69974945401032e-05,0.00014214502379367297,0.000149255787066076,0.00031039796744768123,0.0005171199573013012,0.0010570300020927709,0.002093231023744431
2021-11-22 00:00:00+00:00,1806.300048828125,-0.024769535801093312,2.7865612206945578e-05,5.011046588327389e-05,0.00012486310674704871,0.0001710457161201763,0.00024776131814797253,0.0003783763159705485,0.0010406912026589854,0.002120048726406388
2021-11-23 00:00:00+00:00,1783.800048828125,-0.012534633565434383,0.0006135299038016433,0.0006413955160085887,0.0006636403696849171,0.0007835405398022619,0.0007906513030746648,0.0009541361691101174,0.0016414744176873697,0.0027326419004764196
2021-11-24 00:00:00+00:00,1784.300048828125,0.0002802611976049363,0.00015711703861971427,0.0007706469424213574,0.0007985125546283031,0.0008955100491684063,0.0009416926585415339,0.0011089105220759843,0.0015925799394128236,0.0028855629128162583
2021-11-26 00:00:00+00:00,1785.5,0.0006722792316971038,7.854633888295314e-08,0.0001571955849585971,0.0007707254887602404,0.0008208359546435144,0.0009407361247608592,0.0010184868069082129,0.0013157110582684873,0.002488762569789697
2021-11-29 00:00:00+00:00,1782.300048828125,-0.0017937956085667395,4.519593653712482e-07,5.305057042540929e-07,0.00015764754432396838,0.0007990430603325574,0.0008960405548726606,0.0009482988473986333,0.00114955376409616,0.0024860408550183098
2021-11-30 00:00:00+00:00,1773.5999755859375,-0.0048933268890927195,3.217702685313319e-06,3.669662050684459e-06,3.748208389567412e-06,0.000774395150810925,0.000824505616694199,0.0009454408669311013,0.0011150014161193992,0.0022136763120098025
2021-12-01 00:00:00+00:00,1784.300048828125,0.006014843265962355,2.394464804351783e-05,2.7162350728831044e-05,2.761431009420229e-05,0.00018480989505279962,0.0008262054110613885,0.0009683504348550614,0.0011366033785090697,0.002235455718379111
2021-12-02 00:00:00+00:00,1762.699951171875,-0.012179512077655552,3.6178339514092694e-05,6.012298755761042e-05,6.334069024292373e-05,6.387119594717804e-05,0.0008345181383685356,0.0009593812451155844,0.001082279456516508,0.0022642638759761396
2021-12-03 00:00:00+00:00,1783.9000244140625,0.011955295717851477,0.00014834051444975746,0.00018451885396385004,0.00020846350200736787,0.00021213316405805255,0.00036932874901664974,0.001032969118701567,0.0011599800520913147,0.00234698770999768
2021-12-06 00:00:00+00:00,1779.5,-0.002469566492754538,0.00014292909570127788,0.0002912696101510352,0.0003274479496651279,0.00035461030039395916,0.00035514080609821334,0.0011536533607265163,0.0012968334646397473,0.0024870870745348126
2021-12-07 00:00:00+00:00,1784.699951171875,0.0029178805524319174,6.09875866213595e-06,0.0001490278543634137,0.00029736836881317114,0.00035749135637078177,0.00036116101842146637,0.001131886507181707,0.0013018971431823254,0.002428402707730049
2021-12-08 00:00:00+00:00,1785.5,0.00044818153182379916,8.514026918260391e-06,1.4612785580396233e-05,0.0001575418812816741,0.0003420607352455244,0.0003692230859743555,0.000526870630298324,0.001265263640847016,0.002402947294178166
2021-12-09 00:00:00+00:00,1776.699951171875,-0.004940804475124239,2.008666854679271e-07,8.71489360372821e-06,1.481365226586416e-05,0.0003060832624168996,0.0003662062499745101,0.0003699544583640776,0.0011907118666687091,0.0023477338535610056
2021-12-10 00:00:00+00:00,1784.800048828125,0.004548707916701034,2.4411548861407702e-05,2.4612415546875522e-05,3.312644246513591e-05,0.00018215429682854982,0.0003666731507924,0.0003942874608866024,0.0011928785618537884,0.0023631061803217625
2021-12-13 00:00:00+00:00,1788.300048828125,0.0019590837221237223,2.0690743711458655e-05,4.5102292572866246e-05,4.530315925833418e-05,5.9915944838730595e-05,0.00035118555498976596,0.0004145262452326898,0.0011857036933583017,0.002379343766703806
2021-12-14 00:00:00+00:00,1772.300048828125,-0.008987309586398595,3.838009030290138e-06,2.452875274174868e-05,4.8940301603156386e-05,5.7655195206884785e-05,0.00020668304957029864,0.0004151465515776666,0.0005760117985869484,0.0022744373166883078
2021-12-15 00:00:00+00:00,1764.5,-0.004410801496479877,8.077173360177209e-05,8.460974263206212e-05,0.00010530048634352078,0.0001299129018903965,0.00014452568747079286,0.00047197363713592083,0.0004996664935690063,0.0023110046386493493
2021-12-16 00:00:00+00:00,1798.199951171875,0.018918773281456858,1.945516984134912e-05,0.00010022690344312111,0.00010406491247341125,0.0001491672050462777,0.00015788209865000603,0.0004552504674631773,0.0005190431170714725,0.002317713119717439
2021-12-17 00:00:00+00:00,1804.9000244140625,0.0037190646999665233,0.0003579199824751659,0.0003773751523165149,0.000458146885918287,0.0004826756386600359,0.0005072880542069116,0.0006648299354885857,0.000876511140181267,0.002469621585298345
2021-12-20 00:00:00+00:00,1794.5999755859375,-0.005723059836971522,1.3831442242537086e-05,0.0003717514247177029,0.000391206594559052,0.0004758163371911143,0.0005209186297639806,0.0005357322820298449,0.0008871248797384907,0.0022065056000576625
2021-12-21 00:00:00+00:00,1788.699951171875,-0.003293070558684441,3.275341389755651e-05,4.6584856140093484e-05,0.00040450483861525935,0.0005047317420583807,0.0005292604948001295,0.0005623869372652655,0.0008959336455925295,0.002072649760417521
2021-12-22 00:00:00+00:00,1802.199951171875,0.007519042006222776,1.0844313704474257e-05,4.359772760203065e-05,5.742916984456774e-05,0.0004348043221610828,0.0005194140647931451,0.0005647172240514794,0.0008705996197829111,0.0020457240234599207
2021-12-23 00:00:00+00:00,1811.699951171875,0.005257490323098857,5.653599269134263e-05,6.738030639581678e-05,0.00010013372029337328,0.0004718851450110763,0.0005721120484541976,0.0006210523500573541,0.0007787950980244962,0.002099917330497416
2021-12-27 00:00:00+00:00,1808.800048828125,-0.0016019350718927683,2.764120449747812e-05,8.417719718882064e-05,9.50215108932949e-05,0.00014160636703338853,0.0005189815193499036,0.0006242820056934246,0.0006635072068206964,0.00203705627348824
2021-12-28 00:00:00+00:00,1810.9000244140625,0.0011603037705043562,2.5661959745600888e-06,3.02074004720381e-05,8.674339316338072e-05,0.00013034112076541155,0.0005020925454831146,0.000606157457956526,0.0006599746441331206,0.001968982550587849
2021-12-29 00:00:00+00:00,1805.800048828125,-0.002820238816038767,1.3463048398466257e-06,3.912500814406606e-06,3.1553705311884724e-05,9.893401170770166e-05,0.0001455188678477953,0.0006036657537660824,0.0006528069220547068,0.0019642531722748506
2021-12-30 00:00:00+00:00,1814.0999755859373,0.004585729576342068,7.953746979491747e-06,9.300051819338265e-06,1.1866247793898352e-05,9.604344498271916e-05,0.00013964117258474996,0.0005308477671438021,0.0006605598023487307,0.0019711718391347845
2021-12-31 00:00:00+00:00,1828.5999755859373,0.007961169889765252,2.10289157473384e-05,2.898266272683004e-05,3.0328967566676667e-05,6.0536368038714926e-05,0.00012791667443453188,0.0005324215130497914,0.0006571771692346613,0.001947053225628553
2022-01-03 00:00:00+00:00,1800.0999755859375,-0.015708428045050127,6.338022601370487e-05,8.440914176104317e-05,9.236288874053491e-05,9.627538955494167e-05,0.00018045258674376246,0.00023788175658833032,0.0006998666515369075,0.0019356808107784831
2022-01-04 00:00:00+00:00,1814.5999755859373,0.008022838947245425,0.00024675471164651734,0.00031013493766022214,0.00033116385340756054,0.0003404639052268989,0.0003706713056989372,0.00047080502599231055,0.0009427833541531348,0.002160190668748672
2022-01-05 00:00:00+00:00,1825.0999755859373,0.005769722377849895,6.436594477343808e-05,0.0003111206564199553,0.00037450088243366016,0.00040348354516049037,0.00040739604597489715,0.0005024175568681922,0.0009263775653248008,0.0021966910013151647
2022-01-06 00:00:00+00:00,1789.199951171875,-0.019866201390925653,3.3289696317461846e-05,9.765564109089977e-05,0.00034441035273741715,0.00042881949449846045,0.0004381195463177989,0.0005248629394811798,0.0009402120918009135,0.0016164507938309831
2022-01-07 00:00:00+00:00,1797.4000244140625,0.0045726245390476095,0.0003946659577048164,0.00042795565402227806,0.0004923215987957161,0.0008024565364559385,0.0008314391991827686,0.0008629929044946536,0.000976958067030564,0.0018539997129160852
2022-01-10 00:00:00+00:00,1798.800048828125,0.0007786132341234264,2.0908895175100364e-05,0.0004155748528799166,0.00044886454919737843,0.0007599852056173339,0.0008443943473783773,0.0008562605951722758,0.0009840355199631273,0.0018748300617523026
2022-01-11 00:00:00+00:00,1818.5,0.0108921823856587,6.062385683521416e-07,2.151513374345234e-05,0.0004161810914482687,0.0005138367325391688,0.0008239716701993909,0.0008543006377660678,0.0009518883446339229,0.0018749843409552834
2022-01-12 00:00:00+00:00,1827.300048828125,0.004827508804965852,0.00011863963712245365,0.00011924587569080562,0.000140154770865906,0.0005681104248881843,0.0008792310813081398,0.0009715939700486748,0.0010596836680519023,0.001990406275392424
2022-01-13 00:00:00+00:00,1821.4000244140625,-0.0032340446942820122,2.330484126202283e-05,0.00014194447838447631,0.00014255071695282845,0.0005581255698327453,0.0006557812109236452,0.0009869450643312059,0.0010264525166225824,0.0019897664686109287
2022-01-14 00:00:00+00:00,1816.5,-0.0026938768764708243,1.0459045084613634e-05,3.37638863466363e-05,0.00015240352346908994,0.00017391865721254256,0.0006018743112348208,0.0009763751936684811,0.001009270357209718,0.0019640471741814497
2022-01-18 00:00:00+00:00,1812.4000244140625,-0.002259625397702969,7.256972625584205e-06,1.7716017710197676e-05,4.1020858972220504e-05,0.0001602667346630264,0.0005758415875429431,0.0009202519402803605,0.0010139611338607422,0.0018229636323572765
2022-01-19 00:00:00+00:00,1843.199951171875,0.016851217747064773,5.105906937944301e-06,1.2362879563528342e-05,2.2821924648141976e-05,0.00016476640303261856,0.00018628153677607113,0.0006786031355717874,0.0010177207359588398,0.001685140443593943
2022-01-20 00:00:00+00:00,1842.5999755859373,-0.0003255605855763122,0.0002839635395589908,0.0002890694464969349,0.0002963264191225191,0.0003300903054691557,0.00044933618115996154,0.0008982007303573401,0.0012937305285383388,0.001963005224490798
2022-01-21 00:00:00+00:00,1831.800048828125,-0.0058784878003388386,1.0598969488079129e-07,0.00028406952925387144,0.0002891754361918157,0.0003068914539020137,0.0004488359322864902,0.000865017023734759,0.0012728076024858812,0.0019545971872674183
2022-01-24 00:00:00+00:00,1841.699951171875,0.005389914964327502,3.4556618818732556e-05,3.4662608513613184e-05,0.00031862614807260395,0.00033098902763613254,0.0003647529139827691,0.0005049076848486752,0.0012439839952909089,0.0019889529394006827
2022-01-25 00:00:00+00:00,1852.5,0.005847046581211046,2.9051183322681542e-05,6.360780214141394e-05,6.371379183629473e-05,0.0003527832383332299,0.0003704992560434278,0.0005130499729962564,0.001026280466967073,0.0019935925738619564
2022-01-26 00:00:00+00:00,1829.699951171875,-0.012384085886131935,3.418795372285178e-05,6.323913704553316e-05,9.779575586426572e-05,0.0003818652851181374,0.0003942281646816659,0.0005466316881507561,0.0009961024759164868,0.0020070897838733496
2022-01-27 00:00:00+00:00,1793.0999755859375,-0.020206040401352432,0.0001533655832350922,0.00018755353695794382,0.00021660472028062536,0.0002512673287942388,0.0005403367752911739,0.0005813576342633946,0.0011161783628341171,0.0021566173580781518
2022-01-28 00:00:00+00:00,1784.9000244140625,-0.004583546969183061,0.0004082840687010867,0.0005616496519361788,0.0005958376056590305,0.0006594454078004447,0.0009435149370543164,0.0009663368617024586,0.0011297964738303874,0.0024841296931774667
2022-01-31 00:00:00+00:00,1795.0,0.005642617008804862,2.1008902818707224e-05,0.00042929297151979377,0.000582658554754886,0.0006458976918004195,0.0006805603003140328,0.0009768867194365522,0.0011298964814739944,0.002485683426154825
2022-02-01 00:00:00+00:00,1801.5,0.0036146292657690537,3.183912670805393e-05,5.284802952676099e-05,0.0004611320982278478,0.0006486856351857917,0.0007122934373272059,0.0010014688735190218,0.0011611293696136963,0.002159602570387713
2022-02-02 00:00:00+00:00,1810.300048828125,0.004872953166144001,1.306554472895413e-05,4.49046714370079e-05,6.591357425571513e-05,0.0006275632261918941,0.0006908023632374275,0.0010094285113100318,0.0010555552772201966,0.00215883667287413
2022-02-03 00:00:00+00:00,1804.0999755859373,-0.0034307654280789635,2.374567255943284e-05,3.6811217288386804e-05,6.865034399644074e-05,0.0004979433155162348,0.0006854968524741789,0.0007492106443104737,0.0010559961085176066,0.0021498289315360058
2022-02-04 00:00:00+00:00,1807.800048828125,0.0020488244477911977,1.1770151422501834e-05,3.551582398193451e-05,4.858136871088864e-05,0.00010142939823764991,0.0006630790501738289,0.0007608748060380948,0.0010573072148554947,0.0021507547692540337
2022-02-07 00:00:00+00:00,1821.800048828125,0.007714386738837398,4.197681617866906e-06,1.5967833040368577e-05,3.971350559980142e-05,8.461817703680958e-05,0.0005139111485566037,0.0007305158688372291,0.0010542479238477775,0.002098416458180558
2022-02-08 00:00:00+00:00,1827.9000244140625,0.0033427301660609032,5.95117627563503e-05,6.370944437421704e-05,7.547959579671889e-05,0.00011229081308510596,0.00016513884261186717,0.0007609764482708978,0.0011086537796661834,0.00213028701643943
2022-02-09 00:00:00+00:00,1836.5999755859373,0.0047482426074436646,1.1173844963093554e-05,7.068560771944369e-05,7.48832893373106e-05,0.00011039911331924537,0.0001553037847562535,0.0007379623395111396,0.0008358640850702863,0.0021388946654279633
2022-02-10 00:00:00+00:00,1837.4000244140625,0.0004355192383069806,2.254580785914341e-05,3.37196528222368e-05,9.32314155785871e-05,0.00010919924861895594,0.000146010465907343,0.0006071425641351908,0.0008583039032345489,0.00216009416844726
2022-02-11 00:00:00+00:00,1842.0999755859373,0.0025546697801317464,1.8967700693549255e-07,2.2735484866078736e-05,3.390932982917229e-05,9.761877420338962e-05,0.00013313459818532433,0.00019904817244103962,0.0008239369614227518,0.002152330098474704
2022-02-14 00:00:00+00:00,1869.4000244140625,0.014711324903536216,6.526337685518386e-06,6.716014692453716e-06,2.9261822551597124e-05,9.994743027104108e-05,0.00011591526331140988,0.00018456560730785077,0.0008014121157855887,0.002137827520412884
2022-02-15 00:00:00+00:00,1856.199951171875,-0.0070861759524518675,0.00021642308041740484,0.00022294941810292306,0.00022313909510985857,0.0002568587479320956,0.0003205681923063129,0.0003691495610172017,0.0009836472424801417,0.002290870374816584
2022-02-16 00:00:00+00:00,1871.5,0.008208887488613925,5.021388962910713e-05,0.0002666369700465118,0.00027316330773203017,0.0002958987925981092,0.00036658440031755307,0.0004062979059173547,0.0008804955488741568,0.002094329552799174
2022-02-17 00:00:00+00:00,1902.0,0.01616571576085235,6.738583380072224e-05,0.00011759972342982921,0.00033402280384723406,0.00034073881853968806,0.000374458471361925,0.0004499380671586441,0.0005395973139737922,0.002097349441826458
2022-02-18 00:00:00+00:00,1899.800048828125,-0.0011573209475352897,0.0002613303660606701,0.0003287161998613922,0.0003789300894904993,0.0006018795075934226,0.0006246149924595016,0.0006994982817968125,0.0007799187772157551,0.0023253901115696664
2022-02-22 00:00:00+00:00,1907.4000244140625,0.003992427786666752,1.3393917756039808e-06,0.0002626697578362739,0.0003300555916369961,0.0005966925616835082,0.0006034085763759622,0.0006966399919545495,0.0007494190422833052,0.001932063545640454
2022-02-23 00:00:00+00:00,1910.4000244140625,0.001571586033371375,1.5939479631748785e-05,1.7278871407352604e-05,0.0002786092374680227,0.00039620896089785217,0.0006191583790007755,0.000653067708829948,0.0007522929771860998,0.0019270941300971024
2022-02-24 00:00:00+00:00,1926.300048828125,0.008288432838415183,2.469882660287972e-06,1.8409362292036594e-05,1.9748754067640575e-05,0.00034846495392903303,0.000615101923975545,0.0006443637465271423,0.000731017187286955,0.0019289577741890382
2022-02-25 00:00:00+00:00,1887.5999755859373,-0.020294921897939133,6.869811891691917e-05,7.116800157720699e-05,8.710748120895577e-05,0.00034977723904522996,0.0004673769624750594,0.0006905160575849181,0.0007879451547813723,0.0018790162559835036
2022-02-28 00:00:00+00:00,1900.699951171875,0.006916045748928568,0.0004118838548434494,0.0004805819737603684,0.00048305185642065636,0.0005003307278280092,0.0008290469276894016,0.001102210235421432,0.0011956313280069547,0.00226759526956493
2022-03-01 00:00:00+00:00,1943.800048828125,0.022422631522059255,4.783168880127291e-05,0.00045971554364472215,0.0005284136625616413,0.0005468230248536781,0.0008094927826899523,0.0011435155865371866,0.0011839512540518773,0.0023049679132815895
2022-03-02 00:00:00+00:00,1922.300048828125,-0.011122434029601003,0.0005027744043740453,0.0005506060931753181,0.0009624899480187674,0.0010336579495959747,0.0010509368210033275,0.001429866910493827,0.0016755518134628292,0.0028004853450300507
2022-03-03 00:00:00+00:00,1935.9000244140625,0.007049936061423345,0.0001237085387428264,0.0006264829431168716,0.0006743146319181446,0.001154896605678513,0.0011733059679705498,0.0015033615596075462,0.001776714544346512,0.0029190879768349327
2022-03-04 00:00:00+00:00,1966.5999755859373,0.015733803710579863,4.970159847015731e-05,0.0001734101372129836,0.0006761845415870289,0.0011359000852317511,0.0012070680868089584,0.0014856773242769813,0.001826226465809734,0.002684826035746099
2022-03-07 00:00:00+00:00,1995.9000244140625,0.0147889377163537,0.00024755257920305667,0.00029725417767321387,0.0004209627164160403,0.0009715688095913585,0.0014521507833517272,0.001471899537419368,0.002067252707327272,0.002932272625254275
2022-03-08 00:00:00+00:00,2043.300048828125,0.02347108316402302,0.000218712678778189,0.0004662652579812456,0.0005159668564514029,0.0011424497995682747,0.001602165343212997,0.001689272824421953,0.002069542305688056,0.0031164286852137313
2022-03-09 00:00:00+00:00,1988.199951171875,-0.027336489592997282,0.0005508917448924849,0.0007696044236706738,0.0010171570028737306,0.0011905671400867144,0.0017411732332620327,0.002224225089682689,0.0025702201609514343,0.003638269246783535
2022-03-10 00:00:00+00:00,2000.4000244140625,0.006117490530255232,0.0007472836632680487,0.0012981754081605335,0.0015168880869387226,0.0018141422646119367,0.0024406252077288086,0.0029690388702904497,0.0032501179904187607,0.004351364956328731
2022-03-11 00:00:00+00:00,1985.0,-0.007728258628048934,3.742369038776244e-05,0.000784707353655811,0.0013355990985482959,0.0018018643565295416,0.0019752744937425256,0.002937764441761293,0.003026211314745853,0.004235423063481402
2022-03-14 00:00:00+00:00,1960.800048828125,-0.012266336005243517,5.972598142201279e-05,9.714967180977501e-05,0.0008444333350778239,0.0016140377587484979,0.001911291936421712,0.0025856065683398564,0.003084597904392262,0.0038868649762023285
2022-03-15 00:00:00+00:00,1929.699951171875,-0.015988053017216508,0.00015046299899353348,0.00021018898041554604,0.0002476126708033086,0.0015457880789638422,0.002012053336945088,0.002688237878532117,0.0032191214237540467,0.004016319072377155
2022-03-16 00:00:00+00:00,1909.199951171875,-0.010680244542264461,0.0002556178392813259,0.00040608083827485916,0.00046580681969687204,0.0012505141733526832,0.0020201185970233574,0.0024410813134393976,0.0034722693803750848,0.004240097784950426
2022-03-17 00:00:00+00:00,1943.199951171875,0.017651793003707894,0.0001140676234825698,0.0003696854627638955,0.0005201484617574291,0.0006172981335672042,0.001915473541727738,0.002431440398179141,0.003517638884940735,0.004341099863704042
2022-03-18 00:00:00+00:00,1929.300048828125,-0.007178805442620728,0.00031158579624575094,0.0004256534197283205,0.0006812712590096465,0.0008914602394251927,0.0016761675930810041,0.0026933245959547348,0.0034173408263430366,0.004628939987390361
2022-03-21 00:00:00+00:00,1929.5,0.00010363386002065766,5.153524758300099e-05,0.0003631210438287517,0.0004771886673113216,0.0008832695055861809,0.0009804191773959564,0.002497307264334679,0.003421044385124765,0.004668705083550859
2022-03-22 00:00:00+00:00,1921.5,-0.004154770972775168,1.0739976942781267e-08,5.154598755994355e-05,0.0003631317838056946,0.0007328172465695903,0.0009430062269851367,0.0022786053255334326,0.0029182807207276625,0.0046645181419099355
2022-03-23 00:00:00+00:00,1937.300048828125,0.00818914529221626,1.7262121836215116e-05,1.727286181315768e-05,6.880810939615878e-05,0.0004944615291244796,0.000900542367399339,0.001744975702477163,0.002811834303821051,0.0046222685009898005
2022-03-24 00:00:00+00:00,1962.199951171875,0.01277099154779826,6.706210061702773e-05,8.432422245324264e-05,8.433496243018552e-05,0.0004474560062589374,0.0008171414690228332,0.001064754139826142,0.0028291948059679215,0.004678156756643734
2022-03-25 00:00:00+00:00,1954.199951171875,-0.004085390320917703,0.0001630982251139346,0.00023016032573096212,0.00024742244756717735,0.0002989684351271211,0.000724621854855442,0.001190428674552314,0.0027447404518787994,0.004818709173898526
2022-03-28 00:00:00+00:00,1939.800048828125,-0.007395977392821607,1.6690414074248056e-05,0.00017978863918818245,0.00024685073980521027,0.0002641236016183682,0.0006272446454471201,0.0011473931072045495,0.0025427181871748583,0.0048352099109658375
2022-03-29 00:00:00+00:00,1912.199951171875,-0.014330514014879725,5.470048159512829e-05,7.139089566937613e-05,0.00023448912078331084,0.0003188133432365537,0.00037035933079649757,0.001051630589806144,0.0020465269238775017,0.004883384054875448
2022-03-30 00:00:00+00:00,1933.5,0.011077445931057639,0.0002053636319306642,0.0002600641135257923,0.0002767545276000404,0.0005069148533310028,0.0005241877151441608,0.0010013763824554824,0.001504606892540117,0.004872324606388707
2022-03-31 00:00:00+00:00,1949.199951171875,0.00808717487165822,0.00012270980835550545,0.0003280734402861694,0.00038277392188129785,0.0005625625610694805,0.0006468867835227234,0.001010018567328418,0.0015898930105078602,0.004944820525115106
2022-04-01 00:00:00+00:00,1923.699951171875,-0.013168617389275994,6.540239740478015e-05,0.00018811220576028537,0.0003934758376909497,0.00046486673336032606,0.0006950270590912885,0.0007638351684874474,0.0015955694264906276,0.004942837088719163
2022-04-04 00:00:00+00:00,1934.0,0.005340007483505715,0.00017341248394514208,0.00023881488134992198,0.00036152468970542754,0.00062158880323122,0.0008013774424194028,0.0008857124048495885,0.0016185189114422361,0.004854919206603635
2022-04-05 00:00:00+00:00,1927.5,-0.00336657057575529,2.8515679923897045e-05,0.00020192816386903887,0.0002673305612738192,0.0005954040015599888,0.0006667948972293653,0.0009142173447965427,0.0013914167520848071,0.004882095494751929
2022-04-06 00:00:00+00:00,1923.0999755859373,-0.0022853718158426517,1.1333797441541304e-05,3.9849477365438076e-05,0.00021326196131058034,0.00040137416707086595,0.0006614382805966585,0.0009082890204018688,0.0012886829260437787,0.0048774898125617215
2022-04-07 00:00:00+00:00,1937.800048828125,0.007614879526973262,5.222924336647939e-06,1.6556721778188973e-05,4.507240170208615e-05,0.0002838872830520084,0.0006119607233381782,0.0008464498441214891,0.0009823200541346758,0.00488024285423808
2022-04-08 00:00:00+00:00,1945.5999755859373,0.004017066074886166,5.798639021031652e-05,6.32093145469642e-05,7.454311198850562e-05,0.00027647127585754474,0.0004645834816178305,0.000741338009217871,0.0009887711967619913,0.004869531125531478
2022-04-11 00:00:00+00:00,1948.199951171875,0.0013354440501540665,1.613681985000135e-05,7.41232100603176e-05,7.934613439696568e-05,0.00011919561176240405,0.0003580104931123264,0.0007407844149936244,0.0010048972766350498,0.00447378409053803
2022-04-12 00:00:00+00:00,1976.0999755859373,0.014219348686432376,1.783410811091897e-06,1.7920230661092976e-05,7.590662087140964e-05,9.24633426495989e-05,0.0002943915065186381,0.0006878673442095879,0.0009894185656099267,0.00442773581254785
2022-04-13 00:00:00+00:00,1984.699951171875,0.004342551635855507,0.00020218987706634614,0.00020397328787743777,0.00022011010772743925,0.00028331942227440373,0.0003231688996398422,0.0006846935893452699,0.001124546342059245,0.00412715128524015
2022-04-14 00:00:00+00:00,1974.9000244140625,-0.004949968091826129,1.885775471007134e-05,0.00022104763177641722,0.00022283104258750925,0.00029695425264782713,0.0003135109744260165,0.0005808415356998357,0.0009803058716553817,0.0040223005012073945
2022-04-18 00:00:00+00:00,1986.4000244140625,0.005806190980447212,2.450218411009681e-05,4.3359938820167876e-05,0.0002455498158865142,0.0002634700465476075,0.000326679361094572,0.0005399413224051524,0.0009881176416912305,0.003997101086847334
2022-04-19 00:00:00+00:00,1959.0,-0.013889828540023075,3.371185370142656e-05,5.821403781152309e-05,7.707179252159457e-05,0.00028104508039903265,0.0003551682904593506,0.0004002406921614369,0.0009671290137975288,0.0037832603613457043
2022-04-20 00:00:00+00:00,1955.5999755859373,-0.0017370997242309727,0.00019292733687123955,0.00022663919057266583,0.00025114137468276276,0.00047218900645918033,0.0004901092371202737,0.0005646523491087794,0.0009546927187381041,0.003757475019438755
2022-04-21 00:00:00+00:00,1948.199951171875,-0.003791194946654919,3.0175154519233216e-06,0.0001959448523231626,0.0002296567060245893,0.0002730166448447575,0.0004769899327221957,0.0005563360671191615,0.0008350004258345221,0.0032096007899981936
2022-04-22 00:00:00+00:00,1934.300048828125,-0.007160315122298755,1.4373159123541793e-05,1.7390674575464872e-05,0.00021031801144670453,0.00026853204925822796,0.0004895796810346455,0.0005654863019060553,0.0007839711875532836,0.0024766902858536863
2022-04-25 00:00:00+00:00,1896.0,-0.01999912533638959,5.127011265062023e-05,6.564327177416178e-05,6.866078722608522e-05,0.00029529997779875137,0.0003386599166189196,0.000558770024346359,0.0006618288162587618,0.0024905367081165444
2022-04-26 00:00:00+00:00,1904.0999755859373,0.004263039343729069,0.00039996501422062,0.00045123512687124,0.00046560828599478195,0.0006615531383179448,0.0007197671761294683,0.0009425982187169777,0.0010332781505554849,0.002830775740915151
2022-04-27 00:00:00+00:00,1888.699951171875,-0.008120707309664965,1.8173504446181973e-05,0.00041813851866680176,0.0004694086313174221,0.0004867993058928873,0.0007134384964655535,0.0009589883123520677,0.0010401178575601255,0.0026984862463678
2022-04-28 00:00:00+00:00,1891.300048828125,0.0013757132626066593,6.594588720924599e-05,8.411939165542769e-05,0.0004840844058760478,0.0005497276776502099,0.0007456725299733729,0.0008227443224949676,0.0011008408204327233,0.00250881429429572
2022-04-29 00:00:00+00:00,1911.699951171875,0.010728423881604776,1.892586980911859e-06,6.783847419015758e-05,8.601197863633966e-05,0.00053724710550758,0.0005546377800830452,0.0008057791547658082,0.0010447470172033188,0.002396639257794062
2022-05-02 00:00:00+00:00,1863.5999755859373,-0.02548278515108482,0.00011509907898338769,0.00011699166596429928,0.00018293755317354537,0.0006010760718403474,0.0006667193436145095,0.000896376049639099,0.0011437092763367052,0.0022001525405316988
2022-05-03 00:00:00+00:00,1870.5999755859373,0.003749134106832308,0.0006493723390563489,0.0007644714180397364,0.0007663640050206482,0.0008504833966760763,0.0013017185235473165,0.0015120365349940213,0.0017912982045819622,0.0027979896320050467
2022-05-04 00:00:00+00:00,1868.800048828125,-0.0009626821870192259,1.4056006551013288e-05,0.0006634283456073619,0.0007785274245907497,0.0008463658987809077,0.0012645044174477097,0.0013331652046737951,0.0016031643340666294,0.002812034898579117
2022-05-05 00:00:00+00:00,1875.699951171875,0.0036853572723769545,9.267569932041199e-07,1.498276354421719e-05,0.0006643551026005662,0.0007813467685648659,0.0008654661602202938,0.001331074446215076,0.001585233336349762,0.0027956995337361065
2022-05-06 00:00:00+00:00,1882.800048828125,0.0037781594264210128,1.3581858225061707e-05,1.450861521826561e-05,2.8564621769279007e-05,0.0007930360398090157,0.0008608745139991735,0.0013302831453165958,0.001574313010464727,0.0027422192913441404
2022-05-09 00:00:00+00:00,1858.5999755859373,-0.012936553473257284,1.4274488651453957e-05,2.7856346876515446e-05,2.8783103869719675e-05,0.0006922114494770819,0.0008092031154413815,0.0012932875213174295,0.0015548756454147545,0.0025933955548816594
2022-05-10 00:00:00+00:00,1841.0,-0.009514600754433111,0.0001673544157664451,0.00018162890441789884,0.00019521076264296066,0.00021019352618717818,0.0009746649442269147,0.0010606769228632548,0.00152930272430996,0.002744059556573857
2022-05-11 00:00:00+00:00,1853.699951171875,0.006874713161066026,9.052762751625913e-05,0.000257882043282704,0.0002721565319341581,0.000286665147152424,0.0009500934927597863,0.0011330310459333316,0.0016168128363742958,0.0027798867024949876
2022-05-12 00:00:00+00:00,1824.5999755859373,-0.015822843863271707,4.726168104693443e-05,0.00013778930856319334,0.0003051437243296386,0.0003330000712061543,0.00034798283475037173,0.00111434683977102,0.0016497013582976883,0.002621784751611258
2022-05-13 00:00:00+00:00,1808.199951171875,-0.00902892323132587,0.0002503623879214751,0.00029762406896840935,0.00038815169648466854,0.0005697806009025677,0.0005842892161208336,0.0013628166407115834,0.0018487936335685434,0.002749437331177227
2022-05-16 00:00:00+00:00,1814.0,0.0032025033755349597,8.152145471717598e-05,0.00033188384263865085,0.00037914552368558535,0.0006370275669682898,0.0006648839138448055,0.0013292390164453718,0.0015303500740650993,0.002765556388489623
2022-05-17 00:00:00+00:00,1818.9000244140625,0.0026975844931458326,1.0256027870312811e-05,9.177748258748856e-05,0.0003421398705089638,0.00047992917907215747,0.0006615580834900565,0.0006901227052593357,0.0015224325974892302,0.002602399932414794
2022-05-18 00:00:00+00:00,1815.9000244140625,-0.0016507101578691064,7.2769620976608585e-06,1.7532989967973453e-05,9.905444468514948e-05,0.0003966785136535592,0.0006545605569362634,0.0006833436608059833,0.001463763672377645,0.0025811612145885576
2022-05-19 00:00:00+00:00,1841.199951171875,0.013836280412999002,2.72484402529225e-06,1.0001806122952891e-05,2.0257833993265757e-05,0.00035214167663191704,0.0004899309851951106,0.0006851417478380713,0.0014645959294220254,0.0025725522611723087
2022-05-20 00:00:00+00:00,1842.0999755859373,0.0004887054814277647,0.00019144265566713986,0.00019416749969243188,0.0002014444617900928,0.00029322194437758175,0.0005908460133459913,0.0008630025452801495,0.0015409395061057776,0.0027587719925028006
2022-05-23 00:00:00+00:00,1847.800048828125,0.003089556756864731,2.388330475775433e-07,0.00019168148871471718,0.00019440633274000948,0.00021193932270798332,0.0005438231653466345,0.0008489668896762731,0.0008918060000970061,0.0027010244353400615
2022-05-24 00:00:00+00:00,1865.4000244140625,0.009479751718956209,9.545360953888514e-06,9.78419400146584e-06,0.00020122684966860575,0.00021122865579155901,0.00030300613837904784,0.0006911578348637165,0.0008872953544998813,0.0026944329764439488
2022-05-25 00:00:00+00:00,1846.300048828125,-0.01029185753243489,8.98656926530532e-05,9.941105360694149e-05,9.964988665451909e-05,0.0002938173863469513,0.00031135037631492503,0.0006904959000005105,0.0009762342901597304,0.00278251525828591
2022-05-26 00:00:00+00:00,1847.5999755859373,0.0007038234943461674,0.00010592233146793676,0.00019578802412098973,0.00020533338507487832,0.00039701487378959586,0.00040701667991254896,0.0007491565504215129,0.0010685747634026055,0.0026862477126875007
2022-05-27 00:00:00+00:00,1851.300048828125,0.002000635027660458,4.953675111936496e-07,0.0001064176989791302,0.00019628339163218345,0.00020606758563364967,0.0004002350853260818,0.0004992895300112315,0.0010547956422623452,0.002667885325488623
2022-05-31 00:00:00+00:00,1842.699951171875,-0.00465626052750423,4.002540513901961e-06,4.497908025095393e-06,0.00011042023949303221,0.0002098312930999741,0.00040151278181469146,0.00042177061580795744,0.000891443767009802,0.0026473856818924283
2022-06-01 00:00:00+00:00,1848.699951171875,0.00325080210358486,2.168076209999397e-05,2.5683302613895715e-05,2.6178670125089418e-05,0.00022196669424607955,0.00023175088824754558,0.00043319535003763857,0.0008225969015935369,0.0026353545902909957
2022-06-02 00:00:00+00:00,1871.4000244140625,0.012204163941435198,1.056771431667175e-05,3.2248476416665504e-05,3.625101693056752e-05,0.0001426687159096981,0.0002420797695166398,0.0004364861022566494,0.0007859029348632742,0.002452994967736428
2022-06-03 00:00:00+00:00,1850.199951171875,-0.011393111941203848,0.0001489416175094271,0.00015950933182609862,0.00018119009392609264,0.00018568800195118844,0.0003814760260721784,0.0005827028757407843,0.0006844821644512261,0.0025989190697939314
2022-06-06 00:00:00+00:00,1843.699951171875,-0.003519319353913808,0.00012980299970480173,0.0002787446172142286,0.0002893123315309004,0.00031499563414479656,0.0004214133331239269,0.0005210632197784462,0.000732763709438852,0.0027143489103751916
2022-06-07 00:00:00+00:00,1852.0999755859373,0.004545721654352519,1.2385608714832303e-05,0.0001421886084196338,0.00029113022592906095,0.00032337870234572686,0.00032787661037082246,0.0005332099954457009,0.0007348932902833714,0.0026754644064394036
2022-06-08 00:00:00+00:00,1856.5,0.0023728773702060835,2.0663585358849403e-05,3.304919407368149e-05,0.00016285219377848328,0.0003223615256045823,0.0003480448282184782,0.0005443282198506618,0.00074827991354456,0.002296162977577633
2022-06-09 00:00:00+00:00,1852.800048828125,-0.0019949598847643912,5.630547014036139e-06,2.6294132372885327e-05,3.867974108771768e-05,0.0003174243583019467,0.0003496728347186124,0.00046009307421164476,0.0007511856165333039,0.002283620020145487
2022-06-10 00:00:00+00:00,1875.5,0.012177255789572072,3.979864941819153e-06,9.610411955855075e-06,3.0273997314704534e-05,0.00017246260573433876,0.00033197193756043757,0.0003581506076855271,0.0005637228258079831,0.00222165399787806
2022-06-13 00:00:00+00:00,1831.800048828125,-0.023576173897239094,0.00014828555856466656,0.0001522654235064855,0.0001578959705205217,0.0001909451645942036,0.00046968978180843236,0.0005059407987390001,0.0007117695513250722,0.002368046969461815
2022-06-14 00:00:00+00:00,1813.5,-0.010040436901745942,0.000555835975632858,0.0007041215341975244,0.0007081013991393436,0.0007343955315122293,0.0008765841399318633,0.001057774233857956,0.0012580601660040418,0.0028087838661112856
2022-06-15 00:00:00+00:00,1819.5999755859373,0.0033580035556228793,0.00010081037317794164,0.0006566463488107995,0.000804931907375466,0.0008145423193313216,0.0008475915134050032,0.0011369038449359037,0.00126900484652893,0.002260221900232878
2022-06-16 00:00:00+00:00,1849.9000244140625,0.01651491347626699,1.12761878795759e-05,0.00011208656105751732,0.0006679225366903755,0.0008201879601968613,0.0008464820925697468,0.0011376123184988077,0.0011743587029405694,0.0022574420815614405
2022-06-17 00:00:00+00:00,1840.5999755859373,-0.005040004614278004,0.00027274236712858505,0.0002840185550081607,0.00038482892818610245,0.001088950462383627,0.0010985608743394825,0.001261413068117966,0.0014466057025579607,0.0025292576916968214
2022-06-21 00:00:00+00:00,1838.800048828125,-0.0009783806541543427,2.5401646511943573e-05,0.0002981440136405284,0.0003094202015201044,0.0009660665503309041,0.0011183319738373898,0.0011570117149251077,0.0014680048085560023,0.002541077479983703
2022-06-22 00:00:00+00:00,1838.4000244140625,-0.00021757011186362973,9.572287044234795e-07,2.6358875216366836e-05,0.00029910124234495196,0.0004111878034024696,0.0011153093375999943,0.001145583334914699,0.0014472812751604317,0.002527760220036673
2022-06-23 00:00:00+00:00,1829.800048828125,-0.004688943444164373,4.733675357635236e-08,1.004565457999615e-06,2.6406211969943298e-05,0.00031042476697810435,0.0009670711157889039,0.0011249670863094257,0.0014367608975973363,0.002360453141023804
2022-06-24 00:00:00+00:00,1830.300048828125,0.0002732165731913483,2.198619062257205e-05,2.2033527376148188e-05,2.2990756080571776e-05,0.0003211347697211005,0.0004332213307786179,0.0011413227299179615,0.0013098054707104813,0.002291911704130117
2022-06-27 00:00:00+00:00,1824.800048828125,-0.003009495775330606,7.464729586642338e-08,2.2060837918438257e-05,2.210817467201472e-05,4.846704988838188e-05,0.0003324856048965427,0.001137417512272009,0.001180077118301546,0.002244724670379049
2022-06-28 00:00:00+00:00,1821.199951171875,-0.0019748210785834885,9.057064821732766e-06,9.131712117598972e-06,3.111790274017113e-05,3.212246819817107e-05,0.0003302664818386996,0.000998189018529075,0.0011767485744084464,0.0020034193472793066
2022-06-29 00:00:00+00:00,1817.5,-0.002033667241989612,3.899918292417653e-06,1.2956983114150202e-05,1.3031630410016733e-05,3.506515778616525e-05,6.142403300253219e-05,0.0004462529611886349,0.0011599849073420149,0.0019257978108545484
2022-06-30 00:00:00+00:00,1807.300048828125,-0.005627884548915496,4.135802451141634e-06,8.03572074355907e-06,1.7092785565291946e-05,3.915362348373053e-05,4.015818894173025e-05,0.00034957839046183487,0.0011584901627791201,0.001919677585435377
2022-07-01 00:00:00+00:00,1801.5,-0.0032143946706106874,3.1673084495921775e-05,3.580888694706319e-05,3.9708805239480956e-05,4.884051735708025e-05,7.087404473322855e-05,0.00036997528707818076,0.0011861833823332227,0.0019440737078336382
2022-07-05 00:00:00+00:00,1763.9000244140625,-0.021092370729761,1.033233309845039e-05,4.2005417594371946e-05,4.614122004551369e-05,5.909820315966422e-05,8.115904107810259e-05,0.0001075652530480461,0.0010482301568670066,0.0019516811969067962
2022-07-06 00:00:00+00:00,1736.5,-0.01565568727425859,0.00044488810300167864,0.0004552204361001288,0.0004868935205960507,0.00049492924133961,0.0005040609534572092,0.0005270517095377811,0.0009372822842358274,0.002205126644241335
2022-07-07 00:00:00+00:00,1739.699951171875,0.0018410632993957066,0.00024510054402938236,0.0006899886470310608,0.0007003209801295113,0.0007361298670765749,0.0007490868501907252,0.00077119502486274,0.001081572455087268,0.0024499883552231397
2022-07-08 00:00:00+00:00,1742.300048828125,0.001493450970430743,3.389514072381805e-06,0.00024849005810176393,0.0006933781611034428,0.000735383578697815,0.0007434192994413742,0.0007745372021815455,0.001073685781280074,0.002443832508341633
2022-07-11 00:00:00+00:00,1731.699951171875,-0.0061025506924918815,2.230395801080528e-06,5.6199098734621165e-06,0.0002507204539028446,0.0007059408900029737,0.0007417497769500371,0.0007547814073600539,0.0008031738099525694,0.0023561972114896604
2022-07-12 00:00:00+00:00,1724.800048828125,-0.003992426737343457,3.7241124954433144e-05,3.9471520755513454e-05,4.286103482789537e-05,0.0007328496818589565,0.0007748550994533286,0.0007919478850186207,0.000815013288395059,0.002287516004976157
2022-07-13 00:00:00+00:00,1735.5,0.006184426277720867,1.5939471253054924e-05,5.3180596207487855e-05,5.54109920085685e-05,0.00030390105011033274,0.0007591214862104617,0.0007988302914499429,0.0008299955309436905,0.0023029601087180183
2022-07-14 00:00:00+00:00,1705.800048828125,-0.01726131879206605,3.8247128384564374e-05,5.4186599637619085e-05,9.142772459205234e-05,9.704763446551477e-05,0.0007870362814965757,0.0008331775015420896,0.0008681953225746784,0.0023372046965886802
2022-07-15 00:00:00+00:00,1703.5999755859375,-0.001290592791582057,0.00029795312644133255,0.0003362002548258967,0.00035213972607895175,0.0003916112468344655,0.0006401013049362296,0.0011269948255322806,0.0011441622583934388,0.002613477060930019
2022-07-18 00:00:00+00:00,1710.199951171875,0.0038666494525418926,1.6656297536835668e-06,0.0002996187561950159,0.0003378658845795804,0.00039104648078706856,0.0003966663906605309,0.0010969873707900423,0.0011457532408512563,0.0026045749763670308
2022-07-19 00:00:00+00:00,1710.699951171875,0.00029232074473650727,1.4950977988842517e-05,1.6616607742525865e-05,0.0003145697341838585,0.0003687563338214779,0.0004082278545769916,0.0011016060156804344,0.0011516471540183658,0.0024705843368464466
2022-07-20 00:00:00+00:00,1700.199951171875,-0.006156752451260239,8.545141780330624e-08,1.5036429406645607e-05,1.670205916032928e-05,0.0003529023139862263,0.00040608291019371434,0.0006568033640965591,0.0011478326871437515,0.002340866788559448
2022-07-21 00:00:00+00:00,1713.4000244140625,0.0077338523146313065,3.790560074609896e-05,3.799105216390205e-05,5.2942030152744677e-05,0.0003525607863477609,0.00040674738598538016,0.00044960842081327566,0.0011816024854387089,0.0023663867805907143
2022-07-22 00:00:00+00:00,1727.4000244140625,0.008137687200759025,5.9812471624528015e-05,9.771807237062676e-05,9.780352378843018e-05,0.00011442013153095637,0.0004506203863568533,0.0005060313783654219,0.0012097418725673151,0.0024055356668563933
2022-07-25 00:00:00+00:00,1719.0999755859375,-0.004816518133806902,6.622195297739726e-05,0.00012603442460192506,0.00016394002534802414,0.00017897645475467005,0.0004785952109496861,0.0005700229355417386,0.001265631492446262,0.0024661270728197544
2022-07-26 00:00:00+00:00,1717.699951171875,-0.0008147256292714289,2.319884693329072e-05,8.942079991068776e-05,0.0001492332715352159,0.00018722432369911826,0.0002038409314416443,0.0005559806575205961,0.0008439422363778741,0.0024853460548112257
2022-07-27 00:00:00+00:00,1719.0999755859375,0.0008147256292714289,6.637778509917258e-07,2.386262478428223e-05,9.00845777616796e-05,0.0001878026501323067,0.00020283907953895245,0.000540704964118533,0.0005995054701994834,0.002337724274097551
2022-07-28 00:00:00+00:00,1750.300048828125,0.01798634584799874,6.637778509917258e-07,1.3275557019834516e-06,2.4526402635274065e-05,0.00015056082723719944,0.00018855187940110165,0.0005031216135849603,0.0005967797339780932,0.0017825520763156846
2022-07-29 00:00:00+00:00,1762.9000244140625,0.007172964446712449,0.00032350863696382155,0.00032417241481481305,0.0003248361926658049,0.000414256992576493,0.00051197506494712,0.0005286771241074493,0.0009180579751408343,0.0020052503401015646
2022-08-01 00:00:00+00:00,1787.699951171875,0.013969655967160044,5.145141895380082e-05,0.0003749600559176222,0.00037562383376861405,0.00039948645855289656,0.0005255208831548218,0.0005784629133075666,0.000932268269140202,0.00204542557117579
2022-08-02 00:00:00+00:00,1789.699951171875,0.0011181306328422735,0.00019515128784081023,0.00024660270679461086,0.0005701113437584325,0.000571438899460416,0.000660859699371104,0.0007586632231595342,0.0011114800857279573,0.0019678344918880146
2022-08-03 00:00:00+00:00,1776.4000244140625,-0.007459122578999278,1.2502161121002632e-06,0.00019640150395291026,0.0002478529229067112,0.0005720253377215246,0.000595887962505807,0.0007598279878538312,0.001074483173455493,0.0019436830614881714
2022-08-04 00:00:00+00:00,1806.9000244140625,0.017023825067850495,5.563850964853684e-05,5.6888725760636886e-05,0.0002520400136014472,0.0006270000695190697,0.000628327625221053,0.000777560896756269,0.0008321685566626975,0.0019983643424322847
2022-08-05 00:00:00+00:00,1791.199951171875,-0.008726924204821351,0.0002898106199407749,0.00034544912958931156,0.0003466993457014119,0.0005933020524960231,0.0009174744673108363,0.001007559045072516,0.001120313546849789,0.0022881276256194833
2022-08-08 00:00:00+00:00,1805.199951171875,0.007785602879712528,7.615920607669678e-05,0.0003659698260174715,0.0004216083356660084,0.0006180098396189191,0.0009929698955365414,0.0010174962981718155,0.001181521774937643,0.002342300641073608
2022-08-09 00:00:00+00:00,1812.300048828125,0.003925421851183053,6.0615612200588e-05,0.00013677481827728457,0.0004265854382180596,0.0004834741639786968,0.0007300768707733078,0.0010549130634391127,0.0012420519357204279,0.0024028416059783298
2022-08-10 00:00:00+00:00,1813.699951171875,0.0007721469461134944,1.5408936709745386e-05,7.602454891033318e-05,0.00015218375498703005,0.000497632884576342,0.0006940343885292524,0.0010696582222978666,0.0012195552716840743,0.0024091934778663424
2022-08-11 00:00:00+00:00,1807.199951171875,-0.003590271566414671,5.962109063923957e-07,1.6005147616137565e-05,7.662075981672567e-05,0.0004425905858341975,0.0004994793115948345,0.0010695906553532671,0.0011603390109659387,0.002405889770480317
2022-08-12 00:00:00+00:00,1815.5,0.004582252719258939,1.2890049920605656e-05,1.3486260826997835e-05,2.889519753674333e-05,0.0001656700158140282,0.0005111191454033399,0.0007589720683100512,0.001107007107909147,0.002414644017949781
2022-08-15 00:00:00+00:00,1798.0999755859375,-0.00963037359449892,2.0997039983155942e-05,3.388708990376138e-05,3.448330081015389e-05,0.00011050784972048739,0.000476477675737959,0.0007285176893394064,0.0011048053009590122,0.0024039679734370154
2022-08-16 00:00:00+00:00,1789.699951171875,-0.0046825575193842894,9.274409556962205e-05,0.00011374113555277776,0.00012663118547338355,0.00014263633308952143,0.00027941115136680616,0.0006261104970682182,0.0011968856186776425,0.002486379735908187
2022-08-17 00:00:00+00:00,1776.699951171875,-0.007290297181128835,2.192634492234235e-05,0.00011467044049196418,0.0001356674804751202,0.0001491537413021184,0.0002251782902124517,0.0006467866258784603,0.001218148185748993,0.0020634179778288506
2022-08-18 00:00:00+00:00,1771.199951171875,-0.0031004281728277405,5.314843298917504e-05,7.507477791151719e-05,0.0001678188734811393,0.00020170596338490104,0.00021771111100103875,0.0006442965492190985,0.0009477879817743467,0.0018714658667886434
2022-08-19 00:00:00+00:00,1762.9000244140625,-0.004697061246045742,9.612654854863961e-06,6.27610878440388e-05,8.468743276638124e-05,0.00019842856831915932,0.00021191482914615734,0.0003640985841331875,0.0009059492176754099,0.0018776890075711255
2022-08-22 00:00:00+00:00,1748.4000244140625,-0.008259096187686055,2.2062384349104775e-05,3.167503920396853e-05,8.482347219314367e-05,0.00019949391268510818,0.00023338100258886972,0.0003100017624055955,0.0007328603141837043,0.0018975209961191496
2022-08-23 00:00:00+00:00,1761.199951171875,0.007294269204429327,6.821266983745032e-05,9.027505418655489e-05,9.988770904141895e-05,0.00017496248695293644,0.00028870362250571437,0.0003175988200424578,0.0007998227679090544,0.0019284925410021669
2022-08-24 00:00:00+00:00,1761.5,0.00017035162404344106,5.3206363226686045e-05,0.00012141903306413614,0.00014348141741324103,0.00020624250525728014,0.00032091294574924446,0.0003553962465593985,0.0007973906214872036,0.001965759432975798
2022-08-25 00:00:00+00:00,1771.4000244140625,0.005604489376544564,2.9019675814237886e-08,5.3235382902500066e-05,0.0001214480527399505,0.00015312309194391935,0.00022819786985543667,0.00035482905532882033,0.0005076090212222428,0.0019275413242670477
2022-08-26 00:00:00+00:00,1749.800048828125,-0.01226868458069763,3.141030117180087e-05,3.143932084761489e-05,8.464568407430104e-05,0.00017492073826085627,0.00023768182610489521,0.00037334930658001553,0.000462860116317347,0.0016609984989975164
2022-08-29 00:00:00+00:00,1749.699951171875,-5.720683313459318e-05,0.0001505206213406478,0.00018193092251244847,0.0001819599421882628,0.00030337897525239927,0.00033505401445636795,0.0005028728879375074,0.0005527651254574068,0.0018098534905844803
2022-08-30 00:00:00+00:00,1736.300048828125,-0.007687876271972094,3.2726217572891883e-09,0.0001505238939624049,0.00018193419513420586,0.00023516957803670625,0.0003254446322232613,0.00041013206498964264,0.0005373594613694186,0.0017949057852173953
2022-08-31 00:00:00+00:00,1726.199951171875,-0.005834007972957522,5.910344157315154e-05,5.910671419490861e-05,0.00020962733553555652,0.00024106665638317173,0.00036248568944730806,0.00044730916164045185,0.0005958666920361778,0.0018539237753727434
2022-09-01 00:00:00+00:00,1709.300048828125,-0.009838473970700257,3.4035649028531936e-05,9.313909060168325e-05,9.314236322344066e-05,0.0002750732857358894,0.00032830866863838964,0.0004281963776798087,0.0006170122911441042,0.0018500538236551763
2022-09-02 00:00:00+00:00,1722.5999755859375,0.007750804653900545,9.679557007214647e-05,0.00013083121910067817,0.00018993466067382983,0.000340458554636235,0.00037189787548385007,0.0005153792928970912,0.0006928108212330946,0.0018870369221027949
2022-09-06 00:00:00+00:00,1712.9000244140625,-0.005646908425277708,6.007497278292634e-05,0.0001568705428550726,0.00019090619188360465,0.0002500129060785136,0.0004319438285909622,0.0005533918813309127,0.0006601416984463991,0.0018808899419083239
2022-09-07 00:00:00+00:00,1727.800048828125,0.008661096428073556,3.1887574763472366e-05,9.196254754639848e-05,0.00018875811761854508,0.00028189720822022863,0.00043242110218263366,0.0005170667862569348,0.000670102928287529,0.0018895786697385058
2022-09-08 00:00:00+00:00,1720.199951171875,-0.004408416452836406,7.50145913363885e-05,0.00010690216609986065,0.00016697713888278712,0.0002978083579834656,0.0003569150721783744,0.0005388750143666373,0.0006919690866347424,0.0019639294832239024
2022-09-09 00:00:00+00:00,1728.5999755859375,0.004871283462699161,1.9434135621638717e-05,9.4448726958027e-05,0.0001263363017214995,0.0002832068445765724,0.0003763459351782558,0.0005582801303124619,0.0007017905674015173,0.0019826998409945493
2022-09-12 00:00:00+00:00,1740.5999755859375,0.006918049134245763,2.3729402573966326e-05,4.316353819560483e-05,0.00011817812953199345,0.00021014067707839226,0.0003409718961790706,0.0005505992317146272,0.0007034575856263787,0.001682920606604694
2022-09-13 00:00:00+00:00,1717.4000244140625,-0.013418333875083732,4.785940382383855e-05,7.158880639780466e-05,9.10229420194435e-05,0.00019792510811930447,0.00035479565097437725,0.000447938014197818,0.0006831043196127669,0.001679328591474732
2022-09-14 00:00:00+00:00,1709.0999755859375,-0.004844631584384196,0.00018005168398321962,0.00022791108780705795,0.0002516404903810244,0.00034608921733905176,0.0004380517648854504,0.0006279864255592803,0.0008099496403693006,0.0016642289876171413
2022-09-15 00:00:00+00:00,1677.300048828125,-0.018781515057856524,2.3470455188412923e-05,0.00020352213917163232,0.000251381542995471,0.0002945450811910761,0.00040144724729093695,0.0005923534391745417,0.0008333910758818992,0.001686449226693454
2022-09-16 00:00:00+00:00,1683.5,0.003689572789274287,0.00035274530786849135,0.00037621576305690407,0.0005562674470401238,0.0006278562534379288,0.0007223049803959559,0.0009110630980145011,0.0011547260825785898,0.0019835560249134086
2022-09-19 00:00:00+00:00,1678.199951171875,-0.0031531982606942677,1.361294736735324e-05,0.00036635825523584435,0.0003898287104242574,0.0006177397982313156,0.0006609033364269207,0.0008278804753097078,0.0010178184086052952,0.0017073583523399868
2022-09-20 00:00:00+00:00,1671.0999755859375,-0.004239683740673961,9.942659271245356e-06,2.3555606638598378e-05,0.0003763009145070899,0.0005798230536787225,0.0006514118600765273,0.0007777481617980269,0.0010277577952547833,0.0016411418055345354
2022-09-21 00:00:00+00:00,1675.699951171875,0.002748881667975489,1.7974918220935146e-05,2.7917577492180284e-05,4.153052485953369e-05,0.00041774628791643796,0.0006456573757234962,0.0007638355052554897,0.0009866292719025668,0.0015985011115548825
2022-09-22 00:00:00+00:00,1681.0999755859375,0.0032173672486051075,7.556350424531707e-06,2.5531268645466638e-05,3.5473927916712154e-05,0.0004018321831525568,0.0006053543223241893,0.0006963772643436329,0.0009601499732985666,0.0015906485252696688
2022-09-23 00:00:00+00:00,1655.5999755859375,-0.015284860388117494,1.03514520123968e-05,1.790780243692829e-05,3.588272065786359e-05,5.943832729646225e-05,0.00043565409035336644,0.000687294580734391,0.000873705855238817,0.0016004037663756732
2022-09-26 00:00:00+00:00,1633.4000244140625,-0.013499719257273668,0.00023362695708424325,0.00024397840909663984,0.0002515347595211717,0.00027945233701335225,0.0006458105922491968,0.0008971921352446679,0.0010472578395401338,0.0018211406735393109
2022-09-27 00:00:00+00:00,1636.199951171875,0.0017127033662527325,0.0001822424200252055,0.0004158693771094485,0.00042622082912184545,0.0004517520977673124,0.00047530770440591094,0.0010315751514460348,0.001197612684801867,0.0019823860535813603
2022-09-28 00:00:00+00:00,1670.0,0.02044717617359737,2.9333528207734416e-06,0.00018517577284597872,0.00041880272993022213,0.0004367105323671507,0.0004646281098593312,0.0008544568202835886,0.001125531446286252,0.0018925753108325117
2022-09-29 00:00:00+00:00,1668.5999755859375,-0.0008386895742917844,0.000418087013474128,0.00042102036629490123,0.0006032627863201068,0.0008472411954167469,0.0008727724640622137,0.0012490733785693038,0.0015241843241387413,0.0022887359793842973
2022-09-30 00:00:00+00:00,1672.0,0.0020355778081384557,7.034002020257345e-07,0.0004187904136761535,0.00042172376649692706,0.0008375931436063759,0.0008555009460433044,0.0008970314709028381,0.0015011583217668005,0.002236290946597148
2022-10-03 00:00:00+00:00,1702.0,0.01778351548867274,4.14357701298576e-06,4.846977215011277e-06,0.00042293399068913935,0.0006081097635351184,0.0008520881726317585,0.0008875621005484706,0.001457442494955948,0.0022308218687552696
2022-10-04 00:00:00+00:00,1730.5,0.016606353942078655,0.00031625342313586327,0.0003203970001488488,0.0003211004003508747,0.0007421207666457761,0.001157990143755225,0.0011938728644130885,0.0015936442341085914,0.002525012907542028
2022-10-05 00:00:00+00:00,1720.800048828125,-0.005621056746631936,0.0002757709912495913,0.0005920244143854544,0.0005961679913984402,0.001014958405074594,0.0012001341779205729,0.0014516689374417448,0.00184594477016977,0.0027325712289541695
2022-10-06 00:00:00+00:00,1720.800048828125,0.0,3.1596278948856405e-05,0.0003073672701984475,0.0006236206933343109,0.0006284676705493224,0.001049488036844224,0.0014757088659660693,0.0015247957412501349,0.0027109611446763395
2022-10-07 00:00:00+00:00,1709.300048828125,-0.006705368800392186,0.0,3.159627894885619e-05,0.0003073672701984476,0.0006277642703472967,0.0010465546840234504,0.0014653574139536726,0.0015111827938827816,0.0027109321250005252
2022-10-10 00:00:00+00:00,1675.199951171875,-0.02015142655974156,4.496197074927295e-05,4.496197074927273e-05,7.655824969812925e-05,0.0006685826640835838,0.0006734296412985953,0.0012766924276187024,0.0015462021053608093,0.0027244837945779978
2022-10-11 00:00:00+00:00,1686.0,0.006426327593167969,0.0004060799923926575,0.00045104196314193026,0.00045104196314193037,0.0007584092333403782,0.0010788062334892272,0.0015005299999861542,0.0019343071795325318,0.002980043165630007
2022-10-12 00:00:00+00:00,1677.5,-0.005054269715963677,4.129768633471202e-05,0.00044737767872736933,0.0004923396494766423,0.0005239359284254989,0.0011159603428109533,0.001538894333500093,0.001968048515442712,0.0030213375793429623
2022-10-13 00:00:00+00:00,1677.0,-0.0002981070226280025,2.554564236170755e-05,6.684332869641935e-05,0.00047292332108907697,0.0005178852918383501,0.0008252525620367977,0.0011463529623876726,0.0019832427057920226,0.002987779780131518
2022-10-14 00:00:00+00:00,1648.9000244140625,-0.016898069110014013,8.886779694013239e-08,2.5634510158647466e-05,6.693219649335959e-05,0.0005179741596352903,0.0005495704385841465,0.001145738429982587,0.0017497046165047196,0.0029538329988999263
2022-10-17 00:00:00+00:00,1664.0,0.009115928667958961,0.00028554473964680977,0.0002856336074437497,0.0003111792498054573,0.000758556928532827,0.0008035188992820998,0.0014271395926164108,0.0018530069361263237,0.00314258216847459
2022-10-18 00:00:00+00:00,1655.800048828125,-0.00494003718730518,8.310015547931604e-05,0.00036864489512612557,0.00036873376292306586,0.00043557709161948547,0.0008866190547614158,0.0011939863249598637,0.0019331737387848665,0.0031656073511709794
2022-10-19 00:00:00+00:00,1634.199951171875,-0.013130947122158787,2.440396741195807e-05,0.00010750412289127389,0.00039304886253808377,0.00041868337269673154,0.0008660610514241011,0.0009426193011222305,0.0015394906927226966,0.003158123743819465
2022-10-20 00:00:00+00:00,1636.800048828125,0.0015897879571262763,0.00017242177232493013,0.00019682573973688798,0.0002799258952162041,0.0005655595026599541,0.0006324028313563736,0.0010834447944983042,0.0017112090648456009,0.0032555309248080066
2022-10-21 00:00:00+00:00,1656.300048828125,0.011843082409534134,2.527425748623739e-06,0.00017494919807355366,0.00019935316548551184,0.0005679980606116377,0.0005936325707702854,0.0010859722202469278,0.0017095929135812389,0.0032386242149349915
2022-10-24 00:00:00+00:00,1654.0999755859375,-0.0013291889499011944,0.00014025860095901683,0.00014278602670764036,0.0003152077990325706,0.0004227119219238448,0.0007083455293675946,0.0011812688504566717,0.0015335980914043925,0.0033551534133200423
2022-10-25 00:00:00+00:00,1658.0,0.00235501720679121,1.76674326453944e-06,0.00014202534422355604,0.0001445527699721799,0.00034137850970906823,0.000710023404835194,0.0007769556013285538,0.0012595938434193405,0.003309060752760743
2022-10-26 00:00:00+00:00,1669.199951171875,0.006732383769745276,5.546106044282673e-06,7.312849308821897e-06,0.00014757145026783884,0.0003225206483413928,0.0004300247712326668,0.0007412040210381244,0.001233543670514767,0.003134555174821806
2022-10-27 00:00:00+00:00,1665.5999755859375,-0.0021590362620997894,4.532499122312961e-05,5.087109726741207e-05,5.263784053195162e-05,0.0001954238672395923,0.00039224960697648037,0.0007609833698995463,0.0012788686617378965,0.0031564097108565227
2022-10-28 00:00:00+00:00,1644.800048828125,-0.012566578255680305,4.661437581061831e-06,4.998642880419123e-05,5.553253484847402e-05,0.0001975578790720304,0.00037250707714558414,0.0007655559396836681,0.0012385681285696853,0.0028083258405690935
2022-10-31 00:00:00+00:00,1640.699951171875,-0.0024958756869137844,0.00015791888905613706,0.00016258032663719869,0.0002079053178603284,0.00021521816716915063,0.0003580041938767911,0.0006379300890929954,0.000990407025233165,0.002952631782257877
2022-11-01 00:00:00+00:00,1649.699951171875,0.00547047332340167,6.229395444527355e-06,0.0001641482845006642,0.00016880972208172616,0.00021968081934913857,0.0003617061635726947,0.0005610593290582067,0.0009553387343429803,0.002948918518431159
2022-11-02 00:00:00+00:00,1650.0,0.00018186431093258904,2.9926078382049313e-05,3.6155473826576454e-05,0.00019407436288271362,0.00024406079168690518,0.0002513736409957272,0.000566581440028298,0.0009597191703633219,0.002960869678592273
2022-11-03 00:00:00+00:00,1630.9000244140625,-0.01164326326206755,3.307462759098542e-08,2.9959153009640083e-05,3.6188548454167545e-05,0.00019876887509136655,0.00024963997235877874,0.0003941927423309589,0.0009596633771939729,0.0029533464027953326
2022-11-04 00:00:00+00:00,1676.5999755859375,0.027635894009548245,0.00013556557938981188,0.00013559865401740264,0.00016552473239945208,0.00032967301690011656,0.00037965944570430795,0.000527230895972147,0.0008096842169369749,0.0030785605301727474
2022-11-07 00:00:00+00:00,1680.5,0.0023234495230530783,0.0007637426377069846,0.0008993082170967963,0.0008993412917243874,0.0009354967655509642,0.001098077092188163,0.0011507149327201148,0.0014903266991646434,0.003608676210795489
2022-11-08 00:00:00+00:00,1716.0,0.020904632882747798,5.398417686175577e-06,0.00076914105539316,0.000904706634782972,0.0009346657877926124,0.0010988140722932767,0.001154346607141751,0.001471321149438861,0.0034318322084564592
2022-11-09 00:00:00+00:00,1713.699951171875,-0.0013412538739130397,0.00043700367596246053,0.0004424020936486359,0.0012061447313556207,0.0013417433853730237,0.0013778988591996002,0.001585804177059929,0.0017359030530763914,0.0038659025315981458
2022-11-10 00:00:00+00:00,1753.699951171875,0.023073066658334085,1.7989619542867362e-06,0.00043880263791674706,0.00044420105560292274,0.0013435092726997193,0.0013734684257093596,0.001542278147791086,0.0017351745892820543,0.003449614480078305
2022-11-11 00:00:00+00:00,1769.4000244140625,0.008912706014889693,0.000532366405019928,0.0005341653669742145,0.0009711690429366752,0.0017403100983298353,0.0018759087523472382,0.0020699831152299524,0.0021272823933429657,0.003981277484896207
2022-11-14 00:00:00+00:00,1776.9000244140625,0.004229766843504734,7.943632850785092e-05,0.0006118027335277787,0.0006136016954820656,0.001056003789130702,0.0019553120062274984,0.0019915005546816663,0.002204951978586277,0.004056570236391072
2022-11-15 00:00:00+00:00,1776.800048828125,-5.6265629571505826e-05,1.7890927550412003e-05,9.73272560582627e-05,0.0006296936610781908,0.0010684962989949381,0.0018376373543880983,0.002003162086787551,0.002217296800092406,0.0037582077408056212
2022-11-16 00:00:00+00:00,1775.800048828125,-0.0005629679665153375,3.1658210710779108e-09,1.7894093371482863e-05,9.73304218793339e-05,0.0006314957888535487,0.0010738978825021847,0.0019732391742265723,0.002171974974690348,0.003482439915377101
2022-11-17 00:00:00+00:00,1763.0,-0.007234149696766501,3.169329313224142e-07,3.2009875239327527e-07,1.8211026302805388e-05,0.0006300137598305844,0.0010688163977473316,0.0019735230325303036,0.0021676304700406082,0.003451160569359567
2022-11-18 00:00:00+00:00,1754.4000244140625,-0.004889971378287505,5.233292183522686e-05,5.2649854766549055e-05,5.2653020587620244e-05,0.00014998027664588325,0.0006841456436200979,0.0018902903749757189,0.0020620445028196985,0.003503493491194794
2022-11-21 00:00:00+00:00,1739.5999755859375,-0.008471744330395659,2.3911820080471005e-05,7.624474191569764e-05,7.656167484702017e-05,9.445576821850335e-05,0.0007062585017462822,0.0011504595573492051,0.002079726927455642,0.0034824433405259915
2022-11-22 00:00:00+00:00,1739.9000244140625,0.00017246663536063522,7.177045199959098e-05,9.568227208006176e-05,0.00014801519391528876,0.00014833529266768233,0.0002456625487259451,0.0012168315916626206,0.0021215713010731834,0.003148133800132925
2022-11-23 00:00:00+00:00,1745.5999755859375,0.0032706677682012852,2.974474031261831e-08,7.180019673990338e-05,9.571201682037449e-05,0.00014836187158692387,0.00016625596495840685,0.0007798576604404726,0.002121567971185905,0.0031068658585385257
2022-11-25 00:00:00+00:00,1754.0,0.004800571839379764,1.0697267649950776e-05,1.0727012390263177e-05,8.249746438985427e-05,0.00015874220630555222,0.0001590623050579456,0.0007887559661361366,0.0019966996594460444,0.0030920174838267693
2022-11-28 00:00:00+00:00,1740.300048828125,-0.00784135373469752,2.3045489985046007e-05,3.3742757634996566e-05,3.3772502375309295e-05,0.00012945477445537137,0.00018210462922192054,0.00027943505110125465,0.0012560025117241054,0.003114974106014875
2022-11-29 00:00:00+00:00,1748.4000244140625,0.004643557755388272,6.148682839265475e-05,8.453231837770054e-05,9.522958602765143e-05,0.00016702978276755514,0.00024327452468325287,0.0002614855509860585,0.0013120909224305845,0.0028909161947607196
2022-11-30 00:00:00+00:00,1746.0,-0.0013736405532718265,2.156262862762657e-05,8.30494570202811e-05,0.00010609494700532723,0.00011682195939559072,0.0002125042314756526,0.00026515725206327305,0.0008966498750957507,0.00282937866790903
2022-12-01 00:00:00+00:00,1815.199951171875,0.03886817016650035,1.8868883695929298e-06,2.3449516997219285e-05,8.493634538987415e-05,0.00011867910302487104,0.00019047929976477452,0.00026704097461179493,0.0008967378015110568,0.0028068615888666654
2022-12-02 00:00:00+00:00,1809.5999755859373,-0.0030898146956053196,0.0015107346520920278,0.0015126215404616206,0.0015341841690892472,0.0016187164874669482,0.0016294434998572113,0.0017774586937725004,0.0018751060485831567,0.0041451744686337635
2022-12-05 00:00:00+00:00,1781.300048828125,-0.015762350660492253,9.546954853178594e-06,0.0015202816069452062,0.0015221684953147991,0.0016052179523350807,0.0016389607099700774,0.001734672726790452,0.0018052166749284843,0.004152193997738318
2022-12-06 00:00:00+00:00,1782.4000244140625,0.0006173222203118556,0.00024845169834432053,0.0002579986531974989,0.0017687333052895267,0.0017921828222867465,0.001876715140664447,0.001959212605054302,0.002035777445722393,0.004260387095123622
2022-12-07 00:00:00+00:00,1798.0,0.0087141516013034,3.8108672369075913e-07,0.0002488327850680111,0.0002583797399211897,0.0017710012803828106,0.0018540507374030918,0.0018878232397784014,0.002036155366625013,0.0042590014385827735
2022-12-08 00:00:00+00:00,1801.5,0.001944715156582788,7.59364381304986e-05,7.631752485418914e-05,0.0003247692231985097,0.0018450508301437163,0.0018685003471409357,0.0019637299331685875,0.0021117748718241887,0.004329391770668989
2022-12-09 00:00:00+00:00,1810.699951171875,0.005093832672012688,3.781917040242818e-06,7.971835517074119e-05,8.009944189443196e-05,0.0003380980950919313,0.0018507196355535519,0.0019568145825588795,0.002063223867029205,0.004287848696486102
2022-12-12 00:00:00+00:00,1792.300048828125,-0.010213745379332728,2.594713129046392e-05,2.9729048330706522e-05,0.00010566548646120512,0.0003544982715292166,0.0018747798784744228,0.0019597162238642976,0.0020652591782391976,0.0043091343901955044
2022-12-13 00:00:00+00:00,1825.5,0.018354183614863295,0.00010432059467384065,0.00013026772596430434,0.00013404964300454717,0.00021036716785873674,0.0004683658210562357,0.002002549990145483,0.0020978093209134473,0.004255536095813207
2022-12-14 00:00:00+00:00,1818.699951171875,-0.0037319888105367127,0.0003368760561681163,0.0004411966508419567,0.0004671437821324206,0.0005468621373031623,0.0007956949223711734,0.002317863417685973,0.0024346556323412505,0.004586182756536796
2022-12-15 00:00:00+00:00,1787.800048828125,-0.01713609231955271,1.3927740481971229e-05,0.00035080379665008727,0.0004551243913239279,0.00048485343965463484,0.000561170964508824,0.0023299042697983515,0.0024378861051732714,0.004570184418636718
2022-12-16 00:00:00+00:00,1800.199951171875,0.006911901733659853,0.0002936456599842334,0.00030757340046620436,0.0006444494566343207,0.0007747171825986254,0.0008544355377693665,0.0011128152776905568,0.0027084862751724586,0.004863797003993361
2022-12-19 00:00:00+00:00,1797.699951171875,-0.001389699808334477,4.7774385575770084e-05,0.00034142004556000325,0.00035534778604197445,0.0007965444368839315,0.000826273485214638,0.0011510427084131481,0.002694773832355574,0.004776005810179319
2022-12-20 00:00:00+00:00,1825.4000244140625,0.015291111566486215,1.931265557284882e-06,4.970565113305475e-05,0.0003433513111172881,0.0006941551077673758,0.0008244228337316802,0.0009045222756261126,0.0026751424692852323,0.004014194438029619
2022-12-21 00:00:00+00:00,1825.4000244140625,0.0,0.00023381809293872852,0.0002357493584960132,0.0002835237440717833,0.0005910971445379881,0.0010322937953799447,0.0011379592818411503,0.002907073673854368,0.004242614113282172
2022-12-22 00:00:00+00:00,1795.300048828125,-0.01662698838287824,0.0,0.00023381809293872828,0.00023574935849601317,0.0005771694040560168,0.0009279732007061041,0.0010620228437106516,0.00139633902176234,0.0038056104373197113
2022-12-23 00:00:00+00:00,1804.199951171875,0.004945087084414546,0.0002764567426843679,0.0002764567426843677,0.0005102748356230962,0.0005599804867561514,0.0008675538872223557,0.0013346976693547768,0.0016632488095935296,0.004080268218049793
2022-12-27 00:00:00+00:00,1823.0999755859373,0.01042108225895877,2.445388627244355e-05,0.0003009106289568112,0.0003009106289568112,0.0005366599874528249,0.000878080033012828,0.0013332044243367564,0.0014392509975216525,0.0035723556993023085
2022-12-28 00:00:00+00:00,1815.800048828125,-0.0040121665895567205,0.00010859895544798521,0.00013305284172042853,0.0004095095844047965,0.0006433276773435252,0.0006930333284765798,0.001337482785110901,0.0015474688662459471,0.0036015183262424425
2022-12-29 00:00:00+00:00,1826.0,0.005601613326561505,1.6097480742355204e-05,0.00012469643619034018,0.00014915032246278382,0.0004256070651471519,0.0006613564236431649,0.00101670420968514,0.0014876299088578035,0.003599724879434386
2022-12-30 00:00:00+00:00,1826.199951171875,0.00010949628976941739,3.1378071860311453e-05,4.747555260266644e-05,0.0001560745080506517,0.00045698513700746335,0.0006908032299461916,0.00103415454106348,0.0015152260636778722,0.0036310997854736263
2023-01-03 00:00:00+00:00,1846.0999755859373,0.010838014107171112,1.1989437473268219e-08,3.1390061297784505e-05,4.7487542040139764e-05,0.00018054038376056874,0.0004569971264449363,0.0007405208705167201,0.0014892909218248817,0.0036307948419797773
2023-01-04 00:00:00+00:00,1859.0,0.006963416169590175,0.00011746254978724005,0.00011747453922471309,0.00014885261108502461,0.00027354904727536526,0.0005744596762321764,0.00081020903472819,0.0015024328769382808,0.0036959244699317903
2023-01-05 00:00:00+00:00,1840.5999755859373,-0.009947116580875104,4.848916475090991e-05,0.00016595171453814974,0.00016596370397562306,0.00021343925657828992,0.00034649209829871834,0.0008567669339218151,0.0012140459855210747,0.003720501814602229
2023-01-06 00:00:00+00:00,1869.699951171875,0.01568637191517297,9.894512827352042e-05,0.00014743429302443013,0.0002648968428116702,0.00029628690410945515,0.0004209833402997953,0.000721893969256607,0.0012990633733126237,0.003747676490876159
2023-01-09 00:00:00+00:00,1877.800048828125,0.0043229407715408286,0.0002460622638611273,0.0003450073921346475,0.00039349655688555743,0.000510971096110271,0.0005584466487129373,0.0009679562331177343,0.0012514799771895179,0.0039937090099969735
2023-01-10 00:00:00+00:00,1876.5,-0.000692565252207622,1.8687816914250014e-05,0.0002647500807753771,0.00036369520904889753,0.0005296469235870477,0.0005610369848848322,0.0007101873073476164,0.001222393408527998,0.004001699559261273
2023-01-11 00:00:00+00:00,1878.9000244140625,0.0012781726182078401,4.796466285654071e-07,1.9167463542815204e-05,0.0002652297274039425,0.0004126640204283731,0.0005301385596530861,0.0006862130677037382,0.0012209417895992782,0.003979133715904791
2023-01-12 00:00:00+00:00,1898.800048828125,0.010535621199133871,1.633725241936285e-06,2.113371870501475e-06,2.080118878475149e-05,0.00036580858091939946,0.0005317602954575492,0.0005792478374976893,0.000988757421902486,0.003919280612754074
2023-01-13 00:00:00+00:00,1921.699951171875,0.01198805213714671,0.00011099931405163902,0.00011263303929357508,0.0001131126859221405,0.00037786276669751805,0.0005252970597219481,0.0006741496708069732,0.001099756735954125,0.004008717298178086
2023-01-17 00:00:00+00:00,1909.9000244140625,-0.006159288097554061,0.0001437133940429478,0.0002547127080945866,0.0002563464333365229,0.0002755138968793386,0.000620521289013986,0.0007864849929896094,0.0009670133873127049,0.004150543803851441
2023-01-18 00:00:00+00:00,1907.0,-0.0015195708315909329,3.793682986867112e-05,0.0001816502239116187,0.0002926495379632577,0.00029476290983375966,0.0005595129906091367,0.0008244098334208073,0.0009804963309089324,0.002677745981628084
2023-01-19 00:00:00+00:00,1923.9000244140625,0.008823061912389463,2.3090955122219593e-06,4.024592538089286e-05,0.00018395931942384065,0.00029659235871741627,0.00031575982226023135,0.0007092563791457892,0.0008742064709731692,0.0026705081222871273
2023-01-20 00:00:00+00:00,1928.199951171875,0.002232511394307579,7.78464215098576e-05,8.015551702207935e-05,0.00011809234689075047,0.00037280505498533755,0.0003749184268558389,0.0007386136359047369,0.0009359554117406716,0.0024999028454526645
2023-01-23 00:00:00+00:00,1928.5999755859373,0.00020743851021176596,4.984107125713171e-06,8.283052863557056e-05,8.513962414779252e-05,0.00026678984805941173,0.0003794228873529867,0.0006446526147569297,0.0009095614470060734,0.002504505865854687
2023-01-24 00:00:00+00:00,1935.4000244140625,0.0035196976439939576,4.3030735518876927e-08,5.027137861231831e-06,8.287355937108944e-05,0.0001231194847519828,0.00037783219284656926,0.00039863338163132123,0.000909592488304119,0.0024286124584597074
2023-01-25 00:00:00+00:00,1942.5999755859373,0.00371323333918383,1.2388271505136616e-05,1.2431302240655277e-05,1.741540936636845e-05,9.757092638844828e-05,0.00027922115030006684,0.0003923338362222078,0.0008045182100220156,0.002437218812924601
2023-01-26 00:00:00+00:00,1930.0,-0.0065072665015737385,1.3788101831226298e-05,2.6176373336362694e-05,2.6219404071881573e-05,0.00010904993270745262,0.00014929585808834536,0.0004056422914248688,0.0007698171471023318,0.002425059783465363
2023-01-27 00:00:00+00:00,1929.4000244140625,-0.0003109165087709087,4.234451732250372e-05,5.61326191537298e-05,6.852089065886642e-05,7.354802852009874e-05,0.000153703545542178,0.0004463530835054362,0.0007132165361513152,0.002363083706114027
2023-01-30 00:00:00+00:00,1922.9000244140625,-0.0033746105371390556,9.666907542629054e-08,4.2441186397929795e-05,5.622928822915609e-05,6.866059046981186e-05,0.00015149111910538229,0.00033545043852922345,0.0004672509413656142,0.0020263043190213367
2023-01-31 00:00:00+00:00,1929.5,0.00342642612465216,1.1387996277369945e-05,1.1484665352796019e-05,5.3829182675299735e-05,8.000555601166292e-05,8.503269387289466e-05,0.0002031250407636456,0.0004599511207287341,0.0020237645748167354
2023-02-01 00:00:00+00:00,1942.800048828125,0.006869354626777735,1.174039598769882e-05,2.3128392265068548e-05,2.3225061340494833e-05,7.935768049422513e-05,9.17889827348803e-05,0.0001769286068826733,0.00047121187008786756,0.0017418593108202006
2023-02-02 00:00:00+00:00,1930.800048828125,-0.006195806529049719,4.7188032988432674e-05,5.892842897613128e-05,7.031642525350122e-05,0.00011275761165143151,0.0001389339849877941,0.00022180754435888403,0.0005167661778343639,0.0017412729582328634
2023-02-03 00:00:00+00:00,1876.5999755859373,-0.02847283422918423,3.838801854541512e-05,8.557605153384758e-05,9.731644752154639e-05,0.0001088011128743429,0.00016493373202807263,0.00018234914139444156,0.00044415488232814,0.0017777297112209934
2023-02-06 00:00:00+00:00,1879.5,0.001544168158015502,0.0008107022890426051,0.00084909030758802,0.0008962783405764527,0.0009194067328415217,0.0009618479192394514,0.0009880673233113335,0.0011111437773277974,0.0023546139073248704
2023-02-07 00:00:00+00:00,1884.800048828125,0.0028159563592975445,2.3844553002289884e-06,0.0008130867443428339,0.000851474762888249,0.0009104031918643808,0.0009218878572171767,0.0009904087478760436,0.0010755914027593553,0.002356998362625099
2023-02-08 00:00:00+00:00,1890.699951171875,0.003125364664930963,7.929610217468281e-06,1.0314065517697052e-05,0.0008210163545603022,0.0009065924060941503,0.0009297207983592187,0.0009859500865883753,0.0010812119174646016,0.0020884712301581995
2023-02-09 00:00:00+00:00,1878.5,-0.006473519014438267,9.76790428879903e-06,1.7697514506267093e-05,2.0081969806496082e-05,0.0008691722773945166,0.0009281007063706478,0.0009819298890459478,0.001013133400243543,0.002073785248174555
2023-02-10 00:00:00+00:00,1874.5,-0.0021316288380566206,4.1906448430293795e-05,5.167435271909261e-05,5.9603962936560884e-05,0.0008726907072793952,0.0009582667588132428,0.000981491820153738,0.0010500557415481235,0.0020070927411568636
2023-02-13 00:00:00+00:00,1863.5,-0.0058855172566536496,4.543841503234619e-06,4.64502899335282e-05,5.621819422232722e-05,6.653225974002471e-05,0.0009156225673280447,0.0009859389925815463,0.0010545565523158392,0.0019955391019177426
2023-02-14 00:00:00+00:00,1865.4000244140625,0.0010190804612930648,3.4639313378367904e-05,3.918315488160231e-05,8.108960331189611e-05,9.878711781816362e-05,0.0009118738621609975,0.0010091903096825442,0.0010768075941890705,0.001998800343435799
2023-02-15 00:00:00+00:00,1845.300048828125,-0.010833628037368648,1.0385249865892858e-06,3.5677838364956976e-05,4.02216798681916e-05,9.189603258728464e-05,0.00010221009810498168,0.0009984884386814348,0.0010640580173444337,0.0019998268789849154
2023-02-16 00:00:00+00:00,1851.800048828125,0.0035162730386346652,0.00011736749645206006,0.00011840602143864913,0.00015304533481701703,0.00019949562475054568,0.00021719313925681275,0.0010686679021450621,0.00113908099647399,0.0019997318256497355
2023-02-17 00:00:00+00:00,1850.199951171875,-0.0008644504353823024,1.2364176082229063e-05,0.0001297316725342889,0.0001307701975208782,0.00016995335240248093,0.00022162770512157355,0.001042644059681876,0.0011513485034807926,0.0019636068369810545
2023-02-21 00:00:00+00:00,1842.5,-0.004170369882998237,7.472745552326522e-07,1.3111450637461498e-05,0.00013047894708952156,0.00016615678545447898,0.00021260707538800714,0.00023268904519450366,0.0011407077817586553,0.001865408983262767
2023-02-22 00:00:00+00:00,1841.5,-0.0005428881783711148,1.7391984961018732e-05,1.8139259516251168e-05,3.0503435598480242e-05,0.0001489094570371298,0.0001880926119187321,0.0002476965748552934,0.0011463593707319755,0.0016367387043626583
2023-02-23 00:00:00+00:00,1826.800048828125,-0.008014627845502886,2.947275742151074e-07,1.768671253523362e-05,1.8433987090466284e-05,0.0001481656596247556,0.00018384349798971259,0.00024006169221204026,0.0010994660653177576,0.0016183456150226233
2023-02-24 00:00:00+00:00,1817.0999755859373,-0.005324018820335397,6.423425950191024e-05,6.452898707612513e-05,8.192097203714388e-05,9.50324226746058e-05,0.00021343844411325495,0.00029452804742515144,0.001125312306274253,0.0016821002278959681
2023-02-27 00:00:00+00:00,1824.9000244140625,0.004283394153788755,2.834517639928551e-05,9.257943590119553e-05,9.287416347541065e-05,0.00011101342299166225,0.00024074509552595114,0.00028096677539414316,0.00034295519363093327,0.0017088116790533174
2023-02-28 00:00:00+00:00,1836.699951171875,0.006445252176714433,1.834746547671169e-05,4.669264187599698e-05,0.00011092690137790724,0.00012861361391314127,0.00014172506455060278,0.00029477039936762027,0.000358918203807416,0.0016161598304783903
2023-03-01 00:00:00+00:00,1845.4000244140625,0.00472561282435624,4.154127562144214e-05,5.988874109815361e-05,8.823391749743914e-05,0.00015276290457356468,0.00017090216408981586,0.00030167236161069447,0.00039252986921138984,0.0015139877120568844
2023-03-02 00:00:00+00:00,1840.5,-0.0026587955550656517,2.233141656572016e-05,6.387269218716208e-05,8.222015766387379e-05,0.00017479959356506977,0.00019248630610030338,0.00032296525318982537,0.00040509338148831097,0.0014983822987539334
2023-03-03 00:00:00+00:00,1854.5999755859373,0.007631752382991408,7.069193803636867e-06,2.940061036935682e-05,7.094188599079897e-05,0.00011763452786679637,0.0001821635149429215,0.00021266695054140215,0.000370256126861654,0.0015031423970453485
2023-03-06 00:00:00+00:00,1854.5999755859373,0.0,5.8243644435295035e-05,6.531283823893169e-05,8.764425480465185e-05,0.00014753299590280588,0.00024011243180400142,0.0002585464188944681,0.00042395592979371446,0.0014835396199707857
2023-03-07 00:00:00+00:00,1820.0,-0.01883252513122624,0.0,5.8243644435294825e-05,6.53128382389317e-05,0.0001291855304260942,0.00017587817230209119,0.00025779914433923546,0.0003893166164153465,0.0014785555128450727
2023-03-08 00:00:00+00:00,1818.5999755859373,-0.0007695402036755894,0.00035466400281826795,0.00035466400281826773,0.00041290764725356277,0.00044230825762292,0.0005021969987210736,0.0005950711621964847,0.0007429420942470252,0.0018331764849278218
2023-03-09 00:00:00+00:00,1834.5999755859373,0.008759499900822476,5.921921250730676e-07,0.0003552561949433408,0.0003552561949433408,0.0004205690331822729,0.000484441725369435,0.0005953686267473427,0.0006261667899200382,0.0018213804055477582
2023-03-10 00:00:00+00:00,1867.199951171875,0.017613495613850283,7.672883851250897e-05,7.732103063758181e-05,0.00043198503345584976,0.000490228677891145,0.0005196292882605018,0.0006078632057579414,0.0006905314523503181,0.0018843211422290408
2023-03-13 00:00:00+00:00,1916.5,0.0260606494387714,0.00031023522773912315,0.0003869640662516319,0.00038755625837670496,0.0007422202611949731,0.0008075330994339047,0.000889753257097779,0.0010000194055342086,0.0021522118526456605
2023-03-14 00:00:00+00:00,1910.9000244140625,-0.0029262577970730064,0.0006791574491705361,0.000989392676909659,0.001066121515422168,0.0014213777103655092,0.0014796213548008042,0.0015505632407916033,0.001661784869743726,0.00283127263274077
2023-03-15 00:00:00+00:00,1931.300048828125,0.010619028537533381,8.562984694930564e-06,0.0006877204338654664,0.0009979556616045893,0.0010752766922421718,0.0014299406950604395,0.0015175849498650917,0.0016700531268644414,0.0028284476211583305
2023-03-16 00:00:00+00:00,1923.0,-0.004306909972290107,0.00011276376708094835,0.00012132675177587881,0.0008004842009464147,0.0011874482671980471,0.001542704462141388,0.00160801730038032,0.0017185826344434795,0.0029294709922515804
2023-03-17 00:00:00+00:00,1973.5,0.02592214951412153,1.8549473509411973e-05,0.00013131324059036022,0.00013987622528529057,0.00112926890219495,0.001206589932832532,0.0016194975800860952,0.0017087869315536059,0.0029008324327725594
2023-03-20 00:00:00+00:00,1982.800048828125,0.004701395669362007,0.000671957835432471,0.0006905073089418829,0.000803271076022831,0.001490991509888298,0.0018779555761399298,0.002233211771083271,0.0023623973015093652,0.0035344022496596153
2023-03-21 00:00:00+00:00,1941.0999755859373,-0.0212552016726546,2.2103121239895837e-05,0.0006940609566723667,0.0007126104301817785,0.0008339371819576577,0.0018233298588673167,0.002255314892323167,0.002342959147127819,0.002745803081856906
2023-03-22 00:00:00+00:00,1949.5999755859373,0.004369400688786662,0.0004517835981452189,0.0004738867193851146,0.0011458445548175853,0.001277157795407946,0.0019648782292734125,0.002352434487650118,0.0027724113287073177,0.003195202224701896
2023-03-23 00:00:00+00:00,1995.9000244140625,0.023470877859662842,1.9091662379169357e-05,0.00047087526052438813,0.0004929783817642837,0.001183485690706167,0.0013048124424820458,0.0023709339579042143,0.00278443379728285,0.003206364276863597
2023-03-24 00:00:00+00:00,1983.800048828125,-0.006080866722734335,0.0005508821075032113,0.0005699737698823806,0.0010217573680275992,0.0017158183246999666,0.0018471315652903266,0.0028450872268949165,0.0032770722603507664,0.0037474784800780093
2023-03-27 00:00:00+00:00,1953.800048828125,-0.015238002715118881,3.697694009965781e-05,0.0005878590476028691,0.0006069507099820382,0.0010808374293671532,0.001771344738309036,0.002571828939255451,0.0033140492004504244,0.0037425489717473736
2023-03-28 00:00:00+00:00,1973.5,0.010032396892696305,0.0002321967267459704,0.0002691736668456281,0.0008200557743488393,0.0012909310348732277,0.0019849919915455945,0.0021248682168308855,0.0031915819243781268,0.003970201856990109
2023-03-29 00:00:00+00:00,1966.9000244140625,-0.0033499044345974838,0.00010064898741258247,0.00033284571415855273,0.00036982265425821034,0.0009397964241405914,0.001413683143525706,0.0022169542195485375,0.003291638719665636,0.004036211531024324
2023-03-30 00:00:00+00:00,1980.300048828125,0.006789661351463749,1.1221859720935887e-05,0.00011187084713351825,0.0003440675738794884,0.0009319266214823579,0.0014028018820067458,0.0021154123121885247,0.003226131740874063,0.0040463948657586705
2023-03-31 00:00:00+00:00,1969.0,-0.005722573380642082,4.609950126756055e-05,5.732136098849633e-05,0.00015797034840107858,0.00042714401524670707,0.0009971177851290877,0.0021429623399466737,0.0029619960144025,0.003975126870574171
2023-04-03 00:00:00+00:00,2000.4000244140625,0.0158213731102137,3.2747846096833346e-05,7.884734736439379e-05,9.006920708532946e-05,0.00042291492124388265,0.0010107739688467517,0.0015037523506110358,0.0023155864113287975,0.003995510540588775
2023-04-04 00:00:00+00:00,2038.199951171875,0.018719868688759966,0.0002503158470925931,0.00028306369318942633,0.0003291631944569867,0.0004410340415905054,0.0007102077084361335,0.0017319650764637332,0.0025573392737264604,0.004245079113126136
2023-04-05 00:00:00+00:00,2035.5999755859373,-0.0012764377169682817,0.00035043348372441576,0.0006007493308170088,0.0006334971769138419,0.0006908185379023387,0.0010236642520608913,0.00163061496204293,0.0027950089903699274,0.004578120611889533
2023-04-06 00:00:00+00:00,2026.4000244140625,-0.004529771985668063,1.6292932452991991e-06,0.00035206277696971485,0.0006023786240623078,0.000681225971426702,0.0007930968185602203,0.0016131525929090598,0.0027780888101058146,0.004579455177560617
2023-04-10 00:00:00+00:00,2003.800048828125,-0.011215429542536626,2.0518834242143186e-05,2.2148127487442277e-05,0.0003725816112118578,0.0006556453044012846,0.0007129666653897809,0.0010827893196479917,0.002126649808915487,0.004535739752300849
2023-04-11 00:00:00+00:00,2019.0,0.0075569371199115665,0.0001257858598236033,0.00014630469406574638,0.00014793398731104536,0.0007486833181280545,0.0008275306654924484,0.0011715982393719372,0.0022303325474991947,0.0046331804357251675
2023-04-12 00:00:00+00:00,2024.9000244140625,0.0029179893493083142,5.710729863429732e-05,0.0001828931584579005,0.00020341199270004347,0.0005554747696697587,0.0008385384628591851,0.0009965088112602642,0.0018356562479882731,0.004671940268882753
2023-04-13 00:00:00+00:00,2055.300048828125,0.014901517771993333,8.514661842676758e-06,6.562196047697397e-05,0.00019140782030057705,0.00021355594778801976,0.0008143052786050285,0.0009043744856903584,0.0018250792474517805,0.004638913655103987
2023-04-14 00:00:00+00:00,2015.800048828125,-0.019405683290659503,0.00022205523190903316,0.00023056989375170981,0.00028767719238600694,0.00043398188645175375,0.0007860446634214685,0.0011152078578784558,0.0014962523718576024,0.004838637470447301
2023-04-17 00:00:00+00:00,2007.0,-0.004375093347142034,0.0003765805439773814,0.0005986357758864145,0.000607150437729091,0.000790043596186992,0.0008121917236744343,0.0014456889005882764,0.0018358559757353258,0.005208148820621045
2023-04-18 00:00:00+00:00,2019.699951171875,0.006307891542074451,1.9141441796206486e-05,0.0003957219857735878,0.0006177772176826208,0.0006833991781595952,0.0008297038722253415,0.0014320824962876498,0.001622800690785562,0.0051690466179819565
2023-04-19 00:00:00+00:00,2007.300048828125,-0.006158401556256798,3.9789495706574395e-05,5.8930937502780776e-05,0.00043551148148016197,0.0006660813752318723,0.0008489745336897727,0.0012215561449016308,0.0015619411990795537,0.005208836113688531
2023-04-20 00:00:00+00:00,2019.0999755859373,0.005861295682615619,3.7925909728106154e-05,7.771540543468044e-05,9.685684723088672e-05,0.0006954926231173017,0.0007611145835942756,0.0009090485709053214,0.0015886452490867242,0.004892098020598369
2023-04-21 00:00:00+00:00,1990.5,-0.014265992024399488,3.43547870790485e-05,7.228069680715454e-05,0.00011207019251372873,0.0005077921782873171,0.0007383620720390268,0.0009417740647390706,0.001576900534898212,0.004925860615552345
2023-04-24 00:00:00+00:00,1999.800048828125,0.004661336517880699,0.00020351852844022978,0.00023787331551927818,0.0002757992252473841,0.0003347301627501654,0.0009333659386365797,0.0011247737589371574,0.0017476712172416085,0.005052650305480065
2023-04-25 00:00:00+00:00,2004.5,0.0023474531243090624,2.1728058132928158e-05,0.00022524658657315782,0.0002596013736522061,0.00033731677908688707,0.0007330387648604747,0.0010207159572464821,0.0015190834282819434,0.0047641431358738705
2023-04-26 00:00:00+00:00,1996.0,-0.004249475211151932,5.5105361708283785e-06,2.7238594303756427e-05,0.00023075712274398598,0.00030303781955114107,0.0003619687570539217,0.0009691191947830132,0.0011741604807283563,0.004090496222874163
2023-04-27 00:00:00+00:00,1999.0,0.0015018776289901226,1.8058039570194756e-05,2.3568575741023025e-05,4.529663387395096e-05,0.0002831699493932296,0.00036088535482790997,0.0009786625725105313,0.0011905892270532518,0.004099991277749427
2023-04-28 00:00:00+00:00,1999.0999755859373,5.001154877071201e-05,2.255636412460992e-06,2.031367598265564e-05,2.5824212153483802e-05,0.00025107079872664217,0.0003233514955337966,0.000758862977013959,0.0011723260292235695,0.00398948314708094
2023-05-01 00:00:00+00:00,1992.199951171875,-0.003457535847755544,2.501155010445306e-09,2.258137567471329e-06,2.0316177137665867e-05,4.7554771441422785e-05,0.00028542808696070085,0.00038228493419158806,0.0010465426705549767,0.003970936174726538
2023-05-02 00:00:00+00:00,2023.300048828125,0.015490334716647958,1.1954554138514649e-05,1.1957055293524985e-05,1.4212691705985762e-05,3.778126744700928e-05,0.000263027854020167,0.00037509804653389624,0.001001389926059194,0.0033109328934325818
2023-05-03 00:00:00+00:00,2037.0,0.006748271308742559,0.00023995046963378898,0.00025190502377230354,0.00025190752492731375,0.0002722212009099699,0.0002994597952137262,0.0005752590204611108,0.0012328257338503064,0.003528780241826475
2023-05-04 00:00:00+00:00,2055.699951171875,0.009138261552267934,4.5539165656398015e-05,0.0002854896352901869,0.00029744418942870136,0.00029970232699617314,0.00032327090273719604,0.0005828722763894027,0.001056309667597671,0.0031225358093376543
2023-05-05 00:00:00+00:00,2024.800048828125,-0.0151454444331236,8.350782419765836e-05,0.00012904698985405626,0.00036899745948784505,0.0003809545147813705,0.000401268190764026,0.0006320253135080124,0.0007632369478179481,0.003186951971156143
2023-05-08 00:00:00+00:00,2033.199951171875,0.004139928211390753,0.00022938448707683466,0.0003128923112744929,0.0003584314769308907,0.0006103365007031948,0.000612594638270666,0.0006578912721446174,0.0009734799930985762,0.0028654543507297663
2023-05-09 00:00:00+00:00,2042.9000244140625,0.0047594963869563855,1.713900559546904e-05,0.00024652349267230357,0.0003300313168699617,0.0006155209521601491,0.000627478007453674,0.0006533022196071582,0.0009508295029874708,0.0028456164162255775
2023-05-10 00:00:00+00:00,2037.0999755859373,-0.002843163105500146,2.2652805857450888e-05,3.979181145291982e-05,0.0002691762985297543,0.00039822328838381104,0.0006501283121561145,0.0006704444892937808,0.0009355563991168157,0.002636072495337058
2023-05-11 00:00:00+00:00,2020.5,-0.008182210320268446,8.083576444477235e-06,3.0736382301928015e-05,4.787538789739684e-05,0.0003607676991718902,0.000646257334462077,0.0006604700261680633,0.0009092851884822444,0.0025435070843689528
2023-05-12 00:00:00+00:00,2019.800048828125,-0.0003464847513390268,6.694856572510746e-05,7.503214216958459e-05,9.768494802703526e-05,0.00034420844069933936,0.0004732554305533955,0.0007251629554807098,0.000772715225767122,0.0025992337903731244
2023-05-15 00:00:00+00:00,2022.699951171875,0.0014347076517875479,1.2005168291046722e-07,6.706861740801782e-05,7.515219385249484e-05,0.00011494400530541514,0.000427836316579908,0.0007252805060086098,0.0007511072193171043,0.0025532543407884743
2023-05-16 00:00:00+00:00,1993.0,-0.014792187206182028,2.0583860460977396e-06,2.1784377290080986e-06,6.912700345411535e-05,9.986338575604384e-05,0.00034638687842834733,0.0007153843379161929,0.0007476550691923737,0.002522564880737739
2023-05-17 00:00:00+00:00,1984.9000244140625,-0.004072493894367035,0.00021880880234273527,0.0002208671883888329,0.00022098724007174316,0.00029601938224132823,0.0003358111936942479,0.0006942426706251392,0.0009484058319649142,0.002491057835987881
2023-05-18 00:00:00+00:00,1959.800048828125,-0.012726095201858634,1.658520651965678e-05,0.00023539400886239193,0.00023745239490848946,0.00030452101231650777,0.0003352573946184357,0.0006652887114883979,0.00096273540207211,0.002157209558783122
2023-05-19 00:00:00+00:00,1981.5999755859373,0.011062134738201834,0.00016195349908676933,0.00017853870560642602,0.0003973475079491611,0.00039952594567816964,0.0004745580878477541,0.0007437343863775088,0.001124686400003869,0.002317533764624592
2023-05-22 00:00:00+00:00,1977.199951171875,-0.002222909117559624,0.00012237082496613177,0.000284324324052901,0.0003009095305725576,0.0005217767189613909,0.0005888453363694086,0.0006367207242668059,0.001235102670831486,0.0024193857553485806
2023-05-23 00:00:00+00:00,1974.5,-0.0013664760105074336,4.941324944929705e-06,0.00012731214991106135,0.0002892656489978305,0.0005246596578602229,0.0005268380955892309,0.0006245230436162666,0.0010000935261426267,0.002298541220469907
2023-05-24 00:00:00+00:00,1964.5999755859373,-0.005026551912924226,1.867256687292312e-06,6.808581632221909e-06,0.00012917940659835347,0.00030771811220477993,0.0005285853005936128,0.000603737494446108,0.000956421617173521,0.0022433011785229023
2023-05-25 00:00:00+00:00,1943.699951171875,-0.010695301810983437,2.52662241333222e-05,2.7133480820614405e-05,3.207480576554392e-05,0.00031639912981844536,0.0005517931386808372,0.000620920142134953,0.0008981800171091848,0.0022600527408135475
2023-05-26 00:00:00+00:00,1944.300048828125,0.0003086922124557745,0.0001143894808280256,0.00013965570496134768,0.0001415229616486398,0.0002688351115597016,0.00044737381716612756,0.0006683610572378711,0.0007831850108603758,0.00215238698973254
2023-05-30 00:00:00+00:00,1958.0,0.007021503875203727,9.529088203084102e-08,0.00011448477171005633,0.00013975099584337834,0.0001465595774756007,0.0004308839015285016,0.0006683362964369916,0.0007661412961469376,0.0017759017366371893
2023-05-31 00:00:00+00:00,1963.9000244140625,0.0030087604621398256,4.930151666950096e-05,4.9396807551531694e-05,0.0001637862883795571,0.000190919769200172,0.00031823191911123323,0.0007155794270603947,0.0007927900069589876,0.0018060618115104837
2023-06-01 00:00:00+00:00,1995.5,0.015962340936193087,9.052639518535858e-06,5.835415618803671e-05,5.844944707006736e-05,0.00019810515203141552,0.0002049137336636373,0.0005058232642361953,0.0007937590700330462,0.0017753249553224453
2023-06-02 00:00:00+00:00,1969.5999755859373,-0.013064181454041979,0.0002547963281632656,0.00026384896768180135,0.0003131504843513021,0.0004276352560613589,0.0004547687368819732,0.0007440343858798042,0.0009816068324712045,0.0019921953737576047
2023-06-05 00:00:00+00:00,1974.300048828125,0.0023834658273029774,0.0001706728370641344,0.0004254691652273999,0.0004345218047459355,0.00048391861229746773,0.0006235743172588154,0.0007527537238571692,0.0011521596178524283,0.0021285134237426905
2023-06-06 00:00:00+00:00,1981.5,0.003640203768440209,5.680909349921066e-06,0.00017635374641405534,0.00043115007457732076,0.000489504230765358,0.0006039890024754142,0.0006360638082409585,0.0011557821411562516,0.0019306758046523818
2023-06-07 00:00:00+00:00,1958.4000244140625,-0.011726307846151585,1.3251083475766298e-05,1.8931992825687255e-05,0.00018960482988982142,0.00045345379757162326,0.0005028506051231549,0.0006443735667717951,0.0009502244222892827,0.00192219882999522
2023-06-08 00:00:00+00:00,1978.5999755859373,0.010261685765724948,0.00013750629570271621,0.0001507573791784824,0.00015643828852840325,0.0005819074537558037,0.0006402616099438402,0.0007800126057872191,0.001071145511472342,0.0020541945895271078
2023-06-09 00:00:00+00:00,1977.199951171875,-0.000707833812851888,0.00010530219475448202,0.00024280849045719814,0.0002560595739329642,0.00043241332034702005,0.0006962622880288213,0.0008600485764083789,0.0010144942071400548,0.002141438744711395
2023-06-12 00:00:00+00:00,1969.699951171875,-0.003800455655188273,5.010287066164416e-07,0.00010580322346109836,0.00024330951916381435,0.0002622415119895021,0.0006877106772169019,0.0007461601242869697,0.0008926244108805394,0.0021396841370055503
2023-06-13 00:00:00+00:00,1958.5999755859373,-0.005651302260386792,1.4443463187052524e-05,1.4944491893668858e-05,0.00012024668664815067,0.0002710040658266335,0.0004473578122406888,0.0007605082965919913,0.0009021265491226623,0.0021541250990375926
2023-06-14 00:00:00+00:00,1968.9000244140625,0.0052451037259997335,3.193721723825287e-05,4.6380680425305285e-05,4.6881709131921506e-05,0.00028969019958912013,0.0003086221924148073,0.0007431439971607433,0.0009321965096736229,0.002174107762137331
2023-06-15 00:00:00+00:00,1970.699951171875,0.0009137612418541607,2.7511113096496288e-05,5.944833033474905e-05,7.389179352180136e-05,0.0001796950169829002,0.00033045239616138247,0.0007616024707387038,0.000934441398636797,0.001961668405600038
2023-06-16 00:00:00+00:00,1971.199951171875,0.00025368477894893715,8.34959607114858e-07,2.8346072703611038e-05,6.028328994186368e-05,7.522778183553303e-05,0.00031803627229273106,0.0005076411021825529,0.0008208868774158862,0.001916964199550755
2023-06-20 00:00:00+00:00,1947.699951171875,-0.011993305402218546,6.435596707037111e-08,8.993155741851207e-07,2.841042867068119e-05,7.479110909598696e-05,0.0001805943325570852,0.00033703262108548894,0.0008208559425009257,0.0018335207313201671
2023-06-21 00:00:00+00:00,1944.9000244140625,-0.001438589764298115,0.00014383937447088455,0.0001439037304379548,0.00014473869004506945,0.00020418702037981897,0.00021913151227348775,0.0004751910862064524,0.0009153938003023094,0.001747975618714217
2023-06-22 00:00:00+00:00,1923.699951171875,-0.010960184872188528,2.069540509943306e-06,0.00014590891498082774,0.0001459732709478979,0.00017431934365150944,0.0002207000240768146,0.00046400954324062944,0.0009084107012937169,0.0017329061536286911
2023-06-23 00:00:00+00:00,1929.5999755859373,0.0030623253507364723,0.00012012565243255025,0.00012219519294249344,0.0002660345674133778,0.0002669338829875634,0.0003263822133223123,0.0004466288999704635,0.0007737400255630015,0.0018303790002037906
2023-06-26 00:00:00+00:00,1933.800048828125,0.0021742894188081507,9.377836553763258e-06,0.0001295034889863134,0.0001315730294962565,0.0002754767599342118,0.0003038228326378227,0.0003507045417697447,0.0006124450250526303,0.0018316732603130765
2023-06-27 00:00:00+00:00,1923.800048828125,-0.005184582199682097,4.727534476741086e-06,1.4105371030504236e-05,0.00013423102346305426,0.00028013993844388255,0.0002810392540180675,0.00035493104753986935,0.0006114916501794503,0.0017694522290647103
2023-06-28 00:00:00+00:00,1922.199951171875,-0.0008320841126208123,2.6879892585260455e-05,3.1607427062001435e-05,4.098526361576447e-05,0.00016318045655825845,0.0003070841869962131,0.0003673674769380773,0.0006251204592889445,0.00179621206996706
2023-06-29 00:00:00+00:00,1917.9000244140625,-0.002239487816604324,6.923639704759646e-07,2.757225655573631e-05,3.2299791032477175e-05,0.0001618032800187911,0.0003077121949996187,0.00033612262367030036,0.0004883065275567043,0.0017948460478914383
2023-06-30 00:00:00+00:00,1929.4000244140625,0.0059782362197893235,5.015305680719203e-06,5.7076696511950595e-06,3.25875622364553e-05,4.669293326696005e-05,0.00016888812620945336,0.0003136268162545233,0.0003880196384829414,0.0015810525512294225
2023-07-03 00:00:00+00:00,1929.5,5.181558751310433e-05,3.573930829960094e-05,4.075461398032003e-05,4.1446977950795786e-05,7.305440501279774e-05,0.000202557893999111,0.00034853116494700935,0.0004232579180759259,0.0016002066530093665
2023-07-05 00:00:00+00:00,1927.0999755859373,-0.0012446324426083066,2.6848551093281735e-09,3.574199315471016e-05,4.075729883542915e-05,6.832955539116598e-05,8.243492642167008e-05,0.00034846949383504833,0.00040881713974398273,0.0014382558387777064
2023-07-06 00:00:00+00:00,1915.4000244140625,-0.006089778701351634,1.5491099171931197e-06,1.5517947723023395e-06,3.729110307190306e-05,4.299877272309864e-05,7.460619978509993e-05,0.00020617922928135691,0.00037842903242292297,0.0013174341237287678
2023-07-07 00:00:00+00:00,1932.5,0.008888010627863707,3.708540463143599e-05,3.8634514548629e-05,3.863719940373811e-05,7.939181338405867e-05,0.00010696406993979484,0.0002411950934028496,0.0003880033239578627,0.0013495782034152741
2023-07-10 00:00:00+00:00,1931.0,-0.0007764980330629001,7.899673292101822e-05,0.00011608213755245409,0.000117631247469647,0.00015337324062435768,0.0001590809102755526,0.00020006617389131757,0.000466165097271766,0.001426707679649
2023-07-11 00:00:00+00:00,1937.0999755859373,0.003153993268607991,6.029491953505527e-07,7.959968211636866e-05,0.00011668508674780443,0.00011823688152010729,0.00015899149550042718,0.00019129128653290486,0.0004667036905000462,0.0014020444047110284
2023-07-12 00:00:00+00:00,1961.699951171875,0.01261942264749738,9.947673538424517e-06,1.0550622733774961e-05,8.954735565479296e-05,0.00012818187020342248,0.0001639238633581325,0.0001965114255945883,0.0003328119895675862,0.0012976025974214273
2023-07-13 00:00:00+00:00,1963.800048828125,0.001069977254672061,0.0001592498279561698,0.00016919750149459422,0.00016980045068994455,0.0002858825882423991,0.0002874343830147014,0.00032888136096549767,0.0004899922770138127,0.0014567571344955663
2023-07-14 00:00:00+00:00,1964.4000244140625,0.0003054709940517597,1.1448513255155603e-06,0.00016039467928168525,0.00017034235282010956,0.00024994203493647875,0.0002885765494851076,0.0003293338483205372,0.000371011475906778,0.001408600469151581
2023-07-17 00:00:00+00:00,1956.4000244140625,-0.004080805449066638,9.331252820697022e-08,1.238163853722422e-06,0.000160487991809892,0.00017103861454366748,0.0002871207520961214,0.000324411855168025,0.00036172695188122167,0.001399641142161252
2023-07-18 00:00:00+00:00,1980.800048828125,0.01239476599670919,1.6652973113131964e-05,1.6746285641338828e-05,1.789113696685417e-05,0.0001870886384614489,0.00026668832057781744,0.00030532551998155603,0.0003736523905176126,0.0011614977871111183
2023-07-19 00:00:00+00:00,1980.800048828125,0.0,0.00015363022411317835,0.0001702831972263102,0.00017037650975451697,0.0003307711890362027,0.0003413218117699775,0.00045895305923962504,0.0005004027220455304,0.0011444551741601624
2023-07-20 00:00:00+00:00,1970.9000244140625,-0.005010524555271623,0.0,0.00015363022411317824,0.00017028319722631,0.00017152136108003293,0.000340718862574627,0.00045740394932243197,0.0004997103580750544,0.0011387742648102414
2023-07-21 00:00:00+00:00,1966.5999755859373,-0.002184152654010063,2.510535631897989e-05,2.5105356318979782e-05,0.00017873558043215792,0.00019548186607349727,0.0003558765453551823,0.0004454239010099758,0.0005198004087133152,0.0011506285376534549
2023-07-24 00:00:00+00:00,1962.199951171875,-0.002239883086791572,4.770522816019202e-06,2.9875879134998985e-05,2.987587913499877e-05,0.0002001590763613095,0.00020139724021503178,0.0003711976909049768,0.0004888316232297335,0.001017892764766758
2023-07-25 00:00:00+00:00,1963.699951171875,0.0007641560459026309,5.017076242494941e-06,9.787599058514034e-06,3.489295537749371e-05,0.00018852317949067247,0.00020526946513201117,0.00037561181795212116,0.000493846014617119,0.0009176076462547707
2023-07-26 00:00:00+00:00,1970.0999755859373,0.0032538665819243917,5.839344624895436e-07,5.601010704984376e-06,1.0371533521003362e-05,3.547688983998366e-05,0.00020576008706629372,0.0003662480788761862,0.0004928808391624155,0.0009176905520106439
2023-07-27 00:00:00+00:00,1945.699951171875,-0.012462506090813008,1.0587647732964325e-05,1.1171582195453761e-05,1.6188658437948483e-05,4.606453757294799e-05,0.00019969476168612608,0.00021758589865298074,0.0004663830822639438,0.0009138347365565556
2023-07-28 00:00:00+00:00,1960.4000244140625,0.007526762107078255,0.00015531405806355132,0.00016590170579651553,0.00016648564025900487,0.00017627323931751943,0.00020137859563649905,0.00037175510539101653,0.000542700407406477,0.001037211577381854
2023-07-31 00:00:00+00:00,1970.5,0.0051387711460533225,5.66521478165491e-05,0.0002119662058801003,0.0002225538536130644,0.0002281548643180493,0.00025803074345304817,0.0004283139406793586,0.0005987496060276754,0.001066352612101907
2023-08-01 00:00:00+00:00,1978.800048828125,0.004203307394118561,2.640696889151018e-05,8.305911670805917e-05,0.00023837317477161027,0.00024954475696706453,0.0002593323560255784,0.0004380679364577368,0.0006152089013807611,0.0010919246213863022
2023-08-02 00:00:00+00:00,1975.0,-0.0019222266939546984,1.7667793049451763e-05,4.4074761940961834e-05,0.00010072690975751071,0.0002666286155540268,0.00027222962625901104,0.0003021055053940102,0.0004736268664740431,0.0011095280584686837
2023-08-03 00:00:00+00:00,1968.800048828125,-0.00314415345741903,3.6949554629520098e-06,2.1362748512403667e-05,4.776971740391363e-05,0.00025973592328401443,0.00027090750547946804,0.0003058004608569623,0.0004761769706114795,0.0009693836394607512
2023-08-04 00:00:00+00:00,1976.0999755859373,0.00370094808228405,9.88570096380004e-06,1.3580656426751941e-05,3.1248449476203486e-05,0.0001143075661842632,0.00028020927198077857,0.00029058080550178243,0.00048596935904707267,0.0009771997999146079
2023-08-07 00:00:00+00:00,1970.0,-0.0030916502280531333,1.369701670776199e-05,2.358271767156192e-05,2.7277673134513715e-05,7.135243507547608e-05,0.0002833186409555762,0.0002995072993935252,0.00048301340264170266,0.0008707711641898196
2023-08-08 00:00:00+00:00,1959.9000244140625,-0.0051400787604301,9.558301132620991e-06,2.3255317840382872e-05,3.314101880418269e-05,5.45037673165869e-05,0.00013756288402464592,0.0003040485242836513,0.00033894147966114527,0.0008709516287686773
2023-08-09 00:00:00+00:00,1950.5999755859373,-0.0047564589498705345,2.6420409663424634e-05,3.597871079604552e-05,4.967572750380729e-05,6.325638393055977e-05,0.00010733114587152145,0.00032988499948458636,0.0003653618893245699,0.0008926445039553608
2023-08-10 00:00:00+00:00,1948.9000244140625,-0.0008718816666570817,2.2623901741803508e-05,4.9044311405228034e-05,5.8602612537848804e-05,8.218533020941127e-05,0.00010354807872181477,0.00034192125349342555,0.0003628804347473935,0.0008883885131119039
2023-08-11 00:00:00+00:00,1946.5999755859373,-0.0011808749045831846,7.601776406527305e-07,2.338407938245613e-05,4.980448904588055e-05,7.305980688626396e-05,8.664046331301573e-05,0.00018736737307052694,0.0003588700895720271,0.0008884563267820806
2023-08-14 00:00:00+00:00,1944.0,-0.0013365424301090556,1.3944655402743452e-06,2.1546431809269675e-06,2.477854492273026e-05,6.0757255718776315e-05,8.433997339033808e-05,0.0001321096907942522,0.0003552474788698065,0.0008848354866416358
2023-08-15 00:00:00+00:00,1935.199951171875,-0.00453705095613266,1.7863456674818198e-06,3.1808112077560563e-06,3.94098884840857e-06,5.298530025363715e-05,7.624061809401986e-05,0.00010748906757022383,0.00035644989007479875,0.0008508825240095167
2023-08-16 00:00:00+00:00,1928.300048828125,-0.003571844016842185,2.0584831378544284e-05,2.2371177046025996e-05,2.3765642586300122e-05,4.71497219687568e-05,8.312843276480215e-05,0.00011040610589931636,0.0003664470737203787,0.0008714646705329516
2023-08-17 00:00:00+00:00,1915.199951171875,-0.006816780738754247,1.2758069680651315e-05,3.334290105919549e-05,3.5129246726677095e-05,3.7283889907604606e-05,8.632820131283248e-05,0.00011946922011701567,0.00022389108533747872,0.0008826736302964098
2023-08-18 00:00:00+00:00,1916.5,0.0006785755119542713,4.6468499640250895e-05,5.92265693209021e-05,7.981140069944617e-05,8.299221190720277e-05,0.00010637629128965873,0.00015605201879346651,0.0002137074371611805,0.0008920567253052247
2023-08-21 00:00:00+00:00,1923.0,0.003385860768170268,4.604647254240015e-07,4.6928964365674795e-05,5.9687034046325885e-05,8.205821109235243e-05,8.421285427327923e-05,0.00014281546681112854,0.00018776093299509433,0.0008135204571096305
2023-08-22 00:00:00+00:00,1926.0,0.0015588467692913,1.1464053141434557e-05,1.1924517866858457e-05,5.8393017507109127e-05,9.173591856630516e-05,9.491672977406106e-05,0.0001447212188199421,0.00018155719308707714,0.0008243815610557146
2023-08-23 00:00:00+00:00,1948.0999755859373,0.011409212696843696,2.430003250129923e-06,1.3894056391564378e-05,1.4354521116988156e-05,7.35810904378908e-05,9.595226748391664e-05,0.00012073081240664738,0.00018029224087425503,0.0008168638907674199
2023-08-24 00:00:00+00:00,1947.0999755859373,-0.0005134524720187272,0.0001301701343618194,0.0001326001376119492,0.00014406419075338356,0.00019099315511905888,0.00022433605617825422,0.00022827704502666326,0.0003005766742722744,0.0007877841971730695
2023-08-25 00:00:00+00:00,1939.9000244140625,-0.003704635660619182,2.636334410221419e-07,0.00013043376780284144,0.00013286377105297114,0.00014478828891983014,0.0002040148582407321,0.00022778050082703267,0.00028714329100553457,0.0007869029792885761
2023-08-28 00:00:00+00:00,1946.800048828125,0.0035505861182452136,1.3724325377931324e-05,1.3987958818953357e-05,0.00014415809318077253,0.00015805214957233745,0.00020498111393801207,0.00024011036066468963,0.00029130931525084486,0.0008005339921383005
2023-08-29 00:00:00+00:00,1965.0999755859373,0.00935609812937166,1.2606661783075615e-05,2.6330987161006828e-05,2.6594620602028755e-05,0.0001591947582139785,0.0001711192760808368,0.0002509306767802834,0.00027749556737049585,0.0007964876808082441
2023-08-30 00:00:00+00:00,1973.0,0.004012104852721521,8.753657220643186e-05,0.00010014323398950737,0.00011386755936743848,0.00024430132717028044,0.00025819538356184463,0.00031788241760817104,0.0003424082378351242,0.0007303940289014977
2023-08-31 00:00:00+00:00,1965.9000244140625,-0.003605058890283175,1.6096985349231577e-05,0.00010363355755566333,0.00011624021933873873,0.00013022817815769262,0.0002628283157696417,0.0003212213332767513,0.00035774504554370306,0.0007464910142507291
2023-09-01 00:00:00+00:00,1967.0999755859373,0.0006101963941560484,1.2996449602409756e-05,2.9093434951641226e-05,0.00011663000715807287,0.00014296099431908022,0.00027339476212192155,0.00028774928323891015,0.00036934702960583846,0.0007343821075341591
2023-09-05 00:00:00+00:00,1952.5999755859373,-0.007398559238278146,3.723396394410436e-07,1.3368789241850691e-05,2.946577459108205e-05,0.00012960900858058997,0.00014359696739954316,0.0002876611581529272,0.0003679330235777977,0.000729983924357581
2023-09-06 00:00:00+00:00,1944.199951171875,-0.004311249016006435,5.47386788023109e-05,5.511101844175184e-05,6.810746804416137e-05,0.00017174102559982523,0.0001980720127608319,0.0003309357838138035,0.00040208687100156434,0.000779705526917397
2023-09-07 00:00:00+00:00,1942.5,-0.0008747530304011875,1.8586868078016456e-05,7.332554688032724e-05,7.369788651976807e-05,0.00010279132147140985,0.00020293455546091705,0.00034709264864169,0.0004079156693989295,0.0007977084605329238
2023-09-08 00:00:00+00:00,1942.699951171875,0.00010292966877578635,7.651928641960608e-07,1.9352060942212408e-05,7.409073974452309e-05,8.745952898637433e-05,0.0001910930865420375,0.00021768770714406674,0.0003622123626228746,0.0007878860056641556
2023-09-11 00:00:00+00:00,1947.199951171875,0.0023136852466132396,1.0594516714293088e-08,7.757873809102454e-07,1.9362655458926486e-05,7.447367390067888e-05,0.00010356710885231993,0.00021743466821975887,0.00036176249241416495,0.0006325825421173186
2023-09-12 00:00:00+00:00,1935.0999755859373,-0.006233426058524394,5.3531394203957676e-06,5.363733937109952e-06,6.128926801305796e-06,7.945447368163359e-05,9.282326292348412e-05,0.00020906348226222335,0.0003556515786931261,0.0005812835337211652
2023-09-13 00:00:00+00:00,1932.5,-0.0013444906370896348,3.885560042709096e-05,4.420873984748662e-05,4.421933436420069e-05,6.357139530641364e-05,0.00011868241374816533,0.00023531242090623868,0.00039207717587008716,0.0005937321652567459
2023-09-14 00:00:00+00:00,1932.800048828125,0.0001552525418135886,1.807655073221692e-06,4.0663255500312544e-05,4.601639492070809e-05,4.6792182301618885e-05,0.00012011772918194597,0.0001495835037730285,0.00026371469658148945,0.000577872027280516
2023-09-15 00:00:00+00:00,1946.199951171875,0.0069089742955421585,2.4103351739580078e-08,1.8317584249611638e-06,4.068735885205191e-05,4.60510927891624e-05,6.540315373137466e-05,0.0001335106217755365,0.0002634751664922069,0.0005742011751693034
2023-09-18 00:00:00+00:00,1953.4000244140625,0.00369272821268396,4.773392581646226e-05,4.7758029168201734e-05,4.956568424142321e-05,9.377442408891037e-05,9.455021146982045e-05,0.000168248097989589,0.0002974847669307378,0.0006120494000219657
2023-09-19 00:00:00+00:00,1953.699951171875,0.000153529093330107,1.3636241652752074e-05,6.137016746921423e-05,6.13942708209536e-05,0.00010205752632126667,0.00010742126025837647,0.00018151200000290004,0.0002985143468004143,0.0006119886249669557
2023-09-20 00:00:00+00:00,1967.0999755859373,0.006835378921540958,2.3571182498764705e-08,1.365981283525073e-05,6.139373865171277e-05,6.322549707667448e-05,0.00010743423692416093,0.00012679689238308793,0.0002110013457764812,0.0006024538950168335
2023-09-21 00:00:00+00:00,1939.5999755859373,-0.014078610882454434,4.672240500104642e-05,4.674597618354508e-05,6.038221783629694e-05,0.00010814024700449922,0.0001488035025048116,0.00015493242930611788,0.00024162676542829604,0.0006227558903544553
2023-09-22 00:00:00+00:00,1945.5999755859373,0.00308864657946728,0.00019820728437956443,0.00024492968938061077,0.0002449532605631093,0.00030632342803232405,0.0003081551864572851,0.0003523745208214862,0.0004268376002054507,0.0007983392729922162
2023-09-25 00:00:00+00:00,1936.5999755859373,-0.00463655465273316,9.53973769285493e-06,0.00020774702207241927,0.00025446942707346547,0.00026812923990871673,0.00031588726907691835,0.0003619036639976269,0.0004360049982588646,0.0008071188330444185
2023-09-26 00:00:00+00:00,1919.800048828125,-0.008712806207367585,2.1497639047781517e-05,3.1037376740636335e-05,0.00022924466112020055,0.0002759906373037462,0.0003373608047729603,0.00037804816362501265,0.0004027639585043352,0.0008272220065519256
2023-09-27 00:00:00+00:00,1890.9000244140625,-0.015168120264880791,7.591299200714312e-05,9.741063105492453e-05,0.00010695036874777924,0.0003518800581283905,0.00036553987096364117,0.0004151055552050648,0.0004600900824334619,0.0009013486528915869
2023-09-28 00:00:00+00:00,1878.5999755859373,-0.0065261135339858,0.00023007187236988733,0.0003059848643770304,0.00032748250342481164,0.0005352295254972315,0.0005819755016807763,0.0006433697725017304,0.0006893967619391532,0.00111083569388293
2023-09-29 00:00:00+00:00,1866.0999755859373,-0.006676127108041996,4.259015785847263e-05,0.00027266203022835987,0.0003485750222355028,0.00037961239897613965,0.0006245420883567503,0.0006859358270084635,0.0007319763252809114,0.0011406677820607514
2023-10-02 00:00:00+00:00,1847.199951171875,-0.010179725849795318,4.4570673162733186e-05,8.71608310212057e-05,0.00031723270339109285,0.0004146433344460179,0.000622390356518437,0.0006827725743547345,0.0007711938590232489,0.0011387699555832336
2023-10-03 00:00:00+00:00,1841.5,-0.0030904957215760476,0.00010362681837699101,0.0001481974915397241,0.00019078764939819653,0.0004967725137752274,0.0005278098905158636,0.0007727631510789734,0.000835965076973149,0.0012419363092348007
2023-10-04 00:00:00+00:00,1834.800048828125,-0.003644946549870909,9.551163805079856e-06,0.00011317798218207076,0.00015774865534480374,0.0004304106855731641,0.0005278213166280885,0.0007822907437015545,0.0008437085857050072,0.001240023419898446
2023-10-05 00:00:00+00:00,1831.800048828125,-0.0016363937105463577,1.3285635351415841e-05,2.2836799156495587e-05,0.00012646361753348642,0.00021362444855469264,0.0005196093129317228,0.0007488539740519239,0.0008569701177046834,0.0012508790519997317
2023-10-06 00:00:00+00:00,1845.199951171875,0.007288529596721993,2.6777843759156767e-06,1.596341972733141e-05,2.5514583532411075e-05,0.00017371207507213568,0.0004463741053004954,0.0005533244740482751,0.0008119139762641367,0.001123386702013828
2023-10-09 00:00:00+00:00,1864.300048828125,0.010298027471121074,5.312266368229246e-05,5.580044805820803e-05,6.908608340962369e-05,0.00018226406559169496,0.00026942489661290056,0.0005969074000377126,0.0008514003982936772,0.0011762457322550984
2023-10-10 00:00:00+00:00,1875.300048828125,0.0058829989508302205,0.0001060493697959643,0.00015917203347825667,0.00016184981785417212,0.00018468661701066824,0.00033288410855039223,0.0006814591307858955,0.0009574261969071428,0.0012685707766731315
2023-10-11 00:00:00+00:00,1887.300048828125,0.006378589472663343,3.4609676655469476e-05,0.00014065904645143367,0.00019378171013372593,0.00020974512986105787,0.0003229231120431285,0.0006401558154342218,0.0009453134685615659,0.0012905737915455252
2023-10-12 00:00:00+00:00,1883.0,-0.0022810124588872327,4.068640366077162e-05,7.529608031624097e-05,0.0001813454501122051,0.00023714589817041363,0.0002599826973269091,0.00045077034672510606,0.000787792587842773,0.0012437236229998652
2023-10-13 00:00:00+00:00,1941.5,0.030594620514569293,5.20301783759878e-06,4.588942149837028e-05,8.049909815383956e-05,0.00023967113163209675,0.00025563455135942803,0.0004133832067042322,0.0007834558679875169,0.0012328296554882322
2023-10-16 00:00:00+00:00,1934.300048828125,-0.0037153410203654147,0.0009360308044305042,0.0009412338222681029,0.0009819202259288744,0.0011225792723803085,0.0011783797204385164,0.0013048433379720032,0.0016979890333702395,0.0021558640103163267
2023-10-17 00:00:00+00:00,1935.699951171875,0.0007234637750954676,1.3803758897609921e-05,0.0009498345633281141,0.0009550375811657126,0.001030333661481954,0.0011895056949602105,0.001215020278492622,0.0016358798002607062,0.0021692954295744957
2023-10-18 00:00:00+00:00,1968.300048828125,0.01670125789974719,5.233998338753852e-07,1.4327158731485198e-05,0.0009503579631619892,0.00099624738466036,0.0011369064311117936,0.0012059925145214178,0.0014063313277246944,0.00211508015060606
2023-10-19 00:00:00+00:00,1980.5,0.006179087235771874,0.00027893201543386796,0.0002794554152677432,0.00029325917416535296,0.0012344929964334564,0.0013097890767496973,0.0014716388946038699,0.0016426731853000898,0.0023754252979619117
2023-10-20 00:00:00+00:00,1994.4000244140625,0.006993927388683652,3.81811190672789e-05,0.00031711313450114676,0.00031763653433502197,0.0012674710976631363,0.0013133605191615065,0.001507142229295233,0.0016362836312046353,0.0024128412241649945
2023-10-23 00:00:00+00:00,1987.800048828125,-0.0033147413528471503,4.8915020318179324e-05,8.709613938545811e-05,0.0003660281548193259,0.0003803553135508116,0.0013215891358189145,0.00150293458593112,0.001581571833145824,0.002461745649966459
2023-10-24 00:00:00+00:00,1986.0999755859373,-0.0008556195855256021,1.0987510236274957e-05,5.9902530554454174e-05,9.808364962173285e-05,0.0003775390648894767,0.0013273736282175905,0.0014078727263714306,0.001583008179577019,0.002467380020782339
2023-10-25 00:00:00+00:00,1994.9000244140625,0.004421031480322135,7.320848751350032e-07,1.1719595111409852e-05,6.063461542958896e-05,0.00037774774993073627,0.00039207490866222127,0.0013739951345910961,0.001570454629100738,0.0024292565052303826
2023-10-26 00:00:00+00:00,1997.4000244140625,0.0012524110393510313,1.954551934999933e-05,2.0277604225134223e-05,3.1265114461408965e-05,0.00011836125384686761,0.00039781666911461067,0.0013528542502803237,0.0015873223640748217,0.00244699436950716
2023-10-27 00:00:00+00:00,1998.5,0.0005505521194235641,1.5685334114883304e-06,2.1114052761487553e-05,2.184613763662234e-05,8.174866819107706e-05,0.0003988618026922236,0.0013492197658542134,0.0015357682338040177,0.002448538799566909
2023-10-30 00:00:00+00:00,2005.5999755859373,0.003546356519757765,3.0310763620177836e-07,1.8716410476900004e-06,2.1417160397689114e-05,3.3136755509099505e-05,0.00012023289489455741,0.0004134920690599109,0.0014300219716442551,0.0024011079813866486
2023-10-31 00:00:00+00:00,1994.300048828125,-0.005650119628119121,1.2576644565228407e-05,1.2879752201430076e-05,1.4448285612918191e-05,3.472588983805296e-05,9.462842039250691e-05,0.0004122649547275294,0.001407988939554014,0.0024000483842991248
2023-11-01 00:00:00+00:00,1987.5,-0.003415568514530065,3.192385181205696e-05,4.450049637728526e-05,4.480360401348682e-05,6.591765677497491e-05,7.763725188638456e-05,0.0004436654067057109,0.0013992263877052994,0.002431948664928683
2023-11-02 00:00:00+00:00,1993.5,0.003014320292922257,1.1666108277449117e-05,4.358996008950596e-05,5.6166604654734164e-05,5.8038245702424703e-05,7.831584992755871e-05,0.0001763994995492921,0.0014056894781451497,0.0023968923682050856
2023-11-03 00:00:00+00:00,1999.199951171875,0.0028551882755012414,9.08612682832292e-06,2.075223510577192e-05,5.267608691782867e-05,6.555583911925928e-05,8.666989188074663e-05,0.0001473045073103361,0.0004787448005429683,0.0022077712106538445
2023-11-06 00:00:00+00:00,1988.5999755859373,-0.005316214827947974,8.152100088559752e-06,1.7238226916882555e-05,2.8904335194331465e-05,7.340483157161726e-05,7.527647261930706e-05,0.00010654158708071656,0.00047309314173391817,0.0022063835730495493
2023-11-07 00:00:00+00:00,1973.5,-0.007622245166061248,2.8262140096893902e-05,3.641424018545354e-05,4.5500367013776244e-05,8.909032710328275e-05,0.00010197007930471262,0.0001238162169413355,0.0005008318819969366,0.002213148074098661
2023-11-08 00:00:00+00:00,1957.800048828125,-0.00798719733526898,5.809862137154406e-05,8.636076146843784e-05,9.451286155699738e-05,0.00011526509666276986,0.0001597655930400549,0.00018118275343774457,0.00027999848793461274,0.0021953337034630624
2023-11-09 00:00:00+00:00,1969.800048828125,0.006110620756335727,6.37953212725279e-05,0.00012189394264407186,0.00015015608274096553,0.00016739430965784864,0.0002109842697473544,0.00022543255536027314,0.00030561269013986174,0.0020290571523657033
2023-11-10 00:00:00+00:00,1937.699951171875,-0.016430362016443212,3.7339686027761016e-05,0.00010113500730028882,0.00015923362867183266,0.00019564786885728676,0.00021640010396305846,0.0002612037079765458,0.0002940373558494435,0.0020238066805349916
2023-11-13 00:00:00+00:00,1950.199951171875,0.0064302288559972,0.00026995679599137987,0.0003072964820191408,0.00037109180329166847,0.00045745256476010685,0.0004746907916769892,0.000530857396331724,0.0005530066416045483,0.002249192803363638
2023-11-14 00:00:00+00:00,1966.5,0.008323406508342401,4.134784314049906e-05,0.0003113046391318788,0.0003486443251596396,0.00047053826780371204,0.0005069525079891653,0.0005596285949069946,0.0005936223998699125,0.0021869138281271462
2023-11-15 00:00:00+00:00,1964.300048828125,-0.001119340273860736,6.927909590311665e-05,0.0001106269390436156,0.00038058373503499526,0.0004817187423352846,0.0005680795038037222,0.0005969838389980543,0.0006433559764230297,0.002246641760225183
2023-11-16 00:00:00+00:00,1987.300048828125,0.011640985506317314,1.2529226486866277e-06,7.053201855180318e-05,0.00011187986169230202,0.00041917634371144337,0.000541070286355515,0.0005865706533692918,0.000643040365660228,0.0022346090475224537
2023-11-17 00:00:00+00:00,1984.699951171875,-0.0013092135083780931,0.00013551254355828978,0.0001367654662069763,0.00020604456211009275,0.0005173492012419722,0.0006184842085422607,0.0007129970700992586,0.000778249801582316,0.002367443806704828
2023-11-20 00:00:00+00:00,1980.300048828125,-0.002219371576175355,1.7140400105196754e-06,0.00013722658356880935,0.00013847950621749576,0.0002491064452611119,0.0005564029272802524,0.0007065590100212186,0.0007673871970276072,0.002316035183033055
2023-11-21 00:00:00+00:00,2001.5999755859373,0.010698475495605209,4.9256101931350805e-06,6.639650203654647e-06,0.00014215219376194422,0.00021268421231374795,0.0005239888514456265,0.0006832224801174597,0.0007403889554086854,0.0022149114234302257
2023-11-22 00:00:00+00:00,1992.800048828125,-0.0044061390651322085,0.00011445737793006511,0.00011938298812320009,0.00012109702813371954,0.0002578624943406964,0.0003684894333843118,0.0007395812366759808,0.0008431802250613014,0.002294759124704821
2023-11-23 00:00:00+00:00,1993.300048828125,0.0002508717746039224,1.9414061461284132e-05,0.00013387143939134913,0.000138797049584484,0.00027602363315329387,0.00034655565170509686,0.000695199976864737,0.0008535081596942626,0.002273486782505334
2023-11-24 00:00:00+00:00,2003.0,0.004854475440973616,6.293664729292124e-08,1.9476998108576943e-05,0.00013393437603864182,0.00014057402624229702,0.00027733949244927313,0.0006579232274842689,0.0008454189962529958,0.002268346701315028
2023-11-27 00:00:00+00:00,2012.4000244140625,0.004681995083159585,2.356593180701598e-05,2.362886845430879e-05,4.30429299155927e-05,0.00016242591803879332,0.00029965250160760243,0.000411532363299905,0.000840722787963118,0.0013558818286915398
2023-11-28 00:00:00+00:00,2040.0,0.013621756089284176,2.1921077958730528e-05,4.54870097657464e-05,4.5549946413039105e-05,0.00017942138580438876,0.0001860610360080432,0.0003921055981181365,0.0008045452445503043,0.0013639991477526604
2023-11-29 00:00:00+00:00,2047.0999755859373,0.003474337682143336,0.00018555223895595053,0.00020747331691468095,0.00023103924872169672,0.0002505162468302742,0.000369899234953474,0.0005083787411709704,0.000926302162233727,0.0015490279868747355
2023-11-30 00:00:00+00:00,2038.0999755859373,-0.004406156206906431,1.2071022329561126e-05,0.00019762326128551155,0.00021954433924424187,0.0002431732076985512,0.0003770446470899001,0.0005191968408518448,0.0009010334985355271,0.0012821669937704287
2023-12-01 00:00:00+00:00,2089.699951171875,0.025002502306460173,1.9414212519660067e-05,3.1485234849221085e-05,0.0002170374738051714,0.0002625244835709183,0.00028200148167949505,0.00040309850981321514,0.0006504909150638073,0.00126340008722281
2023-12-04 00:00:00+00:00,2042.199951171875,-0.022992857408092426,0.0006251251215845463,0.0006445393341042063,0.0006566103564337671,0.0008640836733484486,0.0008877125418027572,0.0010265095913872418,0.0012342681935078544,0.0018396101884891767
2023-12-05 00:00:00+00:00,2036.300048828125,-0.0028931746765508137,0.0005286714917888708,0.001153796613373417,0.0011732108258930766,0.0013708340871785888,0.001416321096944335,0.0015502554729829776,0.0016936605893936086,0.0023572941700417726
2023-12-06 00:00:00+00:00,2047.9000244140625,0.005680430228461653,8.370459709034905e-06,0.0005370419514979056,0.0011621670730824517,0.0011936523079316731,0.001401125624846354,0.0014441685547619473,0.001700778126453957,0.0023649325448756725
2023-12-07 00:00:00+00:00,2046.4000244140625,-0.0007327260089500243,3.2267287580420904e-05,4.06377472894557e-05,0.0005693092390783263,0.0012138485731825331,0.0014114718344680444,0.0014570217808810842,0.0015975328704760882,0.002377654313106094
2023-12-08 00:00:00+00:00,2014.5,-0.015711138123425172,5.368874041918311e-07,3.280417498461263e-05,4.117463469364732e-05,0.0011949712480670647,0.0012264564829162856,0.001457495731637983,0.0015963557178697602,0.0023766226670987978
2023-12-11 00:00:00+00:00,1993.699951171875,-0.010378841273831263,0.00024683986113334383,0.00024737674853753556,0.00027964403611795624,0.0008166859876158623,0.0014612253217200684,0.0016807696609643108,0.001838269968809969,0.0026231594205959395
2023-12-12 00:00:00+00:00,1993.199951171875,-0.00025082144767551995,0.00010772034618738336,0.00035456020732072707,0.0003550970947249187,0.0003957348420143749,0.0015495314553877918,0.0017665689291929637,0.0018315329370672873,0.0027183031222180946
2023-12-13 00:00:00+00:00,1997.300048828125,0.002054930008296374,6.291139861404359e-08,0.0001077832575859973,0.0003546231187193409,0.0003874272937039541,0.0009244692452018594,0.0015810796016356272,0.0018121817870046172,0.002686442181804652
2023-12-14 00:00:00+00:00,2044.9000244140625,0.023552607546577953,4.222737338996936e-06,4.285648737610871e-06,0.00011200599492499402,0.0003593827434625301,0.00040002049075198555,0.001573231316645063,0.001816341587696321,0.0026789988108662
2023-12-15 00:00:00+00:00,2035.699951171875,-0.0045091843776834395,0.0005547253222431207,0.0005589480595821175,0.0005590109709807313,0.000913571178301459,0.0009463753532860714,0.0021085424263685235,0.0023475009781324255,0.003224638006280997
2023-12-18 00:00:00+00:00,2040.5,0.0023551597587738726,2.033274375194439e-05,0.000575058065995065,0.0005792808033340618,0.0006870640609200596,0.0009344408094575948,0.0015037500485359217,0.0023459126439256397,0.0032368186499443815
2023-12-19 00:00:00+00:00,2052.10009765625,0.0056688307893031364,5.546777489347806e-06,2.5879521241292086e-05,0.0005806048434844126,0.000584890492222024,0.0009394506995427509,0.0009806253342363987,0.002165907182459037,0.003214103287336836
2023-12-20 00:00:00+00:00,2047.699951171875,-0.002146518425999666,3.213564251775122e-05,3.768242000709892e-05,5.801516375904309e-05,0.0006169632233411612,0.0007247464809271582,0.001004390517045115,0.002185971802647227,0.003188140308483043
2023-12-21 00:00:00+00:00,2051.300048828125,0.001756574082429907,4.607541353156084e-06,3.67431838709072e-05,4.228996136025479e-05,0.0006173480273553203,0.0006216336760929309,0.0009767307708178502,0.002171165131480723,0.003128952528563671
2023-12-22 00:00:00+00:00,2069.10009765625,0.008640015011213364,3.0855525070644697e-06,7.693093860220446e-06,3.982873637797145e-05,6.570825761926407e-05,0.0006246563172013814,0.000979279435920723,0.0015491255624032413,0.0030946983950429744
2023-12-26 00:00:00+00:00,2069.800048828125,0.0003382305220105408,7.464985939399227e-05,7.773541190105664e-05,8.23429532542125e-05,0.00012002537326131196,0.0006950834392563767,0.0008070894341813712,0.0010951039300083627,0.0028993914584455873
2023-12-27 00:00:00+00:00,2093.10009765625,0.011194259444756938,1.1439988601952295e-07,7.476425928001169e-05,7.784981178707595e-05,0.00011459299565798368,0.00014047251689927555,0.0006994834878800074,0.0010868478701853473,0.002858158015191107
2023-12-28 00:00:00+00:00,2083.5,-0.004597095407066654,0.00012531144451652992,0.00012542584440254932,0.00020007570379654142,0.00020776879765676236,0.00024545121766386105,0.0008247320209979233,0.0011798920271214562,0.002914190363804521
2023-12-29 00:00:00+00:00,2071.800048828125,-0.005631353670533912,2.1133286181673322e-05,0.00014644473069820317,0.00014655913058422246,0.00022429454248527964,0.0002610377263561866,0.0008416425698405997,0.0012004884258989379,0.002934070727337507
2024-01-02 00:00:00+00:00,2073.39990234375,0.0007719065974658434,3.171214416263576e-05,5.2845430344309e-05,0.00017815687486083867,0.0002529211341408509,0.00026061422800107114,0.00031862939176011476,0.0009853607089282297,0.0028302703279418535
2024-01-03 00:00:00+00:00,2042.800048828125,-0.01486828511340299,5.958397952112957e-07,3.230798395784698e-05,5.344127013952005e-05,0.00017886711454206995,0.0002566025264431263,0.00029889248780338166,0.0008782362025360577,0.0028291521277265448
2024-01-04 00:00:00+00:00,2050.0,0.003518353456416712,0.00022106590221344097,0.00022166174200865217,0.0002533738861712877,0.0003998186168694914,0.00047458287614950286,0.0005144116125274749,0.0010992391933508847,0.0030452924197468508
2024-01-05 00:00:00+00:00,2049.800048828125,-9.754191406941004e-05,1.2378811044279422e-05,0.00023344471325772032,0.0002340405530529314,0.0002868859833972409,0.00041231182779979004,0.000494654781054003,0.001107395267056167,0.0029432138528610653
2024-01-08 00:00:00+00:00,2033.5,-0.007983804871105171,9.514425000324172e-09,1.2388325469279664e-05,0.0002334542276827204,0.0002657622116405679,0.0004122069423387708,0.0004900567541258473,0.0005526794592380468,0.0029238093058247816
2024-01-09 00:00:00+00:00,2033.0,-0.00024591171893195707,6.374114021988266e-05,6.37506546448829e-05,7.612946568916208e-05,0.00029779120769781483,0.00035063663804212357,0.0005507123418386655,0.000596087855705985,0.002987487509397371
2024-01-10 00:00:00+00:00,2027.800048828125,-0.0025610490305085776,6.047257350806986e-08,6.380161279339065e-05,6.381112721839073e-05,0.0002972558404761116,0.0003295638244339583,0.0004761229550181813,0.0005906015507901453,0.002963982050163863
2024-01-11 00:00:00+00:00,2019.199951171875,-0.004250116432860551,6.558972136668925e-06,6.619444710176913e-06,7.036058493005933e-05,8.274891039933953e-05,0.0003044106524079915,0.0004825675272688307,0.0005650248804090629,0.0029486199443418014
2024-01-12 00:00:00+00:00,2051.60009765625,0.015918654950178635,1.8063489692871295e-05,2.4622461829540138e-05,2.4682934403047963e-05,8.84335890479314e-05,0.0003218783023056515,0.0003753195724451721,0.0005784808287487783,0.0027811311950787223
2024-01-16 00:00:00+00:00,2030.199951171875,-0.010485737815719709,0.00025340357542284677,0.000271467065115718,0.0002780260372523867,0.00034182765004577784,0.00035421597551505725,0.0006075898616863455,0.0008287988516645605,0.0030224637481720083
2024-01-17 00:00:00+00:00,2006.5,-0.011742375592465493,0.00010995069754001433,0.00036335427296286106,0.0003814177626557321,0.00038803720736590953,0.00045178786201079216,0.000685828415063724,0.0008640996898105826,0.0031130002331923624
2024-01-18 00:00:00+00:00,2021.5999755859373,0.007497354290409319,0.00013788338455452933,0.0002478340820945436,0.0005012376575173901,0.0005258601193469307,0.0005896617321403212,0.0008231159598230421,0.0010018686744790923,0.0026257584961623458
2024-01-19 00:00:00+00:00,2029.300048828125,0.0038016650471028868,5.6210321355919027e-05,0.00019409370591044831,0.0003040444034504624,0.0005755114685661809,0.0005821309132763576,0.0006582603789655201,0.0009327675513184815,0.0021532973257293937
2024-01-22 00:00:00+00:00,2022.199951171875,-0.003504926533226538,1.4452657130363794e-05,7.066297848628277e-05,0.00020854636304081181,0.0005719006360036734,0.0005965230978332133,0.0006603342250516046,0.000926086922267172,0.0021593795231507227
2024-01-23 00:00:00+00:00,2025.800048828125,0.0017787048445718767,1.2284510003315397e-05,2.6737167133679135e-05,8.29474884895979e-05,0.000330781570584142,0.0006022486356998597,0.0006726092206299196,0.0009066592881078517,0.002139396745573617
2024-01-24 00:00:00+00:00,2016.0,-0.004849358164569217,3.163790924103464e-06,1.5448300927418806e-05,2.990095805778233e-05,0.00022399466396823113,0.000587348936931092,0.0006120318713341403,0.0009092272392367438,0.0021420236490935288
2024-01-25 00:00:00+00:00,2017.800048828125,0.0008924829817136271,2.351627460827413e-05,2.6680065532377537e-05,3.896457553569266e-05,0.00010962755402197592,0.00035746163611651927,0.0006354876733689064,0.000711677611631577,0.0019187000625684588
2024-01-26 00:00:00+00:00,2017.300048828125,-0.00024782532797651413,7.965258726484463e-07,2.431280048092252e-05,2.7476591405025713e-05,5.4213758538705336e-05,0.00024830746444915336,0.000629725227104886,0.000700095326459946,0.001811776242253724
2024-01-29 00:00:00+00:00,2025.4000244140625,0.004007216107133615,6.14173931866668e-08,8.57943265835059e-07,2.4374217874108915e-05,3.982251880152821e-05,0.00011048549728781071,0.0006117231548052013,0.0007001472294281322,0.0018117747482482966
2024-01-30 00:00:00+00:00,2031.5,0.0030072124756514995,1.6057780929271087e-05,1.61191983224577e-05,1.6915724195105874e-05,4.3595789727483906e-05,7.033295686116276e-05,0.0003743773603116257,0.0006524638701375207,0.001823609791838571
2024-01-31 00:00:00+00:00,2048.39990234375,0.008284516486208204,9.04332687371402e-06,2.5101107802985054e-05,2.516252519617145e-05,4.947532567709446e-05,6.4923626604513e-05,0.00027346998964532536,0.0006614467244377266,0.0012779277964691642
2024-02-01 00:00:00+00:00,2071.10009765625,0.011020961319990086,6.863321341025554e-05,7.76765402839695e-05,9.373432121324033e-05,9.459226447907587e-05,0.00012127233001145313,0.00020421981850105155,0.0007235209657113134,0.0013262282661274754
2024-02-02 00:00:00+00:00,2053.699951171875,-0.008436893663618328,0.00012146158841671761,0.0001900948018269731,0.00019913812870068684,0.00021525732702314503,0.00023957012750406727,0.0002694710855618501,0.0008269190644351596,0.001442143077054845
2024-02-05 00:00:00+00:00,2042.9000244140625,-0.005272641626064889,7.11811746912031e-05,0.00019264276310792063,0.0002612759765181759,0.0002863770843211615,0.0002872350275869962,0.0003261996031226895,0.0006446966637035159,0.001481188609228297
2024-02-06 00:00:00+00:00,2051.39990234375,0.004152060324328133,2.7800749716912197e-05,9.898192440811523e-05,0.00022044351282483258,0.00029812005310880254,0.00031423925143126,0.00034171584283628625,0.0005625467158804139,0.001504381817592053
2024-02-07 00:00:00+00:00,2051.699951171875,0.00014625470467244384,1.723960493685984e-05,4.504035465377198e-05,0.0001162215293449748,0.00030631633117194837,0.00033141743897493315,0.0003557916568490426,0.0004419029362627443,0.0015185358700218485
2024-02-08 00:00:00+00:00,2047.9000244140625,-0.0018538042095199714,2.1390438638823764e-08,1.726099537549861e-05,4.5061745092410535e-05,0.00023770450820033168,0.0003153810484843009,0.0003322967726794073,0.0003857140053454641,0.001443907401066495
2024-02-09 00:00:00+00:00,2038.699951171875,-0.004502563911302104,3.436590047233966e-06,3.4579804858727357e-06,2.0697585422732306e-05,0.00011967950983084803,0.0003097743116578208,0.0003349368368539928,0.00037469793826233426,0.0014472295912277095
2024-02-12 00:00:00+00:00,2033.0,-0.002799791224128434,2.0273081775360105e-05,2.3709671822594016e-05,2.373106226123257e-05,6.877141691500504e-05,0.0002614141800229254,0.0003551485012361663,0.000382686510034379,0.0013421912284865398
2024-02-13 00:00:00+00:00,2007.199951171875,-0.012771842902622232,7.838830898706594e-06,2.8111912674066645e-05,3.154850272130034e-05,4.880949809679944e-05,0.0001477914225049144,0.0003469295512056018,0.0003873615500089821,0.001328896773203573
2024-02-14 00:00:00+00:00,2004.300048828125,-0.0014457947644990199,0.0001631199711292619,0.00017095880202796842,0.00019123188380332828,0.0001946898642892015,0.0002397302189429732,0.0005010061954611497,0.00052696524652997,0.001460304600170199
2024-02-15 00:00:00+00:00,2014.9000244140625,0.005274681513256496,2.0903225010527764e-06,0.00016521029363031461,0.00017304912452902095,0.00019675879635161543,0.00021401979172711377,0.0004344633045519469,0.0005282590431583742,0.0014617990828760406
2024-02-16 00:00:00+00:00,2024.0999755859373,0.004555566765318986,2.782226506628984e-05,2.991258756734256e-05,0.0001930325586966042,0.00022114447137067133,0.00022460245185654376,0.0003408239812015191,0.0005560198908314774,0.0012685554457288895
2024-02-20 00:00:00+00:00,2039.800048828125,0.007726642514318982,2.0753188553278886e-05,4.857545361956867e-05,5.066577612062117e-05,0.00022162457814859008,0.00024533424997118383,0.000290395995063595,0.0005607152984554852,0.001276929823237889
2024-02-21 00:00:00+00:00,2034.300048828125,-0.0026999843937929313,5.970100454408156e-05,8.045419309736038e-05,0.00010827645816364995,0.00027348675179396506,0.0003015986644680314,0.0003222962498907643,0.0006113729761258527,0.0013366213133569702
2024-02-22 00:00:00+00:00,2030.699951171875,-0.0017712662226276876,7.289915726725383e-06,6.699092027080689e-05,8.774410882408549e-05,0.00011765669639142855,0.0002886154984193967,0.0003123465606806299,0.0005500296784423226,0.001280170088863813
2024-02-23 00:00:00+00:00,2049.39990234375,0.009166482576775437,3.137384031421757e-06,1.042729975814708e-05,7.012830430222837e-05,0.00011870375792179753,0.0002839140515521119,0.0003154625542734128,0.0004317054740570267,0.0012832470003217265
2024-02-26 00:00:00+00:00,2038.9000244140625,-0.005136561017412333,8.402440283032764e-05,8.716178686174934e-05,9.445170258847445e-05,0.00017490589568583534,0.0002048184832531776,0.00039605036705650645,0.0004445487021961513,0.0013607124310153853
2024-02-27 00:00:00+00:00,2044.0999755859373,0.0025471241651953136,2.6384259085600023e-05,0.0001104086619159276,0.0001135460459473491,0.00018053696621815645,0.00022911241983772487,0.00040216154436674634,0.0004431322115648391,0.0013690332004081141
2024-02-28 00:00:00+00:00,2042.699951171875,-0.0006851446089459756,6.487841512921923e-06,3.287210059852189e-05,0.00011689650342884927,0.00012732380318699682,0.00020777799628435693,0.00040081055498096167,0.0004323804481409012,0.0011221174664981892
2024-02-29 00:00:00+00:00,2054.699951171875,0.005857389854543094,4.694231351677339e-07,6.9572646480896025e-06,3.3341523733689357e-05,0.00012050331059543919,0.0001874942308662458,0.0002381600069868675,0.0004328284808374301,0.0010126361920933425
2024-03-01 00:00:00+00:00,2095.699951171875,0.01975777501884579,3.430901590810436e-05,3.477843904327204e-05,4.1266280556193695e-05,0.0001516749424721218,0.0001621022422302686,0.0002703787003939191,0.00046370090669830053,0.0009090618234469176
2024-03-04 00:00:00+00:00,2126.300048828125,0.014495799849846946,0.0003903696736953268,0.0004246786896034311,0.0004251481127385986,0.00045802021333712093,0.00054518200019887,0.000632926109022956,0.0008337974986182672,0.0012432211757863255
2024-03-05 00:00:00+00:00,2141.89990234375,0.007309837007266395,0.00021012821328682276,0.0006004978869821495,0.0006348069028902536,0.0006417641675383437,0.0007521728294542711,0.0008223011337565,0.0010360868810063834,0.0014388967319427842
2024-03-06 00:00:00+00:00,2158.199951171875,0.007581278321351803,5.343371707280133e-05,0.000263561930359624,0.0006539316040549505,0.0006887100430982232,0.0007215821436967447,0.0008160338462852197,0.0009264006269499228,0.0014800459390122702
2024-03-07 00:00:00+00:00,2165.199951171875,0.0032381950663333825,5.747578098579881e-05,0.00011090949805860009,0.00032103771134542254,0.0007457164009488542,0.0007526736655969435,0.0008662197115442931,0.0009817860854346688,0.0015343579290739656
2024-03-08 00:00:00+00:00,2185.5,0.009331921931869935,1.048590728762586e-05,6.796168827342462e-05,0.00012139540534622563,0.0007218932923283756,0.0007566717313716474,0.0008735682348004972,0.0009644497276560048,0.0015213275617533173
2024-03-11 00:00:00+00:00,2188.60009765625,0.0014174793013914666,8.70847669425151e-05,9.75706742301409e-05,0.0001550464552159394,0.00041860838557556405,0.0008432870751789948,0.0008766285989126848,0.001030781306045241,0.001607615802823184
2024-03-12 00:00:00+00:00,2166.10009765625,-0.010333753973922555,2.0092475698732404e-06,8.909401451238829e-05,9.957992180001383e-05,0.00021048941985861452,0.0008109873068407637,0.000852253587396958,0.0009730895490710327,0.0016095636329998705
2024-03-13 00:00:00+00:00,2180.800048828125,0.0067634437014358895,0.0001067864711935602,0.00010879571876343338,0.00019588048570594817,0.00026384217397937336,0.0005274041043389971,0.0009525522170775963,0.0010725861045378677,0.0017002923232641597
2024-03-14 00:00:00+00:00,2167.5,-0.006117374677577558,4.5744170702492805e-05,0.00015253064189605294,0.00015453988946592586,0.0002521105636960674,0.00036302006175466717,0.0009978269646449213,0.0011151928912089388,0.0017369931670929385
2024-03-15 00:00:00+00:00,2161.5,-0.0027720045470100985,3.7422272945867136e-05,8.316644364835988e-05,0.00018995291484191976,0.00027904692935430865,0.00034700861762773297,0.001000940221682684,0.001068590761324478,0.0017057822266285502
2024-03-18 00:00:00+00:00,2164.300048828125,0.001294580973497439,7.684009208644662e-06,4.510628215451174e-05,9.085045285700423e-05,0.0001996461716204382,0.00029721684585057876,0.000618254557196002,0.0010498905114475227,0.0015920046474204772
2024-03-19 00:00:00+00:00,2159.699951171875,-0.002127705546571157,1.6759398969415767e-06,9.359949105586185e-06,4.6782222051453e-05,0.00019931286394750654,0.0002884068784598945,0.0004098022838061208,0.0010450786098315423,0.0015224994126262156
2024-03-20 00:00:00+00:00,2161.0,0.0006017769722728161,4.527130892909666e-06,6.203070789851188e-06,1.3887079998495524e-05,9.705352364685601e-05,0.00020584924241028905,0.00036089569762622916,0.0010491363175892845,0.001499225793802213
2024-03-21 00:00:00+00:00,2184.699951171875,0.010907419475124414,3.621355243578377e-07,4.889266417267449e-06,6.5652063142087005e-06,5.167148846872104e-05,0.00020420213036477367,0.0003037820521647881,0.001015189437205538,0.0014823483243897111
2024-03-22 00:00:00+00:00,2160.0,-0.011370275303799637,0.00011897179960632334,0.00011933393513068113,0.00012386106602359047,0.00013322101512917725,0.0002163874587775368,0.00041226794448348563,0.0007437915631165344,0.0016012987335573955
2024-03-25 00:00:00+00:00,2176.39990234375,0.007563869063015538,0.00012928316048419595,0.00024825496009051924,0.00024861709561487677,0.00025482016640472854,0.00029992644855923994,0.00045446633802516645,0.0006629465103139075,0.0017271453039943577
2024-03-26 00:00:00+00:00,2177.199951171875,0.00036753439179104674,5.721211520244355e-05,0.00018649527568663943,0.0003054670752929624,0.00031035634171023055,0.00031971629081581636,0.0005096692056577367,0.0006667249084435497,0.001764084337421441
2024-03-27 00:00:00+00:00,2190.60009765625,0.006135898336309786,1.3508152914921465e-07,5.734719673159271e-05,0.00018663035721578833,0.0003059642923464701,0.0003121673631363209,0.0004030178159933258,0.0006093842089869001,0.0017563805880518838
2024-03-28 00:00:00+00:00,2217.39990234375,0.01215977082804276,3.764924839352921e-05,3.7784329922678366e-05,9.499644512512157e-05,0.0003432514052156414,0.00034814067163290856,0.00039492289368436216,0.0006365475500928035,0.0016309098653161508
2024-04-01 00:00:00+00:00,2257.10009765625,0.017745552406589482,0.0001478600265905197,0.00018550927498404887,0.0001856443565131977,0.0003721396321998378,0.0004914735673305186,0.0005053606473290148,0.000697322809740808,0.001776679569405618
2024-04-02 00:00:00+00:00,2281.800048828125,0.0108837798572603,0.00031490463021501377,0.0004627646568055334,0.0005004139051990623,0.0005577611019306556,0.0008060160620211745,0.0008125812683353838,0.0010102181923859485,0.002063761934554342
2024-04-03 00:00:00+00:00,2315.0,0.014445060959115352,0.00011845666398130504,0.00043336129419631873,0.0005812213207868381,0.0006190056507095171,0.0008055009263961563,0.0009293619924197473,0.0010218883851736936,0.002161465409982368
2024-04-04 00:00:00+00:00,2308.5,-0.002811724573290597,0.00020865978611255855,0.00032711645009386356,0.000642021080308877,0.0008275303552929265,0.0008848775520245188,0.0011334946476393962,0.0011848040005837592,0.002310424191550845
2024-04-05 00:00:00+00:00,2345.39990234375,0.01585795844256488,7.90579507604619e-06,0.00021656558118860467,0.0003350222451699094,0.0007977869019754434,0.0008355712318981214,0.0011410383071910845,0.0011552875227139382,0.0023110400709001654
2024-04-08 00:00:00+00:00,2351.0,0.0023848481504602503,0.0002514748459661147,0.00025938064104216084,0.0004680404271547191,0.0009014017213510385,0.0010869109963350869,0.001273541353550876,0.0013990783594714084,0.002559377532834859
2024-04-09 00:00:00+00:00,2362.39990234375,0.00483724055191459,5.687500700753677e-06,0.00025716234666686835,0.0002650681417429142,0.0005921845918367783,0.0010549492486423115,0.0011499456937674336,0.0014030899202752203,0.0024810406307052843
2024-04-10 00:00:00+00:00,2348.39990234375,-0.0059438064861172535,2.3398896157086966e-05,2.908639685784059e-05,0.000280561242823955,0.0004971268240125603,0.0009304881182088787,0.0011161324747220771,0.0014219616855393978,0.002478055267776772
2024-04-11 00:00:00+00:00,2372.699951171875,0.010294323008475104,3.532883554440953e-05,5.872773170149644e-05,6.44152324022498e-05,0.0003237958734444113,0.0006509123235382745,0.0011513262287373375,0.0014569283855594495,0.0025068962618082593
2024-04-12 00:00:00+00:00,2374.10009765625,0.0005899328012883842,0.0001059730862028199,0.00014130192174722936,0.00016470081790431604,0.000421863164571185,0.0006384287457597893,0.001219650066546628,0.0014439296721559462,0.0026123999248759116
2024-04-15 00:00:00+00:00,2383.0,0.003741738683111784,3.480207100359602e-07,0.00010632110691285581,0.00014164994245726505,0.0001707363393151062,0.00043011698035726675,0.0010721380606661445,0.0013149945323817861,0.002578438929677843
2024-04-16 00:00:00+00:00,2407.800048828125,0.010353289681328981,1.4000608372695106e-05,1.4348629082731012e-05,0.0001203217152855506,0.00017904944698704764,0.00043621179365391563,0.0007712340388238256,0.0012717830255520376,0.0022020698643552116
2024-04-17 00:00:00+00:00,2388.39990234375,-0.008089842994962737,0.00010719060722551315,0.0001211912155982082,0.00012153923630824385,0.0002628411580554738,0.00029192755491331407,0.0007599679820680338,0.0013788385512484016,0.0020991322582939015
2024-04-18 00:00:00+00:00,2398.0,0.004011411802351539,6.544555968314767e-05,0.00017263616690866077,0.00018663677528135556,0.00029295788219421194,0.00035168561389570805,0.0006167537556386229,0.0014066348625380199,0.002111144100904248
2024-04-19 00:00:00+00:00,2413.800048828125,0.006567232825074321,1.609142464804522e-05,8.153698433119284e-05,0.00018872759155670566,0.00020307622063943728,0.0003443781423866663,0.0006249393852106219,0.0012748662605955455,0.0020697597445664944
2024-04-22 00:00:00+00:00,2346.39990234375,-0.02832009236890176,4.312854697873364e-05,5.921997162677881e-05,0.00012466553130992616,0.000245856746908135,0.00035217785382099043,0.00041659308622324083,0.0010030901773592654,0.002102402384257602
2024-04-23 00:00:00+00:00,2342.10009765625,-0.0018341925532574521,0.0008020276317831277,0.0008451561787618613,0.0008612476034099062,0.0010338837703185676,0.0010482323994012981,0.001212933217305615,0.001686661145161088,0.002817345249098215
2024-04-24 00:00:00+00:00,2338.39990234375,-0.0015811114553345718,3.364262322425091e-06,0.0008053918941055529,0.0008485204410842861,0.0009300574254154796,0.0010512486410136873,0.001192898583470953,0.0014813656213709544,0.0028187002638507667
2024-04-25 00:00:00+00:00,2342.5,0.0017518420775370913,2.4999134341902074e-06,5.8641757566152985e-06,0.0008078918075397427,0.000867111779166522,0.0010397479460751825,0.0011600696613607337,0.0014759597397290985,0.002714413706091397
2024-04-26 00:00:00+00:00,2347.199951171875,0.0020043724734284396,3.068950664629472e-06,5.56886409881968e-06,8.933126421244445e-06,0.0008540893051831064,0.0009356262895142989,0.0010571655258225432,0.0012275538444276133,0.0026717384860535332
2024-04-29 00:00:00+00:00,2357.699951171875,0.004463439244165812,4.017509012237641e-06,7.086459676867113e-06,9.586373111056997e-06,0.0008149782672166103,0.0008741982388433887,0.001060835014124745,0.0012258838527390973,0.0026383337221199043
2024-04-30 00:00:00+00:00,2302.89990234375,-0.02351739098197303,1.9922289886359478e-05,2.393979889859712e-05,2.7008749563226266e-05,3.2872925319842104e-05,0.000878029104081703,0.0010667566956384092,0.0012224072464683698,0.002650572002797619
2024-05-01 00:00:00+00:00,2311.0,0.003511175426182511,0.0005530676785989864,0.0005729899684853459,0.0005770074774975832,0.0005825763415964034,0.0013879682357019558,0.0015126337670118826,0.0017401460895229467,0.0032019637414996637
2024-05-02 00:00:00+00:00,2309.60009765625,-0.0006059396429014541,1.232835287342794e-05,0.0005653960314724143,0.0005853183213587734,0.000592404781035641,0.000598268956792256,0.0014595165602021628,0.0016465013561935548,0.0032097649634801823
2024-05-03 00:00:00+00:00,2308.60009765625,-0.00043306914959817533,3.671628508395417e-07,1.2695515724267482e-05,0.0005657631943232536,0.0005897029932218512,0.0005952718573206705,0.0014437922984049572,0.0016465204983343582,0.0032097699908066636
2024-05-06 00:00:00+00:00,2331.199951171875,0.009741813013569356,1.8754888833368677e-07,5.547117391732285e-07,1.2883064612600843e-05,0.0005858730330979472,0.000592959492774814,0.0014008513003145571,0.0016327074388499967,0.003090985740088674
2024-05-07 00:00:00+00:00,2324.199951171875,-0.003007262715250647,9.490292079134926e-05,9.509046967968295e-05,9.545763253052217e-05,0.000660853664002937,0.0006847934629015337,0.0006937265893227787,0.001620419752415833,0.0030566055003958276
2024-05-08 00:00:00+00:00,2322.300048828125,-0.0008177778756612852,9.043629038536694e-06,0.00010394654982988596,0.00010413409871821934,0.00011682961444248733,0.0006898195829278329,0.0006994059560388904,0.0015640178217712218,0.0030084370142319204
2024-05-09 00:00:00+00:00,2340.300048828125,0.007721052221883795,6.687606539210845e-07,9.712389692457778e-06,0.00010461531048380673,0.00010517002222298048,0.0006705660536953944,0.0006975748032586213,0.0015485951577770979,0.0030089706933566925
2024-05-10 00:00:00+00:00,2375.0,0.014718290342319307,5.961464741305669e-05,6.0283408066977776e-05,6.932703710551416e-05,0.00016441750678519764,0.00017711302250946468,0.0007541205000070484,0.0015650812582114208,0.00303093609237622
2024-05-13 00:00:00+00:00,2343.0,-0.013565277960946531,0.00021662807060080977,0.00027624271801386646,0.00027691147866778723,0.0003808580284976737,0.0003814127402368465,0.0009667310615956206,0.0009796816970291029,0.0030997041363865097
2024-05-14 00:00:00+00:00,2359.89990234375,0.007187044351227634,0.00018401676615774167,0.00040064483675855147,0.00046025948417160783,0.0004699718738640661,0.0005650623435437486,0.0011308255378670027,0.0011603342008644193,0.0029688162723292377
2024-05-15 00:00:00+00:00,2394.89990234375,0.014722231684084264,5.1653606506513044e-05,0.0002356703726642547,0.00045229844326506415,0.0005125818513320425,0.000616528401161928,0.0006294114657745294,0.0012094878939367423,0.0029020132148544456
2024-05-16 00:00:00+00:00,2385.5,-0.0039326895869455925,0.00021674410575985457,0.0002683977122663676,0.00045241447842410897,0.0007286571964379759,0.0007383695861304334,0.0008338272186609561,0.0014231630490319674,0.002910097534501742
2024-05-17 00:00:00+00:00,2417.39990234375,0.013283796071969611,1.5466047387270293e-05,0.00023221015314712487,0.00028386375965363755,0.0006845085964121895,0.0007447920044791668,0.0008489261031973867,0.0014346115874070001,0.002917657786812966
2024-05-20 00:00:00+00:00,2438.5,0.00869055412197639,0.00017645923808167526,0.00019192528546894556,0.0004086693912287998,0.000644339763893055,0.0009205824819069211,0.0010251977923907284,0.0015911485356023157,0.0028426421789285263
2024-05-21 00:00:00+00:00,2425.89990234375,-0.005180546866779601,7.552573094700084e-05,0.0002519849690286761,0.00026745101641594606,0.0005358487286823142,0.0009364935654408652,0.00100582060254638,0.0011136065879503302,0.0029124804091747738
2024-05-22 00:00:00+00:00,2392.89990234375,-0.013696570608894731,2.6838065838899937e-05,0.00010236379678590078,0.0002788230348675757,0.0005110331880147011,0.0007467035606789553,0.0010236150393467432,0.0011281163009158022,0.0029159195788565863
2024-05-23 00:00:00+00:00,2337.199951171875,-0.023552367885869785,0.000187596046444439,0.00021443411228333893,0.00028995984323033946,0.00048188512869928553,0.0007502828409656527,0.001210542325137261,0.0013153451845094016,0.0030681867897566157
2024-05-24 00:00:00+00:00,2334.5,-0.001155875377572002,0.0005547140330313503,0.0007423100794757894,0.000769148145314689,0.0010211331143433655,0.00125334326749049,0.0017056417107555546,0.0018698716686524183,0.0035169277365851466
2024-05-28 00:00:00+00:00,2356.5,0.009379731952794401,1.3360478884772184e-06,0.0005560500809198276,0.0007436461273642662,0.0008460099241501676,0.0010379352096191127,0.001490349688043222,0.0017763047957495464,0.003517915763763588
2024-05-29 00:00:00+00:00,2341.199951171875,-0.0065138698027444875,8.797937150627227e-05,8.931541939474938e-05,0.0006440294524260995,0.000858463564709439,0.0011104485337381147,0.0013943122933917527,0.001855240538217282,0.0035918945268971648
2024-05-30 00:00:00+00:00,2342.89990234375,0.0007258390297684159,4.243049980710651e-05,0.00013040987131337866,0.00013174591920185556,0.0008740559986776456,0.0009764197954635458,0.0013850891866923462,0.0018970022773704674,0.0035271344194787585
2024-05-31 00:00:00+00:00,2322.89990234375,-0.008573073570683043,5.268422971351553e-07,4.295734210424156e-05,0.0001309367136105135,0.0006869867945303417,0.0009014209068136802,0.0011688719232296268,0.0018379144722545458,0.0034622157020927457
2024-06-03 00:00:00+00:00,2369.300048828125,0.019778210440975386,7.34975904483441e-05,7.402443274547915e-05,0.00011645493255258533,0.00020577035194733556,0.0009480804314231245,0.0012269034662907006,0.00169478399210208,0.0035196218678930444
2024-06-04 00:00:00+00:00,2347.39990234375,-0.009286282396957724,0.00039117760824750774,0.0004646751986958517,0.0004652020409929866,0.0005956119123063661,0.0011516619932261931,0.001441621836456533,0.001901944834191846,0.003867670929161819
2024-06-05 00:00:00+00:00,2375.5,0.01189965056283171,8.623504075604688e-05,0.00047741264900355454,0.0005509102394518984,0.0005938675815561408,0.0006831830009508896,0.0014523311462655791,0.00193652626844138,0.003151878338134738
2024-06-06 00:00:00+00:00,2390.89990234375,0.006461881606936615,0.00014160168351750102,0.0002278367242735478,0.0006190143325210552,0.0006930387652665352,0.0008234486365799134,0.0015670947639441803,0.0018613838461990265,0.0032901157593298136
2024-06-07 00:00:00+00:00,2325.0,-0.027949784212456308,4.175591390206573e-05,0.00018335759741956666,0.0002695926381756132,0.0007342678368714658,0.000777225178975707,0.001421254631401807,0.0018876737127138219,0.003329371759797689
2024-06-10 00:00:00+00:00,2327.0,0.0008598452808357138,0.0007811904375228718,0.0008229463514249375,0.0009645480349424381,0.0014419606839459935,0.0015159851166914723,0.0016477310358933286,0.0024924049121550183,0.004107493246655932
2024-06-11 00:00:00+00:00,2326.60009765625,-0.00017186794582357834,7.393339069754475e-07,0.0007819297714298472,0.0008236856853319125,0.0010515224096054611,0.0015161976083013127,0.0016471343219118266,0.002417618515114993,0.0041042150715506695
2024-06-12 00:00:00+00:00,2354.800048828125,0.012047802533209584,2.953859080161646e-08,7.688724977769555e-07,0.0007819593100206485,0.000965316907440216,0.0014427295564437702,0.001559184488996356,0.002390809987866895,0.004084322320255112
2024-06-13 00:00:00+00:00,2318.0,-0.0157510739899811,0.00014514954587921126,0.00014517908447001277,0.0001459184183769879,0.0009688647698019263,0.0011967014940754736,0.0016619035350684608,0.002348363487301667,0.0036764041875353365
2024-06-14 00:00:00+00:00,2349.10009765625,0.013327572731793857,0.00024809633183785917,0.0003932458777170703,0.00039327541630787164,0.0011752051877377198,0.001358562785157286,0.001909473024609185,0.0020417457861081757,0.003912172166499767
2024-06-17 00:00:00+00:00,2329.0,-0.008593326747149632,0.0001776241949212552,0.0004257205267591143,0.0005708700726383252,0.000571638945136103,0.0013945852965610403,0.002013599629082096,0.0022180339331409537,0.004089429198570184
2024-06-18 00:00:00+00:00,2346.89990234375,0.007656275864060369,7.384526458327728e-05,0.00025146945950453234,0.0004995657913423911,0.0006447448758124049,0.0014266746472422517,0.0016962672854178656,0.002203899826217959,0.004163086914265127
2024-06-20 00:00:00+00:00,2369.0,0.009372658410383927,5.861856010659335e-05,0.00013246382468987052,0.00031008801961112536,0.0007033338973281966,0.0007041027698259731,0.0016686508047684119,0.0022200878865174458,0.004126802553580371
2024-06-21 00:00:00+00:00,2331.199951171875,-0.01608478966333493,8.784672567774057e-05,0.0001464652857843338,0.00022031055036761076,0.0006460310771267259,0.0007912101615967383,0.0016148958469286516,0.002307407769898051,0.0042056056502195755
2024-06-24 00:00:00+00:00,2344.39990234375,0.005646328451708094,0.0002587204585137262,0.00034656718419146665,0.00040518574429805967,0.000656655203802593,0.0010499010815196628,0.0018318603915403122,0.0024926306379634334,0.00446365734807938
2024-06-25 00:00:00+00:00,2330.800048828125,-0.005817886729155397,3.188102498456832e-05,0.00029060148349829444,0.0003784482091760347,0.000510912033865906,0.0009366325606250199,0.0010825509790020086,0.002133334054700494,0.004435923725650891
2024-06-26 00:00:00+00:00,2313.199951171875,-0.0075797510424155945,3.384780599328249e-05,6.572883097785074e-05,0.00032444928949157664,0.0004709145752759113,0.0007223840347804432,0.0011156594510883155,0.0020809468199377294,0.004253143461043364
2024-06-27 00:00:00+00:00,2336.60009765625,0.01006509690162627,5.745262586500029e-05,9.130043185828272e-05,0.00012318145684285067,0.00046974864103431816,0.0006022124657241884,0.0011730825383625143,0.0019967977622852287,0.004126579320750623
2024-06-28 00:00:00+00:00,2339.60009765625,0.0012830932322307476,0.00010130617563912672,0.00015875880150412696,0.00019260660749740905,0.00048320809099570435,0.0006296733767800378,0.0011292391681224296,0.0020563480240222897,0.004176231889883236
2024-07-01 00:00:00+00:00,2338.89990234375,-0.00029932470566507163,1.6463282425963472e-06,0.00010295250388172301,0.0001604051297467229,0.0002261339607245745,0.0005727011449160408,0.0008827891645271668,0.001276803914742014,0.003961134112365978
2024-07-02 00:00:00+00:00,2333.39990234375,-0.002354302065506353,8.959527942148176e-08,1.7359235220177747e-06,0.00010304209916114412,0.00019434253101942764,0.0004849440145177216,0.0007052545648853331,0.0012761541761144603,0.00394575766025813
2024-07-03 00:00:00+00:00,2369.39990234375,0.015310327766781207,5.542738215647479e-06,5.6323334950689065e-06,7.278661737664861e-06,0.00016603746324179265,0.0002317662942196429,0.0006369520385177032,0.001281667375739306,0.0037748411603921016
2024-07-05 00:00:00+00:00,2397.699951171875,0.011873206838102668,0.0002344061363262716,0.00023994887454191903,0.00024003846982134012,0.00034299097370306397,0.0004342914055613462,0.0008127396147373815,0.0013709239661863664,0.003933721565771373
2024-07-08 00:00:00+00:00,2363.5,-0.014366352909866542,0.00014097304062036796,0.00037537917694663954,0.0003809219151622866,0.00038265783868430517,0.0005414166401884316,0.0008658659296800089,0.001263800674968875,0.004047856540552841
2024-07-09 00:00:00+00:00,2367.89990234375,0.0018598739074624504,0.00020639209593083086,0.00034736513655119877,0.00058177127287747,0.0005874036063725397,0.0006903561102542623,0.0008135375670971137,0.0012925685759784507,0.004066652590039232
2024-07-10 00:00:00+00:00,2379.699951171875,0.004970963640971604,3.4591309516596436e-06,0.00020985122688249046,0.000350824267502858,0.0005907731420447779,0.0005925090655667951,0.0007851156730642049,0.001222182442346833,0.0035153976879595417
2024-07-11 00:00:00+00:00,2421.89990234375,0.01757790696518935,2.4710479519861666e-05,2.8169610471521256e-05,0.00023456170640235175,0.0006099408833489922,0.0006155732168440605,0.000775978346590784,0.0011882743617601015,0.003538772119590926
2024-07-12 00:00:00+00:00,2420.699951171875,-0.0004955813954206079,0.00030898281327685224,0.00033369329279671383,0.00033715242374837316,0.0006845175602995727,0.0009244664348414912,0.0010275085340026358,0.0014094104493592133,0.0037597755613615062
2024-07-15 00:00:00+00:00,2428.89990234375,0.003381705391811707,2.456009194870369e-07,0.0003092284141963392,0.0003339388937162005,0.0005437901205986918,0.0009191692975453308,0.0009264479592829963,0.0011509355917649741,0.0037175906624738867
2024-07-16 00:00:00+00:00,2467.800048828125,0.01588864550722313,1.143593135700837e-05,1.1681532276495353e-05,0.00032066434555334724,0.0003488339560248693,0.0006961990925760676,0.0009362375623974083,0.0011304904981374142,0.00372849975153376
2024-07-17 00:00:00+00:00,2459.89990234375,-0.0032064262561508627,0.0002524490560542018,0.00026388498741121007,0.0002641305883306967,0.0005978238811274114,0.0008076751080099014,0.0011885970231721886,0.0013490917481983333,0.003907451217139618
2024-07-18 00:00:00+00:00,2456.39990234375,-0.00142383529497625,1.0281169336133639e-05,0.0002627302253903354,0.00027416615674734335,0.0005833945709436833,0.0006115641814152041,0.0011933354542926747,0.0013019202916694668,0.0035265547782282435
2024-07-19 00:00:00+00:00,2399.10009765625,-0.023603115988079182,2.027306947220105e-06,1.230847628335369e-05,0.000264757532337555,0.0002764390646140512,0.0006101323574107646,0.0009609566249136232,0.0012026414229775603,0.0034423470444194166
2024-07-22 00:00:00+00:00,2394.699951171875,-0.0018357660625296646,0.0005571070843467191,0.0005591343912939392,0.0005694155606300724,0.0008333005480412833,0.001142528962237622,0.0013770906686399744,0.0017581021790816827,0.003857852445248635
2024-07-23 00:00:00+00:00,2407.300048828125,0.005247866128097911,3.370037036335668e-06,0.0005604771213830547,0.0005625044283302744,0.0008252346537206105,0.0008369161859971054,0.0011740686097454793,0.001761382620838597,0.003819466568382905
2024-07-24 00:00:00+00:00,2415.699951171875,0.003483272169553686,2.754009889843736e-05,3.091013593477303e-05,0.0005880172202814918,0.0006003256965648462,0.0008642106839760557,0.001198149577692257,0.0017833799815213868,0.0030658162297584703
2024-07-25 00:00:00+00:00,2353.5,-0.026085498105246963,1.2133185007187244e-05,3.967328390562461e-05,4.304332094195984e-05,0.0006021777122358998,0.0008649079376262346,0.0011855722831795826,0.0015611070302023024,0.003077210080858682
2024-07-26 00:00:00+00:00,2381.0,0.0116169856456656,0.0006804532113988429,0.0006925863964060301,0.0007201264953044671,0.0012806036166875226,0.0012929120929708758,0.0015570426813015731,0.0021005872009807773,0.0037576337536667235
2024-07-29 00:00:00+00:00,2377.800048828125,-0.0013448565274174484,0.0001349543554916006,0.0008154075668904435,0.0008275407518976304,0.0008584508878324041,0.0014175852791263428,0.0016917514358736868,0.0020291494605415472,0.0037474385632791127
2024-07-30 00:00:00+00:00,2405.0,0.011374192580416498,1.8086390793373183e-06,0.0001367629945709379,0.0008172162059697804,0.0008568894898754058,0.0014173666112584598,0.0016821241435960158,0.002027498968669225,0.0035011508705205907
2024-07-31 00:00:00+00:00,2426.5,0.008899986305409335,0.0001293722568564017,0.000131180895935739,0.00026613525142733915,0.00095872164783337,0.0009896317837681425,0.0015590473443982157,0.002132160746005765,0.0034528989324557374
2024-08-01 00:00:00+00:00,2480.800048828125,0.022131218623378857,7.92097562364737e-05,0.0002085820130928754,0.00021039065217221228,0.0010257982190626565,0.0010654715029682804,0.0016279759312985559,0.0019023876889653864,0.003458263424108934
2024-08-02 00:00:00+00:00,2469.800048828125,-0.004443913014855916,0.0004897908377557911,0.0005690005939922648,0.0006983728508486661,0.0008351358454196047,0.0015277222418256342,0.0021157394621071266,0.0023919329258016908,0.0038894357017581313
2024-08-05 00:00:00+00:00,2444.39990234375,-0.010337541384044968,1.9748362883605795e-05,0.0005095392006393968,0.0005887489568758701,0.0007199298528116099,0.001535337419702053,0.0015783807406440135,0.0024002453573282877,0.003821337338963997
2024-08-06 00:00:00+00:00,2431.60009765625,-0.005250137033868896,0.00010686476186684236,0.00012661312475044815,0.0006164039625062388,0.000824985975599115,0.0009617489701700524,0.00168187546547452,0.0022546610631409285,0.0036694816423171127
2024-08-07 00:00:00+00:00,2432.39990234375,0.00032886706196944004,2.7563938874401686e-05,0.00013442870074124402,0.0001541770636248494,0.000723177657617115,0.0008543585535528535,0.0016818993054504843,0.0022719438326791962,0.0036651645562069462
2024-08-08 00:00:00+00:00,2463.300048828125,0.012623550107243808,1.0815354444841152e-07,2.76720924188501e-05,0.000134536854285692,0.0006440760549250897,0.0008526580680179646,0.0016698742739877455,0.0022700246792764244,0.003631424903758112
2024-08-09 00:00:00+00:00,2473.39990234375,0.004091748620267843,0.00015935401731009518,0.0001594621708545436,0.00018702610972894484,0.00031363923447939374,0.000882639828471658,0.0011487750798989979,0.001872271612239801,0.003733326295203207
2024-08-12 00:00:00+00:00,2504.0,0.012295770394628036,1.67424067714638e-05,0.00017609642408155898,0.00017620457762600696,0.0003106332783672517,0.0008201724790066481,0.0010305631311788611,0.0018856439819749289,0.003648762526335544
2024-08-13 00:00:00+00:00,2507.800048828125,0.0015164410069505863,0.00015118596959741128,0.00016792837636887508,0.0003272823936789698,0.0003549544860978207,0.00048156761084826825,0.001179940461696935,0.002009289852673903,0.0037983021676903594
2024-08-14 00:00:00+00:00,2479.699951171875,-0.011268328818177409,2.299593327561308e-06,0.00015348556292497258,0.00017022796969643595,0.0003296901405509803,0.0004641188412922238,0.0010528677981680946,0.001999456260994277,0.003800512165738499
2024-08-15 00:00:00+00:00,2492.39990234375,0.005108497079691965,0.00012697523435456747,0.00012927482768212878,0.00028046079727953965,0.0004565572213610994,0.0004842293137799489,0.0011006332762861883,0.0014459782839500014,0.003921944661877419
2024-08-16 00:00:00+00:00,2537.800048828125,0.018051520714696068,2.6096742413221332e-05,0.00015307197676778882,0.00015537157009534969,0.0003232999464642255,0.00048276211731876855,0.0006369391809436186,0.0013371206708716224,0.0037136352679643684
2024-08-19 00:00:00+00:00,2541.300048828125,0.001378197116301827,0.0003258574001131012,0.0003519541425263226,0.00047892937688088957,0.0006324149398058629,0.0008085113638874213,0.0009430482181731141,0.0016611694319053861,0.003898519627457102
2024-08-20 00:00:00+00:00,2550.60009765625,0.003652883560905984,1.8994272913826715e-06,0.0003277568274044839,0.00035385356981770474,0.0004831283974998343,0.0006510567738687088,0.0008380828835976543,0.0015336966023403672,0.0036940269588176537
2024-08-21 00:00:00+00:00,2547.5,-0.0012161777834780452,1.3343558309537181e-05,1.5242985600919906e-05,0.0003411003857140206,0.0004941723624818102,0.0006476579254067822,0.0008238625030327898,0.0014678304044134307,0.003703911386175531
2024-08-22 00:00:00+00:00,2516.699951171875,-0.01216398597816859,1.479088401025571e-06,1.4822646710562807e-05,1.672207400194499e-05,0.0003686762165282683,0.0004979510442103966,0.000825233437889367,0.0009795186550586653,0.003680679995056695
2024-08-23 00:00:00+00:00,2546.300048828125,0.011692844126281798,0.00014796255487708207,0.0001494416432781077,0.0001627852015876444,0.0004905420289921291,0.0006436140057599173,0.0008138419754563539,0.0011077328470521415,0.0035196597366569248
2024-08-26 00:00:00+00:00,2555.199951171875,0.0034891351064381126,0.00013672260376152275,0.00028468515863860487,0.00028616424703962996,0.00030140723264055055,0.0006533613751668725,0.0009338221724464128,0.0011375906889468219,0.0036561367394989607
2024-08-27 00:00:00+00:00,2552.89990234375,-0.0009005497345491165,1.21740637909789e-05,0.0001488966675525017,0.0002968592224295833,0.00031168186914014686,0.0006394386965446301,0.0007948102666399805,0.001122200813863399,0.0036568748719329313
2024-08-28 00:00:00+00:00,2537.800048828125,-0.00593234641373197,8.109898243964841e-07,1.2985053615375438e-05,0.0001497076573768977,0.0002991493006550061,0.0003143922862559254,0.0007933216631368157,0.0011229036501433471,0.003405236805703126
2024-08-29 00:00:00+00:00,2560.300048828125,0.008826874975790489,3.519273397251857e-05,3.600372379691511e-05,4.817778758789352e-05,0.00033286294622649913,0.00034768559293706135,0.0007015391627547666,0.0009987423668057704,0.003430148370339511
2024-08-30 00:00:00+00:00,2527.60009765625,-0.012854183643682404,7.791372183823634e-05,0.00011310645581075497,0.00011391744563515096,0.00026281411318765336,0.0004122557564657605,0.0007533561421797818,0.001059913681872543,0.003506034785230527
2024-09-03 00:00:00+00:00,2523.0,-0.0018216048942010232,0.00016523003714551224,0.00024314375898374865,0.00027833649295626675,0.00029132154657164286,0.0005760067052102472,0.0005927287792121928,0.001073957749420644,0.00311415773802932
2024-09-04 00:00:00+00:00,2526.0,0.0011883542693791327,3.318244390577121e-06,0.00016854828153608942,0.00024646200337432526,0.00028246572717124105,0.0004313623947237422,0.0005941475963113872,0.0010749764004836597,0.0031141059453835616
2024-09-05 00:00:00+00:00,2543.10009765625,0.006746823772507682,1.4121858695516123e-06,4.730430260128788e-06,0.00016996046740564054,0.0002830669232163962,0.00029605197683177104,0.0005822162238714017,0.000949413351998644,0.003087978032354676
2024-09-06 00:00:00+00:00,2524.60009765625,-0.007301174682313061,4.5519631017274785e-05,4.6931816886826454e-05,5.025006127740308e-05,0.00029339382026115243,0.0003293975440580669,0.0006262567664876509,0.0009688362406026974,0.0031213644783647638
2024-09-09 00:00:00+00:00,2532.699951171875,0.0032032350713926405,5.3307151741649224e-05,9.882678275892406e-05,0.00010023896862847518,0.0002687872501645653,0.00038189370597531966,0.000531601363352218,0.0006962859922312455,0.00249421841870757
2024-09-10 00:00:00+00:00,2543.10009765625,0.00409793961092042,1.0260714922599814e-05,6.35678666642491e-05,0.00010908749768152339,0.00011381792794165288,0.00035696168692540093,0.00040513947451329514,0.0007046472798624625,0.0023695247781385692
2024-09-11 00:00:00+00:00,2542.39990234375,-0.0002753693115415956,1.6793109054750605e-05,2.7053823977350475e-05,8.036097571899922e-05,0.00012729279260582636,0.0002958410741419152,0.00040975851977706674,0.000708096830607676,0.002384509248113982
2024-09-12 00:00:00+00:00,2580.60009765625,0.014913489488801446,7.582825773889235e-08,1.6868937312489555e-05,2.712965223508888e-05,0.00012595643499401364,0.00013068686525414183,0.0004090233582104092,0.0007066935704643893,0.0022552128195153197
2024-09-13 00:00:00+00:00,2610.699951171875,0.011596398028188126,0.0002224121687325912,0.00022248799699033014,0.00023928110604508026,0.00030284897270933006,0.0003497807895961559,0.0005962427929704818,0.0007811431843198984,0.0023984152320114366
2024-09-16 00:00:00+00:00,2608.89990234375,-0.0006897267798304796,0.00013447644722816546,0.0003568886159607567,0.0003569644442184951,0.00038401826819584625,0.00048284505095476973,0.000652805518360411,0.0007788970277865412,0.0020431008414838114
2024-09-17 00:00:00+00:00,2592.39990234375,-0.0063445892252103064,4.7572303081532285e-07,0.00013495217025898083,0.0003573643389915715,0.0003742332763040618,0.0004378011429683103,0.000488051204245714,0.0007671986870263776,0.0020238282016310206
2024-09-18 00:00:00+00:00,2598.60009765625,0.0023888261456157522,4.025381243665472e-05,4.07295354674701e-05,0.00017520598269563507,0.0003976939796859659,0.0004247478036633158,0.0005249867722917916,0.0008066415096386357,0.001957217252200833
2024-09-19 00:00:00+00:00,2614.60009765625,0.006138283449151238,5.706490353977411e-06,4.596030279063218e-05,4.643602582144702e-05,0.0004033246417822044,0.0004201935790946934,0.0005292810767762174,0.0007771552660200947,0.001935359803680409
2024-09-20 00:00:00+00:00,2646.199951171875,0.012013470678025051,3.7678523702124026e-05,4.338501405610149e-05,8.363882649275572e-05,0.00021859099675173725,0.0004410789937420668,0.0005214399694610666,0.0007369200678839822,0.0019729301738380845
2024-09-23 00:00:00+00:00,2652.5,0.002377961331994527,0.00014432347773176769,0.00018200200143389175,0.0001877084917878687,0.00022843802725533948,0.0005853266432160956,0.0006124562954511852,0.0007160135084702379,0.001957899634259757
2024-09-24 00:00:00+00:00,2677.0,0.009194173032214259,5.654700096461185e-06,0.00014997817782822891,0.00018765670153035247,0.00023361700432098534,0.00036856917457996557,0.0006078502806250465,0.0007183499641761219,0.0019468119275847543
2024-09-25 00:00:00+00:00,2684.699951171875,0.0028722071490161483,8.453281774629594e-05,9.018751784275718e-05,0.00023451099557452438,0.00027789600963062656,0.0003186255450980961,0.0006755899893165919,0.0008014705960528662,0.001880158775733639
2024-09-26 00:00:00+00:00,2694.89990234375,0.003792089996471404,8.24957390685947e-06,9.278239165315546e-05,9.843709174961617e-05,0.0002804390931835086,0.0003263993959741402,0.0006837637349657124,0.0007642005389424508,0.0018861087563129372
2024-09-27 00:00:00+00:00,2668.10009765625,-0.009994416471940326,1.4379946541338492e-05,2.2629520448198016e-05,0.00010716233819449346,0.0002571405160227231,0.000300525530078824,0.00047573151277445974,0.0007252733337421401,0.0017735134684997082
2024-09-30 00:00:00+00:00,2659.39990234375,-0.0032661484924538797,9.988836061459212e-05,0.00011426830715593067,0.00012251788106278967,0.0002127053989055475,0.0003947074003394387,0.0004411434261608864,0.0008149009794341325,0.001847305086701079
2024-10-01 00:00:00+00:00,2690.300048828125,0.011552232989346045,1.0667725974758751e-05,0.00011055608658935093,0.00012493603313068892,0.00021771842478384508,0.0003676966026120734,0.00045133542910482977,0.0008087755963541405,0.0015321154125627365
2024-10-02 00:00:00+00:00,2669.699951171875,-0.007686641449607734,0.00013345408704013505,0.00014412181301489386,0.00024401017362948548,0.00026663969407768415,0.0003568272119204408,0.0005445357037083101,0.0009421538551365367,0.0016636700723114892
2024-10-03 00:00:00+00:00,2679.199951171875,0.0035521360139210145,5.9084456774827684e-05,0.0001925385438149628,0.00020320626978972105,0.0003174745769456524,0.0004102569685988073,0.0005979136701291604,0.0007788261431787732,0.0017094109707767795
2024-10-04 00:00:00+00:00,2667.800048828125,-0.00426404324539309,1.2617670261394673e-05,7.170212703622241e-05,0.00020515621407635697,0.0003157123006657086,0.00033834182111390607,0.0005728528166884311,0.0006569673662120024,0.0017205495526371488
2024-10-07 00:00:00+00:00,2666.0,-0.0006749592710582064,1.8182064798582434e-05,3.079973505997716e-05,8.988419183480436e-05,0.0002340060048496989,0.000348274312005629,0.0004467114037552458,0.0006746737079797695,0.001590769062558649
2024-10-08 00:00:00+00:00,2635.39990234375,-0.01154428568307253,4.5557001758742535e-07,1.8637634816169915e-05,3.12553050775641e-05,0.00022379384889252758,0.00033434993548187795,0.00044151227367637206,0.0006348754655607022,0.0014545020288147137
2024-10-09 00:00:00+00:00,2626.0,-0.0035731601928397083,0.0001332705319323934,0.00013372610194998087,0.00015190816674856282,0.00022361029378478592,0.0003677321067996792,0.0004902499878624696,0.0007624395071391182,0.001575598496956128
2024-10-10 00:00:00+00:00,2639.300048828125,0.005051973103998186,1.2767473763694301e-05,0.00014603800569608775,0.00014649357571367469,0.00017729331077365255,0.0003698318545886148,0.0004947678877193043,0.0007375284572006885,0.001587554980895426
2024-10-11 00:00:00+00:00,2676.300048828125,0.013921512865746166,2.552243224352107e-05,3.8289906007215424e-05,0.00017156043793960834,0.00019019807275577895,0.0002619001997920008,0.0005059103734214869,0.0006187274117124419,0.0015778846791664285
2024-10-14 00:00:00+00:00,2665.60009765625,-0.0040060522242146845,0.00019380852047113604,0.00021933095271465717,0.00023209842647835098,0.00036582452842833256,0.0003966242634883091,0.0005998305332780309,0.0008068812320871167,0.0016937794777993282
2024-10-15 00:00:00+00:00,2678.89990234375,0.004977016424836833,1.6048454423135422e-05,0.0002098569748942715,0.0002353794071377921,0.0003814174128338805,0.0004000550476500499,0.0006052112617264075,0.0007383968687639562,0.0015445978950769513
2024-10-16 00:00:00+00:00,2691.300048828125,0.0046181403431910795,2.4770692493095614e-05,4.081914691623109e-05,0.00023462766738736665,0.00027291757339458275,0.00040664367534456303,0.0004965278671793681,0.0007549179873501924,0.0015660503431794697
2024-10-17 00:00:00+00:00,2707.5,0.006001333498846684,2.132722022940902e-05,4.609791272250469e-05,6.214636714563963e-05,0.00028147731986029746,0.0004275153255563847,0.0004587706306339494,0.000761865261038263,0.0015859653775393272
2024-10-18 00:00:00+00:00,2730.0,0.008275909303860018,3.601600376437938e-05,5.734322399378845e-05,8.211391648688358e-05,0.0002919708913811558,0.00033026079738837064,0.0004821689641369341,0.0006979929041880502,0.0015764617502864319
2024-10-21 00:00:00+00:00,2738.89990234375,0.0032547350872320635,6.849067480571681e-05,0.00010450667857009625,0.0001258338987995048,0.00016665304571573654,0.00038598399843039317,0.0005324775741440685,0.0007558158530190083,0.0015916452733504996
2024-10-22 00:00:00+00:00,2759.800048828125,0.007601886743848318,1.0593300488059507e-05,7.908397529377638e-05,0.00011509997905815527,0.00016119789178066065,0.0003710548666749316,0.0005426153046145406,0.0006329550664669327,0.0015919778589159593
2024-10-23 00:00:00+00:00,2729.39990234375,-0.011076461985457087,5.778868206629679e-05,6.838198255435635e-05,0.0001368726573600727,0.00019421588135386182,0.00023503502827009235,0.000467133454748444,0.0006316592917584017,0.0016329734319275053
2024-10-24 00:00:00+00:00,2748.89990234375,0.007119027089073526,0.00012268801011527594,0.0001804766921815728,0.0001910699926696318,0.00029557667123972876,0.0003416745839622329,0.0005770539911000255,0.0007417296316122831,0.0017555856137850424
2024-10-25 00:00:00+00:00,2754.60009765625,0.0020714808215904768,5.0680546694962686e-05,0.00017336855681023867,0.000231157238876535,0.000310241214170312,0.00036758443816409996,0.0006022121055514672,0.0007742281135086634,0.0015838539917474139
2024-10-28 00:00:00+00:00,2755.89990234375,0.0004717556343729612,4.291032794217157e-06,5.4971579489179894e-05,0.00017765958960445536,0.0002460415721588124,0.00035054825072890807,0.00041269461787454836,0.0007780635762852931,0.0014536685773134655
2024-10-29 00:00:00+00:00,2781.10009765625,0.00910253542045325,2.2255337856263506e-07,4.513586172779846e-06,5.5194132867742044e-05,0.00023567082504931551,0.0003147548003430913,0.0003968687168299755,0.0006450155977314623,0.001453415407661213
2024-10-30 00:00:00+00:00,2800.800048828125,0.007058540083971998,8.285615108060603e-05,8.307870445916871e-05,8.736973725338539e-05,0.00026073829406362474,0.0003291202766179805,0.0004549541754174859,0.000715104275048374,0.0014960177463051642
2024-10-31 00:00:00+00:00,2749.300048828125,-0.018558756510009822,4.982298811703942e-05,0.0001326791391976455,0.00013290169257620764,0.00018787327206538825,0.00036834996424696046,0.00048344994330511636,0.0007394048309218923,0.0015401342440682262
2024-11-01 00:00:00+00:00,2749.199951171875,-3.640907748003741e-05,0.00034442744319783196,0.0003942504313148715,0.000477106582395477,0.00048162016856825754,0.0006549887253784956,0.000791861382738569,0.0008900237536485882,0.001846883163563934
2024-11-04 00:00:00+00:00,2746.199951171875,-0.001091822379200913,1.3256209229473673e-09,0.000344428768818755,0.00039425175693579386,0.0004773304613949633,0.0005323020408841427,0.000723372033553775,0.0008739766248463759,0.0017025610114530893
2024-11-05 00:00:00+00:00,2749.699951171875,0.001273676935660717,1.1920761077239422e-06,1.1934017286469979e-06,0.00034562084492647843,0.00047829998412412465,0.0004828135702969039,0.0007139708091734395,0.0008503980084610041,0.0016980983874643522
2024-11-06 00:00:00+00:00,2676.300048828125,-0.027056535210575383,1.622252936434074e-06,2.8143290441581243e-06,2.8156546650805297e-06,0.00039706608597995266,0.0004801447904391208,0.0006578043800435767,0.0008306930411680291,0.0016151878226544902
2024-11-07 00:00:00+00:00,2705.800048828125,0.010962373382500168,0.0007320560976011055,0.0007336783505375397,0.000734870426645263,0.0010792991954640188,0.0012119783346616637,0.0012671724675294063,0.0015267331350047554,0.002338994346348736
2024-11-08 00:00:00+00:00,2694.800048828125,-0.004073627009093528,0.00012017363017734817,0.0008522297277784537,0.0008538519807148872,0.0008550453824435349,0.0012492958137584058,0.0013366655510117919,0.0015784160903763867,0.002444788029984746
2024-11-11 00:00:00+00:00,2617.699951171875,-0.02902795724625662,1.659443700921628e-05,0.00013676806718656456,0.0008688241647876695,0.0008716384938318283,0.0012160672626505826,0.0013489689552267908,0.0015844172268975434,0.00236149410637937
2024-11-12 00:00:00+00:00,2606.300048828125,-0.004364441209617098,0.0008426223018905022,0.0008592167388997185,0.0009793903690770663,0.0017130687196146065,0.001714262121343253,0.0021913687037387304,0.002369250846721749,0.0031934486822951134
2024-11-13 00:00:00+00:00,2586.5,-0.007625999306449138,1.904834707220396e-05,0.0008616706489627063,0.0008782650859719221,0.0017304948137503763,0.001733309142794534,0.0021275608997303286,0.0022656111836786767,0.0030790429423271826
2024-11-14 00:00:00+00:00,2572.89990234375,-0.005271981010777971,5.815586542196274e-05,7.720421249416681e-05,0.0009198265143846684,0.0010565945815712338,0.0017902729321087726,0.002135893777035252,0.0022730865024056766,0.0030781143509743176
2024-11-15 00:00:00+00:00,2570.10009765625,-0.0010887827976215902,2.7793783778003514e-05,8.594964919996637e-05,0.00010499799627216978,0.0009642147351718891,0.0018164444629503423,0.001819260117615423,0.0022965892533894634,0.0030932904644909265
2024-11-18 00:00:00+00:00,2614.60009765625,0.01716631284294845,1.1854479803966968e-06,2.897923175840032e-05,8.713509718036252e-05,0.0009488057461430695,0.0010855738133296333,0.001820444239974897,0.002297552147991297,0.0030762938476727405
2024-11-19 00:00:00+00:00,2631.0,0.006252842562174621,0.0002946822966219769,0.00029586774460237374,0.0003236615283803767,0.00040086574087454415,0.001260082479774262,0.00211393446048915,0.0025093782935326683,0.0033705205742771303
2024-11-20 00:00:00+00:00,2651.699951171875,0.007836923280823527,3.909804010734248e-05,0.0003337803367293195,0.00033496578470971567,0.00042091543390968266,0.0012825860828723883,0.0021514102476600586,0.0024986533455229713,0.003276348082452079
2024-11-21 00:00:00+00:00,2674.89990234375,0.008711034624276692,6.141736650951379e-05,0.00010051540661685638,0.00039519770323883274,0.00042417693499723373,0.0005013811474913999,0.0014807715165684667,0.002215643268834653,0.0033249979751978987
2024-11-22 00:00:00+00:00,2712.199951171875,0.013848135705308628,7.588212422534738e-05,0.0001372994907348613,0.00017639753084220321,0.0004722652754445776,0.0005582149246445432,0.001436480010616466,0.002291524067439078,0.003375357667179725
2024-11-25 00:00:00+00:00,2618.5,-0.03515846093115993,0.0001917708625126437,0.0002676529867379912,0.0003290703532475045,0.0006628506899768246,0.0006918299217352242,0.0016116564361198934,0.0024821028538439976,0.0033733200092212327
2024-11-26 00:00:00+00:00,2621.300048828125,0.0010687618109708197,0.001236117375047899,0.0014278882375605428,0.0015037703617858899,0.0016042857684027468,0.0019001535130051198,0.00200515150927729,0.0037165979759554626,0.004593388929845996
2024-11-27 00:00:00+00:00,2639.89990234375,0.007070604112144885,1.1422518085896261e-06,0.0012372596268564887,0.001429030489369132,0.0015663299801039938,0.0019001103168333126,0.0019872454140136757,0.0029856841301629466,0.004569760489161491
2024-11-29 00:00:00+00:00,2657.0,0.006456666117156118,4.999344251068016e-05,5.113569431926979e-05,0.0012872530693671684,0.0015549060561051602,0.0016554214627220159,0.0019790829911023934,0.0029155039424962783,0.0045984267114427615
2024-12-02 00:00:00+00:00,2658.5,0.0005643871845792958,4.168853734843186e-05,9.168197985911201e-05,9.282423166770122e-05,0.0015207124692282446,0.0016580119599631054,0.0019929777446728216,0.0029405980428354943,0.004604099245026814
2024-12-03 00:00:00+00:00,2667.89990234375,0.003529555525146222,3.1853289411734413e-07,4.2007070242549203e-05,9.200051275322893e-05,0.0013292601396097186,0.001596913126347709,0.0019921108295865423,0.002098294273839109,0.004535927103115215
2024-12-04 00:00:00+00:00,2676.199951171875,0.0031062501560290556,1.2457762205090221e-05,1.2776295099207565e-05,5.446483244763899e-05,0.00010560052676690965,0.0015334887643274518,0.0017098862951696555,0.0020917036889719957,0.004537791564832245
2024-12-05 00:00:00+00:00,2648.39990234375,-0.010442212448556809,9.648790031830532e-06,2.210655223692075e-05,2.2425085131037663e-05,0.00011410706499015055,0.0013513666918466387,0.0016804370450941436,0.002043196613581863,0.004489651672797779
2024-12-06 00:00:00+00:00,2659.60009765625,0.004220125069685388,0.00010903980082079479,0.00011868859085262533,0.00013114635305771512,0.00017315342330026517,0.0002242891176195343,0.0017280594794054245,0.0021244426306246543,0.0044760034635032975
2024-12-09 00:00:00+00:00,2685.800048828125,0.009802881080482884,1.7809455603787097e-05,0.00012684925642458188,0.000136498046456412,0.0001492743415556204,0.0002409563214147318,0.0016699868107838643,0.0021410666382480448,0.004443132372412122
2024-12-10 00:00:00+00:00,2718.39990234375,0.012064782666322493,9.609647747808926e-05,0.00011390593308187635,0.0002229457339026707,0.0002450522861395923,0.0002870593563821409,0.00157431242574931,0.001942480819104157,0.004534937817095994
2024-12-11 00:00:00+00:00,2756.699951171875,0.013990858468918788,0.0001455589807855957,0.00024165545826368494,0.00025946491386747165,0.0003781535047200978,0.00039092979981930474,0.0004837540314870066,0.0020489417597824105,0.004680274244503027
2024-12-12 00:00:00+00:00,2709.39990234375,-0.017307122359282445,0.00019574412069731656,0.00034130310148291224,0.0004373995789610011,0.0005642488353855838,0.000586355387622504,0.0006783559003757336,0.002183268513970213,0.0047931622141197385
2024-12-13 00:00:00+00:00,2675.800048828125,-0.012478752815572314,0.00029953648435917434,0.0004952806050564909,0.0006408395858420862,0.0007547455189239634,0.0008734341097765881,0.0009278989422242277,0.00240692287410404,0.005042875710361872
2024-12-16 00:00:00+00:00,2670.0,-0.002169946893270769,0.00015571927183215395,0.0004552557561913282,0.0006509998768886445,0.0008926553351523303,0.0010195045915769114,0.00104192967670795,0.0023708712834235503,0.004854167538996195
2024-12-17 00:00:00+00:00,2662.0,-0.0030007524392390295,4.708669519615461e-06,0.00016042794135176942,0.0004599644257109433,0.0008012675271938564,0.0009151734602757322,0.0010463198133334479,0.0011394625778952667,0.004858874882894887
2024-12-18 00:00:00+00:00,2653.300048828125,-0.0032735532749299523,9.004515201598986e-06,1.3713184721214447e-05,0.00016943245655336796,0.0006647130616098597,0.000906368519873544,0.0010428665663299566,0.0011473248412882762,0.004866687321988763
2024-12-19 00:00:00+00:00,2608.10009765625,-0.017182142366951147,1.0716151043804616e-05,1.97206662454036e-05,2.442933576501863e-05,0.00047968509195634785,0.0008209881934392593,0.0010439339273419306,0.0011080475498214007,0.004875781220096132
2024-12-20 00:00:00+00:00,2645.10009765625,0.014086884367596753,0.0002952260163181776,0.0003059421673619822,0.0003149466825635808,0.00047537462391535106,0.0009706552289718412,0.0012301201428393136,0.0013615850287911463,0.004438951138813205
2024-12-23 00:00:00+00:00,2628.199951171875,-0.006409726049777298,0.00019844031118604176,0.0004936663275042193,0.0005043824785480235,0.0005180956632692389,0.0009733514194605664,0.0014107509984215682,0.0015597068070830706,0.004517217819821898
2024-12-24 00:00:00+00:00,2635.5,0.0027737346642666694,4.1084588033193687e-05,0.00023952489921923544,0.0005347509155374127,0.0005544715817828172,0.0007148995231345858,0.0013557391089766726,0.0015883336329111744,0.004541707970845877
2024-12-26 00:00:00+00:00,2653.89990234375,0.006957302114627417,7.693603987754532e-06,4.877819202094822e-05,0.00024721850320698954,0.0005531606705689727,0.0005668738552901865,0.0012178737321788316,0.001586378446867098,0.0037067792729431285
2024-12-27 00:00:00+00:00,2631.89990234375,-0.00832423771228985,4.840405271419913e-05,5.609765670195366e-05,9.718224473514691e-05,0.0005908485722393672,0.0006105692384847701,0.001070533664195714,0.0015257426987605027,0.0037361349785851234
2024-12-30 00:00:00+00:00,2618.10009765625,-0.0052570805597964565,6.929293349070856e-05,0.00011769698620490769,0.0001253905901926618,0.0003649154894118981,0.0006708576567738796,0.0008402901133272482,0.0015772261766474238,0.0037472720466538694
2024-12-31 00:00:00+00:00,2641.0,0.00870873215932999,2.7636896012189826e-05,9.692982950289838e-05,0.0001453338822170971,0.00019411207423804619,0.0006877784017422649,0.0007122077375072842,0.0015087665951815247,0.0037471151588880556
2025-01-02 00:00:00+00:00,2669.0,0.010546237107391221,7.58420158229484e-05,0.00010347891183513823,0.00017277184532584638,0.00022886950202780088,0.00046839440124703567,0.0007833410838106171,0.0014390496302188773,0.0038217717267306074
2025-01-03 00:00:00+00:00,2654.699951171875,-0.005372234856195313,0.00011122311712531555,0.00018706513294826396,0.00021470202896045333,0.0003323990151653619,0.00038117720718630946,0.0008855596857343336,0.0013545286266468761,0.003638312547233946
2025-01-06 00:00:00+00:00,2647.39990234375,-0.00275364615626561,2.8860907350119872e-05,0.00014008402447543541,0.00021592604029838338,0.0003128558698012826,0.00036895352650323564,0.000903704442040649,0.0010838530496378217,0.0036280754144767235
2025-01-07 00:00:00+00:00,2665.39990234375,0.0067761141150661786,7.582567153916368e-06,3.644347450403624e-05,0.00014766659162935135,0.00025114550346449046,0.0003688424896693975,0.0006160609928763877,0.0009357163449595842,0.0035742406151211257
2025-01-08 00:00:00+00:00,2672.39990234375,0.0026228050016650073,4.59157225003991e-05,5.349828965431546e-05,8.23591970044349e-05,0.0002694243299526997,0.00036635415945559743,0.000463536404190745,0.0009769233979403677,0.003544274213396178
2025-01-09 00:00:00+00:00,2690.800048828125,0.006861656788979431,6.879106076758979e-06,5.279482857715808e-05,6.0377395731074e-05,0.00020046142020651033,0.00030394033204164786,0.0004293309222343103,0.0009747979888155277,0.003359382456960293
2025-01-10 00:00:00+00:00,2715.0,0.008953388070262136,4.7082333889747516e-05,5.396143996650649e-05,9.987716246690517e-05,0.00013632063697094227,0.0003233857699192056,0.00046871965213630333,0.0010111641716614708,0.0021703474158021414
2025-01-13 00:00:00+00:00,2678.60009765625,-0.01349764695707023,8.016315793671233e-05,0.00012724549182645983,0.0001341245979032184,0.0001876228875575347,0.00032770691203296953,0.0005004787573588165,0.0007961013132800054,0.002249368321930264
2025-01-14 00:00:00+00:00,2682.300048828125,0.0013803472022431151,0.00018218647337770727,0.0002623496313144196,0.0003094319652041667,0.0003622267937813256,0.0003986702682853612,0.0006133722972458153,0.0007798474754716709,0.0023815613527972913
2025-01-15 00:00:00+00:00,2717.800048828125,0.013148093839236097,1.9053583987403954e-06,0.00018409183177644768,0.0002642549897131596,0.00031821642967966697,0.00037171471933398174,0.0005876407596323657,0.0007406682458372177,0.0023417781738476
2025-01-16 00:00:00+00:00,2750.89990234375,0.012105347893661467,0.00017287237160535821,0.00017477773000409863,0.0003569642033818054,0.00048420969520826616,0.0005370045237854236,0.0006846711154147756,0.0009058470134548212,0.002514332012558841
2025-01-17 00:00:00+00:00,2748.699951171875,-0.000800040493059484,0.0001465394476265741,0.0003194118192319323,0.00032131717763067227,0.0005836668089450927,0.0006376282489115985,0.0007199874459160341,0.0010039824083671962,0.0026484136979803246
2025-01-21 00:00:00+00:00,2759.199951171875,0.00381271007310513,6.400647905348622e-07,0.00014717951241710898,0.00032005188402246674,0.0005041437157989153,0.0006313892076253745,0.0006917666033564491,0.0009353295396670225,0.0026394049727390292
2025-01-22 00:00:00+00:00,2770.89990234375,0.004231376987269719,1.4536758101557325e-05,1.5176822892092215e-05,0.00016171627051866585,0.0003364940005227654,0.0005988436318371843,0.0006987207943040902,0.0009222294017563901,0.0025449019300197912
2025-01-23 00:00:00+00:00,2765.0,-0.002131506956986051,1.7904551208395767e-05,3.244130930995312e-05,3.3081374100487524e-05,0.0003524931933324207,0.0005365850251088677,0.0006707096230120867,0.0008642919371418374,0.0025449970256244
2025-01-24 00:00:00+00:00,2778.89990234375,0.005014495829603227,4.5433219076799355e-06,2.244787311607573e-05,3.6984631217632596e-05,0.00018416414363474245,0.0003589418736388404,0.0006683738388430076,0.0007576121419242018,0.0024534438700539907
2025-01-27 00:00:00+00:00,2738.39990234375,-0.014681358231855235,2.5145168425108157e-05,2.9688490332788116e-05,4.759304154118343e-05,6.276986443327651e-05,0.00038218168366520815,0.0006464366733783683,0.0007538964029991901,0.0023330300576935034
2025-01-28 00:00:00+00:00,2767.5,0.010570613028608733,0.00021554227953206348,0.00024068744795717166,0.00024523076986485116,0.00027767207917480513,0.00042485159159191344,0.0007818157949737195,0.0009618561153773372,0.00235282821652825
2025-01-29 00:00:00+00:00,2769.800048828125,0.0008307474545796723,0.00011173785980059269,0.0003272801393326562,0.0003524253077577639,0.0003748731808738405,0.000390050003765932,0.0007113671813966048,0.0010276782526775308,0.0021650295919696688
2025-01-30 00:00:00+00:00,2823.0,0.019025016216117407,6.901413332906046e-07,0.00011242800113388333,0.0003279702806659463,0.0003576587709987353,0.00039010008030868776,0.0007101519643311551,0.0010214892879340624,0.0020100004614708048
2025-01-31 00:00:00+00:00,2812.5,-0.0037263817408135225,0.0003619512420235303,0.0003626413833568209,0.00047437924315741313,0.0007150666911145856,0.0007375145642306608,0.0008992308347493273,0.0013363581960678453,0.00236724303397472
2025-02-03 00:00:00+00:00,2857.10009765625,0.015733391035837485,1.3885920878268419e-05,0.0003758371629017988,0.00037652730423508887,0.0007038074435677459,0.0007334959339005333,0.0007665773080010216,0.0012700809590094012,0.0023721244396513893
2025-02-04 00:00:00+00:00,2875.800048828125,0.006523754824097949,0.0002475395934865713,0.0002614255143648398,0.0006233767563883696,0.0007358047575222538,0.0009764922054794247,0.001013476836697058,0.0013354340791182653,0.002608947882094156
2025-02-05 00:00:00+00:00,2893.0,0.005963112603524223,4.2559377004941267e-05,0.00029009897049151265,0.0003039848913697806,0.0006666262747266023,0.000993906414059258,0.001041499455600442,0.0013760880977244662,0.0023562812427809195
2025-02-06 00:00:00+00:00,2876.699951171875,-0.0056502391220494275,3.555871192230944e-05,7.811808892725076e-05,0.0003256576824138216,0.0007014948453156212,0.0008139228464495038,0.0010591536163143556,0.0012387744380414176,0.0021933996435171874
2025-02-07 00:00:00+00:00,2887.60009765625,0.0037819542300940867,3.1925202136337884e-05,6.748391405864738e-05,0.00011004329106358815,0.0003714688054284288,0.000734110188785249,0.0010865354965430135,0.0011241601925511813,0.002184240257620332
2025-02-10 00:00:00+00:00,2934.39990234375,0.016077228698163637,1.4303177798526556e-05,4.622837993486449e-05,8.178709185717345e-05,0.0003718860623486869,0.000747723225250485,0.001075693505916432,0.0011378233055591728,0.0021908498314311036
2025-02-11 00:00:00+00:00,2932.60009765625,-0.0006135349391369616,0.00025847728261305645,0.00027278046041158307,0.00030470566254792045,0.00038282375147517204,0.0006442492658400112,0.001118628508997425,0.0013817638300706722,0.0024009230613299608
2025-02-12 00:00:00+00:00,2928.699951171875,-0.0013308129689661996,3.764251215417951e-07,0.0002588537077345983,0.0002731568855331244,0.0003406407995917726,0.0006307397700832845,0.001007267074318374,0.0013642357039838182,0.002332006552960794
2025-02-13 00:00:00+00:00,2945.39990234375,0.0056859762623071575,1.771063158368631e-06,2.1474882799104805e-06,0.0002606247708929664,0.0003068531508278317,0.0003849712397550818,0.0010083479961434522,0.0013614634452345069,0.002306140720106973
2025-02-14 00:00:00+00:00,2900.699951171875,-0.015292527812157175,3.233032605552047e-05,3.410138921388916e-05,3.4477814335430463e-05,0.00030725827474701434,0.000374742188805661,0.0006787270801754423,0.0013686486028649193,0.002262629030339545
2025-02-18 00:00:00+00:00,2949.0,0.016514059490885913,0.0002338614068856007,0.00026619173294112125,0.0002679627960994894,0.0005268165038340884,0.0005730448837689523,0.0008987025661827745,0.0013869677302184565,0.0023852673200998303
2025-02-19 00:00:00+00:00,2936.10009765625,-0.004383926454861076,0.0002727141608685191,0.0005065755677541199,0.0005389058938096399,0.0005410533820895511,0.0008138338425011334,0.0009238771335647222,0.0015479440312863829,0.0026291205736182293
2025-02-20 00:00:00+00:00,2956.10009765625,0.006788661670298346,1.92188111616308e-05,0.00029193297203014996,0.0005257943789157501,0.0005598957681296401,0.0008187494758642377,0.0009005365677214118,0.001566472701114723,0.002640756817625944
2025-02-21 00:00:00+00:00,2953.199951171875,-0.000981553379674871,4.608592727377793e-05,6.530473843540878e-05,0.00033801889930392743,0.0006042106322450495,0.0006063581205249592,0.0009110637830728803,0.0012506073863649705,0.0026409270223993224
2025-02-24 00:00:00+00:00,2963.199951171875,0.003380437322647367,9.634470371511615e-07,4.704937431092914e-05,6.626818547255951e-05,0.0005728437532266801,0.0006069451424405686,0.0008801020279736936,0.0012376849125238533,0.0026350113633597147
2025-02-25 00:00:00+00:00,2918.800048828125,-0.015097159353385514,1.14273564923473e-05,1.2390803529498517e-05,5.8476730803276e-05,0.0003504097028334267,0.0006166014357745472,0.0008772262066675144,0.0010015726755296292,0.0025993563859623148
2025-02-26 00:00:00+00:00,2930.60009765625,0.004034623906577828,0.00022792422054151572,0.00023935157703386308,0.0002403150240710138,0.0003056197625064234,0.0008121953302605425,0.0008466731445959736,0.0011869375190662038,0.0027471174485671182
2025-02-27 00:00:00+00:00,2895.89990234375,-0.011911303726445333,1.627819006752933e-05,0.0002442024106090451,0.00025562976710139196,0.0003026791414123219,0.000594612113442471,0.0008625749095419611,0.0011676569972114237,0.00258120916525694
2025-02-28 00:00:00+00:00,2848.5,-0.0165033698799828,0.00014187915646363046,0.00015815734653115986,0.00038608156707267515,0.00039847237060217447,0.0004637771090375825,0.001002683002847223,0.001277610951538716,0.0027211829633218302
2025-03-03 00:00:00+00:00,2901.10009765625,0.01829746914075958,0.00027236121739552345,0.000414240373859154,0.00043051856392668287,0.0006698701409605468,0.0007169195152714751,0.0012427138941872259,0.0015356689911357132,0.0028206718091119956
2025-03-04 00:00:00+00:00,2920.60009765625,0.006699098982211105,0.0003347973769570492,0.0006071585943525726,0.0007490377508162028,0.0009932401614252487,0.0010056309649547463,0.0013436498642586743,0.001611989085479706,0.0030089297384424704
2025-03-05 00:00:00+00:00,2926.0,0.001847194536648722,4.487792717346186e-05,0.0003796753041305111,0.0006520365215260341,0.0008101938680571948,0.0010495454450910571,0.0011158136305636172,0.0016564905875316258,0.0030531676008253975
2025-03-06 00:00:00+00:00,2926.60009765625,0.00020507044675532882,3.4121276562248863e-06,4.82900548296868e-05,0.00038308743178673554,0.0007973278056458903,0.0010415302162549347,0.0011000069470582113,0.0016581316520294822,0.003042042970380065
2025-03-07 00:00:00+00:00,2914.10009765625,-0.00428031525894923,4.205388813243015e-08,3.4541815443573707e-06,4.8332108717818796e-05,0.0006554907030703923,0.0008136480496015513,0.0010539630736725659,0.0016258433798620941,0.003024180473059802
2025-03-10 00:00:00+00:00,2899.39990234375,-0.005057272432616777,1.8321098715993614e-05,1.83631526041261e-05,2.1775280260350552e-05,0.00040145058439086233,0.0008156909582500157,0.0010713207253514082,0.001410303071692487,0.0030379582498681157
2025-03-11 00:00:00+00:00,2920.89990234375,0.0073879691817611,2.5576004457705615e-05,4.389710317369928e-05,4.393915706183128e-05,9.222921189151878e-05,0.0006993878062440908,0.0010854693733167665,0.0011631649152816735,0.0030383890859007126
2025-03-12 00:00:00+00:00,2946.800048828125,0.008828097861519169,5.458208863065178e-05,8.015809308835746e-05,9.847919180435063e-05,0.00010193337334870871,0.00048160867747921917,0.0009121272414059025,0.0011985281927506944,0.0028774288949993013
2025-03-13 00:00:00+00:00,2991.300048828125,0.014988239447696117,7.793531185255931e-05,0.00013251740048321115,0.00015809340494091635,0.00017645655754504314,0.00022474661237472927,0.0009737843631909325,0.0012303775773294758,0.0028436263470512676
2025-03-14 00:00:00+00:00,3001.10009765625,0.0032708288250340445,0.000224647321741474,0.0003025826335940334,0.0003571647222246847,0.0004010618253983847,0.0004045160069427414,0.001056552528468776,0.0014540614520337988,0.003067583527459451
2025-03-17 00:00:00+00:00,3006.10009765625,0.0016646693940849389,1.0698321202673588e-05,0.00023534564294414766,0.0003132809547967065,0.00039343904788506466,0.0004118022004891901,0.0007948896322759263,0.001453332416744125,0.0027163306066385947
2025-03-18 00:00:00+00:00,3040.800048828125,0.011477064687342775,2.7711241916031173e-06,1.3469445394276732e-05,0.0002381167671357503,0.00037063416761896217,0.0004145312707926608,0.0004628633795104802,0.0012281793203942125,0.0027052158099519293
2025-03-19 00:00:00+00:00,3041.199951171875,0.0001315035660383046,0.0001317230138374505,0.00013449413802905366,0.00014519245923172683,0.00044777509282576094,0.0005279331859141177,0.0005497084661744689,0.0013436241441641336,0.0025893992303028085
2025-03-20 00:00:00+00:00,3043.800048828125,0.0008545925437939417,1.729318788079074e-08,0.00013174030702533133,0.00013451143121693401,0.00036985707416108235,0.0005023744746442929,0.0005463136317061247,0.001201762280888384,0.002546857146485748
2025-03-21 00:00:00+00:00,3021.39990234375,-0.007386483054428794,7.303284159082001e-07,7.476216037890179e-07,0.00013247063544123913,0.0001459400808355166,0.0004485227144295493,0.0005470019062339005,0.0009301313919087686,0.0025120287629793467
2025-03-24 00:00:00+00:00,3015.60009765625,-0.0019214200668660197,5.456013191336373e-05,5.5290460329271955e-05,5.530775351715234e-05,0.0001898018915462067,0.00042514753449035374,0.0005832409394312706,0.0006498941468650832,0.0025346636927563726
2025-03-25 00:00:00+00:00,3025.89990234375,0.0034096878809126707,3.69185507335542e-06,5.8251986986719176e-05,5.898231540262697e-05,0.00019072262242795902,0.00020419206782223512,0.0005613567900469204,0.0006087080747649768,0.002524052370031201
2025-03-26 00:00:00+00:00,3022.5,-0.0011242321131987865,1.1625971445242739e-05,1.5317826518598187e-05,6.98779584319615e-05,7.062558003575125e-05,0.00020511971806480426,0.0005184006728615114,0.0006169219185539946,0.0022772010588633877
2025-03-27 00:00:00+00:00,3061.0,0.012657356456463376,1.263897844347409e-06,1.2889869289590175e-05,1.6581724362945188e-05,7.187218469221788e-05,0.00020361249171754858,0.0004417292588532995,0.0006181437625102096,0.002278088531586193
2025-03-28 00:00:00+00:00,3086.5,0.008296102888538215,0.0001602086724659751,0.00016147257031032256,0.0001730985417555649,0.00023135052874228478,0.00023209815034607318,0.00037729060957780063,0.0007600313362601911,0.0024365261408937997
2025-03-31 00:00:00+00:00,3122.800048828125,0.011692288048193333,6.882532313721212e-05,0.00022903399560318726,0.00023029789344753427,0.0002456157199661332,0.0003009061802954045,0.00043541761151233915,0.0008032806549396976,0.0024730211379754914
2025-04-01 00:00:00+00:00,3146.0,0.007401753736079542,0.00013670959980192468,0.00020553492293913682,0.0003657435954051115,0.0003786334646947024,0.00043688545168142103,0.0005693560871226607,0.0008854081661109705,0.0023758693308918153
2025-04-02 00:00:00+00:00,3166.199951171875,0.006400310599772752,5.478595836956745e-05,0.00019149555817149215,0.0002603208813087039,0.0004217934516190271,0.0004371112781376247,0.0004924190316547777,0.0008622588126279787,0.002157941128392864
2025-04-03 00:00:00+00:00,3121.699951171875,-0.014154405649851043,4.096397577356344e-05,9.574993414313091e-05,0.00023245953394505518,0.00046149352954824314,0.0004743833988378327,0.0005333657142404602,0.0006785754666600681,0.0021796862930047963
2025-04-04 00:00:00+00:00,3035.39990234375,-0.028034530214648967,0.0002003471993005351,0.00024131117507409858,0.0002960971334436656,0.0005016320563828032,0.0006631046266931251,0.0007329825851250871,0.0008682243447579296,0.002333947565031554
2025-04-07 00:00:00+00:00,2973.60009765625,-0.020569806529368684,0.0007859348843560659,0.000986282083656601,0.001027246059430164,0.0012187416176016568,0.0014477756132048436,0.0014643573375677894,0.0016513881049223923,0.0031189190023504683
2025-04-08 00:00:00+00:00,2990.199951171875,0.0055668856263162425,0.00042311694065565853,0.0012090518250117244,0.001409399024312259,0.0015051489584553906,0.001710683881394527,0.0018837824231500923,0.0019427820317406003,0.0035306085865137796
2025-04-09 00:00:00+00:00,3079.39990234375,0.029394482632621788,3.099021557648638e-05,0.00045410715623214493,0.0012400420405882103,0.0014813532156623095,0.0016728487738338013,0.001903146667281336,0.001973754954129206,0.00333367458154875
2025-04-10 00:00:00+00:00,3177.5,0.03135998298054332,0.0008640356092395039,0.0008950258248159903,0.0013181427654716483,0.0023044248491282497,0.0024001747832713806,0.0027659183786764925,0.0028370602349528018,0.004181432000720724
2025-04-11 00:00:00+00:00,3244.60009765625,0.02089738201077651,0.0009834485325399668,0.0018474841417794707,0.0018784743573559567,0.003087526182367682,0.0033288373574417796,0.003589158238750484,0.0037659486355794045,0.0050230013767970615
2025-04-14 00:00:00+00:00,3226.300048828125,-0.005656121158205352,0.00043670057490432574,0.0014201491074442925,0.002284184716683796,0.0027382918729159417,0.003724573956572542,0.003957033490517598,0.004198957355410375,0.005187340734305863
2025-04-15 00:00:00+00:00,3240.39990234375,0.0043607639030582845,3.199170655629825e-05,0.000468692281460624,0.0014521408140005904,0.0023471666388165816,0.0035562184638283055,0.0038523155972719713,0.00421932309052143,0.004884535063905112
2025-04-16 00:00:00+00:00,3346.39990234375,0.03218836312627005,1.9016261818216124e-05,5.1007968374514373e-05,0.00048770854327883967,0.002335192685058311,0.0027892998412904556,0.00381654590072062,0.004237075454495299,0.004858673398549867
2025-04-17 00:00:00+00:00,3328.39990234375,-0.005393433259532898,0.0010360907207486213,0.0010551069825668375,0.0010870986891231352,0.0025072477965674285,0.003402273621383418,0.004811672645695678,0.005112957502777946,0.0058913519916422635
2025-04-21 00:00:00+00:00,3425.300048828125,0.028697394670475163,2.9089122325035662e-05,0.001065179843073657,0.0010841961048918727,0.0015528883863524976,0.0034003725281319674,0.004640414568720178,0.0050732213019657685,0.005920399060079166
2025-04-22 00:00:00+00:00,3419.39990234375,-0.0017240048469115976,0.0008235404608730163,0.000852629583198052,0.001888720303946673,0.001939728272321188,0.00335987737976548,0.004678020145237129,0.00576005216303686,0.00672561842223619
2025-04-23 00:00:00+00:00,3294.10009765625,-0.03733204935987011,2.972192712174681e-06,0.000826512653585191,0.0008556017759102263,0.0019107087584770645,0.0023794010399376883,0.004257875397293645,0.005708238397379468,0.006703014610490658
2025-04-24 00:00:00+00:00,3348.60009765625,0.016409358036080235,0.0013936819094077784,0.0013966541021199531,0.002220194562992969,0.0032853744060666267,0.0033363823744411406,0.005620567091124937,0.007060956331013684,0.008042114431267785
2025-04-25 00:00:00+00:00,3298.39990234375,-0.015104904400216057,0.000269267031156271,0.0016629489405640494,0.0016659211332762237,0.0025185507164742762,0.0035736576990411132,0.005025798513041704,0.007129876162869419,0.008233446150571496
2025-04-28 00:00:00+00:00,3347.699951171875,0.014836055488657962,0.0002281581369396664,0.0004974251680959374,0.0018911070775037154,0.0027176197310889074,0.0037827995741625637,0.004270508117441404,0.006572099415453019,0.008236956965769688
2025-04-29 00:00:00+00:00,3333.60009765625,-0.004220697871415879,0.00022010854246253805,0.0004482666794022044,0.000717533710558475,0.002114187812678429,0.0029668173958764805,0.004053916084999616,0.006369091017259899,0.008446367187029555
2025-04-30 00:00:00+00:00,3319.10009765625,-0.004359139157081415,1.7814290521774534e-05,0.00023792283298431258,0.00046608096992397855,0.0021290299104880285,0.002955542564073219,0.004039738668965093,0.006355915092205187,0.008461410353359724
2025-05-01 00:00:00+00:00,3222.199951171875,-0.02962935034246783,1.9002094190800472e-05,3.681638471257501e-05,0.00025692492717511263,0.0007543500952710509,0.0021510041973910035,0.004039724501337677,0.005510881577156483,0.008348689433713075
2025-05-02 00:00:00+00:00,3243.300048828125,0.006527004118684232,0.0008778984017166985,0.000896900495907499,0.0009147147864292731,0.0013629814658314785,0.003025930406395527,0.003881532182305754,0.005405331446333215,0.009226570542241892
2025-05-05 00:00:00+00:00,3322.300048828125,0.024065983814928416,4.2601782765320926e-05,0.0009205001844820195,0.0009395022786728196,0.001177425111657133,0.0016748502797530697,0.003895044842746039,0.00501123265419421,0.009268441996591305
2025-05-06 00:00:00+00:00,3422.800048828125,0.029801614972612356,0.0005791715769803965,0.0006217733597457174,0.0014996717614624154,0.0015364881461749915,0.001984754825577195,0.0036506759588534193,0.005558412524618309,0.009793053441658338
2025-05-07 00:00:00+00:00,3391.89990234375,-0.009068736255326115,0.000888136254975833,0.0014673078319562293,0.00150990961472155,0.00240681011062905,0.002644732943613362,0.004535840021117078,0.006427532517775925,0.010677497841560815
2025-05-08 00:00:00+00:00,3306.0,-0.025651208173155027,8.224197726866633e-05,0.0009703782322444993,0.0015495498092248955,0.0024700499937069156,0.00250686637841949,0.003224400088977966,0.00547368377429597,0.01074811384738424
2025-05-09 00:00:00+00:00,3344.0,0.011428695823623158,0.0006579844807425352,0.0007402264580112015,0.001628362712987034,0.0022501360727327523,0.003147036568640251,0.00361311753856423,0.006102579132713471,0.011404834430282427
2025-05-12 00:00:00+00:00,3228.0,-0.03530494481475266,0.00013061508822890142,0.0007885995689714367,0.0008708415462401025,0.0023381493781963326,0.0032586495626783516,0.003515574489853465,0.005409653760069355,0.011375240846045352
2025-05-13 00:00:00+00:00,3247.800048828125,0.0061151086753632455,0.0012464391283727306,0.001377054216601632,0.002035038697344167,0.003005416929588667,0.003627190289334384,0.004541905075763658,0.0066531206957299105,0.012552854651280872
2025-05-14 00:00:00+00:00,3188.300048828125,-0.018489984381890423,3.7394554111502824e-05,0.0012838336824842335,0.0014144487707131346,0.0021546752287243368,0.0036219830606805657,0.004561485339353385,0.005296833340433635,0.012453539605590449
2025-05-15 00:00:00+00:00,3226.60009765625,0.011941106814722602,0.0003418795224425518,0.00037927407655405463,0.0016257132049267847,0.0024143127738982225,0.003384691006142721,0.004884362767605137,0.0053694458317199165,0.012740633169663434
2025-05-16 00:00:00+00:00,3187.199951171875,-0.012286208427825684,0.00014259003196061455,0.00048446955440316635,0.0005218641085146687,0.0018989183251163018,0.0026391447831275025,0.004149054397849053,0.005283877726740865,0.012842259225850486
2025-05-19 00:00:00+00:00,3233.5,0.014422368816438436,0.0001509509175319749,0.00029354094949258944,0.0006354204719351407,0.0019192541544193753,0.0027078537233908113,0.004257403532615707,0.0052147201018103015,0.012792862944081924
2025-05-20 00:00:00+00:00,3284.60009765625,0.015679766748363022,0.0002080047222773758,0.0003589556398093507,0.0005015456717699648,0.0008808197483240205,0.002257873964925652,0.0038862366779126864,0.005404910533565902,0.012214932782003236
2025-05-21 00:00:00+00:00,3313.5,0.008760123893271299,0.0002458550852830707,0.0004538598075604465,0.0006048107250924209,0.0010892802794955883,0.0023731139619798214,0.0032439555082199242,0.0056317635246581725,0.012037670926630648
2025-05-22 00:00:00+00:00,3295.0,-0.005598864591675579,7.673977062546269e-05,0.0003225948559085334,0.0005305995781859087,0.0008241405276784993,0.001203414604232553,0.0032384533015767203,0.004830604893566937,0.012083420481679624
2025-05-23 00:00:00+00:00,3365.800048828125,0.02125952284950472,3.134728471591854e-05,0.00010808705534138123,0.00035394214062445153,0.0007128977804338033,0.0011973673348369687,0.0026118161055501037,0.0048193503955175345,0.01125073215715604
2025-05-27 00:00:00+00:00,3300.39990234375,-0.019622047145139376,0.00045196731178861327,0.0004833145965045318,0.0005600543671299941,0.0010139141746904417,0.0013074551241830303,0.0029331683291098157,0.004692146130325751,0.010719250936404686
2025-05-28 00:00:00+00:00,3294.89990234375,-0.0016678548171711327,0.00038502473416607237,0.0008369920459546856,0.0008683393306706038,0.0011909341865791383,0.001549889826388488,0.0020717539349031575,0.004189034609515991,0.01066757509566643
2025-05-29 00:00:00+00:00,3317.10009765625,0.006715147832913715,2.7817396911609524e-06,0.0003878064738572333,0.0008397737856458462,0.0009478608409872286,0.001401720648547674,0.0020371411204828157,0.004109574371938486,0.010638365128801293
2025-05-30 00:00:00+00:00,3288.89990234375,-0.008537804000789961,4.509321041788576e-05,4.787495010904672e-05,0.00043289968427511865,0.0009162142807796515,0.0012388091366881842,0.0017403548084581498,0.003496683101613836,0.010664442077400964
2025-06-02 00:00:00+00:00,3397.199951171875,0.03239841587688019,7.289409715590508e-05,0.00011798730757379084,0.00012076904726495136,0.0009577610932196381,0.0010658481485610184,0.0016706588736534402,0.0034389621105408398,0.009701245453808247
2025-06-03 00:00:00+00:00,3377.10009765625,-0.005934166586744283,0.0010496573513312825,0.0011225514484871876,0.0011676446589050729,0.0015554511327623072,0.0020387657292668384,0.002569365307452748,0.0032421803334993916,0.010721813682814494
2025-06-04 00:00:00+00:00,3399.199951171875,0.006522713489948373,3.521433307923229e-05,0.0010848716844105149,0.0011577657815664195,0.0012056407316754674,0.002042632777630152,0.002396574918254604,0.003240000112467121,0.009933487555020711
2025-06-05 00:00:00+00:00,3375.10009765625,-0.007115113004370954,4.254579127195448e-05,7.776012435118678e-05,0.0011274174756824688,0.0012454047832562607,0.0016332112571134931,0.0021932656242434883,0.002940666381296524,0.00997306115358049
2025-06-06 00:00:00+00:00,3346.60009765625,-0.008480048190429912,5.062483306496867e-05,9.317062433692315e-05,0.000128384957416155,0.0012509364059033437,0.0012988113560123895,0.002167150686682994,0.0028487011824008777,0.00863000407723768
2025-06-09 00:00:00+00:00,3354.89990234375,0.00247700035250098,7.191121731201362e-05,0.00012253605037698228,0.00016508184164893634,0.0012499535260594521,0.001367940833633242,0.002207714619279089,0.0027696614821809164,0.008432648263393423
2025-06-10 00:00:00+00:00,3343.39990234375,-0.0034337105338444474,6.135530746289979e-06,7.80467480583036e-05,0.00012867158112327183,0.0002064317054744597,0.0013289831539616463,0.0017618828382367658,0.002567792290649831,0.008210625657200047
2025-06-11 00:00:00+00:00,3343.699951171875,8.973959860014702e-05,1.179036803023432e-05,1.7925898776524297e-05,8.983711608853749e-05,0.00018300774042546172,0.0012678794248359756,0.0013886484721009277,0.0023337275733969942,0.008002307482767743
2025-06-12 00:00:00+00:00,3402.39990234375,0.01740307257879259,8.05319555691551e-09,1.1798421225791236e-05,1.793395197208078e-05,0.00014047000234906416,0.00021823012670025007,0.001385874785605324,0.002256995855967089,0.007984501245441526
2025-06-13 00:00:00+00:00,3452.800048828125,0.01470447396816077,0.00030286693518272254,0.00030287498837827946,0.0003146653564085133,0.00039271210446681804,0.0004858827288037403,0.0016436485103701606,0.0025285155064338925,0.008268366086433446
2025-06-16 00:00:00+00:00,3417.300048828125,-0.010334730342933085,0.00021622155468031774,0.0005190884898630403,0.0005190965430585967,0.0005370224418351222,0.0006595584922121035,0.001786975967894573,0.0022927697493255973,0.007606689239397066
2025-06-17 00:00:00+00:00,3406.89990234375,-0.0030480216320185605,0.0001068066512611418,0.0003230282059414595,0.0006258951411241817,0.0006376935623499739,0.0007157403104082767,0.0008441252678244324,0.0020145516664206663,0.007670894107892887
2025-06-18 00:00:00+00:00,3408.10009765625,0.0003522216654161525,9.290435869253089e-06,0.00011609708713039488,0.0003323186418107122,0.0006351936301889928,0.0006531195289655162,0.0008182013706144531,0.0020210603625987586,0.0071010129667817435
2025-06-20 00:00:00+00:00,3385.699951171875,-0.006594314668028289,1.2406010158852808e-07,9.414495970841618e-06,0.00011622114723198298,0.0006353096370950244,0.0006471080583208147,0.0007757796394440872,0.0019760912122824613,0.0062130007719074995
2025-06-23 00:00:00+00:00,3395.0,0.0027430957649414722,4.348498594097305e-05,4.360904604256158e-05,5.289948191181423e-05,0.00037592768785327485,0.0006788026762315534,0.0007686397923200916,0.0019466821010675293,0.006174243780579807
2025-06-24 00:00:00+00:00,3333.89990234375,-0.01816100042498192,7.524574375639841e-06,5.100956031661289e-05,5.1133620418200985e-05,0.00016723070754859695,0.0006863191974116363,0.0007042531493837177,0.0009045493241118866,0.00552378387421291
2025-06-25 00:00:00+00:00,3343.10009765625,0.002755788867748521,0.0003298219364361935,0.00033734651081183335,0.000380831496752806,0.0003902459927236487,0.0007132741986651073,0.0010279395550736215,0.0011991569274688479,0.0057229907224202025
2025-06-26 00:00:00+00:00,3348.0,0.0014646031738028142,7.594372283606675e-06,0.00033741630871980015,0.0003449408830954396,0.0003885499291380023,0.0005046470162683962,0.0010237435593269937,0.0011642055084804999,0.004484145966331079
2025-06-27 00:00:00+00:00,3287.60009765625,-0.018205307630601908,2.1450624567132765e-06,9.739434740319952e-06,0.000339561371176513,0.000390570931493127,0.00039998542746396776,0.00102588056858815,0.0011157257378722446,0.0044488964746762895
2025-06-30 00:00:00+00:00,3307.699951171875,0.006095224052133474,0.0003314332259248521,0.00033357828838156533,0.0003411726606651716,0.000678519171477006,0.0007221282175195668,0.0010544468593302796,0.001375247746485083,0.0044384501781585895
2025-07-01 00:00:00+00:00,3349.800048828125,0.012647588089903294,3.7151756245706415e-05,0.0003685849821705585,0.00037073004462727133,0.0007081463533470726,0.0007591559136636846,0.0008753770608956683,0.0014062639719844994,0.004333011902443681
2025-07-02 00:00:00+00:00,3359.699951171875,0.0029510126024803185,0.00015996148449186367,0.00019711324073757008,0.0005285464666624218,0.0005382859014027427,0.0008756324122145753,0.0009285318941263901,0.0015544350884461287,0.004342022469403571
2025-07-03 00:00:00+00:00,3342.89990234375,-0.005013005215197097,8.708475379997662e-06,0.00016866995987186134,0.0002058217161175673,0.0005394000044991337,0.0008768163132189331,0.0009279499336371347,0.0015631355106305697,0.004142726222506192
2025-07-04 00:00:00+00:00,3346.5,0.001076359032612828,2.5130221287593296e-05,3.3838696667590956e-05,0.00019380018115945419,0.0005623851633300138,0.0005721245980703329,0.0009529560948231395,0.0012853987967354403,0.003922001358510715
2025-07-07 00:00:00+00:00,3342.800048828125,-0.0011062298064619114,1.158548767087223e-06,2.628877005468052e-05,3.4997245434677746e-05,0.00023211048617224891,0.0005656887745538134,0.0009106296576492537,0.0010703357908222098,0.0038464201366523393
2025-07-08 00:00:00+00:00,3316.89990234375,-0.007778211407504898,1.223744384704758e-06,2.382293151791981e-06,2.7512514439384843e-05,0.00019618247431124725,0.0005647674564818049,0.0009043288276583186,0.0009647528839457728,0.0038162965963211256
2025-07-09 00:00:00+00:00,3321.0,0.0012353600500176753,6.050057269983933e-05,6.172431708454408e-05,6.288286585163087e-05,9.672156251922292e-05,0.0002938348032567921,0.0006350074639219644,0.001015963020776359,0.0034248298572323514
2025-07-10 00:00:00+00:00,3325.699951171875,0.0014142211893819479,1.5261144531796734e-06,6.202668715301901e-05,6.325043153772333e-05,8.953920159240493e-05,0.0002582091614642654,0.0006289392060915373,0.0010173650751279502,0.003041331237519459
2025-07-11 00:00:00+00:00,3364.0,0.011450578526709165,2.0000215724968914e-06,3.5261360256765647e-06,6.402670872551546e-05,6.640900187730854e-05,0.00010024769854489862,0.000628794165207321,0.0009758801107594741,0.0030405495194007945
2025-07-14 00:00:00+00:00,3359.10009765625,-0.0014576320864296832,0.00013111574859633304,0.00013311577016882994,0.00013464188462200918,0.00019636620170655436,0.000222654971761234,0.00042847668787880194,0.0010994712849801674,0.003126572057579242
2025-07-15 00:00:00+00:00,3336.699951171875,-0.0066908300388188735,2.1246912993893515e-06,0.0001332404398957224,0.00013524046146821888,0.00019726714862123895,0.0001996494417730301,0.00039344962293248487,0.0007717740398433631,0.0030558026517227264
2025-07-16 00:00:00+00:00,3359.10009765625,0.0066908300388188735,4.476720660836097e-05,4.689189790775032e-05,0.00017800764650408293,0.00018153378252976058,0.0002432580996143038,0.00027825534504898216,0.0008089468741681174,0.0020509125069998043
2025-07-17 00:00:00+00:00,3345.300048828125,-0.004116719770944854,4.476720660836097e-05,8.953441321672193e-05,9.165910451611085e-05,0.0002247748746849419,0.00028680156183796005,0.0003143140762773455,0.0008515690183197651,0.002060465380528933
2025-07-18 00:00:00+00:00,3358.300048828125,0.003878517843276086,1.6947381672488254e-05,6.171458828084922e-05,0.00010648179488920975,0.00023972223478493324,0.00024324837081060897,0.00030613123666224044,0.0005370831740674013,0.0020348669709294672
2025-07-21 00:00:00+00:00,3406.39990234375,0.014221078392012032,1.504290066061098e-05,3.199028233309923e-05,7.675748894145977e-05,0.00012364938684921117,0.0002567651570180402,0.00032001558855576423,0.0005149743184823058,0.0019992850385251097
2025-07-22 00:00:00+00:00,3443.699951171875,0.010890474089837454,0.00020223907063175153,0.0002172819712923625,0.00023422935296485035,0.00032376376618157334,0.0004570042060772949,0.000521030914802811,0.0005572519046221937,0.0021296128918448474
2025-07-23 00:00:00+00:00,3397.60009765625,-0.013477131818813604,0.00011860242590142093,0.0003208414965331725,0.000335884397193783,0.0003975989854746333,0.0004444908833823828,0.0005791327680043926,0.0006671458551436169,0.002242079786999978
2025-07-24 00:00:00+00:00,3373.5,-0.007118547674295428,0.00018163308206167806,0.000300235507963099,0.0005024745785948501,0.0005344648609279504,0.0006239992741446715,0.000759239735612891,0.0008236487159177018,0.002411922501031422
2025-07-25 00:00:00+00:00,3335.60009765625,-0.011298178577684226,5.0673720991216844e-05,0.00023230680305289487,0.00035090922895431546,0.000568191200246679,0.0006299057885275274,0.0008079134350316108,0.0008731638881418314,0.002462588168827082
2025-07-28 00:00:00+00:00,3310.0,-0.00770441311868808,0.00012764883917324276,0.0001783225601644596,0.00035995564222613725,0.0006807971387593107,0.0007127874210924091,0.0008044465256085206,0.0009995889829303693,0.002287370072817602
2025-07-29 00:00:00+00:00,3324.0,0.004220687604231443,5.9357981503412997e-05,0.00018700682067665576,0.00023768054166787222,0.0005379160496309722,0.0007551980209233339,0.0008616798158125442,0.0009984463917339429,0.002130506499640697
2025-07-30 00:00:00+00:00,3295.800048828125,-0.008519931583451879,1.781420385251296e-05,7.717218535592596e-05,0.00020482102452916832,0.00043712782758206423,0.000757969324115236,0.0008347268130566962,0.0010147344811332764,0.002041514052232069
2025-07-31 00:00:00+00:00,3293.199951171875,-0.0007892237945714697,7.258923418670084e-05,9.040343803921381e-05,0.00014976141954262643,0.00032808397970708706,0.0006283194876701852,0.0008625488406350361,0.00108532369374748,0.0021048128505495164
2025-08-01 00:00:00+00:00,3399.800048828125,0.03185689910941214,6.228741979177894e-07,7.321210838461864e-05,9.10263122371312e-05,0.00027803313291378795,0.000510339935966682,0.0008462243331604657,0.000954830819349065,0.0021053116646458456
2025-08-04 00:00:00+00:00,3426.39990234375,0.007793498093308315,0.001014862020867264,0.0010154848950651818,0.0010880741292518823,0.0011652463146078092,0.001343568874772268,0.0018460434533671187,0.00196756814891694,0.0030766886995721365
2025-08-05 00:00:00+00:00,3434.699951171875,0.0024194525817140544,6.0738612530400344e-05,0.0010756006333976643,0.0010762235075955815,0.0011666269456347966,0.0013536337663114515,0.0017045429952657674,0.001983539554838979,0.003129902737726897
2025-08-06 00:00:00+00:00,3433.39990234375,-0.00037857598793777925,5.853750795162803e-06,6.659236332556315e-05,0.0010814543841928266,0.0011546664925774462,0.0012318386779333714,0.0015917943201595093,0.0019446260990257807,0.0028059345520858666
2025-08-07 00:00:00+00:00,3453.699951171875,0.00589511058336889,1.4331977864306556e-07,5.9970705738058684e-06,6.673568310420577e-05,0.0010822205781693887,0.0011726240162086017,0.0014103045578764744,0.0019278220371319356,0.0027984834995809027
2025-08-08 00:00:00+00:00,3491.300048828125,0.010828067683391396,3.4752328790147894e-05,3.489564856879096e-05,4.074939936395333e-05,0.0011163500327616186,0.0011895621411462363,0.0013943831656754054,0.0019475314652614725,0.0028310907659143372
2025-08-11 00:00:00+00:00,3404.699951171875,-0.025117358026758296,0.0001172470497561051,0.00015199937854625298,0.00015214269832489563,0.00021873506165045987,0.0012342199567156407,0.0013839813762582679,0.0018625394443858262,0.0026169045897455902
2025-08-12 00:00:00+00:00,3399.0,-0.0016755449376990583,0.0006308816742443594,0.0007481287240004644,0.000782881052790612,0.000788878123364419,0.0018644787567620824,0.001955505068999214,0.0023748186927287644,0.0032106345077442433
2025-08-13 00:00:00+00:00,3408.300048828125,0.002732376874092779,2.8074508382489413e-06,0.0006336891250826083,0.0007509361748387131,0.0007858318234075051,0.0008524241867330673,0.00194049831598495,0.0021959930615053354,0.0030534804740906286
2025-08-14 00:00:00+00:00,3383.199951171875,-0.007391654844456141,7.465883382077026e-06,1.0273334220325967e-05,0.0006411550084646849,0.000793154387010939,0.000799151457584744,0.0018753749651803263,0.002152785223896196,0.003052237882092708
2025-08-15 00:00:00+00:00,3382.60009765625,-0.0001773193156378028,5.463656133957194e-05,6.210244472164896e-05,6.490989555989748e-05,0.0008130386195603631,0.000847934268129153,0.0019293886523219805,0.002079772946062525,0.0030817442221446867
2025-08-18 00:00:00+00:00,3378.0,-0.00136085504236938,3.144213969825873e-08,5.46680034792702e-05,6.21338868613468e-05,0.0006958230119439562,0.0008478223904902083,0.0009145580735944147,0.00202044640669881,0.003080617115517298
2025-08-19 00:00:00+00:00,3358.699951171875,-0.005729838577163804,1.8519264463421668e-06,1.8833685860404255e-06,5.651992992561194e-05,6.679326414593899e-05,0.0008149219881464025,0.0008556713875103565,0.0020044841292926395,0.0030812452975789353
2025-08-20 00:00:00+00:00,3388.5,0.008833365785585912,3.2831050120354527e-05,3.4682976566696694e-05,3.471441870639452e-05,9.681686342804459e-05,0.000730505988510652,0.0008826486868355483,0.001964725945226293,0.0030535757749994502
2025-08-21 00:00:00+00:00,3381.60009765625,-0.002038346444876993,7.802835110195981e-05,0.00011085940122231434,0.00011271132766865607,0.00016737933114792736,0.00017765266536825245,0.000960533718158865,0.0020421314221303346,0.0031300780116482302
2025-08-22 00:00:00+00:00,3418.5,0.010852859222557854,4.154856229342676e-06,8.218320733130249e-05,0.00011501425745165659,0.00011689762603769808,0.00017900007075934618,0.0009299362455980598,0.0010314242574924136,0.003132232846305076
2025-08-25 00:00:00+00:00,3417.5,-0.00029256875574290575,0.00011778455330465906,0.00012193940953400172,0.00019996776063596112,0.00023465073720265887,0.0002893187406819282,0.0009304737491466138,0.0010884701982666724,0.0031189016510134024
2025-08-26 00:00:00+00:00,3433.0,0.004525224859586174,8.559647683695205e-08,0.000117870149781496,0.00012202500601083826,0.00023288440723315365,0.00023476777581919324,0.00029967767137909136,0.0010827020439483465,0.00311686255619085
2025-08-27 00:00:00+00:00,3448.60009765625,0.0045338654259907685,2.047766002981671e-05,2.0563256506653648e-05,0.00013834780981131228,0.00022053101714261585,0.0002552139937093117,0.0003173478805706591,0.0011030363841995202,0.0030925730096123052
2025-08-28 00:00:00+00:00,3474.300048828125,0.007424654028849176,2.0555935700994452e-05,4.103359573081115e-05,4.1119192207647676e-05,0.00016305860174165048,0.000273918002963964,0.0003304379328895765,0.0010888399911103668,0.003068361738704939
2025-08-29 00:00:00+00:00,3516.10009765625,0.01195941467280548,5.51254874481063e-05,7.568142314910074e-05,9.615908317891703e-05,0.0002140292329604141,0.00029621244029171575,0.00033092685899811086,0.001026718428802368,0.0031065398444805573
2025-09-02 00:00:00+00:00,3592.199951171875,0.021412365981205994,0.000143027599316115,0.00019815308676422128,0.00021870902246521533,0.00023927227897187005,0.0003612116885058709,0.00047392301617452766,0.0005388643538741236,0.003234524543136061
2025-09-03 00:00:00+00:00,3635.5,0.011981838523569266,0.00045848941691310774,0.0006015170162292227,0.0006566425036773286,0.0006976760994081408,0.000815546249189636,0.0009305605066412931,0.0009945463199489825,0.003490774889417417
2025-09-04 00:00:00+00:00,3606.699951171875,-0.007953439794452066,0.00014356445440488852,0.0006020538713179962,0.0007450814706341108,0.0008207628937832126,0.0008413261502898655,0.0010412939109258272,0.0011306448909717938,0.003515736917920885
2025-09-05 00:00:00+00:00,3653.300048828125,0.012837668774505318,6.325720456397373e-05,0.00020682165896886227,0.0006653110758819696,0.000863464162646192,0.0009044977583770022,0.0010265227643878412,0.0011392655341961957,0.0033973610404231806
2025-09-08 00:00:00+00:00,3677.39990234375,0.006575072093788492,0.00016480573956390886,0.00022806294412788258,0.00037162739853277067,0.0009731444147619945,0.0010488258379110944,0.001187173647722407,0.0013040398316204063,0.0035114930589958725
2025-09-09 00:00:00+00:00,3682.199951171875,0.0013044321985677954,4.323157303851619e-05,0.000208037312602425,0.00027129451716639835,0.0008733483884843957,0.0010715014752486162,0.0011126206674562644,0.0013454194782125803,0.003427075792861146
2025-09-10 00:00:00+00:00,3682.0,-5.4303569498870274e-05,1.7015433606604122e-06,4.49331163991766e-05,0.00020973885596308503,0.00041656051493194833,0.0010180775311611702,0.001114236614340088,0.0013142899714528862,0.0033694193547183933
2025-09-11 00:00:00+00:00,3673.60009765625,-0.002283948524574697,2.948877660318634e-09,1.7044922383207309e-06,4.493606527683646e-05,0.0002729990094047201,0.0008750528807227154,0.0010937619031879315,0.0012362645692285867,0.0033516080997435405
2025-09-12 00:00:00+00:00,3686.39990234375,0.003478211302116563,5.216420862906936e-06,5.219369740567255e-06,6.9209131012272065e-06,0.00021495822570365334,0.0004217798846725147,0.0010784223883498441,0.001237326133862151,0.003284235286419747
2025-09-15 00:00:00+00:00,3719.0,0.008804469354505073,1.2097953862171396e-05,1.7314374725078333e-05,1.731732360273819e-05,6.22504400019159e-05,0.0002903133841297976,0.001035394854763909,0.0011316395344196633,0.0032957103660840002
2025-09-16 00:00:00+00:00,3725.10009765625,0.0016389083815759875,7.751868061441899e-05,8.961663447659038e-05,9.483305533949687e-05,9.65375475778187e-05,0.00030457486018024285,0.0009698859360622131,0.0012090726185572454,0.002358367025831156
2025-09-17 00:00:00+00:00,3717.800048828125,-0.001961614699995451,2.6860206832000225e-06,8.020470129761901e-05,9.230265515978994e-05,9.752202490035831e-05,0.00014245514129953405,0.0005140825398323053,0.0011912809792106287,0.0023003144339839555
2025-09-18 00:00:00+00:00,3678.300048828125,-0.010681406425554485,3.847932231238243e-06,6.5339529144382656e-06,8.405263352885679e-05,0.00010136700825393624,0.00010307150049225611,0.0003743660176586551,0.0011745729757408722,0.0022983086154200302
2025-09-19 00:00:00+00:00,3705.800048828125,0.0074484708433537605,0.00011409244322787663,0.00011794037545911487,0.00012062639614231443,0.00021024303061890594,0.00021546240035947233,0.00042520125632255796,0.0012335399315206428,0.002412257738869264
2025-09-22 00:00:00+00:00,3775.10009765625,0.018527725242565296,5.5479717904291084e-05,0.00016957216113216772,0.0001734200933634055,0.0002536247946610256,0.0002709391693861031,0.0003158752346629402,0.0011459920501088188,0.002432985127983407
2025-09-23 00:00:00+00:00,3815.699951171875,0.010697223061898242,0.00034327660266399125,0.0003987563205682823,0.0005128487637961585,0.0005193827167105979,0.0006089993511871874,0.0006159202642884153,0.0010307792358597023,0.0026590146808912933
2025-09-24 00:00:00+00:00,3768.10009765625,-0.012553199790112046,0.00011443058123600761,0.00045770718389999887,0.0005131869018042894,0.0006311272772634054,0.0007113319785610236,0.0007286493021637625,0.0010016453626908214,0.0021425635878829417
2025-09-25 00:00:00+00:00,3771.10009765625,0.0007958404288572751,0.00015758282497046913,0.00027201340620647675,0.0006152900088704676,0.0007848621700026363,0.0007913961229170736,0.0008862291782565714,0.0010959709830973168,0.002297338962015162
2025-09-26 00:00:00+00:00,3809.0,0.009999925510946639,6.333619882037316e-07,0.00015821618695867286,0.00027264676819468005,0.0006714030887629634,0.0007893434642220775,0.0008816461193818681,0.0009317986055216117,0.0022905064406212885
2025-09-29 00:00:00+00:00,3855.199951171875,0.012056186181995443,9.99985102244814e-05,0.00010063187221268513,0.0002582146971831538,0.0007159218810831537,0.0008854940422153207,0.0009695466757441781,0.0009885655427075769,0.002335868389506198
2025-09-30 00:00:00+00:00,3873.199951171875,0.004658152470113919,0.00014535162525493786,0.00024535013547941927,0.00024598349746762256,0.0005179969036741003,0.0009167532242423818,0.001037379620384697,0.0011322156246018544,0.0024811885726214377
2025-10-01 00:00:00+00:00,3897.5,0.006254295801216614,2.1698384434828404e-05,0.00016705000968976626,0.0002670485199142472,0.00042526470687292116,0.0008829718907729192,0.0010563919841363254,0.0011539110601590226,0.002501035030609924
2025-10-02 00:00:00+00:00,3868.10009765625,-0.007571866292281015,3.911621596911576e-05,6.0814600403944136e-05,0.0002061662256588816,0.0003067980978715678,0.0005788115040780437,0.0010916602678742028,0.0011878108552652313,0.002507320196458685
2025-10-03 00:00:00+00:00,3908.89990234375,0.010492523852748903,5.733315914818145e-05,9.644937511729718e-05,0.00011814775955212518,0.0003634978950315455,0.0005217140819902175,0.0010349009837945077,0.0012330460605512413,0.002486625004504907
2025-10-06 00:00:00+00:00,3976.300048828125,0.017095771433739415,0.00011009305680050468,0.0001674262159486861,0.00020654243191780145,0.00037359244160756883,0.000474224313820253,0.0010895143226907211,0.0012656204367373271,0.002592563205076069
2025-10-07 00:00:00+00:00,4004.39990234375,0.007041981231953542,0.0002922654009146606,0.00040235845771516526,0.00045969161686334635,0.0005205062172672916,0.00076585635274671,0.0010385031209413907,0.0015551998169687877,0.0027670440526860705
2025-10-08 00:00:00+00:00,4070.5,0.016372109855939954,4.958949967118593e-05,0.0003418549005858465,0.0004519479573863508,0.0005483973325036491,0.0007154473421934145,0.000973662039376569,0.0016009413844087354,0.002816547955880419
2025-10-09 00:00:00+00:00,3972.60009765625,-0.02434502527272464,0.00026804598113496614,0.00031763548080615203,0.0006099008817208123,0.0007773270976694994,0.0008381416980734427,0.001084125195541066,0.0017548949223158247,0.003064116276985569
2025-10-10 00:00:00+00:00,4000.39990234375,0.006973514949432769,0.0005926802555296014,0.0008607262366645675,0.0009103157363357532,0.0013126741940509196,0.0014091235691682156,0.0016761720890824637,0.002292095459941135,0.0036362405968141756
2025-10-13 00:00:00+00:00,4133.0,0.03260920382099286,4.862991074996231e-05,0.0006413101662795637,0.0009093561474145296,0.001251211048000377,0.0014186372639490622,0.0016248034896079444,0.001997448768027106,0.0036297450201160314
2025-10-14 00:00:00+00:00,4163.39990234375,0.007328489165935537,0.0010633601738390553,0.0011119900845890176,0.0017046703401186187,0.002022305820924772,0.0024246642786399358,0.0025428120381920617,0.0029463783606301537,0.004550077594638972
2025-10-15 00:00:00+00:00,4201.60009765625,0.00913340367344162,5.370675345523454e-05,0.0011170669272942899,0.001165696838044252,0.00202642307470882,0.0023682779752946656,0.002574820407212468,0.0028425022891149193,0.004145294931181099
2025-10-16 00:00:00+00:00,4304.60009765625,0.024218812665456113,8.341906266203688e-05,0.0001371258161172714,0.0012004859899563266,0.0018417961562358911,0.002159431637042042,0.002619123253905389,0.002925287989788752,0.004085149539438247
2025-10-17 00:00:00+00:00,4213.2998046875,-0.021438098763709945,0.0005865508869244574,0.0006699699495864943,0.0007236767030417286,0.0018356667876307472,0.0026963930242953136,0.003148340981681665,0.0034118403664887284,0.004608443221798731
2025-10-20 00:00:00+00:00,4359.39990234375,0.034088268540250155,0.0004595920786025819,0.0010461429655270393,0.0011295620281890758,0.0022466289554833666,0.002887939121762929,0.0034978400034837423,0.0037260808198363725,0.004903229560837404
2025-10-21 00:00:00+00:00,4109.10009765625,-0.05913036061837218,0.0011620100520722085,0.0016216021306747904,0.0022081530175992476,0.00234527883371652,0.0034572689183055365,0.00436758465464129,0.004866392487473753,0.006022008039871097
2025-10-22 00:00:00+00:00,4065.39990234375,-0.010691935071186265,0.0034963995468587396,0.004658409598930948,0.00511800167753353,0.0057879716271200254,0.0069050385544143136,0.007814394701828844,0.008323675818363376,0.009516706043369176
2025-10-23 00:00:00+00:00,4145.60009765625,0.019535439260899068,0.00011431747556646283,0.0036107170224252026,0.004772727074497411,0.005818870040024451,0.005955995856141721,0.0076606661962603404,0.008380660134781658,0.009631020570057977
2025-10-24 00:00:00+00:00,4137.7998046875,-0.0018833559568207647,0.00038163338711627673,0.0004959508626827396,0.003992350409541479,0.00561395254021627,0.006283922489802763,0.007449619327847015,0.00865220046509743,0.010007437536311349
2025-10-27 00:00:00+00:00,4019.699951171875,-0.02895693759215945,3.547029660092258e-06,0.000385180416776369,0.0004994978923428318,0.005157907491273781,0.0062040504568008185,0.007404536446757146,0.00836348209384286,0.009998886612109268
2025-10-28 00:00:00+00:00,3983.10009765625,-0.009146825727851748,0.0008385042347162171,0.0008420512643763094,0.001223684651492586,0.00483440167391779,0.006456003804592578,0.007179680507634308,0.009152396828887892,0.010759872166211068
2025-10-29 00:00:00+00:00,4000.699951171875,0.0044088984988039925,8.366442089569067e-05,0.0009221686556119079,0.0009257156852720001,0.0014216665479547404,0.006080076146885687,0.007209638175074764,0.008968015268648617,0.010840850566423558
2025-10-30 00:00:00+00:00,4015.89990234375,0.0037921237593181445,1.94383859727561e-05,0.00010310280686844688,0.0009416070415846638,0.0013267874583610337,0.004937504480786235,0.007145657498385484,0.008394773399091773,0.010856441020165074
2025-10-31 00:00:00+00:00,3996.5,-0.004842479279663081,1.4380202605985177e-05,3.381858857874138e-05,0.00011748300947443195,0.0009595342738507421,0.0014554851365334803,0.006573486814067011,0.008360523690947794,0.010756728779543184
2025-11-03 00:00:00+00:00,4014.0,0.004369272290210446,2.3449605573966273e-05,3.782980817995156e-05,5.726819415270755e-05,0.000979436849764616,0.0013646172665409838,0.006137344341038396,0.007320613122682705,0.01072469866721286
2025-11-04 00:00:00+00:00,3960.5,-0.013417970451950367,1.909054034600084e-05,4.254014591996722e-05,5.6920348525952284e-05,0.00016002315539439993,0.0010020744197707077,0.004994424829312188,0.007285996909573472,0.01040051260489487
2025-11-05 00:00:00+00:00,3992.89990234375,0.008147479561113613,0.00018004193104941314,0.00019913247139541408,0.00022258207696938026,0.0002564006655481224,0.0011785693211600289,0.001678067213502861,0.0073826197779608485,0.010466123954708275
2025-11-06 00:00:00+00:00,3991.0,-0.0004759334167143692,6.638142319876408e-05,0.0002464233542481773,0.000265513894594178,0.00030334370277413037,0.00040644650964257584,0.0016301311611351624,0.006862450314235155,0.01037492255293657
2025-11-07 00:00:00+00:00,4009.800048828125,0.0046995508735427904,2.2651261714541337e-07,6.66079358159096e-05,0.0002466498668653226,0.0002891900127852906,0.0003230086013640306,0.001248724286636031,0.006403084748249718,0.01037451570356551
2025-11-10 00:00:00+00:00,4122.0,0.02759710552812855,2.2085778413016803e-05,2.2312291030162327e-05,8.86937142289263e-05,0.0002878261856243411,0.0003256559938042913,0.0012672630353889555,0.005263160474590527,0.010296602971754045
2025-11-11 00:00:00+00:00,4116.2998046875,-0.0013838283037248544,0.0007616002335306634,0.0007836860119436803,0.0007839125245608257,0.0010303358788090037,0.0010728760247289695,0.001190359034203402,0.0025283611612624507,0.010912851580029772
2025-11-12 00:00:00+00:00,4213.60009765625,0.023362758198940625,1.914980774190008e-06,0.0007635152143048536,0.0007856009927178703,0.0008522089285337807,0.0010513413999291932,0.0011086095940819013,0.002415958666470178,0.010893068176369133
2025-11-13 00:00:00+00:00,4194.5,-0.004543269059270827,0.0005458184706621674,0.0005477334514363576,0.0013093336849670208,0.001331645975997184,0.0015780693302453598,0.0016349896787713127,0.0025801437500160684,0.011399770431062186
2025-11-14 00:00:00+00:00,4094.199951171875,-0.024202817205997817,2.0641293744927624e-05,0.0005664597644070952,0.0005683747451812851,0.0013520607571249662,0.0014186686929408745,0.001641250769910255,0.002597238014100904,0.011363078565658932
2025-11-17 00:00:00+00:00,4074.5,-0.004823286320077003,0.000585776360706944,0.0006064176544518718,0.001152236125114039,0.0019157513394188934,0.0019380636304490544,0.002203577525043233,0.002344510140091631,0.01183876186956537
2025-11-18 00:00:00+00:00,4066.5,-0.0019653611534451443,2.3264090925441953e-05,0.000609040451632386,0.0006296817453773136,0.001177415196813672,0.001961101208757351,0.002207751075622674,0.0022841098101213826,0.011569760559576153
2025-11-19 00:00:00+00:00,4082.800048828125,0.004000360881983411,3.862644463471228e-06,2.712673538891329e-05,0.0006129030960958572,0.0011793628605029532,0.0019428780748078052,0.002031571789036732,0.0022685340686120973,0.011524033704368436
2025-11-20 00:00:00+00:00,4060.0,-0.005600065893034412,1.6002887186103096e-05,1.9865531649574432e-05,4.312962257501628e-05,0.0006495472770268888,0.001197280728463245,0.0019811932530240713,0.0022701567531922154,0.011271990610419575
2025-11-21 00:00:00+00:00,4079.5,0.004791458273077254,3.13607380063273e-05,4.73636251924305e-05,5.1226269655901626e-05,0.0006602667212882885,0.0012267264856953824,0.002012327478413253,0.0022780678856245762,0.0107106710928963
2025-11-24 00:00:00+00:00,4094.199951171875,0.0035968942114958935,2.295807238264046e-05,5.431881038896786e-05,7.032169757507086e-05,9.74484329639849e-05,0.0007038660874158553,0.0020131997723828766,0.002281935417661216,0.010684999254528978
2025-11-25 00:00:00+00:00,4140.0,0.011124461739008495,1.2937647968692665e-05,3.589572035133323e-05,6.725645835766043e-05,8.712199000723562e-05,0.0006961624416396202,0.001264537186820906,0.0021148311345804954,0.009634576728658617
2025-11-26 00:00:00+00:00,4165.2001953125,0.0060685527278856455,0.0001237536489826639,0.0001366912969513567,0.00015964936933399702,0.0002070129945264283,0.00023413972991534018,0.0013863758550293798,0.002172203360364395,0.009704623624186046
2025-11-28 00:00:00+00:00,4254.89990234375,0.021306896469946324,3.682733221112831e-05,0.00016058098119379232,0.0001735186291624849,0.00022783743955145352,0.00024770297120102654,0.0008773847165783405,0.0022088041799583785,0.009658031893735135
2025-12-01 00:00:00+00:00,4274.7998046875,0.0046660349442770865,0.0004539838371810111,0.0004908111693921395,0.0006145648183748034,0.0006504605387261373,0.0006978241639185664,0.001310727260014424,0.0026407022387263724,0.00952546484399169
2025-12-02 00:00:00+00:00,4220.7998046875,-0.01271263471228501,2.1771882101214875e-05,0.00047575571928222613,0.0005125830514933543,0.0006492743484447117,0.0007035931588336782,0.0007467227814086949,0.001900873887296924,0.009087644647490322
2025-12-03 00:00:00+00:00,4232.5,0.0027681977581064388,0.00016161108132799375,0.00018338296342920873,0.0006373668006102197,0.0007979477818040128,0.0008338435021553447,0.0008850697718112468,0.002060569987850728,0.008087245676746107
2025-12-04 00:00:00+00:00,4243.0,0.0024777311950341385,7.662918827985514e-06,0.00016927400015597936,0.00019104588225719418,0.0006818570516493343,0.0008185483486006897,0.000888870046175761,0.001522414436016546,0.0045985090487153536
2025-12-05 00:00:00+00:00,4243.0,0.0,6.1391518748453e-06,1.3802070702830923e-05,0.0001754131520308246,0.0006511688713130515,0.0008117498525068423,0.0008790063108645032,0.0015079122941464636,0.004490330725023737
2025-12-08 00:00:00+00:00,4217.7001953125,-0.005980564140532607,0.0,6.1391518748454085e-06,1.380207070283087e-05,0.0001971850341320403,0.0006879962035241784,0.0008476455728581759,0.0009221359334395195,0.00410869733790746
2025-12-09 00:00:00+00:00,4236.2001953125,0.004376685003695258,3.576714743902452e-05,3.576714743902463e-05,4.1906299313869874e-05,0.00021118029946984995,0.0006869360187520746,0.00086045464791456,0.0009346389899531021,0.004140917455686392
2025-12-10 00:00:00+00:00,4224.7001953125,-0.002718388481319778,1.9155371621570958e-05,5.4922519060595585e-05,5.4922519060595544e-05,6.872458976342716e-05,0.0002521075531926345,0.0008666723715674384,0.0009499317171112018,0.0033215685925917456
2025-12-11 00:00:00+00:00,4313.0,0.020685419063674715,7.389635935372048e-06,2.6545007556943113e-05,6.23121549959676e-05,6.84513068708137e-05,0.00023772530702679165,0.0007503083585201465,0.0009413184658604708,0.0032452938076314272
2025-12-12 00:00:00+00:00,4328.2998046875,0.0035410924330268045,0.00042788656183983734,0.00043527619777520947,0.0004544315693967804,0.0004901987168358057,0.0005040007875386352,0.0011413675881488555,0.0013378442896939808,0.0036537419834985086
2025-12-15 00:00:00+00:00,4335.2001953125,0.0015929802237426571,1.2539335619239693e-05,0.00044042589745907715,0.00044781553339444917,0.0005027380524550454,0.0005088772043298894,0.0006999230865870839,0.00132742555293058,0.003651901116511763
2025-12-16 00:00:00+00:00,4332.2998046875,-0.0006692565868497979,2.5375859932352058e-06,1.5076921612475008e-05,0.0004429634834523123,0.00046950849100925614,0.0005052756384482794,0.0006806887904791043,0.0013170254909551226,0.003630989096931032
2025-12-17 00:00:00+00:00,4373.89990234375,0.009556503562018648,4.4790437904184113e-07,2.9854903722771554e-06,1.5524825991516794e-05,0.00045080102376672694,0.0005057235428273212,0.0005195256135301524,0.0011937197463515006,0.003612346460964073
2025-12-18 00:00:00+00:00,4364.5,-0.0021514021043760323,9.132676033087511e-05,9.177466470991707e-05,9.431225070315221e-05,0.0005347381481622301,0.0005612831557191718,0.000603189455033042,0.0012482191744712474,0.0035236312902455352
2025-12-19 00:00:00+00:00,4387.2998046875,0.005210323996449162,4.62853101471362e-06,9.595529134558883e-05,9.640319572463061e-05,0.00011148011733710634,0.0005467563151123144,0.0006016788341729103,0.0007988638683049498,0.0034618783980614846
2025-12-22 00:00:00+00:00,4469.39990234375,0.018540190388462108,2.7147476147973967e-05,3.1776007162687695e-05,0.00012310276749356275,0.0001260882578658406,0.0005665141553249163,0.0006288263103208843,0.0008042394623517089,0.0034887993615923133
2025-12-23 00:00:00+00:00,4505.7001953125,0.008089155667198256,0.0003437386596404227,0.00037088613578839676,0.0003755146668031103,0.0004672893315130281,0.0004823662531255017,0.0009367978225222824,0.0009863670406641378,0.003810452242819719
2025-12-24 00:00:00+00:00,4502.7998046875,-0.0006439231226540443,6.543443940816565e-05,0.00040917309904858843,0.0004363205751965624,0.000532275866542152,0.0005352613569144277,0.0009830768903088772,0.001044138561244318,0.0031142864486972213
2025-12-26 00:00:00+00:00,4552.7001953125,0.011021124337837307,4.1463698788853533e-07,6.584907639605429e-05,0.00040958773603647693,0.0004413637431991653,0.000533138407909081,0.0009761018913613936,0.0010384140463573612,0.00311278610491092
2025-12-29 00:00:00+00:00,4343.60009765625,-0.04701698661716058,0.00012146518167006982,0.00012187981865795846,0.00018731425806612406,0.0005582003938545215,0.000654155685200109,0.0006696805111916261,0.001159879228027431,0.002688432815918822
2025-12-30 00:00:00+00:00,4386.2998046875,0.009782482738115661,0.0022105970305582572,0.002332062212228327,0.0023324768492162156,0.002741649948264805,0.002773425955427491,0.0028677382061306437,0.003334709111146664,0.004878388552732152
2025-12-31 00:00:00+00:00,4341.10009765625,-0.01035820786686692,9.569696852153088e-05,0.002306293999079788,0.002427759180749858,0.002493608257145913,0.0028644943929343083,0.0029608975886589394,0.0034112507080466237,0.004388309160546738
2026-01-02 00:00:00+00:00,4329.60009765625,-0.002652613164826789,0.00010729247021322375,0.00020298943873475463,0.0024135864692930117,0.002535466287950971,0.002944639386999558,0.003067742154493121,0.003511153542324475,0.004472337539834521
2026-01-05 00:00:00+00:00,4451.5,0.027765936481767284,7.036356602212395e-06,0.00011432882681543614,0.00021002579533696702,0.002542088007565295,0.0026079370839613477,0.0029834517507644582,0.00309030333708685,0.004475511251973261
2026-01-06 00:00:00+00:00,4496.10009765625,0.00996925802554749,0.0007709472287095354,0.0007779835853117477,0.0008852760555249715,0.0031915700546047603,0.0033134498732627178,0.0037497704484592805,0.003848711230177146,0.005230455593496694
2026-01-07 00:00:00+00:00,4462.5,-0.00750122895137828,9.938610557994302e-05,0.0008703333342894784,0.0008773696908916908,0.0010803591296264462,0.003412421341854772,0.0038220090778912493,0.003945559749763854,0.00529848096107031
2026-01-08 00:00:00+00:00,4460.7001953125,-0.0004033989314411457,5.62684357809957e-05,0.00015565454136093871,0.0009266017700704741,0.0010409305968859112,0.003347224595965698,0.0035345388540318225,0.004001380281165807,0.005331791324468664
2026-01-09 00:00:00+00:00,4500.89990234375,0.008971606907573815,1.6273069788785815e-07,5.643116647888356e-05,0.00015581727205882657,0.0009338008573705752,0.0011367902961053286,0.0034692671453215446,0.003910216251532821,0.00531901640719786
2026-01-12 00:00:00+00:00,4614.7001953125,0.024969547666847447,8.048973050402619e-05,8.065246120191405e-05,0.00013692089698290973,0.001007254231272389,0.0011215830580878238,0.0035493422388376823,0.003986077451022133,0.005275752488719223
2026-01-13 00:00:00+00:00,4599.10009765625,-0.0033862493362111223,0.0006234783106869668,0.000703968041190993,0.0007041307718888808,0.0008597853132498205,0.001637768898561567,0.00405135536785458,0.004582408285561126,0.005862403467195061
2026-01-14 00:00:00+00:00,4635.7001953125,0.007926601145666012,1.1466684566990266e-05,0.0006349449952539571,0.0007154347257579832,0.0007718658922368677,0.0016421992265263448,0.0018522250218633123,0.0042501363104876936,0.00541988631458104
2026-01-15 00:00:00+00:00,4623.7001953125,-0.0025919619439740416,6.283100572247375e-05,7.429769028946401e-05,0.0006977760009764307,0.0007784284621783458,0.0009340830035392832,0.0018193590590642552,0.004247532876802002,0.005460945438202299
2026-01-16 00:00:00+00:00,4595.39990234375,-0.006139510703624396,6.718266719009692e-06,6.954927244148344e-05,8.10159570084736e-05,0.0007849839981994676,0.0008414151646783498,0.0017187848555700411,0.004253836506533122,0.005306052623593315
2026-01-20 00:00:00+00:00,4765.7998046875,0.03640959099230656,3.769359167991852e-05,4.441185839892821e-05,0.00010724286412140185,0.0007421878593753599,0.0008228403205772727,0.0017494420906477473,0.004170064916542972,0.005336083296445247
2026-01-21 00:00:00+00:00,4837.5,0.014932685452999195,0.0013256583162270512,0.0013633519079069697,0.0013700701746259794,0.0014443678649154442,0.002148335906106436,0.002304153178165263,0.0032851262022117658,0.006655602460797454
2026-01-22 00:00:00+00:00,4913.39990234375,0.015568088290665472,0.00022298509483821376,0.0015486434110652649,0.0015863370027451836,0.0016558862751866678,0.0022908312704406236,0.002427752167423534,0.0034124143285284483,0.006878587555635668
2026-01-23 00:00:00+00:00,4979.7001953125,0.013403540833319738,0.00024236537302595537,0.00046535046786416913,0.0017910087840912203,0.0018354206424901493,0.0019097183327796122,0.0026138491046684936,0.0035474872313411804,0.007085185781222599
2026-01-26 00:00:00+00:00,5082.5,0.020433579040478378,0.00017965490687046957,0.00042202027989642494,0.0006450053747346386,0.0020083572826416094,0.0020779065550830915,0.002793341280841075,0.0037201057816094374,0.007245685316471497
2026-01-27 00:00:00+00:00,5082.60009765625,1.969437689552933e-05,0.0004175311524034773,0.0005971860592739468,0.0008395514322999023,0.0023881948433651682,0.002432606701764095,0.003130382702740526,0.003366689705303379,0.007655826832939602
2026-01-28 00:00:00+00:00,5303.60009765625,0.042562892774366645,3.8786848130315955e-10,0.0004175315402719586,0.0005971864471424281,0.001062536915006598,0.002425888822913567,0.002506904779922041,0.0032673039875919176,0.007227940658968246
2026-01-29 00:00:00+00:00,5318.39990234375,0.0027866342053499693,0.0018115998413222325,0.0018116002291907137,0.0022291313815941912,0.0026511516614906167,0.004199795072555881,0.004307037936677282,0.005022635393133154,0.009027001164671238
2026-01-30 00:00:00+00:00,4745.10009765625,-0.11405996064111967,7.765330194426456e-06,0.001819365171516659,0.0018193655593851403,0.002416551618659088,0.002881902086523256,0.004251972261149236,0.005030237992629692,0.00903222890887243
2026-02-02 00:00:00+00:00,4652.60009765625,-0.019686303122442794,0.01300967462145377,0.013017439951648196,0.014829039792970428,0.015246571333242387,0.015668591613138813,0.017254928615883996,0.017959422883579435,0.022041455625947157
2026-02-03 00:00:00+00:00,4935.0,0.05892644877203068,0.00038755053062870093,0.01339722515208247,0.013404990482276896,0.01521659071146761,0.015813776770741556,0.017604785554832778,0.01772349510352117,0.022337679396244984
2026-02-04 00:00:00+00:00,4950.7998046875,0.0031964673475908256,0.0034723263648827564,0.0038598768955114575,0.016869551516965228,0.018688916688481886,0.019106448228753844,0.019751453603488484,0.021184354783836935,0.025805377230113027
2026-02-05 00:00:00+00:00,4889.5,-0.012459091462842409,1.0217403504214329e-05,0.0034825437683869706,0.0038700942990156717,0.016887534250663867,0.018699134479854582,0.019538685912154484,0.021131741181618674,0.025788447157469266
2026-02-06 00:00:00+00:00,4979.7998046875,0.01829964159638564,0.00015522896007947259,0.00016544636358368692,0.0036377727284664435,0.017034997880548915,0.018854363052065573,0.019451549499208003,0.021280251874979138,0.02559993745790832
2026-02-09 00:00:00+00:00,5079.39990234375,0.019803434786085816,0.0003348768825561676,0.0004901058426356402,0.0005003232461398545,0.004360200141651312,0.017377640093299507,0.019606771474893696,0.021577435165855387,0.025869379901056318
2026-02-10 00:00:00+00:00,5031.0,-0.009574353643483136,0.0003921760293267538,0.0007270529118829213,0.000882281871962394,0.004364825640349365,0.017762050792431833,0.019581416351816972,0.02064395287895509,0.02626114129339518
2026-02-11 00:00:00+00:00,5098.5,0.013327607312962897,9.16682476904788e-05,0.0004838442770172326,0.0008187211595734002,0.000984167523157087,0.004844044418668545,0.01967308421163897,0.020512636031807353,0.02623134435941559
2026-02-12 00:00:00+00:00,4948.39990234375,-0.029882106550518373,0.0001776251166885421,0.00026929336437902086,0.0006614693937057747,0.001151575236341415,0.004634119004728385,0.018039109487005284,0.020447895775469942,0.024198372445545877
2026-02-13 00:00:00+00:00,5046.2998046875,0.019590990507982298,0.000892940291896533,0.0010705654085850752,0.001162233656275554,0.0018892865681584753,0.0020547329317421622,0.01892428444870739,0.021161181160496007,0.02499561576892088
2026-02-17 00:00:00+00:00,4905.89990234375,-0.028216720261168504,0.0003838069090838525,0.0012767472009803855,0.0014543723176689276,0.0019382165946861601,0.0024283224373218004,0.006298416736337472,0.02112745691717638,0.025272130207791507
2026-02-18 00:00:00+00:00,5009.5,0.02089756719874103,0.0007961833022970372,0.0011799902113808897,0.002072930503277423,0.0023422238676564437,0.0030692767795393646,0.006707049508005808,0.021923639831604936,0.026061277153486332
2026-02-19 00:00:00+00:00,4997.39990234375,-0.0024183520713787487,0.000436708314825897,0.0012328916171229342,0.0016166985262067867,0.002687263934791862,0.0031711082118090943,0.003671431457948949,0.0205487483051086,0.025727038239602696
2026-02-20 00:00:00+00:00,5080.89990234375,0.016570634386726013,5.848426741141885e-06,0.00044255674156703893,0.0012387400438640761,0.002515487244844462,0.0027847806092234826,0.0036670624811858767,0.020546831401655318,0.025633500560763894
2026-02-23 00:00:00+00:00,5225.60009765625,0.02808125044952625,0.0002745859239785466,0.0002804343507196885,0.0007171426655455855,0.0018971328769264752,0.0029676982855115506,0.0037864194450849503,0.007811742704180094,0.025851818048961445
2026-02-24 00:00:00+00:00,5176.2998046875,-0.009479164880598745,0.0007885566268090183,0.0010631425507875649,0.0010689909775287068,0.002301882594651641,0.0035786297956320262,0.004240099189337801,0.00821274880036041,0.026640211945072576
2026-02-25 00:00:00+00:00,5226.2001953125,0.009593996324003484,8.985456683357661e-05,0.0008784111936425949,0.0011529971176211416,0.0015955538591881804,0.00277554407056907,0.0039377777268446235,0.00483027700231123,0.026649576781402125
2026-02-26 00:00:00+00:00,5194.2001953125,-0.006141817855777276,9.204476546499236e-05,0.000181899332298569,0.0009704559591075872,0.0012508903098272758,0.0024837819269502097,0.003938154244619138,0.004912104364272009,0.026118143236180152
2026-02-27 00:00:00+00:00,5247.89990234375,0.010285321903877431,3.772192657354458e-05,0.00012976669203853695,0.00021962125887211355,0.0012827638096596784,0.0017253205512267173,0.0037982510545041402,0.004794597330766081,0.026144398478186705
2026-03-02 00:00:00+00:00,5311.60009765625,0.012065148545943316,0.00010578784666638087,0.00014350977323992546,0.00023555453870491782,0.0011139657323475127,0.0013944000830672012,0.003011098609273988,0.004565508294876294,0.026187355319130613
2026-03-03 00:00:00+00:00,5123.7001953125,-0.0360162540889597,0.0001455678094356781,0.00025135565610205895,0.0002890775826756035,0.0004709769149741725,0.0015341194657617374,0.0027728595096258137,0.004318900074985218,0.02632620486184728
2026-03-04 00:00:00+00:00,5134.7001953125,0.0021445846910062016,0.0012971705586005062,0.0014427383680361843,0.0015485262147025651,0.001678292906741102,0.002556704100383697,0.0032738467659292826,0.005524402385895246,0.027585681828767868
2026-03-05 00:00:00+00:00,5078.7001953125,-0.010966095335188442,4.599243496898165e-06,0.0013017698020974043,0.0014473376115330823,0.001590847384773008,0.0017727467170715768,0.0028417376946002835,0.005351376512703602,0.026264622756037716
2026-03-06 00:00:00+00:00,5158.7001953125,0.01562928584170642,0.0001202552469004417,0.00012485449039733985,0.001422025048997846,0.001673380705099905,0.0018031473971384419,0.002956144514759583,0.00457869146770751,0.026161892908099945
2026-03-09 00:00:00+00:00,5103.7001953125,-0.01071884247370214,0.00024427457592176476,0.00036452982282220647,0.0003691290663191046,0.0018118674343552891,0.0019553772075952144,0.0029258331667028014,0.004439159134545422,0.026163802110995754
2026-03-10 00:00:00+00:00,5242.10009765625,0.026756394882401224,0.000114893583976041,0.00035916815989780576,0.00047942340679824747,0.0017811932088956518,0.002032548864997711,0.002252170123869824,0.0037578694162244265,0.026099040788101324
2026-03-11 00:00:00+00:00,5179.10009765625,-0.012090885178727362,0.0007159046671029864,0.0008307982510790274,0.0010750728270007921,0.001199927317398132,0.0026426656854343163,0.002878220224139234,0.004037065768501515,0.02639741430280083
2026-03-12 00:00:00+00:00,5125.7998046875,-0.010344742558356046,0.000146189504405169,0.0008620941715081554,0.0009769877554841964,0.001341517578306403,0.002643287380403807,0.0029323649630794107,0.004177406846165543,0.026543603419337522
2026-03-13 00:00:00+00:00,5061.7001953125,-0.012584138459256877,0.00010701369859866279,0.00025320320300383176,0.0009691078701068182,0.001328276030004624,0.0014531305204019639,0.0030016567351045286,0.004009834620785659,0.024839017276613952
2026-03-16 00:00:00+00:00,5002.2001953125,-0.011824579132619917,0.00015836054076174806,0.00026537423936041086,0.0004115637437655798,0.0012423619948446073,0.0016068918176668139,0.003054229429199896,0.003379638534738389,0.024989612487181272
2026-03-17 00:00:00+00:00,5008.2001953125,0.0011987533933446315,0.0001398206716635904,0.00029818121242533845,0.00040519491102400124,0.0012672890825321567,0.0016264572424299624,0.003048482291427808,0.0034296046395684023,0.012119758537391095
2026-03-18 00:00:00+00:00,4896.2001953125,-0.02261717416161879,1.4370096980552689e-06,0.00014125768136164565,0.00029961822212339376,0.0005528214251272255,0.0013836196762062529,0.0017527487425253575,0.0033389968838014655,0.011733645016460448
2026-03-19 00:00:00+00:00,4605.7001953125,-0.06116472469151013,0.0005115365670569967,0.0005129735767550519,0.0006527942484186424,0.0009181684877790532,0.0017802626592872085,0.002259686066085456,0.0038128115242849173,0.008772855218634688
2026-03-20 00:00:00+00:00,4574.89990234375,-0.006709890029016563,0.003741123546588229,0.004252660113645225,0.004254097123343281,0.004552278335768619,0.004805481538772451,0.005880554365773243,0.007448147224206766,0.012503761361718702
2026-03-23 00:00:00+00:00,4407.2998046875,-0.03732260647233332,4.5022624201495894e-05,0.003786146170789725,0.004297682737846721,0.0044389404192083665,0.004704314658568778,0.005681302414052974,0.007347602038972583,0.012393555025840728
2026-03-24 00:00:00+00:00,4402.0,-0.0012032296424013822,0.001392976953888657,0.001437999578090153,0.005179123124678382,0.005692096701433434,0.005990277913858772,0.006959385783965591,0.0074434084342607345,0.013451655097173216
2026-03-25 00:00:00+00:00,4552.2998046875,0.03357357374063774,1.447761572353358e-06,0.0013944247154610103,0.0014394473396625062,0.005692107453307732,0.005833365134669377,0.006244928878434957,0.007440256952336189,0.013060926829418815
2026-03-26 00:00:00+00:00,4376.2998046875,-0.03942898294597974,0.00112718485371804,0.0011286326152903934,0.0025216095691790504,0.006307755739968775,0.006820729316723827,0.007225924227747828,0.008447186559153788,0.014096443435446377
2026-03-27 00:00:00+00:00,4492.5,0.02620576577664835,0.0015546446961543611,0.0026818295498724012,0.0026832773114447545,0.004121276889534908,0.008373937003180133,0.008673555225303527,0.009757556679386385,0.015473463014912196
2026-03-30 00:00:00+00:00,4526.0,0.007429207535770033,0.0006867421599405538,0.002241386856094915,0.003368571709812955,0.004762996425273966,0.00854914259606369,0.009201936844482332,0.010329405255350897,0.015267264882956218
2026-03-31 00:00:00+00:00,4647.60009765625,0.026512431127411418,5.519312460954224e-05,0.000741935284550096,0.0022965799807044573,0.0034252125959948507,0.004863212174085004,0.009117309297428286,0.009668693712857453,0.014938651098481906
2026-04-01 00:00:00+00:00,4813.10009765625,0.0349904091181763,0.0007029090042857338,0.000758102128895276,0.0014448442888358299,0.0041266738387082304,0.005521098554169241,0.009818781292015962,0.010225413212738017,0.014845376800470602
2026-04-02 00:00:00+00:00,4679.7001953125,-0.02810734041002405,0.0012243287302573552,0.0019272377345430892,0.0019824308591526313,0.0042238177152475465,0.005352450330537939,0.01053157345521632,0.011342728244396711,0.01563299721590206
2026-04-06 00:00:00+00:00,4684.7001953125,0.001067874133223512,0.000790022584924971,0.002014351315182326,0.00271726031946806,0.0034591956040181558,0.006141025153890558,0.007580472493553063,0.011974390288559934,0.01641717137408589
2026-04-07 00:00:00+00:00,4684.7001953125,0.0,1.140355164407867e-06,0.0007911629400893788,0.002015491670346734,0.0027735937992420102,0.005014980655336925,0.007536590224515975,0.01183570997206075,0.01614372580527175
2026-04-08 00:00:00+00:00,4777.2001953125,0.0195527205163053,0.0,1.140355164407867e-06,0.0007911629400893788,0.002718400674632468,0.0034603359591825643,0.006143613270627318,0.011834272962362695,0.015355169178462733
2026-04-09 00:00:00+00:00,4818.0,0.008504262496240145,0.00038230887958874617,0.00038230887958874617,0.00038344923475315404,0.0023978005499354802,0.0031559026788307563,0.0065244743886437116,0.011705045274894445,0.015647623491217903
2026-04-10 00:00:00+00:00,4787.39990234375,-0.006371458031123822,7.232248060495666e-05,0.0004546313601937028,0.0004546313601937028,0.0012457943002830818,0.0031730320348261707,0.0054696120155306276,0.008036244208911173,0.015627901206357868
2026-04-13 00:00:00+00:00,4767.39990234375,-0.004186383727237342,4.059547744237225e-05,0.00011291795804732892,0.0004952268376360751,0.000496367192800483,0.0025107185079828094,0.003955562796818639,0.008031817062152048,0.015630774757226695
2026-04-14 00:00:00+00:00,4850.10009765625,0.017198280994108472,1.7525808711677617e-05,5.812128615404987e-05,0.00013044376675900652,0.0005127526463477528,0.0013039155864371316,0.003286346445589763,0.00665636591697507,0.01554251271927199
2026-04-15 00:00:00+00:00,4823.60009765625,-0.005478785935615349,0.0002957808691523127,0.0003133066778639903,0.00035390215530636257,0.0008085335155000655,0.0008096738706644734,0.0035269341901325336,0.0069506990245550284,0.015692725778988625
2026-04-16 00:00:00+00:00,4808.2998046875,-0.0031770068196657064,3.0017095328296554e-05,0.00032579796448060927,0.00034332377319228687,0.0004562417312396158,0.000838550610828362,0.002854042281175096,0.0058535312661652855,0.014425572315716416
2026-04-17 00:00:00+00:00,4879.60009765625,0.014719718632466794,1.0093372332202406e-05,4.0110467660498957e-05,0.0003358913368128117,0.0003940126229668616,0.0008486439831605644,0.0016398069232499432,0.004308979942343126,0.014431066444551721
2026-04-20 00:00:00+00:00,4828.7998046875,-0.010465320161639369,0.0002166701166189901,0.0002267634889511925,0.00025678058427948907,0.0005700872621434794,0.0006830052201908083,0.0010664544549439624,0.003838907899021563,0.01452748131427027
2026-04-21 00:00:00+00:00,4719.60009765625,-0.02287387820870812,0.00010952292608561546,0.00032619304270460554,0.00033628641503680797,0.0006620843795174173,0.0007202056656714672,0.00117483702586517,0.0038932377004976364,0.01439272966443412
2026-04-22 00:00:00+00:00,4753.0,0.007051926696608035,0.0005232143043068122,0.0006327372303924277,0.0008494073470114178,0.0008895178146719168,0.0012028244925359071,0.001698051330171982,0.0037135430005187146,0.014801050384764891
2026-04-23 00:00:00+00:00,4724.0,-0.00612009929675672,4.9729670134333114e-05,0.0005729439744411453,0.0006824669005267608,0.0009092303894779533,0.0012350283539585625,0.0013654721207175691,0.0025389439403956924,0.014134875387796238
2026-04-24 00:00:00+00:00,4740.89990234375,0.003571072167241951,3.7455615402162104e-05,8.718528553649522e-05,0.0006103995898433073,0.000936592632547913,0.000976703100208412,0.0013306052555147746,0.0017863769708728837,0.014026141498793231
2026-04-27 00:00:00+00:00,4693.7001953125,-0.010005744880542622,1.2752556423650125e-05,5.020817182581223e-05,9.993784196014524e-05,0.000732675072352573,0.0009594385613037655,0.0013027623344960524,0.0017979891721321257,0.013931880356618218
2026-04-28 00:00:00+00:00,4608.39990234375,-0.01834052163097688,0.00010011493061450489,0.000112867487038155,0.00015032310244031703,0.0007232670768814624,0.001049460119586068,0.0013853514563988798,0.0018981041027466305,0.013873634746470976
2026-04-29 00:00:00+00:00,4561.5,-0.010229187187446698,0.00033637473369633086,0.00043648966431083575,0.0004492422207344858,0.0005364275062709811,0.001169164736663409,0.0014259453209428978,0.0018521699568542155,0.014070188808503714
2026-04-30 00:00:00+00:00,4629.60009765625,0.014818975567985504,0.00010463627051582368,0.00044101100421215455,0.0005411259348266594,0.0005913341066524717,0.001164278081093617,0.001500564496130425,0.0018844837467650822,0.014173388069321483
2026-05-01 00:00:00+00:00,4644.5,0.0032132314740618284,0.0002196020368845513,0.000324238307400375,0.0006606130410967058,0.0007734805281348609,0.000860665813671356,0.0017100731606827738,0.0020634903062072617,0.013881453539149038
2026-05-04 00:00:00+00:00,4533.2998046875,-0.024233615823709087,1.032485650590155e-05,0.00022992689339045285,0.0003345631639062765,0.0007710528282171123,0.0008212610000429245,0.0015037279005696853,0.0020562893540014855,0.010150654849066711
2026-05-05 00:00:00+00:00,4568.5,0.007734815434808695,0.0005872681358911235,0.0005975929923970251,0.0008171950292815762,0.0012582060334937308,0.0013710735205318858,0.0019814731103751934,0.002347776620740296,0.010692900360756338
2026-05-06 00:00:00+00:00,4694.2998046875,0.027164041699961672,5.982736981055482e-05,0.0006470955057016783,0.0006574203622075798,0.0009816586696079549,0.0014181483339187906,0.001518086175878936,0.002377586895222554,0.009359750776678237
2026-05-07 00:00:00+00:00,4710.89990234375,0.0035299866905305066,0.0007378851614772566,0.0007977125312878114,0.001384980667178935,0.0016149075605693878,0.002055918564781542,0.002206241667221859,0.0031053786843676084,0.01009618817658314
2026-05-08 00:00:00+00:00,4730.7001953125,0.0041942725366546085,1.2460806035322518e-05,0.0007503459675125791,0.0008101733373231339,0.001407766329720159,0.001732004637120534,0.0021812468578550196,0.0029011693737839407,0.008981464128900421
2026-05-11 00:00:00+00:00,4728.7001953125,-0.0004228597896709374,1.7591922111735084e-05,3.0052728147057602e-05,0.0007679378896243142,0.0014150333953259924,0.0016449602887164453,0.002186086223543105,0.0028092383698100605,0.007444411354857796
2026-05-12 00:00:00+00:00,4686.7001953125,-0.008921612855585792,1.7881040172054943e-07,1.7770732513455635e-05,3.0231538548778153e-05,0.0008279440698365896,0.0014255370622336145,0.0020861501033303206,0.0022862028759049685,0.006757848005318963
2026-05-13 00:00:00+00:00,4706.7001953125,0.004258315283149017,7.959517594495367e-05,7.977398634667423e-05,9.73659084584093e-05,0.0008477118759709884,0.0014948073816726667,0.0018293705455789432,0.0023160683817155894,0.006782250056654374
2026-05-14 00:00:00+00:00,4685.2998046875,-0.0045571609159758,1.813324905070049e-05,9.772842499565417e-05,9.790723539737471e-05,0.0001279599635444323,0.0009256724948322438,0.00174286752411382,0.0022967460153641276,0.006097474301419341
2026-05-15 00:00:00+00:00,4561.89990234375,-0.026690724101015917,2.076771561409739e-05,3.890096466479788e-05,0.00011849614060975157,0.00013626687312320718,0.0008866128406357863,0.001544033202843366,0.002304761174554575,0.0048939132867760835
2026-05-18 00:00:00+00:00,4558.0,-0.0008552511810933083,0.0007123947530365519,0.0007331624686506493,0.0007512957177013499,0.000831069704048024,0.0008611224321950817,0.0022461030993740166,0.002917040996976622,0.004816285454887664
2026-05-19 00:00:00+00:00,4511.2001953125,-0.010320694017636356,7.314545827614989e-07,0.0007131262076193135,0.000733893923233411,0.000831622348229065,0.0008493930807425207,0.0016595664180656545,0.002581397717863053,0.004815876554306018
2026-05-20 00:00:00+00:00,4535.2998046875,0.005327953658273543,0.00010651672500567486,0.00010724817958843635,0.0008196429326249884,0.0008585438972897861,0.0009383178836364604,0.0017062557732607747,0.002583278172352904,0.004922393279311693
2026-05-21 00:00:00+00:00,4542.5,0.0015863308240593454,2.8387090184710432e-05,0.0001349038151903853,0.0001356352697731468,0.0008687977384237961,0.0009665261634194503,0.0009967577019682284,0.002392063225653063,0.004568471489907656
2026-05-22 00:00:00+00:00,4523.2001953125,-0.004257770150841722,2.516445483360802e-06,3.090353566807123e-05,0.0001374202606737461,0.0008505464682930595,0.0008894474329578574,0.0009868133414162668,0.0023842548146305225,0.004498665454786061
2026-05-26 00:00:00+00:00,4502.2998046875,-0.004631417203363242,1.812860665739874e-05,2.0645052140759544e-05,4.903214232546997e-05,0.00015628032191390633,0.0008894427905645556,0.0009873500259619304,0.0018151152853967977,0.004476198584001088
2026-05-27 00:00:00+00:00,4448.39990234375,-0.012043874924552611,2.145002531160899e-05,3.957863196900773e-05,4.209507745236853e-05,0.0001769988926427538,0.0008901251002620673,0.0010086212408718187,0.0017767379408978518,0.004480122800601019
2026-05-28 00:00:00+00:00,4499.2998046875,0.011377326701735413,0.00014505492319826717,0.00016650494850987616,0.0001846335551672749,0.00021553709083534613,0.00032278527042378245,0.0010740809881251323,0.0011839077026188625,0.004329396854646974
2026-05-29 00:00:00+00:00,4593.0,0.02061161963248992,0.00012944356287802162,0.0002744984860762888,0.0002959485113878978,0.00031659356352865733,0.0004514973787190426,0.0011853913019524535,0.0013008904594615615,0.004428823322196698
2026-06-01 00:00:00+00:00,4506.2998046875,-0.019057030995774937,0.00042483886387444385,0.0005542824267524655,0.0006993373499507326,0.0007389159819197403,0.0007698195175878115,0.0015894624502128,0.0017081374012242702,0.00484356881373894
2026-06-02 00:00:00+00:00,4519.89990234375,0.003013473751872553,0.0003631704303739267,0.0007880092942483706,0.0009174528571263922,0.0010839578056362684,0.001104602857777028,0.0012402381275501747,0.0020711290211964765,0.004990069127493876
2026-06-03 00:00:00+00:00,4466.89990234375,-0.01179521423162555,9.08102405322484e-06,0.00037225145442715155,0.0007970903183015954,0.0010715888043778842,0.001111167436346892,0.001248587697020638,0.002000614869304748,0.004889627225461486
2026-06-04 00:00:00+00:00,4505.0,0.008493257192172976,0.00013912707876994192,0.00014820810282316674,0.0005113785331970935,0.001065660959949559,0.0012321659084594352,0.001281198050784905,0.002121608699023989,0.004505539999924616
2026-06-05 00:00:00+00:00,4365.2998046875,-0.03150102035015401,7.213541773239799e-05,0.0002112624965023399,0.00022034352055556473,0.0010083528148039352,0.001282851300880224,0.0013249463783325927,0.00217297640114229,0.00452794574752268
2026-06-08 00:00:00+00:00,4363.39990234375,-0.0004353231151306147,0.0009923142831008169,0.001064449700833215,0.0012035767796031568,0.0015758282340303082,0.0021301106607827737,0.0023147442159500487,0.0024528959312065546,0.005482804415221335
2026-06-09 00:00:00+00:00,4286.39990234375,-0.01780435056962304,1.8950621456702245e-07,0.000992503789315384,0.001064639207047782,0.0012128473098709485,0.0020008566041193193,0.002296805115507217,0.0024523539828383597,0.005470241365012252
2026-06-10 00:00:00+00:00,4133.2998046875,-0.03637112488456751,0.00031699489920603626,0.00031718440542060326,0.00130949868852142,0.0015207611850237598,0.0018930126394509114,0.0025923499894016442,0.0026628321570387214,0.005687121333603783
2026-06-11 00:00:00+00:00,4114.0,-0.004680280910061896,0.0013228587253688057,0.001639853624574842,0.001640043130789409,0.0027044928316226234,0.0028527009344457904,0.003770153791572183,0.0039573037922228166,0.006673605325276258
2026-06-12 00:00:00+00:00,4238.7998046875,0.02988437301046787,2.190502939708981e-05,0.0013447637547658955,0.0016617586539719317,0.0026542624432873154,0.0028655249397896553,0.0036626152580912508,0.003976692376136546,0.006590874084157524
2026-06-15 00:00:00+00:00,4351.60009765625,0.026263451765016654,0.0008930757502287804,0.00091498077962587,0.002237839504994676,0.002555023910415279,0.003619473611248494,0.004130852144445587,0.004851639519707927,0.007264347797501754
2026-06-16 00:00:00+00:00,4354.39990234375,0.0006431897045757751,0.0006897688986133565,0.0015828446488421366,0.0016047496782392266,0.0032446033028140685,0.004237107092129452,0.004457450612685017,0.005519958393009675,0.007943791839609209
2026-06-17 00:00:00+00:00,4381.39990234375,0.006181480019613161,4.1369299607227283e-07,0.0006901825916094286,0.0015832583418382091,0.0029280220966041047,0.0032452065020247074,0.004448783281627865,0.00537531716280748,0.007356937396714157
2026-06-18 00:00:00+00:00,4245.89990234375,-0.031414497304801614,3.821069523287673e-05,3.862438822894879e-05,0.0007283932868423055,0.0016433740664681755,0.003283227691043017,0.004347866898090799,0.005284084295162335,0.007335320722136479
2026-06-22 00:00:00+00:00,4202.7001953125,-0.010226566064496012,0.0009868706409133878,0.0010250813361462644,0.001025495029142337,0.0026083396779844736,0.003953103432750369,0.005262602121271789,0.005846116072201279,0.00758430620157261
2026-06-23 00:00:00+00:00,4149.39990234375,-0.012763500419268325,0.00010458265347150145,0.0010914532943848891,0.0011296639896177661,0.0018198465812271948,0.002734827360853065,0.004374870491642474,0.0055875282952988535,0.007676428049008789
2026-06-24 00:00:00+00:00,4008.800048828125,-0.03447176509826022,0.00016290694295266272,0.00026748959642416395,0.001254360237337552,0.001292984625566501,0.0028758292744086376,0.0045375879283805695,0.005741354214198292,0.007821743069849717
2026-06-25 00:00:00+00:00,4047.60009765625,0.009632180156806669,0.0011883025889896314,0.001351209531942294,0.0014557921854137955,0.00248087352156006,0.0031710561131694883,0.005408895618164164,0.0067905297244179805,0.009009866848437628
2026-06-26 00:00:00+00:00,4096.2998046875,0.01195994256198496,9.277889457318015e-05,0.0012810814835628114,0.0014439884265154742,0.0025354417209003635,0.002574066109129312,0.004178815787368539,0.006811173201258763,0.009023050567065854
2026-06-29 00:00:00+00:00,4038.89990234375,-0.014111726070165531,0.00014304022608597935,0.00023581912065915927,0.0014241217096487909,0.001691611306072955,0.0027166926422192194,0.004299950984057429,0.0059618991442439255,0.009147957544101134
2026-06-30 00:00:00+00:00,4038.5,-9.901759202435301e-05,0.00019914081267938952,0.0003421810387653686,0.000434959933338549,0.001786169465280843,0.002877622759665732,0.003606016046508038,0.006160850450708748,0.009326330641166426
2026-07-01 00:00:00+00:00,4082.39990234375,0.010811690946125552,9.804483530301216e-09,0.0001991506171629196,0.0003421908432488992,0.0016232723268117105,0.0018907619232358744,0.0029162569523782118,0.0058438653559862415,0.008613945692613402
2026-07-02 00:00:00+00:00,4125.7001953125,0.010550722853549743,0.00011689266111453323,0.0001169024655980633,0.00031604327827745307,0.0005518623989366123,0.001903071930878906,0.0030327359204966728,0.004637899291731969,0.008730106899145175
2026-07-06 00:00:00+00:00,4167.5,0.010080585942922937,0.00011131775273241684,0.00022821041384694983,0.00022822021833048036,0.0005704012570958491,0.00185148274065866,0.003105842977996213,0.004727312015067296,0.008734907926871918
2026-07-07 00:00:00+00:00,4157.39990234375,-0.0024264802533000562,0.00010161821295265552,0.00021293596568507214,0.0003298286267996056,0.0005289792439625252,0.0007647983646216842,0.0022205905500354804,0.003935854477791172,0.008808139049639861
2026-07-08 00:00:00+00:00,4082.39990234375,-0.018204828543172624,5.887806419655105e-06,0.00010750601937231041,0.00021882377210472747,0.0003357262377027908,0.0006779072764681592,0.002121895702983634,0.00325197338559747,0.008811510410576158
2026-07-09 00:00:00+00:00,4140.7998046875,0.014203931870230946,0.0003314157822863127,0.0003373035887059676,0.0004389218016586234,0.0006671322155055732,0.0008662828326684925,0.002290404542317284,0.003582975474887711,0.009124797586205071
2026-07-10 00:00:00+00:00,4113.7001953125,-0.006566044396853599,0.0002017516805741624,0.0005331674628604749,0.0005390552692801302,0.0007519912349652024,0.0008688937005632654,0.0013038536339018152,0.0037465164602289965,0.009305099241467624
2026-07-13 00:00:00+00:00,4005.699951171875,-0.026604579738469525,4.311293902145254e-05,0.0002448646195956147,0.0005762804018819277,0.000683786421254238,0.0009119968351011877,0.0012541876783500874,0.0028027587583370614,0.00920315725729081
2026-07-14 00:00:00+00:00,4069.699951171875,0.015850940084858323,0.0007078036630605831,0.0007509166020820354,0.0009526682826561982,0.0012899718713621656,0.0015029078370472375,0.0018189511153246913,0.0034059797679261428,0.00978151735747337
2026-07-15 00:00:00+00:00,4051.800048828125,-0.004408035788420861,0.0002512523015737684,0.0009590559646343512,0.0010021689036558042,0.001535336366516279,0.0016428423858885891,0.0018710626042190701,0.0034943251265472488,0.009607930795172696
2026-07-16 00:00:00+00:00,3992.10009765625,-0.01484380617963943,1.943077951199912e-05,0.0002706830810857673,0.0009784867441463506,0.0012233513637419653,0.0015606549524479327,0.001890483579247539,0.0023254533170696166,0.009264191144310766
2026-07-17 00:00:00+00:00,4018.800048828125,0.006665930057902614,0.0002203385818987017,0.0002397693614107006,0.0004910216629844693,0.0012419382650665045,0.0017751057279269792,0.0019939295000317076,0.002453013004395138,0.009475448702156246
2026-07-20 00:00:00+00:00,4015.89990234375,-0.0007219053923481766,4.443462353684954e-05,0.000264773205435551,0.00028420398494755046,0.0012432599495819016,0.0014881245691775163,0.0019270463708361402,0.0023544074018460085,0.00938075624692315
2026-07-21 00:00:00+00:00,4076.39990234375,0.014952764652308659,5.211473955013748e-07,4.49557709323507e-05,0.0002652943528310527,0.0005359774339168199,0.0012868940359988552,0.001825949305278986,0.00215578773656212,0.009309141976586256
2026-07-22 00:00:00+00:00,4151.89990234375,0.018351815258357718,0.00022358517074733128,0.00022410631814283243,0.0002685409416796823,0.0005083103030903828,0.001467366267724734,0.0020436466696066623,0.002379363102825921,0.00854041286423277
2026-07-23 00:00:00+00:00,4050.199951171875,-0.02479978671478733,0.0003367891232768911,0.0005603742940242222,0.000560895441419724,0.0008256686468552749,0.0010963517279410418,0.0020490200105972405,0.002599259564988279,0.008877012481295094
2026-07-24 00:00:00+00:00,4070.800048828125,0.0050733017708850525,0.0006150294210989422,0.000951818544375833,0.0011754037151231649,0.0012203594860555154,0.0014601288474662157,0.00246229775112202,0.003102971233354804,0.009175047003187999
2026-07-27 00:00:00+00:00,4077.0,0.0015218715067515376,2.573839085846541e-05,0.0006407678119574073,0.000977556935234299,0.001201663253377131,0.0014664364588126819,0.0024449232029590336,0.003027091411260614,0.00787792666867766
2026-07-28 00:00:00+00:00,4038.699951171875,-0.009438577915329205,2.3160928830621954e-06,2.8054483741527388e-05,0.0006430839048404699,0.001203458198864692,0.0012484139697970422,0.0017394356327815122,0.0030235196977240215,0.007858337732163632
2026-07-29 00:00:00+00:00,4036.300048828125,-0.0005944030747766504,8.90867530637402e-05,9.140284594680218e-05,0.00011714123680526791,0.001068959781181101,0.001293066099323933,0.001577270084271484,0.002781190668501449,0.007054348734998592
2026-07-30 00:00:00+00:00,4100.10009765625,0.01568294462773423,3.533150153039363e-07,8.944006807904392e-05,9.175616096210643e-05,0.0007325239729195137,0.0012928982669437356,0.001558192619774789,0.0025797923029425903,0.006364933151400539
2026-07-31 00:00:00+00:00,4107.0,0.0016814474996778017,0.00024595475219657797,0.00024630806721188166,0.0003353948202756222,0.00036344930401714946,0.0013152678483929821,0.001583808790072665,0.0027826341161177157,0.006610474210601045
2026-08-03 00:00:00+00:00,4090.5,-0.00402562300280529,2.827265694172731e-06,0.0002487820178907505,0.0002491353329060547,0.00034053817885285677,0.000981305990810264,0.0015422014322299883,0.002077657718751305,0.006575090781062341
2026-08-04 00:00:00+00:00,4152.60009765625,0.015067455639012906,1.6205640560715078e-05,1.903290625488759e-05,0.0002649876584514659,0.0003544277265305097,0.00038248221027203683,0.001557885925395202,0.0018426110577382522,0.005604425780709668
2026-08-05 00:00:00+00:00,4305.2001953125,0.03608897216402518,0.0002270282194336218,0.00024323385999433666,0.00024606112568850973,0.0004923691929003913,0.0005837720388471932,0.0015613289740814924,0.0020502084976598747,0.005726871346671789
2026-08-06 00:00:00+00:00,4299.60009765625,-0.0013016219450143751,0.0013024139118557843,0.001529442131289406,0.0015456477718501214,0.0017944297897408718,0.0018838698578199154,0.0025269537626603856,0.003132283827616957,0.00686637831557491
2026-08-07 00:00:00+00:00,4399.7001953125,0.023014383344138523,1.694219687743005e-06,0.0013041081315435272,0.0015311363509771493,0.0015501692572320366,0.0017964773244439182,0.0019136185612491866,0.003089543423767851,0.005679769946273022
2026-08-10 00:00:00+00:00,4419.7001953125,0.004535463500511483,0.0005296618407109607,0.0005313560603987035,0.0018337699722544881,0.0020770038322488246,0.002325785850139575,0.002417542011101682,0.00361868411708331,0.006116652892410803
2026-08-11 00:00:00+00:00,4441.10009765625,0.004830250822388749,2.0570429164471875e-05,0.0005502322698754323,0.0005519264895631758,0.0020813686208525813,0.0021004015271074692,0.0024357963473830915,0.0034156693755004507,0.0059941830954892954
2026-08-12 00:00:00+00:00,4467.5,0.0059268525547668816,2.333132300718718e-05,4.390175217165884e-05,0.00057356359288262,0.001877671724426147,0.0021209055844204835,0.0023700409173265384,0.003102211575230747,0.005818373605817093
2026-08-13 00:00:00+00:00,4420.39990234375,-0.010598800411131037,3.512758120594671e-05,5.845890421313368e-05,7.902933337760598e-05,0.0006103853937763093,0.002139827525065715,0.0024048151835171813,0.002522309735337751,0.005853491382539509
2026-08-14 00:00:00+00:00,4437.2998046875,0.0038158717069123327,0.00011233457015499144,0.00014746215136093795,0.00017079347436812554,0.0007210257442435577,0.0020251338757870845,0.002271195001475595,0.0026089059146342775,0.005848933291579967
2026-08-17 00:00:00+00:00,4473.7001953125,0.008169811040119157,1.456087688361404e-05,0.00012689544703860527,0.0001620230282445524,0.00020592478041621103,0.0007372808408149143,0.002282928612665036,0.002621150698634829,0.005752176415731164
2026-08-18 00:00:00+00:00,4420.60009765625,-0.011940394812965494,6.674581243125286e-05,8.130668931486669e-05,0.00019364125946985856,0.000252100163682992,0.0008023324335584241,0.0023334687845355737,0.0025988097580023416,0.005717304015209763
2026-08-19 00:00:00+00:00,4545.2998046875,0.027818233507169055,0.00014257302828949326,0.0002093188407207459,0.0002238797176043604,0.0003713418689652981,0.00041524362113695674,0.0022490135933914456,0.0027410294712765315,0.0058539892370796
2026-08-20 00:00:00+00:00,4571.39990234375,0.005725793280893399,0.0007738541154593831,0.0009164271437488761,0.0009831729561801295,0.0011100684032187345,0.0011685273074318679,0.0017204537969950442,0.0032689288345393364,0.00629642757025267
2026-08-21 00:00:00+00:00,4680.60009765625,0.02360684534178681,3.278470869552399e-05,0.0008066388241549069,0.0009492118524444006,0.001030518541759267,0.0011779806931202048,0.0017515442860028252,0.0032988862775406875,0.006127460598374032
2026-08-24 00:00:00+00:00,4697.7998046875,0.003667944744055518,0.0005572831469910415,0.0005900678556865653,0.001363921971145949,0.0015732408118666946,0.0017001362589052996,0.0017791655922829062,0.003839963783971014,0.006641630806343621
2026-08-25 00:00:00+00:00,4694.5,-0.0007026617318199868,1.3453818645444499e-05,0.0005707369656364858,0.0006035216743320102,0.0015199488180808862,0.0016012555073957528,0.0017720489817638788,0.003626389383182837,0.005947280961928482
2026-08-26 00:00:00+00:00,4653.2998046875,-0.008815007372689365,4.937335093642631e-07,1.3947552154808545e-05,0.0005712306991458505,0.0013778695233007572,0.001587188364021503,0.0017492113922660557,0.002324469204836417,0.005696522393864078
2026-08-27 00:00:00+00:00,4664.0,0.002296845704414352,7.770435498056786e-05,7.81980884899319e-05,9.165190713537685e-05,0.0006817197628219418,0.001598146906570818,0.001791788166040677,0.0024004793401292417,0.005754795969332647
2026-08-28 00:00:00+00:00,4529.89990234375,-0.029173606410239472,5.275500189886661e-06,8.297985517045431e-05,8.347358867981901e-05,0.0006542105543163045,0.0014608493784712114,0.001684729096075572,0.0018760929996081675,0.005539732887623832
2026-08-31 00:00:00+00:00,4481.5,-0.010742030822671111,0.0008510993109795656,0.000856374811169452,0.0009340791661500204,0.0009480267183048285,0.0015380945739913937,0.0025212675301715236,0.0027066218814232614,0.0063463975750665475
2026-09-01 00:00:00+00:00,4396.39990234375,-0.019171809815448526,0.0001153912261952162,0.0009664905371747815,0.0009717660373646686,0.0010499641258546002,0.001620701091491086,0.002569912943935487,0.0027986817846112903,0.006461267653866263
2026-09-02 00:00:00+00:00,4414.60009765625,0.004131249846343721,0.00036755829159972845,0.00048294951779494444,0.0013340488287745106,0.0014170286839449645,0.001430976236099773,0.0027948982072457224,0.0031311124950050722,0.00660524077471866
2026-09-03 00:00:00+00:00,4539.89990234375,0.02798771202211725,1.7067225292915018e-05,0.00038462551689264326,0.00050001674308786,0.0013563915542573115,0.0014345896427472435,0.0020381113170792543,0.003035845150142996,0.006285518876734684
2026-09-04 00:00:00+00:00,4476.60009765625,-0.014041112330080097,0.0007833120242329664,0.0008003792495258812,0.0011679375411256102,0.002134428078300391,0.0022174079334708456,0.0027886386326166964,0.003804596297492348,0.006453801479868708
2026-09-08 00:00:00+00:00,4439.0,-0.008434725686313982,0.00019715283546592731,0.0009804648596988936,0.000997532084991809,0.001480481602786753,0.002336856413956205,0.0024285083210915824,0.003935003320527023,0.0066252159244761695
2026-09-09 00:00:00+00:00,4460.7001953125,0.004876622322418811,7.114459740336488e-05,0.000268297432869292,0.001051609457102259,0.0014362349739949017,0.002402725511169683,0.0024861990998495025,0.003863574889640894,0.006694044428996473
2026-09-10 00:00:00+00:00,4407.2998046875,-0.01204353542764558,2.3781445275513437e-05,9.49260426788781e-05,0.00029207887814480587,0.0010924581276706867,0.001575407645465631,0.0025094868116156514,0.0031135022194570244,0.0066287391212082455
2026-09-11 00:00:00+00:00,4408.89990234375,0.0003629903420971914,0.0001450467455969542,0.00016882819087246743,0.00023997278827583274,0.0012204376479747257,0.001605063164867369,0.002576829202232038,0.0032257642563584543,0.006773432551789896
2026-09-14 00:00:00+00:00,4351.89990234375,-0.013012694180211781,1.3176198845583604e-07,0.00014517850758540983,0.0001689599528609237,0.0004372573857302153,0.0012376366352560965,0.002571685464030607,0.002668612871355869,0.006527609561581774
2026-09-15 00:00:00+00:00,4332.7998046875,-0.004398569690456711,0.00016933020982771757,0.0001694619718161732,0.00031450871741312784,0.0004094347600920056,0.001389899619790899,0.0018899163628787593,0.0028244892625381417,0.006694112505715319
2026-09-16 00:00:00+00:00,4387.5,0.012545649573883821,1.9347415321804444e-05,0.0001886776251495218,0.00018880938713797808,0.0003576375780104452,0.0006259350108797372,0.0017938725520053474,0.002843342944350582,0.006697254280476409
2026-09-17 00:00:00+00:00,4399.7001953125,0.0027768123817946133,0.00015739332323069132,0.00017674073855249555,0.0003460709483802135,0.0004912494559656231,0.0005861754986445011,0.0015837075836363105,0.0029230319126007055,0.006627619384273478
2026-09-18 00:00:00+00:00,4424.89990234375,0.0057112560909917676,7.710687003687873e-06,0.00016510401023437897,0.00018445142555618385,0.0003539133973723568,0.0005227415882448242,0.0015743510453470832,0.0029254670994145067,0.0053329161594213815
2026-09-21 00:00:00+00:00,4383.89990234375,-0.009308940374303631,3.2618446136890565e-05,4.032913314057822e-05,0.00019772245637127,0.0003864000815207915,0.0005315785891062013,0.0008236574672510074,0.002106986234571832,0.00536384038587053
2026-09-22 00:00:00+00:00,4371.2998046875,-0.0028783138653309948,8.665637089234023e-05,0.00011927481702923058,0.0001269855040329189,0.0003037262425854141,0.00047318821440158734,0.0007131610026774204,0.002078251379268956,0.004920834916051909
