datetime,close,log_return,RV_1d,RV_2d,RV_3d,RV_5d,RV_7d,RV_10d,RV_14d,RV_30d
2021-09-22 00:00:00+00:00,4.804999828338623,,,,,,,,,
2021-09-23 00:00:00+00:00,4.97599983215332,0.0349693150089494,,,,,,,,
2021-09-24 00:00:00+00:00,5.139999866485596,0.03242673178587663,0.0012228529921951335,,,,,,,
2021-09-27 00:00:00+00:00,5.705999851226807,0.10446517322668458,0.0010514929343131817,0.002274345926508315,,,,,,
2021-09-28 00:00:00+00:00,5.841000080108643,0.02338380205486401,0.010912972417281216,0.011964465351594398,0.013187318343789532,,,,,
2021-09-29 00:00:00+00:00,5.477000236511231,-0.06434447978884972,0.0005468021985410624,0.01145977461582228,0.012511267550135461,,,,,
2021-09-30 00:00:00+00:00,5.867000102996826,0.06878589851479511,0.00414021207929769,0.004687014277838752,0.015599986695119968,0.017874332621628283,,,,
2021-10-01 00:00:00+00:00,5.61899995803833,-0.04318974283675936,0.004731499834487692,0.008871711913785382,0.009418514112326443,0.02138297946392084,,,,
2021-10-04 00:00:00+00:00,5.765999794006348,0.025824858828394026,0.0018653538863054064,0.0065968537207930986,0.010737065800090788,0.022196840415913067,0.024471186342421382,,,
2021-10-05 00:00:00+00:00,6.311999797821045,0.09047398802204909,0.0006669233335064808,0.0025322772198118873,0.007263777054299579,0.011950791332138331,0.023915256683732726,,,
2021-10-06 00:00:00+00:00,5.675000190734863,-0.10638195453555288,0.008185542508613882,0.008852465842120363,0.01071781972842577,0.019589531642211153,0.03104930625803343,,,
2021-10-07 00:00:00+00:00,5.677000045776367,0.00035233527493439,0.01131712025080444,0.019502662759418324,0.020169586092924803,0.0267664398137179,0.03145345409155666,0.044640772435346185,,
2021-10-08 00:00:00+00:00,5.565000057220459,-0.019925937242356806,1.2414014596309218e-07,0.011317244390950403,0.019502786899564282,0.022035064119376172,0.030906776033161554,0.04341804358329701,,
2021-10-11 00:00:00+00:00,5.34499979019165,-0.04033548978590229,0.00039704297498634194,0.00039716711513230503,0.011714287365936745,0.020566753208057106,0.027163606928850205,0.04276359362397017,,
2021-10-12 00:00:00+00:00,5.505000114440918,0.029495285739375543,0.001626951736268628,0.00202399471125497,0.0020241188514009334,0.021526781610819258,0.024059058830631145,0.033477572942957584,,
2021-10-13 00:00:00+00:00,5.590000152587891,0.015322523500404861,0.0008699718808474103,0.0024969236171160382,0.00289396659210238,0.014211210983052783,0.023063676825173147,0.03380074262526393,0.047534863167594525,
2021-10-14 00:00:00+00:00,5.686999797821045,0.017203518309999444,0.00023477972642045922,0.0011047516072678694,0.0027317033435364977,0.0031288704586688028,0.022631533218087127,0.029895310272386705,0.04654678990181985,
2021-10-15 00:00:00+00:00,5.409999847412109,-0.04993376811998429,0.0002959610422424861,0.0005307407686629454,0.0014007126495103556,0.0034247073607653255,0.01474195175171573,0.0254597714801415,0.045791258009749154,
2021-10-18 00:00:00+00:00,4.988999843597412,-0.0810136071241907,0.0024933811986603592,0.0027893422409028456,0.0030241219673233046,0.005521045584439343,0.005918212699571648,0.026087798792496453,0.037371666791128307,
2021-10-19 00:00:00+00:00,5.0879998207092285,0.019649333270440827,0.006563204539272722,0.009056585737933082,0.009352546780175568,0.010457298387443437,0.012481293098698408,0.03198407999826269,0.04338806913185996,
2021-10-20 00:00:00+00:00,5.170000076293945,0.01598791247753284,0.0003860962979728528,0.006949300837245576,0.009442682035905935,0.00997342280456888,0.012470346421684918,0.024184633787621663,0.03963395335053513,
2021-10-21 00:00:00+00:00,5.114999771118164,-0.010695348620980205,0.00025561334538925026,0.0006417096433621039,0.007204914182634825,0.009994256423537672,0.011099008030805541,0.013123126882206473,0.03515806686143668,
2021-10-22 00:00:00+00:00,5.28000020980835,0.031748782798192376,0.00011439048212430318,0.0003700038275135543,0.0007561001254864062,0.009812685863419488,0.010343426632082433,0.013237393224184813,0.03340710345725558,
2021-10-25 00:00:00+00:00,5.8979997634887695,0.11068713283824194,0.0010079852091667962,0.0011223756912911002,0.0013779890366803495,0.008327289873925925,0.01111663211482877,0.013848335458365267,0.0337481653329159,
2021-10-26 00:00:00+00:00,5.881999969482422,-0.0027164353493376314,0.012251641375950617,0.013259626585117413,0.013374017067241716,0.014015726710603818,0.0230723124485369,0.024473025098047257,0.03781426420025263,
2021-10-27 00:00:00+00:00,6.202000141143799,0.05297500849254089,7.379021007131059e-06,0.01225902039695775,0.013267005606124545,0.013637009433638098,0.020586310270883673,0.02361043223820698,0.02650452297045532,
2021-10-28 00:00:00+00:00,5.7820000648498535,-0.07012218862607322,0.002806351524784779,0.0028137305457919116,0.015065371921742527,0.016187747613033626,0.016829457256395727,0.026182004036571296,0.029310750355094138,
2021-10-29 00:00:00+00:00,5.426000118255615,-0.06354741877897885,0.004917121337710593,0.007723472862495374,0.0077308518835025025,0.020990478468619917,0.021360482296133465,0.030803164332039404,0.03383082871781839,
2021-11-01 00:00:00+00:00,5.185999870300293,-0.04523957392410494,0.004038274433470913,0.008955395771181509,0.011761747295966286,0.024020767692924033,0.02514314338421513,0.032348057566849955,0.03624215141502067,
2021-11-02 00:00:00+00:00,5.541999816894531,0.06639275129429767,0.0020466190488345553,0.006084893482305469,0.011002014820016061,0.013815745365807972,0.027075371950925384,0.02783147207641179,0.03741879858300782,
2021-11-03 00:00:00+00:00,5.670000076293945,0.02283371779419774,0.004407997424426465,0.0064546164732610205,0.010492890906731932,0.018216363769227306,0.030475384166185053,0.0318533732028654,0.04159201628101382,
2021-11-04 00:00:00+00:00,5.716000080108643,0.00808014288704606,0.0005213786683050624,0.004929376092731527,0.006975995141566081,0.01593139091274759,0.018745121458539498,0.032119138525781216,0.0418174339070764,0.08988303784333387
2021-11-05 00:00:00+00:00,5.515999794006348,-0.0356163514961263,6.528870907508104e-05,0.0005866673773801434,0.0049946648018066074,0.011079558284112077,0.018803031146607446,0.03207003675273199,0.03938934141749112,0.08872547356021382
2021-11-08 00:00:00+00:00,5.427000045776367,-0.01626641907010451,0.001268524493895618,0.001333813202970699,0.0018551918712757607,0.008309808344536783,0.01726520411571829,0.03233057603746081,0.03409466137211402,0.08894250511979626
2021-11-09 00:00:00+00:00,4.979000091552734,-0.08615741746837702,0.00026459638936425966,0.0015331208832598774,0.0015984095923349578,0.006527785685066486,0.012612679167371955,0.02034353105087446,0.03397316146350542,0.0782941290918793
2021-11-10 00:00:00+00:00,4.880000114440918,-0.020083842731757784,0.007423100584820198,0.007687696974184457,0.008956221468080075,0.009542888845460219,0.01599750531872124,0.02775925261468752,0.04114064870293637,0.08517042747815842
2021-11-11 00:00:00+00:00,5.14900016784668,0.05365731034585841,0.00040336073887397997,0.007826461323694177,0.008091057713058436,0.009424870916029136,0.014354247008760663,0.025356261828776726,0.04142961895968605,0.08143357613773472
2021-11-12 00:00:00+00:00,4.790999889373779,-0.0720634188513607,0.0028791069535517642,0.003282467692425744,0.01070556827724594,0.01223868916050582,0.012825356537885963,0.0233182474446179,0.043300740704071014,0.0795811832567988
2021-11-15 00:00:00+00:00,5.017000198364258,0.04609305022997501,0.005193136336546648,0.008072243290098412,0.008475604028972392,0.01616330100315685,0.01749711420612755,0.024473109347693634,0.03624223566466705,0.08290896570704005
2021-11-16 00:00:00+00:00,5.177000045776367,0.031393561721485774,0.002124569279502999,0.007317705616049648,0.01019681256960141,0.018023273893295586,0.019556394776555467,0.024551059578362074,0.03835942592316291,0.08436661165303656
2021-11-17 00:00:00+00:00,4.815999984741211,-0.07228204192385523,0.000985555717560737,0.003110124997063737,0.008303261333610383,0.011585729026036128,0.019273426000220587,0.02112861787149635,0.03653863011593887,0.07716662486198342
2021-11-18 00:00:00+00:00,4.901999950408936,0.017699570151258115,0.005224693584681966,0.006210249302242704,0.008334818581745701,0.016407061871844115,0.02423352319553829,0.02583193278787325,0.036846202362910245,0.07107419819586094
2021-11-19 00:00:00+00:00,5.065000057220459,0.03271087400844985,0.0003132747835393072,0.005537968368221273,0.006523524085782009,0.013841229701831657,0.0171236973942574,0.02607991886233748,0.033121202712978644,0.07138734883925428
2021-11-22 00:00:00+00:00,4.789000034332275,-0.056032520468416,0.0010700012783966802,0.0013832760619359881,0.006607969646617952,0.00971809464368169,0.0177903379337801,0.02588139564683854,0.032144584942540765,0.07206030714266462
2021-11-23 00:00:00+00:00,4.9670000076293945,0.0364944091317716,0.0031396433500434583,0.004209644628440139,0.004522919411979445,0.010733168714222148,0.018050874330271797,0.028756442607517738,0.03087623086815776,0.07357299875643945
2021-11-24 00:00:00+00:00,5.067999839782715,0.02013019318414866,0.0013318418978771342,0.004471485247920594,0.005541486526317272,0.011079454894538546,0.01418957989160228,0.022665183920574677,0.03168669409772983,0.07403486877346917
2021-11-26 00:00:00+00:00,5.447000026702881,0.0721187724584682,0.00040522467763114513,0.0017370665755082801,0.004876709925551737,0.006259985987487725,0.012470235289730427,0.02266704785933184,0.032026630066285894,0.07420531372467987
2021-11-29 00:00:00+00:00,4.854000091552734,-0.11526187713814084,0.0052011173409163124,0.005606342018547458,0.006938183916424591,0.011147828544864732,0.016685796913086005,0.024989058246696387,0.03595922291330659,0.07911047002335368
2021-11-30 00:00:00+00:00,4.566999912261963,-0.06094661117415101,0.013285300321407876,0.01848641766232419,0.018891642339955335,0.023363127587875926,0.024746403649811913,0.033081222231557614,0.0489799268453502,0.08990238914610121
2021-12-01 00:00:00+00:00,4.257999897003174,-0.0700569727092828,0.003714489413613149,0.016999789735021028,0.02220090707593734,0.02393797365144562,0.028147618279885756,0.03467114236566777,0.04527131567414316,0.08705367402044163
2021-12-02 00:00:00+00:00,4.056000232696533,-0.04860221862245173,0.004907979425189194,0.008622468838802345,0.021907769160210217,0.027514111178757676,0.03198559642667827,0.03859356607329622,0.04977593436045837,0.09157555714765797
2021-12-03 00:00:00+00:00,4.131999969482422,0.018564220211903848,0.002362175655024594,0.00727015508021379,0.010984644493826936,0.029471062156151126,0.03120812873165941,0.03573104814363885,0.0492590030619312,0.09368211945729332
2021-12-06 00:00:00+00:00,3.6570000648498535,-0.12211838697140598,0.00034463027207605934,0.002706805927100655,0.0076147853522898455,0.024614575087310873,0.03022091710585833,0.0357624036321756,0.044410496997460615,0.09391235924724507
2021-12-07 00:00:00+00:00,3.7079999446868896,0.013849475886054341,0.014912900436498058,0.01525753070857412,0.01761970636359871,0.026242175202401054,0.04472859286472524,0.04960530279027698,0.05719882815445568,0.10781727447457633
2021-12-08 00:00:00+00:00,3.815000057220459,0.028448046948857053,0.00019180798231840067,0.01510470841881646,0.015449338690892515,0.022719493771106308,0.03971928350612733,0.046657467422551925,0.056405080419213334,0.09575744108094413
2021-12-09 00:00:00+00:00,3.813999891281128,-0.0002622010622133075,0.0008092913752043751,0.0010010993575227775,0.015913999794020833,0.01862080572112149,0.02724327455992383,0.04613491689987916,0.05198967820973575,0.09655935343514137
2021-12-10 00:00:00+00:00,3.924999952316284,0.02868786041263771,6.874939702578677e-08,0.0008093601246014026,0.0010011681069197998,0.01625869881549392,0.02352885389570771,0.04572976097164504,0.05167647217559346,0.0937530706597536
2021-12-13 00:00:00+00:00,3.7939999103546143,-0.03394549120103085,0.000822993335054986,0.0008230620844520135,0.001632353459656385,0.016737061878472844,0.0194438678055735,0.041351636965783714,0.05142946423225177,0.089658942657098
2021-12-14 00:00:00+00:00,3.746999979019165,-0.01246533367244207,0.001152296372879263,0.0019752897079342506,0.001975358457331273,0.0029764578148540524,0.01823398852342817,0.029218633017255104,0.04944211725508757,0.08677296459650635
2021-12-15 00:00:00+00:00,3.802000045776367,0.014571741894131574,0.00015538454356531808,0.0013076809164445828,0.002130674251499565,0.0029400343761009696,0.018044742794917426,0.025659528147207275,0.048265659900775755,0.08488173009123712
2021-12-16 00:00:00+00:00,3.766000032424927,-0.009513817261440627,0.0002123356618291892,0.0003677202053945092,0.0015200165782737688,0.0023430786627257837,0.0033441780202485595,0.02096388438384727,0.0480727708849738,0.08068606832863984
2021-12-17 00:00:00+00:00,3.690000057220459,-0.020386965285537073,9.051271888408563e-05,0.0003028483807132768,0.0004582329242785912,0.0024335226322128433,0.0032428827568142444,0.018692221447706762,0.042962166262941574,0.08025520237921886
2021-12-20 00:00:00+00:00,3.8340001106262207,0.0382821999181131,0.0004156283535536937,0.0005061410724377814,0.0007184767342669669,0.0020261576507115517,0.0028492197351635633,0.018763219529184392,0.03009249429508739,0.08060554202369748
2021-12-21 00:00:00+00:00,3.86899995803833,0.009087391395316224,0.0014655268305703787,0.0018811551841240745,0.0019716679030081564,0.002339388108402667,0.004314677816336916,0.0053158459232567155,0.027843531712044622,0.08080254436037224
2021-12-22 00:00:00+00:00,3.9760000705718994,0.02728024167103449,8.258068237166736e-05,0.001548107512942048,0.0019637358664957383,0.0022665842472090166,0.0035742651636535977,0.005206618623309982,0.02301813296922709,0.08062052865337965
2021-12-23 00:00:00+00:00,3.7309999465942383,-0.06360002661883946,0.0007442115856300466,0.0008267922680017161,0.0022923190985720907,0.002798460171009874,0.003166180376404381,0.005141538833735654,0.021400168899832546,0.07394163965418948
2021-12-27 00:00:00+00:00,4.059999942779541,0.08450667959497249,0.004044963385917088,0.004789174971547136,0.0048717556539187995,0.0067529108380428755,0.00705575921875615,0.009186433470255717,0.025100502013673573,0.0775832423012326
2021-12-28 00:00:00+00:00,4.054999828338623,-0.0012323142858186031,0.007141378896167339,0.011186342282084429,0.011930553867714471,0.013478661380656523,0.013984802453094301,0.01550481903136807,0.01732898047334286,0.08184551424384817
2021-12-29 00:00:00+00:00,4.02400016784668,-0.007674170725274765,1.5185984990326139e-06,0.0071428974946663734,0.011187860880583458,0.012014653148585177,0.013895808332709248,0.014354041256987839,0.017138691089523487,0.07665389650580055
2021-12-30 00:00:00+00:00,3.561000108718872,-0.12223503968276539,5.889289632066421e-05,6.041149481969856e-05,0.007201790390987034,0.011990965362534172,0.013539072875476219,0.014257549609743186,0.016388292610639777,0.07458822012261822
2021-12-31 00:00:00+00:00,3.7300000190734863,0.04636680394318593,0.01494140492624723,0.015000297822567897,0.015001816421066926,0.026188158703151356,0.02701495097115307,0.028986618874161228,0.03132962878748998,0.08854406933130472
2022-01-03 00:00:00+00:00,3.815000057220459,0.022532440965970624,0.0021498805079058422,0.017091285434153072,0.017150178330473734,0.02429307582514011,0.029082250796687244,0.031045986663182985,0.03265651596034084,0.08546925625452859
2022-01-04 00:00:00+00:00,3.7170000076293945,-0.026023786367546986,0.0005077108958849512,0.002657591403790795,0.017598996330038023,0.017659407824857722,0.02884575010694215,0.031138069205514242,0.03201193048334653,0.08566369236687424
2022-01-05 00:00:00+00:00,3.881999969482422,0.04343358351783255,0.0006772374569037244,0.0011849483527886773,0.0033348288606945163,0.018335126683262412,0.025478024177928788,0.030349779831847588,0.03253378339668494,0.08527092854538128
2022-01-06 00:00:00+00:00,3.812000036239624,-0.018196481586837843,0.0018864761772005355,0.0025637136341042617,0.0030714245299892093,0.020162709964142284,0.020223121458961983,0.032153675326676456,0.03420792391205628,0.08401776137253836
2022-01-07 00:00:00+00:00,3.9159998893737793,0.026916701119784836,0.00033111194214012864,0.0022175881193406658,0.002894825576244387,0.005552416980035183,0.02055271480260308,0.031740575683186535,0.034448523135312326,0.08301703141680136
2022-01-10 00:00:00+00:00,4.078999996185303,0.04078116298175494,0.0007245087991718263,0.0010556207413119564,0.002942096918512489,0.0041270452713011675,0.02121833070545424,0.028420121096441275,0.034757403580930456,0.08333631553834203
2022-01-11 00:00:00+00:00,4.249000072479248,0.04083181879041131,0.0016631032541444591,0.002387612053316287,0.0027187239954564123,0.005282437629560675,0.00794002903335147,0.022941845454418394,0.03495498000450454,0.07979830145157019
2022-01-12 00:00:00+00:00,4.85699987411499,0.13373725925471436,0.0016672374257329862,0.0033303406798774467,0.00405484947904927,0.006272437598389937,0.007457385951178615,0.024607564281652346,0.03653963674786585,0.06818023855589529
2022-01-13 00:00:00+00:00,4.269999980926514,-0.1288071146716685,0.01788565451296268,0.01955289193869567,0.021215995192840124,0.022271615934152084,0.024835329568256344,0.042434325898294364,0.05368107967519849,0.08235140365524482
2022-01-14 00:00:00+00:00,4.26200008392334,-0.0018752694061794362,0.016591272790040357,0.034476927303003044,0.03614416472873602,0.038531776782052315,0.04074936490139298,0.04408419376208749,0.06622738907932176,0.09403469702009598
2022-01-18 00:00:00+00:00,4.2829999923706055,0.0049151434844185715,3.516635345752575e-06,0.016594789425386114,0.03448044393834879,0.03781078461822624,0.03886640535953819,0.0419378298895274,0.05908952681850017,0.09167603800041714
2022-01-19 00:00:00+00:00,4.031000137329102,-0.0606391786486391,2.4158635472422335e-05,2.767527081817838e-05,0.01661894806085853,0.0361718399995542,0.038559452052870494,0.041454277629114876,0.05911216685547356,0.0913555663638135
2022-01-20 00:00:00+00:00,3.802000045776367,-0.058487262096961645,0.0036771099871815683,0.003701268622653994,0.003704785257999743,0.038181712561002785,0.041512053240880226,0.04445415015939271,0.06273038394633447,0.08011977591449702
2022-01-21 00:00:00+00:00,3.999000072479248,0.05051709188271136,0.0034207598275986864,0.007097869814780259,0.007122028450252677,0.02371681787563879,0.04326970981433446,0.04598843380979086,0.05120973884768592,0.0833487277597773
2022-01-24 00:00:00+00:00,4.026999950408936,0.006977321565650563,0.002551976572286302,0.0059727363998849925,0.009649846387066556,0.009677521657884734,0.04415444896088778,0.04820929843993704,0.05161183491206638,0.08509141295685924
2022-01-25 00:00:00+00:00,4.052999973297119,0.006435671503072893,4.868301623049242e-05,0.002600659588516798,0.006021419416115481,0.009722688038769476,0.026317477464155584,0.04753347265699571,0.05115280703241192,0.0851400272236927
2022-01-26 00:00:00+00:00,4.276999950408936,0.05379447659219938,4.1417867695464504e-05,9.010088392596039e-05,0.002642077456212259,0.009739947270992517,0.009767622541810692,0.04591178727054671,0.05051698744320366,0.08435845175633318
2022-01-27 00:00:00+00:00,6.264999866485596,0.3817267493869263,0.002893845711828687,0.002935263579524155,0.002983946595754644,0.008956682995639636,0.012657951618293627,0.04713839555664241,0.051524356977831816,0.0861000010952826
2022-01-28 00:00:00+00:00,4.638999938964844,-0.300479754424231,0.14571531119750925,0.14860915690933793,0.1486505747770334,0.15125123436555019,0.15834910418033044,0.17496805224118897,0.19690855623320092,0.23165992774922653
2022-01-31 00:00:00+00:00,4.874000072479248,0.0494161574609604,0.09028808281884619,0.23600339401635545,0.2388972397281841,0.23898734061211008,0.24496007701199507,0.2486648622699948,0.28647213025287527,0.32173567490624355
2022-02-01 00:00:00+00:00,4.750999927520752,-0.025559863124396065,0.002441956618206432,0.09273003943705262,0.23844535063456188,0.24138061421408602,0.24398127380260282,0.2511033022528555,0.28725098361693724,0.32408711880556584
2022-02-02 00:00:00+00:00,5.500999927520752,0.14657477376846462,0.0006533066029378617,0.003095263221144294,0.09338334603999049,0.24199250294932842,0.24208260383325436,0.2517324502203209,0.28623705279414213,0.32432479705495004
2022-02-03 00:00:00+00:00,4.888000011444092,-0.11814665650711453,0.021484164305276582,0.022137470908214444,0.024579427526420877,0.2605828215427763,0.26351808512230046,0.2695395045384159,0.28983556258645604,0.3443434345296562
2022-02-04 00:00:00+00:00,4.572000026702881,-0.0668324724374676,0.013958632443810109,0.035442796749086694,0.03609610335202455,0.12882614278907717,0.2774352996984151,0.2800773771546273,0.2872029222402258,0.3582194862910947
2022-02-07 00:00:00+00:00,4.23199987411499,-0.07727608696307664,0.004466579372104866,0.018425211815914975,0.03990937612119156,0.04300463934233585,0.2790080333586913,0.2819919799544459,0.2916659849769849,0.3619418540775695
2022-02-08 00:00:00+00:00,4.248000144958496,0.0037736532535643796,0.005971593616324983,0.01043817298842985,0.02439680543223996,0.0465342763404544,0.13926431577750703,0.28791489055454045,0.2976134199578374,0.3638684843079774
2022-02-09 00:00:00+00:00,4.008999824523926,-0.05790652817374298,1.4240458878137027e-05,0.00598583407520312,0.010452413447307986,0.04589521019639468,0.04899047341753897,0.2878877131457231,0.293950550429534,0.35674134587068823
2022-02-10 00:00:00+00:00,3.9590001106262207,-0.012550293822870318,0.003353166005136489,0.003367406464014626,0.00933900008033961,0.027764211896254585,0.04990168280446903,0.2883470334390309,0.2938829566070718,0.36009299327732563
2022-02-11 00:00:00+00:00,3.940999984741211,-0.0045570017259035644,0.00015750987504037684,0.003510675880176866,0.0035249163390550027,0.013963089327484851,0.049405886076571544,0.14278923211656203,0.29148848990982595,0.36019161025604535
2022-02-14 00:00:00+00:00,4.195000171661377,0.06245888649857978,2.0766264729888067e-05,0.00017827613977026491,0.0035314421449067542,0.009517276220109875,0.027942488036024848,0.052521915562445724,0.2914605731583253,0.3452709715945281
2022-02-15 00:00:00+00:00,4.306000232696533,0.026116072142597924,0.0039011125026424715,0.003921878767372359,0.0040793886424127365,0.0074467951064273626,0.017884968094857213,0.053981071446881766,0.2953202677932723,0.34702220358926467
2022-02-16 00:00:00+00:00,4.7170000076293945,0.09116355293731204,0.0006820492241573793,0.004583161726799851,0.004603927991529738,0.008114603871706604,0.014100437946909725,0.054009814068101285,0.29310847130560097,0.3471965419175371
2022-02-17 00:00:00+00:00,4.486000061035156,-0.050211556215836506,0.008310793384154094,0.008992842608311473,0.012893955110953946,0.013072231250724209,0.016439637714738838,0.04083644314697879,0.15570395349224583,0.3548300978447875
2022-02-18 00:00:00+00:00,4.431000232696533,-0.012336104970782635,0.0025212003776161097,0.010831993761770204,0.011514042985927585,0.015435921753299942,0.018946597633476808,0.029399011080784795,0.06793707105101575,0.355464822045203
2022-02-22 00:00:00+00:00,4.498000144958496,0.015007541031515137,0.00015217948585016805,0.0026733798634662777,0.010984173247620372,0.015567334974420222,0.01574561111419049,0.025084611194530097,0.06564729391865949,0.35528588958891305
2022-02-23 00:00:00+00:00,4.623000144958496,0.027410990597578788,0.00022522628781261042,0.00037740577366277846,0.002898606151278888,0.01189144875959036,0.015813327526962722,0.01933824386601772,0.06521921360353423,0.3547866070775539
2022-02-24 00:00:00+00:00,4.567999839782715,-0.011968439082152615,0.0007513624055405527,0.000976588693353163,0.0011287681792033313,0.011960761940973534,0.016543923667773384,0.02007536581268014,0.044486411703798204,0.3538748662289499
2022-02-25 00:00:00+00:00,4.46999979019165,-0.021687075591386717,0.00014324353406319814,0.0008946059396037508,0.0011198322274163612,0.0037932120908826376,0.012786054699194112,0.016865443341606848,0.030671022794051296,0.35235087233728013
2022-02-28 00:00:00+00:00,4.401999950408936,-0.015329389849791042,0.00047032924770652154,0.0006135727817697197,0.0013649351873102724,0.0017423409609730492,0.012574334722743255,0.01717826271427299,0.02667477266965295,0.334935547072024
2022-03-01 00:00:00+00:00,4.572999954223633,0.038110462827084524,0.00023499019316687662,0.0007053194408733982,0.0008485629749365963,0.0018251516682897579,0.004498531531756037,0.017392486642709985,0.02093816924649485,0.31857926447515056
2022-03-02 00:00:00+00:00,4.76200008392334,0.040498331022440937,0.0014524073768945912,0.0016873975700614679,0.002157726817767989,0.0030523327573717387,0.0034297385310345188,0.014943781516962101,0.0223763361645113,0.32002815521669936
2022-03-03 00:00:00+00:00,4.7220001220703125,-0.008435301173498555,0.001640114815603202,0.003092522192497793,0.00332751238566467,0.003941085167434388,0.004917673860787553,0.015901847108407925,0.020663284974978012,0.32164411139683013
2022-03-04 00:00:00+00:00,5.015999794006348,0.060400297748582465,7.11543058876261e-05,0.001711269121490828,0.003163676498385419,0.0038689959392588158,0.004763601878862568,0.007662208030141456,0.02057692940582526,0.3180381557155362
2022-03-07 00:00:00+00:00,4.833000183105469,-0.03716533151385448,0.003648195968117416,0.0037193502740050424,0.0053594650896082435,0.0070468626596697104,0.007660435441439431,0.008789203620642762,0.02420435910921279,0.31826559185605496
2022-03-08 00:00:00+00:00,4.526999950408936,-0.06540797325013692,0.001381261866534705,0.005029457834652121,0.005100612140539747,0.00819313433303754,0.00889845377391094,0.0100182860013273,0.021684508473105026,0.3170948771503033
2022-03-09 00:00:00+00:00,4.526000022888184,-0.00022090523092210823,0.004278202964690627,0.005659464831225333,0.009307660799342747,0.011018929920833575,0.012706327490895043,0.014071262678205316,0.02528066221363827,0.3213243970987635
2022-03-10 00:00:00+00:00,4.63100004196167,0.02293428429126343,4.8799121048749963e-08,0.0042782517638116765,0.00565951363034638,0.009378863904351421,0.012471386096849217,0.013319949071785813,0.016969917628605224,0.3212830280301891
2022-03-11 00:00:00+00:00,4.724999904632568,0.020094704202468838,0.0005259813959524925,0.0005260301950735421,0.004804233159764168,0.009833690994416288,0.011544960115907117,0.013702686933675106,0.014974698646941608,0.31891516371431283
2022-03-14 00:00:00+00:00,4.6579999923706055,-0.014281370937885285,0.00040379713698471877,0.0009297785329372122,0.0009298273320582592,0.00658929216328359,0.010308642437288634,0.013636154822953304,0.01522631629807616,0.17360364965378833
2022-03-15 00:00:00+00:00,4.567999839782715,-0.019510732544365084,0.00020395755586547442,0.0006077546928501941,0.0011337360888026848,0.005411987852614359,0.010441445687266482,0.013605122185651903,0.015205047566129023,0.0835195243908076
2022-03-16 00:00:00+00:00,4.748000144958496,0.03864806999798209,0.00038066868441774684,0.0005846262402832221,0.000988423377267939,0.0015144535723414796,0.007173918403566813,0.012533383493175057,0.014834353845006216,0.08145823645701893
2022-03-17 00:00:00+00:00,4.989999771118164,0.049712356617468645,0.0014936733145689235,0.0018743419989866712,0.002078299554852144,0.0030080780877893543,0.007286329851601032,0.012386941992140778,0.016184783625511942,0.08229860316864998
2022-03-18 00:00:00+00:00,4.86299991607666,-0.02578034973119836,0.0024713184004623787,0.003964991715031303,0.004345660399449048,0.00495341509229924,0.005479445287372783,0.01478710608671553,0.0181857727782678,0.06328575726383578
2022-03-21 00:00:00+00:00,4.900000095367432,0.00757971041519756,0.0006646264322628994,0.003135944832725279,0.0046296181472942005,0.005214244387577421,0.006144022920514634,0.011803536550861016,0.01861540901736382,0.04999175125228857
2022-03-22 00:00:00+00:00,5.186999797821045,0.05692023181192707,5.745200997825437e-05,0.0007220784422411546,0.0031933968427035313,0.005067738841690201,0.0056754935345403965,0.010479726694304563,0.017220453650447484,0.04558262389016196
2022-03-23 00:00:00+00:00,5.23199987411499,0.00863813370305766,0.0032399127895235144,0.0032973647995017696,0.003961991231764667,0.007926982946795969,0.008511609187079192,0.009441436519137451,0.018820251624367797,0.04285094306336049
2022-03-24 00:00:00+00:00,5.401000022888184,0.0317905357542152,7.461735387190063e-05,0.0033145301433954158,0.0033719821533736683,0.006507926986098945,0.008382268985085617,0.009516005073888303,0.01882371467235207,0.04291131995835426
2022-03-25 00:00:00+00:00,5.571000099182129,0.03099046299344632,0.001010638163540035,0.0010852555174119365,0.004325168306935449,0.005047246749176602,0.009012238464207905,0.010000661841475847,0.016186156867774693,0.0405687921167578
2022-03-28 00:00:00+00:00,5.507999897003174,-0.011373026675056463,0.0009604087965481659,0.001971046960088202,0.0020456643139601005,0.005343029113461868,0.008478973946187148,0.010557273501039292,0.015765303797788153,0.041371691038265594
2022-03-29 00:00:00+00:00,5.335999965667725,-0.03172525998767384,0.00012934573575154587,0.0010897545322997126,0.002100392695839746,0.0054149228392351605,0.006137001281476315,0.010482661680925364,0.011616446568849071,0.04148027050928725
2022-03-30 00:00:00+00:00,5.605000019073486,0.049182757747826766,0.0010064921212854985,0.0011358378570370453,0.0020962466535852094,0.003181502170997144,0.0064788669704989145,0.011108485117793117,0.01262288989101352,0.03858565012793028
2022-03-31 00:00:00+00:00,5.642000198364258,0.006579587811239351,0.002418943659681414,0.003425435780966913,0.0035547815167184574,0.0055258284768066575,0.008840358620202073,0.012033755462905606,0.014515852154742442,0.04032254456345431
2022-04-01 00:00:00+00:00,5.71999979019165,0.013730120973620474,4.329097576580944e-05,0.002462234635447224,0.003468726756732721,0.004558481289032432,0.0056437368064443695,0.009605728038209038,0.014155345993523532,0.03205504215506603
2022-04-04 00:00:00+00:00,5.711999893188477,-0.0013995623741378527,0.00018851622195025284,0.00023180719771606314,0.0026507508573974754,0.003786588714434519,0.005757635674522721,0.00912961782789639,0.01413990465960831,0.029722357999400168
2022-04-05 00:00:00+00:00,6.0320000648498535,0.054509435118838656,1.9587748391023827e-06,0.0001904749967893561,0.0002337659725551638,0.0036592017535220754,0.0047489562858217885,0.009074124592757239,0.013761194750029668,0.029572137288389103
2022-04-06 00:00:00+00:00,6.02899980545044,-0.0004975142183172299,0.002971278516974881,0.002973237291813984,0.0031617535137642354,0.005623988149211457,0.0067598260062485035,0.008805490320208605,0.015238799952435624,0.032318189517551374
2022-04-07 00:00:00+00:00,6.359000205993652,0.053290037440994587,2.4752039742780425e-07,0.0029715260373723096,0.0029734848122114103,0.003205292009927472,0.006630727790894386,0.008731120486734132,0.012767729072370674,0.03156707463240825
2022-04-08 00:00:00+00:00,6.277999877929688,-0.012819725703681062,0.002839828090462605,0.0028400756108600336,0.005811354127834912,0.006001829124624268,0.008464063760071493,0.010560310413656702,0.014942930730570379,0.03426365918880765
2022-04-11 00:00:00+00:00,6.64300012588501,0.05651224865750626,0.0001643453671176209,0.0030041734575802265,0.0030044209779776527,0.0059776582697916355,0.0062094654675077,0.009764246984226158,0.015049824087709746,0.03395767530821875
2022-04-12 00:00:00+00:00,6.679999828338623,0.005554274217615118,0.003193634248327818,0.0033579796154454395,0.006197807705908043,0.00916933374328035,0.009359808740069708,0.01282853549680243,0.01500354554651405,0.03691631936337969
2022-04-13 00:00:00+00:00,6.997000217437744,0.04636355498886924,3.084996208446403e-05,0.0032244842104122828,0.003388829577529902,0.006228905188389934,0.009202142480203918,0.011852893337601395,0.014959778154726612,0.03549476194856957
2022-04-14 00:00:00+00:00,7.300000190734863,0.042392857442796306,0.0021495792312059016,0.0021804291932903666,0.005374063441618183,0.008378236899198407,0.011349762936570718,0.011583528909125883,0.016098719222392477,0.03600422636417227
2022-04-18 00:00:00+00:00,7.820000171661377,0.06881020222639367,0.00179715436216525,0.003946733593371153,0.003977583555455615,0.007335563170901052,0.010175638781761087,0.013337392295525323,0.016935464788009565,0.03773022642044989
2022-04-19 00:00:00+00:00,7.176000118255615,-0.08594243527298517,0.0047348439304371924,0.006531998292602443,0.008681577523808343,0.011906061734220624,0.014910235191800852,0.01788372000401226,0.02154096298269521,0.03881687438276967
2022-04-20 00:00:00+00:00,6.936999797821045,-0.03387276597766631,0.007386102180651246,0.012120946111088441,0.013918100473253687,0.016098529666544053,0.01945650928198949,0.025267863409824405,0.02792057304206096,0.04482171469688621
2022-04-21 00:00:00+00:00,6.956999778747559,0.0028789398805011412,0.0011473642749777481,0.008533466455628995,0.013268310386066186,0.017215043979437336,0.02043952818984962,0.023443949167827275,0.02664899365735729,0.041690876007173326
2022-04-22 00:00:00+00:00,6.533999919891357,-0.0627290142200494,8.288294835539925e-06,0.0011556525698132889,0.008541754750464533,0.015073753043066976,0.017254182236357343,0.023451989942265387,0.02661399097642702,0.04169911550288782
2022-04-25 00:00:00+00:00,6.669000148773193,0.020450645039737703,0.003934929225019159,0.0039432175198547,0.005090581794832445,0.017211527905920884,0.021158261499292036,0.024547091076821938,0.03036040397949593,0.04510806333195449
2022-04-26 00:00:00+00:00,6.849999904632568,0.026778692393540915,0.0004182288825413483,0.0043531581075605084,0.004361446402396045,0.01289491285802504,0.019426911150627484,0.024800974592245666,0.030776674087198176,0.04512249507751112
2022-04-27 00:00:00+00:00,7.267000198364258,0.05909494057919895,0.000717098366307886,0.0011353272488492353,0.005070256473868391,0.00622590904368168,0.01834685515477012,0.022324438710225734,0.02852249393653118,0.04563563588795353
2022-04-28 00:00:00+00:00,6.888000011444092,-0.05356281014419695,0.003492212002059055,0.004209310368366942,0.004627539250908287,0.008570756770762985,0.017104223226391983,0.025785800750200327,0.03201445841819281,0.04874717920559484
2022-04-29 00:00:00+00:00,7.24399995803833,0.05039276544167337,0.0028689746305432876,0.006361186632602343,0.007078284998910226,0.011431443106470733,0.012587095676284023,0.02650519614953771,0.03204360495827349,0.0501224805215692
2022-05-02 00:00:00+00:00,7.474999904632568,0.03139057229000852,0.00253943080885951,0.005408405439402799,0.00890061744146185,0.010035944690311084,0.013979162210165784,0.027247472596231972,0.03441869040001538,0.05019059292996633
2022-05-03 00:00:00+00:00,7.953999996185303,0.06211083978733889,0.0009853680286942509,0.0035247988375537616,0.006393773468097047,0.010603083836463988,0.014956241944024496,0.023497996694489032,0.03221042418038181,0.05051133452639769
2022-05-04 00:00:00+00:00,8.414999961853027,0.05634087680365418,0.0038577564190884796,0.004843124447782732,0.0073825552566422386,0.013743741889244581,0.014879069138093818,0.019969650932926266,0.03603733063738583,0.05431163893550791
2022-05-05 00:00:00+00:00,8.782999992370605,0.04280221095676762,0.003174294399004538,0.0070320508180930184,0.008017418846787267,0.013425824286190064,0.017635134654557006,0.021996581056953055,0.03706204580518447,0.05424602054498893
2022-05-06 00:00:00+00:00,8.043000221252441,-0.08801585863569805,0.0018320292627876378,0.005006323661792177,0.008864080080880653,0.012388878918434414,0.018750065551036758,0.023820322024905152,0.037096920705806856,0.05600343245390467
2022-05-09 00:00:00+00:00,7.026000022888184,-0.1351846183293517,0.007746791371379184,0.009578820634166822,0.012753115033171357,0.01759623948095409,0.023004644920356886,0.027632184171265173,0.04010886814674884,0.06273958566174381
2022-05-10 00:00:00+00:00,7.385000228881836,0.04983338987486774,0.018274881032852488,0.02602167240423167,0.027853701667019306,0.034885752485112324,0.03841055132266609,0.04548883632157632,0.05099764699895008,0.08005405789804815
2022-05-11 00:00:00+00:00,7.639999866485596,0.033946638726578104,0.0024833667464205706,0.02075824777927306,0.02850503915065224,0.03351136281244441,0.03835448726022715,0.047255104701689005,0.0523336494703929,0.08240807890871717
2022-05-12 00:00:00+00:00,7.738999843597412,0.012874874375936152,0.0011523742808328124,0.003635741027253383,0.021910622060105866,0.03148944269427269,0.038521493512365716,0.04491526698046276,0.053477735456390174,0.08255396106826449
2022-05-13 00:00:00+00:00,7.663000106811523,-0.009868894151786822,0.0001657623901961373,0.0013181366710289496,0.0038015034174495167,0.02982317582168119,0.034829499483473365,0.04221205474011561,0.049708568621567154,0.0803007797987792
2022-05-16 00:00:00+00:00,7.955999851226807,0.03752277636535828,9.739507177917214e-05,0.00026315746197530944,0.0014155317428081182,0.02217377952208118,0.031752600156248,0.03977001900303527,0.04938773481080498,0.08035488389479256
2022-05-17 00:00:00+00:00,8.303999900817871,0.04281097218740548,0.0014079587461646899,0.001505353817943862,0.0016711162081399957,0.005306857235393378,0.031328529639625055,0.040192609720505715,0.05007859519066178,0.081574326419007
2022-05-18 00:00:00+00:00,8.368000030517578,0.007677596489870542,0.0018327793396308058,0.0032407380857954957,0.0033381331575746643,0.004656269828603614,0.02541451760787668,0.038167632641048034,0.048419162528233535,0.08340514698379871
2022-05-19 00:00:00+00:00,8.307999610900879,-0.007196051789911451,5.894548786127246e-05,0.0018917248274920783,0.0032996835736567648,0.0035628410356320743,0.00719858206288546,0.03505228372990477,0.04560913338555152,0.08049281395468509
2022-05-20 00:00:00+00:00,8.083000183105469,-0.027455745774729756,5.178316136308779e-05,0.00011072864922436025,0.0019435079888551626,0.0034488618067990244,0.004766998477827977,0.03327203762848022,0.0431214857380551,0.08054434959565077
2022-05-23 00:00:00+00:00,8.744000434875488,0.07860468720353131,0.0007538179760465908,0.0008056011374096787,0.0008645466252709476,0.004105284711066443,0.0043684421730417556,0.02627906423314763,0.042889935685407436,0.07845833948123473
2022-05-24 00:00:00+00:00,8.795999526977539,0.005929218307121342,0.006178696850364999,0.00693251482641159,0.006984297987774674,0.008876022815266752,0.010381376633210617,0.014182880050660138,0.04521087611668395,0.08447269096448212
2022-05-25 00:00:00+00:00,8.970999717712402,0.01970010219494789,3.515562973350288e-05,0.0062138524800985015,0.006967670456145089,0.007078399105369449,0.01031913719116495,0.011734668933973071,0.042071737347412916,0.0813142123458878
2022-05-26 00:00:00+00:00,8.907999992370605,-0.007047372571808985,0.0003880940264913906,0.00042324965622489343,0.006601946506589889,0.007407547643999568,0.009299272471491649,0.010970388679631647,0.04062780211111667,0.08167145641029472
2022-05-27 00:00:00+00:00,8.72700023651123,-0.020528053256389622,4.9665460165885593e-05,0.00043775948665727613,0.00047291511639077557,0.0074054299428023655,0.007516158592026729,0.010854291749601397,0.03293067619990338,0.07957154263925471
2022-05-31 00:00:00+00:00,8.145000457763672,-0.06901739702645804,0.0004214009704971686,0.0004710664306630542,0.0008591604571544412,0.007073012937252943,0.007878614074662626,0.011178297648319393,0.015077196137548057,0.07819578924758663
2022-06-01 00:00:00+00:00,8.696000099182129,0.0654588629685886,0.004763401092307739,0.005184802062804908,0.0052344675229707895,0.005657717179195683,0.012590232005607277,0.014533739994462443,0.017357230483435227,0.07822434640945718
2022-06-02 00:00:00+00:00,8.484999656677246,-0.02456330300052434,0.00428486274114046,0.0090482638334482,0.009469664803945364,0.00990742429060264,0.016121276770701146,0.016985823395972096,0.020489718943742873,0.07512310696994638
2022-06-03 00:00:00+00:00,8.52299976348877,0.004468505566524783,0.000603355854295568,0.004888218595436028,0.009651619687743763,0.010122686118406818,0.010545935774631716,0.01753023376240639,0.020927312407842305,0.07457909854926421
2022-06-06 00:00:00+00:00,9.321999549865724,0.08960878587284382,1.996754199806297e-05,0.0006233233962936309,0.004908186137434088,0.010092988200238994,0.010530747686896274,0.01749841814304137,0.020849884878061196,0.07459077779642673
2022-06-07 00:00:00+00:00,9.29300022125244,-0.003115697279533869,0.008029734505605174,0.008049702047603238,0.008653057901898801,0.017701321735346998,0.018172388166010058,0.02477433467259995,0.02747166063750168,0.07868558307701275
2022-06-08 00:00:00+00:00,8.699000358581543,-0.06605333463729668,9.707569537694752e-06,0.008039442075142868,0.008059409617140929,0.012947628212576955,0.018132430275381868,0.018605345391772648,0.02564858886740857,0.0782770617640091
2022-06-09 00:00:00+00:00,8.963000297546387,0.02989690782600052,0.004363043016706697,0.004372750586244392,0.012402485091849564,0.013025808488143192,0.022074072321591396,0.022933232778745843,0.029952686396253994,0.08192300641440792
2022-06-10 00:00:00+00:00,8.850000381469727,-0.012687523448649873,0.0008938250975563711,0.005256868114263068,0.005266575683800762,0.013316277731403996,0.018204496326840028,0.023438963849810823,0.03079472833244728,0.07932461950990523
2022-06-13 00:00:00+00:00,8.609000205993652,-0.027609310520233965,0.00016097325126004038,0.0010547983488164115,0.005417841365523107,0.013457283440665975,0.014080606836959608,0.023550271640904976,0.030201883607660726,0.07661661813062197
2022-06-14 00:00:00+00:00,7.189000129699707,-0.18025609356038141,0.0007622740274027019,0.0009232472786627423,0.0018170723762191117,0.006189822962463502,0.014239525010066742,0.023891144697810507,0.02478546078469843,0.07483946134916518
2022-06-15 00:00:00+00:00,7.420000076293945,0.03162696941834642,0.03249225926564898,0.03325453329305168,0.03341550654431172,0.03867237465857479,0.04671181673371766,0.051620002871151746,0.0572425644206139,0.1063463525861199
2022-06-16 00:00:00+00:00,7.464000225067139,0.005912426237239643,0.0010002651945890196,0.033492524460237996,0.034254798487640695,0.03530959683645711,0.039682347422701506,0.0483354053246003,0.057854735588711535,0.10348886136162044
2022-06-17 00:00:00+00:00,6.943999767303467,-0.07221354985112871,3.4956784010799724e-05,0.0010352219785998123,0.0335274812442488,0.03445072852291154,0.03970759663717461,0.04776700625431554,0.05784002691255645,0.10034952374662669
2022-06-21 00:00:00+00:00,6.808000087738037,-0.01977953968903945,0.005214796782101451,0.005249753566112244,0.006250018760701271,0.039504552053752945,0.04055935040256936,0.05296183549441893,0.06263342272416074,0.10373229126594051
2022-06-22 00:00:00+00:00,6.857999801635742,0.007317420957659193,0.0003912301903102868,0.005606026972411731,0.005640983756422538,0.039133508216660534,0.040056755495323275,0.045323331179124036,0.05826125182216328,0.09637673008487162
2022-06-23 00:00:00+00:00,6.238999843597412,-0.09459593705610847,5.354464947158998e-05,0.00044477483978186985,0.005659571621883328,0.006694793600483148,0.03994932689353483,0.045367168259057934,0.05402993373049441,0.07815539370149073
2022-06-24 00:00:00+00:00,6.21999979019165,-0.003050015040272802,0.008948391307523236,0.00900193595699482,0.009393166147305114,0.014642919713417364,0.04813544417365536,0.049952516549874475,0.062374969183722075,0.08462041826259338
2022-06-27 00:00:00+00:00,6.500999927520752,0.04418612705355174,9.302591745890303e-06,0.00895769389926912,0.009011238548740719,0.014617265521152455,0.015652487499752274,0.04906799404406399,0.062364304233469905,0.08347734657350646
2022-06-28 00:00:00+00:00,6.551000118255615,0.007661727727882317,0.0019524138239926168,0.0019617164157385,0.010910107723261744,0.01135488256304362,0.016604636129155873,0.05085943461679657,0.05628698355185735,0.08526399800730293
2022-06-29 00:00:00+00:00,6.498000144958496,-0.008123268246196025,5.8702071776200734e-05,0.0020111158957688106,0.0020204184875147095,0.011022354444509533,0.016628381416921273,0.050155862661170066,0.05633597805409585,0.08522530500729997
2022-06-30 00:00:00+00:00,5.423999786376953,-0.18066094830176582,6.598748699965664e-05,0.00012468955877585044,0.002077103382768476,0.0110347972820376,0.011479572121819477,0.017729590882520747,0.05203892252438881,0.08388333374813493
2022-07-01 00:00:00+00:00,5.730000019073486,0.054882022802040575,0.0326383782412933,0.03270436572829295,0.03276306780006916,0.034724784215807665,0.04372672017280249,0.04936770392922503,0.08378347566812575,0.11468893264979743
2022-07-05 00:00:00+00:00,5.5229997634887695,-0.03679438595926876,0.0030120364268437015,0.035650414668136995,0.035716402155136655,0.037727518050905476,0.0466852119501746,0.05234478357205793,0.0866345388437094,0.11764202358877986
2022-07-06 00:00:00+00:00,5.510000228881836,-0.0023564833919100803,0.001353826838119634,0.004365863264963328,0.037004241506256634,0.03712893106503249,0.039090647480771,0.04848381362807611,0.08722609165442634,0.1189440672655364
2022-07-07 00:00:00+00:00,6.296999931335449,0.13350865389810251,5.553013976348037e-06,0.0013593798520959751,0.004371416278939683,0.03707578200723265,0.03908689790300146,0.04809813645174218,0.05473938540275371,0.11819580230346617
2022-07-08 00:00:00+00:00,6.033999919891357,-0.04266319114161732,0.017824560665683324,0.017830113679659663,0.019183940517779306,0.05483435518591631,0.05495904474469217,0.06586915246795391,0.07156368087384801,0.1298416661187845
2022-07-11 00:00:00+00:00,6.426000118255615,0.06294215163568495,0.0018201478783861744,0.019644708544069488,0.019650261558045844,0.02401612482300918,0.05672049055130214,0.058740909038816846,0.07334887196822339,0.13162665836743717
2022-07-12 00:00:00+00:00,6.163000106811523,-0.0417885897851471,0.003961714452529558,0.005781862330915722,0.023606422996599055,0.02496580284869504,0.06061621751683204,0.06269332089960052,0.07209578963865149,0.13520027879347532
2022-07-13 00:00:00+00:00,6.689000129699707,0.08190071621507178,0.0017462862362313007,0.005708000688760849,0.0075281485671470335,0.025358262246806703,0.02972412551177004,0.0624871933118392,0.07345084568457251,0.13689689956954076
2022-07-14 00:00:00+00:00,6.599999904632568,-0.013394770943501388,0.006707727316541721,0.008454013552773011,0.012415728005302579,0.03206043654937208,0.03341981640146806,0.06913621855660472,0.08010502835164264,0.1431832259155853
2022-07-15 00:00:00+00:00,7.015999794006348,0.06112359112655774,0.00017941988862886908,0.00688714720517058,0.008633433441401892,0.014415295772317623,0.0322454094519773,0.06924965095823393,0.07133605693274826,0.13859924471190643
2022-07-18 00:00:00+00:00,7.479000091552734,0.06390587974151085,0.003736093392206608,0.003915513280835467,0.010623240597377199,0.016331241286138058,0.03597594983020755,0.04034736610914724,0.075062847733209,0.13805047536297257
2022-07-19 00:00:00+00:00,7.263999938964844,-0.029168472554262248,0.004083961465536447,0.007820054857743045,0.007999474746371926,0.016453488299144947,0.022235350630060678,0.04141929114783999,0.07719439537475281,0.14153108097421344
2022-07-20 00:00:00+00:00,8.006999969482422,0.09738552238255904,0.00085079979114875,0.004934761256685186,0.008670854648891807,0.015558001854062394,0.021266002542823254,0.0409162641008691,0.07798649309412536,0.14236191322336414
2022-07-21 00:00:00+00:00,7.932000160217285,-0.009410924422733835,0.009483939969723907,0.010334739760872647,0.014418701226409104,0.01833421450724458,0.026788228060017606,0.050394651056616654,0.08740444557684962,0.1438161186874829
2022-07-22 00:00:00+00:00,8.298999786376953,0.04522976901909237,8.856549849040816e-05,0.009572505468214304,0.010423305259363065,0.01824336011710612,0.025130507322276712,0.032658655889423745,0.05485463283404672,0.14389497661643558
2022-07-25 00:00:00+00:00,8.72700023651123,0.05028669540677333,0.002045732005520448,0.002134297504010846,0.011618237473734763,0.01655299873041996,0.020468512011255435,0.03288424001655802,0.05388832841272347,0.14157766560524934
2022-07-26 00:00:00+00:00,8.993000030517578,0.030024805043593616,0.002528751734933598,0.004574483740454036,0.004663049238944454,0.014997788999817113,0.022817843857560166,0.031451277298962056,0.05506325330953744,0.14321259224262656
2022-07-27 00:00:00+00:00,8.687000274658203,-0.03461881343092443,0.0009014889179058046,0.003430240652839392,0.005475972658359851,0.015048478126574167,0.01998323938325936,0.03060647998063656,0.05595918921346689,0.14395310790927232
2022-07-28 00:00:00+00:00,8.133999824523926,-0.06577490098306171,0.001198462243365154,0.002099951161270948,0.004628702896204557,0.006763000400215413,0.01709774016108807,0.025097214907459992,0.039333090791148724,0.1443892961252348
2022-07-29 00:00:00+00:00,8.229000091552734,0.01161172583732295,0.004326337599331573,0.005524799842696717,0.006426288760602531,0.011000772501056577,0.020573277969270894,0.029244132618162697,0.04183928051209412,0.11622337445891738
2022-08-01 00:00:00+00:00,8.282999992370605,0.0065407089458395795,0.00013483217692115339,0.004461169776252716,0.00565963201961788,0.009089872672457281,0.011224170176468139,0.025642871402877243,0.03801239823648571,0.1153579414412495
2022-08-02 00:00:00+00:00,7.705999851226807,-0.07220599379722081,4.2780873514185904e-05,0.00017761305043532803,0.004503950649766912,0.00660390181103787,0.011178385551491917,0.021601690810854984,0.0363088928737686,0.1153657655307529
2022-08-03 00:00:00+00:00,8.265999794006348,0.07015146427112828,0.00521370554024429,0.0052564864137584644,0.005391318590679629,0.010916118433376355,0.01434635908621576,0.025964596559950523,0.03481487109747117,0.11536467428889573
2022-08-04 00:00:00+00:00,8.121999740600586,-0.01757429384271214,0.004921227939383388,0.010134933479627666,0.010177714353141864,0.01463888412939459,0.016738835290665548,0.02140188452961,0.039556679148225686,0.11989467203796883
2022-08-05 00:00:00+00:00,8.064000129699707,-0.007166669913425849,0.00030885580406998987,0.0052300837434533665,0.010443789283697668,0.010621402334133006,0.016146202176829737,0.021622174835189585,0.03612944156008907,0.12014998319256723
2022-08-08 00:00:00+00:00,7.589000225067139,-0.060709867334008294,5.136115764800327e-05,0.00036021696171798184,0.005281444901101382,0.010537931314859857,0.014999101091112584,0.01962780398731714,0.03209684125220062,0.111252953042692
2022-08-09 00:00:00+00:00,7.833000183105469,0.03164574168246492,0.003685687991712887,0.0037370491493608792,0.004045904953430881,0.014180838433058559,0.014358451483493897,0.020784740244096427,0.034931729452764765,0.114929338442659
2022-08-10 00:00:00+00:00,8.20199966430664,0.04603238428037226,0.0010014529666332978,0.0046871409583461735,0.0047385021159941886,0.009968585859447567,0.015225072273206042,0.020884704292823922,0.02644924244967415,0.11397837758529969
2022-08-11 00:00:00+00:00,8.87399959564209,0.07874762134849345,0.0021189804025358635,0.00312043336916915,0.006806121360882048,0.007166338322600042,0.017301271802227722,0.021805222451994632,0.028479657353719608,0.11603865591605934
2022-08-12 00:00:00+00:00,8.767999649047852,-0.012016917210945888,0.006201187868045701,0.008320168270581553,0.009321621237214863,0.013058670386575752,0.01828875413002913,0.02368007272070876,0.03263511321624486,0.1221738562971054
2022-08-15 00:00:00+00:00,8.727999687194824,-0.0045724774876862995,0.0001444062992547275,0.006345594167300417,0.008464574569836292,0.013151715528182477,0.01351193248990047,0.023689646843042336,0.03025076778056599,0.08967988435506681
2022-08-16 00:00:00+00:00,9.32900047302246,0.06659166599184596,2.0907550375398012e-05,0.00016531384963011422,0.006366501717675826,0.009486935086844988,0.013223984236205879,0.023667773519903543,0.029370186413035584,0.08668875547859851
2022-08-17 00:00:00+00:00,9.244000434875488,-0.009153139227127127,0.004434449979569574,0.00445535752994496,0.004599763829199699,0.012919932099781263,0.017607073058127448,0.02288851795922883,0.032606174149240004,0.08976937862004845
2022-08-18 00:00:00+00:00,9.187999725341797,-0.006076484522506753,8.377995771117339e-05,0.004518229937280736,0.004539137487656145,0.010884731654956573,0.014005165024125734,0.018051069977556615,0.028363616507619604,0.08984760556378328
2022-08-19 00:00:00+00:00,9.336000442504885,0.015979687448241187,3.692366415226412e-05,0.00012070362186342623,0.004555153601433011,0.004720467451063136,0.0130406357216447,0.01777913783763889,0.028265707994850717,0.07205996856225222
2022-08-22 00:00:00+00:00,9.68000030517578,0.0361839904329595,0.00025535041094347695,0.0002922740750957298,0.0003760540328069144,0.004831411562751886,0.011177005730052314,0.017983127090934362,0.028478277532280005,0.07049517109480952
2022-08-23 00:00:00+00:00,9.192999839782717,-0.0516196253614738,0.0013092811636525048,0.0015646315745959706,0.0016015552387482457,0.006119785176028993,0.006285099025659118,0.01560672026287398,0.02457385315568822,0.06784273780593246
2022-08-24 00:00:00+00:00,9.329999923706056,0.014792699228546091,0.002664585722458909,0.0039738668861114025,0.004229217297054891,0.004349920918918328,0.0088052784488633,0.017269853018699592,0.02231721093876374,0.06876103729216007
2022-08-25 00:00:00+00:00,9.375,0.004811565174493548,0.00021882395046622812,0.0028834096729251253,0.004192690836577642,0.004484964911673383,0.009003194848954128,0.015369696566629955,0.02222717908515998,0.062272133926084584
2022-08-26 00:00:00+00:00,9.29599952697754,-0.008462422631436262,2.315115942839913e-05,0.00024197510989461553,0.0029065608323535362,0.004471192406949518,0.004591896028812955,0.009191659858012655,0.022198969086940374,0.06211586519688411
2022-08-29 00:00:00+00:00,9.352999687194824,0.006112964783007158,7.161259679304462e-05,9.476375622143205e-05,0.00031358770668767186,0.004287454592799085,0.004579728667894826,0.009118866155550971,0.018584893692020536,0.058451384401470546
2022-08-30 00:00:00+00:00,9.041999816894531,-0.03381674538618151,3.736833843828574e-05,0.00010898093523131866,0.0001321320946597295,0.0030155417675848664,0.004580173342180849,0.009135326943613858,0.017620809063825522,0.054404791274372394
2022-08-31 00:00:00+00:00,9.126999855041504,0.009356669030494924,0.0011435722685138286,0.0011809406069521026,0.001252553203745159,0.0014945283136397862,0.0054683951997512,0.005844449232558114,0.016645400929803485,0.05469756375173746
2022-09-01 00:00:00+00:00,9.26200008392334,0.014682979467240287,8.754725534622282e-05,0.0012311195238600397,0.0012684878622983371,0.0013632516185197808,0.004246661291444918,0.0058482165301931635,0.010531760317104007,0.04530117103735978
2022-09-02 00:00:00+00:00,8.78600025177002,-0.052760442910193106,0.00021558988603539986,0.000303137141381611,0.0014467094098954514,0.0015556903451267817,0.001797665455021409,0.0060268827520763,0.01060294390388468,0.045428195424904776
2022-09-06 00:00:00+00:00,8.145000457763672,-0.07575527595359777,0.002783664336079746,0.0029992542221151343,0.0030868014774613687,0.004267742084413483,0.004362505840634927,0.008555196677212568,0.013365700689589028,0.04616612775546407
2022-09-07 00:00:00+00:00,7.842000007629394,-0.03791039341277935,0.0057388618348057484,0.008522526170885482,0.008738116056920894,0.009969235580780946,0.010078216516012276,0.012984777348365811,0.014670112544825203,0.04937623785533622
2022-09-08 00:00:00+00:00,7.914999961853027,0.0092657836703669,0.0014371979287117042,0.007176059763517441,0.009959724099597198,0.010262861240978822,0.011443801847930937,0.011757389554618606,0.016023530515825734,0.049911946866142115
2022-09-09 00:00:00+00:00,7.995999813079834,0.010181704748048581,8.58547470260379e-05,0.0015230526757377307,0.007261914510543491,0.010261168732658636,0.011492288256518688,0.011624420351178418,0.016072461598699506,0.048799339369803005
2022-09-12 00:00:00+00:00,8.24899959564209,0.031150538598127664,0.00010366711157643502,0.00018952185860246165,0.0016267197873141772,0.010149245958199672,0.010452383099581295,0.011704936303326453,0.015920778299332465,0.04457666888204787
2022-09-13 00:00:00+00:00,8.284000396728516,0.00423405956470102,0.0009703560549534414,0.001074023166529865,0.0011598779135559144,0.008335937677073368,0.011335191899188513,0.01260367976148685,0.015581853190633403,0.045412192760080156
2022-09-14 00:00:00+00:00,9.11400032043457,0.09548573657591763,1.7927260397436195e-05,0.0009882833153508665,0.001091950426927313,0.0026150031026650547,0.01113752927355055,0.012584238683446,0.01293519472857193,0.045387339146963405
2022-09-15 00:00:00+00:00,8.324000358581543,-0.09066877639077076,0.009117525889445534,0.00913545314984296,0.010105809204796413,0.010295331063398885,0.017471390826916337,0.020558192304377707,0.021833896667551235,0.04929115949616465
2022-09-16 00:00:00+00:00,7.763999938964844,-0.06964529416395893,0.008220827012199589,0.017338352901645114,0.017356280162042558,0.018430303328572435,0.01995335600431018,0.02869147206123107,0.030031572520322423,0.05259075856898085
2022-09-19 00:00:00+00:00,7.751999855041504,-0.0015468015564921167,0.004850466999184371,0.01307129401138395,0.022188819900829493,0.023177103216180373,0.02336662507478285,0.03332634917438004,0.03481042692271375,0.057132369764095234
2022-09-20 00:00:00+00:00,7.717000007629394,-0.004525167424854981,2.392595055166435e-06,0.004852859594239527,0.013073686606439126,0.022209139756282095,0.023283162922811976,0.030545077433355463,0.03477545117933063,0.0570834012015024
2022-09-21 00:00:00+00:00,7.778999805450439,0.008002081750937862,2.047714022296866e-05,2.2869735278124686e-05,0.004873336734462506,0.022211689636107628,0.02319997295145851,0.024826692738772683,0.03365235605103978,0.053418190350012475
2022-09-22 00:00:00+00:00,7.089000225067139,-0.09288345159338629,6.403331234869276e-05,8.451045257165102e-05,8.690304762682785e-05,0.013158197059010788,0.02229365020885376,0.023453528122409674,0.03362884210804224,0.05248077069572787
2022-09-23 00:00:00+00:00,6.828000068664551,-0.03751250363315162,0.008627335579900934,0.008691368892249618,0.008711846032472596,0.013564705626712133,0.030903058528357258,0.03199500895528457,0.04204058780190778,0.058989125873092935
2022-09-26 00:00:00+00:00,6.902999877929688,0.010924267049163605,0.0014071879288272133,0.010034523508728138,0.010098556821076842,0.010121426556354975,0.02319272056773894,0.03329852977253535,0.04066411139465525,0.054195125933874454
2022-09-27 00:00:00+00:00,6.651000022888184,-0.03718885929407856,0.0001193396105614417,0.0015265275393886446,0.01015386311928959,0.010238373571861251,0.01509123316610079,0.03244751332814334,0.035044589170410936,0.05417005924518117
2022-09-28 00:00:00+00:00,6.868000030517578,0.032105724735075114,0.0013830112555947732,0.0015023508661562044,0.002909538794983428,0.011600907687233056,0.011623777422511193,0.03381259732334069,0.03499040249729401,0.05553216295040054
2022-09-29 00:00:00+00:00,6.874000072479248,0.0008732414929379928,0.001030777560764414,0.0024137888163591765,0.002533128426920629,0.012567651935648776,0.01265216238822044,0.025725848994659566,0.035935325311032384,0.052128490531595385
2022-09-30 00:00:00+00:00,6.765999794006348,-0.015836149058506832,7.625507049885745e-07,0.0010315401114693922,0.0024145513670641755,0.003941078906452831,0.01263244779870246,0.017505784533164967,0.03583242075016094,0.0520454731245892
2022-10-03 00:00:00+00:00,6.46999979019165,-0.044733963828171186,0.0002507836170032468,0.00025154616770822497,0.0012823237284726493,0.0027846745946288644,0.012819198103357014,0.012906101150983841,0.03511284831221074,0.052259333077440184
2022-10-04 00:00:00+00:00,6.836999893188477,0.055172947224151114,0.002001127519780128,0.0022519111367833643,0.0022526736874883633,0.00466646250384755,0.006192990043236207,0.014904836075708802,0.03709604857159343,0.05400511018627683
2022-10-05 00:00:00+00:00,6.929999828338623,0.01351076512196503,0.0030440541053989643,0.005045181625179081,0.005295965242182339,0.006327505353651742,0.007829856219807958,0.017928413040884796,0.031022576787546864,0.05573988312802329
2022-10-06 00:00:00+00:00,6.9720001220703125,0.006042356735374899,0.00018254077418090672,0.0032265948795798605,0.005227722399359999,0.005479268567068234,0.007893057383427424,0.01804692050271701,0.022984290549528184,0.05325783817974529
2022-10-07 00:00:00+00:00,6.748000144958496,-0.0326559590010056,3.6510074917530405e-05,0.0002190508490984267,0.0032631049544974014,0.0055150160912807765,0.006546556202750181,0.009456094997733607,0.018170333625261343,0.05307552430419659
2022-10-10 00:00:00+00:00,6.434999942779541,-0.0474943540093975,0.0010664116582753584,0.0011029217331928784,0.0012854625073737956,0.006330644132552888,0.006582190300261125,0.009115318727181751,0.019234352688481532,0.05411878480304355
2022-10-11 00:00:00+00:00,6.5960001945495605,0.024711602036412206,0.0022557136627699725,0.0033221253210453205,0.003358635395962861,0.006585230275542732,0.008837141412326109,0.011251692779390282,0.02146958921102854,0.05630288586902048
2022-10-12 00:00:00+00:00,6.434999942779541,-0.024711602036412206,0.0006106632752060118,0.002866376937975974,0.003932788596251343,0.00415183944534978,0.009197021070528874,0.010479344799001521,0.022016219173885857,0.056876180805788205
2022-10-13 00:00:00+00:00,6.741000175476074,0.046456475746443404,0.0006106632752060118,0.0012213265504120237,0.003477040213181996,0.004579961946374885,0.007806556825954758,0.01005923051344312,0.013999546869190933,0.05634327181248039
2022-10-14 00:00:00+00:00,6.453000068664551,-0.0436631583080449,0.0021582041387798842,0.002768867413985886,0.0033795306891919084,0.006701656010237238,0.006920706859335678,0.012216672101518016,0.014750563079143604,0.05841392869591405
2022-10-17 00:00:00+00:00,5.999000072479248,-0.07295234884157598,0.0019064713934333905,0.004064675532213264,0.004675338807419287,0.007541715745395272,0.008644637478588162,0.013872359877948158,0.016537694862015555,0.06010481020331204
2022-10-18 00:00:00+00:00,5.744999885559082,-0.04326290937221566,0.0053220452015029915,0.007228516594936371,0.009386720733716266,0.01060804728412829,0.013930172605173622,0.01719327755967102,0.020476728807923773,0.06264319106873528
2022-10-19 00:00:00+00:00,5.461999893188477,-0.050514887884502535,0.0018716793273485458,0.007193724528851526,0.00910019592228493,0.011869063336270825,0.014735440274246808,0.0160209027816206,0.021317630574507904,0.058776008561278084
2022-10-20 00:00:00+00:00,5.357999801635742,-0.019224269395781146,0.002551753897983861,0.004423433225332395,0.009745478426835399,0.013810153959048672,0.015031480509460697,0.018390115905423558,0.023868621921786775,0.059890564530550236
2022-10-21 00:00:00+00:00,4.959000110626221,-0.07738660428517719,0.0003695725338015676,0.0029213264317854166,0.004793005759133975,0.012021522354070358,0.014790389768056253,0.018723178364307595,0.023987410838585098,0.06017428231732577
2022-10-24 00:00:00+00:00,5.198999881744385,0.04726214684057206,0.005988686522790604,0.00635825905659216,0.008910012954576033,0.01610373748342757,0.020168413015640846,0.023645453228822843,0.027974969841595573,0.06605930172853994
2022-10-25 00:00:00+00:00,5.61299991607666,0.0766190443527206,0.0022337105239797956,0.008222397046770389,0.008591969580571969,0.013015402805904373,0.02024391940084076,0.023623450090032663,0.027164626260176405,0.06732265619756629
2022-10-26 00:00:00+00:00,5.605999946594238,-0.0012478777924000983,0.0058704779575241665,0.008104188481503951,0.014092875004294568,0.017014201436079995,0.024207925964931536,0.02888326477235082,0.03285256344351967,0.07317520689469302
2022-10-27 00:00:00+00:00,5.185999870300293,-0.0778747811091729,1.557198984765343e-06,0.0058720351565089215,0.008105745680488729,0.014464004737080899,0.018887437962413305,0.02827415869612957,0.0328176105675869,0.06405923820423226
2022-10-28 00:00:00+00:00,5.684000015258789,0.09169255081248284,0.006064481532801592,0.006066038731786347,0.011936516689310527,0.020158913736080922,0.023080240167866355,0.03218043609015128,0.037815680442113135,0.061902892724834256
2022-10-31 00:00:00+00:00,6.355000019073486,0.11158669472338234,0.008407523874499749,0.014472005407301331,0.014473562606286107,0.02257775108779007,0.02893601014438224,0.038681488571217636,0.04396749065384291,0.06545994960014964
2022-11-01 00:00:00+00:00,5.714000225067139,-0.1063225644454533,0.012451590439289324,0.020859114313789062,0.026923595846590667,0.032795631003099596,0.041018028049869995,0.04581103380900397,0.05580841781792622,0.07790914744438379
2022-11-02 00:00:00+00:00,6.26800012588501,0.09253800138023527,0.011304487710257568,0.023756078149546882,0.03216360202404664,0.038229640755833,0.04633382923733696,0.05524384219191299,0.06650224225297778,0.08919315801441839
2022-11-03 00:00:00+00:00,5.974999904632568,-0.04787326272103676,0.008563281699448425,0.01986776940970598,0.03231935984899532,0.04679136525629666,0.052663400412805594,0.06125536999337756,0.07290731981364632,0.09769240640151812
2022-11-04 00:00:00+00:00,6.400000095367432,0.06871392341028937,0.002291849283557408,0.01085513098300582,0.0221596186932634,0.04301873300705247,0.04908477173883883,0.06317764674313339,0.07329269770377034,0.0913569201051746
2022-11-07 00:00:00+00:00,6.943999767303467,0.0815799385808158,0.004721603270435113,0.007013452553992509,0.015576734253440947,0.03933281240298784,0.05380481781028918,0.061910563490777906,0.07269225577270245,0.0946713354467825
2022-11-08 00:00:00+00:00,6.138000011444092,-0.1233789857855927,0.006655286378849679,0.01137688964928478,0.013668738932842199,0.03353650834254819,0.05439562265633727,0.06633213934564779,0.0774758628242036,0.10120728221507073
2022-11-09 00:00:00+00:00,5.864999771118164,-0.04549651498160823,0.015222374133481485,0.02187766051233115,0.026599263782766277,0.037454394765772114,0.061210472915319,0.0756840355216051,0.09014648305970122,0.11504664509295745
2022-11-10 00:00:00+00:00,6.238999843597412,0.0618174449797122,0.0020699328754717017,0.017292307008953175,0.023947593387802866,0.030961045941795388,0.05082881535150138,0.07775241119809204,0.09184684340137135,0.11608580040766474
2022-11-11 00:00:00+00:00,5.879000186920166,-0.05943317684544591,0.003821396503819745,0.005891329379291434,0.021113703512772933,0.032490593162057727,0.04334572414506356,0.0755093261691102,0.0896795533824005,0.1199064343607795
2022-11-14 00:00:00+00:00,5.933000087738037,0.009143290849978003,0.003532302509942048,0.007353699013761781,0.009423631889233494,0.03130129240156466,0.03831474495555719,0.07063410480455251,0.09097814536836275,0.1231879532537183
2022-11-15 00:00:00+00:00,6.033999919891357,0.016880125396014245,8.359976756729148e-05,0.0036159022775093274,0.007437298781329084,0.024729605790282272,0.036106495439567066,0.05826611413283046,0.08519126717840587,0.12127042550150546
2022-11-16 00:00:00+00:00,6.199999809265137,0.02713913382669708,0.00028493863338516505,0.0003685384009524444,0.0039008409108945044,0.009792170290185951,0.03166983080251712,0.04724656505595807,0.08547464861280626,0.11851131002949167
2022-11-17 00:00:00+00:00,6.36899995803833,0.026893203513447483,0.0007365325848633738,0.0010214712182485268,0.0011050709858158303,0.008458769999577623,0.025751077008530812,0.03941981594137301,0.08014669966486805,0.11906530184017412
2022-11-18 00:00:00+00:00,6.302999973297119,-0.010416758506367252,0.0007232443952157041,0.0014597769800790657,0.001744715613464243,0.005360617890973583,0.011251947270265029,0.03785121105303131,0.072462420185584,0.1197520361604723
2022-11-21 00:00:00+00:00,6.776000022888184,0.07236125443314645,0.0001085088577799745,0.0008317532529956665,0.0015682858378590523,0.001936824238811509,0.009290523252573301,0.03323811664037617,0.06011933860407466,0.11879413335997692
2022-11-22 00:00:00+00:00,6.77899980545044,0.00044260902238546507,0.005236151143138556,0.005344660000918519,0.006067904396134235,0.007089375614382774,0.010705277891892113,0.03181898140466505,0.05405100203695564,0.12177457084034549
2022-11-23 00:00:00+00:00,7.308000087738037,0.07514008077154255,1.9590274669701712e-07,0.0052363470458852415,0.005344855903665228,0.006804632883744307,0.007173171284696763,0.016596803173930256,0.04548791624025391,0.12116410346788618
2022-11-25 00:00:00+00:00,7.02400016784668,-0.039636770292529766,0.005646031738353939,0.005646227641100624,0.010882378784239193,0.011714132037234872,0.01273560325548341,0.020172902036812494,0.04884209869505045,0.12619947193103412
2022-11-28 00:00:00+00:00,6.711999893188477,-0.045435926977594354,0.0015710735592227702,0.007217105297576697,0.007217301200323406,0.012561961201241938,0.014021738181321014,0.01792257909221552,0.0456915689838381,0.125612341351477
2022-11-29 00:00:00+00:00,7.235000133514404,0.0750334252860192,0.0020644234603132863,0.0036354970195360443,0.009281528757889995,0.014517875803775249,0.015349629056770928,0.016454700042586756,0.04110070606530171,0.12577029341835688
2022-11-30 00:00:00+00:00,6.929999828338623,-0.0430705901063575,0.005630014910152625,0.007694438370465899,0.00926551192968868,0.014911739570789319,0.02025639957170785,0.02200111518517209,0.03150834684197285,0.1260782631270065
2022-12-01 00:00:00+00:00,6.73799991607666,-0.0280966559019189,0.0018550757321098604,0.007485090642262474,0.009549514102575773,0.01676661940015248,0.022002966446037733,0.023571252283896785,0.03129348969861101,0.12606165953176784
2022-12-02 00:00:00+00:00,6.281000137329102,-0.07023390719267786,0.0007894220728708341,0.0026444978049806832,0.00827451271513332,0.011910009734669377,0.017556237375770015,0.023624141771904247,0.0282615152676621,0.1242993277066548
2022-12-05 00:00:00+00:00,5.577000141143799,-0.11887820262084281,0.004932801719549687,0.00572222379242051,0.007577299524530381,0.015271737894996293,0.022488843192573,0.02783369909623823,0.029662014477269738,0.12886255689240295
2022-12-06 00:00:00+00:00,5.468999862670898,-0.019555263461434214,0.014132027058362159,0.019064828777911835,0.019854250850782677,0.027339341493045163,0.03097483851258122,0.04185721729682042,0.0437104417680646,0.13700589742797448
2022-12-07 00:00:00+00:00,5.7230000495910645,0.0453973928380107,0.00038240832904610405,0.01451443538740825,0.019447237106957952,0.022091734911938648,0.029786173282404557,0.03700347448272796,0.04380791146372554,0.1351545952330408
2022-12-08 00:00:00+00:00,5.961999893188477,0.04091282524830797,0.002060923276488665,0.0024433316055347586,0.01657535866389693,0.02229758245631745,0.029782673098579935,0.03906420185646993,0.045132302155350836,0.1313450405520053
2022-12-09 00:00:00+00:00,6.244999885559082,0.04637514791183883,0.0016738592697985862,0.003734782546287241,0.004117190875333355,0.023182019653245203,0.025826517458225895,0.03509202938791458,0.046082917029933716,0.1330173426228191
2022-12-12 00:00:00+00:00,6.586999893188477,0.05331686819071835,0.0021506543438449296,0.0038245136136435052,0.005885436890132181,0.020399872277540445,0.026122096069960965,0.035671610172536734,0.04812506251599867,0.12910351543386248
2022-12-13 00:00:00+00:00,6.934999942779541,0.05148305207277537,0.002842688433666434,0.004993342777511353,0.00666720204730995,0.00911053365284472,0.028175362430756565,0.03644987514588988,0.045731599806526545,0.12353867999302914
2022-12-14 00:00:00+00:00,6.429999828338623,-0.0756065339632479,0.0026505046507281005,0.005493193084394524,0.007643847428239464,0.011378629974526716,0.025893065361934982,0.03347036488646536,0.04838190855450795,0.11373759420446793
2022-12-15 00:00:00+00:00,6.96999979019165,0.08064068311822425,0.0057163479779357585,0.008366852628663848,0.011209541062330294,0.015034054675973808,0.017477386281508578,0.037331637132291255,0.04845222479408977,0.1081494544721461
2022-12-16 00:00:00+00:00,6.599999904632568,-0.054545560088034906,0.006502919773773859,0.012219267751709607,0.014869772402437718,0.01986311517994908,0.023597897726236335,0.04304513483319428,0.05338407100864086,0.10608909254647154
2022-12-19 00:00:00+00:00,5.85099983215332,-0.12045707646350667,0.0029752181253174265,0.009478137899091275,0.015194485877027042,0.020687678961421575,0.024512192575065095,0.041087551238962024,0.054294865673645,0.10677246138823156
2022-12-20 00:00:00+00:00,5.326000213623047,-0.09401203061805075,0.014509907270135094,0.017485125395452508,0.02398804516922638,0.03235489779789024,0.037348240575401606,0.04146543145073496,0.06317475803362746,0.11656076538793153
2022-12-21 00:00:00+00:00,5.331999778747559,0.0011258333200432347,0.00883826190092931,0.023348169171064394,0.02632338729638183,0.03854265504809145,0.04403584813248598,0.04992128502261817,0.07015794420244692,0.11874374091001116
2022-12-22 00:00:00+00:00,4.999000072479248,-0.06448845389107216,1.2675006645195724e-06,0.00883952940159382,0.023349436671728924,0.03282757457082021,0.04119442719948407,0.04786162924679402,0.06936978963024061,0.1035226342771942
2022-12-23 00:00:00+00:00,5.078999996185303,0.01587648413785292,0.00415876068526094,0.004160028185925449,0.012998290086854769,0.03048341548230729,0.04270268323401691,0.050346530662256375,0.06859574859595187,0.10561146208698345
2022-12-27 00:00:00+00:00,5.2820000648498535,0.03919043508442366,0.0002520627485794954,0.004410823433840425,0.004412090934504955,0.02776026010556936,0.037238398004660646,0.048447939066990936,0.05471578428616919,0.10204212833174318
2022-12-28 00:00:00+00:00,4.709000110626221,-0.11482923139853374,0.0015358902021064247,0.0017879529506859098,0.0059467136359468604,0.01478624303754069,0.032271368432993205,0.047141140835430924,0.05586926615922951,0.10004571602390756
2022-12-29 00:00:00+00:00,4.559000015258789,-0.032372290175661345,0.013185752383578006,0.014721642585684421,0.014973705334263926,0.019133733520189385,0.04248190269125379,0.057676388568280834,0.06699409526631886,0.11314786863991828
2022-12-30 00:00:00+00:00,4.474999904632568,-0.01859697416260353,0.00104796517121722,0.014233717554795217,0.01576960775690165,0.020180431190742087,0.029019960592335917,0.053008005761562296,0.06636820116773749,0.11391089517775034
2023-01-03 00:00:00+00:00,3.98799991607666,-0.11521649936003575,0.0003458474480045433,0.0013938126192217528,0.014579565002799772,0.01636751795348569,0.02052754613941115,0.046850933435792975,0.0645633942718971,0.11352021004089151
2023-01-04 00:00:00+00:00,4.171999931335449,0.0451056896244757,0.013274841724781118,0.01362068917278565,0.014668654344002883,0.02939029692968731,0.03380112036352775,0.05715055703525667,0.07499554756301179,0.12607180737045692
2023-01-05 00:00:00+00:00,3.7200000286102295,-0.11467184470412328,0.0020345232364995347,0.015309364961280643,0.015655212409285198,0.02988892996408042,0.03167688291476634,0.04467517300162112,0.07437956614878322,0.12799782174917648
2023-01-06 00:00:00+00:00,3.7100000381469727,-0.002691789074430684,0.013149631967846567,0.015184155204346092,0.02845899692912722,0.029852809548348985,0.04457445213403342,0.04898654306853836,0.08181285013869402,0.1359113025738845
2023-01-09 00:00:00+00:00,3.910000085830689,0.05250550904731055,7.245728421224397e-06,0.01315687769626778,0.015191400932767328,0.02881209010555299,0.04304580766034821,0.048992521296295076,0.07531717609334139,0.13591835239955904
2023-01-10 00:00:00+00:00,3.638999938964844,-0.07182849409134229,0.00275682848031721,0.0027640742087384237,0.015913706176585003,0.031223071137865654,0.03261688375708742,0.04759058909135134,0.07509878644834117,0.13302914914152228
2023-01-11 00:00:00+00:00,3.671000003814697,0.008755203696326319,0.005159332563429994,0.007916161043747193,0.007923406772168429,0.023107561976514528,0.036728251149300194,0.052497858906201844,0.06574821174163609,0.13661740814572954
2023-01-12 00:00:00+00:00,3.694999933242798,0.0065164307794221,7.665359176416604e-05,0.005235986155194149,0.007992814635511372,0.02114969233177916,0.036459057293059816,0.051038622295859586,0.05698660343247094,0.13462963827718039
2023-01-13 00:00:00+00:00,3.4189999103546143,-0.07763245189586687,4.246387010299972e-05,0.00011911746186715535,0.00527845002529716,0.008042524234035594,0.023226679438381692,0.03789533378238458,0.05702779980190941,0.1290420872371308
2023-01-17 00:00:00+00:00,3.5859999656677246,0.04768928117156945,0.006026797587364084,0.006069261457467073,0.006145915049231251,0.014062076092978453,0.027218953789246245,0.04287416619853144,0.058895836704012564,0.13321380909238498
2023-01-18 00:00:00+00:00,3.311000108718872,-0.07978707420819653,0.0022742675386610085,0.008301065126025083,0.008343528996128094,0.01357951515132225,0.016343589360060685,0.04480258628918791,0.06091804149409408,0.13469865455817515
2023-01-19 00:00:00+00:00,3.275000095367432,-0.01093239319372774,0.00636597721070426,0.008640244749365259,0.014667042336729354,0.014786159798596517,0.02270232084234372,0.03789372177511105,0.0657481285026919,0.13613183004932974
2023-01-20 00:00:00+00:00,3.174000024795532,-0.03132526829074744,0.00011951722094226463,0.006485494431646515,0.008759761970307534,0.014829023427774615,0.020065009582968776,0.035978715759553775,0.052681893340056164,0.12211932021190984
2023-01-23 00:00:00+00:00,3.447000026702881,0.08251166536513588,0.0009812724334873073,0.0011007896544295624,0.007466766865133833,0.015767831991158922,0.01588694945302609,0.023810356225194517,0.05261520060232625,0.12271818431635105
2023-01-24 00:00:00+00:00,3.257999897003174,-0.056390816715090386,0.006808174921328163,0.007789447354815461,0.007908964575757738,0.016549209325123004,0.022618470782590088,0.030611285418101455,0.05907752807564987,0.12746543596119053
2023-01-25 00:00:00+00:00,3.066999912261963,-0.06041362204134537,0.0031799242097949173,0.009988099131123071,0.010969371564610388,0.01745486599625691,0.025755931122282007,0.031034381147579164,0.04898261056066367,0.1289715009011869
2023-01-26 00:00:00+00:00,2.944000005722046,-0.0409306537147347,0.0036498057281545314,0.00682972993794944,0.013637904859277614,0.014738694513707185,0.02337893926307245,0.0295248543123037,0.05059789305231867,0.13047065228549648
2023-01-27 00:00:00+00:00,3.108999967575073,0.05453191783698208,0.0016753184135155255,0.005325124141670048,0.008505048351464976,0.016294495706280446,0.02277999013792697,0.03112351913405506,0.03912357949798763,0.12930328226534557
2023-01-30 00:00:00+00:00,2.677000045776367,-0.1496043390091506,0.0029737300629793643,0.004649048476494881,0.008298854204649424,0.0182869533357725,0.019387742990202073,0.034054785326931424,0.042090063832545765,0.12962650767759684
2023-01-31 00:00:00+00:00,2.684000015258789,0.002611443156437243,0.02238145825036486,0.025355188313344216,0.027030506726859752,0.033860236664809196,0.04164968401962467,0.0504094459899322,0.06171469360259342,0.14629161795002593
2023-02-01 00:00:00+00:00,2.4679999351501465,-0.08390014502766485,6.819635359302912e-06,0.022388277885724152,0.025362007948703528,0.030687132090373583,0.04067523122149667,0.0481419980866305,0.056562180674522726,0.1397955178116114
2023-02-02 00:00:00+00:00,2.4560000896453857,-0.004874032981403764,0.007039234335663195,0.007046053971022488,0.029427512221387363,0.03407656069788225,0.040906290635831705,0.04881525521158943,0.06352476141842175,0.14385953402195717
2023-02-03 00:00:00+00:00,2.4100000858306885,-0.018907263668503038,2.3756197503811666e-05,0.0070629905331669966,0.007069810168526314,0.03242499848187053,0.03775012262354059,0.048719494188150976,0.06350605374582256,0.12937338294932588
2023-02-06 00:00:00+00:00,2.4570000171661377,0.01931431740871059,0.00035748461943029496,0.00038124081693409625,0.007420475152597306,0.029808753038321464,0.03445780151481635,0.048095706374093966,0.05783674077788878,0.12089260566782685
2023-02-07 00:00:00+00:00,2.5840001106262207,0.0503975282066923,0.000373042856964421,0.0007305274763947055,0.0007542836738985311,0.007800337644921026,0.03315552595826525,0.041660574309730226,0.05593551609619219,0.12126438102412675
2023-02-08 00:00:00+00:00,2.3959999084472656,-0.07553798668981426,0.002539910849344346,0.0029129537063087565,0.0032704383257390656,0.01033342885890607,0.032721706744630236,0.04102056094927966,0.05210944973483228,0.11964553118821016
2023-02-09 00:00:00+00:00,2.430000066757202,0.01409064278201122,0.005705987433150557,0.008245898282494894,0.008618941139459328,0.009000181956393431,0.016046235927415928,0.043076742654275677,0.057695919947040576,0.12509945587278123
2023-02-10 00:00:00+00:00,2.513999938964844,0.033983801065394115,0.0001985462140102449,0.005904533647160792,0.008444444496505152,0.009174971972899864,0.016237962506066874,0.0415999704547704,0.05691319372756351,0.12376211188468504
2023-02-13 00:00:00+00:00,2.4049999713897705,-0.044325194228371334,0.0011548987348522822,0.0013534449488625166,0.007059432382013088,0.009972386088321851,0.010353626905255958,0.039781139126643314,0.05125991754108763,0.11173125823595931
2023-02-14 00:00:00+00:00,2.566999912261963,0.0651879760482117,0.0019647228433828435,0.0031196215782351155,0.003318167792245374,0.011564066074740274,0.01229459355113499,0.019364403719661298,0.050044716174675555,0.11264801590812494
2023-02-15 00:00:00+00:00,2.470999956130981,-0.03811495845686674,0.004249472221262221,0.0062141950646450545,0.0073690937994973504,0.013273627446658148,0.016186581152966915,0.02360705630556422,0.05064438266778325,0.11655164068138263
2023-02-16 00:00:00+00:00,2.388999938964844,-0.033748066457663706,0.0014527500581686776,0.005702222279430888,0.007666945122813746,0.009020390071676269,0.017266288354171173,0.0180205720280697,0.05042181431243639,0.10472954901477019
2023-02-17 00:00:00+00:00,2.275000095367432,-0.048894748472597116,0.001138931989630886,0.002591682047799553,0.006841154269061788,0.009960775847296911,0.015865309494457712,0.019135747820196773,0.04858701623908792,0.10383395776790154
2023-02-21 00:00:00+00:00,2.072999954223633,-0.09298328295120484,0.002390696428198538,0.0035296284178294142,0.0049823784759981055,0.011196573540643167,0.012550018489505693,0.02116895962896502,0.028596254416921596,0.0930750222282535
2023-02-22 00:00:00+00:00,2.174000024795532,0.04757198873304758,0.00864589090838382,0.011036587336582348,0.012175519326213247,0.01787774160564414,0.020997363183879268,0.029441807680384416,0.037235325689946114,0.10171366740821611
2023-02-23 00:00:00+00:00,2.313999891281128,0.06240878168388697,0.0022630941120172056,0.010908985020401014,0.013299681448599564,0.01589136349639913,0.02210555856104419,0.029164990943057276,0.032459185466300125,0.1012199330399161
2023-02-24 00:00:00+00:00,2.450999975204468,0.05751851264108643,0.003894856031267066,0.006157950143284262,0.014803841051668095,0.018333469469497515,0.024035691748928414,0.027353859541173788,0.036330285300063374,0.09995545650775317
2023-02-27 00:00:00+00:00,2.7309999465942383,0.10817172850670131,0.0033083792964428193,0.007203235327709875,0.009466329439727094,0.02050291677630945,0.02309459882410901,0.030463692623606358,0.0392811799770759,0.10318718221243182
2023-02-28 00:00:00+00:00,2.746999979019165,0.005841576539229454,0.011701122848127498,0.015009502144570308,0.018904358175837386,0.02981334319623841,0.03334297161406783,0.04100991673688158,0.05060925996823898,0.11484584119045631
2023-03-01 00:00:00+00:00,2.811000108718872,0.023030931125210152,3.4124016463675963e-05,0.011735246864591166,0.015043626161033998,0.021201576304318268,0.032238163640900624,0.039079317909962406,0.04810347313535831,0.10885316761955592
2023-03-02 00:00:00+00:00,2.765000104904175,-0.01649965768629591,0.0005304237884941737,0.0005645478049578393,0.01226567065308535,0.019468905980795235,0.03037789100119626,0.03536026947719436,0.042927909490701924,0.10710932386938907
2023-03-03 00:00:00+00:00,3.009000062942505,0.08456714565166434,0.0002722387037649437,0.000802662492259107,0.0008367865087227969,0.01584628865329311,0.022004238796577383,0.03417975812279063,0.043001601980456626,0.10101558536244976
2023-03-06 00:00:00+00:00,2.572000026702881,-0.15692400180846933,0.007151602123669811,0.007423840827434745,0.007954264615928932,0.019689511480520103,0.02689274680822999,0.04019242825682955,0.04899830536927415,0.10804767026517731
2023-03-07 00:00:00+00:00,2.687000036239624,0.04374152636285511,0.024625142343584483,0.031776744467254286,0.032048983171019244,0.032613530975977086,0.0476230331205474,0.0624268741722155,0.07165872486947579,0.13169154017527449
2023-03-08 00:00:00+00:00,2.5510001182556152,-0.051939857604129225,0.0019133211285523486,0.02653846347213682,0.033690065595806645,0.03449272808806576,0.04622797495265693,0.05569430439238403,0.06932257377676591,0.12679668638249866
2023-03-09 00:00:00+00:00,2.5429999828338623,-0.003141005826611809,0.0026977488079372204,0.004611069936489558,0.029236212280074055,0.036660053107508805,0.037224600912466654,0.05612895908830404,0.07056757252653445,0.12631451098064098
2023-03-10 00:00:00+00:00,2.430000066757202,-0.04545319486507715,9.865917602809333e-06,0.0027076147255400192,0.0046209358540923815,0.03639768032134667,0.037200342813605784,0.05224396897463979,0.06943850645450637,0.12267457117008924
2023-03-13 00:00:00+00:00,2.6059999465942383,0.0699251733847116,0.002065992923442676,0.002075858841045475,0.004773607648982709,0.031312071121119535,0.038735911948554295,0.05100158260163964,0.06911380294975053,0.12306524568001641
2023-03-14 00:00:00+00:00,2.572999954223633,-0.012743942700709332,0.00488952987288198,0.0069555227963246456,0.006965388713927469,0.011576458650417034,0.04335320311767133,0.044189989626394116,0.06535744191424868,0.12498104548991902
2023-03-15 00:00:00+00:00,2.438999891281128,-0.053484440849959736,0.00016240807555896266,0.005051937948440933,0.007117930871883622,0.009825545597423649,0.036364009069560485,0.04431827368548941,0.06325675587779044,0.10276199531511312
2023-03-16 00:00:00+00:00,2.513999938964844,0.03028701123135158,0.0028605854130328416,0.0030229934885917936,0.007912523361473788,0.00998838220251927,0.014599452139008838,0.046648435310028075,0.06222248525955622,0.10561576109278664
2023-03-17 00:00:00+00:00,2.338000059127808,-0.07257919755016473,0.0009173030493280167,0.0037778884623608476,0.003940296537919824,0.010895819334244477,0.013603434059784507,0.04729349965559115,0.05983140901244141,0.09949382980645147
2023-03-20 00:00:00+00:00,2.2230000495910645,-0.05043823104955536,0.0052677399170258385,0.006185042966353844,0.009045628379386701,0.014097566327827639,0.016173425168873126,0.045409637448947174,0.05339802608133975,0.1047378135259735
2023-03-21 00:00:00+00:00,2.3480000495910645,0.05470626579617499,0.0025440151514083305,0.007811755068434159,0.00872905811776219,0.01175205160635399,0.018707574402678645,0.023328510256771025,0.05590791721628441,0.10692434405795154
2023-03-22 00:00:00+00:00,2.1710000038146973,-0.07837603043313535,0.002992775517361746,0.005536790668770066,0.010804530585795918,0.014582419048156773,0.019634356996597713,0.02440796464558042,0.05837026894515198,0.10954407671834887
2023-03-23 00:00:00+00:00,2.1540000438690186,-0.007861293552769544,0.006142802146455758,0.009135577663817493,0.011679592815225837,0.01786463578157969,0.020887629270171494,0.02785301798409896,0.0642408323878428,0.11314696801546027
2023-03-24 00:00:00+00:00,2.2160000801086426,0.028377205934645655,6.1799936322816e-05,0.0062046020827785636,0.009197377600140324,0.01700913266857449,0.02078702113093535,0.027904952002818964,0.0571510302004958,0.10750278051863255
2023-03-27 00:00:00+00:00,2.088000059127808,-0.0594971066968385,0.0008052658166572886,0.0008670657529800942,0.007009867899435866,0.012546658568205938,0.018731701534559796,0.02664422489603358,0.033331153673568606,0.10810950012127958
2023-03-28 00:00:00+00:00,2.0299999713897705,-0.028170919378320947,0.0035399057052949846,0.004345171521952263,0.004406971458275092,0.013542549122092594,0.021354304190526766,0.025294600728446585,0.03495773825031124,0.11049450709172229
2023-03-29 00:00:00+00:00,1.991000056266785,-0.01939872561736289,0.0007936006986198587,0.004333506403914833,0.005138772220572136,0.011343374303350705,0.016880164972120783,0.025925793351507482,0.03305359014099388,0.1093233849469593
2023-03-30 00:00:00+00:00,2.1040000915527344,0.05520328504649563,0.0003763105555777312,0.0011699112541975795,0.004709816959492578,0.005576882712472679,0.014712460376290183,0.02344151849405237,0.0334200347789688,0.1054502232812748
2023-03-31 00:00:00+00:00,2.2160000801086426,0.0518634666460267,0.003047402679924648,0.003423713235502369,0.004217313934122242,0.008562485456074511,0.014767087538853085,0.025571618124649004,0.03440144453545078,0.10704487590303077
2023-04-03 00:00:00+00:00,2.0969998836517334,-0.05519610859856294,0.002689819172543524,0.005737221852468162,0.006113532408045907,0.010447038811960747,0.011314104564940851,0.022993697380166683,0.032201733835112316,0.1085957630859434
2023-04-04 00:00:00+00:00,2.1059999465942383,0.00428269191633901,0.003046610404424354,0.005736429576967868,0.00878383225689253,0.009953743511090116,0.01429891503304239,0.02349629263318271,0.035085936163977705,0.10925167706216923
2023-04-05 00:00:00+00:00,2.1549999713897705,0.02300032192658019,1.83414500502755e-05,0.0030649518544746193,0.005754771027018157,0.009178484262520532,0.013511990666435377,0.020521858565871236,0.03224369220099514,0.10062412760383568
2023-04-06 00:00:00+00:00,2.010999917984009,-0.0691586402726736,0.0005290148087263256,0.0005473562587765907,0.0035939666632009586,0.009331188515669128,0.010501099769866717,0.014908071228141806,0.03185540396039345,0.0988900483005448
2023-04-10 00:00:00+00:00,2.171999931335449,0.07701630045134644,0.004782917524365071,0.005311932333091386,0.005330273783141675,0.01106670336010955,0.01449041659561193,0.019629188816184064,0.03137058156773268,0.09977810979364281
2023-04-11 00:00:00+00:00,2.186000108718872,0.006425069030329578,0.005931510535212067,0.010714428059577126,0.011243442868303467,0.014308394722778093,0.020045616575246263,0.024755433534738837,0.03475807695153642,0.10240124103241206
2023-04-12 00:00:00+00:00,2.0929999351501465,-0.04347502700880579,4.128151204450026e-05,0.0059727920472565565,0.010755709571621641,0.011303065830398239,0.017039495407366115,0.021256809341488353,0.03180658294621917,0.09074139969632906
2023-04-13 00:00:00+00:00,2.006999969482422,-0.04195735787106769,0.0018900779734163928,0.0019313594854608828,0.007862870020672963,0.013174802353764356,0.016239754208238987,0.022353286616284888,0.02755385877317981,0.09259735365328177
2023-04-14 00:00:00+00:00,2.114000082015991,0.051940871636003805,0.001760419879520846,0.0036504978529372286,0.003691779364981743,0.014406207424558877,0.014953563683335478,0.023737395940228005,0.02925247871637784,0.09382734974430845
2023-04-17 00:00:00+00:00,2.275000095367432,0.07339816807802813,0.0026978541463078248,0.00445827402582866,0.006348351999245067,0.012321144046501632,0.017633076379593028,0.023387847406611182,0.031145067046028374,0.09625296518685134
2023-04-18 00:00:00+00:00,2.365999937057495,0.03922064463061303,0.005387291077210467,0.008085145223518282,0.00984556510303914,0.011776924588500031,0.022491352648077167,0.026085319311278124,0.03299245241794386,0.09448865414039198
2023-04-19 00:00:00+00:00,2.2219998836517334,-0.0627931000977956,0.001538258965240835,0.0069255500424512915,0.00962340418875913,0.013273902041696366,0.019246694088952934,0.024576967872094603,0.033737110684564836,0.07140177076204834
2023-04-20 00:00:00+00:00,2.249000072479248,0.012078066349019756,0.003942973419891777,0.005481232385132602,0.010868523462343082,0.015326797488171751,0.017258156973632643,0.028501599841936107,0.03730377354887888,0.07343142305338778
2023-04-21 00:00:00+00:00,2.2330000400543213,-0.007139714409031828,0.0001458796867313234,0.0040888531066230905,0.005627112071863939,0.013712257295382228,0.017362755148319465,0.028118464719941106,0.034402250555685555,0.07087955393218186
2023-04-24 00:00:00+00:00,2.2730000019073486,0.017754554914070186,5.09755218425367e-05,0.0001968552085738497,0.0041398286284656406,0.011065378670916939,0.015523652696745611,0.02338652271741857,0.03176340690498457,0.0709206635364216
2023-04-25 00:00:00+00:00,2.306999921798706,0.01484739958468062,0.0003152242201967338,0.0003661997420392601,0.0005120794287705974,0.005993311813903206,0.014078457037421499,0.017770236402403237,0.029032020720756946,0.06916989483317565
2023-04-26 00:00:00+00:00,2.117000102996826,-0.08594790448923639,0.00022044527442717426,0.0005356694946238976,0.0005866450164664482,0.004675498123089546,0.011601048165540846,0.01794940016478591,0.029234124545133848,0.06450081023472085
2023-04-27 00:00:00+00:00,2.3550000190734863,0.10654069476254291,0.007387042286090902,0.007607487560518066,0.007922711780714813,0.00811956698928867,0.013600799374421282,0.023446364477460423,0.03609215202249842,0.07172544444525278
2023-04-28 00:00:00+00:00,2.4100000858306885,0.023086047549430555,0.011350919640485338,0.01873796192657623,0.01895840720100342,0.019324606943042687,0.023413460049665782,0.03303686423842491,0.04266015413861869,0.0802157786727053
2023-05-01 00:00:00+00:00,2.318000078201294,-0.03892200446285965,0.0005329655914545685,0.011883885231939896,0.01927092751803081,0.019806597012654716,0.020003452221228575,0.030871975683571657,0.03726160919486119,0.07983144121483184
2023-05-02 00:00:00+00:00,2.21399998664856,-0.04590395039811246,0.0015149224314068665,0.002047888022861423,0.013398807663346776,0.021006295223864848,0.02137249496590412,0.026999607037768058,0.03873525011422355,0.07607862372921287
2023-05-03 00:00:00+00:00,2.1700000762939453,-0.020073625545116713,0.002107172662152369,0.0036220950935592234,0.004155060685013807,0.02289302261159004,0.023428692106213952,0.02756852073467959,0.03895234480295953,0.0756417812399569
2023-05-04 00:00:00+00:00,2.1010000705718994,-0.03231374725833358,0.00040295044252556226,0.002510123104677919,0.004025045536084801,0.015908930768024705,0.02351641832854278,0.02402849775731337,0.03759487536596425,0.07305195616512072
2023-05-05 00:00:00+00:00,2.13700008392334,0.01698956015604325,0.001044178261875461,0.001447128704401011,0.0035543013665533954,0.005602189389414827,0.024340151315991064,0.02492679633245751,0.035941199481531884,0.06795333228054043
2023-05-08 00:00:00+00:00,2.23799991607666,0.046179556781897224,0.0002886451542958123,0.0013328234161712612,0.001735773858696839,0.005357868952256071,0.017241754184195976,0.025164465964910787,0.030842553558617234,0.0681801774985134
2023-05-09 00:00:00+00:00,2.2669999599456787,0.012874781466491347,0.00213255146457247,0.00242119661886827,0.0034653748807437464,0.005975497985421674,0.008023386008283109,0.026981793209286523,0.031436846057948865,0.0695074631464286
2023-05-10 00:00:00+00:00,2.190999984741211,-0.03409930020794005,0.00016575999780990908,0.0022983114623823667,0.0025869566166781943,0.004034085321079214,0.00765618041463845,0.02692710793266926,0.027659632635867,0.06613331743894352
2023-05-11 00:00:00+00:00,2.190000057220459,-0.0004564836925533555,0.0011627622746712206,0.0013285222724811175,0.003461073737053603,0.004793897153224872,0.007304020257902803,0.020702827921249573,0.028676515223806893,0.06650247901499488
2023-05-12 00:00:00+00:00,2.2660000324249268,0.034114606958665306,2.0837736156714642e-07,0.0011629706520327756,0.0013287306498427002,0.0037499272687109785,0.0051970559731120015,0.009352116658125806,0.028625748079325924,0.06612637683677872
2023-05-15 00:00:00+00:00,2.375,0.046981260571466676,0.0011638064079442154,0.0011640147853057704,0.0023267770599770064,0.004625088522359382,0.005957911938530655,0.009982957474615452,0.02947433026707341,0.06424278056479829
2023-05-16 00:00:00+00:00,2.375999927520752,0.00042093350905947347,0.0022072388448840493,0.0033710452528282527,0.003371253630189835,0.004699775902670961,0.007120972521539243,0.010675273888092637,0.03146112383753028,0.06376020023713881
2023-05-17 00:00:00+00:00,2.365000009536743,-0.004640345019318204,1.7718501904912182e-07,0.0022074160299030863,0.003371222437847317,0.004534193089880101,0.00683250455226248,0.008568278410959316,0.024074258736458427,0.06071376701773351
2023-05-18 00:00:00+00:00,2.5920000076293945,0.09165175545712168,2.1532801898311262e-05,2.170998691734824e-05,0.002228948831801413,0.003392963617107192,0.0047214858895883215,0.008186860770332064,0.012744871897871404,0.06071695836958155
2023-05-19 00:00:00+00:00,2.5850000381469727,-0.0027042587160257536,0.008400044278372033,0.008421577080270332,0.008421754265289396,0.011792799518117658,0.012955770170150444,0.015542726786828637,0.020611950584788867,0.06858798783922725
2023-05-22 00:00:00+00:00,2.400000095367432,-0.07425674562711249,7.313015203201258e-06,0.008407357293575222,0.008428890095473549,0.010636306125376645,0.011800320910682425,0.015261394647736026,0.0191043411685852,0.06381238333006539
2023-05-23 00:00:00+00:00,2.321000099182129,-0.03347060706553173,0.005514064271129689,0.0055213772863328785,0.013921421564704927,0.013943131551622284,0.01731417680445055,0.018642907454293246,0.02251123277756252,0.06339493706598301
2023-05-24 00:00:00+00:00,2.3980000019073486,0.03263688737591641,0.0011202815373352226,0.006634345808464899,0.006641658823668116,0.015063235903938457,0.017270651933841554,0.01959742899381856,0.023228563872372186,0.06447393709127372
2023-05-25 00:00:00+00:00,2.306999921798706,-0.03868711210649445,0.0010651664175882522,0.0021854479549234624,0.007699512226053167,0.0161068695196284,0.016128579506545757,0.01949983313673559,0.023249552028084975,0.06364902553544557
2023-05-26 00:00:00+00:00,2.180999994277954,-0.05616446069831571,0.0014966926431404693,0.002561859060728709,0.0036821405980639477,0.009203517884396835,0.017625094964667177,0.02099631740251449,0.02445759951692963,0.06338529829906521
2023-05-30 00:00:00+00:00,2.32699990272522,0.06479635792159433,0.00315444664553265,0.004651139288673107,0.005716305706261375,0.012350651514726283,0.020758008808301517,0.022986957640102924,0.02547949469788981,0.06384189079829003
2023-05-31 00:00:00+00:00,2.2660000324249268,-0.02656366560236023,0.00419856799990336,0.007353014645435998,0.008849707288576484,0.011035155243499954,0.016556532529832843,0.024978286795122238,0.029512302699983263,0.06265316772098292
2023-06-01 00:00:00+00:00,2.157999992370605,-0.04883431361459578,0.0007056283302340162,0.004904196330137364,0.00805864297567003,0.010620502036398749,0.01725484784486366,0.025683737940337206,0.02905516875554606,0.06182053708597611
2023-06-02 00:00:00+00:00,2.171999931335449,0.0064665071576331945,0.002384790186208695,0.003090418516442699,0.007288986516346076,0.01194012580501919,0.014125573759942663,0.02804699532464759,0.03143975056439319,0.06026235385229303
2023-06-05 00:00:00+00:00,2.244999885559082,0.03305709976013105,4.181571481972134e-05,0.0024266059010284043,0.003132234231262437,0.010485248876698442,0.013047107937427162,0.019688766761095277,0.030317759871268692,0.060158289880381424
2023-06-06 00:00:00+00:00,2.26200008392334,0.007543944577009798,0.0010927718445512562,0.0011345875593709654,0.0035193777455796767,0.008423574075717049,0.013074713364390166,0.020774225590443333,0.029203292870935902,0.06120008620309014
2023-06-07 00:00:00+00:00,2.3289999961853027,0.029189574468975743,5.6911099780995537e-05,0.0011496829443322395,0.0011914986591519774,0.004281917175594684,0.011634931821030692,0.015317072419094638,0.02926002678569785,0.06094177308267441
2023-06-08 00:00:00+00:00,2.351999998092652,0.009827039961141315,0.0008520312576798805,0.0009089423574608639,0.0020017142020121365,0.004428320103040549,0.009332516433177923,0.015048822139439297,0.030090525241479413,0.06157335906592711
2023-06-09 00:00:00+00:00,2.253999948501587,-0.04255963645541461,9.65707143978683e-05,0.0009486019720777366,0.0010055130718587487,0.002140100631229722,0.005230519147672431,0.014080226436248912,0.02178705167750525,0.05428288749423408
2023-06-12 00:00:00+00:00,2.2660000324249268,0.0053097841451192895,0.001811322655217056,0.001907893369614912,0.0027599246272948094,0.003909607571627056,0.0063362134726554714,0.0143948564483255,0.023591061317519105,0.04474329050896579
2023-06-13 00:00:00+00:00,2.3399999141693115,0.03213471577469018,2.8193807667760186e-05,0.001839516462884804,0.001936087177282689,0.0028450295347435604,0.003979617094114537,0.01126860361046061,0.018105190854057176,0.04423851872517899
2023-06-14 00:00:00+00:00,2.3420000076293945,0.0008543757433382426,0.001032639957920122,0.0010608337655878702,0.002872156420804943,0.003820758392882687,0.004970441337214937,0.008102675568477371,0.018017549274642074,0.04375623625169225
2023-06-15 00:00:00+00:00,2.532999992370605,0.0783990995743723,7.299579108047747e-07,0.0010333699158309147,0.0010615637234986915,0.0029694570931136114,0.003878399450574486,0.00739777719615416,0.016953112814964626,0.041649793547450686
2023-06-16 00:00:00+00:00,2.631999969482422,0.0383396338607076,0.006146418814072343,0.006147148771983136,0.007179788729903274,0.009019305192788086,0.009967907164865834,0.011159405824017808,0.021602838985896503,0.04739326191899746
2023-06-20 00:00:00+00:00,2.492000102996826,-0.05465835961205068,0.0014699275245731167,0.007616346338645448,0.0076170762965562695,0.008677910062144146,0.010585803431759069,0.012587517633771203,0.01991831986493697,0.04781901118169512
2023-06-21 00:00:00+00:00,2.5969998836517334,0.04127124562338813,0.0029875362754802526,0.004457463800053357,0.010603882614125718,0.011637252529956638,0.013476768992841455,0.0144822820647002,0.018707288140513863,0.05051790230287956
2023-06-22 00:00:00+00:00,2.6080000400543213,0.004226771543074825,0.001703315715306034,0.0046908519907862736,0.006160779515359408,0.012307928287342552,0.013368762052930432,0.016128686680225237,0.01970497552558588,0.050088666553613125
2023-06-23 00:00:00+00:00,2.7290000915527344,0.045351615851631166,1.786559767734714e-05,0.001721181312983369,0.0047087175884636375,0.012325063927109093,0.01335843384294002,0.015294521020222704,0.017338050937054532,0.049940772153480556
2023-06-26 00:00:00+00:00,2.7909998893737797,0.022464639643126505,0.002056769060353923,0.0020746346580312585,0.0037779503733373085,0.008235414173390673,0.014382562945373819,0.01725471936617876,0.019353004282588734,0.05083477893916326
2023-06-27 00:00:00+00:00,2.763000011444092,-0.0100828648342286,0.0005046600342955309,0.0025614290946494424,0.0025792946923268055,0.007270146683113087,0.014886493021758547,0.015948056745257237,0.018764892472333004,0.05133923059609723
2023-06-28 00:00:00+00:00,2.6029999256134038,-0.05965245264801511,0.00010166416326532373,0.0006063241975608429,0.002663093257914782,0.004384274570898159,0.008841738370951525,0.016021527100854797,0.018809645535817335,0.05027708835141833
2023-06-29 00:00:00+00:00,2.700999975204468,0.03695746819517587,0.003558415106923685,0.0036600792701889967,0.004164739304484544,0.0062393739625158096,0.010930225953302094,0.01854730224985836,0.021516029385061138,0.05162826461345797
2023-06-30 00:00:00+00:00,2.7980000972747803,0.03528284537876614,0.0013658544553974358,0.004924269562321109,0.005025933725586448,0.007587362820235898,0.009308544133219278,0.019912426747344992,0.022785313126060705,0.052993941883836354
2023-07-03 00:00:00+00:00,2.7090001106262207,-0.03232530706960468,0.001244879178021919,0.002610733633419343,0.006169148740343044,0.006775472937903895,0.008850107595935163,0.015010887111294568,0.02221886964886557,0.054217288259959966
2023-07-05 00:00:00+00:00,2.657000064849853,-0.019381912754662722,0.0010449254771442344,0.0022898046551661417,0.0036556591105635933,0.0073157383807525974,0.00987716747540205,0.014585885063865685,0.023235601318342045,0.046862169458732165
2023-07-06 00:00:00+00:00,2.608999967575073,-0.018230697458361145,0.0003756585420293575,0.0014205840191735802,0.0026654631971955154,0.007589732759516632,0.008196056957077485,0.011974007330414791,0.02257861990245128,0.047230514985558324
2023-07-07 00:00:00+00:00,2.5820000171661377,-0.010402694653647182,0.0003323583298182955,0.0007080168718476413,0.0017529423489918918,0.004363675982411242,0.00802375525260025,0.010603049944927053,0.022910248274358773,0.042048809044246925
2023-07-10 00:00:00+00:00,2.6689999103546143,0.03313953776191736,0.00010821605605701967,0.00044057438587530344,0.000816232927904677,0.0031060375830708263,0.008030307145391945,0.010693400403306725,0.016872045516343446,0.04103674356296873
2023-07-11 00:00:00+00:00,2.7309999465942383,0.022963986101424694,0.0010982289630735466,0.0012064450191305546,0.0015388033489488662,0.0029593873681224535,0.005570121001541807,0.009734860306026348,0.016500346954843877,0.04106980610845402
2023-07-12 00:00:00+00:00,2.631999969482422,-0.03692382106793457,0.0005273446576664265,0.0016255736207399616,0.0017337896767969973,0.0024418065486446457,0.004731611203810797,0.009757544929397243,0.014040155337030052,0.04010045812297998
2023-07-13 00:00:00+00:00,2.5450000762939453,-0.033613321887785985,0.0013633685622568487,0.0018907132199232634,0.002988942182996826,0.003429516568872137,0.004850100588045727,0.011019249328388768,0.013700208183980865,0.038309380039704174
2023-07-14 00:00:00+00:00,2.5390000343322754,-0.0023603637359513874,0.0011298554083319125,0.0024932239705887493,0.003020568628255192,0.004227013647385754,0.004935030519233405,0.008590689629796996,0.01481219799463543,0.03524066744813273
2023-07-17 00:00:00+00:00,2.51200008392334,-0.010691034229584284,5.57131696599439e-06,0.0011354267252978952,0.00249879528755476,0.004124368908294729,0.004564943294170042,0.007230406491365554,0.012761000251247503,0.034540610434864706
2023-07-18 00:00:00+00:00,2.628999948501587,0.04552424414422562,0.00011429821289814282,0.0001198695298641255,0.0012497249381960538,0.003140438158119325,0.004346883177249889,0.006099825526241778,0.012370638429850114,0.03227011846155415
2023-07-19 00:00:00+00:00,2.6029999256134038,-0.009938928723977725,0.0020724568049030607,0.002186755017801192,0.0021923263347672023,0.004685550305355959,0.00631112392609593,0.007127356854000604,0.014341431071487852,0.03430075955163749
2023-07-20 00:00:00+00:00,2.756999969482422,0.05747852353736205,9.878230418030948e-05,0.0021712391090833584,0.0022855373219815168,0.00342096404727942,0.005311677267202694,0.006850480616151557,0.010881798268744476,0.03330677001126655
2023-07-21 00:00:00+00:00,2.713000059127808,-0.016088065501487114,0.003303780668035083,0.0034025629722153807,0.0054750197771184575,0.005594889306982591,0.00808811327757135,0.009821902954368345,0.012819724481382123,0.03655363957952064
2023-07-24 00:00:00+00:00,2.684999942779541,-0.010374348821377444,0.00025882585158013986,0.0035626065196152114,0.0036613888237955364,0.005848143841596736,0.006983570566894641,0.009972512749891464,0.011833671154940344,0.035960434173420895
2023-07-25 00:00:00+00:00,2.7300000190734863,0.016620909533823558,0.00010762711346761556,0.0003664529650477437,0.0036702336330828424,0.005841472742166209,0.005961342272030344,0.008981910900285535,0.010896372791263726,0.03597149057249064
2023-07-26 00:00:00+00:00,2.664999961853028,-0.024097572879746565,0.00027625463373154687,0.00038388174719915073,0.0006427075987793063,0.004045270570994694,0.006232025588795896,0.008730820876350654,0.010796968882965914,0.03443642255100513
2023-07-27 00:00:00+00:00,2.492000102996826,-0.0671184010475514,0.0005806930186946971,0.0008569476524262322,0.0009645747658938635,0.004527181285509082,0.006698420394592451,0.007948145332788502,0.011045303571842316,0.03498892176203207
2023-07-28 00:00:00+00:00,2.638000011444092,0.05693541637709709,0.004504879759179949,0.0050855727778746345,0.005361827411606197,0.005728280376653948,0.00913084334886934,0.011323169683636537,0.015441967274965246,0.03846116156329189
2023-07-31 00:00:00+00:00,2.634000062942505,-0.001517431416036219,0.0032416416380334156,0.007746521397213352,0.008327214415908066,0.008711096163107224,0.012273702682722445,0.014559240004703959,0.017585379949925116,0.0417020732434145
2023-08-01 00:00:00+00:00,2.559999942779541,-0.028496391077527328,2.302598102373685e-06,0.003243944236135777,0.0077488239953157415,0.008605771647741981,0.008972224612789736,0.01444724438990819,0.01706033789036106,0.03555795702744454
2023-08-02 00:00:00+00:00,2.476999998092652,-0.03295908640252998,0.0008120443044433791,0.0008143469025457406,0.004055988540579172,0.009141561318453815,0.009525443065652976,0.01318683188944851,0.01650901363254759,0.0349000738073148
2023-08-03 00:00:00+00:00,2.565000057220459,0.03491035119370467,0.0010863013764894367,0.0018983456809328037,0.001900648279035193,0.009647169676248554,0.010504117328674796,0.014174350961757636,0.016465459600705116,0.03299883890832398
2023-08-04 00:00:00+00:00,2.57699990272522,0.004667392992028341,0.001218732620467797,0.0023050339969572214,0.0031170783014006164,0.006361022537536402,0.011446595315411047,0.01208930291419035,0.017678620904206917,0.03251425581348574
2023-08-07 00:00:00+00:00,2.7249999046325684,0.05584249919505202,2.1784557342035266e-05,0.00124051717780982,0.0023268185542992727,0.003141165456845022,0.010887686854058385,0.011852261619952245,0.017586107248650812,0.032518174773150436
2023-08-08 00:00:00+00:00,2.7769999504089355,0.018902797348894884,0.0031183847163493857,0.003140169273691409,0.004358901894159222,0.0062572475750920335,0.009501191811227822,0.014863019222834015,0.018632035160097135,0.0335797904291459
2023-08-09 00:00:00+00:00,2.9590001106262207,0.06348022033754663,0.00035731574761338746,0.0034757004639627605,0.003497485021304812,0.005802519018262043,0.006616865920807793,0.014944080336715857,0.018890568603530215,0.033432446142463754
2023-08-10 00:00:00+00:00,2.763000011444092,-0.06853436072123809,0.004029738374103469,0.0043870541217168445,0.007505438838066246,0.008745956015876074,0.01064430169680889,0.018393125692124628,0.0196165263095986,0.037360520353301896
2023-08-11 00:00:00+00:00,2.7699999809265137,0.00253026323032457,0.004696958599468782,0.00872669697357224,0.009084012721185641,0.01222418199487706,0.014529215991834292,0.01858520453241346,0.024054659057487243,0.038499063845847004
2023-08-14 00:00:00+00:00,2.7950000762939453,0.008984820590131504,6.4022320147325265e-06,0.004703360831483502,0.008733099205586988,0.012208799669549759,0.013449316847359588,0.01534996512639478,0.02395343417603436,0.03713961162246429
2023-08-15 00:00:00+00:00,2.6589999198913574,-0.049882051770118396,8.072700103685103e-05,8.712923305157054e-05,0.004784087832520368,0.009171141954237223,0.012311311227928641,0.015428389529329256,0.023757906543339667,0.03597545944547923
2023-08-16 00:00:00+00:00,2.5920000076293945,-0.02552030070005773,0.002488219088796772,0.00256894608983361,0.002575348321848358,0.011302045295420607,0.01477774575938338,0.01710456431368265,0.02566543261344174,0.037418753057131764
2023-08-17 00:00:00+00:00,2.621000051498413,0.011126162556185148,0.000651285747821367,0.003139504836618126,0.0032202318376549927,0.007923592669138505,0.01231064679085536,0.016669548685014583,0.021811838602083158,0.03769438026292377
2023-08-18 00:00:00+00:00,2.5510001182556152,-0.027070458473407277,0.00012379149322665642,0.0007750772410480104,0.003263296329844798,0.003350425562896379,0.012077122536468629,0.01557460755777344,0.018693988457276395,0.03748581342633213
2023-08-21 00:00:00+00:00,2.631999969482422,0.03125851635200083,0.0007328097219604678,0.0008566012151871112,0.0015078869630084939,0.0040768330528421146,0.008780193884325629,0.016285632722391873,0.01942449558113449,0.03811040709223558
2023-08-22 00:00:00+00:00,2.559999942779541,-0.027736765728517132,0.0009770948445283034,0.0017099045664887582,0.0018336960597154302,0.004973200896333567,0.0050603301293851485,0.01414434285057079,0.019589546121219416,0.03798927297369034
2023-08-23 00:00:00+00:00,2.496999979019165,-0.024917233244509784,0.0007693281730786425,0.0017464230176069328,0.0024792327395674165,0.0032543099806154373,0.005823256070449058,0.014556355276036045,0.019272572917808622,0.038231256489102555
2023-08-24 00:00:00+00:00,2.5190000534057617,0.008772015676429379,0.0006208685125613036,0.001390196685639933,0.002367291530168252,0.0032238927453553737,0.006363397581973511,0.011147485414493879,0.01867470880990213,0.03748875643940701
2023-08-25 00:00:00+00:00,2.539999961853028,0.008302047440303495,7.694825902752277e-05,0.0006978167715888134,0.0014671449446674715,0.00317704951115624,0.003952126752204262,0.006527475074052619,0.018729872511587614,0.03643584929010262
2023-08-28 00:00:00+00:00,2.5789999961853027,0.015237659408117499,6.892399170104982e-05,0.00014587225072855957,0.0007667407632898788,0.0025131637808968217,0.0033697649960839444,0.006589996833738936,0.01568041178693928,0.03649920196483767
2023-08-29 00:00:00+00:00,2.555999994277954,-0.008958191143453309,0.00023218626423779172,0.00030111025593882856,0.00037805851496636693,0.0017682552006063105,0.00347815976709508,0.006741456096939877,0.015555282303563685,0.03661709001617732
2023-08-30 00:00:00+00:00,2.7960000038146973,0.08974629145928847,8.02491885626453e-05,0.000312435452800424,0.0003813594445014895,0.0010791762160903132,0.002825599233697257,0.00433348619670575,0.011605793118022862,0.03462488239983691
2023-08-31 00:00:00+00:00,2.7679998874664307,-0.010064828635673706,0.008054396830695556,0.008134646019258188,0.008366832283495995,0.008512704534224565,0.00990290121986451,0.011736597279579939,0.014963231349249635,0.04258049692635216
2023-09-01 00:00:00+00:00,2.765000104904175,-0.0010843241859066488,0.00010130077546547743,0.008155697606161019,0.00823594679472368,0.00853705705066252,0.009234873822251344,0.011714106561818758,0.015058129892700379,0.039378017033782554
2023-09-05 00:00:00+00:00,2.5820000171661377,-0.06847637384148575,1.1757589401421166e-06,0.00010247653440560566,0.008156873365101177,0.008469308817901611,0.008615181068630184,0.010982472598798435,0.014978578650603671,0.03912036694114255
2023-09-06 00:00:00+00:00,2.509999990463257,-0.028281549728645383,0.004689013774478914,0.004690189533419042,0.004791490308884535,0.012926136328142735,0.013227246584081575,0.014694391528749044,0.017179373336285813,0.04370175360215385
2023-09-07 00:00:00+00:00,2.5789999961853027,0.027118976075876322,0.0007998460550538418,0.0054888598295327416,0.005490035588472899,0.01364573319463393,0.013958168647434366,0.014724909410724244,0.017327933643518287,0.044225345023476144
2023-09-08 00:00:00+00:00,2.6050000190734863,0.010030957107136307,0.0007354388634039523,0.0015352849184577804,0.006224298692936709,0.006326775227342327,0.014461421246600527,0.014839479761566892,0.017939581013695582,0.0443800908681854
2023-09-11 00:00:00+00:00,2.6080000400543213,0.0011509768954525157,0.00010062010048520838,0.0008360589638891469,0.0016359050189430043,0.006326094552362058,0.014481792158523089,0.014863151603024578,0.017307391392220324,0.039975831209490664
2023-09-12 00:00:00+00:00,2.743000030517578,0.050468563658428556,1.3247478138655113e-06,0.00010194484829906001,0.0008373837117030279,0.0063262435412357815,0.006428720075641399,0.014795552359137393,0.016331621295505885,0.036735514319271106
2023-09-13 00:00:00+00:00,2.680000066757202,-0.023235403648918185,0.0025470759177448556,0.0025484006655587072,0.002649020766043931,0.004184305684501724,0.008874495217920778,0.01711044201264446,0.0181093690401721,0.03928028763891359
2023-09-14 00:00:00+00:00,2.7079999446868896,0.010393515192043346,0.0005398839827281605,0.003086959900473002,0.0030882846482868835,0.003924343612176043,0.009413203441708795,0.017570076806809973,0.018028384510338957,0.039008127317198375
2023-09-15 00:00:00+00:00,2.6440000534057617,-0.023917392435921614,0.00010802515804723582,0.0006479091407753824,0.0031949850585202538,0.003296929906819326,0.004832214825277118,0.009623705134161654,0.01805946140935867,0.03802985109875617
2023-09-18 00:00:00+00:00,2.7279999256134038,0.03127577052511088,0.0005720416609338805,0.0006800668189811023,0.0012199508017092784,0.003768351467267998,0.004604410431157157,0.010094446019630056,0.0185625790785915,0.03738316013922226
2023-09-19 00:00:00+00:00,2.8480000495910645,0.04304829824892065,0.0009781738219393945,0.001550215482873261,0.0016582406409205125,0.004745200541393527,0.004847145389692599,0.01107144408262931,0.0193085666362931,0.03833954940381961
2023-09-20 00:00:00+00:00,2.7330000400543213,-0.04121708936058388,0.0018531559821280245,0.002831329804067405,0.003403371465001301,0.004051280605776695,0.0065996812713354155,0.008235586290278419,0.021081473429858482,0.03707432066959825
2023-09-21 00:00:00+00:00,2.609999895095825,-0.04604974046030741,0.001698848455358357,0.0035520044374863675,0.004530178259425778,0.005210245078406892,0.008297204978879907,0.009134588690582935,0.014725925054521282,0.038415853377343226
2023-09-22 00:00:00+00:00,2.63700008392334,0.010291758055027356,0.002120578596461673,0.0038194270518200164,0.005672583033948056,0.0072227985168213295,0.007870707657596725,0.010519728423640656,0.01674520287551748,0.03650669359970143
2023-09-25 00:00:00+00:00,2.638999938964844,0.0007580951965907579,0.00010592028386322046,0.0022264988803248798,0.003925347335683252,0.0067566771397506685,0.007436743958731784,0.010525028607018668,0.016849947400440556,0.03191565528409586
2023-09-26 00:00:00+00:00,2.6559998989105225,0.006421159160340584,5.747083270939798e-07,0.00010649499219030057,0.002227073588651989,0.005779078026138369,0.0073292935090116425,0.010524278567531895,0.012161508334288735,0.031909827760408224
2023-09-27 00:00:00+00:00,2.763999938964844,0.03985769026984998,4.123128496242579e-05,4.1805993289505894e-05,0.00014772627715274196,0.003967153328972769,0.0067984831330401875,0.008018433934749465,0.01140289356419732,0.0318703320443338
2023-09-28 00:00:00+00:00,2.944999933242798,0.06342991061232994,0.0015886354736472936,0.0016298667586097054,0.001630441466936815,0.003856940347261707,0.007408944784748087,0.0090671854256686,0.01225609017444066,0.030970748429184323
2023-09-29 00:00:00+00:00,2.928999900817871,-0.005447760452086614,0.004023353560288167,0.005611989033935447,0.005653220318897888,0.005759715311088201,0.00957914236290823,0.01298251382790953,0.01617882363424362,0.03434281624165112
2023-10-02 00:00:00+00:00,2.8399999141693115,-0.030857012032442066,2.967809394331895e-05,0.004053031654231472,0.005641667127878781,0.0056834731211683,0.007909972001493192,0.01244015026091897,0.01620717698037307,0.034248702842367786
2023-10-03 00:00:00+00:00,2.9489998817443848,0.0376620677818551,0.0009521551915702744,0.0009818332855135795,0.005005186845801761,0.006635053604411479,0.006741548596601792,0.012414131630549847,0.014612256254198493,0.03446804831197759
2023-10-04 00:00:00+00:00,2.961999893188477,0.004398590052101969,0.001418431349605048,0.0023705865411753086,0.002400264635118642,0.008012253669054102,0.00805405966234362,0.011979406998026873,0.01549080362107538,0.03490938481705434
2023-10-05 00:00:00+00:00,3.1659998893737797,0.06660424673186993,1.9347594446450407e-05,0.0014377789440514846,0.0023899341356217736,0.0064429657898532585,0.008072832548462977,0.010299906137114965,0.015402126057474593,0.03415940423842214
2023-10-06 00:00:00+00:00,3.338000059127808,0.052902916436318836,0.004436125682719807,0.004455473277166244,0.005873904626771306,0.0068557379122848984,0.012467726946220357,0.0126154532233731,0.01926621007926052,0.03797466140858065
2023-10-09 00:00:00+00:00,3.375999927520752,0.011319712311552266,0.0027987185674681336,0.007234844250187927,0.007254191844634392,0.009624778385809713,0.013677810040041198,0.015308251506978012,0.02108675482478926,0.04069643171702126
2023-10-10 00:00:00+00:00,3.381999969482422,0.0017756861881197405,0.00012813588681630795,0.002926854454284428,0.007362980137004249,0.008800759081055745,0.009782592366569339,0.015435812685467227,0.019361734729477543,0.04075564361213652
2023-10-11 00:00:00+00:00,3.377000093460083,-0.0014794723739521842,3.1530614386792146e-06,0.0001312889482549733,0.002930007515723122,0.007385480792889377,0.0097560673340647,0.01539773446194348,0.017666039335557868,0.04052661040933741
2023-10-12 00:00:00+00:00,3.344000101089477,-0.009820043626344921,2.1888385052877116e-06,5.341899943953048e-06,0.00013347778676027575,0.007368322036948215,0.008806100980999711,0.013811287826801475,0.01554764957760148,0.040448550059280046
2023-10-13 00:00:00+00:00,3.236000061035156,-0.03282970739501967,9.64332568233175e-05,9.862209532859133e-05,0.00010177515676728529,0.003028629611051726,0.007484102888217982,0.009884367523336624,0.015538162550561577,0.032490586485407806
2023-10-16 00:00:00+00:00,3.108999967575073,-0.040036897410300254,0.001077789687642609,0.0011742229444659128,0.0011764117829712152,0.0013077007312262015,0.00854254498141414,0.010932479117035914,0.016615377529877094,0.033467075397584936
2023-10-17 00:00:00+00:00,3.0789999961853027,-0.009696252943818484,0.0016029531542429071,0.002680742841885502,0.0027771760987088346,0.0027825179986528006,0.0057093724529372405,0.011583277079708548,0.01817709939915757,0.035068852792887704
2023-10-18 00:00:00+00:00,3.055999994277954,-0.00749799827154618,9.401732115050862e-05,0.0016969704753934018,0.002774760163036026,0.00287338225836463,0.0030046712066196155,0.010258863051254008,0.016682481246660788,0.030473856339559298
2023-10-19 00:00:00+00:00,2.9570000171661377,-0.03293162275628214,5.62199780801095e-05,0.00015023729923060425,0.001753190453473526,0.002927413397939452,0.002932755297883417,0.010295735434887668,0.01271534766445273,0.029730230262585564
2023-10-20 00:00:00+00:00,2.8989999294281006,-0.019809421079608702,0.0010844917773620798,0.0011407117554421754,0.0012347290765926987,0.003915471918478214,0.004014094013806818,0.00694410152952994,0.013770161347871492,0.030079283176543695
2023-10-23 00:00:00+00:00,2.9260001182556152,0.009270517417398594,0.0003924131635092456,0.0014769049408713117,0.0015331249189514356,0.0032300953943448503,0.004404318338810776,0.004537796125571052,0.013210419319810464,0.03037107623956773
2023-10-24 00:00:00+00:00,2.970999956130981,0.015262238701344133,8.594249318629069e-05,0.0004783556566955224,0.001562847434057617,0.001713084733288234,0.004393827575173749,0.004495602731941035,0.011877930463391705,0.03045569398494016
2023-10-25 00:00:00+00:00,3.009999990463257,0.01304149387770237,0.00023293593017680665,0.00031887842336308345,0.0007112915868723439,0.0018520033423145323,0.003548973817707946,0.004725385600679162,0.012091518799122063,0.028141553997372105
2023-10-26 00:00:00+00:00,3.21399998664856,0.06557618756873906,0.00017008056256214842,0.0004030164927389412,0.0004889589859252467,0.0019658639267965713,0.0021161012260271874,0.004893277324736023,0.007825473678964403,0.027771750577206097
2023-10-27 00:00:00+00:00,3.1640000343322754,-0.015679202404853987,0.0043002363760504475,0.004470316938612582,0.004703252868789404,0.005181608525484939,0.006322320280927126,0.009097080443963153,0.009326991487546718,0.03196396179520931
2023-10-30 00:00:00+00:00,3.351999998092652,0.057720121294502436,0.000245837388052379,0.004546073764102813,0.0047161543266649765,0.005035032750028073,0.006511937690899396,0.008265128144372923,0.00944469298878279,0.03163775752232781
2023-10-31 00:00:00+00:00,3.575000047683716,0.06440800743325448,0.0033316124022520735,0.0035774497903044386,0.0078776861663549,0.008280702659093855,0.00875905831578939,0.009993787392382089,0.012773152329596183,0.03399119610264049
2023-11-01 00:00:00+00:00,3.49399995803833,-0.022917989781844783,0.004148391421522164,0.007480003823774223,0.007725841211826618,0.012196158150439212,0.012515036573802308,0.014048161492753744,0.01691935491261306,0.03628643154203462
2023-11-02 00:00:00+00:00,3.4719998836517334,-0.006316436414570692,0.0005252342556407419,0.004673625677162892,0.008005238079414981,0.012551311843517807,0.01295432833625676,0.014517175770314377,0.017348155911430484,0.03511281734231701
2023-11-03 00:00:00+00:00,3.515000104904175,0.012308791819685583,3.989736897931466e-05,0.0005651316246200427,0.004713523046142223,0.008290972836446673,0.012761289775059267,0.013472581361931612,0.016310263592767188,0.03303213611483465
2023-11-06 00:00:00+00:00,3.263999938964844,-0.07408613670497899,0.00015150635606035872,0.0001914037250396595,0.0007166379806804171,0.008196641804454652,0.012742715568557475,0.013231674554482724,0.01485881679458464,0.03307772218703179
2023-11-07 00:00:00+00:00,3.140000104904175,-0.03873058507323002,0.005488755651868835,0.005640262007929179,0.00568015937690851,0.010353785054071415,0.013931234844375865,0.018634487713165268,0.020253555125302965,0.03856590313057353
2023-11-08 00:00:00+00:00,3.1059999465942383,-0.010887125797024666,0.0015000582201147078,0.006988813871983529,0.0071403202280439036,0.007705451852663958,0.015185455676438192,0.01990161000310317,0.021697393367337565,0.040024730065725815
2023-11-09 00:00:00+00:00,3.0409998893737797,-0.02114933521512019,0.00011852950812023997,0.0016185877282349338,0.007107343380103785,0.007298747105143456,0.01197237278230636,0.01985005894866126,0.020731431098095728,0.03855462410019876
2023-11-10 00:00:00+00:00,3.032999992370605,-0.0026341461260068755,0.000447294380041523,0.000565823888161749,0.0020658821082764735,0.007706144116205665,0.008271275740825718,0.015997116952652338,0.020786312314628002,0.03497856491995211
2023-11-13 00:00:00+00:00,3.197000026702881,0.05266065223920258,6.93872581315703e-06,0.00045423310585466614,0.0005727626139749225,0.007561576485958462,0.0077529802109981335,0.015758218290413115,0.02070730854725487,0.03495582555182195
2023-11-14 00:00:00+00:00,3.1059999465942383,-0.02887717089807551,0.0027731442942582315,0.0027800830200713747,0.003227377400112914,0.004845965128347859,0.01048622713627705,0.015199750182419272,0.023247516911336294,0.03677681465450991
2023-11-15 00:00:00+00:00,3.190000057220459,0.026685227202091433,0.0008338909990766592,0.003607035293334877,0.00361397401914805,0.0041797979073098105,0.011168611779293352,0.011885249759973768,0.023911327347850803,0.036192274303981524
2023-11-16 00:00:00+00:00,3.062000036239624,-0.04095262566343005,0.0007121013508272406,0.0015459923499038858,0.004319136644162134,0.004773369750016811,0.006391957478251757,0.012072116855160266,0.0203231923226276,0.03688502806036231
2023-11-17 00:00:00+00:00,2.9600000381469727,-0.03387902784731134,0.0016771175487290298,0.002389218899556256,0.003223109898632932,0.0060031929187043176,0.006569016806866079,0.013709337034909981,0.021754472483304248,0.034126019926371536
2023-11-20 00:00:00+00:00,2.881999969482422,-0.026704794235157037,0.0011477885278788971,0.002824906076607913,0.0035370074274351697,0.007144042720770058,0.007598275826624736,0.014705619206728521,0.01957064860893107,0.0324750898867823
2023-11-21 00:00:00+00:00,2.845999956130981,-0.012570002734914265,0.0007131460351420765,0.0018609345630209596,0.003538052111750006,0.005084044461653903,0.00786412748172529,0.009930009590001761,0.016135403222550984,0.033060100035108064
2023-11-22 00:00:00+00:00,2.8970000743865967,0.017761260210937824,0.0001580049687557521,0.0008711510038978145,0.0020189395317767285,0.004408158431332996,0.008015193724667883,0.008587956338642807,0.015768173935665993,0.03321495194242514
2023-11-23 00:00:00+00:00,2.934000015258789,0.012690940457141808,0.0003154623642806431,0.0004734673330363811,0.0011866133681784742,0.0040115194447863985,0.005557511794690296,0.008784889194803209,0.016043738930967326,0.033528225468200494
2023-11-24 00:00:00+00:00,2.8550000190734863,-0.02729483513276354,0.00016105996968671874,0.00047652233396734776,0.0006345273027231165,0.0024954618657440876,0.004884680765300356,0.008498654784448407,0.016053292544593683,0.03359285218106389
2023-11-27 00:00:00+00:00,2.7939999103546143,-0.021597621038897508,0.0007450080249247428,0.0009060679946114474,0.0012215303588921074,0.0020926813627899334,0.0049175874393978585,0.00923672408355999,0.01130954491764959,0.03326007051834603
2023-11-28 00:00:00+00:00,2.7060000896453857,-0.03200266587283507,0.00046645723453982824,0.001211465259464557,0.0013725252291512926,0.0018459925621876852,0.003706927125208657,0.006930037023841588,0.010275943932074712,0.03212357459864295
2023-11-29 00:00:00+00:00,2.803999900817871,0.03557537092371332,0.0010241706229683224,0.0014906278575081366,0.0022356358824328964,0.0027121582164002555,0.0035833092202980825,0.007120316647733251,0.011181585046922793,0.033053727900460766
2023-11-30 00:00:00+00:00,2.802000045776367,-0.0007134695488366649,0.0012656070163597874,0.0022897776393280955,0.0027562348738679405,0.0036623028684793996,0.004135770201515793,0.007673822313265798,0.01199989768324106,0.03426311493874044
2023-12-01 00:00:00+00:00,2.813999891281128,0.004273455805354542,5.090387971171941e-07,0.0012661160551568904,0.00229028667812523,0.003501751937589798,0.003978274271557158,0.005997213803333886,0.011993467996225018,0.03317913220017548
2023-12-04 00:00:00+00:00,2.694000005722046,-0.04357983994503456,1.826242452031844e-05,1.8771463317421538e-05,0.001284378479677226,0.002775006337185374,0.003681074331796834,0.004867687699975307,0.009238586126487106,0.03280498146118655
2023-12-05 00:00:00+00:00,2.7100000381469727,0.0059215688558146296,0.0018992024496348298,0.0019174648741551341,0.0019179739129522684,0.004207751552280375,0.005419216811744945,0.006053744114468061,0.010303897577045276,0.03461824141763509
2023-12-06 00:00:00+00:00,2.569000005722046,-0.05343192861289292,3.506497771415378e-05,0.0019342674273489695,0.001952529851869305,0.0032186459070262063,0.004709273764534356,0.005930804123426462,0.00962686120393219,0.034420370465172434
2023-12-07 00:00:00+00:00,2.5850000381469727,0.006208802362351551,0.0028549709952932854,0.002890035973007425,0.004789238422642271,0.004808009885959704,0.007097787525287813,0.008470312754439104,0.010804714650496445,0.03710526089790358
2023-12-08 00:00:00+00:00,2.5810000896453857,-0.0015485672481543311,3.85492267747422e-05,0.002893520222068014,0.0029285851997821843,0.004846050073937329,0.006112166129094232,0.008347802011527126,0.00969547534939229,0.03284357374862787
2023-12-11 00:00:00+00:00,2.430999994277954,-0.059874262489083785,2.398060522056278e-06,4.09472872967846e-05,0.0028959182825900867,0.0048301857099390675,0.004848957173256501,0.007605192047124441,0.00898472737477227,0.03260013442109755
2023-12-12 00:00:00+00:00,2.311000108718872,-0.05062231464387967,0.0035849273086117055,0.003587325369133748,0.003625874595908507,0.006515910568915943,0.00843337544307109,0.010723662121196319,0.012411649714628223,0.03285344932745718
2023-12-13 00:00:00+00:00,2.3350000381469727,0.010331529121569871,0.0025626187399039545,0.006147546048515647,0.006149944109037719,0.009043464331105743,0.010977731758454725,0.01226211023813195,0.014658806090251535,0.03126767664583897
2023-12-14 00:00:00+00:00,2.3919999599456787,0.02411791188537382,0.00010674049398984631,0.0026693592338937868,0.00625428654250551,0.006295233829802304,0.009185269802809742,0.01110324371576201,0.014604486614554662,0.030849182884188073
2023-12-15 00:00:00+00:00,2.490999937057495,0.04055439166880881,0.0005816736737106558,0.0006884141677004883,0.0032510329076044595,0.006838358276738218,0.009731878498806244,0.011684408350675548,0.014441152263340574,0.03139095918891942
2023-12-18 00:00:00+00:00,2.503000020980835,0.004805809819835916,0.0016446586836271493,0.0022263323573377914,0.0023330728513276545,0.008480618899843312,0.008521566187140107,0.01331080460978238,0.015619353712427897,0.03288411151648621
2023-12-19 00:00:00+00:00,2.492000102996826,-0.00440437857571685,2.3095808024431315e-05,0.0016677544916515667,0.0022494281653622395,0.004918787399256037,0.008506112768389798,0.01143469796817198,0.014618278897484006,0.027418451672641803
2023-12-20 00:00:00+00:00,2.447000026702881,-0.018222846883163668,1.9398550638233584e-05,4.249435866265102e-05,0.001687153042289817,0.0023755672099903162,0.008523113258505974,0.01141903154109606,0.01337207043176245,0.02593779200316533
2023-12-21 00:00:00+00:00,2.572000026702881,0.04982102138448763,0.00033207214852722783,0.00035147069916544754,0.00037456650718989577,0.002600898864527698,0.0052702580984214965,0.008896132694330003,0.013703633541492562,0.02615133464357232
2023-12-22 00:00:00+00:00,2.609999895095825,0.014666364383911334,0.0024821341717935737,0.0028142063203207878,0.0028336048709590384,0.004501359362610616,0.005189773530311116,0.011339717639348833,0.016167505288765815,0.028186174435324368
2023-12-26 00:00:00+00:00,2.549999952316284,-0.023256840670592527,0.0002151022442416629,0.0026972364160352228,0.0030293085645624676,0.0030718029232251294,0.005298135280562932,0.01155242182306844,0.01448340508337265,0.028394337953752874
2023-12-27 00:00:00+00:00,2.61899995803833,0.02669920903271661,0.0005408806379773267,0.0007559828822189757,0.0032381170540125665,0.003589587753178025,0.0052573422448296036,0.008508375152434062,0.014989220743635824,0.026162074297471968
2023-12-28 00:00:00+00:00,2.556999921798706,-0.023957883777725897,0.0007128477629726962,0.0012537284009500088,0.0014688306451916887,0.004283036965512487,0.004325531324175151,0.006658604175502804,0.012847097511315235,0.026041031061368007
2023-12-29 00:00:00+00:00,2.513999938964844,-0.01695957983587848,0.0005739801951070217,0.001286827958079704,0.0018277085960570474,0.004524945012092281,0.004876415711257741,0.0071258438766199795,0.013382528479647514,0.025902909905647788
2024-01-02 00:00:00+00:00,2.568000078201294,0.02125233038998109,0.00028762734820953596,0.0008616075433165438,0.0015744553062892568,0.0023304381885082435,0.005144644508829043,0.006831797551118859,0.013667757767334993,0.024513419705128294
2024-01-03 00:00:00+00:00,2.6679999828338623,0.03820170533936107,0.00045166154700491376,0.0007392888952144358,0.0013132690903214744,0.002566997491271494,0.00526423390730673,0.005638800414496624,0.010534492005728202,0.02381729272425431
2024-01-04 00:00:00+00:00,2.821000099182129,0.05576234555906601,0.0014593702908353681,0.001911031837840268,0.002198659186049821,0.003485487144129536,0.004241470026348523,0.0070750748973075605,0.009431243556659615,0.0245635169799476
2024-01-05 00:00:00+00:00,2.8929998874664307,0.025202519917066457,0.0031094391822486882,0.0045688094730840425,0.005020471020088973,0.005882078563405528,0.007135806964355549,0.010165115528918014,0.012433942244918457,0.027514951193440537
2024-01-08 00:00:00+00:00,2.9800000190734863,0.0296293198223867,0.0006351670101701315,0.003744606192418806,0.005203976483254191,0.005943265378468638,0.007230093336548353,0.010468210390560919,0.012487435581377933,0.027834655839330022
2024-01-09 00:00:00+00:00,3.190000057220459,0.06809762781638917,0.0008778965931372775,0.0015130636033073952,0.0046225027855561,0.0065335346233963785,0.0073951421667129355,0.008863972811904623,0.01172067349088806,0.028551492462780582
2024-01-10 00:00:00+00:00,3.0390000343322754,-0.048492409502317146,0.0046372869142194606,0.005515183507356724,0.006150350517526873,0.010719159990610926,0.011458448885825374,0.01328615748188242,0.01633486459708309,0.0324437713520753
2024-01-11 00:00:00+00:00,3.0969998836517334,0.018905338191126164,0.002351513779340418,0.006988800693559865,0.00786669728669716,0.011611303479115976,0.013522335316956256,0.015096790623245513,0.018666979825785274,0.03432882789687589
2024-01-12 00:00:00+00:00,3.312999963760376,0.06742024895613596,0.0003574118121208535,0.0027089255914612576,0.007346212505680735,0.008859276108988142,0.013428085582072195,0.01474135467239367,0.0186923194893789,0.03366206908602842
2024-01-16 00:00:00+00:00,2.900000095367432,-0.1331433425013968,0.004545489969307353,0.004902901781428192,0.007254415560768628,0.012769599068125363,0.01651420526054418,0.018712864446594,0.02075567528689268,0.03694195203897599
2024-01-17 00:00:00+00:00,2.869999885559082,-0.0103987799811045,0.01772714965244426,0.0222726396217516,0.02263005143387247,0.029618852127432344,0.031131915730739753,0.03615238675082873,0.03826772269509528,0.05466859265262313
2024-01-18 00:00:00+00:00,2.697000026702881,-0.06217193583809488,0.00010813462509541971,0.017835284277539665,0.02238077424684703,0.0250896998383083,0.03060488334566504,0.03580885982891923,0.037834976682213375,0.054758464853198234
2024-01-19 00:00:00+00:00,2.5190000534057617,-0.06827803548690115,0.003865349605856187,0.003973484230951592,0.021700633883395867,0.026603535664824075,0.03359233635838395,0.03821483914394005,0.040987478525096856,0.056724612009419584
2024-01-22 00:00:00+00:00,2.4189999103546143,-0.04050782400262054,0.004661890129950532,0.008527239735806706,0.008635374360902143,0.03090801398265375,0.03361693957411502,0.03976729009164189,0.04507538845994037,0.06135143716165596
2024-01-23 00:00:00+00:00,2.450000047683716,0.0127338494503485,0.0016408838054272807,0.0063027739353778,0.010168123541234005,0.02800340781877368,0.03290630960020188,0.04077300688689905,0.04642864491715811,0.06013734997178996
2024-01-24 00:00:00+00:00,2.6410000324249268,0.07506960157313713,0.0001621509218241408,0.0018030347272514086,0.006464924857201958,0.01043840908815356,0.032711048709905176,0.04005726121558591,0.04613913429197734,0.06026095166683936
2024-01-25 00:00:00+00:00,2.571000099182129,-0.026862678731504608,0.005635445080349554,0.005797596002173682,0.007438479807600979,0.015965719543407697,0.03380100382094737,0.041055419381716,0.05031520908149153,0.06589399868666686
2024-01-26 00:00:00+00:00,2.711999893188477,0.05339136383235943,0.00072160350863203,0.006357048588981571,0.006519199510805728,0.012821973446183538,0.016795457677135143,0.03942550911100761,0.047927373407874875,0.06303067488668718
2024-01-29 00:00:00+00:00,2.490000009536743,-0.08540361638673499,0.0028506377318793783,0.0035722412405113954,0.009207686320860966,0.011010721048112383,0.019537960783919103,0.04191873503076614,0.05014284412958412,0.06331869387866261
2024-01-30 00:00:00+00:00,2.07699990272522,-0.18135821624692994,0.00729377769193259,0.010144415423811955,0.010866018932444002,0.016663614934617692,0.022966388869995503,0.04466702275339137,0.05655872522837943,0.07050573107660535
2024-01-31 00:00:00+00:00,2.0999999046325684,0.011012801256609972,0.0328908026002682,0.040184580292200775,0.04303521802408017,0.04939226661306175,0.05119530134031317,0.05983067570121531,0.08481224091442817,0.1028148600031629
2024-02-01 00:00:00+00:00,2.049999952316284,-0.024097529426346243,0.00012128179151759018,0.033012084391785775,0.040305862083718384,0.043878103324229784,0.04967569932640348,0.05984382286763748,0.08258200892660535,0.10129148311105333
2024-02-02 00:00:00+00:00,2.0789999961853027,0.014047237151037284,0.000580690924453623,0.0007019727159711994,0.03359277531623942,0.04373719074005138,0.050094239329032966,0.056559164186234925,0.08280528803893811,0.10184907822748253
2024-02-05 00:00:00+00:00,2.0820000171661377,0.0014419713967953607,0.00019732487157748206,0.0007780157960310913,0.0008992975875487023,0.041083877879749486,0.04465611912026089,0.05209459892786187,0.07845712294120824,0.10202700454842178
2024-02-06 00:00:00+00:00,2.009000062942505,-0.03569186127473689,2.0792815091759634e-06,0.00019940415308664414,0.0007800950775402881,0.03379217946932607,0.04393659489313804,0.050455794403943766,0.06073205257027316,0.10169701168140373
2024-02-07 00:00:00+00:00,1.9670000076293943,-0.02112757387744546,0.001273908961255063,0.001275988242764225,0.001473313114341728,0.002175285830312934,0.042359866122513724,0.05156755244337469,0.0618978269064328,0.1004887864708652
2024-02-08 00:00:00+00:00,1.9170000553131104,-0.02574805036811456,0.0004463743779469158,0.0017202833392019649,0.0017223626207111618,0.0025003784167422598,0.03551246280852805,0.046378481740972054,0.058478851678523534,0.10072005860457046
2024-02-09 00:00:00+00:00,1.847000002861023,-0.03719879015138938,0.0006629620977589643,0.0011093364757058662,0.00238324543696095,0.0025826495900476013,0.0032846223060188145,0.046319840330098984,0.05447992364633197,0.1008421400643521
2024-02-12 00:00:00+00:00,1.7680000066757202,-0.043713734774802115,0.0013837499887271038,0.0020467120864860544,0.002493086464432991,0.0037690747071972225,0.004547090503228328,0.04485295258694671,0.05422278982963179,0.1015130422901065
2024-02-13 00:00:00+00:00,1.6890000104904177,-0.045712323954625655,0.0019108906079617438,0.0032946405966888335,0.003957602694447819,0.0056778860336497905,0.005877290186736449,0.03947006550297586,0.055971529515769385,0.10284995270296124
2024-02-14 00:00:00+00:00,1.6089999675750732,-0.048523796178662926,0.0020896165613326426,0.004000507169294372,0.005384257158021497,0.00649359363372737,0.0077695818764916096,0.008668879464040304,0.05242570099675248,0.10465194191608435
2024-02-15 00:00:00+00:00,1.5809999704360962,-0.017555308330184594,0.002354558795588423,0.004444175356921052,0.006355065964882816,0.008401778051368877,0.010122061390570855,0.010902156468111136,0.054058656283708865,0.10655483916466786
2024-02-16 00:00:00+00:00,1.6089999675750732,0.017555308330184594,0.00030818885056784856,0.0026627476461562574,0.004752364207488921,0.00804700480417776,0.009156341279883642,0.010629654394225363,0.05151620740239734,0.10540365772440033
2024-02-20 00:00:00+00:00,1.5759999752044678,-0.020722872155541472,0.00030818885056784856,0.0006163777011356971,0.002970936496724127,0.006971443666018506,0.009018155752504574,0.010740518373215728,0.044530618561032596,0.10260240739271949
2024-02-21 00:00:00+00:00,1.7730000019073486,0.11778305246536408,0.00042943743037491606,0.0007376262809427507,0.0010458151315106202,0.005489990488431679,0.008784631085120526,0.011167876522081469,0.012069253391139312,0.10239667781292427
2024-02-22 00:00:00+00:00,1.7319999933242798,-0.023396221881944124,0.013872847448058707,0.014302284878433609,0.01461047372900148,0.017273221375157743,0.021273728544452128,0.02376681500888511,0.02582081904768043,0.11539162866784569
2024-02-23 00:00:00+00:00,1.6030000448226929,-0.07739990469673119,0.000547383198349161,0.014420230646407853,0.01484966807678279,0.01546604577791848,0.019910221134839548,0.023867823829287357,0.025787511321575966,0.1113017249519754
2024-02-26 00:00:00+00:00,1.659000039100647,0.034338133187941544,0.005990745247063071,0.006538128445412218,0.020410975893470948,0.021148602174413705,0.023811349820569976,0.029195606978591464,0.031580931697061554,0.11494095641969805
2024-02-27 00:00:00+00:00,1.6150000095367432,-0.02688007219738786,0.0011791073908328125,0.00716985263789587,0.007717235836245052,0.022019520714678668,0.022635898415814364,0.028990964380697173,0.0327579598063852,0.11576265199841002
2024-02-28 00:00:00+00:00,1.8849999904632568,0.15459285326096994,0.0007225382813367838,0.0019016456721695826,0.007892390919232673,0.022312621565640536,0.0230502478465833,0.027802612054072213,0.032206589126466914,0.11193970031043944
2024-02-29 00:00:00+00:00,1.8600000143051147,-0.013351320424662139,0.023898950279367785,0.024621488560704556,0.025800595951537386,0.03233872439694961,0.04664100927538324,0.049611945772107355,0.055659165027887786,0.11811150093736297
2024-03-01 00:00:00+00:00,1.8350000381469729,-0.01353199312095732,0.0001782577570820004,0.02407720803644977,0.024799746317786572,0.03196959895568245,0.04638982960209032,0.047435644733600936,0.05517446068721082,0.11818162406934955
2024-03-04 00:00:00+00:00,1.9160000085830688,0.04319518173327541,0.00018311483782563622,0.0003613725949076227,0.024260322874275427,0.026161968546445015,0.032700096991857254,0.04731057072085872,0.053973825536309354,0.114499389301319
2024-03-05 00:00:00+00:00,1.9570000171661377,0.021173013157248843,0.0018658237249706898,0.0020489385627963123,0.0022271963198783333,0.026848684880582892,0.03401853751847878,0.04886820559526156,0.0539287586533183,0.11170332289633916
2024-03-06 00:00:00+00:00,1.9290000200271609,-0.01441095287986005,0.00044829648615703265,0.0023141202111277084,0.0024972350489533657,0.026574443085403143,0.02847608875757274,0.04888706465104368,0.05228743857814269,0.1105107355770689
2024-03-07 00:00:00+00:00,1.8179999589920044,-0.05926477110710504,0.00020767556290554668,0.0006559720490625654,0.002521795774033276,0.002883168368940906,0.027504656929645474,0.035221892765890515,0.05014055534545981,0.11055626021815032
2024-03-08 00:00:00+00:00,1.8049999475479128,-0.0071764104731179,0.0035123130943775526,0.003719988657283085,0.004168285143440139,0.006217223706236458,0.030294431742686243,0.03818682266191891,0.053344679589269514,0.10843312823217831
2024-03-11 00:00:00+00:00,1.758999943733215,-0.025815128958034173,5.150086727867628e-05,0.003563813961656215,0.0037714895245617827,0.0060856097356894985,0.006446982330597134,0.032247578282134516,0.05308799160598034,0.10776302559082496
2024-03-12 00:00:00+00:00,1.7139999866485596,-0.025915621381532028,0.0006664208831199345,0.0007179217503985969,0.00423023484477617,0.004886206893838743,0.0069351454566350685,0.03173489177442164,0.05332497505872536,0.10557880874206552
2024-03-13 00:00:00+00:00,1.6579999923706057,-0.033217760274411035,0.00067161943159092,0.0013380403147108407,0.0013895411819895378,0.00510952983927263,0.007423650050400353,0.03168397292467577,0.040123747042257574,0.09895665048172385
2024-03-14 00:00:00+00:00,1.741000056266785,0.04884764099317174,0.00110341959764824,0.0017750390292391462,0.0024414599123591015,0.006005273874015324,0.006661245923077902,0.00888844224295623,0.040679783441556656,0.06716926747910389
2024-03-15 00:00:00+00:00,1.6549999713897705,-0.05065870156283192,0.002386092030597792,0.003489511628246018,0.0041611310598369585,0.004879052810235563,0.008599041467518663,0.01109627651647202,0.037075130225091374,0.06943407771818409
2024-03-18 00:00:00+00:00,1.7029999494552612,0.02859038045884943,0.0025663040440320694,0.004952396074629847,0.006055815672278108,0.007393855986988955,0.010957669948645186,0.013479465722678453,0.038462326878290626,0.07141969083776253
2024-03-19 00:00:00+00:00,1.74399995803833,0.023789929425469314,0.0008174098547817593,0.003383713898813815,0.005769805929411627,0.0075448449586507805,0.008262766709049392,0.012431051852489524,0.03855719845173561,0.07203977582096681
2024-03-20 00:00:00+00:00,1.6990000009536743,-0.02614145817508695,0.0005659607420688107,0.001383370596850556,0.003949674640882647,0.007439186269128672,0.008777226583839526,0.012548716108401302,0.015224208914436634,0.07260365728152644
2024-03-21 00:00:00+00:00,1.6829999685287476,-0.009461946741937677,0.0006833758355198204,0.0012493365775886173,0.0020667464323703972,0.007019142507000252,0.00879418153623941,0.013024416381015575,0.01572932699287445,0.07201312415579121
2024-03-22 00:00:00+00:00,1.659000039100647,-0.014362861732060583,8.952843614726502e-05,0.0007729042716670715,0.001338865013735903,0.004722578912549725,0.008212090540795757,0.009601631722785288,0.01563574059119608,0.07165627821399155
2024-03-25 00:00:00+00:00,1.6150000095367432,-0.02688007219738786,0.00020629179713429035,0.00029582023328154146,0.0009791960688013827,0.002362566665651946,0.007314962740281808,0.0097564226526409,0.013976208663359682,0.07119960791336688
2024-03-26 00:00:00+00:00,1.5750000476837158,-0.025079660026752937,0.0007225382813367838,0.0009288300784710602,0.0010183585146183462,0.0022676950922069705,0.0056514089910207985,0.00981254005085775,0.014250450458539433,0.07053839620597657
2024-03-27 00:00:00+00:00,1.718000054359436,0.08690555265020733,0.0006289893470575091,0.001351527628394279,0.0015578194255285902,0.0023307236971956686,0.0037140942940462386,0.009769909966324338,0.014671764242691395,0.06925649494507233
2024-03-28 00:00:00+00:00,1.7630000114440918,0.025856054703815023,0.0075525750814379585,0.008181564428495453,0.008904102709832258,0.009199922943113807,0.010449259520702438,0.01621906545011406,0.0187120262297518,0.07471945346517764
2024-04-01 00:00:00+00:00,1.837000012397766,0.04111690307491511,0.000668535564846675,0.00822111064628462,0.00885009999334215,0.009778930071813217,0.010551834343480303,0.014501508984362942,0.019329060927319803,0.07303343023443588
2024-04-02 00:00:00+00:00,1.861999988555908,0.013517359726837874,0.0016905997184719639,0.002359135283318625,0.009911710364756604,0.01126323799315089,0.011559058226432445,0.013625804658802837,0.02035323976267183,0.07441584110234001
2024-04-03 00:00:00+00:00,1.840999960899353,-0.011342291696614604,0.0001827190139847385,0.0018733187324566885,0.0025418542973033842,0.010723418725798845,0.011652248804269918,0.012991113818005816,0.019864339345065648,0.0742903712657569
2024-04-04 00:00:00+00:00,1.77400004863739,-0.0370719697079519,0.00012864758093109258,0.0003113665949158172,0.002001966313387802,0.01022307695967243,0.011574604588066723,0.012553800656868097,0.018889567328348504,0.07398958141631307
2024-04-05 00:00:00+00:00,1.784999966621399,0.0061814852279259425,0.0013743309380273034,0.0015029785189583822,0.0016856975329431413,0.004044832816261773,0.012226397244757242,0.01324475575937558,0.01787780623577801,0.06149106490628167
2024-04-08 00:00:00+00:00,1.843999981880188,0.03251871877593393,3.821075962306664e-05,0.0014125416976503561,0.0015411892785814694,0.003414508011038165,0.011635618657322799,0.013193438082851382,0.01534971295136901,0.06098189246755558
2024-04-09 00:00:00+00:00,1.871999979019165,0.01507025153964947,0.001057467070828278,0.0010956778304513307,0.002470008768478655,0.002781375363394479,0.005140510646713118,0.01404461335654537,0.015589770167415529,0.056048614291320784
2024-04-10 00:00:00+00:00,1.8849999904632568,0.006920448993004702,0.00022711248146830724,0.0012845795522965714,0.0013227903119196588,0.002825768830878048,0.00469908756333475,0.013549187556676893,0.015250921906815025,0.055096619381956285
2024-04-11 00:00:00+00:00,1.7640000581741333,-0.06634382527756133,4.789261426477979e-05,0.00027500509573307315,0.001332472166561372,0.002745013864211735,0.003056380459127566,0.012968090823884164,0.014615438685559983,0.054421973714884275
2024-04-12 00:00:00+00:00,1.7699999809265137,0.00339554524662411,0.004401503152459586,0.004449395766724352,0.00467650824819268,0.005772186078644017,0.0072751645976024135,0.009817018894905792,0.018927413401872307,0.03492452658797608
2024-04-15 00:00:00+00:00,1.690999984741211,-0.04565947491684341,1.1529727521871588e-05,0.0044130328799814435,0.004460925494246245,0.005745505046542821,0.007158046744193192,0.009160013057580988,0.01873265133225989,0.03475779855841595
2024-04-16 00:00:00+00:00,1.7319999933242798,0.0239567453929882,0.002084787649681853,0.0020963173772037104,0.006497820529663317,0.006772825625396397,0.007868503455847742,0.009554200988790876,0.020094900700604955,0.036659471370272166
2024-04-17 00:00:00+00:00,1.712000012397766,-0.01161452132466545,0.0005739256498244613,0.0026587132995063,0.0026702430270281923,0.007119638793752551,0.008404218346049135,0.009945407624630599,0.020039837003371908,0.03536757329512594
2024-04-18 00:00:00+00:00,1.756999969482422,0.025945506874584523,0.00013489710560110848,0.0007088227554255559,0.0027936104051074296,0.007206643285088879,0.007481648380821967,0.009951657149300614,0.012622159027535057,0.03505417391457002
2024-04-19 00:00:00+00:00,1.7519999742507937,-0.0028498140186565823,0.0006731693269791128,0.0008080664325802074,0.0013819920824046895,0.0034783094596084058,0.007927705226332772,0.009250495538252424,0.012626792789667496,0.035519667678643584
2024-04-22 00:00:00+00:00,1.7910000085830688,0.02201615005374402,8.121439940931579e-06,0.0006812907669200305,0.0008161878725211598,0.003474901172027466,0.007887934052008924,0.00922040621857029,0.010944314511136463,0.03201547602420696
2024-04-23 00:00:00+00:00,1.812000036239624,0.011657099749671884,0.0004847108631889729,0.0004928323031298907,0.0011660016301090243,0.0018748243855345862,0.003971141762738311,0.008647650010930985,0.011246306360340698,0.03244868602011725
2024-04-24 00:00:00+00:00,1.652999997138977,-0.09183941051249911,0.0001358879745738003,0.0006205988377627593,0.0006287202777037117,0.0014367867102839252,0.00409550000979024,0.008556425504036477,0.011253546753983405,0.031918153111571125
2024-04-25 00:00:00+00:00,1.6380000114440918,-0.00911582469057809,0.008434477323283332,0.008570365297857117,0.009055076161046113,0.009736366927966148,0.010445189683391719,0.01694301021305503,0.01831369313923943,0.03968101100326353
2024-04-26 00:00:00+00:00,1.6139999628067017,-0.014760445613920814,8.309825978935311e-05,0.008517575583072671,0.008653463557646492,0.009146295860776388,0.009954362293356611,0.012624605320384796,0.01835858063940572,0.038660689665404646
2024-04-29 00:00:00+00:00,2.0299999713897705,0.22932023215640485,0.0002178707547215142,0.00030096901451085345,0.008735446337794205,0.009356045175556972,0.010037335942477018,0.01283094634758444,0.01751898432329896,0.03649246838952837
2024-04-30 00:00:00+00:00,1.991000056266785,-0.01939872561736289,0.05258776887626741,0.052805639630988915,0.05288873789077829,0.061459103188635414,0.061951935491765316,0.06333392757417,0.06987964071809806,0.0865139332217637
2024-05-01 00:00:00+00:00,1.932000041007996,-0.030081296326626927,0.0003763105555777312,0.05296407943184513,0.05318195018656667,0.06169952576963935,0.06232012460740212,0.06313631247992327,0.070208058659411,0.08607283392255968
2024-05-02 00:00:00+00:00,2.0350000858306885,0.05194010405580307,0.0009048843886903387,0.001281194944268056,0.05386896382053549,0.054169932835046355,0.06274029813290348,0.0639062997630125,0.06671143989564175,0.08641175756918122
2024-05-03 00:00:00+00:00,2.1419999599456787,0.05124409225426052,0.0026977744093276508,0.0036026587980179754,0.003978969353595728,0.05678460898458465,0.06530218456765734,0.06593090484536104,0.06939768457744754,0.08842615614298904
2024-05-06 00:00:00+00:00,2.194999933242798,0.024442062787769836,0.002625956990963163,0.0053237314002908005,0.00622861578898116,0.0591926952208263,0.05949366423533716,0.06854874039638327,0.06993885391872885,0.09096258469780494
2024-05-07 00:00:00+00:00,2.2070000171661377,0.005452118938810591,0.0005974144333212829,0.0032233714242844323,0.005921145833612104,0.007202340777880166,0.060007980408869094,0.06866144396651558,0.06996234270222568,0.09135370733399194
2024-05-08 00:00:00+00:00,2.187000036239624,-0.009103376787537476,2.972560092293712e-05,0.0006271400342442062,0.00325309702520739,0.006855755823225373,0.059819835255070515,0.06855528159286473,0.0698571711975475,0.09066089465357809
2024-05-09 00:00:00+00:00,2.3010001182556152,0.05081310418126417,8.287146893587613e-05,0.00011259706985879937,0.0007100115031801031,0.00603374290347091,0.00731493784773898,0.06020367573851726,0.06926687333950426,0.09011477677545646
2024-05-10 00:00:00+00:00,2.252000093460083,-0.02152511066799956,0.0025819715565360063,0.0026648430254718686,0.0026945686263948262,0.0059179400506792655,0.009520598848697255,0.06270254903526391,0.07184072345609933,0.08514417325055451
2024-05-13 00:00:00+00:00,2.38100004196167,0.055701833349906416,0.0004633303892696284,0.0030453019458056207,0.0031281734147415173,0.0037553134489857307,0.009079044849276545,0.06294800866981203,0.07181934298218,0.08493896807497746
2024-05-14 00:00:00+00:00,2.344000101089477,-0.01566167028659915,0.0031026942385407466,0.003566024627810361,0.006147996184346388,0.006260593254205194,0.00948396467848964,0.013462934032085361,0.07478614924614693,0.08635106259504624
2024-05-15 00:00:00+00:00,2.4159998893737797,0.030254319441893718,0.0002452879161661427,0.0033479821547068756,0.0038113125439765247,0.0064761555694484,0.00710329560369262,0.013331911392673772,0.06659695983902975,0.08641363149722764
2024-05-16 00:00:00+00:00,2.494999885559082,0.03217544905180847,0.0009153238448921482,0.001160611761058277,0.004263305999599044,0.007308607945404672,0.007421205015263486,0.013342350848875582,0.06742918542413255,0.0872003077611887
2024-05-17 00:00:00+00:00,2.625999927520752,0.051173064944598945,0.0010352595216855224,0.0019505833665776568,0.0021958712827438204,0.005761895910554189,0.00842673893602607,0.011679835961233453,0.06824657419109656,0.08686123634484691
2024-05-20 00:00:00+00:00,2.750999927520752,0.046502707315951075,0.0026186825758241416,0.00365394209750965,0.004569265942401819,0.007917248097108701,0.010962550042914337,0.011672561546094432,0.01827748789065329,0.08944170816104799
2024-05-21 00:00:00+00:00,2.6710000038146973,-0.029511520039913086,0.0021625017877130097,0.004781184363537137,0.005816443885222681,0.006977055646280965,0.01054308027409134,0.013237648900486159,0.02006367912278857,0.09054674287793271
2024-05-22 00:00:00+00:00,2.8420000076293945,0.06205509680341048,0.0008709298150661917,0.0030334316027791873,0.00565211417860335,0.007602697545181014,0.010950679699887904,0.014078853114629414,0.02002972454916442,0.09119056021153062
2024-05-23 00:00:00+00:00,2.657000064849853,-0.0673103411745779,0.0038508350392806455,0.004721764854346824,0.006884266642059853,0.01053820873956951,0.011698820500627802,0.017846816684974183,0.021182785179117414,0.09499350263654648
2024-05-24 00:00:00+00:00,2.5199999809265137,-0.05293879723035888,0.004530682029038078,0.00838151706831871,0.009252446883384922,0.014033631246922066,0.015984214613499737,0.019795527157476255,0.023087510217192332,0.09512268151312496
2024-05-28 00:00:00+00:00,2.5899999141693115,0.027398948617695762,0.0028025162521970533,0.007333198281235118,0.011184033320515784,0.014217464923294978,0.01787140702080464,0.02213471302040368,0.0252926120360681,0.09791366803780015
2024-05-29 00:00:00+00:00,2.493000030517578,-0.03817102578945619,0.0007507023853551325,0.003553218637552172,0.00808390066659027,0.0128056655209371,0.01758684988447425,0.019782721167218065,0.026013588820500297,0.09657958277347342
2024-05-30 00:00:00+00:00,2.572000026702881,0.03119699997479175,0.0014570272098193297,0.002207729595174448,0.005010245847371522,0.013391762915690239,0.01642519451846944,0.020994460460871254,0.027387744561383747,0.09746268433346829
2024-05-31 00:00:00+00:00,2.586999893188477,0.005815045158577781,0.0009732528074271565,0.002430280017246472,0.0031809824026016254,0.010514180683836749,0.015235945538183587,0.021052389423406263,0.025779025812274897,0.09830104003529434
2024-06-03 00:00:00+00:00,2.75600004196167,0.06328150646088448,3.3814750196298886e-05,0.0010070675576234415,0.0024640947674427916,0.0060173134049949705,0.014398830473313693,0.02005094465191704,0.02534951017320157,0.09766168545851153
2024-06-04 00:00:00+00:00,2.5859999656677246,-0.06366810130352463,0.0040045490599589645,0.00403836381015525,0.005011616617582426,0.007219346212756881,0.014552544493992013,0.02143681113605186,0.02625136499461979,0.10165811307852957
2024-06-05 00:00:00+00:00,2.756999969482422,0.06403085389907737,0.004053627123595875,0.008058176183554824,0.008091990933751144,0.010522270950997625,0.01407548958854981,0.023327936471934724,0.03005970420204952,0.10522702933893646
2024-06-06 00:00:00+00:00,2.821000099182129,0.0229483462058242,0.004099950251044991,0.008153577374640852,0.012158126434599837,0.013165193992223285,0.015372923587397747,0.026556956907913525,0.03324433060820236,0.10919109161540765
2024-06-07 00:00:00+00:00,2.9179999828338623,0.03380697703939162,0.000526626593582366,0.004626576844627343,0.008680203968223237,0.012718567778378494,0.01514884779562498,0.023232748462215243,0.03273569768009921,0.10128324088570669
2024-06-10 00:00:00+00:00,2.9059998989105225,-0.004120913856128228,0.001142911696541952,0.0016695382901243043,0.005769488541169316,0.013827664724724149,0.014834732282347603,0.01984497812971912,0.03125992680081702,0.10234305432245928
2024-06-11 00:00:00+00:00,3.128999948501587,0.0739359178666974,1.698193100962962e-05,0.0011598936275515677,0.0016865202211339538,0.009840097595774814,0.013878461405930078,0.017059443808531697,0.029114406944113633,0.10214216549874741
2024-06-12 00:00:00+00:00,3.0450000762939453,-0.02721252201097646,0.005466519950791024,0.0054835018818006395,0.006626413578342611,0.011252990422969962,0.0193111666065248,0.021775261373967587,0.03370999707983847,0.05502091657327101
2024-06-13 00:00:00+00:00,2.9590001106262207,-0.02864951541291738,0.0007405213541978782,0.006207041304988888,0.006224023235998537,0.007893561526122849,0.016047138900763716,0.021058755518346135,0.0305996833947557,0.055385127371891156
2024-06-14 00:00:00+00:00,2.88100004196167,-0.026713940137067294,0.0008207947333949906,0.001561316087592855,0.0070278360383838985,0.008187729665935473,0.012814306510562833,0.02090629744431397,0.02688979609911261,0.05530103771659581
2024-06-17 00:00:00+00:00,2.7880001068115234,-0.03281293945791819,0.000713634597646815,0.0015344293310417915,0.00227495068523969,0.007758452567040336,0.009427990857164654,0.021586117291764486,0.024800914444562373,0.05331689790491498
2024-06-18 00:00:00+00:00,2.9089999198913574,0.0424848207654176,0.0010766889958690044,0.0017903235935158054,0.002611118326910816,0.00881815963189971,0.009978053259451293,0.018658257227674526,0.025126901055076246,0.05176762990982082
2024-06-20 00:00:00+00:00,2.740999937057495,-0.05948655761754562,0.0018049599954696582,0.002881648991338649,0.0035952835889854835,0.005156599676578345,0.010640101558378998,0.01640959009954831,0.025474833840726577,0.05297517547196919
2024-06-21 00:00:00+00:00,2.7049999237060547,-0.013220910263653352,0.003538650537185575,0.005343610532655219,0.006420299528524244,0.007954728859566041,0.014161770164554943,0.01584829038568889,0.028040231570484995,0.05648410040823183
2024-06-24 00:00:00+00:00,2.811000108718872,0.0384384465069616,0.00017479246819957455,0.0037134430053851353,0.0055184030008548135,0.007308726594370626,0.008870042681963496,0.0154964562603061,0.028181209288488267,0.056576021407495534
2024-06-25 00:00:00+00:00,2.75600004196167,-0.019759962223638627,0.0014775141698685483,0.0016523066380681086,0.005190957175253704,0.00807260616659236,0.009607035497634166,0.0158310587336327,0.02565417439839785,0.055471564020828076
2024-06-26 00:00:00+00:00,2.628000020980835,-0.04755725977104275,0.0003904561070796256,0.0018679702769481598,0.0020427627451477547,0.00738637327780298,0.009176696871318802,0.016204532909702692,0.021991003381881605,0.05539868973863807
2024-06-27 00:00:00+00:00,2.684999942779541,0.02145759804373093,0.0022616929569304407,0.002652149064010052,0.004129663233878621,0.007843106239263764,0.010724755230602429,0.01299970591584211,0.020152746087767057,0.05455768845702776
2024-06-28 00:00:00+00:00,2.6010000705718994,-0.0317846930505532,0.0004604285138063254,0.002722121470736752,0.003112577577816398,0.004764884215884514,0.010108494748539748,0.012719613075450558,0.020086548007991017,0.054772829054667946
2024-07-01 00:00:00+00:00,2.4779999256134038,-0.048444260410970386,0.0010102667123178851,0.0014706952261241968,0.0037323881830546575,0.005600358460002825,0.009313801465387975,0.012909085054373451,0.01995390302376695,0.05486777192209368
2024-07-02 00:00:00+00:00,2.434999942779541,-0.017505020152755235,0.0023468463667659124,0.003357113079083784,0.003817541592890129,0.006469690656900189,0.008121997294968313,0.014542296823492552,0.02228376745952323,0.05617935876717407
2024-07-03 00:00:00+00:00,2.4179999828338623,-0.0070059879421027205,0.0003064257305483669,0.0026532720973142655,0.003663538809632171,0.00638566028036893,0.008253630557317105,0.013772033558171913,0.017123673239280573,0.053867101921898294
2024-07-05 00:00:00+00:00,2.319000005722046,-0.04180468435243112,4.908386704488871e-05,0.0003555095975932417,0.002702355964359174,0.004173051190483378,0.006825200254493445,0.012016157429747144,0.016432235752127582,0.05175368400123018
2024-07-08 00:00:00+00:00,2.365999937057495,0.020064678212419085,0.0017476316338063994,0.0017967155008512742,0.002103141231399661,0.005460254310483452,0.00818237578122022,0.010225138526367968,0.017359072652538995,0.052630385819970385
2024-07-09 00:00:00+00:00,2.344000101089477,-0.009341824111601005,0.0004025913117679251,0.0021502229455743105,0.002199306812619219,0.004852578909933492,0.0063232741360577036,0.010452937369936318,0.017048029366660104,0.049182142092457665
2024-07-10 00:00:00+00:00,2.3289999961853027,-0.006419925577383467,8.72696777320899e-05,0.0004898609895000011,0.0022374926233064206,0.0025930022208996693,0.0059501152999834675,0.00906269287779986,0.01605861004852319,0.04473872974115168
2024-07-11 00:00:00+00:00,2.2679998874664307,-0.026540653016763338,4.121544441914245e-05,0.00012848512215121846,0.0005310764339191635,0.0023277919347704447,0.004981064032084725,0.008713452215139377,0.014294865497472673,0.04197742893337377
2024-07-12 00:00:00+00:00,2.3289999961853027,0.026540653016763338,0.0007044062625562289,0.0007456217069753575,0.0008328913847074674,0.002983114330281785,0.0033386239278750413,0.007156165520765164,0.011460621222843326,0.04193113281057486
2024-07-15 00:00:00+00:00,2.157999992370605,-0.07625712596374978,0.0007044062625562289,0.0014088125251124578,0.0014500279695316063,0.0019398889590316144,0.0037366044598829036,0.007400143269515068,0.011990235017199981,0.04117851186331176
2024-07-16 00:00:00+00:00,2.187999963760376,0.013806004696293117,0.005815149260251201,0.006519555522807416,0.007223961785363665,0.00735244690751489,0.009502669853089216,0.012205025817448385,0.01632787010758263,0.046020408316135804
2024-07-17 00:00:00+00:00,2.0350000858306885,-0.07249200692503521,0.0001906057656740676,0.006005755025925255,0.0067101612884815035,0.007455782995456867,0.007945643984956884,0.01004878521635654,0.016128019766177074,0.04617719933161358
2024-07-18 00:00:00+00:00,2.125,0.043275941304580234,0.005255091068019353,0.005445696833693407,0.011260846093944628,0.012669658619057078,0.012798143741208311,0.014997450553827524,0.019121417877265987,0.047427741339673965
2024-07-19 00:00:00+00:00,2.128000020980835,0.0014107789624325795,0.0018728070957974737,0.007127898163816813,0.0073185039294909006,0.013838059452298322,0.014583681159273694,0.01682117378258011,0.020533796459257132,0.04524692131187556
2024-07-22 00:00:00+00:00,2.250999927520752,0.05619194838709329,1.9902972808423456e-06,0.0018747973930783022,0.007129888461097675,0.013135643487022937,0.014544456012135394,0.015075532446054552,0.01952552004422009,0.04114896135811141
2024-07-23 00:00:00+00:00,2.187000036239624,-0.028843771460802636,0.0031575350635377566,0.003159525360818585,0.005032332456616079,0.010478029290309492,0.016997584813116924,0.017830476197824383,0.020336208740991936,0.0437798698280668
2024-07-24 00:00:00+00:00,2.117000102996826,-0.03253071746012037,0.0008319631520830126,0.003989498215620756,0.0039914885129016175,0.011119386676718437,0.017125141702643707,0.018575169672175307,0.020861746162526583,0.04346892128360786
2024-07-25 00:00:00+00:00,2.0409998893737797,-0.03656021117924657,0.0010582475784701804,0.0018902107305531796,0.005047745794090956,0.006922543187169265,0.012368240020862687,0.019592201806226346,0.021870909873951877,0.04451018693106841
2024-07-26 00:00:00+00:00,2.00600004196167,-0.01729711916791221,0.001336649041471106,0.002394896619941273,0.003226859772024305,0.006386385132842897,0.013514283296659723,0.02022444458514122,0.02145992728161658,0.0403803160217485
2024-07-29 00:00:00+00:00,1.906999945640564,-0.05061141234475297,0.00029919033150895604,0.0016358393729800486,0.0026940869514502485,0.006683585167071011,0.008558382560149328,0.019819228654093947,0.02135652630135761,0.039938984999059575
2024-07-30 00:00:00+00:00,2.125999927520752,0.10871094771484613,0.0025615150595306134,0.002860705391039556,0.004197354432510681,0.006087565163063868,0.009247090523882468,0.016565594453373363,0.023830771683156133,0.0416797053251952
2024-07-31 00:00:00+00:00,2.0360000133514404,-0.04325514058195923,0.011818070153060009,0.014379585212590609,0.014678775544099585,0.017073672164040862,0.021063170379661635,0.028193058840759302,0.035607626391797,0.052784140880608385
2024-08-01 00:00:00+00:00,1.968000054359436,-0.0339692789942323,0.0018710071867650562,0.013689077339825051,0.016250592399355685,0.017886431772335742,0.019776642502888936,0.024808974959505008,0.036774227316005825,0.05357845907150444
2024-08-02 00:00:00+00:00,1.9670000076293943,-0.0005082829661082755,0.0011539119153879916,0.003024919102153034,0.014842989255213062,0.017703694646252627,0.020098591266193913,0.024090079779095525,0.037223732968837596,0.05292741099142278
2024-08-05 00:00:00+00:00,1.9420000314712524,-0.012791157210896298,2.5835157363582636e-07,0.0011541702669616136,0.003025177453726689,0.017404762666317304,0.01904060203929737,0.024088347833388316,0.03140884206016003,0.049389018805810835
2024-08-06 00:00:00+00:00,2.009999990463257,0.034416331251614696,0.00016361370279386437,0.0001638720543674863,0.001317783969755497,0.015006861309580555,0.017867566700620126,0.021094426472644427,0.031381849997279825,0.04937784004040512
2024-08-07 00:00:00+00:00,2.111999988555908,0.04950064309907487,0.0011844838568208704,0.0013480975596147208,0.0013483559111883757,0.004373275013341417,0.01875286022593204,0.021446947177382283,0.02731124278608134,0.049084809727357445
2024-08-08 00:00:00+00:00,2.127000093460083,0.007077219732548601,0.0024503136672219886,0.003634797524042845,0.0037984112268367285,0.004952581493798349,0.018641658833623415,0.022839013266134092,0.027888749357505856,0.05114466728749981
2024-08-09 00:00:00+00:00,2.1429998874664307,0.007494083821314224,5.008703914277529e-05,0.00250040070636475,0.0036848845631856394,0.003848756617553133,0.006873675719706183,0.02155245126380576,0.02793684609936779,0.04893306136971215
2024-08-12 00:00:00+00:00,2.188999891281128,0.02123810489545186,5.61612923208836e-05,0.000106248331463645,0.0025565619986856526,0.0039046595583003803,0.005058829825262011,0.02130942222461769,0.024835472328150913,0.0485287941482267
2024-08-13 00:00:00+00:00,2.1480000019073486,-0.018907591340142416,0.0004510570995502162,0.000507218391871086,0.0005573054310138803,0.004192102955056732,0.004355975009424235,0.019198964264637294,0.02445456627561812,0.04796958453545904
2024-08-14 00:00:00+00:00,2.219000101089477,0.03251951197219405,0.0003574970102858285,0.0008085541098360309,0.0008647154021569335,0.0033651161085216904,0.004713213668136427,0.007738391121863111,0.023753815707433765,0.04598023517897895
2024-08-15 00:00:00+00:00,2.197000026702881,-0.009963883950057095,0.001057518658909672,0.0014150156691954867,0.001866072768745722,0.0019723211002093738,0.0056071186242522345,0.006924902594007727,0.023474685324872333,0.04673132810734026
2024-08-16 00:00:00+00:00,2.122999906539917,-0.034262666858250634,9.927898337020538e-05,0.0011567976422798636,0.0015142946525657111,0.002021513044436804,0.00452191375080157,0.00587026966198994,0.02327477397673358,0.04678152322366557
2024-08-19 00:00:00+00:00,2.234999895095825,0.05141104243007055,0.0011739303402394665,0.0012732093236096581,0.002330727982519349,0.0031392820923553865,0.0032455304238190475,0.007043941650655771,0.021887189257442437,0.04620782193009864
2024-08-20 00:00:00+00:00,2.197999954223633,-0.016693345973483376,0.002643095283746515,0.003817025623985968,0.003916304607356192,0.005331320276551685,0.005838538668422787,0.009523423231608421,0.012712214388128942,0.04844832590207723
2024-08-21 00:00:00+00:00,2.177000045776367,-0.00960003187537628,0.0002786677997904136,0.002921763083536915,0.0040956934237764,0.00525249106605627,0.006061045175892317,0.008617607174577966,0.0111198750011543,0.04863972402413555
2024-08-22 00:00:00+00:00,2.052999973297119,-0.05864567824964517,9.216061200824062e-05,0.0003708284117986408,0.003013923695545175,0.004287133019154839,0.005702148688350341,0.006259454119364217,0.010058123697774549,0.04869066919172465
2024-08-23 00:00:00+00:00,2.0220000743865967,-0.015214967643132682,0.003439315577360905,0.003531476189369132,0.003810143989159565,0.007627169613145538,0.008783967255425417,0.009648682657582345,0.013497180923561818,0.05142557850652933
2024-08-26 00:00:00+00:00,1.955999970436096,-0.033185600888747446,0.00023149524038157447,0.003670810817742466,0.0037629714297507254,0.006684734513287647,0.00795794383689732,0.009824016605643037,0.013565062461149528,0.050952667484354675
2024-08-27 00:00:00+00:00,1.9040000438690183,-0.02694459708853092,0.0011012841063472354,0.0013327793467287964,0.004772094924089721,0.005142923335888367,0.00895994895987435,0.010474243612440055,0.013481862710675894,0.046238802330450704
2024-08-28 00:00:00+00:00,1.9299999475479128,0.013563016329922406,0.0007260113122632689,0.001827295418610491,0.0020587906589920844,0.005590266848361222,0.008512029931898153,0.010842757914417496,0.011757560355717173,0.046774207877039904
2024-08-29 00:00:00+00:00,2.13700008392334,0.1018830398690308,0.00018395541196574184,0.0009099667242289973,0.002011250830576252,0.005682061648318724,0.00605289006011738,0.009969194667473567,0.011891428728540139,0.0417030722209863
2024-08-30 00:00:00+00:00,2.127000093460083,-0.004690435450617869,0.01038015381295452,0.010564109224920248,0.011290120537183536,0.012622899883912339,0.016154376073281487,0.02025006949705788,0.022215421249173774,0.05021041893814335
2024-09-03 00:00:00+00:00,2.203000068664551,0.035107518830902795,2.2000184716412853e-05,0.010402153997670919,0.01058610940963668,0.012413404828247179,0.01608421564598966,0.01909813934153483,0.02178636433433997,0.05023042882557891
2024-09-04 00:00:00+00:00,2.1449999809265137,-0.026680555500950276,0.0012325378784621944,0.0012545380631785934,0.011634691876133134,0.012544658600362137,0.013877437947090948,0.017687581936250505,0.022661405202516336,0.048305431640503355
2024-09-05 00:00:00+00:00,2.253999948501587,0.04956684928210653,0.000711852041839288,0.0019443899203014686,0.001966390105017902,0.012530499329938155,0.014357794748548662,0.018120766178299382,0.022315738585445954,0.04818532053025963
2024-09-06 00:00:00+00:00,2.275000095367432,0.00927370155264473,0.0024568725477550645,0.003168724589594339,0.004401262468056554,0.014803416465727479,0.015713383189956492,0.020485478114046204,0.024673332149830814,0.049583945499544514
2024-09-09 00:00:00+00:00,2.1700000762939453,-0.04725289161179558,8.600154048752529e-05,0.002542874088242576,0.003254726130081885,0.004509264193260485,0.015073373418180746,0.017132164077172825,0.023585403350078873,0.04833329799856093
2024-09-10 00:00:00+00:00,2.2320001125335693,0.028170892226461408,0.002232835765676101,0.0023188373061636125,0.004775709853918697,0.006720099774220173,0.017122253771891107,0.01913350460246735,0.023175143832008457,0.05026694343272808
2024-09-11 00:00:00+00:00,2.2699999809265137,0.016881728153565256,0.0007935991688349038,0.003026434934510991,0.0031124364749985367,0.006281161064592882,0.007535699127771491,0.018825819664955022,0.02369007520105295,0.048499027542032364
2024-09-12 00:00:00+00:00,2.3570001125335693,0.03760984860750638,0.0002849927454508778,0.0010785919142857678,0.003311427679961889,0.005854301768204472,0.007798691688505957,0.01838480109814263,0.023882907334495586,0.036965950134423234
2024-09-13 00:00:00+00:00,2.305000066757202,-0.022308966287879484,0.0014145007122795495,0.0016994934577304135,0.0024930926265653375,0.004811929932728958,0.007980654522323312,0.019615346398456437,0.02185809246941423,0.036509443659937725
2024-09-16 00:00:00+00:00,2.372999906539917,0.029074232658324428,0.0004976899768337433,0.0019121906891132788,0.0021971834345641773,0.005223618369075176,0.007766492457317767,0.00973288256233566,0.022124287205866396,0.03585322172138348
2024-09-17 00:00:00+00:00,2.3239998817443848,-0.02086514996369826,0.0008453110046703787,0.001343000981504108,0.002757501693783678,0.0038360936080694534,0.006154930914233081,0.010556193382289625,0.021868314104189542,0.03669827437448023
2024-09-18 00:00:00+00:00,2.2839999198913574,-0.017361531385220785,0.00043535448300761746,0.0012806654876779823,0.001778355464511746,0.0034778489222421667,0.006504283856753174,0.009759009986835048,0.02157765727493389,0.03697001515469398
2024-09-19 00:00:00+00:00,2.3480000495910645,0.02763566636647874,0.00030142277204000634,0.0007367772550476099,0.0015820882597180092,0.0034942789488312956,0.004572870863117078,0.009348580717035768,0.021695124635008153,0.036086954069913114
2024-09-20 00:00:00+00:00,2.434000015258789,0.03597207774794775,0.0007637300555193242,0.0010651528275593166,0.0015005073105669544,0.0028435082920710703,0.004543001749801499,0.007655438224800028,0.01207870087757296,0.03440037045821045
2024-09-23 00:00:00+00:00,2.61299991607666,0.07096295358650229,0.0012939903775043976,0.002057720433023708,0.0023591432050637344,0.0036398086927417242,0.005551999381855019,0.0088634270618169,0.013350691070360944,0.03564427379657207
2024-09-24 00:00:00+00:00,2.5510001182556152,-0.02401346890461009,0.005035740781720078,0.006329731159224462,0.007093461214743806,0.007830238469791424,0.009173239451295548,0.011666332077860877,0.017153893973618828,0.04062385328597127
2024-09-25 00:00:00+00:00,2.63700008392334,0.033156453680212805,0.0005766466888326758,0.00561238747055274,0.0069063778480571575,0.007971530675616482,0.00925219616329448,0.011449379597858649,0.017018688620612215,0.04074944287525372
2024-09-26 00:00:00+00:00,2.5850000381469727,-0.01991641647901643,0.0010993504206480973,0.0016759971094807593,0.006711737891200857,0.008769458324224573,0.0095062355792722,0.01226373727305587,0.015661166493505248,0.04149129628561599
2024-09-27 00:00:00+00:00,2.9019999504089355,0.1156746146559724,0.0003966636453656372,0.0014960140660137207,0.0020726607548464163,0.008402391914070885,0.009467544741630217,0.011245900206141956,0.01597182859838336,0.040830441272071964
2024-09-30 00:00:00+00:00,2.9230000972747803,0.007210382034784191,0.013380616475807704,0.013777280121173328,0.014876630541821444,0.02048901801237419,0.022546738445397917,0.024128826705115916,0.027119609308514963,0.054111778764509455
2024-10-01 00:00:00+00:00,2.8959999084472656,-0.00928007649824214,5.1989609087538604e-05,0.013432606084895228,0.013829269730260885,0.015505266839741651,0.02183499799896613,0.023335505309533076,0.0263779997487676,0.05298983803335753
2024-10-02 00:00:00+00:00,2.885999917984009,-0.0034590109768468658,8.61198198132261e-05,0.00013810942890075083,0.013518725904708474,0.015014739970722203,0.020627127441274956,0.022986270646338687,0.026179126823129943,0.05043286256942424
2024-10-03 00:00:00+00:00,2.970000028610229,0.0286905305145726,1.1964756937947108e-05,9.808457675115933e-05,0.00015007418583871701,0.013927354307012052,0.015603351416492828,0.022696812631236626,0.024776590867788346,0.050166159526571774
2024-10-04 00:00:00+00:00,2.8540000915527344,-0.039840411314294055,0.0008231465412076214,0.0008351112981455546,0.0009212311179587998,0.014353837202854037,0.015849851268867773,0.022756229116924924,0.02510204743216222,0.050897145455771155
2024-10-07 00:00:00+00:00,2.746000051498413,-0.03857622503363456,0.0015872583736921298,0.0024104049148997372,0.0024223696718377033,0.002560479100738463,0.016337759221911805,0.023049497113112657,0.025843994801183972,0.049045088252102374
2024-10-08 00:00:00+00:00,2.7330000400543213,-0.004745404498015082,0.0014881251378456137,0.00307538351153773,0.0038985300527453704,0.003996614629496538,0.01742922071439178,0.019501881469238192,0.02689676545602197,0.05030171814956642
2024-10-09 00:00:00+00:00,2.6600000858306885,-0.027073766540954836,2.2518863849781773e-05,0.001510644001695382,0.0030979023753875306,0.003933013673533094,0.00407112310243386,0.018947753644255296,0.026617861547831745,0.04922295290706897
2024-10-10 00:00:00+00:00,2.674999952316284,0.0056232074614982475,0.0007329888347141256,0.0007555076985638937,0.0022436328364095265,0.004654037751309272,0.004752122328060447,0.018581392058321326,0.026587120327026547,0.04922993042951983
2024-10-11 00:00:00+00:00,2.631999969482422,-0.01620536065403544,3.162046215504957e-05,0.0007646092968691615,0.0007871281607189621,0.0038625116722567007,0.004697622970402271,0.018216348875110738,0.0253247504116772,0.04907759547970913
2024-10-14 00:00:00+00:00,2.49399995803833,-0.05385617143544963,0.0002626137139273599,0.00029423417608239583,0.0010272230107965402,0.0025378670124919303,0.004948271927391684,0.005098346113230394,0.020551623343884478,0.038960055380681965
2024-10-15 00:00:00+00:00,2.497999906539917,0.0016025438566242833,0.0029004872016845404,0.0031631009156118865,0.003194721377766955,0.003950229076330858,0.007025612587868602,0.007946843705827395,0.022875463856736344,0.0418385423976501
2024-10-16 00:00:00+00:00,2.367000102996826,-0.053867000243917884,2.5681468124042317e-06,0.002903055348496931,0.00316566906242431,0.00393027835929348,0.005440922360988877,0.007863292032826572,0.021778681582900652,0.040608572666000306
2024-10-17 00:00:00+00:00,2.3469998836517334,-0.008485506749803307,0.0029016537152782495,0.00290422186209064,0.0058047090637751994,0.006098943239857604,0.006854450938421512,0.010752980991166877,0.024283671652813265,0.04279837433943927
2024-10-18 00:00:00+00:00,2.257999897003174,-0.038658447182413846,7.200382480095748e-05,0.002973657540079193,0.0029762256868916164,0.006139326602503512,0.006903935899372688,0.010001838274760212,0.010975059001806517,0.040413505616485164
2024-10-21 00:00:00+00:00,2.312000036239624,0.02363354637142301,0.0014944755385554811,0.0015664793633564248,0.004468133078634693,0.007371188427131633,0.0076654226032140445,0.009909055439623563,0.012417544931274461,0.04182197961455312
2024-10-22 00:00:00+00:00,2.311000108718872,-0.0004325881483848715,0.0005585445140902016,0.002053020052645669,0.0021250238774466455,0.005029245739537294,0.008192346655149195,0.008979474815868152,0.012889969625551435,0.04014768836296722
2024-10-23 00:00:00+00:00,2.3420000076293945,0.013324890096842346,1.871325061230516e-07,0.0005587316465963108,0.002053207185151811,0.005026864725231014,0.00792992007372796,0.008957143084524492,0.012878192001119611,0.03935427632663844
2024-10-24 00:00:00+00:00,2.5220000743865967,0.07404699860464303,0.0001775526960929272,0.0001777398285990364,0.0007362843426892571,0.002302763706045691,0.005206985568136346,0.008401706945903293,0.012232598156004918,0.039246836277280484
2024-10-25 00:00:00+00:00,2.559999942779541,0.014954969101919735,0.005482958002356007,0.005660510698448921,0.005660697830955063,0.007713717883600741,0.01068737542367995,0.013853044486104252,0.016128297784668795,0.043315293567356944
2024-10-28 00:00:00+00:00,2.309000015258789,-0.10319269915897356,0.00022365110083937396,0.005706609103195368,0.005884161799288314,0.006442893445884634,0.008009372809241072,0.013814081873016266,0.014863823747662555,0.04304125469136258
2024-10-29 00:00:00+00:00,2.345999956130981,0.015897194551031446,0.010648733159714421,0.010872384260553782,0.016355342262909807,0.016533082091508854,0.018586102144154536,0.021562327831046148,0.025490038043527195,0.05284467684640662
2024-10-30 00:00:00+00:00,2.845000028610229,0.19285134610282673,0.0002527207945933439,0.010901453954307751,0.011125105055147145,0.016785615753596075,0.0173443474001924,0.021812480478827084,0.02500977000340641,0.05266204315799234
2024-10-31 00:00:00+00:00,2.7070000171661377,-0.04972206066106144,0.03719164169367226,0.03744436248826559,0.04809309564798003,0.05379970475117541,0.053977444579774464,0.0561024684572211,0.062169791234923624,0.0895522620796246
2024-11-01 00:00:00+00:00,2.6630001068115234,-0.016387670032286028,0.0024722833163822737,0.03966392501005453,0.039916645804647884,0.050789030065201676,0.05644954076365061,0.05850274794880241,0.06437946083737854,0.09126081534048755
2024-11-04 00:00:00+00:00,2.7809998989105225,0.04335719196051502,0.00026855572908708554,0.0027408390454693524,0.03993248073914163,0.050833934693449385,0.05654054379664476,0.05727682813933402,0.06174752936478108,0.09023538069207022
2024-11-05 00:00:00+00:00,2.6700000762939453,-0.04073203791511204,0.0018798460947009482,0.002148401823788027,0.004620685140170314,0.042065047628435916,0.05293743188898971,0.05859812971994476,0.06362480731266963,0.08707948600505111
2024-11-06 00:00:00+00:00,2.746999979019165,0.02843089848874103,0.0016590989127181247,0.003538945007419066,0.003807500736506165,0.043471425746560696,0.05437287970086846,0.06025704150015677,0.0623822525101095,0.08816193822893656
2024-11-07 00:00:00+00:00,2.693000078201294,-0.01985355660722099,0.000808315988877097,0.0024674149015952145,0.004347260996296177,0.007088100041765529,0.04453246253003113,0.06088780479294093,0.06311856467418564,0.08787090379716556
2024-11-08 00:00:00+00:00,2.6689999103546143,-0.008952006033433157,0.00039416370995612823,0.0012024796988332183,0.002861578611551357,0.005009980435339383,0.04467390544539392,0.055799010500541056,0.06201825284558629,0.08786840386175604
2024-11-11 00:00:00+00:00,2.9200000762939453,0.0898798055734974,8.013841202262366e-05,0.00047430212197874494,0.0012826181108558559,0.004821563118274922,0.007562402163744281,0.055655497811724304,0.06153984674351871,0.07456792579797097
2024-11-12 00:00:00+00:00,2.907000064849853,-0.004461998523343835,0.008078379449929694,0.00815851786195231,0.008552681571908454,0.011020096473503669,0.013168498297291702,0.05308514410193958,0.06961803906094229,0.08259431563881311
2024-11-13 00:00:00+00:00,2.9830000400543213,0.025807875075231523,1.9909430822322565e-05,0.00809828888075201,0.008178427292774649,0.009380906991607867,0.012919851999026939,0.05285233273816856,0.06946039579567168,0.08252810524982221
2024-11-14 00:00:00+00:00,2.7850000858306885,-0.06868161476197554,0.0006660464158987565,0.0006859558467210722,0.008764335296650782,0.009238637418629526,0.011706052320224748,0.016326737460395056,0.06464348420921442,0.08318218690878303
2024-11-15 00:00:00+00:00,2.822999954223633,0.013552228857682813,0.004717164206312416,0.005383210622211166,0.005403120053033504,0.013561637914985814,0.01476411761381904,0.018571618350325197,0.06913699731468748,0.08707620457388782
2024-11-18 00:00:00+00:00,2.9730000495910645,0.05177142764059117,0.0001836629070110108,0.00490082711332342,0.005566873529222192,0.0136651624099742,0.014139464531952953,0.01848672552824912,0.058671927061984055,0.08567260910720671
2024-11-19 00:00:00+00:00,2.997999906539917,0.00837380780982211,0.0026802807199449675,0.0028639436269559714,0.007581107833268403,0.008267063679989473,0.01642558154194179,0.01928716015349314,0.06109948698733569,0.08686476468930605
2024-11-20 00:00:00+00:00,3.193000078201294,0.06301556971786249,7.012065723583775e-05,0.0027504013771807983,0.0029340642841918247,0.008317274906402989,0.016415563787155005,0.017698181898010854,0.02397796595089926,0.08691236648269211
2024-11-21 00:00:00+00:00,3.33899998664856,0.04471041873875903,0.003970962026866787,0.004041082684102618,0.006721363404047601,0.011622190517371019,0.0123081463640921,0.020860827936000546,0.025476644661383774,0.09015033967484477
2024-11-22 00:00:00+00:00,3.128999948501587,-0.06495790873456375,0.0019990215437951744,0.005969983570661955,0.0060401042278978075,0.008904047854853778,0.01428725847706495,0.02246568576983959,0.02720711047609186,0.0921177407564849
2024-11-25 00:00:00+00:00,3.36899995803833,0.07390250374086627,0.004219529907167913,0.006218551450963081,0.010189513477829884,0.01293991485501068,0.017840741968334108,0.02660507726498488,0.029546794288558824,0.09607465694972545
2024-11-26 00:00:00+00:00,3.430999994277954,0.01823581023937826,0.005461580059168752,0.009681109966336659,0.011680131510131848,0.015721214194234466,0.018585157821190443,0.02398827787422394,0.03334927543500946,0.09863574980720967
2024-11-27 00:00:00+00:00,3.2039999961853027,-0.06845173419305572,0.00033254477508661294,0.005794124834255358,0.010013654741423288,0.015983638312085238,0.018734039689266044,0.024300913218488228,0.03287350422121897,0.09896572643548388
2024-11-29 00:00:00+00:00,3.36299991607666,0.048433379787720776,0.004685639914036754,0.00501818468912336,0.010479764748292129,0.016698316199255207,0.020739398883357834,0.028320506716626226,0.037164980425299594,0.10074971263424239
2024-12-02 00:00:00+00:00,3.213000059127808,-0.04562830926682859,0.002345792277661599,0.007031432191698347,0.0073639769667849745,0.017045086933121633,0.023015070503783593,0.02594913478797541,0.03943063429093858,0.10302350108710302
2024-12-03 00:00:00+00:00,3.0420000553131104,-0.054689886516160024,0.002081942606549356,0.004427734884210948,0.009113374798247718,0.014907499632503075,0.02112605108346616,0.027847414487513752,0.03343419744755824,0.1036109681550969
2024-12-04 00:00:00+00:00,3.0429999828338623,0.0003286532534048092,0.002990983687150462,0.005072926293699811,0.007418718571361426,0.012436903260484784,0.022118013226821453,0.02815811745471925,0.03640527170388637,0.10604340732815716
2024-12-05 00:00:00+00:00,3.0789999961853027,0.011761002429777845,1.0801296097356575e-07,0.0029910917001114284,0.0050730343066608,0.012104466498359145,0.01789859133261451,0.028088104810444384,0.03573933330094859,0.10604332820861201
2024-12-06 00:00:00+00:00,3.075999975204468,-0.0009748241209917019,0.00013832117815324038,0.000138429191114207,0.0031294128782646848,0.007557147762475631,0.012575332451598998,0.02425546396173084,0.031160490272789415,0.10600409669067232
2024-12-09 00:00:00+00:00,3.181999921798706,0.033879861757018404,9.502820668672443e-07,0.0001392714602201007,0.00013937947318108987,0.005212305766880899,0.012243737958579252,0.022257392700002532,0.030977777647845272,0.10052208897038317
2024-12-10 00:00:00+00:00,3.1630001068115234,-0.005988927246882714,0.001147845032674678,0.0011487953147415384,0.0012871164928947945,0.004278208193006221,0.008705943077217176,0.019185707825509296,0.02944534196057498,0.10144628290221848
2024-12-11 00:00:00+00:00,3.378000020980835,0.06576284650406405,3.586724956845416e-05,0.0011837122822431253,0.0011846625643100082,0.0013230917554242134,0.006396018049124031,0.013759995015908997,0.029411088552907597,0.09083341699207252
2024-12-12 00:00:00+00:00,3.4549999237060547,0.02253861054081807,0.00432475198031709,0.004360619229885537,0.005508464262560231,0.00564773572278033,0.008638827422891765,0.017752202221139473,0.029764878506357898,0.09490544817779627
2024-12-13 00:00:00+00:00,3.2799999713897705,-0.051979021464027886,0.0005079889651106755,0.004832740945427759,0.004868608194996228,0.006017403509737764,0.006155832700851978,0.013574551272213395,0.028273845927673402,0.05822179544923468
2024-12-16 00:00:00+00:00,3.21399998664856,-0.02032715051225109,0.0027018186723578716,0.003209807637468541,0.007534559617785645,0.00871827190002877,0.008857543360248877,0.01393057766690967,0.026756134692863358,0.058451330805210276
2024-12-17 00:00:00+00:00,3.308000087738037,0.028827540523260087,0.0004131930479477098,0.003115011720305575,0.0036230006854162653,0.0079836199153018,0.009132415230043345,0.012261828108308023,0.021707747681642315,0.0585959681240709
2024-12-18 00:00:00+00:00,3.374000072479248,0.019755201921043852,0.0008310270926202024,0.0012442201405679061,0.0039460388129257925,0.008778779758353549,0.00996249204059668,0.010101871513777762,0.022206229999175906,0.05754714912199015
2024-12-19 00:00:00+00:00,3.5840001106262207,0.060380520373900515,0.0003902680029412147,0.001221295095561411,0.0016344881435091355,0.004844295780977674,0.009204915010863218,0.010492031503758003,0.017910858088080364,0.05627831821221324
2024-12-20 00:00:00+00:00,3.747999906539917,0.04474281346081277,0.003645807240623015,0.0040360752435642236,0.004867102336184441,0.007982114056490013,0.012814855001917778,0.01399951756622778,0.019210873051041782,0.05911580946395916
2024-12-23 00:00:00+00:00,3.6559998989105225,-0.024852713498578982,0.0020019193563890884,0.005647726597012097,0.006037994599953326,0.00728221474052123,0.010492022377989777,0.01600048664055,0.019130849800881516,0.06072356511039212
2024-12-24 00:00:00+00:00,3.946000099182129,0.0763328067936675,0.00061765736824245,0.002619576724631532,0.006265383965254562,0.00748667906081597,0.010601690781121552,0.01547029897611777,0.016757523481973503,0.06126108406661195
2024-12-26 00:00:00+00:00,3.714999914169312,-0.0603237776693728,0.0058266973929993705,0.006444354761241814,0.008446274117630917,0.012482349361195138,0.01372656950176305,0.021261129119548687,0.0225841128620119,0.059009402009681626
2024-12-27 00:00:00+00:00,3.513999938964844,-0.05562368267013729,0.0036389581523039206,0.009465655545303285,0.01008331291354575,0.015731039510557845,0.016952334606119262,0.020575335291535518,0.026084749836162578,0.06262845073116322
2024-12-30 00:00:00+00:00,3.936000108718872,0.11341003441590547,0.003093994073788131,0.006732952226092046,0.01255964961909143,0.01517922634372296,0.019215301587287188,0.023161340400212973,0.029177793627883843,0.0650563983890526
2024-12-31 00:00:00+00:00,3.632999897003174,-0.0801062819229581,0.012861835906216862,0.015955829980004988,0.019594788132308923,0.026039142893550735,0.03168686949056284,0.033321357634071964,0.040891784501426026,0.07320107008895704
2025-01-02 00:00:00+00:00,3.660000085830689,0.007404445975569329,0.006417016403520444,0.019278852309737297,0.02237284638352545,0.03183850192882873,0.03445807865346027,0.0393251809896447,0.04727293365537802,0.07943442358546648
2025-01-03 00:00:00+00:00,3.3540000915527344,-0.08730948016668427,5.482582020512484e-05,0.006471842223725562,0.019333678129942442,0.026066630356034484,0.0325109851172763,0.03854897971722963,0.04300300749526605,0.07680896868572663
2025-01-06 00:00:00+00:00,3.671999931335449,0.09058276336114912,0.007622945326976634,0.007677771147181752,0.014094787550702214,0.0300506175307072,0.03951627307601049,0.04578165704126504,0.050117963857132006,0.08436179335546742
2025-01-07 00:00:00+00:00,3.4489998817443848,-0.06265215439097238,0.00820523701814194,0.01582818234511857,0.01588300816532371,0.03516186047506101,0.041894812701153056,0.050341086818783964,0.055621382202916084,0.08859606834674258
2025-01-08 00:00:00+00:00,3.651000022888184,0.05691680927474252,0.003925292449830239,0.012130529467972172,0.019753474794948826,0.026225317018674383,0.04218114699867938,0.052264459912225114,0.05913348160479861,0.09052233925277764
2025-01-09 00:00:00+00:00,3.700999975204468,0.013601937761817062,0.003239523178017416,0.007164815627847649,0.015370052645989606,0.023047823793171357,0.04232667610290866,0.054886325722000084,0.06154197769019582,0.08954233252362714
2025-01-10 00:00:00+00:00,3.989000082015991,0.07493754677947417,0.00018501271087634495,0.003424535888893754,0.007349828338724011,0.023178010683842575,0.02964985290756814,0.04924464103987706,0.061336722398130955,0.08426576517533475
2025-01-13 00:00:00+00:00,3.934000015258789,-0.013883869638245727,0.00561563591732588,0.005800648628202218,0.009040171806219651,0.021170701274191822,0.028848472421373582,0.05122131880489902,0.06330655107483382,0.08954885631757402
2025-01-14 00:00:00+00:00,3.9679999351501465,0.00860544923385409,0.00019276183613180155,0.005808397753457675,0.005993410464334037,0.013158226092181683,0.028986408437300253,0.04832008656724269,0.061497393554576535,0.08505597823966907
2025-01-15 00:00:00+00:00,4.083000183105469,0.028569884103837095,7.405375651643995e-05,0.0002668155926482346,0.005882451509974132,0.009306987398867882,0.021437516866840062,0.035532304417542265,0.06095378994285053,0.0827842397185239
2025-01-16 00:00:00+00:00,4.257999897003174,0.041967485099018154,0.0008162382777066836,0.0008902920342231165,0.0010830538703549353,0.00688370249855715,0.014048518126404806,0.029931526291728506,0.055943330827557834,0.08151853538968123
2025-01-17 00:00:00+00:00,3.947999954223633,-0.07559043230586182,0.0017612698055363108,0.002577508083242987,0.002651561839759445,0.008459959593217116,0.011884495482110877,0.03163797027705969,0.054065642480790224,0.08028882150806707
2025-01-21 00:00:00+00:00,3.75600004196167,-0.049854537458490444,0.005713913456187079,0.007475183261723382,0.008291421539430084,0.008558237132078313,0.01435888576028054,0.029728938406270135,0.056685561863189175,0.08600262695129318
2025-01-22 00:00:00+00:00,3.9600000381469727,0.05288946238154302,0.002485474905200027,0.0081993883613871,0.009960658166923427,0.010850950201146538,0.01665934795460422,0.024009176293328223,0.04630920086217234,0.08834978067833997
2025-01-23 00:00:00+00:00,3.944999933242798,-0.003795097523603408,0.002797295231008654,0.005282770136208674,0.010996683592395771,0.013574191675638754,0.013841007268286996,0.02288117907450664,0.042689479689660546,0.09114612562728175
2025-01-24 00:00:00+00:00,4.026999950408936,0.020572732178815167,1.440276521366072e-05,0.002811697996222308,0.005297172901422353,0.01277235616314573,0.013662648197368855,0.019656058661702884,0.042649056634669086,0.09001268335982074
2025-01-27 00:00:00+00:00,3.697000026702881,-0.08549998237732881,0.00042323730930125705,0.00043764007451491083,0.003234935305523583,0.011434323666910677,0.014011831750153672,0.019894283260127796,0.03544934861699371,0.09040005341955354
2025-01-28 00:00:00+00:00,3.470999956130981,-0.06307896293642323,0.007310246986523537,0.007733484295824787,0.007747887061038466,0.013030657197247135,0.020505840458970526,0.02158889432932545,0.034554358585375304,0.09338554842576
2025-01-29 00:00:00+00:00,3.5350000858306885,0.01827059938786424,0.003978955565134656,0.011289202551658186,0.011712439860959462,0.014524137857181763,0.022723526218568872,0.025375088058328304,0.03460802170067972,0.09685651502578396
2025-01-30 00:00:00+00:00,3.046999931335449,-0.14855584616034845,0.0003338148019918251,0.004312770367126475,0.011623017353650029,0.012060657428164935,0.017343427564373615,0.02563484910380369,0.03170231332465413,0.09448851115541793
2025-01-31 00:00:00+00:00,3.0439999103546143,-0.0009850669188635752,0.022068839428417114,0.022402654230408933,0.026381609795543604,0.034115094091368384,0.0369267920875907,0.04688745025451412,0.05358614004219489,0.11614415753588732
2025-02-03 00:00:00+00:00,3.351999998092652,0.09638477150124358,9.703568346393775e-07,0.022069809785251745,0.022403624587243584,0.03369282713890177,0.034130467213416685,0.04512715080581245,0.047971474481703656,0.11531410080010175
2025-02-04 00:00:00+00:00,3.253000020980835,-0.02997952810991622,0.009290024177346937,0.009290994534181569,0.0313598339625987,0.03567260432972517,0.04340608862554996,0.04870326152697231,0.05706873682291879,0.12421385697450747
2025-02-05 00:00:00+00:00,3.359999895095825,0.03236328881272943,0.0008987721056932568,0.010188796283040187,0.01018976663987484,0.03259242087028377,0.04388162342194196,0.047116558727465535,0.057893455172095605,0.12146682183957773
2025-02-06 00:00:00+00:00,3.407999992370605,0.014184663974765144,0.0010473824627761379,0.0019461545684693877,0.011236178745816339,0.03330598853106808,0.03761875889819456,0.04536664595923302,0.05812459935716506,0.12051228494596478
2025-02-07 00:00:00+00:00,3.309000015258789,-0.02947957317762273,0.00020120469207700009,0.001248587154853131,0.002147359260546402,0.011438353794727971,0.03384100802513691,0.04555344788609636,0.05656453424370576,0.12009583226979934
2025-02-10 00:00:00+00:00,3.444000005722046,0.03998755467616366,0.0008690452347348135,0.0010702499268118067,0.0021176323895879586,0.012306428672628145,0.0343762384578799,0.045999255811529915,0.05171966602225349,0.11513818011153477
2025-02-11 00:00:00+00:00,3.5190000534057617,0.021543285288913028,0.0015990045289791784,0.0024680497637139852,0.002669254455790999,0.004615409024260386,0.013906403558441962,0.04028801335398556,0.050833195646032635,0.11309822648821002
2025-02-12 00:00:00+00:00,3.565000057220459,0.012987196401027745,0.0004641131410394965,0.002063117670018668,0.002932162904753495,0.0041807500596066265,0.01436954634264682,0.0367731709298904,0.04850001355606348,0.1104683455554614
2025-02-13 00:00:00+00:00,3.628000020980835,0.01751746811904198,0.00016866727035886803,0.0006327804113983575,0.00223178494037755,0.0033020348671893565,0.005248189435658752,0.036608023398257444,0.048654278061208686,0.0977751769196034
2025-02-14 00:00:00+00:00,3.724999904632568,0.026385288193606637,0.0003068616893016521,0.00047552895966051324,0.0009396421007000236,0.0034076918644140083,0.004656279019267146,0.01484604565914198,0.048537902441209084,0.0916650222053846
2025-02-18 00:00:00+00:00,4.006999969482422,0.07297599780841368,0.0006961834330596778,0.001003045122361323,0.001171712392720205,0.003234830062738873,0.004305079989550686,0.015541258735367018,0.04192383888774522,0.09230637981823915
2025-02-19 00:00:00+00:00,4.28000020980835,0.06591023457640577,0.005325496256133599,0.0060216796891932696,0.006328541378494935,0.006961321789893293,0.009429371553607286,0.011576730814153679,0.04327037957874417,0.09000893074739612
2025-02-20 00:00:00+00:00,4.151999950408936,-0.030362924694657067,0.004344159021916835,0.009669655278050426,0.010365838711110117,0.010841367670770631,0.012904485340789307,0.015022117730377257,0.047280723798669176,0.08614785275117103
2025-02-21 00:00:00+00:00,4.234000205993652,0.019557087445238652,0.000921907196013416,0.005266066217930244,0.010591562474063856,0.01159460759642518,0.012227388007823546,0.014896642463614536,0.02613379156626548,0.0831444674973542
2025-02-24 00:00:00+00:00,3.99399995803833,-0.05835399687748177,0.0003824796693407113,0.0013043868653541204,0.00564854588727097,0.011670225576464239,0.012145754536124759,0.015077917440878247,0.026515300878771554,0.0802874239886775
2025-02-25 00:00:00+00:00,4.173999786376953,0.04408153298810569,0.0034051889515771525,0.003787668620917857,0.004709575816931287,0.014379231094981713,0.015382276217343043,0.017614061157720587,0.020630465653001768,0.0835076002293783
2025-02-26 00:00:00+00:00,3.9059998989105225,-0.06636095090162808,0.00194318155058145,0.005348370502158596,0.005730850171499322,0.010996916389429566,0.01701859607862284,0.017958238179322857,0.02167487509788996,0.07983514586263386
2025-02-27 00:00:00+00:00,3.934000015258789,0.007142917271638849,0.004403775804568293,0.006346957355149736,0.009752146306726904,0.011056533172081023,0.020726188450131456,0.021897900842851654,0.025031268439682116,0.08404615983107036
2025-02-28 00:00:00+00:00,3.8340001106262207,-0.025748050368114672,5.102126714947658e-05,0.004454797071717763,0.006397978622299227,0.010185647243217083,0.015451713461147334,0.02178025483964226,0.024881085014754594,0.08402312734170339
2025-03-03 00:00:00+00:00,4.122000217437744,0.0724298617413619,0.0006629620977589701,0.0007139833649084406,0.005117759169476747,0.010466129671635342,0.011770516536989468,0.02213635524809958,0.024675001877778747,0.08386985116175567
2025-03-04 00:00:00+00:00,4.349999904632568,0.053837287958234725,0.0052460848718728,0.005909046969631764,0.005960068236781255,0.01230702559193099,0.016094694212848853,0.026686256686912706,0.028322082220672368,0.08735466622809218
2025-03-05 00:00:00+00:00,4.449999809265137,0.022728230139335892,0.0028984535746978857,0.00814453844657068,0.008807500544329664,0.013262297616047428,0.01861066811820603,0.02425921400547699,0.030756422654330758,0.08453920634660297
2025-03-06 00:00:00+00:00,4.302000045776367,-0.033824011830124956,0.0005165724452666164,0.003415026019964496,0.00866111089183731,0.00937509425674575,0.015722051611895493,0.02043162742882677,0.03110432782923851,0.08257030388666955
2025-03-07 00:00:00+00:00,4.39900016784668,0.022297239035970362,0.001144063776284433,0.0016606362215510434,0.004559089796248943,0.010468136765880705,0.014922933837598476,0.020653784009097786,0.03194152991622129,0.08091707243194535
2025-03-10 00:00:00+00:00,4.491000175476074,0.020698152656202673,0.0004971668686272005,0.0016412306449116276,0.002157803090178258,0.010302341536748938,0.011016324901657383,0.02076847120838428,0.03174251335178881,0.08139983653535889
2025-03-11 00:00:00+00:00,4.453000068664551,-0.008497391419022948,0.00042841352337946975,0.0009255803920066642,0.002069644168291111,0.005484670188255606,0.011393717157887376,0.017791695780186596,0.02684543061903468,0.0814050127494371
2025-03-12 00:00:00+00:00,4.084000110626221,-0.08650111436927399,7.220566092808483e-05,0.0005006191843075485,0.000997786052934763,0.0026584222744858053,0.010802960721056491,0.01592071989053323,0.022573477258045933,0.07416697142384164
2025-03-13 00:00:00+00:00,4.111000061035156,0.006589395372399887,0.007482442787126219,0.007554648448054297,0.007983061971433782,0.009624292616345408,0.013039318636309909,0.018999386873091155,0.029134012849158737,0.0776704586458332
2025-03-14 00:00:00+00:00,4.104000091552734,-0.0017041925858924944,4.342013137380504e-05,0.007525862918500018,0.007598068579428116,0.00852364897143478,0.01018428519298583,0.018991785737315484,0.028794953311191827,0.07738006397521519
2025-03-17 00:00:00+00:00,4.01800012588501,-0.021177832453630918,2.904272369810947e-06,4.6324403743609914e-05,0.007528767190869843,0.00802938637517739,0.009670617020089024,0.01833172791192633,0.02539266863198449,0.05531412881916788
2025-03-18 00:00:00+00:00,4.052000045776367,0.008426299960656136,0.00044850058743406293,0.00045140485980386784,0.0004948249911776867,0.008049473439231984,0.008975053831238653,0.01353414362748759,0.0238979876688371,0.055761659049767306
2025-03-19 00:00:00+00:00,4.247000217437744,0.04700230484543,7.10025310269536e-05,0.0005195031184610105,0.0005224073908308353,0.008048270309330852,0.008548889493638407,0.010706692583816657,0.019565214395295762,0.04654263740344732
2025-03-20 00:00:00+00:00,3.974999904632568,-0.06618817841460656,0.0022092166607827323,0.0022802191918096797,0.0027287197792437564,0.0027750441829873657,0.010329692631041668,0.01239933679933277,0.021723409788929015,0.047853081958536804
2025-03-21 00:00:00+00:00,3.9800000190734863,0.0012570999741914335,0.004380874961843789,0.006590091622626516,0.006661094153653483,0.007112499013457349,0.014638361931957375,0.01563614798489213,0.02544132265301384,0.05118657445760445
2025-03-24 00:00:00+00:00,3.9140000343322754,-0.01672194634313562,1.5803003451121027e-06,0.004382455262188895,0.00659167192297164,0.0071111750414326515,0.007157499445176266,0.01514056141661004,0.02019681808148615,0.05098695006587257
2025-03-25 00:00:00+00:00,3.839999914169312,-0.019087533497650355,0.0002796234895027067,0.00028120378984781275,0.004662078751691615,0.006942297943501295,0.007393702803305168,0.014991771382733277,0.01757798799629097,0.05039752832064046
2025-03-26 00:00:00+00:00,3.861000061035156,0.005453888842326782,0.0003643339350239244,0.000643957424526625,0.0006455377248717501,0.007235629347498266,0.007755132465959281,0.015283899656829115,0.017425749486048275,0.0491628577266852
2025-03-27 00:00:00+00:00,3.950000047683716,0.022789357894636986,2.9744903504456562e-05,0.0003940788385283749,0.0006737023280310946,0.005056157590219991,0.007336376782029676,0.007831201773207353,0.0163114306132683,0.048728489489150165
2025-03-28 00:00:00+00:00,4.065000057220459,0.028698166091290167,0.0005193548332498531,0.0005490997367543036,0.000913433671778241,0.0011946374616260537,0.007784729084252574,0.008307136475083403,0.016333618577890955,0.049079177052041144
2025-03-31 00:00:00+00:00,4.11899995803833,0.013196648190452187,0.0008235847370032767,0.0013429395702531238,0.0013726844737575934,0.0020166418982842183,0.006399097160473119,0.009127816939716869,0.01672878979151476,0.049595900099742775
2025-04-01 00:00:00+00:00,3.950999975204468,-0.04164170011310708,0.00017415152346256498,0.0009977362604658357,0.0015170910937157018,0.0019111699322440767,0.0021923737220918946,0.008853467875745369,0.01683073565404924,0.049073868190145656
2025-04-02 00:00:00+00:00,4.054999828338623,0.025981940080620936,0.0017340311883099425,0.0019081827117725016,0.0027317674487757912,0.0032808671855300946,0.003924824610056725,0.010516496533028358,0.011082324055232963,0.04548240312232201
2025-04-03 00:00:00+00:00,4.138000011444092,0.020261936854847118,0.0006750612103529766,0.0024090923986629133,0.0025832439221254912,0.003926183492378615,0.004320262330906995,0.008982341082598605,0.011713965134212136,0.04181330531075815
2025-04-04 00:00:00+00:00,3.836999893188477,-0.0755217986613943,0.0004105460851098119,0.0010856072954627824,0.002819638483772738,0.0038173747442385737,0.004366474480992882,0.005012012205864625,0.012121606946952137,0.04130194419985455
2025-04-07 00:00:00+00:00,3.6549999713897705,-0.04859469805352079,0.005703542073052178,0.006114088158161984,0.006789149368514973,0.008697332080287475,0.010040271650540604,0.01071397397857169,0.017376648432570252,0.04662300660356601
2025-04-08 00:00:00+00:00,3.4649999141693115,-0.0533834775029407,0.0023614446789128572,0.008064986751965028,0.008475532837074855,0.010884625235737768,0.011882361496203607,0.012795795167981842,0.019667090580456154,0.04557926233090172
2025-04-09 00:00:00+00:00,3.815999984741211,0.09649014171630088,0.002849795670306976,0.005211240349219827,0.010914782422272017,0.012000389717734802,0.013908572429507307,0.015281256903264893,0.0203076695899804,0.04648587645062724
2025-04-10 00:00:00+00:00,3.556999921798706,-0.07028527860627021,0.009310347448431828,0.012160143118738798,0.01452158779765167,0.02063567595581365,0.02304476835447657,0.024561859448192266,0.025237142076568436,0.05139244809449078
2025-04-11 00:00:00+00:00,3.5269999504089355,-0.00846983378763011,0.004940020388761024,0.014250367837192846,0.017100163507499835,0.025165150259464864,0.026250757554927652,0.028982525003703435,0.03017558216498435,0.05628144721610233
2025-04-14 00:00:00+00:00,3.325000047683716,-0.05897794874472084,7.173808439008061e-05,0.005011758473151098,0.01432210592158294,0.019533346270802766,0.025647434428964753,0.02823067835109024,0.02996769675987172,0.05569022320273344
2025-04-15 00:00:00+00:00,3.3289999961853027,0.0012022689982045254,0.0034783984381349187,0.003550136522524992,0.008490156911286028,0.020650300030024826,0.028715286781989865,0.0315349252657626,0.03308176126298271,0.053922536768995555
2025-04-16 00:00:00+00:00,3.246999979019165,-0.024940470787886193,1.445450744043713e-06,0.0034798438888789555,0.003551581973269048,0.017801949810461896,0.02301319015968173,0.029802339528196695,0.033053461810222305,0.05102552864504171
2025-04-17 00:00:00+00:00,3.244999885559082,-0.0006161717698969227,0.0006220270831214045,0.0006234725338654414,0.004101870972000372,0.009113629445151471,0.021273772563890278,0.029749305400965122,0.03315613406009386,0.051130983282896496
2025-04-21 00:00:00+00:00,3.0160000324249268,-0.07318385399252603,3.7966765001790623e-07,0.0006224067507714156,0.0006238522015154715,0.004173988724040466,0.018424356561233316,0.029339138983505327,0.03233292899074059,0.04998729917426208
2025-04-22 00:00:00+00:00,3.006999969482422,-0.0029885670391334163,0.0053558764851993675,0.005356256152849378,0.005978283235970795,0.009458127124849752,0.014469885598000857,0.028991473395652518,0.0375146539524774,0.054846008790834254
2025-04-23 00:00:00+00:00,3.0220000743865967,0.004975994608023004,8.931532947394674e-06,0.005364808018146755,0.005365187685796785,0.005988660219662229,0.009538796742187227,0.026638960249687055,0.035789554297114855,0.05442652680040217
2025-04-24 00:00:00+00:00,2.930000066757202,-0.03091644265256588,2.4760522339074012e-05,3.3692055286461744e-05,0.005389568540485842,0.00601197529125726,0.00949181918013622,0.023813925101719154,0.03513925360910095,0.05437908166181316
2025-04-25 00:00:00+00:00,2.937000036239624,0.002386218742472801,0.0009558264262893947,0.000980586948628462,0.0009895184815758686,0.006345774634425249,0.006969247168290698,0.01545940407957672,0.03568453395028053,0.047852465300976345
2025-04-28 00:00:00+00:00,3.1700000762939453,0.07634294740120318,5.694039886928475e-06,0.0009615204661763163,0.0009862809885154023,0.006351089006662159,0.0069734957574335826,0.010525077730702626,0.02998668591711528,0.04781473920948946
2025-04-29 00:00:00+00:00,3.385999917984009,0.06591764753217522,0.005828245617902875,0.005833939657789796,0.006789766084079203,0.006823458139365667,0.012179714292215052,0.016281585264215418,0.0334534868561053,0.05364008055502253
2025-04-30 00:00:00+00:00,3.325999975204468,-0.017878886173179565,0.004345136256176085,0.010173381874078954,0.010179075913965895,0.011159662862594358,0.01652447088074112,0.017148323082256587,0.03494882744197441,0.05753671622376455
2025-05-01 00:00:00+00:00,3.4790000915527344,0.044974549169948475,0.0003196545707935114,0.004664790826969589,0.010493036444872476,0.011454556911048795,0.011488248966335263,0.017466532202306054,0.025958134564336093,0.05778536826353111
2025-05-02 00:00:00+00:00,3.630000114440918,0.04248775731755883,0.002022710073040113,0.0023423646438336175,0.006687500900009715,0.012521440557799513,0.013502027506427981,0.018867215192224764,0.023040824248615182,0.05759886167578849
2025-05-05 00:00:00+00:00,3.549999952316284,-0.022285089747890785,0.0018052095218757736,0.0038279195949158795,0.004147574165709404,0.014320956039788358,0.015282476505964681,0.02067204504645052,0.024774295686100876,0.05502319623582047
2025-05-06 00:00:00+00:00,3.463000059127808,-0.02481230756084929,0.000496625225071547,0.002301834746947314,0.0043245448199874395,0.008989335646957029,0.014823275304746834,0.015812793786322697,0.021792522473037503,0.055518241160546905
2025-05-07 00:00:00+00:00,3.621000051498413,0.044614962511213774,0.0006156506064941788,0.0011122758315657189,0.0029174853534415053,0.005259849997275124,0.015433231871354083,0.016419512859869482,0.022406727628787638,0.05585426827753838
2025-05-08 00:00:00+00:00,3.5920000076293945,-0.00804109244170692,0.0019904948798770104,0.0026061454863711823,0.003102770711442742,0.006930690306358623,0.011595481133328218,0.01838524721740742,0.023775195425543242,0.057480429222391466
2025-05-09 00:00:00+00:00,3.795000076293945,0.05497527838744998,6.465916765607617e-05,0.0020551540475330795,0.002670804654027271,0.004972639400974586,0.007315004044808211,0.017494079958774097,0.023839474925549303,0.05751534348654309
2025-05-12 00:00:00+00:00,3.6459999084472656,-0.04005377980538749,0.003022281233777625,0.003086940401433694,0.005077435281310717,0.006189711112876438,0.010017630707792324,0.020510667152664794,0.021505879674127558,0.06001826988707086
2025-05-13 00:00:00+00:00,3.6470000743865967,0.00027428107718496797,0.0016043052766984668,0.004626586510476084,0.004691245678132173,0.007297391164503357,0.009599225911450678,0.016286726811460386,0.023101253417878633,0.06079899042676604
2025-05-14 00:00:00+00:00,3.492000102996826,-0.04343026475075962,7.523010930174636e-08,0.0016043805068077616,0.004626661740585398,0.00668181578811848,0.007794091619684206,0.011941665785393603,0.023076568125648858,0.06062491413341278
2025-05-15 00:00:00+00:00,3.361999988555908,-0.03793863588996693,0.0018861878963210732,0.0018862631264303681,0.0034905684031288475,0.006577508804562543,0.009183654290933731,0.013508199110921167,0.02400692959568054,0.06077707084142391
2025-05-16 00:00:00+00:00,3.3340001106262207,-0.008363214072638625,0.001439340093191487,0.0033255279895125535,0.0033256032196218675,0.007952189730097953,0.010007343777631041,0.01292482913107254,0.0254405756489851,0.06154134972426242
2025-05-19 00:00:00+00:00,3.11299991607666,-0.06858595300935222,6.994334962478074e-05,0.0015092834428162608,0.0033954713391373464,0.00499985184594511,0.00808679224737881,0.011189562958821547,0.019682273380707,0.061200746988777394
2025-05-20 00:00:00+00:00,3.427000045776367,0.09609839174955503,0.004704032950201071,0.004773976299825845,0.006213316393017344,0.008099579519447713,0.012726166029923805,0.01539697068395107,0.02004117007473199,0.06020123786592629
2025-05-21 00:00:00+00:00,3.368000030517578,-0.01736615080891557,0.009234900896850947,0.01393893384705201,0.014008877196676804,0.01733440518618936,0.018938785692997125,0.02401622097430784,0.02895641640078942,0.06707469408386438
2025-05-22 00:00:00+00:00,3.253000020980835,-0.03474145150021646,0.0003015831939179989,0.009536484090768939,0.014240517040970022,0.015749800483786283,0.01763606361021666,0.022327309288348827,0.02723528952166731,0.0645264816074754
2025-05-23 00:00:00+00:00,3.3340001106262207,0.024595163568929213,0.0012069684523418923,0.0015085516462598843,0.010743452543110845,0.015517428842936689,0.01884295683244925,0.02346961857303464,0.026637048452133428,0.05642310261138546
2025-05-27 00:00:00+00:00,3.3980000019073486,0.019014206301223746,0.0006049220709823828,0.001811890523324268,0.0021134737172422793,0.016052407564294293,0.01756169100711056,0.0210522594102394,0.026745345298044263,0.05208800429360682
2025-05-28 00:00:00+00:00,3.2039999961853027,-0.05878699579554714,0.0003615400412654968,0.0009664621122478726,0.0021734305645897773,0.011709914655358717,0.016483890955184568,0.01980949417480643,0.02649123473281558,0.05237780625048224
2025-05-29 00:00:00+00:00,3.5220000743865967,0.09462900317906153,0.0034559108746656767,0.0038174509159311664,0.004422372986913561,0.0059309246331734474,0.019869858480225464,0.023265329819362805,0.027956650727604247,0.05235531868701299
2025-05-30 00:00:00+00:00,3.447000026702881,-0.02152473591313986,0.008954648242662837,0.012410559117328506,0.012772099158594015,0.014583989681918284,0.02412047377268723,0.030333790165704567,0.036846639802611006,0.06130852147893179
2025-06-02 00:00:00+00:00,3.694000005722046,0.06920558804462917,0.00046331425613041277,0.009417962498793243,0.012873873373458931,0.013840335485706805,0.015348887131966697,0.029357764328643492,0.0342876728249638,0.0611498086519408
2025-06-03 00:00:00+00:00,3.721999883651733,0.007551243634389859,0.004789413416602921,0.005252727672733327,0.014207375915396177,0.018024826831327345,0.019836717354651617,0.03407723439562164,0.03747278096486825,0.0659388424008937
2025-06-04 00:00:00+00:00,3.7160000801086426,-0.0016132844510954314,5.702128042591337e-05,0.004846434697028827,0.0053097489531592525,0.01772030807048776,0.018686770182735638,0.029430222725846476,0.037529727015184866,0.060639987196120244
2025-06-05 00:00:00+00:00,3.677000045776367,-0.010550627740839369,2.6026867201462874e-06,5.962396714605272e-05,0.004849037383748985,0.01426699988254223,0.0180844507984734,0.020197924515715674,0.03564614180558393,0.060633658349892997
2025-06-06 00:00:00+00:00,3.783999919891357,0.028684415250757267,0.00011131574572576925,0.00011391843244590861,0.0001709397128718341,0.005423667385605161,0.017834226502933676,0.020007657067523447,0.03431811745811822,0.0607202135732797
2025-06-09 00:00:00+00:00,3.634999990463257,-0.04017252165737695,0.0008227956782778761,0.0009341114240036385,0.0009367141107237968,0.005783148807752624,0.015201111306545875,0.01962348429345943,0.03507096978677131,0.06058718282526817
2025-06-10 00:00:00+00:00,3.532999992370605,-0.02846174214435271,0.0016138314963124198,0.002436627174590289,0.0025479429203160704,0.0026075668874621233,0.007860294560195458,0.020632393718789468,0.03198076833288266,0.06219532028169366
2025-06-11 00:00:00+00:00,3.506999969482422,-0.007386403761404869,0.0008100707658916231,0.0024239022622040357,0.0032466979404819243,0.003360616372927833,0.008207051069956669,0.021080924443415593,0.023555938201923338,0.05717714542968241
2025-06-12 00:00:00+00:00,3.492000102996826,-0.004286294983699701,5.4558960526496e-05,0.000864629726418112,0.002478461222730544,0.0034125726467341823,0.003472196613880244,0.017679572529276415,0.023308913968531835,0.05288656813403282
2025-06-13 00:00:00+00:00,3.5810000896453857,0.025167448577475993,1.837232468728922e-05,7.293128521377806e-05,0.0008830020511054135,0.0033196292256957023,0.0034335476581416197,0.008743296611300867,0.022120317840877233,0.0525852858879266
2025-06-16 00:00:00+00:00,3.747999906539917,0.04558022339027423,0.0006334004678998984,0.0006517727925871805,0.0007063317531136889,0.003130234015317725,0.004064345439321371,0.008913382823070352,0.022148796237794744,0.05119597628278639
2025-06-17 00:00:00+00:00,3.8510000705718994,0.027110533718187835,0.0020775567643073023,0.0027109572322071935,0.002729329556894495,0.0035939592833126076,0.006030586457902905,0.0062015261707747335,0.023864812960836552,0.051468323525217914
2025-06-18 00:00:00+00:00,3.989000082015991,0.03520772032543351,0.0007349810384849995,0.0028125378027922944,0.0034459382706922056,0.0035188695559059836,0.005942771818110029,0.00687948592883382,0.021143883124655878,0.05170667933863137
2025-06-20 00:00:00+00:00,3.846999883651733,-0.03624699995754699,0.001239583570513944,0.0019745646089989366,0.004052121373306251,0.004703894165893431,0.005568523892311553,0.008116466812627617,0.013428818452506984,0.05233061230265113
2025-06-23 00:00:00+00:00,3.697999954223633,-0.03950147294001116,0.0013138450059224113,0.0025534285764363483,0.0032884096149213603,0.005999366847128554,0.006072298132342341,0.00931899607282426,0.014279349202298982,0.051653962428696534
2025-06-24 00:00:00+00:00,3.5369999408721924,-0.04451322707984451,0.001560366364430434,0.0028742113703528385,0.004113794940866795,0.0069263327436590895,0.007578105536246278,0.010056566758976818,0.011050302150126496,0.053149669625470894
2025-06-25 00:00:00+00:00,3.4059998989105225,-0.037740340945733086,0.0019814273850618023,0.0035417937494922292,0.004855638755414653,0.0068302033644135896,0.009541160596620791,0.0104241626477262,0.012974708254762385,0.052108815776755066
2025-06-26 00:00:00+00:00,3.260999917984009,-0.04350468090405579,0.0014243333347001774,0.003405760719761973,0.004966127084192419,0.007519555660628768,0.010332093463421071,0.011038425216534755,0.014396438902742415,0.05192884383475678
2025-06-27 00:00:00+00:00,3.739000082015991,0.13678434627363356,0.0018926572605637167,0.0033169905952638874,0.005298417980325702,0.00817262935067854,0.010147193959677486,0.012876523516571975,0.016177780417580362,0.0538214258652112
2025-06-30 00:00:00+00:00,3.4560000896453857,-0.07870634104938357,0.01870995738550529,0.020602614646069,0.02202694798076919,0.02556874173026142,0.028122170306697773,0.031568108577389974,0.034064942124807776,0.07064519535439541
2025-07-01 00:00:00+00:00,3.414999961853028,-0.011934395028530442,0.0061946881213818805,0.024904645506887164,0.026797302767450893,0.030203063487212866,0.03307727485756572,0.037129396230871956,0.03864579874987724,0.07540054338258581
2025-07-02 00:00:00+00:00,3.48799991607666,0.021151000133805553,0.00014242978469701214,0.006337117906078885,0.02504707529158419,0.028364065886848075,0.031905859636340315,0.03519426925126167,0.03797815776868263,0.07547302981765804
2025-07-03 00:00:00+00:00,3.4089999198913574,-0.022909512329538417,0.0004473648066602425,0.0005897945913572477,0.006784482712739142,0.027387097358808142,0.030792858078570125,0.03490665301943691,0.03837096361481637,0.07121636167411721
2025-07-04 00:00:00+00:00,3.38700008392334,-0.006474371042894722,0.0005248457551772727,0.0009722105618375083,0.0011146403465345342,0.026019285853421698,0.029336276448685594,0.03419191520410024,0.03887743704530636,0.06250630653244353
2025-07-07 00:00:00+00:00,3.4119999408721924,0.007354013686354133,4.191748040107369e-05,0.0005667632355783395,0.0010141280422385959,0.007351245948317482,0.027953860594386492,0.032919987678578906,0.03828595405780753,0.062246640818926606
2025-07-08 00:00:00+00:00,3.3399999141693115,-0.021327831009265497,5.40815172990839e-05,9.599899770015066e-05,0.0006208447528774372,0.001210639344234685,0.026115284851121856,0.03141370283144755,0.03626247881079931,0.0610937538838838
2025-07-09 00:00:00+00:00,3.21399998664856,-0.038454518129627635,0.0004548763755597869,0.0005089578928588639,0.0005508753732599514,0.0015230859350974597,0.007860203841176352,0.02988715182194554,0.0359823741478741,0.060943708188461204
2025-07-10 00:00:00+00:00,3.336999893188477,0.03755590459981839,0.0014787499645818605,0.0019336263401416405,0.0019877078574407382,0.0025544710930190777,0.0031442656843763323,0.029941568451827223,0.036221540541942016,0.062060918111777566
2025-07-11 00:00:00+00:00,3.313999891281128,-0.006916281562554083,0.0014104459703106601,0.002889195934892514,0.0033440723104523145,0.003440071308152465,0.00441228186998998,0.029459357161574162,0.03631814150633027,0.060015453207422555
2025-07-14 00:00:00+00:00,3.4660000801086426,0.04484532820768661,4.783495065252555e-05,0.0014582809209631787,0.0029370308855450533,0.003445988778403917,0.004012752013982264,0.0107972347267214,0.034805610092552355,0.05110863991541224
2025-07-15 00:00:00+00:00,3.5230000019073486,0.01631168549437856,0.002011103462055132,0.0020589384127076508,0.003469384383018325,0.005403010723159966,0.0054990097208601225,0.00661365006739465,0.03483528616954569,0.05265642912133696
2025-07-16 00:00:00+00:00,3.5510001182556152,0.007916387362510768,0.00026607108366751985,0.002277174545722645,0.0023250094963751843,0.005214205431267698,0.005723163324126569,0.006737291366365157,0.03367702391851303,0.04813308678840156
2025-07-17 00:00:00+00:00,3.5420000553131104,-0.0025377322860191676,6.26691888733202e-05,0.0003287402725408331,0.002339843734595979,0.003798124655559158,0.0057317509957008055,0.006352595748578236,0.03184703584682263,0.04813873469684896
2025-07-18 00:00:00+00:00,3.565000057220459,0.00647251493988743,6.44008515550407e-06,6.910927402881733e-05,0.0003351803576963511,0.0023941187704040016,0.0052833147052965225,0.005834190078556466,0.013143518546472848,0.048142572095284324
2025-07-21 00:00:00+00:00,3.325000047683716,-0.06969438146809415,4.189344964706599e-05,4.8333534802563115e-05,0.0001110027236758972,0.002388177269398542,0.0038464581903617278,0.005834166047802459,0.006990723874738033,0.048073149799205614
2025-07-22 00:00:00+00:00,3.252000093460083,-0.02219946802395789,0.004857306808220225,0.004899200257867284,0.004905640343022801,0.005234380615563635,0.007293319028271293,0.0106373913387236,0.011705600898261247,0.05210766092914797
2025-07-23 00:00:00+00:00,3.07699990272522,-0.05531515569843548,0.0004928163805467289,0.0053501231887669465,0.005392016638414026,0.005461125912442843,0.007738300458165495,0.010675331343710542,0.011751052472147732,0.05098664581338228
2025-07-24 00:00:00+00:00,3.094000101089477,0.005509720097228943,0.0030597664499421593,0.0035525828304888802,0.00840988963870912,0.008458223173511682,0.008786963446052523,0.01225634782907084,0.01428597316691262,0.05323634149743282
2025-07-25 00:00:00+00:00,3.109999895095825,0.0051579076362762155,3.0357015549808512e-05,0.00309012346549196,0.0035829398460387033,0.008482140103905987,0.00855124937793481,0.010876258874309989,0.014274412702061354,0.05321213955245613
2025-07-28 00:00:00+00:00,2.98799991607666,-0.04001845327611964,2.6604011184356495e-05,5.6961026734157205e-05,0.0031167274766763313,0.008466850665443278,0.008515184200245848,0.01085502793484182,0.014246935195946626,0.05322037123895319
2025-07-29 00:00:00+00:00,3.0810000896453857,0.030650009526951738,0.0016014766026129705,0.0016280806137973192,0.0016584376293471423,0.005211020459836023,0.010110220717703313,0.010445401075399657,0.015393535422999809,0.054188447373666265
2025-07-30 00:00:00+00:00,3.0450000762939453,-0.011753322493385454,0.0009394230840022324,0.002540899686615195,0.002567503697799566,0.005657627163291526,0.01100775035205848,0.01111875307573437,0.01485420854242018,0.0530503136933612
2025-07-31 00:00:00+00:00,3.1059999465942383,0.01983478131476657,0.00013814058963352048,0.001077563673635745,0.00267904027624873,0.0027360013029828875,0.006288584133471775,0.01119422447649457,0.013581903161743042,0.05245347324450972
2025-08-01 00:00:00+00:00,3.0829999446868896,-0.007432576569423199,0.00039341854980461306,0.0005315591394381258,0.0014709822234403728,0.003099062837237692,0.00618918630272966,0.011581202941143679,0.013927486760895127,0.051607308223800386
2025-08-04 00:00:00+00:00,2.931999921798706,-0.050218373609937084,5.5243194460338734e-05,0.000448661744264944,0.0005868023338984792,0.003127702020513674,0.0031846630472478392,0.011594552685956952,0.011971626493300335,0.050348706412338316
2025-08-05 00:00:00+00:00,3.009999990463257,0.026255318239681857,0.002521885048027225,0.0025771282424875562,0.002970546792292184,0.004048110465927929,0.0056761910797252565,0.009259130925763952,0.014227440457660041,0.05131022509593511
2025-08-06 00:00:00+00:00,3.07699990272522,0.02201498913396005,0.0006893417358669709,0.0032112267838941885,0.0032664699783545416,0.0037980291177926676,0.00633892880440787,0.009455656281084194,0.014854113004653691,0.05001813944674027
2025-08-07 00:00:00+00:00,3.066999912261963,-0.0032552082013970196,0.0004846597465683791,0.0011740014824353421,0.003695886530462582,0.004144548274727526,0.005222111948363279,0.006880549577710416,0.015332332666066565,0.04907846585860848
2025-08-08 00:00:00+00:00,2.990000009536743,-0.025426465932852915,1.0596380434442419e-05,0.0004952561270028137,0.0011845978628697994,0.003761726105357355,0.004293285244795489,0.0068607889425950485,0.015301035596853942,0.0471964049784792
2025-08-11 00:00:00+00:00,2.9539999961853027,-0.01211320777431979,0.0006465051698345299,0.0006571015502689645,0.0011417612968373583,0.004352988080731547,0.004801649824996498,0.007480690101245223,0.011090233958468247,0.02913295276280844
2025-08-12 00:00:00+00:00,2.808000087738037,-0.050687665408517546,0.00014672980258384138,0.0007932349724183635,0.0008038313528528206,0.001977832835288163,0.0045549610777757266,0.0060259433012160935,0.01074414738050536,0.023084994444010402
2025-08-13 00:00:00+00:00,2.828000068664551,0.007097254905273465,0.002569239424565826,0.0027159692271496597,0.0033624743969842045,0.003857730523987018,0.007068957307881214,0.007655759641779687,0.010253620355129028,0.025511804083879215
2025-08-14 00:00:00+00:00,2.8410000801086426,0.004586358754812947,5.0371027190428256e-05,0.0026196104517562466,0.0027663402543401027,0.003423441804609067,0.0045974432870444166,0.007567990079336596,0.010273634366769648,0.025114810304409402
2025-08-15 00:00:00+00:00,2.9159998893737797,0.026056645139359347,2.1034686627849364e-05,7.140571381826982e-05,0.0026406451383841107,0.0034338801108024742,0.003929136237805296,0.007195606216159832,0.01026806504221314,0.02461099923585998
2025-08-18 00:00:00+00:00,2.890000104904175,-0.008956237785387122,0.0006789487559184991,0.0006999834425463407,0.0007503544697367836,0.0034663236968864434,0.004123425247155416,0.007819311777617991,0.009345537195518668,0.025248030511377403
2025-08-19 00:00:00+00:00,2.7660000324249268,-0.04385429345811831,8.021419526839602e-05,0.0007591629511868874,0.0007801976378147514,0.003399808089570998,0.004193043061989369,0.005377640924859163,0.008486328306784831,0.025274163189346714
2025-08-20 00:00:00+00:00,2.752000093460083,-0.005074290933361647,0.0019231990547107583,0.0020034132499791467,0.0026823620058976606,0.00275376771971593,0.005469736946865598,0.00661149824370295,0.01027138677186207,0.026742485868497687
2025-08-21 00:00:00+00:00,2.825999975204468,0.026534321456379573,2.5748428476396214e-05,0.0019489474831871467,0.0020291616784555576,0.0027291451210018983,0.005348755572758153,0.006152586925610967,0.009903716650533852,0.025289484332392222
2025-08-22 00:00:00+00:00,2.697999954223633,-0.04635153466947617,0.0007040702151504853,0.0007298186436268737,0.002653017698337647,0.003412180649524534,0.003483586363342812,0.006846060760327011,0.010552543671224,0.02458310857723205
2025-08-25 00:00:00+00:00,2.696000099182129,-0.0007415109801025555,0.0021484647662156514,0.002852534981366129,0.00287828340984254,0.0048816966598216865,0.0055816801023680345,0.008348020356708131,0.010179123389412428,0.026683738392795177
2025-08-26 00:00:00+00:00,2.7170000076293945,0.007759103413548796,5.498385336126524e-07,0.002149014604749256,0.0028530848198997562,0.004802032303086904,0.005561195254273798,0.008201840392657903,0.009490331492079068,0.024673184769273653
2025-08-27 00:00:00+00:00,2.867000102996826,0.05373788957394798,6.020368578214457e-05,6.075352431574942e-05,0.0022092182905314155,0.0029390369341582893,0.004942450184137443,0.0056928046538742205,0.009065875431292832,0.024467317371388277
2025-08-28 00:00:00+00:00,2.944000005722046,0.026502979984079245,0.0028877607758618275,0.0029479644616439643,0.0029485143001775917,0.005801049281543721,0.007749996764730874,0.00853019440254562,0.011943039826720217,0.02729240895837679
2025-08-29 00:00:00+00:00,2.996999979019165,0.01784257852365445,0.000702407948036505,0.003590168723898325,0.0036503724096804842,0.00579938701442974,0.006529205658056622,0.009211567663954276,0.011998942604922194,0.02798837682125779
2025-09-02 00:00:00+00:00,3.009000062942505,0.003996037232074867,0.000318357608372775,0.0010207655564092723,0.003908526332271114,0.003969279856586865,0.006821814837953,0.008850976516408551,0.012170570410711127,0.028264840979983497
2025-09-03 00:00:00+00:00,3.063999891281128,0.01811339782969479,1.5968313560128566e-05,0.0003343259219328958,0.0010367338699694155,0.00398469833161338,0.006133712936362643,0.008786730634700285,0.009617299299705428,0.0234235024853234
2025-09-04 00:00:00+00:00,3.0739998817443848,0.003258390251098753,0.00032809518093679184,0.00034406349449691263,0.0006624211028697024,0.004252589826768028,0.004313343351083784,0.007191626760926318,0.009895023453451793,0.023258781285713463
2025-09-05 00:00:00+00:00,3.0480000972747803,-0.008493936908084976,1.0617107028455394e-05,0.00033871228796523946,0.0003546806015253828,0.0013754461579346554,0.004323410619578627,0.007176495439478377,0.009884605873852398,0.020209631942799757
2025-09-08 00:00:00+00:00,3.0899999141693115,0.013685393394034628,7.214696419852816e-05,8.276407122697574e-05,0.00041085925216378233,0.0007451851740966786,0.004335353897995011,0.0065445721885264195,0.009277804082132428,0.02025142189144848
2025-09-09 00:00:00+00:00,3.117000102996826,0.008699970696043557,0.00018728999234948664,0.00025943695654800697,0.00027005406357647713,0.0006141175580733902,0.0016348831144826698,0.004583397414660255,0.00938487987921352,0.02041210787261361
2025-09-10 00:00:00+00:00,3.0290000438690186,-0.028638487300671533,7.568949011201662e-05,0.00026297948246149544,0.0003351264466600383,0.0006738387346252782,0.0010081646565581815,0.0046585370662386594,0.007537370314614778,0.018886320760112655
2025-09-11 00:00:00+00:00,2.934000015258789,-0.03186586160663607,0.0008201629548707247,0.0008958524449827335,0.001083142437332235,0.0011659065085592112,0.001509970003056131,0.00541849633532724,0.008331784841009104,0.018767060630981148
2025-09-12 00:00:00+00:00,2.940999984741211,0.0023829694620904895,0.0010154331359332827,0.0018355960908039996,0.001911285580916031,0.0021707225374640385,0.0025094348254292853,0.003546168695398695,0.008643147761791902,0.019644353177280912
2025-09-15 00:00:00+00:00,3.0429999828338623,0.034094210890086796,5.678543457255837e-06,0.0010211116793905307,0.0018412746342612702,0.002104254116722766,0.0021870181879497493,0.0028494392908194454,0.006500361539033508,0.01925661317093355
2025-09-16 00:00:00+00:00,3.1029999256134038,0.019525496220120564,0.001162415216217713,0.001168093759674961,0.0021835268956082584,0.003079379340590992,0.0033388162971390066,0.0036934968986643835,0.0076622269167176075,0.020363785192690928
2025-09-17 00:00:00+00:00,3.0999999046325684,-0.0009672807663532179,0.00038124500264194244,0.0015436602188596475,0.0015493387623169183,0.003384934853120918,0.003647914335582421,0.004058773587746197,0.007983268233577406,0.018223145147305643
2025-09-18 00:00:00+00:00,2.938999891281128,-0.05333273028242336,9.356320809568686e-07,0.0003821806347228915,0.0015445958509406191,0.0025657075303311505,0.003461559975313891,0.0037316140388903626,0.005096443089796536,0.01753473904351963
2025-09-19 00:00:00+00:00,2.888000011444092,-0.01750512545177374,0.0028443801193777174,0.0028453157514586663,0.003226560754100624,0.004394654513775585,0.006230250604579592,0.006565377051239624,0.0072384152611377475,0.019894459416328968
2025-09-22 00:00:00+00:00,2.805999994277954,-0.028804245352164415,0.00030642941708233676,0.0031508095364600466,0.003151745168541018,0.004695405387400666,0.0057165170667912045,0.0067996595041234335,0.0072264870698473095,0.020190292452976863
2025-09-23 00:00:00+00:00,2.8529999256134038,0.016611066517196793,0.0008296845503076853,0.0011361139673900142,0.003980494086767747,0.0043626747214906385,0.0055307684811656075,0.0074420540620816315,0.008040203306594867,0.020373471833450018
2025-09-24 00:00:00+00:00,2.8580000400543213,0.0017510473642357027,0.0002759275308387364,0.001105612081146414,0.0014120414982287653,0.004257357249687433,0.005801017468547088,0.007642292102808351,0.007988035656496811,0.020502669561704913
2025-09-25 00:00:00+00:00,2.9040000438690186,0.015967018546477307,3.066166871796802e-06,0.00027899369771052537,0.0011086782480182254,0.004259487784478272,0.004641668419201171,0.006825195314809423,0.007980484716340153,0.017936496304010882
2025-09-26 00:00:00+00:00,2.8350000381469727,-0.024047161433523367,0.0002549456812635503,0.0002580118481353393,0.0005339393789740904,0.001670053346364105,0.0045153690978227785,0.006064707860139691,0.008163283433405175,0.018141070958084007
2025-09-29 00:00:00+00:00,3.2669999599456787,0.1418301697232196,0.0005782659730099336,0.000833211654273476,0.0008362778211452876,0.0019418899022917019,0.005092699438751755,0.006637295289692369,0.00855425941406562,0.01869830224446609
2025-09-30 00:00:00+00:00,3.302999973297119,0.010959017965562978,0.020115797043717278,0.0206940630167272,0.020949008697990767,0.021228002395701294,0.022364116363091317,0.025590677117191932,0.028594366967670884,0.038135150532264864
2025-10-01 00:00:00+00:00,3.4760000705718994,0.051051089381543235,0.00012010007476953212,0.0202358971184868,0.020814163091496748,0.02107217493963209,0.022177787020778512,0.025329532189319524,0.027894304087569693,0.038175036411766006
2025-10-02 00:00:00+00:00,3.441999912261963,-0.009829555406839274,0.0026062137270423166,0.0027263138018118385,0.02284211084552913,0.023675322499802608,0.02395431619751314,0.02793481028428088,0.029485084678678726,0.03885805108409757
2025-10-03 00:00:00+00:00,3.3239998817443848,-0.03488383088202118,9.662015949612321e-05,0.0027028338865384294,0.002822933961307979,0.023516996978035182,0.023775008826170528,0.025187050324399288,0.02957602629471759,0.03892892281511729
2025-10-06 00:00:00+00:00,3.3570001125335693,0.009878910103058525,0.0012168816570054548,0.0013135018165015677,0.0039197155435439016,0.024155612662030704,0.024988824316304187,0.026097502564322406,0.029630492735505335,0.03944173425697226
2025-10-07 00:00:00+00:00,3.497999906539917,0.04114359835830017,9.75928648243118e-05,0.0013144745218297562,0.0014110946813258968,0.0041374084831377386,0.024831471499864952,0.025365410878839034,0.029346840597687704,0.037390862355580916
2025-10-08 00:00:00+00:00,3.3329999446868896,-0.04831856714825178,0.0016927956858691206,0.001790388550693422,0.003007270207698894,0.005710104094237327,0.025946001212724137,0.026782279033869417,0.03103870065147587,0.039083108202916425
2025-10-09 00:00:00+00:00,3.2690000534057617,-0.019388638650903012,0.002334683931260116,0.004027479617129227,0.004125072481953556,0.005438574298455127,0.008164888100266976,0.029113896798257738,0.030529004463358267,0.0413575884483944
2025-10-10 00:00:00+00:00,3.1059999465942383,-0.05114843654699719,0.00037591930873529016,0.0027106032399953957,0.0044033989258645346,0.005717873447694294,0.008420707334232733,0.029234870425729476,0.030598494355011222,0.03884574698126786
2025-10-13 00:00:00+00:00,3.118000030517578,0.003856072891024187,0.0026161625612021976,0.0029920818699374773,0.005326765801197611,0.007117154351891036,0.008430656168392614,0.03127276701392174,0.032384972365905734,0.040759501594433555
2025-10-14 00:00:00+00:00,3.0280001163482666,-0.029289406423801845,1.4869298140891631e-05,0.0026310318593430787,0.003006951168078386,0.007034430785207616,0.008348905307037384,0.011171839268345356,0.032123914133207886,0.04045601328420167
2025-10-15 00:00:00+00:00,3.0160000324249268,-0.003970913102651963,0.0008578693286586448,0.0008727386267995261,0.003488901188001741,0.006199504427997141,0.007989892978690573,0.011909608522234468,0.032978717294994735,0.04129791429930019
2025-10-16 00:00:00+00:00,2.937999963760376,-0.026202395479788088,1.5768150868813037e-05,0.0008736374795274475,0.0008885067776683564,0.0038805886476058374,0.007908068264735075,0.009319162946060965,0.0327395397646,0.04098558726923221
2025-10-17 00:00:00+00:00,3.007999897003174,0.023546306429734765,0.0006865655288792192,0.0007023336797480218,0.0015602030084066838,0.004191234867749766,0.006901838107745173,0.00990910831544406,0.03284783932046929,0.041661535691082975
2025-10-20 00:00:00+00:00,3.3970000743865967,0.12161733922955231,0.0005544285464829687,0.0012409940753621775,0.0012567622262310077,0.002129500853030537,0.005121582722968025,0.009246655204921574,0.013286470823234973,0.04214381727336741
2025-10-21 00:00:00+00:00,3.4739999771118164,0.02241395015431058,0.014790777201276004,0.015345205747758963,0.0160317712766382,0.01690540875616565,0.01953644061550874,0.023939839541373267,0.027957147949741447,0.05674730448229393
2025-10-22 00:00:00+00:00,3.450000047683716,-0.006932416365854399,0.0005023851615199192,0.015293162362795914,0.0158475909092789,0.01654992458902692,0.017422663215826462,0.022749429017024064,0.025853319384219045,0.05717400015370183
2025-10-23 00:00:00+00:00,3.344000101089477,-0.03120651941207364,4.8058396669565914e-05,0.0005504435581894747,0.015341220759465497,0.016582214834827674,0.017455852314355137,0.020462803482433515,0.02580475762139249,0.05640189559550068
2025-10-24 00:00:00+00:00,3.303999900817871,-0.012033899812634363,0.000973846853816129,0.0010219052504856845,0.0015242904120056212,0.016869496159764585,0.01757182983951262,0.021060731027514355,0.025561722818203163,0.056360309313383525
2025-10-27 00:00:00+00:00,3.441999912261963,0.04091884665899692,0.00014481474470052135,0.0011186615985166399,0.0011667199951862234,0.01645988235798214,0.017700876433344327,0.018589383211012677,0.025608944698079374,0.05649944551462678
2025-10-28 00:00:00+00:00,3.345000028610229,-0.028585970165599495,0.0016743520119025036,0.0018191667566030147,0.002793013610419161,0.003343457168608639,0.018688662916367612,0.02024886592477429,0.02559050102411276,0.057011382310311574
2025-10-29 00:00:00+00:00,3.375999927520752,0.009224853131414301,0.0008171576903085444,0.002491509702211038,0.002636324446911576,0.0036582296973972643,0.018951392060193188,0.02020815428642419,0.024072974783161182,0.057447294997978175
2025-10-30 00:00:00+00:00,3.9560000896453857,0.15854188115633971,8.509791529616423e-05,0.0009022556056046984,0.0025766076175072193,0.0036952692160238626,0.004245712774213349,0.02027748405085154,0.023782153389722057,0.05753145728119338
2025-10-31 00:00:00+00:00,4.124000072479248,0.041590147308622205,0.025135528080590944,0.0252206259958871,0.02603778368619566,0.027856950442798678,0.028878855693284376,0.044726446602563266,0.0463015189091108,0.07982260524240661
2025-11-03 00:00:00+00:00,4.265999794006348,0.03385298803214987,0.001729740353152895,0.02686526843374383,0.026950366349040012,0.029441876051251054,0.030560537649767704,0.0459017584092332,0.04801638996412281,0.08124591617847716
2025-11-04 00:00:00+00:00,4.3429999351501465,0.01788876685879326,0.001146024798704882,0.0028757651518577666,0.028011293232448727,0.02891354883805343,0.030732715594656457,0.03225700600666207,0.048304545434169045,0.08156225642687437
2025-11-05 00:00:00+00:00,4.23199987411499,-0.02589067381063126,0.00032000797972826003,0.0014660327784331317,0.003195773131586044,0.028416399127473145,0.030907908829684194,0.032074628824870416,0.04860878526302849,0.0816063368757639
2025-11-06 00:00:00+00:00,4.35699987411499,0.029109053432703202,0.0006703269903685074,0.000990334970096757,0.0021363597688016565,0.02900162820254549,0.0299038838081502,0.03269689741856935,0.04859254672451778,0.0822735976992606
2025-11-07 00:00:00+00:00,4.315000057220459,-0.009686380446499943,0.0008473369917479701,0.001517663982116467,0.0018376719618447444,0.004713437113702514,0.029934063109589622,0.03257038755650119,0.048885455169782786,0.08286598900974501
2025-11-10 00:00:00+00:00,4.3379998207092285,0.005316033278182086,9.382596615433643e-05,0.0009411629579022961,0.0016114899482708208,0.003077522726703956,0.029942791160447794,0.032519398777955004,0.034188503934661114,0.08238154900288942
2025-11-11 00:00:00+00:00,4.565000057220459,0.051005155507136024,2.8260209814739378e-05,0.0001220861759690654,0.0009694231677170528,0.0019597581378138136,0.00483552328967159,0.030873306975867244,0.033714378982955935,0.06229401216898689
2025-11-12 00:00:00+00:00,4.5329999923706055,-0.007034556305900219,0.0026015258883071283,0.0026297860981218573,0.002723612064276211,0.004241276046392682,0.0057073088248258234,0.03265767517386583,0.036267846474593496,0.06477543798252448
2025-11-13 00:00:00+00:00,4.645999908447266,0.024622644366872226,4.9484982420880536e-05,0.0026510108707279985,0.002679271080542755,0.003620434038445055,0.004610769008541822,0.03262206224099054,0.03534348460319824,0.06221870923790304
2025-11-14 00:00:00+00:00,4.565999984741211,-0.017369069876730814,0.0006062746156174645,0.0006557595980383347,0.0032572854863454803,0.0033793716623145495,0.004897035644431027,0.008092808776017063,0.0358049444741152,0.06272836369402439
2025-11-17 00:00:00+00:00,4.361000061035156,-0.04593614190946682,0.00030168458838275775,0.0009079592040002119,0.0009574441864211098,0.0035872302845429706,0.004528393242445277,0.006664753011246927,0.03443227705059545,0.06181316662540169
2025-11-18 00:00:00+00:00,4.370999813079834,0.0022903702611605237,0.002110129133526674,0.0024118137219094216,0.0030180883375269035,0.005669099208254905,0.0057911853842239815,0.007628857346068719,0.035725248493813574,0.06382570289410405
2025-11-19 00:00:00+00:00,4.550000190734863,0.04013550176513947,5.245795933208525e-06,0.0021153749294598725,0.0024170595178426477,0.003072819115880986,0.005702605214002853,0.007314095162273667,0.03564539637445062,0.06213815300416814
2025-11-20 00:00:00+00:00,4.473999977111816,-0.016844416930491546,0.0016108585019395136,0.0016161042978727117,0.003726233431399403,0.004634192635399619,0.007285203506127628,0.008254626673844674,0.01212072679579919,0.06141432757484754
2025-11-21 00:00:00+00:00,4.579999923706055,0.023416123515910048,0.00028373438172823025,0.0018945928836677335,0.0018998386796009593,0.004311652401510384,0.004967411999548729,0.0076910240638249335,0.010674720824374526,0.06132214264784048
2025-11-24 00:00:00+00:00,4.548999786376953,-0.0067915998406020694,0.0005483148405123555,0.0008320492222405754,0.0024429077241801063,0.004558282653639983,0.005466241857640205,0.008145512938182952,0.010077010866181998,0.05925429492715063
2025-11-25 00:00:00+00:00,4.423999786376953,-0.027863165694699488,4.612582839486605e-05,0.0005944406689072112,0.0008781750506354589,0.002494279348508174,0.004906093070417606,0.008163378556763079,0.009803128714848605,0.05928555145740461
2025-11-26 00:00:00+00:00,4.558000087738037,0.0298397341400074,0.0007763560025302784,0.000822481830925134,0.0013707966714375068,0.0032653895551052435,0.005380764484565127,0.00633820867098623,0.009909157727010376,0.05920403813127625
2025-11-28 00:00:00+00:00,4.849999904632568,0.062094735213271024,0.0008904097335463233,0.0016667657360765913,0.0017128915644714746,0.0025449407867120535,0.004161045084584775,0.007179133422111672,0.009952230468808729,0.06007867971395375
2025-12-01 00:00:00+00:00,4.921000003814697,0.014533077373024783,0.0038557561412062404,0.0047461658747525535,0.005522521877282849,0.006116962546190064,0.008011555429857807,0.010428614947700449,0.013714160643860633,0.06324787032628078
2025-12-02 00:00:00+00:00,4.840000152587891,-0.016597010404064916,0.00021121033793032492,0.004066966479136555,0.004957376212682895,0.0057798580436080335,0.0066119072658486185,0.010338140697248015,0.01389711077197622,0.06290465211772814
2025-12-03 00:00:00+00:00,4.994999885559082,0.03152263693445834,0.00027546075435263905,0.00048667109228295357,0.004342427233489212,0.006009192969565806,0.006603633638473028,0.00850347231807398,0.011571045638021728,0.048389335670804764
2025-12-04 00:00:00+00:00,5.063000202178955,0.013521843730989191,0.000993676639301677,0.0012691373936543056,0.0014803477315846474,0.006226513606337205,0.0070489954372623485,0.009491903161442447,0.012515237294902526,0.04888062714858653
2025-12-05 00:00:00+00:00,5.289000034332275,0.043669965654691945,0.00018284025788529168,0.0011765168971869583,0.0014519776515396143,0.005518944130676173,0.007185709866752775,0.008063884917388226,0.012091802937170352,0.049015409009802245
2025-12-08 00:00:00+00:00,4.912000179290772,-0.07394797122969798,0.001907065900281974,0.002089906158167255,0.003083582797468949,0.0035702538897519065,0.00831641976450447,0.00968721643594197,0.013697184249069568,0.049948628056268096
2025-12-09 00:00:00+00:00,4.573999881744385,-0.07129315759868904,0.005468302448988241,0.007375368349270205,0.007558208607155514,0.008827346000809822,0.01289431247994639,0.014607204044417857,0.017055357564531137,0.055272115760555816
2025-12-10 00:00:00+00:00,4.59499979019165,0.00458064040079198,0.005082714320391512,0.010551016769379742,0.012458082669661735,0.013634599566848695,0.01412127065913166,0.019643792536414503,0.02213282608898944,0.05868047806904483
2025-12-11 00:00:00+00:00,4.230999946594238,-0.08253035103206918,2.098226648136771e-05,0.0051036965868728685,0.010571999035861127,0.012661905194028386,0.013931042587682704,0.01888841880036559,0.020542949853531296,0.05788430264521765
2025-12-12 00:00:00+00:00,4.11299991607666,-0.02828569027156247,0.006811258841476563,0.006832241107957919,0.011914955428349448,0.019290323777619658,0.020466840674806627,0.02480926790829583,0.027070474313279625,0.06461046357139805
2025-12-15 00:00:00+00:00,4.01200008392334,-0.024862777826106797,0.0008000802741387637,0.007611339115615315,0.0076323213820967,0.01818333815147645,0.020273244309643713,0.021753592041228356,0.027322239746906035,0.04027501576494587
2025-12-16 00:00:00+00:00,3.885999917984009,-0.031909561168026235,0.0006181577212303478,0.0014182379953691002,0.00822949683684568,0.013333193423718553,0.020708561772988767,0.022160539424528378,0.02789427163974152,0.03916343313302332
2025-12-17 00:00:00+00:00,4.02400016784668,0.03489614465909541,0.0010182200939360079,0.0016363778151663444,0.0024364580893051256,0.00926869919726305,0.019819715966642802,0.022903298764111745,0.028136135731147243,0.03903562842825445
2025-12-18 00:00:00+00:00,3.9079999923706055,-0.0292507422805528,0.0012177409120685129,0.0022359610060045092,0.002854118727234875,0.010465457842850195,0.015569154429723075,0.02312736303687858,0.028463466909669433,0.0399333613605947
2025-12-19 00:00:00+00:00,3.983999967575073,0.019260599355278796,0.0008556059239633192,0.002073346836031821,0.0030915669299678462,0.004509804925336951,0.01134204603329488,0.02380012870295661,0.025463316692426515,0.04011864029418951
2025-12-22 00:00:00+00:00,3.964999914169312,-0.004780498143837741,0.00037097068752456596,0.0012265766114878738,0.0024443175235564045,0.0040806953387227535,0.01169203445433808,0.022264033490199203,0.025623077042020756,0.0396422739899661
2025-12-23 00:00:00+00:00,4.4079999923706055,0.10591523668007996,2.285316250323609e-05,0.0003938238500277908,0.0012494297739911273,0.003485390779995642,0.0049036287753647535,0.016818584203714196,0.025370469450171355,0.039571301186315
2025-12-24 00:00:00+00:00,4.242000102996826,-0.0383861896970652,0.011218037360997355,0.01124089052350058,0.011611861211025164,0.01368520804705699,0.015321585862223345,0.02295390724432004,0.03559483017186703,0.05076107833749762
2025-12-26 00:00:00+00:00,4.366000175476074,0.028812417896506126,0.0014734995594590744,0.012691536920456417,0.012714390082959671,0.01394096669444755,0.016176927700452072,0.024406424537297747,0.036885489473440815,0.049633052008649564
2025-12-29 00:00:00+00:00,4.686999797821045,0.07094537748520868,0.0008301554250429065,0.0023036549845019687,0.013521692345499343,0.013915516195527137,0.01598886303155897,0.01842532112086409,0.035808578998201744,0.0504137224512716
2025-12-30 00:00:00+00:00,3.971999883651733,-0.16552295891364244,0.005033246586518755,0.005863402011561649,0.0073369015710207435,0.018577792094521327,0.019804368706009212,0.022658487433244084,0.035373523135732256,0.05484069442217288
2025-12-31 00:00:00+00:00,3.686000108718872,-0.07472782814810097,0.027397849927527362,0.032431096514046104,0.033261251939089034,0.04595278885954546,0.04634661270957326,0.0494381796395411,0.05768865874286811,0.08193685976131748
2026-01-02 00:00:00+00:00,3.618000030517578,-0.01862049333467941,0.005584248299732112,0.03298209822725946,0.03801534481377823,0.04031899979828021,0.0515598903217808,0.0540042078453372,0.06325192477611885,0.08541097892752292
2026-01-05 00:00:00+00:00,3.5230000019073486,-0.02660849550753408,0.0003467227720268404,0.005930971071758939,0.033328820999286315,0.039192223010847974,0.0518837599313044,0.05313318970529553,0.056787388706669134,0.08575245590361655
2026-01-06 00:00:00+00:00,3.3499999046325684,-0.05035258253141506,0.0007080120331744613,0.001054734805201288,0.006638983104933421,0.03907007961897953,0.04137373460348152,0.052985595814506674,0.056695320465704836,0.08484960943485151
2026-01-07 00:00:00+00:00,3.525000095367432,0.050920145949737705,0.0025353825675829647,0.0032433946007574123,0.0035901173727842734,0.036572215600043735,0.0424356176116054,0.055150007694565066,0.05861254531205745,0.08710125762070624
2026-01-08 00:00:00+00:00,3.407000064849853,-0.03404830560569505,0.0025928612635425894,0.005128243831125541,0.0058362558643000224,0.011767226936058969,0.04419832345010508,0.05772001579560442,0.060187186481664025,0.08914580404373647
2026-01-09 00:00:00+00:00,3.1689999103546143,-0.07241610529256914,0.001159287114618805,0.0037521483781613805,0.006287530945744366,0.00734226575094566,0.04032436397820514,0.047661265549225874,0.06012873268421432,0.09025896532996042
2026-01-12 00:00:00+00:00,3.4089999198913574,0.0730029172360458,0.005244092305744461,0.006403379420363252,0.008996240683905862,0.012239635284663281,0.018170606356422234,0.05143185829551126,0.06451721906599546,0.0947267016331746
2026-01-13 00:00:00+00:00,3.4189999103546143,0.0029291147807923856,0.005329425924972952,0.010573518230717399,0.011732805345336226,0.016861049176461772,0.017915783981663075,0.05593112879544131,0.06947567430344385,0.09916571782460122
2026-01-14 00:00:00+00:00,3.119999885559082,-0.09151511929578748,8.579713399056426e-06,0.005338005638371995,0.010582097944116476,0.014334246322277863,0.017577640923035293,0.05090646192232161,0.06946140085433967,0.09531854139679403
2026-01-15 00:00:00+00:00,3.128000020980835,0.0025608642488839095,0.008375017059722215,0.008383596773121258,0.013713022698094232,0.02011640211845749,0.02524464594958304,0.03188362905451646,0.06661838055306453,0.10348234811858592
2026-01-16 00:00:00+00:00,3.1029999256134038,-0.00802446789672695,6.55802570121175e-06,0.008381575085423414,0.008390154798822491,0.018963673029539895,0.02271582140770129,0.026305938780485556,0.06515143901930666,0.1032134453899345
2026-01-20 00:00:00+00:00,3.9070000648498535,0.23040047117754314,6.439208502560144e-05,7.095011072679931e-05,0.008445967170449037,0.013783972808821036,0.020187352229184302,0.026023608093484318,0.06438567567928936,0.10228416083565843
2026-01-21 00:00:00+00:00,4.875,0.22135027177850164,0.05308437711883389,0.053148769203859476,0.05315532722956071,0.061538924002681974,0.07211244223339938,0.07839997317914374,0.11243680621160448,0.155185697696607
2026-01-22 00:00:00+00:00,5.045000076293945,0.03427756447844654,0.04899594281641654,0.10208031993525041,0.10214471202027604,0.11052628710569945,0.11586429274407145,0.12486053342797732,0.13403489910049365,0.2022745746127416
2026-01-23 00:00:00+00:00,5.275000095367432,0.044581028513006826,0.0011749514265740602,0.05017089424299059,0.1032552713618245,0.1033262214725513,0.11170981824567257,0.1234426235910088,0.1296256022273356,0.1979812235903274
2026-01-26 00:00:00+00:00,6.800000190734863,0.2539439427900414,0.0019874681032775276,0.0031624195298515737,0.05215836234626814,0.10530713155012762,0.11368870663555104,0.12427080457966752,0.13126634755858632,0.19488597737321342
2026-01-27 00:00:00+00:00,6.953999996185303,0.0223943928058028,0.06448752607975182,0.06647499418302934,0.06764994560960341,0.16973026554485382,0.16980121565558065,0.18351423835367486,0.19504586160516368,0.2593525211864839
2026-01-28 00:00:00+00:00,7.460000038146973,0.07023838629209678,0.0005015088291405921,0.06498903490889239,0.06697650301216995,0.11714739725516053,0.17029616645902002,0.1786863212578425,0.1930119878667213,0.2530427711741479
2026-01-29 00:00:00+00:00,3.9179999828338623,-0.6439741041882081,0.004933430908917808,0.005434939738058387,0.06992246581781024,0.0730848853476618,0.17516520528291224,0.18361117245336128,0.19535255751209651,0.2571761218089269
2026-01-30 00:00:00+00:00,4.354000091552734,0.10551366869862888,0.41470264686500513,0.4196360777739229,0.42013758660306355,0.4866125807860929,0.5367834750290834,0.5899388022586443,0.6088959172624828,0.6712606109527017
2026-02-02 00:00:00+00:00,3.236999988555908,-0.296448012430919,0.011133134282244016,0.4258357811472491,0.430769212056167,0.4957582469650593,0.49892066649491096,0.6010653785151869,0.6147849592389824,0.6813755251410097
2026-02-03 00:00:00+00:00,3.311000108718872,0.022603319992062554,0.0878814240742423,0.09901455835648632,0.5137172052214914,0.5191521449595498,0.5856271391425791,0.6888824105044038,0.6973369573882517,0.7680392083031835
2026-02-04 00:00:00+00:00,3.4649999141693115,0.045462316470335606,0.0005109100746635747,0.08839233414890586,0.09952546843114989,0.5191615462050728,0.5841505811139652,0.6363089434602334,0.6978392877495162,0.7676945124538838
2026-02-05 00:00:00+00:00,3.509000062942505,0.012618506667420926,0.0020668222188489484,0.002577732293512523,0.09045915636775483,0.5162949375150039,0.5217298772530623,0.5893798228626658,0.691531092908643,0.7693903639852082
2026-02-06 00:00:00+00:00,3.421999931335449,-0.02510595913414404,0.00015922671051574636,0.0022260489293646946,0.0027369590040282553,0.10175151736051459,0.5213875951344376,0.5883640981466075,0.6916837615934575,0.7695267375332207
2026-02-09 00:00:00+00:00,3.138000011444092,-0.08663949744660271,0.0006303091840453106,0.0007895358945610569,0.0028563581134099913,0.09124869226231588,0.517084473409565,0.5870069392273752,0.6922496786924772,0.7589390093562686
2026-02-10 00:00:00+00:00,3.115000009536743,-0.007356502656807651,0.007506402517799877,0.008136711701845187,0.00829593841236092,0.010873670705873443,0.10988822906235977,0.5300258156654233,0.6466717040914431,0.7649719123146094
2026-02-11 00:00:00+00:00,3.1589999198913574,0.014026341160115363,5.411813133961803e-05,0.007560520649139495,0.00819082983318479,0.010416878762549486,0.09880921291145538,0.5295784249676223,0.5977298794063663,0.7641958750209061
2026-02-12 00:00:00+00:00,3.2170000076293945,0.01819375416738933,0.0001967382463399464,0.0002508563776795653,0.007757258895479427,0.008546794790040484,0.011124527083553007,0.5248417323050445,0.5967516662261322,0.7593593666807273
2026-02-13 00:00:00+00:00,3.243000030517578,0.00804958610699713,0.00033101269070339665,0.000527750937043344,0.0005818690683829463,0.008718580770228135,0.010944629699592829,0.11047009813074274,0.595095210813558,0.7322925294439033
2026-02-17 00:00:00+00:00,3.0309998989105225,-0.06760627201166436,6.479583649396122e-05,0.00039580852719735873,0.0005925467735372896,0.008153067422676784,0.008942603317237842,0.09940175968499267,0.5306724805703001,0.7267730769806652
2026-02-18 00:00:00+00:00,3.010999917984009,-0.006620342463000695,0.004570608015315151,0.0046354038518091134,0.0049664165425124945,0.00521727292019206,0.013353984622037247,0.01609094362606553,0.5347415797564747,0.7309969622239535
2026-02-19 00:00:00+00:00,2.996000051498413,-0.004994139416778731,4.3828934327410106e-05,0.004614436949642562,0.004679232786136508,0.005206983723179852,0.012767504372319346,0.015623862485729365,0.5298519777818844,0.7303327791251065
2026-02-20 00:00:00+00:00,3.046999931335449,0.01687939462440924,2.4941428514223004e-05,6.877036284163397e-05,0.004639378378156769,0.005035186905354128,0.005286043283033693,0.013581981695394641,0.11517427234539343,0.7278223379860377
2026-02-23 00:00:00+00:00,2.984999895095825,-0.020557765767651004,0.0002849139628865355,0.0003098553914007594,0.00035368432572815386,0.004989088177537267,0.005516839114580611,0.01370766894776543,0.10432605202603594,0.7255143906853816
2026-02-24 00:00:00+00:00,2.914999961853028,-0.0237299049847719,0.00042262173335760346,0.0007075356962441398,0.0007324771247583472,0.005346914074400909,0.005742722601598267,0.013499981497077722,0.01686724968515125,0.7247777253041204
2026-02-25 00:00:00+00:00,2.969000101089477,0.018355423113931568,0.0005631083905863022,0.0009857301239439066,0.0012706440868304266,0.0013394144496720604,0.005974818301481173,0.006556687369864148,0.016919448001073974,0.7200967413889623
2026-02-26 00:00:00+00:00,2.82699990272522,-0.04900918552768441,0.00033692155769145325,0.0009000299482777563,0.001322651681635344,0.0016325070730361037,0.006246944022678665,0.006839490796215984,0.01518954733991648,0.7151042370216808
2026-02-27 00:00:00+00:00,2.858999967575073,0.011255857696559124,0.0024019002660869908,0.002738821823778445,0.0033019302143647315,0.0040094659106088715,0.004078236273450504,0.009044652815963027,0.017432220895487724,0.7174975575743687
2026-03-02 00:00:00+00:00,2.9600000381469727,0.03471737922463758,0.00012669433248518926,0.002528594598572181,0.0028655161562636186,0.0038512462802075247,0.004161101671608284,0.008840334457744821,0.016928606043927603,0.7092492348471316
2026-03-03 00:00:00+00:00,3.053999900817871,0.03126289309684149,0.001205296420227297,0.001331990752712487,0.0037338910187994625,0.004633920967077218,0.0053414566633213575,0.009980835041478156,0.010627499946355022,0.7104479732416579
2026-03-04 00:00:00+00:00,2.9170000553131104,-0.04589646447238893,0.0009773684847845395,0.002182664905011837,0.002309359237497011,0.005048181061275456,0.006033911185219362,0.006387595510947544,0.011550750299799944,0.7113609496414167
2026-03-05 00:00:00+00:00,3.003000020980835,0.029056086139906068,0.0021064854510652593,0.0030838539358497997,0.004289150356077081,0.006817744954649261,0.007717774902927017,0.008450252027685394,0.013460497504525257,0.660383057973648
2026-03-06 00:00:00+00:00,3.186000108718872,0.059154449623977756,0.0008442561417696415,0.0029507415928349016,0.003928110077619425,0.005260100830331913,0.007998922654110356,0.009269566740940812,0.013973740955591502,0.6122313712990012
2026-03-09 00:00:00+00:00,3.119999885559082,-0.020933280470187166,0.003499248910315722,0.004343505052085365,0.006449990503150608,0.008632655408162444,0.011161250006734624,0.012483901688369999,0.017408194029413262,0.6145556687827428
2026-03-10 00:00:00+00:00,3.0199999809265137,-0.03257614007055443,0.0004382022312435194,0.003937451141559242,0.004781707283328868,0.007865561219178668,0.009197551971891153,0.012499482186255914,0.01327578824534163,0.6130064029107088
2026-03-11 00:00:00+00:00,3.2090001106262207,0.06070257153040148,0.0010612049018963818,0.0014994071331399022,0.004998656043455608,0.00794939763629051,0.010132062541302346,0.012997578697565994,0.014293164212910603,0.5495800817328534
2026-03-12 00:00:00+00:00,3.2330000400543213,0.00745111453105185,0.0036848021904035085,0.004746007092299892,0.005184209323543395,0.00952771437562876,0.012611568311478558,0.016345459330278048,0.017953024974799888,0.5527633750941163
2026-03-13 00:00:00+00:00,3.13100004196167,-0.03205805538623663,5.551910775485203e-05,0.0037403212981583613,0.0048015262000547275,0.00873897734161397,0.01168971893444887,0.01399907817194591,0.017723630119668203,0.5478854632929534
2026-03-16 00:00:00+00:00,3.0230000019073486,-0.03510273931800456,0.0010277189151470152,0.0010832380229018682,0.004768040213305361,0.006267447346445264,0.010610952398530627,0.014900102754607736,0.018328727301457615,0.1342105353430953
2026-03-17 00:00:00+00:00,3.032999992370605,0.003302509762715955,0.0012322023076277832,0.0022599212227747993,0.002315440330529635,0.007061447422829528,0.010998898564388768,0.014927008642008223,0.0189978212184991,0.12430960336847904
2026-03-18 00:00:00+00:00,3.065000057220459,0.010495361866183606,1.0906570732834193e-05,0.0012431088783606183,0.0022708277935076177,0.006011149091665979,0.007510556224805881,0.013960546727956517,0.018671806231540477,0.03643908586496959
2026-03-19 00:00:00+00:00,3.1659998893737797,0.03242133845970163,0.00011015262070214102,0.00012105919143497609,0.0013532614990627433,0.0024364995219646117,0.007182506614264503,0.0119642138975934,0.01638005858615563,0.03603832841100815
2026-03-20 00:00:00+00:00,3.095000028610229,-0.022681011136292506,0.001051143187518528,0.00116129580822067,0.0011722023789534882,0.0034321236017282883,0.007172444899886648,0.012171100943342285,0.017304507441188968,0.03502264937967774
2026-03-23 00:00:00+00:00,2.8910000324249268,-0.06818544113054936,0.0005144282661646247,0.0015655714536831535,0.0016757240743852787,0.0029188329527458975,0.004002070975647765,0.009186280299191187,0.016613639287126294,0.03537785093532662
2026-03-24 00:00:00+00:00,2.943000078201294,0.01782702157327476,0.004649254382167613,0.005163682648332238,0.006214825835850751,0.006335885027285727,0.008595806250060525,0.013397332450115281,0.020285525184509372,0.03939679613344892
2026-03-25 00:00:00+00:00,2.95199990272522,0.003053377962763726,0.0003178026981740037,0.0049670570803416175,0.005481485346506226,0.006642781154726897,0.007885890033087515,0.012653930246392903,0.018496842431618116,0.032208196313823045
2026-03-26 00:00:00+00:00,2.999000072479248,0.01579605014861274,9.32311698349116e-06,0.0003271258151574957,0.004976380197325093,0.006541951651008246,0.0066630108424432215,0.008978451172972886,0.017661909406831964,0.03216340129946692
2026-03-27 00:00:00+00:00,3.095000028610229,0.03150899144589814,0.0002495152002974885,0.0002588383172809805,0.0005766410154549686,0.005740323663787208,0.006901619472007877,0.009172447265515523,0.01441217569681373,0.03221617825342446
2026-03-30 00:00:00+00:00,2.88700008392334,-0.06956998563038375,0.0009928165419376821,0.0012423317422351715,0.001251654859218647,0.006218711939560265,0.007784283393243417,0.00913754489230619,0.01496679000750789,0.03287798210465875
2026-03-31 00:00:00+00:00,2.884000062942505,-0.0010396885027648128,0.004839982900611801,0.005832799442549484,0.006082314642846956,0.006409440458004453,0.01157312310633669,0.012745325485290207,0.01874556800622331,0.03765316916877658
2026-04-01 00:00:00+00:00,2.819000005722046,-0.022796027085637105,1.0809521827813382e-06,0.004841063852794583,0.00583388039473225,0.00609271871201323,0.011059775792354848,0.012735499866740154,0.015061846768002584,0.03308364210564422
2026-04-02 00:00:00+00:00,2.799999952316284,-0.006762814010530027,0.0005196588508891005,0.0005207398030718827,0.005360722703683668,0.00660305444591884,0.006930180261076334,0.013145006096927115,0.015525986511136833,0.03355947202220591
2026-04-06 00:00:00+00:00,2.811000108718872,0.0039209304493608155,4.573565334102123e-05,0.0005653945042301226,0.0005664754564128892,0.006399274898962373,0.0066581132162433524,0.012139598562749607,0.014544003249330839,0.033580266247032704
2026-04-07 00:00:00+00:00,2.869999885559082,0.020771659296024314,1.5373695588724806e-05,6.110934892974691e-05,0.0005807681998188327,0.005421832052613415,0.006664163794848586,0.011640543992173707,0.013327174637291779,0.03331072597973489
2026-04-08 00:00:00+00:00,2.7239999771118164,-0.05221061001179561,0.0004314618299101133,0.00044683552549883897,0.0004925711788398455,0.0010133109819117274,0.006846110424461211,0.007422751439916208,0.013747729896469059,0.0333195660762874
2026-04-09 00:00:00+00:00,2.6700000762939453,-0.020022878898179886,0.002725947797803812,0.0031574096277139263,0.003172783323302636,0.003738177827532758,0.008579241680327341,0.009830896539546016,0.01636352507357073,0.03548240548350491
2026-04-10 00:00:00+00:00,2.6480000019073486,-0.008273862191609527,0.0004009156793711773,0.00312686347717499,0.003558325307085089,0.003619434656014835,0.0041401744590867165,0.010222489101933702,0.01571329756542338,0.03554639960518464
2026-04-13 00:00:00+00:00,2.627000093460083,-0.007962092514922414,6.84567955657456e-05,0.0004693724749369238,0.0031953202727407213,0.003642155798239559,0.004207550302469681,0.010041430697201958,0.0152673260948245,0.03321295613466339
2026-04-14 00:00:00+00:00,2.5989999771118164,-0.010715799427318706,6.339491721618354e-05,0.00013185171278193,0.0005327673921530926,0.003690177019867018,0.003751286368796764,0.009112009072480462,0.010681466629873071,0.03314965671939439
2026-04-15 00:00:00+00:00,2.609999895095825,0.004223434288612271,0.00011482835736652391,0.00017822327458270833,0.0002466800701484392,0.0033735435473234284,0.0038203790728222665,0.004386854529235183,0.010478492289065592,0.032059188656533615
2026-04-16 00:00:00+00:00,2.6470000743865967,0.014076770205760702,1.783739719022584e-05,0.00013266575455675062,0.0001960606717729194,0.0006654331467098423,0.003822842774423767,0.004403610974242628,0.010487006569272326,0.0310996575689393
2026-04-17 00:00:00+00:00,2.674000024795532,0.010148536605384062,0.0001981554594257922,0.00021599285661601892,0.00033082121398252806,0.0004626729267644572,0.0035895364039394465,0.00408210758277932,0.01043564682840063,0.029191327577299832
2026-04-20 00:00:00+00:00,2.688999891281128,0.005593848903183596,0.00010299279523082026,0.00030114825465661334,0.00031898565184682444,0.0004972089264295319,0.0009665814013664548,0.0041393647246691185,0.009545823081693768,0.02845006423076101
2026-04-21 00:00:00+00:00,2.697000026702881,0.0029707172027906292,3.129114555164832e-05,0.00013428394078246944,0.00033243940020824693,0.00046510515476499666,0.0005969568675469258,0.004155282174632042,0.004737131326633615,0.024982106465996936
2026-04-22 00:00:00+00:00,2.7219998836517334,0.00922680742705484,8.825160698956181e-06,4.011630625060537e-05,0.00014310910148141088,0.0003591019580974289,0.0005373252326801364,0.003732645505420885,0.00474487553514979,0.024552729395452375
2026-04-23 00:00:00+00:00,2.614000082015991,-0.040485214907908795,8.513397529595435e-05,9.395913599491139e-05,0.00012525028154654496,0.00042639853620315743,0.0005590642907599072,0.0010918316829130275,0.004310350659556644,0.023576658468851947
2026-04-24 00:00:00+00:00,2.5230000019073486,-0.03543297616279073,0.0016390526261395606,0.0017241866014355157,0.0017330117621344571,0.0018672957029169258,0.002083288559532944,0.0023299686296814107,0.005903667632355182,0.021530908904588
2026-04-27 00:00:00+00:00,2.549999952316284,0.01064467005593317,0.0012554957997528962,0.002894548425892458,0.002979682401188397,0.0030197987074390017,0.003320946962095614,0.0035170076338685618,0.0071437897365193535,0.022730885596586044
2026-04-28 00:00:00+00:00,2.559000015258789,0.00352322266960714,0.00011330900059968027,0.0013688048003525773,0.003007857426492123,0.003101816562487034,0.003236100503269502,0.003566921717252058,0.006825636907208921,0.02181647568203871
2026-04-29 00:00:00+00:00,2.6470000743865967,0.03381038820674609,1.2413097979633663e-05,0.0001257220985793148,0.0013812178983321963,0.003105404499767711,0.0031455208060183156,0.0034645064578651677,0.0041121022073847425,0.02059668647239056
2026-04-30 00:00:00+00:00,2.7669999599456787,0.04433673498187585,0.001143142350690875,0.0011555554486705095,0.001268864449270175,0.004163412875162632,0.0042573720111575425,0.004589811411365817,0.004854328878704441,0.021728922252348598
2026-05-01 00:00:00+00:00,2.7799999713897705,0.004687231082028953,0.0019657460688530934,0.003108888419543969,0.003121301517523588,0.004490106317876164,0.0062142929193116795,0.006357402020793118,0.006751618151991788,0.02358451570049955
2026-05-04 00:00:00+00:00,2.867000102996826,0.030815305415083927,2.197013521633831e-05,0.0019877162040694324,0.0031308585547602926,0.0032565806533396066,0.0061511290792320645,0.0062763793607786365,0.006710193369991943,0.02255534264819736
2026-05-05 00:00:00+00:00,2.7880001068115234,-0.027941691616740094,0.0009495830478249008,0.0009715531830412399,0.0029372992518943188,0.0040928547005648274,0.005461659500917404,0.007194671263051889,0.00754494806045032,0.022990497429857638
2026-05-06 00:00:00+00:00,2.7300000190734863,-0.021022915025946665,0.0007807381304050036,0.0017303211782299052,0.0017522913134462288,0.004861179732990197,0.004986901831569511,0.007966584232757937,0.008307848793665099,0.01912198117809503
2026-05-07 00:00:00+00:00,2.7690000534057617,0.01418464729235236,0.00044196295618817406,0.0012227010865931785,0.0021722841344180644,0.004160000338487496,0.005315555787158005,0.008323413213650155,0.008551656290427478,0.0192461414361092
2026-05-08 00:00:00+00:00,2.756999969482422,-0.004343142503311359,0.0002012042188084391,0.000643167174996614,0.001423905305401603,0.002395458488442842,0.005504346907986811,0.006885564806319034,0.008649867714005098,0.019438022537934144
2026-05-11 00:00:00+00:00,2.9100000858306885,0.05400998970594828,1.8862886804069658e-05,0.00022006710561250963,0.0006620300618006689,0.0023923512400305736,0.004380067444100005,0.005648931893370208,0.00863743945525752,0.01920737022444073
2026-05-12 00:00:00+00:00,2.8429999351501465,-0.023293300819980267,0.002917078988036639,0.0029359418748407095,0.003137146093649134,0.0043598471802423116,0.005331400363283551,0.008452701880807167,0.011545693282595203,0.021131632670539687
2026-05-13 00:00:00+00:00,2.864000082015991,0.00735946787676478,0.0005425778630900934,0.0034596568511267335,0.003478519737930788,0.0041216869129274015,0.005852008091157305,0.008982866645917626,0.012003137170389342,0.016834227633017975
2026-05-14 00:00:00+00:00,2.8940000534057617,0.010420368927985146,5.4161767429132705e-05,0.0005967396305192269,0.0035138186185558512,0.0037338857241683604,0.004956586810761538,0.007893886062655885,0.010418246311678914,0.01688730844826433
2026-05-15 00:00:00+00:00,2.9600000381469727,0.0225496345602072,0.00010858408859531831,0.0001627458560244519,0.0007053237191145305,0.0036412655939552395,0.004284432768951853,0.006036724082398109,0.009271334600521335,0.016476233685970548
2026-05-18 00:00:00+00:00,3.0239999294281006,0.021391153756558312,0.0005084860187988909,0.0006170701073942101,0.000671231874823328,0.004130888725950061,0.004350955831562569,0.006523239965980661,0.009666511618720548,0.016938984051428418
2026-05-19 00:00:00+00:00,3.114000082015991,0.02932766476961457,0.0004575814590367188,0.0009660674778356105,0.0010746515664309141,0.0016713911969501406,0.004607333071790849,0.00603123837719248,0.010111679979777632,0.01738119181487641
2026-05-20 00:00:00+00:00,3.003999948501587,-0.035963382991024195,0.0008601119208388916,0.0013176933798756112,0.0018261793986744873,0.001988925254698939,0.005448582105825672,0.006110612167626368,0.009828649549925648,0.017809841905805188
2026-05-21 00:00:00+00:00,3.0179998874664307,0.004649606299583109,0.0012933649161590885,0.002153476836997981,0.002611058296034685,0.0032281284034288947,0.0038248680339481203,0.0069620141275972824,0.009156268397231642,0.016377259024160467
2026-05-22 00:00:00+00:00,2.907000064849853,-0.03747267917328179,2.161883874112293e-05,0.0013149837549002123,0.002175095675739089,0.003141163153574699,0.0033039090095991494,0.006782428747529966,0.009155917100756427,0.015997962183530414
2026-05-26 00:00:00+00:00,2.8940000534057617,-0.004481997221657208,0.0014042016844237066,0.0014258205231648302,0.0027191854393239043,0.0040368788191995145,0.004653948926593723,0.008167767545149604,0.009610535737355234,0.017333707072388373
2026-05-27 00:00:00+00:00,3.039999961853028,0.04921785620653174,2.008829909494293e-05,0.0014242899835186502,0.0014459088222597586,0.0035993856592577388,0.004565453137093348,0.005270776856207906,0.008849885906045173,0.017290400454267132
2026-05-28 00:00:00+00:00,3.2850000858306885,0.0775091751948529,0.0024223973695668348,0.002442485668661778,0.0038466873530854703,0.0051616711079856825,0.006479364487861293,0.007150596362684648,0.010830320319423836,0.01959796946646744
2026-05-29 00:00:00+00:00,3.289999961853028,0.001520875117819065,0.0060076722393864,0.008430069608953235,0.008450157908048164,0.009875978431212993,0.012029455268210974,0.013104106834641915,0.016636788340001794,0.025587804308663618
2026-06-01 00:00:00+00:00,3.178999900817871,-0.03432090245295072,2.3130611240011544e-06,0.006009985300510401,0.008432382670077222,0.009856672653595872,0.011171656408496084,0.012997835807170599,0.016620238514321727,0.02539196191036183
2026-06-02 00:00:00+00:00,3.1670000553131104,-0.0037818657075432416,0.0011779243451849586,0.0011802374063089598,0.007187909645695345,0.009630395314357125,0.011056215837521952,0.013667274133556666,0.014881083871470047,0.026466893460315964
2026-06-03 00:00:00+00:00,3.21399998664856,0.014731478139208054,1.4302508229891543e-05,0.00119222685341485,0.0011945399145388373,0.009624609523492074,0.01104889950701072,0.013223995182749838,0.014352808516609843,0.026449904822994207
2026-06-04 00:00:00+00:00,3.3359999656677246,0.03725621104388055,0.00021701644816596479,0.00023131895639585633,0.001409243301580801,0.007419228602091203,0.00986171427075298,0.012580899710076912,0.014515663197346675,0.026658096110461216
2026-06-05 00:00:00+00:00,3.2290000915527344,-0.032599954075634985,0.001388025261346167,0.0016050417095121317,0.0016193442177420093,0.00279958162405097,0.011229651233004205,0.01267556005526399,0.015795104370097526,0.02796098739651143
2026-06-08 00:00:00+00:00,3.1470000743865967,-0.025722878409841998,0.0010627570057335101,0.0024507822670796773,0.0026677987152456282,0.003860025568660479,0.00987001086917088,0.013716698222256378,0.016349375357032143,0.027384691776105377
2026-06-09 00:00:00+00:00,3.140000104904175,-0.0022268083904395386,0.0006616664736875156,0.0017244234794210258,0.003112448740767179,0.0033437676971630357,0.004524005103471995,0.012974163011520186,0.01655346037168294,0.026790862450039997
2026-06-10 00:00:00+00:00,3.184999942779541,0.014229437729385008,4.9586756077319286e-06,0.0006666251492952476,0.0017293821550287438,0.0033344238645408764,0.004526650717955725,0.012959033388032976,0.01569830712645178,0.026682512125048047
2026-06-11 00:00:00+00:00,3.086999893188477,-0.03125256013892619,0.0002024768980944456,0.00020743557370217752,0.0008691020473896793,0.003319884314469357,0.0035512032708652124,0.010739112916560586,0.014607419108387138,0.02687257592516286
2026-06-12 00:00:00+00:00,3.119999885559082,0.010633254222015776,0.0009767225152371981,0.0011791994133316438,0.0011841580889393618,0.0029085815683603886,0.004513623277872519,0.005708163192411384,0.015562522784883214,0.026706156089709186
2026-06-15 00:00:00+00:00,3.1470000743865967,0.008616676577964943,0.00011306609535001631,0.0010897886105872144,0.0012922655086816462,0.0019588906579768948,0.00440967292505657,0.005818916226637399,0.014271387195809523,0.024853476116206107
2026-06-16 00:00:00+00:00,3.239000082015991,0.028815023791010974,7.424711524924965e-05,0.00018731321059926596,0.0011640357258364503,0.0013714712995386287,0.0030958947789596534,0.004715238996701691,0.014325546011963829,0.02490575309623902
2026-06-17 00:00:00+00:00,3.1449999809265137,-0.029450781422882377,0.0008303055960765285,0.0009045527113257781,0.0010176188066757805,0.002196818220007425,0.002863443369302672,0.005531242084548327,0.012733454238473524,0.024786475644490647
2026-06-18 00:00:00+00:00,3.2330000400543213,0.027596627044805366,0.0008673485264183938,0.0016976541224949222,0.001771901237744158,0.002861689848331373,0.0030691254220335503,0.006181574162800756,0.007593130525505517,0.024873086040504037
2026-06-22 00:00:00+00:00,3.253000020980835,0.006167142808394699,0.000761573824250083,0.0016289223506684768,0.002459227946744991,0.002646541157344258,0.003825740570675901,0.005555122725704673,0.008352391288631598,0.025192696908565945
2026-06-23 00:00:00+00:00,3.1470000743865967,-0.03312801222132866,3.803365041913445e-05,0.0007996074746692175,0.0016669560010875973,0.0025715087124133762,0.0036612973230005902,0.0045303993703902975,0.007212500593865774,0.02502952634017664
2026-06-24 00:00:00+00:00,3.220999956130981,0.023242215009798617,0.0010974651937365012,0.0011354988441556356,0.0018970726684057046,0.0035947267909006275,0.003782040001499893,0.004966198090439283,0.008295663279372385,0.02610812864710907
2026-06-25 00:00:00+00:00,3.3429999351501465,0.03717673130988919,0.0005402005585617081,0.0016376657522982094,0.00167569940271733,0.0033046217533858075,0.004209174464711585,0.005501439973393259,0.008618847389768128,0.02373125021763414
2026-06-26 00:00:00+00:00,3.2309999465942383,-0.034076917726074685,0.001382109350887695,0.0019223099094494032,0.0030197751031858905,0.003819382577855109,0.005517036700350029,0.006681072426186508,0.008612931479309655,0.024570781705431744
2026-06-29 00:00:00+00:00,3.180999994277954,-0.015596059344999746,0.001161236321709663,0.002543345672597358,0.0030835462311590523,0.004219045075314689,0.0058479674259831645,0.006865586232658973,0.008711410795285809,0.02567785625971227
2026-06-30 00:00:00+00:00,3.275000095367432,0.02912228723885435,0.00024323706709275392,0.001404473388802417,0.0027865827396900984,0.004424248491988308,0.005223855966657524,0.006995757204401711,0.008292981388691046,0.02581250923820971
2026-07-01 00:00:00+00:00,3.220000028610229,-0.01693652976556037,0.0008481076140223389,0.0010913446811150929,0.002252581002824742,0.0041748909122741465,0.00531038975642978,0.0077696177031748,0.009136130327105653,0.026152130833433155
2026-07-02 00:00:00+00:00,3.196000099182129,-0.007481309504246525,0.0002868460404997124,0.0011349536545220513,0.0013781907216147916,0.0039215363942121505,0.005559202146510359,0.007226158147597984,0.009220499469510922,0.02598139541489615
2026-07-06 00:00:00+00:00,3.244999885559082,0.015215255951971374,5.596999189832939e-05,0.0003428160323980418,0.001190923646420367,0.0025953970352227845,0.004517706944672187,0.00641477961307792,0.00829974694617205,0.02517725348595559
2026-07-07 00:00:00+00:00,3.265000104904175,0.006144479969103722,0.0002315040136840003,0.0002874740055823297,0.0005743200460820285,0.001665664727197122,0.004209010399794479,0.005884709802511836,0.008418184864506035,0.0241153925834805
2026-07-08 00:00:00+00:00,3.211999893188477,-0.01636603202769371,3.775463409071688e-05,0.0002692586477747172,0.0003252286396730329,0.001460182294195085,0.002864655682997501,0.005884430786183419,0.008381692383347503,0.02413152837883009
2026-07-09 00:00:00+00:00,3.01200008392334,-0.06428942502997459,0.0002678470043314963,0.00030560163842221317,0.0005371056521061998,0.0008799216845042422,0.0019712663656193345,0.0050548125967784146,0.007819233791602471,0.022995173698737884
2026-07-10 00:00:00+00:00,2.940000057220459,-0.024194736987310117,0.004133130170684723,0.004400977175016219,0.0044387318091069225,0.0047262058146892525,0.005861159469211303,0.008647742208901429,0.0110850154358688,0.027108215570327665
2026-07-13 00:00:00+00:00,2.8970000743865967,-0.014733856349005148,0.0005853852978851122,0.004718515468569835,0.004986362472901318,0.005255621120676035,0.005598437153074077,0.007851018155898845,0.01090882690950383,0.02527120349864594
2026-07-14 00:00:00+00:00,2.9040000438690186,0.0024133676046347308,0.00021708652291311931,0.0008024718207982315,0.00493560199148294,0.005241203629905154,0.005528677635487484,0.006906868357102303,0.011087879781997814,0.01948061778217266
2026-07-15 00:00:00+00:00,2.924000024795532,0.006863438298575275,5.824343195100378e-06,0.0002229108661082197,0.000808296163993318,0.005209273339009538,0.005478531986784255,0.006669455633204649,0.009996238931456413,0.019484129064243755
2026-07-16 00:00:00+00:00,2.8580000400543213,-0.022830456845052582,4.7106785278349866e-05,5.293112847345025e-05,0.0002700176513865557,0.004988533119956392,0.0052941347583786045,0.00586845480446066,0.009503145158173054,0.01835331150433715
2026-07-17 00:00:00+00:00,2.9110000133514404,0.01837457582755042,0.0005212297597538083,0.0005683365450321581,0.0005741608882272447,0.001376632709025477,0.005777609884041696,0.006102838523714756,0.008642265567039167,0.01886023875586107
2026-07-20 00:00:00+00:00,2.859999895095825,-0.01767508119805483,0.00033762503684240026,0.0008588547965962085,0.0009059615818745446,0.001128872447982765,0.0058473879165526,0.006384493568658826,0.007818654282171905,0.0189808473445375
2026-07-21 00:00:00+00:00,2.865000009536743,0.0017467653434299901,0.00031240849535783144,0.0006500335322002317,0.0011712632919540261,0.0012241944204274772,0.0020266662412257086,0.006465398050332658,0.007887825710436983,0.017905230578549165
2026-07-22 00:00:00+00:00,2.924999952316284,0.02072611088628551,3.0511891650080914e-06,0.00031545968452283954,0.0006530847213652259,0.001221421266397385,0.0014443321325056046,0.006430694605406948,0.007042769285579652,0.016845524761980667
2026-07-23 00:00:00+00:00,2.9159998893737797,-0.003081688172944963,0.0004295716724706027,0.0004326228616356108,0.0007450313569934284,0.0016038861535896379,0.0016568172820630878,0.006592419273546055,0.007185494917550542,0.016613429960763752
2026-07-24 00:00:00+00:00,2.871000051498413,-0.015552357132375016,9.496801995268864e-06,0.00043906847446587157,0.0004421196636308658,0.0010921531958310983,0.0016604897408632564,0.0024687859048566014,0.007139021727647482,0.01661796808715129
2026-07-27 00:00:00+00:00,2.7669999599456787,-0.036896732747307315,0.00024187581237293605,0.0002513726143682049,0.0006809442868387938,0.0009964039713616342,0.0018552587679578428,0.0021252764193444252,0.0071493935263364184,0.01665736700142978
2026-07-28 00:00:00+00:00,2.6619999408721924,-0.03868598856794614,0.00136136888742622,0.0016032446997991559,0.001612741501794411,0.0020453643634300227,0.0026953978956302544,0.003269558783857526,0.00847300777967192,0.0170420133736188
2026-07-29 00:00:00+00:00,2.7249999046325684,0.02339069535686289,0.0014966057114792594,0.002857974598905479,0.0030998504112784014,0.003538918885744274,0.003854378570267114,0.004760340152141685,0.009701766486819684,0.018425552989748045
2026-07-30 00:00:00+00:00,2.757999897003174,0.012037348908373158,0.0005471246292775672,0.0020437303407568265,0.0034050992281830323,0.0036564718425512385,0.004089094704186849,0.005260357996140903,0.006115760945412528,0.01889843050377636
2026-07-31 00:00:00+00:00,2.746999979019165,-0.003996342550947052,0.00014489776874191244,0.0006920223980194796,0.0021886281094987254,0.003791872809297882,0.004230941283763754,0.004884026005129006,0.005675273416269329,0.018213022676441745
2026-08-03 00:00:00+00:00,2.7809998989105225,0.01230113942637101,1.597075378450999e-05,0.00016086852252642243,0.0007079931518039757,0.003565967750709456,0.003817340365077661,0.004562371722071116,0.00547415764714072,0.01736164490380786
2026-08-04 00:00:00+00:00,2.681999921798706,-0.03624778320012256,0.0001513180311870193,0.0001672887849715293,0.00031218655371342786,0.0023559168944702552,0.0039591615942694116,0.004401281257900304,0.0056196513351326385,0.016751389110744797
2026-08-05 00:00:00+00:00,2.687999963760376,0.0022346534772413884,0.0013139017869230876,0.0014652198181101068,0.001481190571894603,0.0021732129699140834,0.005031187568819563,0.005712131855658383,0.006886446336777376,0.018027257247248754
2026-08-06 00:00:00+00:00,2.640000104904175,-0.018018452284246145,4.993676163347029e-06,0.0013188954630864347,0.00147021349427344,0.0016310820167998634,0.00367481235755669,0.005287553859351127,0.006370210253186914,0.0169347857296756
2026-08-07 00:00:00+00:00,2.6619999408721924,0.008298740866467313,0.0003246646227196551,0.0003296582988830021,0.0016435600858060759,0.001810848870777606,0.0025028712687970855,0.005602721680075514,0.006357249839064169,0.016719249793833546
2026-08-10 00:00:00+00:00,2.7939999103546143,0.04839653098868568,6.886909996877465e-05,0.00039353372268842977,0.0003985273988517629,0.0018637472169618706,0.002024615739488293,0.005429714967671352,0.006113710443675113,0.015406009542914623
2026-08-11 00:00:00+00:00,2.7669999599456787,-0.009710542420739543,0.0023422242117388135,0.002411093311707588,0.0027357579344272293,0.004054653397513664,0.004221942182485194,0.0064105702919839466,0.00845288346624892,0.016586997432943774
2026-08-12 00:00:00+00:00,2.803999900817871,0.013283247471617798,9.429463410498219e-05,0.0024365188458437955,0.0025053879458125563,0.0028350462446955593,0.004300266062805666,0.00500825921460967,0.008117606427883298,0.016438054999956
2026-08-13 00:00:00+00:00,2.726999998092652,-0.02784483063666454,0.00017644466339224063,0.0002707392974972228,0.0026129635092360225,0.003006497231924453,0.004325392695010887,0.004637579248724342,0.00828455428928027,0.015766392049325905
2026-08-14 00:00:00+00:00,2.7330000400543213,0.0021978184377176024,0.0007753345931845322,0.0009517792565767729,0.0010460738906817413,0.0034571672023893303,0.003786825501272332,0.0052680160731669624,0.008818013070091866,0.016254880602010725
2026-08-17 00:00:00+00:00,2.690000057220459,-0.015858706716444626,4.8304058851714424e-06,0.0007801649990697037,0.0009566096624619304,0.003393128508305727,0.003786662230994156,0.005256875725267624,0.0074614745885508175,0.016203741015997565
2026-08-18 00:00:00+00:00,2.776000022888184,0.031469836004287544,0.0002514985787182059,0.00025632898460337735,0.0010316635777878956,0.0013024028752851194,0.003713496186992707,0.00535705627279881,0.006216367455789764,0.016223735581031774
2026-08-19 00:00:00+00:00,2.813999891281128,0.013595869167621899,0.0009903505781367525,0.0012418491568549584,0.001246679562740116,0.00219845881931689,0.004634977665160685,0.005033505064012475,0.00665959340464895,0.017176331525077807
2026-08-20 00:00:00+00:00,2.7330000400543213,-0.029206998455464817,0.0001848476584230918,0.0011751982365598443,0.0014266968152780361,0.002206861814347741,0.0024776011118449633,0.00521335904627222,0.0066995432943301285,0.017093332179169404
2026-08-21 00:00:00+00:00,2.7730000019073486,0.014529845719731371,0.0008530487587775242,0.001037896417200616,0.0020282469953373547,0.0022845759799407332,0.0032363552365175055,0.005741743182330089,0.007536621299323143,0.013813250767262206
2026-08-24 00:00:00+00:00,2.782000064849853,0.0032403494902963903,0.00021111641663919606,0.0010641651754167204,0.0012490128338397983,0.002490861990694757,0.0032710269897644607,0.005883990499000511,0.007596419684775319,0.013438981886016289
2026-08-25 00:00:00+00:00,2.7699999809265137,-0.004322803498253869,1.0499864819264076e-05,0.00022161628145846014,0.0010746650402359704,0.0022498632767958154,0.0025061922613991926,0.003552266152080961,0.006293017762671496,0.013232395227922434
2026-08-26 00:00:00+00:00,2.8420000076293945,0.025660719045912828,1.8686630084515887e-05,2.9186494903779963e-05,0.00024030291154296214,0.001278199328743579,0.002520048485598537,0.003476658148060495,0.006306710716592665,0.01324525751481185
2026-08-27 00:00:00+00:00,2.907000064849853,0.02261361152548469,0.0006584725019532733,0.0006771591320377892,0.0006876589968570395,0.0017518241722737607,0.0029270224088336046,0.0039586859866215275,0.006640518595826283,0.013856623231486773
2026-08-28 00:00:00+00:00,2.888000011444092,-0.0065574188916941445,0.0005113754262255339,0.0011698479281788072,0.001188534558263309,0.0014101508397217702,0.0024480472569223858,0.003694726819662529,0.007083024922083043,0.013846768897958498
2026-08-31 00:00:00+00:00,2.934999942779541,0.016143208790946773,4.299974252114726e-05,0.0005543751687466812,0.0012128476706999407,0.0012420341656037214,0.002306199341020441,0.003732896156298505,0.004783800452865377,0.013552143603637243
2026-09-01 00:00:00+00:00,2.9040000438690186,-0.010618321715201384,0.00026060319006810116,0.00030360293258924843,0.0008149783588147683,0.0014921374908525586,0.0017137537723110182,0.0037420007676484002,0.004950109008828495,0.013500338298347514
2026-09-02 00:00:00+00:00,2.9560000896453857,0.017747921343579165,0.00011274875604751726,0.0003733519461156184,0.0004163516886367517,0.00158619961681556,0.0016153861117193394,0.002864398945559165,0.004886413101483772,0.013610035865230024
2026-09-03 00:00:00+00:00,2.9130001068115234,-0.01465351876805343,0.00031498871201787287,0.00042773746806539013,0.0006883406581334774,0.0012427158268801595,0.0019198749589179483,0.0029945399991539463,0.004426067220317112,0.013495452904777293
2026-09-04 00:00:00+00:00,2.9749999046325684,0.021060492296826494,0.00021472561228569413,0.000529714324303567,0.0006424630803510702,0.0009460660129403197,0.0021159139411191267,0.0023562168526621158,0.004635962426717635,0.01370068171506772
2026-09-08 00:00:00+00:00,2.9159998893737797,-0.02003123073256341,0.0004435443357846881,0.0006582699480703822,0.0009732586600882411,0.0013466106062038606,0.0019009857749505412,0.002588644771807608,0.004828008183784117,0.013902350238479471
2026-09-09 00:00:00+00:00,2.822000026702881,-0.03276691331573178,0.00040125020466119285,0.000844794540445881,0.0010595201527315611,0.0014872576207969523,0.0017908605533862004,0.0029793951116495365,0.004238907810308557,0.012942231555714443
2026-09-10 00:00:00+00:00,2.8340001106262207,0.004243317410833836,0.0010736706082406808,0.0014749208129018736,0.0019184651486865477,0.002448179472990116,0.002821531419105734,0.004034379089805702,0.0051277307601261465,0.012519296452475865
2026-09-11 00:00:00+00:00,2.8310000896453857,-0.0010591425084642836,1.8005742649085567e-05,0.0010916763508897664,0.0014929265555509454,0.0021511965036213284,0.002578933971686718,0.003393912330501514,0.004292687743997708,0.011990177565847384
2026-09-14 00:00:00+00:00,2.8959999084472656,0.022700405114568722,1.121782853236015e-06,1.912752550232158e-05,0.0010927981337429883,0.0019375926741888704,0.002467306998492437,0.0028836586871292163,0.004082693110211748,0.011846401579958707
2026-09-15 00:00:00+00:00,2.9189999103546143,0.007910618251029122,0.0005153083923655379,0.0005164301752187739,0.0005344359178678455,0.0020093567307697202,0.002667626678840102,0.0033559673369736066,0.004587501637758022,0.012345739218539735
2026-09-16 00:00:00+00:00,2.8910000324249268,-0.009638586910959424,6.257788111351504e-05,0.0005778862734790529,0.000579008056332275,0.0016706844072220423,0.0025154789476679227,0.0031579420280190207,0.00463139288878702,0.01225699906846623
2026-09-17 00:00:00+00:00,2.901000022888184,0.003453038778997719,9.290235764011833e-05,0.00015548023875363337,0.0006707886311191573,0.0006899161566214797,0.0021648369695233534,0.0031380956296116216,0.0040658227444738656,0.011035999639183261
2026-09-18 00:00:00+00:00,2.9119999408721924,0.0037845970005367935,1.1923476809262059e-05,0.00010482583444938039,0.00016740371556288154,0.0006838338907816562,0.0017755102416714221,0.002835030394403011,0.003566370795057594,0.011042929439829176
2026-09-21 00:00:00+00:00,2.8359999656677246,-0.026445513465559234,1.4323174456472094e-05,2.624665126573415e-05,0.0001191490089058386,0.0006970352823848924,0.0007161628078872135,0.0026346279565737886,0.003537694226992919,0.010732587991565993
2026-09-22 00:00:00+00:00,2.999000072479248,0.055884327370675946,0.0006993651824570748,0.0007136883569135469,0.000725611833722795,0.0008810920724764294,0.0013975222476952029,0.0028904488032461756,0.003976456219381893,0.011363084074054295
