datetime,close,log_return,RV_1d,RV_2d,RV_3d,RV_5d,RV_7d,RV_10d,RV_14d,RV_30d
2021-09-22 00:00:00+00:00,22.86899948120117,,,,,,,,,
2021-09-23 00:00:00+00:00,22.642000198364254,-0.009975661571749672,,,,,,,,
2021-09-24 00:00:00+00:00,22.38800048828125,-0.01128147457774853,9.951382379408314e-05,,,,,,,
2021-09-27 00:00:00+00:00,22.65699958801269,0.011943713932584199,0.00012727166864838637,0.00022678549244246952,,,,,,
2021-09-28 00:00:00+00:00,22.43000030517578,-0.010069474633837672,0.0001426523025034059,0.00026992397115179227,0.0003694377949458754,,,,,
2021-09-29 00:00:00+00:00,21.458999633789062,-0.044255241409068,0.00010139431940150031,0.0002440466219049062,0.00037131829055329256,,,,,
2021-09-30 00:00:00+00:00,22.020999908447266,0.025852418637790198,0.001958526392174887,0.0020599207115763875,0.002202573014079793,0.002429358506522263,,,,
2021-10-01 00:00:00+00:00,22.51000022888184,0.021963125720112053,0.000668347549423562,0.002626873941598449,0.0027282682609999494,0.0029981922321517416,,,,
2021-10-04 00:00:00+00:00,22.618000030517575,0.0047863857117480535,0.0004823788913974476,0.0011507264408210096,0.003109252832995897,0.0033532994549008033,0.0035800849473432723,,,
2021-10-05 00:00:00+00:00,22.582000732421875,-0.0015928896061860875,2.290948818162592e-05,0.0005052883795790735,0.0011736359290026356,0.003233556640579023,0.003503480611730815,,,
2021-10-06 00:00:00+00:00,22.506000518798828,-0.003371197812826132,2.537297297495669e-06,2.544678547912159e-05,0.0005078256768765692,0.0031346996184750185,0.003378746240379925,,,
2021-10-07 00:00:00+00:00,22.631999969482425,0.00558286927145657,1.1364974693203698e-05,1.3902271990699367e-05,3.6811760172325285e-05,0.001187538200993335,0.0032474589125697224,0.003616896707515598,,
2021-10-08 00:00:00+00:00,22.679000854492188,0.002074591203567344,3.116842930217401e-05,4.253340399537771e-05,4.507070129287337e-05,0.0005503590808719469,0.003177233022470396,0.0035485513130236886,,
2021-10-11 00:00:00+00:00,22.63999938964844,-0.0017211974784170359,4.303928661919002e-06,3.547235796409301e-05,4.68373326572967e-05,7.228411813641829e-05,0.001223010558957428,0.0034255835730372212,,
2021-10-12 00:00:00+00:00,22.49099922180176,-0.006603031787384861,2.9625207597091627e-06,7.266449421628165e-06,3.843487872380216e-05,5.233715071450153e-05,0.0005576255302935751,0.0032858937912935244,,
2021-10-13 00:00:00+00:00,23.14900016784668,0.02883639571707297,4.360002878521491e-05,4.656254954492407e-05,5.0866478206843065e-05,9.339988220222079e-05,0.00011884666768134236,0.003228099500677239,0.003698931615024615,
2021-10-14 00:00:00+00:00,23.45599937438965,0.013174708726906292,0.0008315377179516244,0.0008751377467368393,0.0008781002674965485,0.0009135726254606415,0.0009274748974513409,0.0021011108264539762,0.004430955509182156,
2021-10-15 00:00:00+00:00,23.327999114990234,-0.005471981143999383,0.00017357295003882082,0.001005110667990445,0.0010487106967756602,0.0010559771461972883,0.001098510550192666,0.0016063362270692353,0.004477256790572591,
2021-10-18 00:00:00+00:00,23.243000030517575,-0.0036503051433163236,2.9942577640284792e-05,0.0002035155276791056,0.0010350532456307301,0.001081615795175654,0.0011170881531397472,0.0011538999133120724,0.004364547065709469,
2021-10-19 00:00:00+00:00,23.86199951171875,0.026283202245626303,1.3324727639321605e-05,4.3267305279606394e-05,0.00021684025531842723,0.0010919780020552665,0.0010992444514768946,0.0011443151527697679,0.004276477473947291,
2021-10-20 00:00:00+00:00,24.423999786376957,0.023279031695241148,0.0006908067202844955,0.0007041314479238172,0.000734074025564102,0.0017391846935545473,0.0017857472430994712,0.001832584575756768,0.003008757802056899,
2021-10-21 00:00:00+00:00,24.149999618530277,-0.011281882383403108,0.0005419133166680419,0.0012327200369525375,0.001246044764591859,0.0014495602922709647,0.002324698039007804,0.002363132917731606,0.002882323569301379,
2021-10-22 00:00:00+00:00,24.429000854492188,0.011486621828968424,0.0001272808701129414,0.0006691941867809834,0.001360000907065479,0.0014032682123450851,0.0024083788803355302,0.0024592453585423734,0.0025272255480168725,
2021-10-25 00:00:00+00:00,24.57200050354004,0.005836617662410504,0.00013194248104173392,0.0002592233511546753,0.0008011366678227173,0.0015052681157465345,0.0017087836434256402,0.0025868839109221887,0.002636258540876981,
2021-10-26 00:00:00+00:00,24.086000442504883,-0.0199768265839535,3.406610573716225e-05,0.00016600858677889618,0.0002932894568918376,0.001526009493844375,0.0015692767991239815,0.0026179874958996417,0.0026677873493166472,
2021-10-27 00:00:00+00:00,24.18899917602539,0.004267173096813792,0.00039907360036535124,0.0004331397061025135,0.0005650821871442474,0.0012342763739252307,0.0019384078218490479,0.002973461067479778,0.003055495974988795,
2021-10-28 00:00:00+00:00,24.117000579833984,-0.0029809402504978877,1.820876623817141e-05,0.00041728236660352265,0.0004513484723406849,0.0007105718234953602,0.0019432918604478978,0.002160132115766325,0.0030425363119247926,
2021-10-29 00:00:00+00:00,23.94499969482422,-0.007157489006766937,8.886004777038409e-06,2.7094771015209816e-05,0.00042616837138056106,0.0005921769581594572,0.0012613711449404406,0.0019954451705045425,0.003047118388039912,
2021-11-01 00:00:00+00:00,24.06399917602539,0.004957392476754752,5.1229648881989556e-05,6.011565365902796e-05,7.832441989719937e-05,0.0005114641259997129,0.0007706874771543882,0.0020167322417462474,0.0030953855161621924,
2021-11-02 00:00:00+00:00,23.5,-0.02371649237634932,2.457574016858461e-05,7.580538905057417e-05,8.469139382761258e-05,0.0005019737604311352,0.0006679823472100315,0.0020279832542755105,0.003076361227545562,
2021-11-03 00:00:00+00:00,23.22599983215332,-0.01172808755321908,0.0005624720106374353,0.0005870477508060199,0.0006382773996880095,0.0006653721707032194,0.001098511876805733,0.00189964854462845,0.002807295520231373,
2021-11-04 00:00:00+00:00,23.9060001373291,0.028857145603440326,0.0001375480376559723,0.0007000200482934077,0.0007245957884619923,0.0007847114421210201,0.001201993808724543,0.0014952832656163803,0.0027712706078485243,0.007475312890863585
2021-11-05 00:00:00+00:00,24.152000427246094,0.010237730894087527,0.0008327348523781554,0.0009702828900341277,0.001532754900671563,0.001608560289722137,0.001635655060737347,0.0022007372478815945,0.003574062882586395,0.008208533919447657
2021-11-08 00:00:00+00:00,24.53700065612793,0.01581499906687256,0.00010481113385975418,0.0009375459862379096,0.0010750940238938818,0.001662141774699902,0.00172225742835893,0.002173605900699615,0.0036655492888068276,0.008186073384659024
2021-11-09 00:00:00+00:00,24.3129997253418,-0.00917103373816186,0.0002501141954851799,0.0003549253293449341,0.0011876601817230894,0.0018876802300164973,0.001963485619067071,0.0023896539904476326,0.0032248567640075117,0.008293535277640799
2021-11-10 00:00:00+00:00,24.767000198364254,0.018500954501317945,8.41078598265031e-05,0.00033422205531168304,0.0004390331891714372,0.0014093160792055647,0.0019963638300115848,0.002074688249908784,0.002767051307165973,0.0082762488180658
2021-11-11 00:00:00+00:00,25.301000595092773,0.02133181424012731,0.00034228531745983675,0.00042639317728633986,0.0006765073727715198,0.0016140533590094292,0.002314073407302837,0.0023987648011304496,0.002982055754512869,0.006660007743350751
2021-11-12 00:00:00+00:00,25.3439998626709,0.0016980660488332688,0.00045504629877529836,0.000797331616235135,0.0008814394760616382,0.0012363648054065724,0.0022066476954406998,0.0028449250951287095,0.0033051595722464328,0.006446706492702487
2021-11-15 00:00:00+00:00,25.10700035095215,-0.009395304516305991,2.8834283062002295e-06,0.00045792972708149856,0.0008002150445413353,0.0011344370998530183,0.002071983086090928,0.00279657887455292,0.003273976894815471,0.00596721102961124
2021-11-16 00:00:00+00:00,24.944000244140625,-0.006513383594135558,8.827174695411975e-05,9.115517526031999e-05,0.0005462014740356183,0.0009725946513219582,0.0013275199806668924,0.0028602748813384557,0.002963175041404239,0.006032573288383734
2021-11-17 00:00:00+00:00,25.16699981689453,0.008900283153679744,4.242416584435424e-05,0.000130695912798474,0.00013357934110467423,0.0009309109573398093,0.0012651330126514924,0.002340227036545374,0.0029873904410104225,0.006072460156930592
2021-11-18 00:00:00+00:00,24.900999069213867,-0.01062567932930314,7.921504021567545e-05,0.0001216392060600297,0.00020991095301414945,0.000667840680095648,0.001094233857381988,0.0022818940391050773,0.0030577194764490594,0.006140310222453064
2021-11-19 00:00:00+00:00,24.780000686645508,-0.004871022016684989,0.00011290506120918001,0.00019212010142485546,0.0002345442672692097,0.00032569944252952966,0.0011230310587646648,0.001562064247936102,0.0031193948887762494,0.00622204685436007
2021-11-22 00:00:00+00:00,24.29700088500977,-0.01968398155104767,2.37268554870299e-05,0.0001366319166962099,0.00021584695691188535,0.00034654286971035937,0.000804472596791858,0.0014809799695633778,0.003118546004094695,0.00624146978118518
2021-11-23 00:00:00+00:00,23.434999465942383,-0.03612231377383379,0.000387459129701985,0.0004111859851890149,0.0005240910463981949,0.0006457302524582246,0.0007368854277185446,0.0016183249037801828,0.002943533123159245,0.006625966390127456
2021-11-24 00:00:00+00:00,23.496000289916992,0.002599597649532548,0.0013048215523753025,0.0016922806820772874,0.0017160075375643174,0.001908127638989173,0.0020388235517876468,0.002839038596328982,0.0041108066378785744,0.007887187913717545
2021-11-26 00:00:00+00:00,23.10700035095215,-0.016694589120812342,6.7579079394551475e-06,0.0013115794603147577,0.0016990385900167426,0.0018356705067129526,0.001957309712772982,0.0025035111868086006,0.0032848296934398745,0.007062408103705375
2021-11-29 00:00:00+00:00,22.798999786376957,-0.013418951134933188,0.0002787093059127458,0.00028546721385220094,0.0015902887662275034,0.0020014747514165185,0.0021935948528413736,0.002327174193946048,0.003458727865492866,0.0071675444595793005
2021-11-30 00:00:00+00:00,22.76499938964844,-0.001492424003784354,0.0001800682495617247,0.0004587775554744705,0.0004655354634139256,0.002157816145491213,0.002294448062187423,0.0025043590152015725,0.0033886819195694112,0.00731767013150074
2021-12-01 00:00:00+00:00,22.298999786376957,-0.020682417144454845,2.227329407071721e-06,0.00018229557896879642,0.0004610048848815422,0.0017725843451962997,0.0021837703303853144,0.0024183145976545244,0.0033068013891499794,0.00730657273326849
2021-12-02 00:00:00+00:00,22.280000686645508,-0.0008523789533265713,0.0004277623789372397,0.00042998970834431146,0.0006100579579060362,0.0008955251717582371,0.0025878058538355243,0.0028036528107474095,0.003392278450627383,0.0070435283919212345
2021-12-03 00:00:00+00:00,22.44499969482422,0.007378412759289965,7.265498800741012e-07,0.00042848892881731384,0.0004307162582243855,0.0008894938136988561,0.0022010732740136135,0.0027251643204118086,0.002937958701732158,0.006502341625133266
2021-12-06 00:00:00+00:00,22.22800064086914,-0.009715074388001899,5.444097484645296e-05,5.516752472652712e-05,0.00048292990366376675,0.0006652254826325632,0.0009506926964847641,0.002666700234049082,0.002989516248272411,0.006429501729866778
2021-12-07 00:00:00+00:00,22.48699951171875,0.011584558491471775,9.438267036441046e-05,0.0001488236452108635,0.00014955019509093752,0.0005795399034352489,0.0010383174589097194,0.002737356048926462,0.0029956271716827017,0.0063919419191894545
2021-12-08 00:00:00+00:00,22.38999938964844,-0.004322939390104974,0.0001342019954423308,0.00022858466580674133,0.00028302564065319424,0.000711514569470508,0.0008938101484393043,0.0024840989146668077,0.003087405001280678,0.006492077808894623
2021-12-09 00:00:00+00:00,21.974000930786133,-0.018754424713447015,1.8687804970521164e-05,0.000152889800412852,0.00024727247077726243,0.0003024399955037895,0.0007324297038481009,0.0011979651672620265,0.003026877766035524,0.0061116920134997935
2021-12-10 00:00:00+00:00,22.15999984741211,0.008428876356138648,0.00035172844633235214,0.00037041625130287335,0.0005046182467452041,0.0006534418919560675,0.0010819308207733814,0.0015429357056549234,0.0032657011511586964,0.006445211693593974
2021-12-13 00:00:00+00:00,22.290000915527344,0.005849333477885299,7.104595662707314e-05,0.0004227744029594253,0.0004414622079299465,0.0006700468737366877,0.0007252143984632147,0.001335272356369251,0.0033130202522987395,0.006507371645444009
2021-12-14 00:00:00+00:00,21.886999130249023,-0.01824537494753109,3.421470213550973e-05,0.00010526065876258293,0.00045698910509493507,0.0006098789055077869,0.0007587025507186504,0.0011894188089430359,0.002959775824732264,0.006490356698697529
2021-12-15 00:00:00+00:00,21.507999420166016,-0.01746788153526202,0.0003328937069759951,0.0003671084091115049,0.00043815436573857805,0.0008085706170414513,0.0010371552828481925,0.0015200851865119595,0.001987847979332957,0.0067986746655049396
2021-12-16 00:00:00+00:00,22.45499992370605,0.04308837115362385,0.0003051268853299478,0.000638020592305943,0.0006722352944414527,0.001095009697400878,0.00124789949781373,0.0013974496929046675,0.0022862169567234494,0.006541329540197451
2021-12-17 00:00:00+00:00,22.506999969482425,0.002313067438480143,0.001856607728672444,0.0021617346140023917,0.0024946283209783867,0.0025998889797409696,0.0029703052310438433,0.003253330871697037,0.0038641153794831476,0.008260389231213923
2021-12-20 00:00:00+00:00,22.274999618530277,-0.010361414349135512,5.3502809749570905e-06,0.0018619580096474013,0.002167084894977349,0.0025341933040888536,0.002956967707048279,0.0032042401778255413,0.00368939741089638,0.007433004659810725
2021-12-21 00:00:00+00:00,22.50200080871582,0.010139273857201925,0.00010735890731447127,0.00011270918828942859,0.0019693169169618724,0.002607337509267815,0.0027125981680303983,0.0032172164147756025,0.0037945289888037794,0.0074355524332654415
2021-12-22 00:00:00+00:00,22.79199981689453,0.012805359073236211,0.0001028048743513384,0.0002101637816658099,0.00021551406264076677,0.0023772486766431584,0.0027443570857546636,0.00318581929368461,0.003469571484217878,0.007288243112131601
2021-12-23 00:00:00+00:00,22.93099975585937,0.006080107100254306,0.00016397722099451296,0.00026678209534585157,0.0003741410026603226,0.0022360990123077235,0.0028741196046136665,0.0033311087097086015,0.0036328221553323173,0.00736811247329961
2021-12-27 00:00:00+00:00,22.97900009155273,0.0020910630948893782,3.696770235056283e-05,0.00020094492334507598,0.0003037497976964142,0.00041645898598584254,0.0025781935999882343,0.0030163479657268123,0.003615348882836427,0.007062794858190336
2021-12-28 00:00:00+00:00,23.11100006103516,0.005727937945200878,4.372544866808345e-06,4.134024721737139e-05,0.00020531746821188414,0.0004154812498776938,0.002277439259525095,0.0029496745539665478,0.0035253387573388247,0.0066121211042818465
2021-12-29 00:00:00+00:00,22.847999572753903,-0.011445129844513957,3.280927310407206e-05,3.7181817970880626e-05,7.414952032144324e-05,0.0003409316156672946,0.00045364080395672297,0.00294826912493511,0.0034239460350005664,0.006642046949079719
2021-12-30 00:00:00+00:00,23.027999877929688,0.007847294054934562,0.00013099099715778407,0.00016380027026185635,0.00016817281512866448,0.00036911773847374024,0.00057928152013955,0.002746366415116899,0.003536249227187829,0.006684766199283382
2021-12-31 00:00:00+00:00,23.327999114990234,0.012943456375973827,6.158002398461131e-05,0.0001925710211423956,0.00022538029424646743,0.00026672054146383863,0.00053350263680969,0.0025028195537715623,0.003246100804840088,0.00670392205742364
2022-01-03 00:00:00+00:00,22.790000915527344,-0.02333243445866584,0.00016753306295673752,0.00022911308694134906,0.0003601040840991329,0.00039728590207001335,0.0005982308254150891,0.0008137448880558559,0.0033425879111697522,0.006792240080164702
2022-01-04 00:00:00+00:00,23.038000106811523,0.010823147710714132,0.0005444024977679371,0.0007119355607246749,0.000773515584709286,0.0009373158549711421,0.0009786561021885134,0.001352797104848836,0.0038527757068021803,0.007223737516723458
2022-01-05 00:00:00+00:00,23.149999618530277,0.004849732913435378,0.00011714052636793655,0.000661543024135874,0.0008290760870926113,0.0010216471082350066,0.0010588289262058869,0.0013625787239023013,0.0036370225261941214,0.007317151187604366
2022-01-06 00:00:00+00:00,22.173999786376957,-0.04307434233785212,2.3519909331658403e-05,0.00014066043569959516,0.0006850629334675321,0.0009141760204088809,0.001077976290670737,0.0012832937588826213,0.003355415550195832,0.006953211967234039
2022-01-07 00:00:00+00:00,22.393999099731445,0.009872603920458634,0.0018553989678384798,0.0018789188771701384,0.0019960594035380746,0.0027079949642627495,0.0029005659854051445,0.0029747155057265884,0.0033542067893618677,0.007503789382697216
2022-01-10 00:00:00+00:00,22.44599914550781,0.0023193608885918593,9.746830817025518e-05,0.0019528672760087352,0.0019763871853403932,0.002637930209476267,0.002867043296417616,0.0030352161115462803,0.003446324816557166,0.007594499782928016
2022-01-11 00:00:00+00:00,22.80599975585937,0.01591126200479387,5.3794349315296195e-06,0.00010284774310178502,0.0019582467109402644,0.0020989071466398592,0.002810842707364534,0.003036223001611002,0.003344345344174224,0.0073211699119468
2022-01-12 00:00:00+00:00,23.200000762939453,0.017128663027523583,0.000253168258585197,0.0002585476935167268,0.00035601600168698157,0.0022349348788571204,0.0028964779029929935,0.0032565819870921265,0.003494708728408083,0.0073942699209702725
2022-01-13 00:00:00+00:00,23.155000686645508,-0.0019415419705621773,0.00029339109711045336,0.0005465593556956505,0.0005519387906271797,0.0025048060666359147,0.0026454665023355095,0.003418982087044796,0.0036241226045240233,0.007685433688673654
2022-01-14 00:00:00+00:00,22.910999298095703,-0.01059365564879311,3.7695852234544626e-06,0.00029716068233390805,0.0005503289409191046,0.0006531766840208896,0.002532095561191028,0.003361171648283639,0.0035909244873969146,0.0072614408949598684
2022-01-18 00:00:00+00:00,23.48699951171875,0.024829941866230776,0.00011222554000520616,0.00011599512522866085,0.0004093862223391138,0.0006679339158558406,0.0026208011918645753,0.003305864125332108,0.003698777482535313,0.007372939885085
2022-01-19 00:00:00+00:00,24.22599983215332,0.030979373861780513,0.0006165260130803999,0.0007287515530856063,0.0007325211383090603,0.0012790804940047108,0.0013819282371064954,0.00337798764064457,0.004282494222511641,0.007935024923318948
2022-01-20 00:00:00+00:00,24.711000442504883,0.019822076868182492,0.0009597216048679696,0.0015762476179483698,0.0016884731579535754,0.0019856338402874834,0.0022441815338042096,0.004220568719144603,0.0051112248302218255,0.008800363857822506
2022-01-21 00:00:00+00:00,24.31399917602539,-0.016196224289717787,0.00039291473136813545,0.0013526363362361053,0.0019691623493165045,0.0020851574745451656,0.002631716830240816,0.004589963541181081,0.00544255953760535,0.00905907659374831
2022-01-24 00:00:00+00:00,23.795000076293945,-0.02157680446533039,0.00026231768124284445,0.0006552324126109801,0.0016149540174789493,0.0023437055705645554,0.002640866252898463,0.0029968822545854454,0.005537344155891457,0.009302706470020634
2022-01-25 00:00:00+00:00,23.895999908447266,0.004235599303133775,0.00046555849093510147,0.0007278761721779461,0.0011207909035460813,0.0026970385214944506,0.002813033646723111,0.0033649724373502913,0.005458500149058621,0.009416536514623383
2022-01-26 00:00:00+00:00,23.80699920654297,-0.0037314553308660514,1.794030145670732e-05,0.000483498792391809,0.000745816473634653,0.0020984528098707583,0.002827204362956364,0.003377533303875469,0.005359299924147392,0.009363430859453018
2022-01-27 00:00:00+00:00,22.67300033569336,-0.04880481770127343,1.3923758886248672e-05,3.186406034295621e-05,0.0004974225512780572,0.0011526549638890375,0.0027289025818374064,0.003138288804176521,0.005349703773701982,0.009343139916203757
2022-01-28 00:00:00+00:00,22.302000045776367,-0.016498441454631863,0.002381910230854532,0.002395833989740781,0.002413774291197488,0.003141650463375434,0.0044942867996115386,0.0052268079379206,0.005876215036718035,0.011392156440082294
2022-01-31 00:00:00+00:00,22.395000457763672,0.004161377503966168,0.0002721985704319151,0.0026541088012864474,0.002668032560172696,0.003151531352564505,0.0038067637651754845,0.00549523692312906,0.006050945298979695,0.011359228125184261
2022-02-01 00:00:00+00:00,22.59600067138672,0.008935189075947036,1.7317062730515698e-05,0.0002895156331624308,0.002671425864016963,0.0027032899243599187,0.0034311660965378648,0.00540032844585437,0.006062882926778681,0.009519937459242333
2022-02-02 00:00:00+00:00,22.711000442504883,0.005076478921970384,7.983760382292325e-05,9.715466655343895e-05,0.0003693532369853541,0.002765187226726135,0.0032486860191179435,0.004863640036596894,0.005889552272016407,0.0095944247820903
2022-02-03 00:00:00+00:00,22.375,-0.014905143936702281,2.5770638245209595e-05,0.00010560824206813284,0.00012292530479864855,0.002777034106085096,0.0028088981664280517,0.003929689069974133,0.005621931813151164,0.009512836513021037
2022-02-04 00:00:00+00:00,22.475000381469727,0.004459333169833712,0.00022216331577381277,0.00024793395401902235,0.0003277715578419456,0.0006172871910043764,0.0030131211807451572,0.0037589376543798107,0.005840325543701522,0.009632194954443512
2022-02-07 00:00:00+00:00,23.076000213623047,0.02638952832125918,1.9885652319579185e-05,0.00024204896809339196,0.0002678196063386016,0.0003649742728920405,0.0030190830741784877,0.003516505625456545,0.005747985656015895,0.009488103385768578
2022-02-08 00:00:00+00:00,23.19499969482422,0.005143599394730636,0.0006964072050185405,0.0007162928573381197,0.0009384561731119324,0.0010440644151800652,0.001333580048342496,0.0037473543395399843,0.005827866847954034,0.010147542888436556
2022-02-09 00:00:00+00:00,23.336000442504883,0.006060526481005191,2.6456614733473363e-05,0.0007228638197520138,0.000742749472071593,0.0009906834260906155,0.0010878380926440544,0.0037558706528167504,0.004894601857819539,0.01016962695830322
2022-02-10 00:00:00+00:00,23.518999099731445,0.007811315313649647,3.672998122696516e-05,6.318659596043852e-05,0.000759593800978979,0.001001642769072371,0.0011072510111405037,0.003778676875157467,0.004538417107678368,0.010173547666426114
2022-02-11 00:00:00+00:00,23.36599922180176,-0.006526625851167811,6.1016646929257485e-05,9.774662815622266e-05,0.00012420324288969602,0.0008404961002278157,0.001088430054246838,0.001457783291232192,0.0043371160733647815,0.010103573316197587
2022-02-14 00:00:00+00:00,23.84499931335449,0.020292581963752276,4.2596845001131956e-05,0.00010361349193038945,0.0001403434731573546,0.0008632072929093685,0.0011052562610027604,0.001228181565801409,0.003914154427430812,0.010084590137214107
2022-02-15 00:00:00+00:00,23.33799934387207,-0.021491617684212372,0.0004117888827556042,0.00045438572775673613,0.0005154023746859936,0.0005785889706464322,0.001294881827984552,0.0016226533858264974,0.004308003008729709,0.010328845957012976
2022-02-16 00:00:00+00:00,23.60099983215332,0.011206171633599382,0.00046188963068434995,0.0008736785134399541,0.0009162753584410861,0.0010140219865973088,0.0017368858063493225,0.002004705412687924,0.00475596888052781,0.010246333089929388
2022-02-17 00:00:00+00:00,23.874000549316406,0.011500946778458143,0.00012557828268168743,0.0005874679133660374,0.0009992567961216417,0.001102870288052031,0.0011660568840124695,0.0021045130571244017,0.0024996369323549658,0.010254770846243138
2022-02-18 00:00:00+00:00,23.99099922180176,0.004888703898944247,0.00013227177680092675,0.00025785005948261415,0.0007197396901669641,0.0011741254179237002,0.001271872046079923,0.002014621518151516,0.0023597101387239773,0.010363522713712407
2022-02-22 00:00:00+00:00,24.31100082397461,0.01325022912955598,2.3899425811552677e-05,0.00015617120261247943,0.00028174948529416686,0.001155427998734121,0.0012590414906645103,0.0020186352916434893,0.0023662925018050145,0.00853202317168548
2022-02-23 00:00:00+00:00,24.55500030517578,0.009986555209134718,0.0001755685719857338,0.0001994679977972865,0.0003317397745982132,0.0009192076879642507,0.0013735934157209867,0.0014977966586106827,0.002462023469967825,0.008610123435500957
2022-02-24 00:00:00+00:00,24.68600082397461,0.005320802780488965,9.973128494509577e-05,0.0002752998569308296,0.00029919928274238223,0.0005570493422249964,0.0014307278556649505,0.0015710713288223052,0.002535984116667711,0.008704475285514523
2022-02-25 00:00:00+00:00,23.996999740600582,-0.028307502974816767,2.8310942228859095e-05,0.00012804222717395486,0.0003036107991596887,0.00045978200177216813,0.0010472499151382055,0.001562652289824199,0.0023421317431227572,0.008479617969158186
2022-02-28 00:00:00+00:00,24.36100006103516,0.015054683682562242,0.0008013147246692602,0.0008296256668981193,0.000929356951843215,0.0011288249496405015,0.0013866750091231156,0.002302950367564202,0.0031235608154724383,0.008987541596716993
2022-03-01 00:00:00+00:00,25.53400039672852,0.04702741752772699,0.00022664350078200582,0.001027958225451266,0.001056269167680125,0.0013315690246109547,0.001487740227223434,0.0024869970233450758,0.0026537971112359036,0.009210415512275544
2022-03-02 00:00:00+00:00,25.183000564575195,-0.01384172682085616,0.0022115779993271637,0.0024382215001091693,0.0032395362247784297,0.0033675784519523848,0.003567046449749671,0.004286786139916635,0.004838918495829594,0.011309767971597502
2022-03-03 00:00:00+00:00,25.20499992370605,0.0008731983930898579,0.00019159340138320875,0.0024031714007103724,0.002629814901492378,0.0034594405683904977,0.003734740425321327,0.004016489910615494,0.004993781915985838,0.01088483535990031
2022-03-04 00:00:00+00:00,25.78199958801269,0.02263417353360664,7.6247543369471e-07,0.00019235587681690346,0.002403933876144067,0.0034318921015953335,0.0035599343287692877,0.003891674103367501,0.004933527744490275,0.009925876230466037
2022-03-07 00:00:00+00:00,25.71299934387207,-0.002679882973770642,0.0005123058115494193,0.0005130682869831139,0.0007046616883663227,0.0031428831884754926,0.003972508855373611,0.004271708138115993,0.005403236711038562,0.01004526731064732
2022-03-08 00:00:00+00:00,26.88800048828125,0.04468343351513138,7.181772753105779e-06,0.0005194875843025249,0.0005202500597362196,0.002923421460446592,0.003951379685897858,0.004254990485057547,0.004998629601036063,0.009790131402157582
2022-03-09 00:00:00+00:00,25.756999969482425,-0.042973674940576245,0.001996609230701166,0.0020037910034542716,0.002516096815003691,0.0027084526918205944,0.005146674191929764,0.006076031143772979,0.00653334920105288,0.011321182141923646
2022-03-10 00:00:00+00:00,26.20199966430664,0.017129297277684863,0.0018467367378983107,0.0038433459685994764,0.003850527741352583,0.004363596028335697,0.0067667674290460686,0.007823036596726193,0.008254507656269503,0.01314997857836525
2022-03-11 00:00:00+00:00,26.106000900268555,-0.0036705234680152188,0.0002934128252273021,0.0021401495631256126,0.0041367587938267785,0.004656246378129304,0.004848602254946208,0.008088138479724637,0.008415648704695878,0.013429467644706303
2022-03-14 00:00:00+00:00,25.24399948120117,-0.033576724281096926,1.3472742529250469e-05,0.00030688556775655256,0.0021536223056548634,0.004157413309109135,0.004670481596092249,0.0073002964975846275,0.008405222021413576,0.01106103015638102
2022-03-15 00:00:00+00:00,25.12299919128418,-0.004804754140094847,0.001127396413448804,0.0011408691559780543,0.0014342819812053565,0.005277627949804833,0.005797115534107358,0.008201049410251425,0.009357049862876646,0.01191622799939791
2022-03-16 00:00:00+00:00,24.670000076293945,-0.018195795396680925,2.308566234675857e-05,0.0011504820757955625,0.0011639548183248129,0.003304104381450426,0.0053078953849046975,0.006012557073271019,0.009280404240278308,0.011921996599014151
2022-03-17 00:00:00+00:00,25.583999633789062,0.03637920814369178,0.0003310869701178747,0.0003541726324646333,0.0014815690459134372,0.0017884546136699897,0.005631800582269466,0.0061520506420056865,0.009583180268167325,0.012173245965309104
2022-03-18 00:00:00+00:00,25.05500030517578,-0.02089372118561439,0.00132344678516205,0.0016545337552799247,0.0016776194176266832,0.0028184885736047376,0.004958638136730351,0.007474734951734042,0.010105312328660115,0.013470922112225944
2022-03-21 00:00:00+00:00,25.28199958801269,0.00901924318576608,0.00043654758498219156,0.0017599943701442416,0.002091081340262116,0.0032415634160576786,0.003548448983814231,0.007398976725166814,0.0103152164128603,0.013685306381434323
2022-03-22 00:00:00+00:00,24.88500022888184,-0.015827442269588765,8.134674764398786e-05,0.0005178943326261794,0.0018413411177882295,0.0021955137502528625,0.0033363829062309173,0.007473141700057695,0.008184985161177124,0.013746767476758731
2022-03-23 00:00:00+00:00,25.170000076293945,0.011387590670270509,0.0002505079287971652,0.00033185467644115306,0.0007684022614233446,0.0024229360167032695,0.0035734180924988316,0.005727040398153695,0.00824389968859108,0.013300868200537356
2022-03-24 00:00:00+00:00,25.899999618530277,0.028590141798560786,0.00012967722127363193,0.00038018515007079716,0.000461531897714785,0.0022215262678590263,0.0025756989003236598,0.004009980881529016,0.008372814434431018,0.013404088807077516
2022-03-25 00:00:00+00:00,25.59499931335449,-0.011845960894715013,0.0008173962080618126,0.0009470734293354446,0.0011975813581326098,0.0017154756907587893,0.0033700094460387135,0.004533964264363527,0.008677904830943411,0.014184755033912363
2022-03-28 00:00:00+00:00,25.176000595092773,-0.01650580968280657,0.00014032678951911732,0.00095772299758093,0.001087400218854562,0.001419254895295715,0.0031792492654399564,0.004660818311353394,0.008811049847709421,0.014264065176502222
2022-03-29 00:00:00+00:00,24.715999603271484,-0.01844039225216232,0.0002724417532850312,0.0004127685428041485,0.0012301647508659612,0.0016103499009367582,0.0021282442335629377,0.003805863651189621,0.007086882370293288,0.014493910084786121
2022-03-30 00:00:00+00:00,25.10300064086914,0.015536595290249977,0.0003400480664136081,0.0006124898196986393,0.0007528166092177567,0.0016998900385532011,0.0020317447149943543,0.00412282605525647,0.0055801936988085854,0.014422169268444125
2022-03-31 00:00:00+00:00,25.121000289916992,0.0007167748281662334,0.00024138579321301778,0.0005814338596266259,0.0008538756129116571,0.001811598610492587,0.002191783760563384,0.004033124878351614,0.005528166666794301,0.014201665430972793
2022-04-01 00:00:00+00:00,24.642000198364254,-0.019251849013343314,5.137661542927334e-07,0.0002418995593673105,0.0005819476257809186,0.0009947161685850672,0.0019417895979205117,0.0027101918593438567,0.0055152076904193435,0.0140766009144454
2022-04-04 00:00:00+00:00,24.583999633789062,-0.0023565023204490387,0.00037063369043256793,0.00037114745658686066,0.0006125332497998784,0.0012250230694985176,0.0021827460670794476,0.002644277964794233,0.004758444967403108,0.01431496282807704
2022-04-05 00:00:00+00:00,24.527999877929688,-0.002280492779187071,5.553103186281704e-06,0.00037618679361884965,0.0003767005597731424,0.0009581344193997682,0.0013709029622039166,0.0025684843203365266,0.004740912408242631,0.014296616505451769
2022-04-06 00:00:00+00:00,24.45499992370605,-0.0029806262811327144,5.200647315924371e-06,1.0753750502206075e-05,0.000381387440934774,0.0006232870003020846,0.0012357768200007239,0.002323177038855286,0.00441502608544068,0.01412624858078196
2022-04-07 00:00:00+00:00,24.732999801635746,0.011303685433681654,8.884133027779036e-06,1.4084780343703406e-05,1.963788352998511e-05,0.00039078534011684576,0.0009722191997434716,0.002202383950609433,0.0031004634333064098,0.014035401428864643
2022-04-08 00:00:00+00:00,24.819000244140625,0.0034711224077659253,0.0001277733043836268,0.00013665743741140583,0.0001418580847273302,0.0005180448783461799,0.0007599444377134905,0.0015127610469312471,0.0027916891527078446,0.01413486379101941
2022-04-11 00:00:00+00:00,24.97800064086914,0.006385964385238196,1.2048690769694714e-05,0.00013982199515332153,0.00014870612818110055,0.00015945987868330665,0.0005306073352701673,0.0013844829481818243,0.0027223910958335514,0.013345597757119845
2022-04-12 00:00:00+00:00,25.725000381469727,0.029467833450631087,4.0780541129530656e-05,5.282923189922537e-05,0.0001806025362828522,0.00019468731662655562,0.0005708741102454052,0.001152821736026324,0.002512663708165917,0.01315973479746737
2022-04-13 00:00:00+00:00,26.020000457763672,0.01140219412825294,0.0008683532082741324,0.000909133749403663,0.0009211824401733578,0.0010578398775847636,0.0010685936280869696,0.001681126877886848,0.0032513396951664177,0.011816510006414338
2022-04-14 00:00:00+00:00,25.690000534057617,-0.01276365876678831,0.00013001003093836584,0.0009983632392124983,0.001039143780342029,0.0011789657754953504,0.0011930505558390538,0.0015697511156121961,0.002563953518042971,0.011754926635969496
2022-04-18 00:00:00+00:00,26.13999938964844,0.017364852936409658,0.0001629109851150121,0.00029292101605337794,0.0011612742243275105,0.0012141034562267359,0.0013507608936381417,0.0017321483345729156,0.0025865377136388657,0.011917075145650814
2022-04-19 00:00:00+00:00,25.391000747680664,-0.029071874874191383,0.0003015381175031351,0.0004644491026181472,0.000594459133556513,0.001503592882960176,0.0016434148781134974,0.0016630527616434828,0.002615634077856969,0.011706307451604529
2022-04-20 00:00:00+00:00,25.270000457763672,-0.0047768704575426035,0.0008451739087006403,0.0011467120262037755,0.0013096230113187875,0.0023079862505312855,0.002360815482430511,0.0025026735671578415,0.0031207599201440012,0.012544299587552063
2022-04-21 00:00:00+00:00,24.621000289916992,-0.026018190424133003,2.281849136814328e-05,0.0008679924000687836,0.0011695305175719187,0.0014624515336252965,0.00237158528302896,0.0025202914112100604,0.002902192618299127,0.010570508848219041
2022-04-22 00:00:00+00:00,24.256999969482425,-0.014894514825884997,0.0006769462329464463,0.0006997647243145896,0.00154493863301523,0.002009387735633377,0.0030077509748458755,0.0031883535111287276,0.0035786250850912806,0.009400718343267176
2022-04-25 00:00:00+00:00,23.667999267578125,-0.02458134039620319,0.00022184657189850798,0.0008987928048449543,0.0009216112962130976,0.002068323322416873,0.002361244338470251,0.003282426778643609,0.0034298379665572204,0.009329152089938383
2022-04-26 00:00:00+00:00,23.54199981689453,-0.005337841656319675,0.0006042422956740107,0.0008260888675725187,0.001503035100518965,0.0023710275005877487,0.002835476603205896,0.003874620383547925,0.00402852715904495,0.009919921643083142
2022-04-27 00:00:00+00:00,23.45800018310547,-0.003574456307481988,2.8492553547941572e-05,0.0006327348492219523,0.0008545814211204603,0.00155434614543505,0.0027010581716388252,0.0038623323959663357,0.004051819065276967,0.00882101778318228
2022-04-28 00:00:00+00:00,23.128999710083008,-0.014124367026406848,1.2776737894097768e-05,4.126929144203934e-05,0.0006455115871160501,0.0015443043919610045,0.002412296792029788,0.003006755925586301,0.0040557116701432855,0.00881070885872962
2022-04-29 00:00:00+00:00,23.040000915527344,-0.0038553533144591867,0.000199497743896649,0.00021227448179074676,0.00024076703533868835,0.001066855902911207,0.0017666206272257965,0.003076243638544584,0.004127436109656307,0.008679119632508394
2022-05-02 00:00:00+00:00,22.54400062561035,-0.02176289265715914,1.4863749179311437e-05,0.00021436149307596045,0.0002271382309700582,0.0008598730801920105,0.0017586658850369647,0.0029281964026088834,0.004130251168065925,0.007370536596525656
2022-05-03 00:00:00+00:00,22.621000289916992,0.00340970828501419,0.00047362349680703117,0.0004884872459863426,0.0006879849898829916,0.0007292542813250309,0.0015553431488975495,0.0031002817819127796,0.0045630941237434245,0.0074076125083504946
2022-05-04 00:00:00+00:00,22.36199951171875,-0.011515623302110978,1.162611058889441e-05,0.0004852496073959256,0.000500113356575237,0.0007123878383659837,0.0013451226875879358,0.0022667339838010336,0.0037063670260581868,0.007337891871295401
2022-05-05 00:00:00+00:00,22.399999618530277,0.0016978739412318866,0.00013260958003612135,0.00014423569062501577,0.000617859187432047,0.0008322206805080074,0.0008734899719500466,0.0023765250724690117,0.0037089665751559426,0.007219993522534358
2022-05-06 00:00:00+00:00,22.325000762939453,-0.003353780894313818,2.8827759203143e-06,0.00013549235595643566,0.00014711846654533008,0.0006356057125316727,0.0008478801943224193,0.0017024616154428798,0.0035489383659612446,0.00709319907718104
2022-05-09 00:00:00+00:00,21.78199958801269,-0.024623239197405056,1.1247846287064394e-05,1.4130622207378694e-05,0.00014674020224350004,0.0006319898096394256,0.0008463513027153859,0.0014918628898314362,0.0032586480947451742,0.006287050715406291
2022-05-10 00:00:00+00:00,21.38999938964844,-0.018160427179497507,0.0006063039085726248,0.0006175517548596892,0.0006204345307800035,0.0007646702214050192,0.0012531574673913617,0.00149392450273005,0.0030197780946171586,0.006753027834459799
2022-05-11 00:00:00+00:00,21.549999237060547,0.007452286586653756,0.0003298011153418318,0.0009361050239144566,0.000947352870201521,0.0010828452261579565,0.001568094833553882,0.0017952330645239403,0.003326760718590847,0.0068103871965166
2022-05-12 00:00:00+00:00,20.756999969482425,-0.037492243431979766,5.553657536961949e-05,0.0003853376907114513,0.000991641599284076,0.0010057722214914548,0.0011500079121164704,0.0018379929019994622,0.0027053510610140206,0.006525875705472611
2022-05-13 00:00:00+00:00,20.983999252319336,0.010876669219030077,0.0014056683175628299,0.0014612048929324494,0.0017910060082742812,0.0024085577631339705,0.002544050119090406,0.003044163475665643,0.003889172806678342,0.007690158229822423
2022-05-16 00:00:00+00:00,21.53499984741211,0.02591930448691393,0.00011830193330019635,0.0015239702508630262,0.0015795068262326457,0.0025156118501471025,0.002529742472354481,0.003147601659786528,0.0034032324443045276,0.007807946396968327
2022-05-17 00:00:00+00:00,21.73699951171875,0.009336343807091918,0.0006718103450853566,0.0007901122783855529,0.0021957805959483827,0.002581118286659834,0.003198670041519523,0.0033457885080648534,0.004046550235841943,0.008109123051621115
2022-05-18 00:00:00+00:00,21.53300094604492,-0.00942916916846448,8.716731568422361e-05,0.0007589776607695802,0.0008772795940697766,0.002338484487002226,0.0032745895109166823,0.0034213297131601822,0.004120940813632069,0.008190737264119058
2022-05-19 00:00:00+00:00,21.89800071716309,0.0168086551422717,8.890923120752113e-05,0.00017607654689174473,0.0008478868919771013,0.0023718571428401275,0.0027571948335515786,0.0033776293643315823,0.004010352300942941,0.008274445848010655
2022-05-20 00:00:00+00:00,21.66900062561035,-0.010512644593362541,0.0002825308876918169,0.000371440118899338,0.0004586074345835616,0.0012487197129691144,0.0027099246059015636,0.003657277476103085,0.004278019439455446,0.008548092602674692
2022-05-23 00:00:00+00:00,21.722999572753903,0.0024888907988454,0.00011051569634635466,0.0003930465840381715,0.0004819558152456926,0.0012409334760152728,0.0027649037268782993,0.0037565453261623753,0.0039149116389947695,0.00853083499463742
2022-05-24 00:00:00+00:00,22.0629997253418,0.015530397470540525,6.194577408577294e-06,0.0001167102737549319,0.00039924116144674887,0.0005753177083384935,0.0013654299867240463,0.003156435994998328,0.003909480105814453,0.008524980881276303
2022-05-25 00:00:00+00:00,21.86000061035156,-0.009243474208096458,0.00024119324559297153,0.00024738782300154876,0.00035790351934790346,0.0007293436382472414,0.0014883212990168214,0.003067828125249468,0.0040180637713713024,0.008725393585739745
2022-05-26 00:00:00+00:00,21.94099998474121,0.0036985212950431112,8.544181543574445e-05,0.0003266350610287159,0.0003328296384372933,0.0007258762224754648,0.0009019527693672093,0.0030977333653155925,0.004100622810886733,0.007942482192901355
2022-05-27 00:00:00+00:00,22.059999465942383,0.005408957651668711,1.3679059769887372e-05,9.912087520563175e-05,0.0003403141207986033,0.0004570243945535353,0.0008284645134528731,0.0017057441075226498,0.004103054024369556,0.007826151221732877
2022-05-31 00:00:00+00:00,21.650999069213867,-0.01871438984823559,2.9256822877545498e-05,4.2935882647432785e-05,0.00012837769808317733,0.00037576552108472617,0.0007688121051228975,0.0016166989970999989,0.0035260069386744766,0.007692497059495411
2022-06-01 00:00:00+00:00,21.88400077819824,0.010704211993925572,0.00035022838739174337,0.0003794852102692888,0.00039316427003917623,0.0007197993310678922,0.000836509604822824,0.0012951170394063858,0.0035464342107243882,0.007741187329384018
2022-06-02 00:00:00+00:00,22.253999710083008,0.016765942946148193,0.00011458015441090007,0.00046480854180264337,0.000494065364680189,0.0005931862398858207,0.0008405740628873694,0.0013225298781330624,0.0036054777897656684,0.0070105935750942785
2022-06-03 00:00:00+00:00,21.88999938964844,-0.016491871055768215,0.00028109684287349636,0.00039567699728439637,0.0007459053846761397,0.0007888412673235727,0.0011154763283522885,0.0015147174897990373,0.0024809063150763354,0.007268871926599632
2022-06-06 00:00:00+00:00,22.073999404907227,0.008370534739595481,0.0002719818109200854,0.0005530786537935817,0.0006676588082044819,0.0010471440184737708,0.0011462648936794023,0.001504168413027306,0.002634586192696224,0.006863907504573271
2022-06-07 00:00:00+00:00,22.15900039672852,0.0038433340190864307,7.006585182677478e-05,0.0003420476627468601,0.0006231445056203565,0.001087953047423,0.0011308889300704326,0.001463718568507726,0.0020328416994376424,0.006712126784501537
2022-06-08 00:00:00+00:00,22.073999404907227,-0.0038433340190864307,1.4771216382267056e-05,8.483706820904178e-05,0.0003568188791291272,0.0007524958764135236,0.0011319810866828124,0.0014722952074814157,0.001960445600135686,0.006122655705209794
2022-06-09 00:00:00+00:00,21.79700088500977,-0.012628032142960155,1.4771216382267056e-05,2.954243276453411e-05,9.960828459130889e-05,0.0006526869383848906,0.0011174954801875339,0.0012458731782707113,0.0018863075853104317,0.006108934368044119
2022-06-10 00:00:00+00:00,21.913000106811523,0.005307686638870823,0.00015946719580363483,0.00017423841218590185,0.00018900962856816894,0.0005310572913150291,0.0009267342885994254,0.0013198985586386016,0.0017632438934222497,0.006255624825953657
2022-06-13 00:00:00+00:00,21.23600006103516,-0.031382215292049764,2.817153745644786e-05,0.00018763873326008263,0.00020240994964234975,0.00028724701785139156,0.0008403256716449731,0.0013343910363251622,0.001680899734532343,0.006084298619513455
2022-06-14 00:00:00+00:00,20.93600082397461,-0.014227653010886687,0.000984843436636562,0.0010130149740930098,0.0011724821698966446,0.0012020246026611787,0.0015440722654080387,0.0022899776500841787,0.0026595485937603277,0.0070542783069707056
2022-06-15 00:00:00+00:00,21.402000427246094,0.022014190983039583,0.000202426110198193,0.001187269546834755,0.0012154410842912028,0.0013896794964771044,0.0014745165646861463,0.002142175372890628,0.002620781458365549,0.006783080920361868
2022-06-16 00:00:00+00:00,21.867000579833984,0.021494282016864652,0.0004846246046377413,0.0006870507148359343,0.0016718941514724962,0.001859532884732579,0.0018890753174971128,0.0025122198231174696,0.003019964247567546,0.007256079414410714
2022-06-17 00:00:00+00:00,21.572999954223636,-0.013536146918041059,0.00046200415942051115,0.0009466287640582524,0.0011490548742564455,0.002162069848349455,0.002336308260535357,0.0026931271396644844,0.00346828934721817,0.007585473993795104
2022-06-21 00:00:00+00:00,21.753999710083008,0.008355104678054559,0.00018322727338679245,0.0006452314328073036,0.001129856037445045,0.0023171255842797996,0.0025047643175398824,0.0026043726021311915,0.0036222597977274167,0.0077658184912615825
2022-06-22 00:00:00+00:00,21.40699958801269,-0.016079683244955678,6.980777418124918e-05,0.0002530350475680416,0.0007150392069885528,0.0014020899218244868,0.002415104895917497,0.0026041145244856657,0.0033418391845169222,0.007824378419155767
2022-06-23 00:00:00+00:00,21.03199958801269,-0.017672884260651056,0.0002585562132581084,0.0003283639874393575,0.00051159126082615,0.0014582200248844024,0.0026454895717191573,0.002847899521361507,0.0034858152433641307,0.0074766307238412506
2022-06-24 00:00:00+00:00,21.11599922180176,0.003985942268895926,0.0003123308380903678,0.0005708870513484762,0.0006406948255297253,0.0012859262583370288,0.001972976973172963,0.003145459143069608,0.003517049238581002,0.007459160446589787
2022-06-27 00:00:00+00:00,21.15900039672852,0.0020343555361406196,1.58877357709712e-05,0.00032821857386133895,0.0005867747871194475,0.0008398098346874889,0.0017864385987457414,0.0030018796830369445,0.0032609551634318885,0.007419511606991139
2022-06-28 00:00:00+00:00,20.79700088500977,-0.017256577553555363,4.138602447425988e-06,2.0026338218397134e-05,0.00033235717630876504,0.0006607211637481224,0.0013059525965554261,0.0029778467480279223,0.003195027914052539,0.006017981891875735
2022-06-29 00:00:00+00:00,20.667999267578125,-0.006222213103011409,0.0002977894688618708,0.0003019280713092967,0.000317815807080268,0.000888702858428744,0.0011417379059967855,0.002290792780253231,0.003478046166532143,0.00619746942743741
2022-06-30 00:00:00+00:00,20.28199958801269,-0.018852802110604028,3.8715935899286866e-05,0.0003365054047611576,0.0003406440072085837,0.0006688625810699224,0.00099722656850928,0.002127082605954325,0.003501990886049163,0.0055643750182513396
2022-07-01 00:00:00+00:00,19.597000122070312,-0.034357273350904105,0.0003554281474215957,0.0003941440833208825,0.0006919335521827533,0.0007119598904011502,0.0012828469417496264,0.0019978861487381797,0.0036979518376671237,0.0058326358499887114
2022-07-05 00:00:00+00:00,19.052000045776367,-0.028204414184626714,0.0011804222321087454,0.001535850379530341,0.001574566315429628,0.0018764943867389246,0.0022047129606002636,0.0027163042214264138,0.004850202532319421,0.006924148850889936
2022-07-06 00:00:00+00:00,19.084999084472656,0.0017305528848288176,0.0007954889794979725,0.0019759112116067177,0.002331339359028314,0.002667844763789471,0.002687871102007868,0.003328565927537594,0.004660848075180832,0.007437106942696091
2022-07-07 00:00:00+00:00,19.121999740600582,0.0019368528716086075,2.994813287189343e-06,0.0007984837927851619,0.001978906024893907,0.0023730501082147894,0.0026749781795240863,0.003261752966643534,0.004461416778269828,0.0073295860596369255
2022-07-08 00:00:00+00:00,19.16699981689453,0.0023505496373950052,3.7513990462585093e-06,6.746212333447852e-06,0.0008022351918314204,0.002338085571361761,0.0026745909761229187,0.003006948152431684,0.003980543572678345,0.007327142881274607
2022-07-11 00:00:00+00:00,19.066999435424805,-0.005230978262915631,5.525083597857791e-06,9.2764826441163e-06,1.2271295931305643e-05,0.0019881825075380236,0.002382326590858906,0.0027001423979391742,0.003524064496855692,0.007091474719279493
2022-07-12 00:00:00+00:00,18.89900016784668,-0.008850042978090666,2.736313358709583e-05,3.288821718495362e-05,3.6639616231212135e-05,0.0008351234090163738,0.0023709737885467146,0.0027116177957552984,0.003368200357055995,0.007033396037430845
2022-07-13 00:00:00+00:00,19.13800048828125,0.012566893376626975,7.832326071405191e-05,0.00010568639430114774,0.00011121147789900553,0.00011795769023245317,0.002093868901839171,0.002785802454021925,0.0033767158435887984,0.00709804023837501
2022-07-14 00:00:00+00:00,18.16900062561035,-0.051959033317626524,0.00015792680913951095,0.00023625006985356284,0.0002636132034406587,0.0002728896860847748,0.0010713734788699366,0.002645939794299565,0.003276086439470201,0.007226710224636975
2022-07-15 00:00:00+00:00,18.54800033569336,0.02064510507469519,0.0026997411433022232,0.0028576679524417344,0.002935991213155786,0.0029688794303407394,0.0029756256426741873,0.005306965001702501,0.005663496744682056,0.009576222980547455
2022-07-18 00:00:00+00:00,18.791000366210938,0.013016066667807635,0.00042622036354520517,0.0031259615068474286,0.0032838883159869393,0.0033895747102880864,0.003398851192932203,0.005377757217826111,0.00607382937245629,0.00988786318968176
2022-07-19 00:00:00+00:00,18.670000076293945,-0.006460089655572876,0.00016941799150081295,0.0005956383550460181,0.0032953794983482413,0.003531629568201804,0.0035645177853867575,0.0043667529772181786,0.0062391087615096775,0.009776184338309077
2022-07-20 00:00:00+00:00,18.638999938964844,-0.0016618051650048038,4.173275835803968e-05,0.00021115074985885265,0.0006373711134040578,0.0034950390658457916,0.003600725460146939,0.003612996756078245,0.005983052051005846,0.00954593528574703
2022-07-21 00:00:00+00:00,18.687000274658203,0.002571953162867846,2.761596406436643e-06,4.4494354764476325e-05,0.00021391234626528928,0.0033398738531127173,0.0035761239229662803,0.003612763539197493,0.005947097711512995,0.009478631030326692
2022-07-22 00:00:00+00:00,18.584999084472656,-0.0054733551503534095,6.614943071985917e-06,9.37653947842256e-06,5.110929783646224e-05,0.0006467476528824799,0.0035044156053242142,0.00361562708322322,0.005598284507163386,0.009470474757016411
2022-07-25 00:00:00+00:00,18.29400062561035,-0.01578158305584454,2.9957616601900192e-05,3.657255967388611e-05,3.933415608032275e-05,0.00025048490593917495,0.0033764464127866035,0.0036400596162272625,0.004447819891656541,0.009485661157236045
2022-07-26 00:00:00+00:00,18.48699951171875,0.0104945845264246,0.00024905836374851945,0.00027901598035041963,0.00028563092342240553,0.0003301252781868814,0.0009257636332328995,0.0038617548463886864,0.0039013892759070874,0.009575252325180928
2022-07-27 00:00:00+00:00,18.55299949645996,0.003563717945946898,0.00011013630438227064,0.0003591946681307901,0.0003891522847326903,0.00039852882421111244,0.0006096795740699651,0.0038935678900569046,0.004008530767002169,0.009657217092106752
2022-07-28 00:00:00+00:00,19.82699966430664,0.066413154321189,1.270008559826398e-05,0.00012283638998053463,0.0003718947537290541,0.00040846731340293975,0.0004529616681674161,0.0037483411665156577,0.004017479453554174,0.008685073741068453
2022-07-29 00:00:00+00:00,20.1560001373291,0.01645738940635999,0.0044107070668900645,0.004423407152488328,0.004533543456870599,0.004812559437221018,0.004821935976699441,0.005459307090103499,0.00842266143684638,0.012893354697760324
2022-08-01 00:00:00+00:00,20.32200050354004,0.00820205021010123,0.00027084566607257,0.0046815527329626344,0.004694252818560898,0.005053447486691688,0.005090020046365574,0.005303932392630864,0.008666143969331856,0.012679575759195155
2022-08-02 00:00:00+00:00,20.104999542236328,-0.01073555026117523,6.727362764902164e-05,0.00033811929372159165,0.004748826360611656,0.0048716627505921905,0.005150678730942611,0.005201788028779073,0.008655094336266824,0.012284845227423664
2022-08-03 00:00:00+00:00,19.864999771118164,-0.012009139835891247,0.00011525203941021957,0.0001825256670592412,0.00045337133313181125,0.00487677848562014,0.00523597315375093,0.005275307309831253,0.008612419566537532,0.012216869993447092
2022-08-04 00:00:00+00:00,20.099000930786133,0.011710731148987907,0.00014421943959799004,0.0002594714790082096,0.00032674510665723125,0.005008297839619865,0.0051311342296004,0.005416765153022807,0.0060568978628333,0.012291281658863831
2022-08-05 00:00:00+00:00,19.819000244140625,-0.014029023032961163,0.00013714122404387562,0.00028136066364186567,0.00039661270305208526,0.000734731996773676,0.0051581391492620055,0.005547291433994696,0.005767818723331971,0.0121698666696496
2022-08-08 00:00:00+00:00,20.59199905395508,0.03826151905069297,0.00019681348725935483,0.0003339547113032304,0.0004781741509012205,0.0006606998179604608,0.005342252550923096,0.00571414730465215,0.005795214219090512,0.012054349318818587
2022-08-09 00:00:00+00:00,20.45800018310547,-0.006528591926290517,0.0014639438400665412,0.0016607573273258959,0.0017978985513697717,0.0020573700303779803,0.002395489324099573,0.006929032780970172,0.007217425300799014,0.013502405423114157
2022-08-10 00:00:00+00:00,20.718000411987305,0.012628894536260038,4.262251254002572e-05,0.001506566352606567,0.001703379839865922,0.0019847405035077863,0.0021672661705670285,0.006861518989127928,0.007257286216932603,0.013540889333206758
2022-08-11 00:00:00+00:00,20.326000213623047,-0.019102042295970456,0.00015948897720797863,0.00020211148974800435,0.0016660553298145455,0.002000010041117775,0.0022594815201259855,0.007008307880737642,0.0074101602510685954,0.013402588841552866
2022-08-12 00:00:00+00:00,20.677000045776367,0.017121108407095242,0.00036488801987704425,0.0005243769970850228,0.0005669995096250486,0.0022277568369509435,0.00250911750059281,0.0029624888337246216,0.00774509065434374,0.013728760925530622
2022-08-15 00:00:00+00:00,20.250999450683597,-0.020817825708597137,0.0002931323530875074,0.0006580203729645516,0.0008175093501725303,0.0023240757027790963,0.0026580304140823275,0.002984775520739559,0.007789164643682728,0.013666465131196534
2022-08-16 00:00:00+00:00,20.065000534057617,-0.00922711758865713,0.0004333818672335279,0.0007265142203210354,0.0010914022401980795,0.001293513729946083,0.00295427105727198,0.0033508837603240652,0.008112410206533985,0.012919424766321316
2022-08-17 00:00:00+00:00,19.711000442504883,-0.01780015234082377,8.513969899490577e-05,0.0005185215662284338,0.000811653919315941,0.0013360309164009631,0.0028425972690075308,0.003320771419908751,0.008184849819930628,0.01220907548581825
2022-08-18 00:00:00+00:00,19.447999954223636,-0.01343264333439409,0.00031684542335653397,0.0004019851223514398,0.0008353669895849677,0.0014933873625495185,0.0016954988522975237,0.003493397403667295,0.004090988176397097,0.012522926095887593
2022-08-19 00:00:00+00:00,19.058000564575195,-0.020257244109990857,0.00018043590694904197,0.000497281330305576,0.0005824210293004817,0.0013089352496215162,0.0018333122467065399,0.0035366920865724616,0.004000578417273568,0.012699610603790377
2022-08-22 00:00:00+00:00,18.87299919128418,-0.009754704144459225,0.00041035593893175927,0.0005907918458808013,0.0009076372692373351,0.001426158835465768,0.0020841792084303206,0.003750234538244866,0.0043436607285563065,0.013104441459124278
2022-08-23 00:00:00+00:00,19.011999130249023,0.007338026598698644,9.515425294592998e-05,0.0005055101918776893,0.0006859460988267312,0.00108793122117817,0.0018144454414992062,0.002381444951124255,0.004323562942092017,0.013172232578483113
2022-08-24 00:00:00+00:00,18.895000457763672,-0.006172951976126662,5.3846634363208785e-05,0.0001490008873091388,0.0005593568262408981,0.0010566381565464732,0.0015751597227749077,0.002392669072947438,0.004233190136857235,0.013147755952132271
2022-08-25 00:00:00+00:00,19.11100006103516,0.011366727672401655,3.8105336099566054e-05,9.19519704627749e-05,0.00018710622340870482,0.0007778980692895051,0.0011798831916409458,0.0022712854318390255,0.004134154248912925,0.013027934479092325
2022-08-26 00:00:00+00:00,18.739999771118164,-0.019603824103832324,0.00012920249797854154,0.00016730783407810764,0.00022115446844131638,0.0007266646603190047,0.0012239459906245814,0.0020355999099405226,0.004066543259632113,0.010457395833768644
2022-08-29 00:00:00+00:00,18.55500030517578,-0.009920953637078789,0.0003843099194939972,0.0005135124174725388,0.0005516177535721048,0.0007006186408812427,0.0012914104867620447,0.0021267774763470125,0.0029869093390595684,0.010415485389717434
2022-08-30 00:00:00+00:00,18.15900039672852,-0.02157298353450532,9.842532106906685e-05,0.00048273524056306413,0.0006119377385416056,0.0007038897090043795,0.0012093999008820696,0.0017918209301825514,0.0030427121475886097,0.010344492719285689
2022-08-31 00:00:00+00:00,17.761999130249023,-0.02210503255578633,0.0004653936185800376,0.0005638189396491045,0.0009481288591431016,0.0011154366932212083,0.001264437580530348,0.0021720748497676833,0.0033486167889606685,0.010768153579507687
2022-09-01 00:00:00+00:00,17.551000595092773,-0.011950332617319592,0.0004886324642923736,0.0009540260828724112,0.001052451403941478,0.0015659638214140159,0.0016579157918767916,0.0023438618907035227,0.0034723612333759975,0.011254024447393624
2022-09-02 00:00:00+00:00,17.775999069213867,0.012738218283276037,0.00014281044966457253,0.0006314429139569461,0.0010968365325369836,0.0015795717731000468,0.0017468796071781552,0.0023062364334190534,0.003322039329953063,0.011390219953986211
2022-09-06 00:00:00+00:00,17.795000076293945,0.001068342714220183,0.00016226220503238792,0.00030507265469696047,0.000793705118989334,0.0013575240586384376,0.0018710364761109772,0.002058142699519682,0.003050919667751923,0.011522524542416698
2022-09-07 00:00:00+00:00,18.136999130249023,0.01903647943123632,1.1413561550273474e-06,0.00016340356118741526,0.0003062140108519878,0.0012602400937243982,0.001742975334287463,0.0019641298027287795,0.0029669213249120447,0.011274607534823207
2022-09-08 00:00:00+00:00,18.32999992370605,0.010585055008595301,0.00036238754913588345,0.0003635289052909108,0.0005257911103232987,0.0011572340242802439,0.0017210529639293491,0.002272670717501454,0.0030124634506913943,0.011526858779576819
2022-09-09 00:00:00+00:00,18.65800094604492,0.017736001553918523,0.00011204338953498846,0.00047443093867087185,0.0004755722948258992,0.0007806449495228588,0.0017346710323952708,0.0023466087709368764,0.002944070933277341,0.011626202083513544
2022-09-12 00:00:00+00:00,19.7549991607666,0.057131522137990665,0.0003145657511206003,0.0004266091406555887,0.0007889966897914721,0.0009524002509788865,0.0015838431649358336,0.002531972024078935,0.0028482807454661813,0.007530060767744079
2022-09-13 00:00:00+00:00,19.38999938964844,-0.01864914360436387,0.0032640108218037174,0.0035785765729243178,0.0036906199624593063,0.004054148867750216,0.0043592215224471775,0.005411672926388655,0.006017137314323968,0.010523225923475227
2022-09-14 00:00:00+00:00,19.47100067138672,0.004168775837937844,0.0003477905571761859,0.0036118013789799034,0.003926367130100503,0.004400798068771375,0.004564201629958791,0.005661038162495774,0.006311081237136945,0.01080374285300239
2022-09-15 00:00:00+00:00,19.174999237060547,-0.01531890614977005,1.737869198697437e-05,0.00036516924916316025,0.003629180070966878,0.004055789211622465,0.004419318116913377,0.00521302323590271,0.006290354593024354,0.010705869505579146
2022-09-16 00:00:00+00:00,19.29599952697754,0.006290488565676711,0.0002346688856254627,0.0002520475776124371,0.000599838134788623,0.0041784147077129396,0.004652845646383813,0.0049590596572358005,0.006395820980671275,0.010796318951606617
2022-09-19 00:00:00+00:00,19.27300071716309,-0.0011926061030789192,3.957024639490944e-05,0.00027423913202037213,0.0002916178240073465,0.003903419202987249,0.004330028343642838,0.004855819453966136,0.006051081307572187,0.010698747973957652
2022-09-20 00:00:00+00:00,19.101999282836918,-0.008912185859008659,1.4223093171010857e-06,4.099255571201053e-05,0.0002756614413374732,0.0006408306905006326,0.004219407263424951,0.00469497955825085,0.005954078295820222,0.010503356796015398
2022-09-21 00:00:00+00:00,19.410999298095703,0.016046875460152155,7.942705678551391e-05,8.084936610261499e-05,0.00012041961249752443,0.0003724671901099606,0.003984268569089865,0.004773265258881337,0.0055681117340256985,0.00911884001273437
2022-09-22 00:00:00+00:00,19.54800033569336,0.007033117051857829,0.00025750221203363344,0.00033692926881914736,0.00033835157813624843,0.0006125907101566197,0.0009777599593197809,0.0046683799217790865,0.005336981481766958,0.009333719712227979
2022-09-23 00:00:00+00:00,18.840999603271484,-0.03683767134147686,4.946473546513336e-05,0.0003069669474987668,0.0003863940042842807,0.0004273865599962904,0.0006794341376087283,0.004605801267709231,0.005243635767567519,0.009223695470485134
2022-09-26 00:00:00+00:00,18.4060001373291,-0.023358619361433686,0.0013570140298626659,0.0014064787653277993,0.0016639809773614327,0.0017448303434640469,0.0020190694754844197,0.0056482495464512976,0.006438387592397798,0.010215821480470757
2022-09-27 00:00:00+00:00,18.256999969482425,-0.008128139417951985,0.0005456250984723446,0.0019026391283350104,0.001952103863800144,0.0022890331326192903,0.0023300256883313016,0.0029298638231199246,0.006982871334715114,0.010468314225855592
2022-09-28 00:00:00+00:00,18.79599952697754,0.029095489614626935,6.606665039766483e-05,0.0006116917488700094,0.0019687057787326754,0.0022756727262314416,0.0023565220923340573,0.0026481399163414037,0.0066865504359768955,0.010100999009019729
2022-09-29 00:00:00+00:00,18.61100006103516,-0.009891249033097793,0.0008465475159148638,0.0009126141663125286,0.0014582392647848733,0.002864718030112672,0.00320164729893182,0.003477308740269293,0.007421054562356771,0.010862406825939688
2022-09-30 00:00:00+00:00,18.959999084472656,0.018578641498220083,9.783680743475803e-05,0.0009443843233496219,0.0010104509737472866,0.0029130901020822963,0.0032200570495810638,0.0033404766620785883,0.007204325618670928,0.010643398210017911
2022-10-03 00:00:00+00:00,20.518999099731445,0.07901979375716728,0.0003451659199193854,0.0004430027273541434,0.0012895502432690071,0.0019012419921390158,0.0033077207574668155,0.003646072335603064,0.0042854807167865975,0.010808128222988255
2022-10-04 00:00:00+00:00,21.03700065612793,0.02493158104439175,0.006244127805425253,0.006589293725344638,0.0066871305327793965,0.0075997446990919235,0.009502383827426936,0.009888777831711215,0.010181817965035665,0.01664190008948175
2022-10-05 00:00:00+00:00,20.47900009155273,-0.02688284801638474,0.000621583733373074,0.006865711538798327,0.007210877458717712,0.008155261782067333,0.008766953530937344,0.010430934508298776,0.010786023006421763,0.01716832956990889
2022-10-06 00:00:00+00:00,20.59499931335449,0.005648319222903098,0.0007226875174720411,0.001344271250845115,0.007588399056270368,0.00803140178362451,0.00894401594993704,0.010896119813737185,0.011274041638268343,0.017837170453017723
2022-10-07 00:00:00+00:00,20.191999435424805,-0.019761836149183143,3.190351004381665e-05,0.0007545910275158577,0.0013761747608889317,0.007965468486233567,0.008909852809583192,0.010878558588315866,0.011266374901917248,0.017830968626961978
2022-10-10 00:00:00+00:00,19.55599975585937,-0.03200432616624305,0.0003905301679871616,0.00042243367803097826,0.0011451211955030194,0.008010832734301346,0.00845383546165549,0.009912074726440363,0.01165548276058731,0.018092296296970595
2022-10-11 00:00:00+00:00,19.427000045776367,-0.006618278819248147,0.0010242768933552693,0.0014148070613424308,0.0014467105713862477,0.0027909818222313617,0.009380275547576,0.010390726521323286,0.012600332597157066,0.018732263270831866
2022-10-12 00:00:00+00:00,18.87800025939941,-0.028666616769386977,4.380161452930864e-05,0.001068078507884578,0.0014586086758717398,0.0022131997033875963,0.009078911242185924,0.01036846148545493,0.01238663199965274,0.01867763956429211
2022-10-13 00:00:00+00:00,18.857999801635746,-0.0010600201189365777,0.0008217749170028986,0.0008655765315322072,0.0018898534248874767,0.002312287102918454,0.0036565583537635695,0.010343688886542966,0.013158942181190507,0.019034020862714968
2022-10-14 00:00:00+00:00,18.01499938964844,-0.04573250620477731,1.1236426525503163e-06,0.0008228985596554489,0.0008667001741847577,0.002281507235527187,0.003036098263043046,0.010246975721760759,0.01180305179398039,0.018546512041075148
2022-10-17 00:00:00+00:00,18.673999786376957,0.03592746030226701,0.002091462123769995,0.0020925857664225453,0.0029143606834254442,0.003982439191310021,0.004404872869341001,0.011993271925611367,0.01334888881927804,0.02049516371518057
2022-10-18 00:00:00+00:00,18.57099914550781,-0.005530992423401493,0.001290782403770972,0.003382244527540968,0.0033833681701935176,0.004248944701725724,0.005663751763068155,0.007039926523957087,0.014573604572651347,0.021623683913919157
2022-10-19 00:00:00+00:00,18.336000442504883,-0.012734813533286538,3.059187718772472e-05,0.0013213742809586972,0.003412836404728692,0.00423573496438414,0.005303813472268719,0.006448934667771738,0.01375764893392421,0.02165313443495185
2022-10-20 00:00:00+00:00,18.666000366210938,0.017837342097249742,0.00016217547572757793,0.0001927673529153031,0.0014835497566862746,0.0035761355231088195,0.004441712054641027,0.005888422626027275,0.013821987602217029,0.021452922361543544
2022-10-21 00:00:00+00:00,19.042999267578125,0.019995834752505104,0.00031817077309431784,0.00048034624882189623,0.0005109381260096206,0.0038931826535505867,0.004716081213206037,0.006174689889077776,0.013794992455391961,0.021659049745102875
2022-10-24 00:00:00+00:00,19.173999786376957,0.006855641998313899,0.00039983340744949086,0.0007180041805438091,0.0008801796562713867,0.0022015539372300824,0.004294139703652629,0.006183993128540105,0.0079506980574162,0.021744317401431765
2022-10-25 00:00:00+00:00,19.339000701904297,0.008568635161399829,4.69998272090454e-05,0.0004468332346585367,0.0007650040077528541,0.0009577713606681559,0.004340015888209124,0.005206716062393882,0.00737611415125217,0.018527306406837092
2022-10-26 00:00:00+00:00,19.479999542236328,0.007264456040309675,7.342150852917748e-05,0.0001204213357382233,0.0005202547431877138,0.0010006009920096085,0.0023219752729683064,0.00523633595639375,0.006726848142309306,0.018252937358190086
2022-10-27 00:00:00+00:00,19.47800064086914,-0.00010261827401558676,5.277232156159172e-05,0.00012619383009076964,0.0001731936572998146,0.0008911978378436224,0.001083965190758926,0.004467333360952444,0.0067477169538270815,0.018288330987764702
2022-10-28 00:00:00+00:00,19.14699935913086,-0.01713964452113892,1.053051016193805e-08,5.278285207175409e-05,0.00012620436060093113,0.0005730375952594665,0.0010533838440813631,0.004466220248810055,0.006357197316350082,0.0180536726326494
2022-10-31 00:00:00+00:00,19.125,-0.0011496322074728837,0.0002937674143110074,0.00029377794482116976,0.00034655026638276106,0.00046697160212098306,0.0011849757826647928,0.0026685255393510674,0.00562668783730582,0.0183078698005655
2022-11-01 00:00:00+00:00,19.67300033569336,0.02825077464518788,1.3216542124589757e-06,0.0002950890685234668,0.0002950995990336283,0.00042129342912439665,0.0008681266637829337,0.0013790647897925542,0.00558420787698897,0.018307769145460857
2022-11-02 00:00:00+00:00,19.600000381469727,-0.0037175686585748657,0.0007981062680531905,0.0007994279222656498,0.0010931953365766569,0.0011459781886484096,0.0012663995243866334,0.00214657918065802,0.005560539228039263,0.019026448356728533
2022-11-03 00:00:00+00:00,19.43600082397461,-0.008402526761308593,1.3820316731218127e-05,0.0008119265847844091,0.0008132482389968675,0.001107026183818036,0.001233220013908806,0.00199822402166166,0.00557323590211793,0.01878276646142612
2022-11-04 00:00:00+00:00,20.790000915527344,0.06734508696892583,7.060245597450707e-05,8.442277270572574e-05,0.0008825290407589156,0.0011776181092823814,0.0012304009613541356,0.0017506557045418494,0.003552376234322442,0.01880390418193549
2022-11-07 00:00:00+00:00,20.89800071716309,0.005181349022396198,0.004535360738852183,0.004605963194826691,0.004619783511557908,0.005419211433823557,0.005712989378644727,0.005886183035944541,0.006796954569403653,0.02198225089092501
2022-11-08 00:00:00+00:00,21.476999282836918,0.027329066760787057,2.6846377691886034e-05,0.00456220711654407,0.004632809572518576,0.005444736157302984,0.005739825225826451,0.005866029586427382,0.0067932090699078145,0.02146347217014455
2022-11-09 00:00:00+00:00,21.29800033569336,-0.008369374335089663,0.000746877890015556,0.000773724267707443,0.005309085006559624,0.00539350777926535,0.006192935701530999,0.006539485967913761,0.007377911484195792,0.022144283409762443
2022-11-10 00:00:00+00:00,21.677000045776367,0.017638605369611593,7.004642676085754e-05,0.0008169243167764145,0.0008437706944682988,0.005449733889294989,0.006261660474079398,0.006556760073113026,0.007129787137862332,0.021367782320608434
2022-11-11 00:00:00+00:00,21.645999908447266,-0.0014311170811254215,0.0003111203993848909,0.0003811668261457493,0.0011280447161613036,0.005690251832705373,0.0057746746054110985,0.0068678699419877556,0.007041074129797732,0.021581065912558567
2022-11-14 00:00:00+00:00,22.09199905395508,0.02039483357256655,2.048096099888946e-06,0.0003131684954847807,0.0003832149222456365,0.0011569391899530787,0.005762902384779769,0.0065761506237766365,0.006996122398688576,0.02123794808873907
2022-11-15 00:00:00+00:00,21.499000549316406,-0.027209061241177057,0.0004159492364526877,0.0004179973325525775,0.0007291177319374666,0.0015460420487138802,0.006108249165257949,0.0069907782060168655,0.007338650126612086,0.015409769519766506
2022-11-16 00:00:00+00:00,21.503999710083008,0.0002325028839367249,0.0007403330136261236,0.001156282250078812,0.0011583303461786994,0.0015394971723244478,0.00231322144003189,0.006933004951589799,0.008026210818676617,0.015528518800019557
2022-11-17 00:00:00+00:00,20.95499992370605,-0.025861673122547835,5.405759103889418e-08,0.0007403870712171634,0.0011563363076698492,0.0014695048031546291,0.0022864291199310425,0.00691923869244962,0.008026254345757494,0.014805885340138554
2022-11-18 00:00:00+00:00,20.97599983215332,0.00100164128331226,0.0006688261366975131,0.0006688801942885529,0.0014092132079146747,0.0018272105404672514,0.0022083773666129996,0.0075174623731726255,0.008401313068144001,0.015442807966792252
2022-11-21 00:00:00+00:00,20.849000930786133,-0.0060728889114201046,1.0032852604354314e-06,0.0006698294219579494,0.0006698834795489866,0.0018261657296277977,0.002139334225112578,0.0029831049195808783,0.008400994699191977,0.015053281084065524
2022-11-22 00:00:00+00:00,21.03400039672852,0.008834164851053483,3.6879979730449265e-05,3.788326499088556e-05,0.0007067094016883969,0.0014470964729055595,0.0018650938054581361,0.0029931385216194414,0.007639768410869236,0.014065884170440704
2022-11-23 00:00:00+00:00,21.35700035095215,0.015239376263364246,7.804246861558881e-05,0.00011492244834603893,0.00011592573360647263,0.0007848059278950247,0.0019410881779738359,0.002324303100219474,0.007703990562753606,0.014100125024526986
2022-11-25 00:00:00+00:00,21.424999237060547,0.0031788576515690004,0.00023223858889638961,0.00031028105751197926,0.0003471610372424268,0.0010169904592003754,0.0017573775304175379,0.0024864952623550062,0.007865626695675488,0.013510588696420476
2022-11-28 00:00:00+00:00,20.90999984741211,-0.024330922730888993,1.010513596893878e-05,0.00024234372486532925,0.0003203861934809164,0.00035826945847180103,0.001027149652760353,0.0021854799989390545,0.0033403710927922448,0.013519570189736865
2022-11-29 00:00:00+00:00,21.20400047302246,0.013962359290552673,0.0005919938009364907,0.0006020989369054303,0.0008343375258018182,0.0009492599741478564,0.0016190893961058048,0.002775425703775656,0.0039055185160368493,0.01202010186690336
2022-11-30 00:00:00+00:00,21.549999237060547,0.01618591571280259,0.00019494747695848253,0.0007869412778949742,0.0007970464138639113,0.0011073274713758895,0.0011452107363667742,0.002554423944281451,0.003353588102979776,0.01092426694009087
2022-12-01 00:00:00+00:00,22.636999130249023,0.049209916152801014,0.0002619838674619498,0.0004569313444204332,0.0010489251453569223,0.0012912688702222505,0.0014061913185682887,0.002076074798117277,0.0035455255436808684,0.011155658930365095
2022-12-02 00:00:00+00:00,23.038000106811523,0.017559333841299818,0.0024216158477657064,0.002683599715227657,0.002878547192186138,0.0034806461290915673,0.0037909271866035455,0.004497636588291944,0.005656020992061683,0.013415099302403224
2022-12-05 00:00:00+00:00,22.198999404907227,-0.0370978151291923,0.000308330204950217,0.002729946052715924,0.002991929920177872,0.0037788711980728455,0.004021214922938174,0.004137140656544649,0.005962303100912012,0.013405258734259124
2022-12-06 00:00:00+00:00,22.12299919128418,-0.003429461239024434,0.0013762478873597292,0.0016845780923099472,0.004106193940075652,0.004563125284496084,0.005165224221401514,0.005512385258643942,0.006922601751819053,0.014381673214169362
2022-12-07 00:00:00+00:00,22.709999084472656,0.02618756103120745,1.1761204389971005e-05,0.001388009091749701,0.0016963392966999169,0.004379939011927573,0.005166880289822546,0.005487266483303463,0.0061940299425829,0.014346434591350288
2022-12-08 00:00:00+00:00,23.0629997253418,0.01542427406987068,0.0006857883527632151,0.000697549557153187,0.002073797444512915,0.004803743497228838,0.00526067484164927,0.00609501236745109,0.006879764237755076,0.014958801435584325
2022-12-09 00:00:00+00:00,23.53499984741211,0.02025907849616493,0.00023790823058248504,0.0009236965833457011,0.0009354577877356707,0.0026200358800456164,0.0053036355952732735,0.006100682009137186,0.006448846331640049,0.015143937344605217
2022-12-12 00:00:00+00:00,23.21999931335449,-0.013474721671212109,0.0004104302615137722,0.0006483384920962581,0.001334126844859472,0.002722135936609172,0.005452081989325096,0.0065010071346820195,0.006858273307893386,0.015554357075608828
2022-12-13 00:00:00+00:00,23.801000595092773,0.02471367490586962,0.00018156812411663324,0.0005919983856304062,0.00082990661621289,0.0015274561733660758,0.003212034265676022,0.006090581457862162,0.007002961452279569,0.015442157785414455
2022-12-14 00:00:00+00:00,23.94599914550781,0.006073638006202753,0.0006107657273530098,0.0007923338514696439,0.0012027641129834148,0.0021264606963291143,0.003514469788078815,0.006506399708256689,0.007535684711016991,0.016051601858555004
2022-12-15 00:00:00+00:00,23.12800025939941,-0.03475724368065869,3.688907863039055e-05,0.0006476548059834012,0.0008292229301000331,0.0014775614221962901,0.0021751109793494757,0.0062813049194251295,0.007340335200750991,0.015290384669132205
2022-12-16 00:00:00+00:00,23.150999069213867,0.0009939200087054623,0.0012080659882766885,0.00124495506690708,0.0018557207942600884,0.0024477191798904932,0.0033714157632361934,0.005067755059936112,0.008538296053058742,0.016484630340677674
2022-12-19 00:00:00+00:00,23.02899932861328,-0.005283673826656177,9.878769837050661e-07,0.0012090538652603942,0.0012459429438907838,0.0020382767953604263,0.0026866152874566833,0.0047604127319696,0.007947290129105954,0.01641501576168687
2022-12-20 00:00:00+00:00,24.0939998626709,0.045208579033027885,2.7917209106491526e-05,2.8905086090197242e-05,0.0012369710743668847,0.0018846258803502847,0.0024766242659806904,0.0034120820537163624,0.007780259861253964,0.011907572231941181
2022-12-21 00:00:00+00:00,24.03499984741211,-0.0024517461475852542,0.0020438156181855284,0.0020717328272920207,0.0020727207042757247,0.0033176757711828033,0.0041100096226524465,0.005444136467511919,0.009562091611977543,0.013924541472434824
2022-12-22 00:00:00+00:00,23.47599983215332,-0.02353247945097925,6.011059172199135e-06,0.0020498266773577283,0.002077743886464219,0.003286797751724612,0.003934452557708012,0.004764359173920904,0.007146486823384036,0.013183674641591469
2022-12-23 00:00:00+00:00,23.763999938964844,0.012193212378733165,0.0005537775891107606,0.0005597886482829606,0.0026036042664684877,0.002632509352558684,0.003877464419465763,0.005080228532449179,0.00739193420754458,0.01366740580394137
2022-12-27 00:00:00+00:00,24.040000915527344,0.011547319825398805,0.0001486744281128917,0.0007024520172236532,0.000708463076395851,0.0027801959036878707,0.003989249768948265,0.004818472699048299,0.006164360748297742,0.013504959832669373
2022-12-28 00:00:00+00:00,23.663000106811523,-0.01580649644373011,0.0001333405951500483,0.0002820150232629409,0.0008357926123737002,0.002885619289731427,0.0029145243758216238,0.004770245170081714,0.006285940139057819,0.013636252331719532
2022-12-29 00:00:00+00:00,24.077999114990234,0.017385872450107698,0.00024984532982565263,0.0003831859249757018,0.0005318603530885922,0.0010916490013715514,0.0031633818286635716,0.0044093247725543565,0.0058499971161202575,0.013470148425092495
2022-12-30 00:00:00+00:00,23.86199951171875,-0.009011308765988435,0.00030226856085141383,0.0005521138906770674,0.0006854544858271143,0.0013879065030507664,0.003437733180408494,0.00467470425477538,0.0059143574463891855,0.013032083972317785
2023-01-03 00:00:00+00:00,24.05900001525879,0.008221932566338186,8.120368567598001e-05,0.0003834722465273947,0.000633317576353046,0.0009153325996159856,0.0014751212478989453,0.0035478419521746715,0.005585130870551393,0.013113233600402728
2023-01-04 00:00:00+00:00,23.79199981689453,-0.011159765535528443,6.760017512541243e-05,0.0001488038608013933,0.00045107242165280583,0.0008342583466285063,0.0015367103638521586,0.0036144542503163788,0.005471162921560173,0.012512007638830626
2023-01-05 00:00:00+00:00,23.257999420166016,-0.022700248081371832,0.00012454036680796844,0.00019214054193338173,0.0002733442276093604,0.0008254581182864265,0.0011074731415493665,0.0037110774080178553,0.004984937561015132,0.01263554472037816
2023-01-06 00:00:00+00:00,23.82200050354004,0.02396041065598098,0.0005153012629558255,0.0006398416297637949,0.0007074418048892059,0.0010909140514165994,0.0014740999763923003,0.0021825630527881525,0.005463349745340566,0.013113966003603535
2023-01-09 00:00:00+00:00,23.71199989318848,-0.004628299987172735,0.0005741012788032469,0.0010894025417590733,0.0012139429085670404,0.0013627467693684324,0.0019148606600454992,0.0027506532724192005,0.004829385035867125,0.013610024813791192
2023-01-10 00:00:00+00:00,23.506999969482425,-0.008682996771994134,2.1421160771263138e-05,0.0005955224395745109,0.001110823702530335,0.0013029642444637155,0.0016864364909911095,0.002218296844079703,0.004849818319654683,0.013399207385666067
2023-01-11 00:00:00+00:00,23.32699966430664,-0.007686774261493223,7.539443294246054e-05,9.681559371372455e-05,0.00067091687251697,0.0013107585022807638,0.001459562363082156,0.002145016848909272,0.004897295543490651,0.013464496682639588
2023-01-12 00:00:00+00:00,23.863000869750977,0.022717705083104,5.908649854715469e-05,0.0001344809314896161,0.00015590209226087784,0.00124530463401995,0.0014374451759533308,0.0020707627523063785,0.002912566423852278,0.012931589380250253
2023-01-13 00:00:00+00:00,24.231000900268555,0.01530366362309632,0.0005160941242428893,0.0005751806227900449,0.000650575055732504,0.0012460974953070138,0.0018859391250708078,0.002337011546723615,0.0034226494889229683,0.013252736027534661
2023-01-17 00:00:00+00:00,23.944000244140625,-0.011915061535139326,0.00023420212028888156,0.0007502962445317718,0.0008093827430789251,0.0009061983367926484,0.001995600878551721,0.0022689451061610826,0.003103074020101089,0.013224954280361592
2023-01-18 00:00:00+00:00,23.530000686645508,-0.017441548825740227,0.0001419686913861567,0.00037617081167503914,0.0008922649359179271,0.001026745867407542,0.001622268306982052,0.0023297101118712592,0.0030963682833743543,0.010945307123982043
2023-01-19 00:00:00+00:00,23.753999710083008,0.009474693226097841,0.0003042076254406803,0.00044617631682683783,0.000680378437115718,0.0012555590599057616,0.0013523746536194855,0.002566317562186527,0.003267235313664986,0.010941184544472505
2023-01-20 00:00:00+00:00,23.82999992370605,0.0031943627619850368,8.976981172866432e-05,0.0003939774371693455,0.0005359461285555007,0.0012862423730872715,0.0014207233045768865,0.002531547007107223,0.0031071597955679977,0.00965470646884144
2023-01-23 00:00:00+00:00,23.45199966430664,-0.01598952312115065,1.0203953455156673e-05,9.997376518382186e-05,0.0004041813906245007,0.0007803522022995387,0.0013555328250895826,0.002026449697606554,0.0028150951881717404,0.009653149217906627
2023-01-24 00:00:00+00:00,23.64900016784668,0.008365073055384808,0.00025566484964181124,0.00026586880309696875,0.0003556386148256317,0.0008018149316524684,0.0015521111761842392,0.0017080132684451185,0.0029895563521375717,0.009223025714785223
2023-01-25 00:00:00+00:00,23.839000701904297,0.008002086608890124,6.997444722192493e-05,0.0003256392968637371,0.0003358432503188923,0.0007298206874882365,0.001105991499163275,0.0017565665548957804,0.0029919306242340844,0.009055091931424663
2023-01-26 00:00:00+00:00,23.93000030517578,0.0038099902209527414,6.403339009617866e-05,0.0001340078373181045,0.0003896726869599143,0.0004896464521437349,0.0009358227689705719,0.0017452055120494984,0.0029314236475222947,0.008708695060007068
2023-01-27 00:00:00+00:00,23.527000427246094,-0.01698419871503276,1.451602548375552e-05,7.85494155799351e-05,0.00014852386280185856,0.0004143926658988261,0.0008083701030681707,0.0017006350389860993,0.0024306384100502244,0.00854164296137419
2023-01-30 00:00:00+00:00,23.645000457763672,0.005002979497587212,0.0002884630059917205,0.00030297903147547694,0.0003670124215716541,0.00069265171843539,0.000792625483619211,0.0014730039207349304,0.002145000137238698,0.008219340240012902
2023-01-31 00:00:00+00:00,23.74799919128418,0.00434658689867895,2.5029803853277993e-05,0.0003134928098449994,0.00032800883532875345,0.0004620166726468567,0.0007278854757438247,0.0012638316042993267,0.0021486087803207128,0.00820748096523579
2023-02-01 00:00:00+00:00,23.520999908447266,-0.009604647113344633,1.8892817667767494e-05,4.392262152104641e-05,0.0003323856275127655,0.00041093504309269924,0.0007365743399564354,0.0011407557305809376,0.00209210716504602,0.007018307794626868
2023-02-02 00:00:00+00:00,23.53400039672852,0.0005525656583880156,9.22492461718794e-05,0.00011114206383964782,0.00013617186769292438,0.0004391508991684,0.0005731587364865037,0.0009287973513121367,0.0021252699126707445,0.007109569163815043
2023-02-03 00:00:00+00:00,22.333999633789062,-0.0523360362728269,3.0532880682978117e-07,9.25545749787101e-05,0.00011144739264647618,0.0004249402024914743,0.0005034896180714085,0.0008393328683903022,0.001609481117234685,0.007081957283515381
2023-02-06 00:00:00+00:00,22.177000045776367,-0.007054446776555867,0.002739060692750653,0.0027393660215574837,0.0028316152677293617,0.002875537889250407,0.003178516920725883,0.0035681896076857986,0.004114339689696456,0.007777202358080506
2023-02-07 00:00:00+00:00,22.117000579833984,-0.002709148046780019,4.9765219323259466e-05,0.0027888259120739133,0.002789131240880742,0.0029002733047203883,0.003213766114565387,0.0033622899773672467,0.0040221362176335596,0.007820956518231566
2023-02-08 00:00:00+00:00,22.367000579833984,0.011240114448520355,7.339483139371991e-06,5.710470246263233e-05,0.002796165395213284,0.002888719970191993,0.0029326425917130384,0.003299655013284694,0.003725268075332251,0.007274518412260177
2023-02-09 00:00:00+00:00,22.097000122070312,-0.01214482602450806,0.00012634017281583604,0.0001336796559552089,0.00018344487527846706,0.0029228108968359493,0.0030339529606755963,0.003361961796004351,0.0037618384364194227,0.007252184156963121
2023-02-10 00:00:00+00:00,22.03400039672852,-0.002855125304100259,0.00014749679916556825,0.00027383697198140515,0.00028117645512077587,0.003070002367194688,0.003162556942173397,0.003494942569686164,0.0038991312821298344,0.0072663403609786415
2023-02-13 00:00:00+00:00,21.81800079345703,-0.009851379380513059,8.151740502113596e-06,0.0001556485396676827,0.00028198871248351744,0.00033909341494614846,0.0030784594365036314,0.003214631304196557,0.0036516181729901367,0.007024646771655102
2023-02-14 00:00:00+00:00,21.84199905395508,0.0010993249197790433,9.704967569879786e-05,0.00010520141620091231,0.00025269821536647925,0.0003863778713216868,0.0031752037833955994,0.003286651176042077,0.0036786934014670096,0.006819427886502486
2023-02-15 00:00:00+00:00,21.54599952697754,-0.01364451594449978,1.2085152792472e-06,9.825819097804593e-05,0.00010640993148015821,0.00038024690346156206,0.0004373516059241935,0.0032689668736535565,0.003615868526650078,0.006739432716105754
2023-02-16 00:00:00+00:00,21.68400001525879,0.0063844995838531204,0.00018617281535970872,0.00018738133063895678,0.0002844310063377534,0.0004400795460054348,0.0005737592019606427,0.003362890442841386,0.0037875253165260314,0.00685800535634005
2023-02-17 00:00:00+00:00,21.694000244140625,0.00046107377007720274,4.076183493622067e-05,0.00022693465029593028,0.00022814316557517617,0.00033334458177608717,0.0006071815537574914,0.0034033469489707768,0.0035398241454705315,0.006774226824468302
2023-02-21 00:00:00+00:00,21.86899948120117,0.008034349311303313,2.125890214532052e-07,4.097442395767477e-05,0.00022714723931738218,0.0003254054302954268,0.00048105396996310864,0.0006644988452415769,0.003515006930638707,0.006259138150533929
2023-02-22 00:00:00+00:00,21.660999298095703,-0.00955670902837813,6.455076885604002e-05,6.476335787749412e-05,0.00010552519281371346,0.00029290652345266896,0.0003981079396535804,0.0006792843947743576,0.0035606648818269793,0.005749587640586723
2023-02-23 00:00:00+00:00,21.298999786376957,-0.016853262928041346,9.133068745308405e-05,0.00015588145630912495,0.00015609404533057684,0.0003830286956265058,0.0004812868866045509,0.0007632755990880696,0.003559746323108184,0.0058194971672685435
2023-02-24 00:00:00+00:00,20.80599975585937,-0.02341871831218345,0.00028403247132169275,0.0003753631587747777,0.00043991392763081635,0.00048088835158848983,0.0006682696822274457,0.0009209678975939263,0.003843473465623047,0.006028135205647776
2023-02-27 00:00:00+00:00,20.670000076293945,-0.006558017529834093,0.0005484363673853965,0.0008324688387070902,0.0009237995261601728,0.0009885628840376657,0.0012154975343335952,0.0013219074658137545,0.0016528491402577903,0.006517485074486018
2023-02-28 00:00:00+00:00,20.961000442504883,0.013980211964566003,4.3007593921611256e-05,0.0005914439613070087,0.0008754764326287001,0.0010313578889378236,0.0010723323128954975,0.0013567633192332522,0.0016460915148561422,0.00604439854416474
2023-03-01 00:00:00+00:00,20.958999633789062,-9.54584309966755e-05,0.00019544632657419442,0.00023845392049580655,0.0007868902878812018,0.001162253446655978,0.0012270168045334714,0.001455159970108649,0.0018341983582909646,0.006005642750450053
2023-03-02 00:00:00+00:00,20.766000747680664,-0.009251061031991359,9.112312048347058e-09,0.00019545543888624362,0.00023846303280785359,0.0010709318715149423,0.0012268133278240667,0.00145396056714145,0.001707867297787177,0.005863683171375944
2023-03-03 00:00:00+00:00,21.093000411987305,0.015624181530776493,8.558213021762902e-05,8.559124252967824e-05,0.0002810375691038714,0.0008724815304108787,0.0012478446891856557,0.0013533698819993703,0.0016459526288392376,0.0056450576761528926
2023-03-06 00:00:00+00:00,20.983999252319336,-0.00518104448349499,0.00024411504850665728,0.00032969717872428716,0.0003297062910363342,0.0005681602115321395,0.0014006290502392288,0.001556723095569807,0.0018819159368437812,0.005799402912930886
2023-03-07 00:00:00+00:00,20.054000854492188,-0.04533152922228734,2.6843221939953866e-05,0.000270958270446612,0.0003565404006642397,0.0005519958395504821,0.00114343980085749,0.0015833537284883077,0.0018117094830849374,0.005816042181415683
2023-03-08 00:00:00+00:00,20.0049991607666,-0.0024464773532808515,0.0020549475416310908,0.0020817907635710454,0.0023259058120777016,0.0024114970546073784,0.0026499509751031843,0.0035737505012633586,0.003865448509436781,0.007615324873404963
2023-03-09 00:00:00+00:00,20.024999618530277,0.000999273546733459,5.98525144011608e-06,0.002060932793071208,0.0020877760150111602,0.0024174731937354464,0.002612928632621689,0.00348840506525039,0.0036852609455171885,0.007551335677623153
2023-03-10 00:00:00+00:00,20.375,0.01732718522217791,9.985476212012666e-07,6.983799061318214e-06,0.002061931340692408,0.0023328896111390186,0.0024184808536686963,0.003205371141549899,0.003645497658202169,0.007488300835148176
2023-03-13 00:00:00+00:00,21.792999267578125,0.06728012457862143,0.00030023134772366055,0.0003012298953448627,0.00030721514678497746,0.0023890059103560215,0.002718703089080308,0.0029571661218881625,0.003945516416904376,0.007774016157388082
2023-03-14 00:00:00+00:00,21.929000854492188,0.006221217015659253,0.004526615163314819,0.00482684651103848,0.00482784505865968,0.006888777851730886,0.007159736122177497,0.00744077369128137,0.008407580811363155,0.012012168314711181
2023-03-15 00:00:00+00:00,21.77400016784668,-0.007093395553636306,3.870354115592822e-05,0.004565318704470748,0.004865550052194407,0.004872533851255725,0.006954324614826769,0.007284030905863104,0.008354953665065999,0.01202584205201383
2023-03-16 00:00:00+00:00,21.58799934387207,-0.008579030804353405,5.031626048034731e-05,8.90198016362764e-05,0.004615634964951094,0.004916864860295956,0.0069777976533671624,0.007334338054031403,0.008121237454224654,0.01205726549482641
2023-03-17 00:00:00+00:00,22.35099983215332,0.034733480915158044,7.359976954204463e-05,0.0001239160300223928,0.00016261957117832016,0.004989466082216799,0.004996449881278116,0.007322355693355818,0.007646400856381301,0.012038616018196575
2023-03-20 00:00:00+00:00,22.53300094604492,0.008109888078470906,0.0012064146964836482,0.0012800144660256936,0.00133033072650604,0.005895649430976787,0.006196879326321649,0.00828465534133281,0.008809807958943339,0.013244725385873393
2023-03-21 00:00:00+00:00,22.323999404907227,-0.009318637087745163,6.577028464532452e-05,0.0012721849811289736,0.0013457847506710174,0.0014348045523072922,0.006261651063345772,0.008323582404038181,0.008680131917014468,0.010571434977768066
2023-03-22 00:00:00+00:00,22.674999237060547,0.015600656085374975,8.683699717309965e-05,0.00015260728181842504,0.0013590219783020724,0.0014829380083244636,0.00604825671279521,0.006355471859580189,0.00876695980187552,0.010608506755617905
2023-03-23 00:00:00+00:00,23.143999099731445,0.020472566420784766,0.00024338047029414726,0.0003302174674672478,0.00039598775211257143,0.0016760022181382635,0.001765022019774539,0.00659286707843422,0.008924758141952038,0.010844547742772681
2023-03-24 00:00:00+00:00,23.246999740600582,0.0044405515162577736,0.00041912597585344396,0.0006625064461475922,0.0007493434433206909,0.002021528424449663,0.002145444454472055,0.007010994506666463,0.009099769069298824,0.011137333545810289
2023-03-27 00:00:00+00:00,23.054000854492188,-0.00833675304788617,1.9718497768539213e-05,0.0004388444736219841,0.0006822249439161304,0.0008348322257345537,0.002114846691760247,0.0067304816567113415,0.009092644345127411,0.01100955524441326
2023-03-28 00:00:00+00:00,23.323999404907227,0.011643520602095059,6.950145138143934e-05,8.921994914997948e-05,0.0005083459250034225,0.0008385633924706686,0.002110748373599641,0.0022733679447779626,0.007107198254877759,0.011070904955292584
2023-03-29 00:00:00+00:00,23.375999450683597,0.002226983663454085,0.00013557157201141208,0.00020507302339285233,0.00022479152116139064,0.000887297967308981,0.0010399052491274054,0.002370235975633446,0.007236784575449054,0.0111094268516052
2023-03-30 00:00:00+00:00,23.902000427246094,0.022252323810417085,4.959456237291378e-06,0.00014053102824870437,0.00021003247963014278,0.0006488769532521251,0.0009790944207193723,0.0023248791713903903,0.0072407454840651446,0.011113177792563244
2023-03-31 00:00:00+00:00,24.076000213623047,0.0072533472387883435,0.0004951659149636552,0.0005001253712009475,0.0006356969432123586,0.0007249168923623363,0.0013874233385099276,0.002746445316812001,0.00743568005130514,0.01142217089216719
2023-04-03 00:00:00+00:00,23.94099998474121,-0.005623032843895093,5.2611046166438485e-05,0.0005477769611300946,0.000552736417367385,0.0007578094407602355,0.001196653914382219,0.001592641666494791,0.0029616759341567593,0.011434020103397408
2023-04-04 00:00:00+00:00,25.02199935913086,0.04416294256848907,3.1618498363522936e-05,8.422954452996239e-05,0.0005793954594936166,0.0007199264877423192,0.0008091464368922979,0.0015584898802129894,0.002954590891364354,0.011465426012739479
2023-04-05 00:00:00+00:00,24.96299934387207,-0.0023607099805964538,0.0019503654963076641,0.001981983994671188,0.0020345950408376255,0.002534720412038571,0.0027397934354314226,0.003422018379347554,0.004854640127191671,0.013351240740191103
2023-04-06 00:00:00+00:00,25.024999618530277,0.0024806076553538503,5.572951612487709e-06,0.0019559384479201527,0.001987556946283675,0.0025353339074137672,0.002675864935662471,0.0031842108606658947,0.0047866133092621145,0.013265483004350506
2023-04-10 00:00:00+00:00,24.84600067138672,-0.0071785091443299365,6.153414339800127e-06,1.1726365952288703e-05,0.001962091862259952,0.0020463214067899123,0.002546446777990859,0.0027712382991522504,0.003586352027118266,0.012987603947368613
2023-04-11 00:00:00+00:00,25.131000518798828,0.01140536367015299,5.153099353522852e-05,5.768440787502951e-05,6.325735948751635e-05,0.0020452413541587025,0.0025930183152887967,0.0028030507949189398,0.0035721127360081703,0.012490698573518444
2023-04-12 00:00:00+00:00,25.40399932861328,0.01080445102878036,0.0001300823204484457,0.0001816133139836751,0.00018776672832347436,0.0021437051762436253,0.002227934720773587,0.0028636316639859462,0.0036153580592835164,0.012577773300045279
2023-04-13 00:00:00+00:00,25.874000549316406,0.018332009213807954,0.00011673616203331297,0.0002468184824817595,0.00029834947601698717,0.00031007584196927397,0.0022920598366404613,0.002844796254007847,0.0034887137510226816,0.012499063135504397
2023-04-14 00:00:00+00:00,25.423999786376957,-0.01754502333420671,0.0003360625618151397,0.00045279872384845353,0.0005828810442968983,0.0006405654521719259,0.002596503900092078,0.0031758993595856957,0.0034056503369843776,0.01283511658500749
2023-04-17 00:00:00+00:00,25.05299949645996,-0.014700040651733026,0.00030782784379785797,0.0006438904056129985,0.0007606265676463106,0.0009422398816299837,0.0009539662475822721,0.002988561288419898,0.0036937596830136964,0.013057362298587716
2023-04-18 00:00:00+00:00,25.24799919128418,0.007753351892366478,0.00021609119516260354,0.0005239190389604623,0.0008599816007756013,0.001106800083257359,0.001164484491132388,0.0031520414374160634,0.00384034942679486,0.013029338445243665
2023-04-19 00:00:00+00:00,25.36599922180176,0.00466275133386862,6.011446556686285e-05,0.00027620566072946725,0.0005840335045273244,0.001036832228375776,0.0012184455423594506,0.0031805374046194033,0.003764892320350311,0.013062609688870574
2023-04-20 00:00:00+00:00,25.368000030517575,7.88744725959134e-05,2.1741250001493595e-05,8.185571556835732e-05,0.00029794691073096,0.0009418373163439565,0.0011886557988257157,0.0012519131583132326,0.0037816741141145135,0.011029403397240976
2023-04-21 00:00:00+00:00,25.05299949645996,-0.012494977698831011,6.221182427283495e-09,2.1747471183921745e-05,8.186193675078372e-05,0.0006057809757112441,0.0010585796995596973,0.0012463464278831722,0.003286514420333286,0.011023424366983288
2023-04-24 00:00:00+00:00,25.30599975585937,0.010047951379322573,0.0001561244676942843,0.00015613068887671247,0.00017787193887820518,0.0004540775996076705,0.0010979680052206687,0.0013963174812376565,0.0033900278418611315,0.01117855028705637
2023-04-25 00:00:00+00:00,24.87700080871582,-0.01709779778831999,0.00010096132692123039,0.0002570857946155156,0.00025709201579794195,0.00033894773136629736,0.0008628667703267593,0.0014457478146236583,0.003459370670418839,0.01097928026625394
2023-04-26 00:00:00+00:00,24.871000289916992,-0.0002412365801807148,0.00029233468921027994,0.0003932960161315112,0.0005494204838257946,0.0005711679550097145,0.0008473736157391812,0.0016080001833854926,0.0018013398633214546,0.006744999792149401
2023-04-27 00:00:00+00:00,24.982999801635746,0.004493107872335145,5.819508761728645e-08,0.00029239288429789813,0.0003933542112191276,0.0005494849000958382,0.000631340615664195,0.0014913222164397969,0.0017958251067965842,0.00670635444608109
2023-04-28 00:00:00+00:00,24.999000549316406,0.0006402604183470828,2.018801835244005e-05,2.024621344005826e-05,0.00031258090265033725,0.0005696666972658509,0.0005914141684497722,0.001175447672977097,0.001809859710809224,0.006676226203953183
2023-05-01 00:00:00+00:00,25.00900077819824,0.00039994515876129455,4.0993340330198146e-07,2.0597951755742956e-05,2.065614684335932e-05,0.00041395216297486856,0.0005700828518515807,0.0008680297625825413,0.0017587386506772976,0.006603036367814441
2023-05-02 00:00:00+00:00,25.40399932861328,0.015670824311866394,1.599561300165971e-07,5.698895333195002e-07,2.075790788575863e-05,0.00031315079218365477,0.0005702365867991699,0.0006520985235499543,0.0016288162863588686,0.005396781627460808
2023-05-03 00:00:00+00:00,25.47599983215332,0.0028302104083537394,0.00024557473461338285,0.00024573469074340036,0.00024614462414670145,0.0002663908375867577,0.0006596868537182684,0.0008375587925964743,0.0017576548589389384,0.005576586077428867
2023-05-04 00:00:00+00:00,26.03499984741211,0.021704954833291268,8.01009095555384e-06,0.0002535848255689376,0.0002537447816989533,0.00027434273345469423,0.0005667356177525919,0.0008238276335505346,0.0014296023880793526,0.005497759171211322
2023-05-05 00:00:00+00:00,25.743000030517575,-0.011279034075422523,0.00047110506431521394,0.0004791151552707687,0.0007246898898841507,0.0007252597794174681,0.0007455059928575258,0.0012949264766833214,0.0015928796085967084,0.005725483765232388
2023-05-08 00:00:00+00:00,25.63599967956543,-0.004165145535982351,0.0001272166096745424,0.0005983216739897572,0.0006063317649453101,0.0008520664556887086,0.000872664407444451,0.0012660186186635792,0.0015040050231086473,0.0054335743990534865
2023-05-09 00:00:00+00:00,25.697999954223636,0.002415564937386705,1.7348437335913703e-05,0.000144565047010457,0.00061567011132567,0.0008692549368946056,0.0008698248264279246,0.0011824057290782627,0.0014612389948776981,0.005431204338620861
2023-05-10 00:00:00+00:00,25.461000442504883,-0.009265279044606167,5.834953966732036e-06,2.3183391302646662e-05,0.00015040000097718813,0.0006295151562479548,0.0008752498469913547,0.0008959059938347147,0.0014453326988429366,0.005367537841206154
2023-05-11 00:00:00+00:00,24.2549991607666,-0.04852513993861196,8.584539577441818e-05,9.168034974115114e-05,0.00010902878707706391,0.0007073504610668191,0.0009609352866357563,0.0009816931945215155,0.0015311718734349275,0.00531781166496916
2023-05-12 00:00:00+00:00,23.992000579833984,-0.010902281482237708,0.002354689206061874,0.002440534601836293,0.002446369555803024,0.002590934602813479,0.0030700497580842473,0.0033161943822309493,0.0037297366118025166,0.007667541414793743
2023-05-15 00:00:00+00:00,24.12700080871582,0.005611113247916855,0.00011885974151794323,0.002473548947579818,0.0025593943433542352,0.0025825777346568796,0.0031808994086466365,0.0034346441903455906,0.00374763502639923,0.00729123524134803
2023-05-16 00:00:00+00:00,23.73699951171875,-0.016296587234085447,3.1484591880948033e-05,0.00015034433339889213,0.002505033539460765,0.002596713889201914,0.002741278936212371,0.0034659688260965217,0.003486784929069898,0.00727010878706254
2023-05-17 00:00:00+00:00,23.75200080871582,0.0006317798814388098,0.00026557875547815674,0.00029706334735910564,0.000415923088877048,0.0028564576907133387,0.002879641082015985,0.0034859728469612957,0.0037523054894604375,0.007504069044177174
2023-05-18 00:00:00+00:00,23.4950008392334,-0.010879103235345244,3.991458185908366e-07,0.0002659779012967484,0.0002974624931776956,0.0027710114407575115,0.0028626917904986623,0.0034783619018243332,0.0037325166169265883,0.0055541026936881
2023-05-19 00:00:00+00:00,23.920000076293945,0.01792726399753919,0.00011835488720529937,0.00011875403302389107,0.00038433278850204695,0.0005346771219009369,0.0029752117237372296,0.003125611724714418,0.0038504615707285854,0.005666884629280912
2023-05-22 00:00:00+00:00,23.71500015258789,-0.00860716650819704,0.00032138679443746476,0.000439741681642765,0.00044014082746135497,0.0007372041748204584,0.0032107531224002763,0.0033197819094773406,0.004171688409036034,0.005982118009378577
2023-05-23 00:00:00+00:00,23.474000930786133,-0.010214300434058021,7.408331529982881e-05,0.0003954701097372944,0.000513824996942593,0.0007798028982393393,0.0009301472316382314,0.003376516787441256,0.0040001969897224795,0.006004670331143176
2023-05-24 00:00:00+00:00,23.114999771118164,-0.015411717791408375,0.00010433193335719789,0.0001784152486570275,0.0004998020430944914,0.0006185560761183804,0.000915619423477486,0.0034750137668317217,0.0040965188321241235,0.005978919944051929
2023-05-25 00:00:00+00:00,22.785999298095703,-0.014335466066581315,0.00023752104528201344,0.00034185297863921217,0.00041593629393904015,0.0008556779755818031,0.0011216558768785514,0.003626689416339317,0.0038629348130909233,0.006099704827300629
2023-05-26 00:00:00+00:00,23.239999771118164,0.019728640663362107,0.00020550558734610435,0.00044302663262811863,0.0005473585659853156,0.0009428286757226079,0.0010615827087464991,0.0014775057976235476,0.003941223790762485,0.005969147852831594
2023-05-30 00:00:00+00:00,23.125,-0.0049606387366054605,0.00038921926242406485,0.0005947248497701701,0.0008322458950521827,0.001010661143709208,0.0014504028253519731,0.0017478653185296691,0.004313094615850636,0.0060505392714578
2023-05-31 00:00:00+00:00,23.474000930786133,0.014979181931233043,2.460793667511062e-05,0.0004138271990991763,0.0006193327864452798,0.0009611857650844898,0.0013566558748217843,0.0017409886633238316,0.004331867598559015,0.005859056012970308
2023-06-01 00:00:00+00:00,23.875,0.016938421037071993,0.00022437589132897847,0.0002489838280040899,0.000638203090428154,0.0010812297230562704,0.001259644971713298,0.0016997857991746534,0.004470398094113575,0.006023317438732423
2023-06-02 00:00:00+00:00,23.64299964904785,-0.009764813170979991,0.00028691010722912307,0.0005112859985581023,0.0005358939352332122,0.00113061878500338,0.0014724717636425922,0.001986296760585186,0.0024026189952808244,0.006288486295960054
2023-06-05 00:00:00+00:00,23.53400039672852,-0.00462087229640229,9.535157626414432e-05,0.00038226168349326823,0.0006066375748222459,0.00102046477392142,0.0014634914065495387,0.0019632934496440304,0.0023791108300270257,0.0063838316510417695
2023-06-06 00:00:00+00:00,23.573999404907227,0.0016981836613592094,2.135246077965817e-05,0.0001167040370438033,0.0004036141442729256,0.0006525979722770134,0.0012473228220471833,0.001663259115986224,0.0023689786989257357,0.006249059644127144
2023-06-07 00:00:00+00:00,23.43899917602539,-0.005743118032055072,2.88382774770737e-06,2.4236288527366356e-05,0.00011958786479150985,0.0006308738633496101,0.0010447010624487863,0.0015920596284341026,0.0021062837711952865,0.0061509821449536204
2023-06-08 00:00:00+00:00,24.263999938964844,0.034592501342102455,3.2983404730116127e-05,3.586723247782431e-05,5.721969325748167e-05,0.00043948137675074776,0.0006884652047548376,0.0015207110998070208,0.0021388680301068115,0.0058916308604734565
2023-06-09 00:00:00+00:00,24.333999633789062,0.0028807664450867243,0.00119664114910336,0.001229624553833477,0.0012325083815811835,0.0013492124186249847,0.001860498417183087,0.0024798312036283677,0.0032171542920048724,0.0070882138144892
2023-06-12 00:00:00+00:00,23.98500061035156,-0.01444587391465868,8.298815311137602e-06,0.0012049399644144985,0.0012379233691446137,0.001262159657671978,0.0016444213411652463,0.002282624431593401,0.0029040663128785454,0.007076324611447898
2023-06-13 00:00:00+00:00,23.756000518798828,-0.009593508408988871,0.0002086832731582161,0.00021698208846935457,0.0014136232375727138,0.001449490470050536,0.0015661945070943393,0.002102088442327552,0.0030386662707369326,0.007284597951202811
2023-06-14 00:00:00+00:00,24.04400062561035,0.012050359204053507,9.203540359334018e-05,0.00030071867675155714,0.0003090174920626939,0.0015386420458961688,0.0015628783344235353,0.0021695159092457814,0.0030263697409730747,0.007376473398666135
2023-06-15 00:00:00+00:00,23.891000747680664,-0.006383660920933565,0.00014521115694671706,0.00023724656054005812,0.0004459298336982733,0.0016508697981127698,0.0016867370305905943,0.00209035117486352,0.0029340598526377782,0.007276109820999469
2023-06-16 00:00:00+00:00,24.076000213623047,0.0077136522830096865,4.075112675345437e-05,0.00018596228370017232,0.0002779976872935116,0.000494979775762864,0.0017246043295963413,0.0018441921943878514,0.0027693053920451282,0.00730885085679737
2023-06-20 00:00:00+00:00,23.19300079345703,-0.03736495934088424,5.950043154318055e-05,0.00010025155829663578,0.00024546271524335196,0.0005461813919949069,0.0017511213564094055,0.0018083410496668876,0.002439586561164244,0.006897246224025337
2023-06-21 00:00:00+00:00,22.77400016784668,-0.018231001458988594,0.0013961401865459325,0.001455640618089114,0.0014963917448425675,0.0017336383053826233,0.0019506203938519779,0.003183128775433162,0.003811118811035066,0.008166169800896727
2023-06-22 00:00:00+00:00,22.43600082397461,-0.01495269338686711,0.00033236941419764423,0.0017285096007435775,0.0017880100322867573,0.001973972315986927,0.0022746909927384845,0.003512614361883099,0.003919112333903732,0.008481190777758456
2023-06-23 00:00:00+00:00,22.327999114990234,-0.004825391774395449,0.00022358303952165943,0.0005559524537193045,0.0019520926402652363,0.00205234419856187,0.0022895907591019282,0.003703213996674642,0.003855785266196268,0.008698938863313384
2023-06-26 00:00:00+00:00,22.80500030517578,0.021138366948379783,2.3284405776403258e-05,0.00024686744529806357,0.0005792368594957071,0.0020348774775848185,0.002220839761284991,0.002529857253347685,0.0037837180957085268,0.00863637787331537
2023-06-27 00:00:00+00:00,22.93899917602539,0.005858659306108738,0.00044683055724435483,0.00047011496302075894,0.0006936980025424177,0.0024222076032859928,0.0025224591615826287,0.002968388995280902,0.004209196192173224,0.0067285192244978505
2023-06-28 00:00:00+00:00,22.868000030517575,-0.0030999281155055236,3.4323888865054514e-05,0.0004811544461094103,0.0005044388518858128,0.001060391305605115,0.002516031923694229,0.002794029610987741,0.004240636253290571,0.006643983371844962
2023-06-29 00:00:00+00:00,22.590999603271484,-0.012186975422502133,9.609554321301628e-06,4.393344318635707e-05,0.0004907640004307112,0.0007376314457287725,0.0024661410464723497,0.0027116037617157026,0.004217262402881756,0.006622108334285315
2023-06-30 00:00:00+00:00,22.809999465942383,0.009647433569253128,0.00014852236994867103,0.0001581319242699736,0.0001924558131350274,0.000662570776155784,0.0012185232298750886,0.0027149149747176565,0.0031691436237270675,0.0065050519487558295
2023-07-03 00:00:00+00:00,22.895999908447266,0.0037632059324748113,9.307297447315215e-05,0.00024159534442182412,0.00025120489874312505,0.0007323593448525328,0.0009792267901505966,0.002767236822437354,0.0032539177828890815,0.006597725777410392
2023-07-05 00:00:00+00:00,23.19700050354004,0.013060762857791453,1.4161718890213614e-05,0.00010723469336336668,0.000255757063312037,0.00029969050649839165,0.0007698054695191506,0.0027218981097843872,0.0030593962286210793,0.006493532609095305
2023-07-06 00:00:00+00:00,22.68600082397461,-0.022274951215560446,0.00017058352642746475,0.00018474524531767928,0.0002778182197908307,0.00043595014406080186,0.0009171045901702121,0.0014963414496659195,0.003137944351455204,0.006342729341085305
2023-07-07 00:00:00+00:00,23.09199905395508,0.017738165772481107,0.0004961734516555977,0.0006667569780830634,0.0006809186969732763,0.000922514041395098,0.0009664474845814549,0.001660145487123873,0.003488906646164085,0.0067648194774410746
2023-07-10 00:00:00+00:00,23.150999069213867,0.002551739708394507,0.00031464252497202024,0.0008108159766276188,0.0009813995030550828,0.0010886341964184473,0.0012467661206884205,0.0017512049725742337,0.0037627980443826507,0.006975130069055897
2023-07-11 00:00:00+00:00,23.086000442504883,-0.0028115435781748133,6.511375539397284e-06,0.0003211539005114184,0.0008173273521670155,0.0010020725974846923,0.0012436679419065163,0.0017344319423372278,0.0037098089883788672,0.0067441203993132805
2023-07-12 00:00:00+00:00,24.11899948120117,0.04377349775934647,7.904777291976033e-06,1.4416152831374184e-05,0.0003290586778033938,0.0009958156558864547,0.0011030503492498213,0.001295506162384849,0.0023215735791249107,0.0065465195892591525
2023-07-13 00:00:00+00:00,24.76799964904785,0.026552593117997958,0.0019161191060875103,0.0019240238833794871,0.0019305352589188839,0.0027413512355465002,0.0029260964808641796,0.003177301379607305,0.0039053232710147766,0.008073419432922599
2023-07-14 00:00:00+00:00,25.013999938964844,0.009883182448938044,0.0007050402012899525,0.0026211593073774634,0.002629064084669439,0.002950217985180855,0.003616974963263918,0.0038727320265759552,0.00438678043278307,0.008753851697537441
2023-07-17 00:00:00+00:00,24.8439998626709,-0.006819396517275145,9.767729531899699e-05,0.0008027174966089504,0.00271883660269646,0.0027332527555278315,0.0035440687321554505,0.0038218869519462814,0.004461173322325664,0.008627153101527457
2023-07-18 00:00:00+00:00,25.083999633789062,0.009613908911990876,4.650416885982437e-05,0.00014418146417882223,0.0008492216654687741,0.0027732455488482586,0.003094399449359677,0.0037753181463329537,0.004060846933941133,0.008386747163158159
2023-07-19 00:00:00+00:00,25.2189998626709,0.005367495153217661,9.242724456805759e-05,0.00013893141342788282,0.0002366087087468792,0.0028577680161243403,0.0028721841689557147,0.0038535836720107975,0.004118950289644136,0.008383822831462072
2023-07-20 00:00:00+00:00,24.80500030517578,-0.01655241517860162,2.881000421981508e-05,0.00012123724878787354,0.00016774141764769725,0.0009704589142566452,0.002894482797636132,0.003711810149803148,0.0041381507395426495,0.008391280374902228
2023-07-21 00:00:00+00:00,24.697999954223636,-0.004322991213820071,0.00027398244824480134,0.0003027924524646173,0.00039521969703267424,0.0005394011612114941,0.0031605604685889573,0.0034896191463923516,0.00426361081783878,0.008662378995399322
2023-07-24 00:00:00+00:00,24.43600082397461,-0.01066477833496604,1.8688253034765532e-05,0.00029267070127956776,0.00032148070549938213,0.0004604121189272626,0.0012631296155362127,0.003193664874455097,0.004189226096400393,0.008648083843703972
2023-07-25 00:00:00+00:00,24.68000030517578,0.009935722895273447,0.00011373749693396103,0.00013242574996872743,0.0004064081982135281,0.0005276454470013993,0.0006718269111802213,0.003300890995849661,0.00428880187444414,0.007565180191534573
2023-07-26 00:00:00+00:00,24.825000762939453,0.005858029261448738,9.871858945166096e-05,0.00021245608638562286,0.00023114433942038768,0.0005339367918850026,0.0006728682053128853,0.003391704808009346,0.0042169369374683375,0.007655599965675097
2023-07-27 00:00:00+00:00,24.23600006103516,-0.0240121070628323,3.431650682798965e-05,0.00013303509627965148,0.00024677259321361183,0.0005394432944931773,0.0006606805432810507,0.001509902208749825,0.003755079992640729,0.007481233199344871
2023-07-28 00:00:00+00:00,24.3700008392334,0.005513768473155878,0.0005765812855969208,0.0006108977924249114,0.0007096163818765716,0.0008420421318452967,0.0011448345843099138,0.0013814432930567935,0.004017018753265629,0.007965779081348452
2023-07-31 00:00:00+00:00,24.85400009155273,0.019665806993157897,3.04016427755677e-05,0.0006069829283724894,0.0006412994352004783,0.0008537555215860988,0.0011464262228656665,0.0013141676405133643,0.0040409090205017996,0.007850969567177303
2023-08-01 00:00:00+00:00,24.20800018310547,-0.026335544457583016,0.00038674396469213807,0.0004171456074677066,0.000993726893064627,0.0011267619893442758,0.0012591877393130031,0.0016544074363456778,0.004419748207901962,0.008196962405115986
2023-08-02 00:00:00+00:00,23.753999710083008,-0.01893223946276823,0.0006935609018773315,0.0010803048665694705,0.0011107065093450374,0.0017216043017699465,0.001934060388155569,0.0022555410936549516,0.003197190003691783,0.008831022875450137
2023-08-03 00:00:00+00:00,23.586000442504883,-0.007097590717958457,0.00035842969107559866,0.001051990592952931,0.0014387345576450682,0.0020457174860175555,0.0021787525822972065,0.0025851607805107354,0.0028505794934774297,0.007793312379979803
2023-08-04 00:00:00+00:00,23.617000579833984,0.0013134818174509455,5.037579399965005e-05,0.0004088054850752496,0.0011023663869525805,0.0015195119944202847,0.0021304097868451955,0.002361554126265584,0.0028032779921580825,0.007511318759781809
2023-08-07 00:00:00+00:00,23.142000198364254,-0.020317659220807194,1.7252344847742389e-06,5.2101028484425154e-05,0.00041053071956002315,0.0014908355861294911,0.00209781851450198,0.0023445911077155926,0.0027584990577830325,0.007289460954744923
2023-08-08 00:00:00+00:00,22.71699905395508,-0.01853565578947558,0.0004128072762128516,0.00041453251069762667,0.0004649083046972761,0.0015168988976502048,0.001934044505117911,0.0026436608869944834,0.0030788790894278263,0.007678983825181372
2023-08-09 00:00:00+00:00,22.649999618530277,-0.002953666149170253,0.0003435705355459196,0.000756377811758772,0.0007581030462435457,0.0011669085313187927,0.0022472133978882628,0.002888512833088742,0.003393639620753931,0.007575723803482936
2023-08-10 00:00:00+00:00,22.746000289916992,0.0042294834209855026,8.724143720754232e-06,0.00035229467926667466,0.0007651019554795256,0.0008172029839639485,0.0018691935769168792,0.0028629204699815065,0.0031283813162298834,0.007550124058338636
2023-08-11 00:00:00+00:00,22.673999786376957,-0.003170434334188954,1.788853000839123e-05,2.6612673729146272e-05,0.00037018320927506527,0.0007847157199726896,0.0011935212050479388,0.002304227714392977,0.0031275815932035093,0.007558403034025726
2023-08-14 00:00:00+00:00,22.643999099731445,-0.001324007756984269,1.0051653867404156e-05,2.7940183875796198e-05,3.6664327596549836e-05,0.0007930421393553195,0.0008451431678397445,0.0022838777254848134,0.003023895750136952,0.0074199323179444596
2023-08-15 00:00:00+00:00,22.59499931335449,-0.002166263942950053,1.7529965405545151e-06,1.1804650407959484e-05,2.969318041635012e-05,0.00038198785968302244,0.0007965203703806489,0.0018988867573332298,0.002926930157225846,0.007328612340011861
2023-08-16 00:00:00+00:00,22.479999542236328,-0.005102607811637405,4.69269947052551e-06,6.445696011080838e-06,1.6497349878484398e-05,4.311002360762834e-05,0.0007994878353664001,0.0012100185549264238,0.0028973063498683818,0.007319143320592173
2023-08-17 00:00:00+00:00,22.670000076293945,0.008416463222514547,2.6036606479383067e-05,3.072930594990939e-05,3.2482302490463306e-05,6.0422486366257176e-05,0.00041271716563293163,0.0008776254703302082,0.002346761670750844,0.007174596400644092
2023-08-18 00:00:00+00:00,22.69499969482422,0.0011021545767482266,7.083685317593996e-05,9.687345965532385e-05,0.00010156615912584874,0.00011337080953380591,0.000139983483262952,0.0008980865295064981,0.002387196881151216,0.0067492598021644335
2023-08-21 00:00:00+00:00,23.304000854492188,0.026480433862722474,1.2147447110470625e-06,7.205159788698784e-05,9.808820436637029e-05,0.00010453390037744882,0.00013247408425324484,0.0008975760397327709,0.002001667661170125,0.006435832021903461
2023-08-22 00:00:00+00:00,23.420000076293945,0.004965305102889506,0.0007012133775580191,0.000702428122269067,0.0007732649754450064,0.0008039942813949135,0.0008157989318028728,0.0011859821410779385,0.002009320136850813,0.007130534023922082
2023-08-23 00:00:00+00:00,24.363000869750977,0.039475262240837417,2.4654254764780566e-05,0.0007258676323228005,0.0007270823770338471,0.0008239558366891686,0.0008304015327002492,0.0008670658602967996,0.0016755447005399949,0.007147283501394887
2023-08-24 00:00:00+00:00,24.211000442504883,-0.006258530048336652,0.0015582963289828844,0.0015829505837476657,0.0022841639613056844,0.0023562155591926696,0.0023869448651425793,0.0024166380455589295,0.0031834652355232293,0.006789460724290261
2023-08-25 00:00:00+00:00,24.21999931335449,0.0003716161548816821,3.916919836593278e-05,0.001597465527348818,0.0016221197821135978,0.0023245479043826627,0.0024214213640379864,0.0024379187139164714,0.0032209091994043876,0.0061235897213662415
2023-08-28 00:00:00+00:00,24.238000869750977,0.0007429756554770961,1.3809856656904633e-07,3.9307296932502696e-05,0.0015976036259153863,0.002323471258238185,0.0023955228561251722,0.0024280051586156363,0.0028082400217581053,0.006026050524613813
2023-08-29 00:00:00+00:00,24.777000427246094,0.021994135310275276,5.520128246316206e-07,6.901113912015343e-07,3.9859309757133665e-05,0.0016228098935047973,0.002325238015773864,0.0024268041748997135,0.002465221499036817,0.00598009836857862
2023-08-30 00:00:00+00:00,24.733999252319336,-0.0017370356493437988,0.0004837419880466977,0.0004842940008713302,0.0004844320994378986,0.0020818976267867146,0.0028077652591095145,0.0029058534634758856,0.002940239343362761,0.006371413112057261
2023-08-31 00:00:00+00:00,24.472000122070312,-0.01064917325423842,3.017292847091233e-06,0.0004867592808937898,0.00048731129371842077,0.0005266185906509214,0.0021095691743985867,0.0028828341498435936,0.0029253681062014606,0.0063456204006845365
2023-09-01 00:00:00+00:00,24.23200035095215,-0.009855523628824692,0.0001134048909987869,0.00011642218384587901,0.0006001641718925761,0.0006008542832837755,0.0021983198106325934,0.0029254021876664407,0.0030287213433328438,0.006185042843438522
2023-09-05 00:00:00+00:00,23.558000564575195,-0.02820859870601966,9.713134599832182e-05,0.0002105362369971096,0.00021355352984420018,0.0006978475307155282,0.0007371548276480305,0.0030213187889537156,0.003124099692790611,0.006263485936402079
2023-09-06 00:00:00+00:00,23.20599937438965,-0.015054650535558434,0.000795725040957254,0.0008928563869555768,0.001006261277954363,0.0014930205588481508,0.0014937106702393517,0.0031158304523529502,0.00391513203427734,0.006945473480425372
2023-09-07 00:00:00+00:00,22.950000762939453,-0.011092869216259071,0.00022664250274778984,0.0010223675437050447,0.001119498889703366,0.0012359210735492427,0.0017202150744205726,0.0033178187003359595,0.004115737930545746,0.0070733973937215
2023-09-08 00:00:00+00:00,22.892000198364254,-0.0025304565380253052,0.00012305174744902815,0.0003496942501968189,0.0011454192911540722,0.0013559555281511797,0.001842714809044969,0.0018825741188021033,0.004167952824818835,0.007162132634342539
2023-09-11 00:00:00+00:00,23.10300064086914,0.009174993752794958,6.403210290835013e-06,0.00012945495773986404,0.0003560974604876531,0.0012489538474432277,0.0013653760312891065,0.0018498081307270057,0.004173141290398622,0.006591954559036453
2023-09-12 00:00:00+00:00,23.12700080871582,0.001038294148832275,8.41805103638265e-05,9.058372065466238e-05,0.00021363546810368976,0.0012360030118087324,0.0014465392488058415,0.0019338505425242631,0.00355610842320443,0.006645733426624712
2023-09-13 00:00:00+00:00,22.91200065612793,-0.00933998169860173,1.0780547394993383e-06,8.525856510332671e-05,9.166177539416096e-05,0.00044135602559097775,0.0013342124125465542,0.0019343765844391308,0.0035325322231791485,0.0062600675166720725
2023-09-14 00:00:00+00:00,22.74799919128418,-0.007183625521623771,8.723525813021524e-05,8.831331286971545e-05,0.0001724938232335412,0.00030194878097340315,0.0013243163246784474,0.0015378698545226483,0.0020614711523264796,0.0056537418729249575
2023-09-15 00:00:00+00:00,23.125999450683597,0.016480308060094817,5.160447563492439e-05,0.0001388397337651405,0.0001399177885046391,0.0002305015091592994,0.0005801957593561178,0.0015864570373104814,0.0020739064295954707,0.0053469166574842825
2023-09-18 00:00:00+00:00,23.23200035095215,0.004573151795222774,0.0002716005537556262,0.00032320502939055143,0.00041044028752076597,0.0004956988526240906,0.0006251538103639541,0.0017446527000673207,0.0023453688847845278,0.005568141417240259
2023-09-19 00:00:00+00:00,23.194000244140625,-0.0016370186882603832,2.0913717342149282e-05,0.00029251427109777635,0.0003441187467327,0.00043243205960241335,0.0005230157802570754,0.0016684350714111483,0.0023657305893020454,0.005587329900097635
2023-09-20 00:00:00+00:00,23.57900047302246,0.016462870389549522,2.679830185713746e-06,2.3593547527863894e-05,0.0002951941012834894,0.00043403383504862775,0.000519292400151954,0.0008753898606396079,0.0018846684314410616,0.005177202454070496
2023-09-21 00:00:00+00:00,23.444000244140625,-0.005741896422124526,0.0002710261014631064,0.00027370593164882103,0.0002946196489909696,0.0006178246783815189,0.000706137991251234,0.0009197734593549245,0.002152677240057077,0.005104658019987683
2023-09-22 00:00:00+00:00,23.59600067138672,0.00646262556627919,3.296937452240644e-05,0.00030399547598551375,0.0003066753061712268,0.000599189577269001,0.0007380293110341411,0.0008296910864283028,0.002072241723580696,0.005128903250789335
2023-09-25 00:00:00+00:00,23.145000457763672,-0.019298440332926603,4.176552920992542e-05,7.473490373233272e-05,0.00034576100519543847,0.0003693545527233002,0.0006925595821138512,0.0008650534053473932,0.0020168759067922997,0.005152780249990869
2023-09-26 00:00:00+00:00,22.950000762939453,-0.008460824511211218,0.0003724297992835283,0.00041419532849345457,0.00044716470301586026,0.0007208706346646793,0.001013384905762455,0.001153302694267095,0.0015935806651185742,0.005515158395406994
2023-09-27 00:00:00+00:00,22.476999282836918,-0.02082543749394361,7.158555140951255e-05,0.0004440153506930417,0.00048578087990296635,0.000789776355888478,0.0008133699034163415,0.0012238101909371082,0.0014385237137802972,0.005584990950275952
2023-09-28 00:00:00+00:00,22.51499938964844,0.0016891943887120675,0.0004336988468141523,0.0005052843982236658,0.0008777141975071933,0.0009524491012395239,0.0012261550328883446,0.0015702737796210453,0.0017491708131454212,0.006013997097619579
2023-09-29 00:00:00+00:00,22.23600006103516,-0.012469126808767772,2.8533776828563353e-06,0.0004365522244970095,0.0005081377759065213,0.0009223331043999739,0.0012263285803854871,0.0015215226816689773,0.0017456209805374425,0.005990813868823052
2023-10-02 00:00:00+00:00,21.218000411987305,-0.046862702382146626,0.00015547912337313116,0.00015833250105598835,0.0005920313478701399,0.0010360466985631796,0.0011107816022955118,0.001405401251286482,0.001816919593546747,0.006075456139020243
2023-10-03 00:00:00+00:00,21.17799949645996,-0.0018870142222566777,0.002196112874557651,0.0023515919979307832,0.002354445375613639,0.0028597297738373025,0.0032739251023307563,0.0035806004085019837,0.004011954413364899,0.008270354268866846
2023-10-04 00:00:00+00:00,20.95599937438965,-0.010537911539246547,3.5608226749989743e-06,0.002199673697232651,0.0023551528206057814,0.002791705045102789,0.00323572039579583,0.003581481400991269,0.003928279977909683,0.007572701713983827
2023-10-05 00:00:00+00:00,20.847999572753903,-0.005166971803349796,0.00011104757960898553,0.00011460840228398538,0.0023107212768416355,0.002469053777897622,0.002974338176121287,0.003421502879137148,0.003987723081883744,0.007659095038828031
2023-10-06 00:00:00+00:00,21.540000915527344,0.032653714342728346,2.6697597616611842e-05,0.00013774517722559823,0.00014130599990059634,0.0024928979978313774,0.0029294502223283863,0.0034152311022313535,0.0037428201257447293,0.00612749630746176
2023-10-09 00:00:00+00:00,21.74099922180176,0.009288128769380677,0.001066265060376503,0.0010929626579931156,0.0012040102376021003,0.0034036839348347498,0.003562016435890737,0.004439730633397931,0.004788171468779083,0.00715459216947233
2023-10-10 00:00:00+00:00,21.775999069213867,0.0016085601642275016,8.626933603659701e-05,0.0011525343964131007,0.0011792319940297116,0.0012938403963136953,0.003645432394244478,0.004153570170151,0.004871760974629966,0.0072407234069423575
2023-10-11 00:00:00+00:00,21.957000732421875,0.008277625478860351,2.587465801939607e-06,8.885680183853748e-05,0.0011551218622150394,0.001292867039440636,0.0034925407366732863,0.004084572084543427,0.004603322338968799,0.007242758859919666
2023-10-12 00:00:00+00:00,21.79199981689453,-0.007543107079615918,6.851908356827806e-05,7.110654937021853e-05,0.00015737588540681467,0.0012503385433999285,0.001364946945683913,0.003719392321297552,0.004638872048014671,0.006827535955441245
2023-10-13 00:00:00+00:00,22.726999282836918,0.042010691871635863,5.689846441455179e-05,0.00012541754798283072,0.00012800501378476943,0.0012805394101978685,0.001418284587423466,0.003773437408029248,0.0046540049832192966,0.006881417127008706
2023-10-16 00:00:00+00:00,22.61000061035156,-0.005161300151681036,0.0017648982315335317,0.0018217966959480844,0.0018903157795163614,0.0019791725813548973,0.003072135239348012,0.005382856516189648,0.006046473415469301,0.008532910467543451
2023-10-17 00:00:00+00:00,22.863000869750977,0.011127608109306575,2.6639019255742688e-05,0.0017915372507892754,0.0018484357152038261,0.0019195422645740432,0.0030720766609871426,0.0032133826608877402,0.006001526883315531,0.008462418140800872
2023-10-18 00:00:00+00:00,22.944000244140625,0.003536553663981312,0.00012382366223430544,0.000150462681490049,0.0019153609130235798,0.002040778461006409,0.0021296352628449454,0.0033336455004470467,0.005691651698735684,0.007790516762077923
2023-10-19 00:00:00+00:00,22.886999130249023,-0.0024874492836914897,1.2507211818219644e-05,0.00013633087405252596,0.00016296989330826778,0.0019847665892563505,0.0020558731386265683,0.0032351051326562808,0.005701305532871048,0.007576381471148354
2023-10-20 00:00:00+00:00,23.35099983215332,0.020070776788115197,6.1874039389373046e-06,1.8694615757157815e-05,0.00014251827799146238,0.0019340555287807358,0.002059473076763566,0.003214594938978606,0.005552013813436854,0.0074595171276382625
2023-10-23 00:00:00+00:00,23.07200050354004,-0.012020019635088364,0.0004028360808783438,0.000409023484817282,0.00042153069663550073,0.000571993378125548,0.0023937900740736316,0.002551165959480447,0.0037587370197575457,0.007855949998225772
2023-10-24 00:00:00+00:00,22.979999542236328,-0.00399553042674361,0.0001444808720279098,0.0005473169529062545,0.0005535043568451909,0.0006898352308977151,0.0024813724816869897,0.0026093774954717595,0.003899657069110457,0.007916250359889855
2023-10-25 00:00:00+00:00,22.87700080871582,-0.0044921781162674534,1.5964263391033974e-05,0.00016044513541894464,0.0005632812162972875,0.0005819758320544437,0.0007324385135444917,0.002622754293060854,0.003804573752892505,0.00793113656854139
2023-10-26 00:00:00+00:00,22.78700065612793,-0.003941847680325239,2.0179664228272205e-05,3.614392761930705e-05,0.00018062479964721595,0.0005896482844644962,0.0007259791585170213,0.0025744148737208484,0.0037980558195041653,0.007864080974639446
2023-10-27 00:00:00+00:00,22.770000457763672,-0.0007463265244722628,1.5538163134885465e-05,3.571782736315854e-05,5.168209075419165e-05,0.0005989990436604443,0.0006176936594176014,0.002533054572441182,0.002747328922262548,0.007828014662139407
2023-10-30 00:00:00+00:00,23.28199958801269,0.022236611951065743,5.570032811308471e-07,1.609516641601718e-05,3.627483064428852e-05,0.0001967199660632314,0.0006057434508805126,0.0007687133441887812,0.002661616589507082,0.007556971111664912
2023-10-31 00:00:00+00:00,22.840999603271484,-0.019123362833162627,0.0004944669110622798,0.0004950239143434116,0.0005105620774782961,0.0005467060050976015,0.0010940229580038551,0.0012365412359953182,0.003153496034767422,0.008030524305385043
2023-11-01 00:00:00+00:00,22.684999465942383,-0.006853259723754501,0.00036570300604878576,0.0008601699171110664,0.0008607269203921965,0.0008964447477553532,0.001056889883174297,0.0014784205798097985,0.00345067995724793,0.008393547481248114
2023-11-02 00:00:00+00:00,22.750999450683597,0.0029051867565592637,4.696716884123562e-05,0.00041267017489002224,0.0009071370859523012,0.0009232322523683165,0.0009593761799876229,0.0015128805368328146,0.0034407486616746135,0.008169488548626244
2023-11-03 00:00:00+00:00,23.201000213623047,0.019586314068944066,8.440110090487335e-06,5.540727893172382e-05,0.00042111028498050874,0.0009161341993239185,0.0009518520266870763,0.0015151332429843645,0.0016842905402315693,0.008144959284194325
2023-11-06 00:00:00+00:00,23.14900016784668,-0.002243800093427506,0.00038362369880731625,0.00039206380889780443,0.00043903097773903923,0.0012992008948501039,0.0013152960612661203,0.0014959208609133371,0.0020412752197831426,0.008486817453791715
2023-11-07 00:00:00+00:00,22.507999420166016,-0.028080814495886397,5.0346388592652844e-06,0.0003886583376665824,0.0003970984477570689,0.0008097686226470893,0.0013047925369905002,0.0013564746277446927,0.0019224861964081028,0.008119422293367451
2023-11-08 00:00:00+00:00,22.64699935913086,0.006156588717613154,0.0007885321427523836,0.0007935667816116497,0.001177190480418965,0.0012325977593506871,0.0020927676764617527,0.0021290425071060423,0.0026985111273422667,0.008836368884710323
2023-11-09 00:00:00+00:00,22.83099937438965,0.008091869668116924,3.7903584637841576e-05,0.000826435727390226,0.0008314703662494904,0.001223534175147293,0.0016362043500373145,0.0021467664275156115,0.0027302273080411707,0.008440573622534014
2023-11-10 00:00:00+00:00,22.21500015258789,-0.027351490938963163,6.54783547257907e-05,0.00010338193936363315,0.000891914082116016,0.0012805724197825965,0.0013359796987143194,0.0021967066191065166,0.0023928695818886177,0.008503198599576947
2023-11-13 00:00:00+00:00,22.298999786376957,0.003774081574768662,0.000748104056584184,0.0008135824113099756,0.0008514859959478164,0.001645052777559464,0.0020371165864572676,0.0029442536724095703,0.002996492766444892,0.009095823532788
2023-11-14 00:00:00+00:00,23.07900047302246,0.03438130880937473,1.4243691733008302e-05,0.0007623477483171932,0.0008278261030429831,0.0016542618304332072,0.002042920168099789,0.0024640304530802984,0.0029947721947868665,0.006913954349963357
2023-11-15 00:00:00+00:00,23.48500061035156,0.017438811827251044,0.0011820743954455886,0.0011963180871785977,0.001944422143762781,0.0020478040831264123,0.002841370864738061,0.003280401842477101,0.004156666926004183,0.008092467922733947
2023-11-16 00:00:00+00:00,23.892000198364254,0.017181737704644373,0.0003041121579462709,0.0014861865533918603,0.001500430245124868,0.0023140126564348412,0.003140448383825067,0.0035375468315821364,0.0044452409208155675,0.008285532501071231
2023-11-17 00:00:00+00:00,23.80900001525879,-0.0034800220749495736,0.00029521211055119807,0.0005993242684974698,0.0017813986639430577,0.0025437464122602493,0.0026471283516238814,0.0038243188320428475,0.004739896028085636,0.008554047014005818
2023-11-20 00:00:00+00:00,23.57900047302246,-0.009707155647562526,1.2110553642136335e-05,0.00030732266419333527,0.0006114348221396055,0.0018077529093182014,0.002621335320628176,0.0034528056868776674,0.004257539670665491,0.007499892507271452
2023-11-21 00:00:00+00:00,23.843000411987305,0.011134185035356126,9.422887076600506e-05,0.00010633942440814226,0.0004015515349593397,0.001887738088351198,0.0026500858366683903,0.003541999918784407,0.003986065535382712,0.007507852042000859
2023-11-22 00:00:00+00:00,23.67200088500977,-0.007197738001180287,0.00012397007640154828,0.0002181989471675542,0.00023030950080968988,0.0008296337693071578,0.0020259518564857545,0.0028774378524335717,0.004063068442943024,0.007629234652600468
2023-11-24 00:00:00+00:00,24.32900047302246,0.027376121388464014,5.1807432333634794e-05,0.00017577750873518392,0.00027000637950118833,0.0005773290436945216,0.0020635155970863813,0.0028913417001293655,0.004106435765186172,0.007612523001365825
2023-11-27 00:00:00+00:00,24.67200088500977,0.01399995937921128,0.0007494520222759168,0.0008012594546095525,0.0009252295310111002,0.0010315689554192403,0.0016308932239167094,0.0035753153676794914,0.004472264088654772,0.00830507655922719
2023-11-28 00:00:00+00:00,24.93000030517578,0.010402876524836291,0.00019599886261956588,0.0009454508848954836,0.0009972583172291178,0.00121545726439667,0.0015227799285900043,0.003023210173714873,0.004663228312415072,0.006736177190313225
2023-11-29 00:00:00+00:00,25.07200050354004,0.00567979592065182,0.00010821983999098999,0.00030421870261055674,0.001053670724886473,0.0012294482336216547,0.0013357876580297962,0.0031171863219728547,0.003982916009653679,0.006817758011048471
2023-11-30 00:00:00+00:00,25.292999267578125,0.008775942953729299,3.2260081700253055e-05,0.0001404799216912439,0.00033647878431080914,0.0011377382389203597,0.0013559371860879129,0.001967372008227519,0.00397727250671609,0.00672619443051442
2023-12-01 00:00:00+00:00,25.499000549316406,0.008111608600660958,7.701717472711092e-05,0.00010927725642736485,0.00021749709641835418,0.0011629479813138356,0.001338725490049019,0.0017402770250083592,0.00398881132671741,0.00679070439342331
2023-12-04 00:00:00+00:00,24.55500030517578,-0.03772374533235334,6.579819409031683e-05,0.0001428153688174286,0.000175075450517681,0.0004792941531282358,0.0012805536077377874,0.0015108631085474782,0.0033065054642235437,0.006850315183574689
2023-12-05 00:00:00+00:00,24.201000213623047,-0.014521548469481171,0.0014230809619002506,0.0014888791559905684,0.0015658963307176785,0.0017063762524089205,0.0026518271373044034,0.0029218335168055922,0.004715342734390785,0.007870560064596598
2023-12-06 00:00:00+00:00,23.888999938964844,-0.012975864061511633,0.00021087536995149095,0.0016339563318517425,0.0016997545259420585,0.0018090317823694214,0.0021132504849799773,0.0030384800159910783,0.003744143708896688,0.007936954562520178
2023-12-07 00:00:00+00:00,23.73200035095215,-0.00659373620393211,0.00016837304814282917,0.000379248418094321,0.001802329379994571,0.0019451447488119974,0.002085624670503241,0.003082882987732359,0.0036084045990932463,0.008089363347271972
2023-12-08 00:00:00+00:00,22.97100067138672,-0.0325917831578626,4.3477357127045036e-05,0.00021185040526987509,0.0004227257752213654,0.0019116049312119317,0.002020882187639296,0.0030745529125257693,0.0033566698456690934,0.008112661040170745
2023-12-11 00:00:00+00:00,22.77300071716309,-0.008656924832119994,0.001062224329409136,0.001105701686536182,0.0012740747346790106,0.0029080310665307507,0.003050846435348179,0.003387325219658988,0.004406783621436093,0.009159347206444996
2023-12-12 00:00:00+00:00,22.72800064086914,-0.001977982445328319,7.494234754897579e-05,0.0011371666769581128,0.0011806440340851572,0.0015598924521794762,0.003048771608170044,0.003266268704588398,0.004387497098219064,0.009233732550712841
2023-12-13 00:00:00+00:00,22.638999938964844,-0.003923592697075762,3.912414554026997e-06,7.885476210300366e-05,0.0011410790915121392,0.0013529294967820121,0.002986885828633754,0.0031619612791514355,0.004267439436371543,0.00874317805420459
2023-12-14 00:00:00+00:00,24.09600067138672,0.062371799428326824,1.539457965254625e-05,1.9306994206574114e-05,9.424934175554926e-05,0.001199951028291729,0.0015791994463860493,0.0031450957771037287,0.004231026583690454,0.00839286962780835
2023-12-15 00:00:00+00:00,23.8700008392334,-0.009423403971239086,0.0038902413639274303,0.0039056359435799774,0.003909548358134004,0.005046715035092114,0.005258565440361989,0.006958319966304048,0.007371815925341968,0.012236143822894544
2023-12-18 00:00:00+00:00,23.83099937438965,-0.0016352476199670285,8.880054240516458e-05,0.003979041906332596,0.0039944364859851415,0.0040732912480881435,0.0051789929346243236,0.006981322314618896,0.007264617605127566,0.01231650425520922
2023-12-19 00:00:00+00:00,24.040000915527344,0.008731919861235227,2.674034778607831e-06,9.147457718377328e-05,0.003981715941111203,0.004001022935317775,0.005138189612275887,0.005560915387497253,0.007159071799915185,0.011935554591180512
2023-12-20 00:00:00+00:00,24.347000122070312,0.012689495916295535,7.624642446303422e-05,7.892045924164292e-05,0.00016772100164680706,0.0040733569452267825,0.004152211707329784,0.0054262864420087965,0.007203058142677965,0.012006766376784281
2023-12-21 00:00:00+00:00,24.30699920654297,-0.00164430160282647,0.00016102330660968105,0.00023726973107271614,0.00023994376585132352,0.004218985672183917,0.00423829266639049,0.005418936700475648,0.007287064274560535,0.01137925754064158
2023-12-22 00:00:00+00:00,24.290000915527344,-0.0006995613583620219,2.7037277610576985e-06,0.0001637270343707396,0.0002399734588337734,0.0003314480360175445,0.00423708397959752,0.005378163071109661,0.007223969808231276,0.011344057683764796
2023-12-26 00:00:00+00:00,24.143999099731445,-0.006028915967585924,4.893860941133173e-07,3.1931138551718833e-06,0.0001642164204648525,0.00024313687970649325,0.004222178786039088,0.004316428127794638,0.005801378232425138,0.011279068715133117
2023-12-27 00:00:00+00:00,24.375,0.009522152145883478,3.634782774421252e-05,3.6837213838326705e-05,3.9540941599383964e-05,0.00027681067267209793,0.0003682852498558699,0.0042778336079898754,0.00562685069021786,0.010567312486293147
2023-12-28 00:00:00+00:00,24.13400077819824,-0.009936349987609727,9.067138148935332e-05,0.0001270192092335667,0.0001275085953276796,0.00029123562969841704,0.0003701560889400586,0.004364592574925201,0.005549149023564385,0.01064374017604949
2023-12-29 00:00:00+00:00,23.85300064086914,-0.011711644441401603,9.873105107627182e-05,0.000189402432565626,0.0002257502603098381,0.0002289433741650078,0.0004662131052377226,0.004447929046348927,0.0056044027175136115,0.009560396831680175
2024-01-02 00:00:00+00:00,23.732999801635746,-0.005043546105692354,0.00013716261552181307,0.00023589366659808577,0.00032656504808743867,0.00036340226192576317,0.0005271292962965015,0.0006948502979433095,0.0046793410036262886,0.009393447289255716
2024-01-03 00:00:00+00:00,22.94599914550781,-0.0337228842115227,2.5437357320244506e-05,0.00016259997284205844,0.00026133102391832984,0.00038835023315189436,0.00039154334700706496,0.0006314871128583893,0.004629836013397557,0.009123672536024762
2024-01-04 00:00:00+00:00,22.98900032043457,0.0018722624572964364,0.0011372329195437668,0.0011626702768640122,0.0012998328923858249,0.0014892353249514488,0.0015260725387897741,0.0017660459976235484,0.005763156518387297,0.010248794901926393
2024-01-05 00:00:00+00:00,23.121999740600582,0.005768679439421387,3.50536670900169e-06,0.0011407382862527694,0.0011661756435730134,0.0014020693101710973,0.0015290885194046626,0.0016933049398695158,0.005751267305443753,0.01015807139786939
2024-01-08 00:00:00+00:00,23.1200008392334,-8.645393120421119e-05,3.327766247480305e-05,3.6783029183805603e-05,0.001174015948727572,0.0013366159215696283,0.001526018354135253,0.0015655592957346377,0.001894303603991125,0.010067378983942644
2024-01-09 00:00:00+00:00,22.90399932861328,-0.00938654162046193,7.47428222066248e-09,3.328513675702458e-05,3.679050346602583e-05,0.0011994607803300361,0.0014353544469281204,0.001562863042255801,0.0018055105358681812,0.010015579025891232
2024-01-10 00:00:00+00:00,22.88400077819824,-0.0008735280702389936,8.810716359266408e-05,8.81146378748856e-05,0.00012139230034968821,0.0012621305866024556,0.0014247305594445126,0.0016504808197543516,0.0018909436646822374,0.00935423416720798
2024-01-11 00:00:00+00:00,22.53700065612793,-0.015279578262603177,7.630512894954601e-07,8.88702148821604e-05,8.887768916438062e-05,0.00012566071834818428,0.0012883309952121948,0.0016148960432996345,0.0018154602915086986,0.009158998355877907
2024-01-12 00:00:00+00:00,23.16200065612793,0.027354600940066476,0.00023346551188301552,0.00023422856317251183,0.0003223357267651755,0.00035562086352219815,0.001496359149774966,0.0017576901736932966,0.001887902496782033,0.009284244027769933
2024-01-16 00:00:00+00:00,22.933000564575195,-0.009936087189663656,0.0007482741925902857,0.000981739704473302,0.000982502755762797,0.0010706173936376809,0.0011074004228214848,0.0024072333152073107,0.002633472961611261,0.010000258138659965
2024-01-17 00:00:00+00:00,22.516000747680664,-0.018350745091879173,9.872582864059821e-05,0.0008470000212308848,0.0010804655331138999,0.0011693357479960582,0.0012026208847530813,0.002368796528326096,0.0027317094041577456,0.010021966792573453
2024-01-18 00:00:00+00:00,22.66699981689453,0.006683913395737928,0.00033674984542712757,0.00043547567406772666,0.0011837498666580118,0.001417978429830522,0.0015060930677054058,0.0026801090164329786,0.003032111421840661,0.010292918443910264
2024-01-19 00:00:00+00:00,22.57099914550781,-0.004244255612504855,4.467469828172492e-05,0.00038142454370885333,0.0004801503723494511,0.0014618900768227513,0.00155076029170491,0.0015875507951709368,0.0029861147386330326,0.008914512180291738
2024-01-22 00:00:00+00:00,22.163000106811523,-0.018241621994751878,1.8013705704278958e-05,6.268840398600474e-05,0.00039943824941313186,0.001246438270644015,0.001480666833816525,0.001602059134166214,0.0029053973932610397,0.008721650516044527
2024-01-23 00:00:00+00:00,22.333999633789062,0.007685928029685929,0.0003327567729994155,0.0003507704787036953,0.0003954451769854198,0.0008309208510531445,0.001812660555526445,0.0019015382446908266,0.003100991550738642,0.008886034240901113
2024-01-24 00:00:00+00:00,22.7549991607666,0.018674699960745222,5.9073489677511825e-05,0.0003918302626769282,0.0004098439683812067,0.0007912685120900581,0.0016382685333209412,0.0019606042600861175,0.0031346276830959098,0.00890163037345158
2024-01-25 00:00:00+00:00,22.808000564575195,0.0023265117764248444,0.0003487444186238576,0.0004078179083013703,0.0007405746813007853,0.0008032630852867881,0.0012387387593545134,0.0022212415151173113,0.0023461391821760005,0.008188150462666301
2024-01-26 00:00:00+00:00,22.7549991607666,-0.0023265117764248444,5.412657045843485e-06,0.00035415707566970197,0.0004132305653472134,0.0007640010440509066,0.0011454255877597584,0.002225891120873659,0.002348046472512842,0.008118620772163168
2024-01-29 00:00:00+00:00,23.13800048828125,0.01669144412236845,5.412657045843485e-06,1.082531409168697e-05,0.000359569732715545,0.0007513999953924712,0.0008140883993784745,0.001997838266036487,0.0023201814670838826,0.008120121014654985
2024-01-30 00:00:00+00:00,23.10700035095215,-0.00134069159519834,0.0002786043068901482,0.0002840169639359926,0.0002894296209818356,0.000697247529283204,0.0010480180079868978,0.0015281683803363498,0.00259877829969181,0.008383330741892587
2024-01-31 00:00:00+00:00,23.051000595092773,-0.0024264388486061605,1.7974539534354697e-06,0.0002804017608435846,0.0002858144178894276,0.0006399714935591276,0.0010318017562360542,0.001431240005649187,0.0025124685900525814,0.004494886831918592
2024-02-01 00:00:00+00:00,23.1299991607666,0.003421261694124045,5.88760548602519e-06,7.685059439461526e-06,0.00028628936632960934,0.0002971146804212952,0.000704932588722664,0.0011003777657080847,0.002517593144249111,0.004411973894999453
2024-02-02 00:00:00+00:00,22.701000213623047,-0.018721454169231766,1.1705031579680528e-05,1.7592637065706585e-05,1.939009101914162e-05,0.00030340705495513225,0.0006575641306248327,0.0010674080990060403,0.002295832663945776,0.004421004891800525
2024-02-05 00:00:00+00:00,22.334999084472656,-0.016254071977408024,0.0003504928462106455,0.0003621978777903269,0.00036808548327635165,0.0006484872441199342,0.0006593125582116206,0.0013998872395124067,0.0018980513175661361,0.004695251313548137
2024-02-06 00:00:00+00:00,22.39299964904785,0.002593480536911663,0.0002641948558467608,0.0006146877020574072,0.0006263927336370872,0.0006340777930765469,0.0009180947570125379,0.0013313253223597521,0.0020635203447722985,0.004798422862785217
2024-02-07 00:00:00+00:00,22.277999877929688,-0.005148755406702676,6.726141295339609e-06,0.00027092099714210127,0.0006214138433527464,0.000639006480418451,0.000919408241262034,0.00127897797397758,0.0017334966406405106,0.004802445276319498
2024-02-08 00:00:00+00:00,22.565000534057617,0.012800418002897995,2.6509682238050043e-05,3.323582353339052e-05,0.0002974306793801509,0.0006596285571704759,0.0006673136166099359,0.0009567432375917723,0.0017153316245968357,0.004828465572463435
2024-02-09 00:00:00+00:00,22.527999877929688,-0.0016410823894577042,0.0001638507010489151,0.000190360383286966,0.00019708652458230518,0.0008117742266397104,0.0008293668637054155,0.001115181281594844,0.001861168619941472,0.0049559684457681375
2024-02-12 00:00:00+00:00,22.708999633789062,0.008002330999257179,2.693151408988208e-06,0.0001665438524579042,0.0001930535346959538,0.0004639745318380531,0.0008261724096283785,0.0011124617759579885,0.0015311049983510446,0.004867990215687772
2024-02-13 00:00:00+00:00,22.09600067138672,-0.027364678504359752,6.40373014216724e-05,6.673045283066147e-05,0.00023058115387957612,0.0002638169774129647,0.0008785046794703704,0.0008978947704895129,0.0015360688100952054,0.004833296466033173
2024-02-14 00:00:00+00:00,22.33099937438965,0.010579192585494113,0.0007488256296469686,0.0008128629310686419,0.0008155560824776296,0.0010059164657645937,0.0012768374629066935,0.001644922946183046,0.001936150021118316,0.005444959480158328
2024-02-15 00:00:00+00:00,22.91200065612793,0.025684999777683792,0.00011191931576097361,0.0008607449454079431,0.0009247822468296151,0.0010913260992875173,0.0011245619228209063,0.0017509546564579944,0.0020426566798334464,0.005531441438599058
2024-02-16 00:00:00+00:00,23.43899917602539,0.022740447113613005,0.0006597192135796165,0.000771638529340591,0.0015204641589875592,0.0015871946118182186,0.0017775549951051831,0.0023989688384579303,0.0026969632363672193,0.005053927732634907
2024-02-20 00:00:00+00:00,23.106000900268555,-0.014308903505345416,0.00051712793492703,0.0011768471485066475,0.0012887664642676207,0.0021016293953362605,0.0022681732477941633,0.002565603927174315,0.0029354868644041014,0.0055675503008529355
2024-02-21 00:00:00+00:00,22.85099983215332,-0.011097490309876168,0.00020474471952528633,0.0007218726544523172,0.0013815918680319334,0.0022423368134398746,0.0023090672662705344,0.0025061537908528404,0.003138434129975952,0.005739017357903419
2024-02-22 00:00:00+00:00,22.76499938964844,-0.0037706307377116666,0.00012315429117779544,0.0003278990107030826,0.0008450269456301122,0.0016166654749707012,0.0024295284060393417,0.002622581940735296,0.003255700815667722,0.005862164174798994
2024-02-23 00:00:00+00:00,22.9689998626709,0.008921232752945762,1.4217656160176027e-05,0.00013737194733797232,0.00034211666686325825,0.0015189638153699037,0.002379708760777845,0.0026102899146574223,0.003258213440248218,0.005788274667366506
2024-02-26 00:00:00+00:00,22.517000198364254,-0.01987488644167268,7.958839383223223e-05,9.380604999240913e-05,0.00021696034117020413,0.0009388329956225194,0.0017104715249631089,0.0025260276074407393,0.0029873089878698043,0.005867100009909242
2024-02-27 00:00:00+00:00,22.52300071716309,0.0002664528735509819,0.0003950111110693845,0.0004745995049016176,0.0004888171610617931,0.0008167161717648739,0.0019935633202715197,0.0029183455671011357,0.0031181252430924284,0.006028645609095612
2024-02-28 00:00:00+00:00,22.40999984741211,-0.005029760156690877,7.099713382357555e-08,0.0003950821082032089,0.00047467050203544073,0.0006120424493734111,0.0013339151038257268,0.002854379262813287,0.0031114700989309124,0.00528044241363915
2024-02-29 00:00:00+00:00,22.666000366210938,0.011358739463680934,2.5298487233835032e-05,2.5369484367659473e-05,0.00042038059543704357,0.0005141866454294508,0.0008420856561325319,0.0021308521204001533,0.0031102589039266972,0.0052070150722323865
2024-03-01 00:00:00+00:00,23.149999618530277,0.02112874358647243,0.00012902096220378261,0.0001543194494376185,0.00015439044657144165,0.0006289899514730573,0.0007663618988110281,0.002147953766842962,0.003075429165081565,0.004999286189009041
2024-03-04 00:00:00+00:00,23.77899932861328,0.026808045945251546,0.0004464238055428999,0.0005754447677466833,0.000600743254980518,0.000995825363183725,0.0010896314131761326,0.0019346583588062457,0.0035191598192154767,0.005401035296270216
2024-03-05 00:00:00+00:00,23.76300048828125,-0.0006730403011054875,0.0007186713274027178,0.0011650951329456186,0.0012941160951494006,0.0013194855795170583,0.0017940850844186743,0.0021362017512819337,0.004173793845196522,0.006101692917968655
2024-03-06 00:00:00+00:00,24.27199935913086,0.021193626504321106,4.529832469121653e-07,0.0007191243106496308,0.0011655481161925304,0.0013198675656301468,0.0017149496738333542,0.0019319100150035594,0.0034254211987964655,0.005769389128216152
2024-03-07 00:00:00+00:00,24.3700008392334,0.004029505871729899,0.00044916980440466204,0.0004496227876515751,0.0011682941150542925,0.001743738882800974,0.0017691083671686318,0.002257925528230426,0.003762671687440154,0.006159485442943302
2024-03-08 00:00:00+00:00,24.339000701904297,-0.0012728711545628713,1.6236917570305735e-05,0.00046540672197496866,0.0004658597052218804,0.001630954838167497,0.001785274287605114,0.0022599447896405555,0.003119189391430843,0.005826977941889751
2024-03-11 00:00:00+00:00,24.511999130249023,0.007082727155816038,1.620200976118217e-06,1.7857118546424818e-05,0.00046702692295108643,0.0011861512336007152,0.001761596001347397,0.0021819765967844417,0.0026036816574799312,0.005823185485820025
2024-03-12 00:00:00+00:00,24.194000244140625,-0.013058079446905513,5.0165023963733936e-05,5.178522493985302e-05,6.802214251015832e-05,0.0005176449301617314,0.0016827400631073484,0.0018371305096787911,0.0024491019619183787,0.005867937852737915
2024-03-13 00:00:00+00:00,24.958999633789062,0.031129785294960577,0.00017051343884169618,0.00022067846280543097,0.00022229866378154877,0.0006877053857565155,0.0014068296964061448,0.0020075729513866635,0.0024964611095822796,0.0057598469846894635
2024-03-14 00:00:00+00:00,24.874000549316406,-0.0034113606080663494,0.0009690635325103438,0.001139576971352041,0.0011897419953157745,0.0012075991138621972,0.0016572219015137707,0.0029513379966631726,0.0034513069859324476,0.006727113063246372
2024-03-15 00:00:00+00:00,25.200000762939453,0.013020921477243874,1.1637381198266814e-05,0.0009807009137086115,0.001151214352550307,0.0012029995774901583,0.0016684062994651253,0.0028339544156576564,0.003383355973298482,0.0067328628389586136
2024-03-18 00:00:00+00:00,25.090999603271484,-0.0043348245037173605,0.0001695443961165508,0.00018118177731481848,0.0011502453098251619,0.0013709237726305908,0.0013887808911770142,0.0025570750062313074,0.0031578892583456484,0.006890702203495484
2024-03-19 00:00:00+00:00,24.964000701904297,-0.00507438510057856,1.879070347802846e-05,0.00018833509959458012,0.0001999724807928465,0.0013395494521448855,0.001391334677084737,0.0018571943823066182,0.003176608964689853,0.006559000060762867
2024-03-20 00:00:00+00:00,24.933000564575195,-0.001242565305764387,2.5749384148973682e-05,4.454008762700301e-05,0.00021408448374355337,0.0011947853974521628,0.0014154638602575924,0.0018824907832086797,0.0031770598616049917,0.00632055458906508
2024-03-21 00:00:00+00:00,24.849000930786133,-0.0033747021407659616,1.5439685390893447e-06,2.7293352688063895e-05,4.608405616609192e-05,0.00022726583348090844,0.0013668428048329477,0.0014348649473431068,0.003049582867940298,0.006315372416308829
2024-03-22 00:00:00+00:00,24.691999435424805,-0.006338266074977561,1.1388614538890365e-05,1.2932583077980578e-05,3.868196722695383e-05,0.000227017066821532,0.0012077179805301422,0.0014300166443116916,0.0026145476769362888,0.0063002513486096695
2024-03-25 00:00:00+00:00,24.7450008392334,0.0021442006521721346,4.017361683721146e-05,5.156223137610269e-05,5.310619991519161e-05,9.764628754219266e-05,0.00027882806485700964,0.001468570060172785,0.0019360499663707827,0.006176574264397966
2024-03-26 00:00:00+00:00,24.482999801635746,-0.010644491266027067,4.597596436775408e-06,4.477121327398773e-05,5.615982781287767e-05,8.345318050093961e-05,0.00027178828009551825,0.0014230026326458264,0.0019401945795606457,0.006178478709425753
2024-03-27 00:00:00+00:00,24.625,0.005783196005059388,0.00011330519431252652,0.00011790279074930279,0.00015807640758651382,0.00017100899066449244,0.00021554907829149394,0.0013657943881166567,0.0016043299694685103,0.006227746602316607
2024-03-28 00:00:00+00:00,24.79700088500977,0.0069605267438555,3.344535603293486e-05,0.00014675055034546225,0.00015134814678223723,0.00020291037815833797,0.00023020373084640033,0.00043017621163924774,0.0016215384079311394,0.005512366328702574
2024-04-01 00:00:00+00:00,24.95400047302246,0.006311435142598132,4.844893255192764e-05,8.189428858486336e-05,0.00019519948289738946,0.00023997069617137526,0.0002529032792493543,0.0004669877629929086,0.0016683671395069488,0.005448895945493528
2024-04-02 00:00:00+00:00,25.804000854492188,0.033495402840106436,3.98342135592227e-05,8.828314611115121e-05,0.00012172850214408563,0.0002396312928933865,0.00029119352426948766,0.00033727758043558044,0.0016580363291024375,0.004829010945473134
2024-04-03 00:00:00+00:00,26.94499969482422,0.043268188274869335,0.0011219420114210103,0.0011617762249802339,0.001210225157532161,0.0013569757078776214,0.0014017469211516076,0.0014404288883785622,0.0026094649016817515,0.005433825021967114
2024-04-04 00:00:00+00:00,27.13999938964844,0.007210891858136836,0.0018721361165895403,0.0029940781280105517,0.003033912341569774,0.003115806630154635,0.0032337094209039362,0.003286815620819129,0.003512537485760948,0.007101216419031368
2024-04-05 00:00:00+00:00,27.399999618530277,0.009534367554052903,5.1996961389744115e-05,0.0019241330779792853,0.003046075089400295,0.0031343582355114444,0.003281108785856905,0.0033372686136697834,0.0035528970659524256,0.007030059089243317
2024-04-08 00:00:00+00:00,27.71199989318848,0.011322529053911179,9.090416465577673e-05,0.00014290112604552172,0.0020150372426350617,0.0031768134676152934,0.0032587077562001555,0.00341678416378667,0.0034742568344916513,0.007106745597738917
2024-04-09 00:00:00+00:00,27.891000747680664,0.006438554423384701,0.0001281996641766628,0.0002191038288324404,0.00027110079022218405,0.0032651789182327334,0.0033534620643438833,0.0035048102111261215,0.0035836657951902853,0.007155356868083348
2024-04-10 00:00:00+00:00,27.961000442504883,0.002506614981877764,4.14549830628867e-05,0.00016965464723955035,0.00026055881189532667,0.00218469188987461,0.0033464681148548422,0.0035416675977522323,0.003599371394104199,0.00680180074007685
2024-04-11 00:00:00+00:00,28.176000595092773,0.00765987494346021,6.2831186673740625e-06,4.7738101730261635e-05,0.000175937765906924,0.00031883889195244376,0.003312917019962994,0.0034346455221070803,0.0036041105442324835,0.006808012861610401
2024-04-12 00:00:00+00:00,28.2549991607666,0.0027998305052805428,5.8673684149449555e-05,6.495680281682449e-05,0.00010641178587971075,0.0003255156147121492,0.002249648692691433,0.0034598738502235947,0.003651395613843043,0.006841388058526015
2024-04-15 00:00:00+00:00,28.650999069213867,0.013917910698854286,7.8390508582995e-06,6.651273500774992e-05,7.279585367512356e-05,0.00024245050091467195,0.0003853516269601922,0.003419263968529967,0.0036190610478641304,0.006720206147180531
2024-04-16 00:00:00+00:00,28.31800079345703,-0.011690641196232754,0.00019370823822128258,0.00020154728907958294,0.00026022097322903206,0.0003079590749592917,0.0005270629037917306,0.0035731379931920266,0.003808171689648638,0.006467490579858915
2024-04-17 00:00:00+00:00,28.34600067138672,0.0009882775478184946,0.0001366710915790544,0.00033037932980033787,0.00033821838065863693,0.0004031751834754594,0.0005728298307150082,0.0025878670733500706,0.0038315375869151657,0.005885490344035252
2024-04-18 00:00:00+00:00,28.32900047302246,-0.0005999187836205344,9.766925115221369e-07,0.0001376477840905774,0.00033135602231185954,0.00039786875731960753,0.00044560685904986757,0.0007167076492720526,0.0037990689233937526,0.005886014053299861
2024-04-19 00:00:00+00:00,28.808000564575195,0.016767114297929542,3.599025469407416e-07,1.3365950584637458e-06,0.00013800768663751773,0.0003395549757170987,0.00040451177853392166,0.0006650705904292492,0.003750979893388766,0.00543720415144214
2024-04-22 00:00:00+00:00,27.21299934387207,-0.05695836975434565,0.0002811361218798333,0.0002814960244267749,0.00028247271693829663,0.0006128520467386325,0.000679364781746381,0.0008553025476533058,0.003992281801709376,0.005702103355751667
2024-04-23 00:00:00+00:00,27.33099937438965,0.004326790018385651,0.0032442558850727574,0.0035253920069525917,0.003525751909499532,0.0036633996935901076,0.003864946982669689,0.003971358768549401,0.006114595675361124,0.008944739039848307
2024-04-24 00:00:00+00:00,27.323999404907227,-0.00025615111799615065,1.8721111863201705e-05,0.00326297699693596,0.0035441131188157925,0.0035454497138742544,0.0038758290436745908,0.003948624897349715,0.004261180670634785,0.008913295127747776
2024-04-25 00:00:00+00:00,27.34199905395508,0.000658531818892083,6.561339525067789e-08,1.8786725258453248e-05,0.0032630426103312103,0.003544538634757983,0.003682186418848559,0.003942407392077592,0.004209249322640292,0.00874284730230133
2024-04-26 00:00:00+00:00,27.24099922180176,-0.003700784149520686,4.3366415649331524e-07,4.992775517448605e-07,1.9220389414946133e-05,0.0035446123963675355,0.003545948991425998,0.0038841673720846352,0.004118778822141009,0.007774217433947478
2024-04-29 00:00:00+00:00,27.37299919128418,0.004833933802829371,1.3695803321343548e-05,1.412946747783773e-05,1.4195080873087975e-05,0.0032771720778090457,0.0035586681022358193,0.0038900241245476796,0.0040042749612856894,0.007776275856070555
2024-04-30 00:00:00+00:00,26.391000747680664,-0.03653402529313743,2.3366916010136425e-05,3.706271933148084e-05,3.7496383487973725e-05,5.6283108746424805e-05,0.0035816751156990153,0.0037196828023365338,0.0039861868942329395,0.00763009837596414
2024-05-01 00:00:00+00:00,26.48900032043457,0.0037064933043997605,0.0013347350041196054,0.0013581019201297426,0.0013717977234510858,0.0013722970010028284,0.004635273997938788,0.004917746714877085,0.005314638779685171,0.008946042676605717
2024-05-02 00:00:00+00:00,26.58300018310547,0.0035423560473990534,1.3738092615560255e-05,0.0013484730967351665,0.0013718400127453027,0.001385969480223138,0.0014047562054815901,0.004930508114981122,0.005269703188151281,0.008934031385072304
2024-05-03 00:00:00+00:00,26.44499969482422,-0.005204827643416454,1.2548286366544644e-05,2.6286378982105767e-05,0.0013610213831017107,0.0013980841024331895,0.0013985833799849332,0.004942696498800727,0.005274412423659527,0.00894503570289976
2024-05-06 00:00:00+00:00,27.36899948120117,0.0343438740978117,2.709023079767208e-05,3.9638517164217594e-05,5.337660977977741e-05,0.0014114785299095178,0.0014256079973873543,0.0046886506077185655,0.005107794416235916,0.008960737319158541
2024-05-07 00:00:00+00:00,27.30299949645996,-0.0024143992550720306,0.0011795016880463414,0.0012065919188440142,0.0012191402052105585,0.0025676133019457226,0.0026046760212772024,0.0026238964106921493,0.006150625012703203,0.01010006539036767
2024-05-08 00:00:00+00:00,27.36100006103516,0.0021220762040989882,5.829323762892376e-06,0.0011853310118092346,0.0012124212426069061,0.0012387076215890098,0.0025968095417187513,0.00261100462259184,0.006155477643954573,0.01010129711769379
2024-05-09 00:00:00+00:00,28.131999969482425,0.027789073336208947,4.503207416003171e-06,1.0332531178896414e-05,0.0011898342192252374,0.0012294727363894528,0.0025779458331246182,0.0026154422166125924,0.006159620948823636,0.009992495130797264
2024-05-10 00:00:00+00:00,28.274999618530277,0.005070291149797956,0.000772232596885199,0.0007767358043012031,0.000782565128064095,0.001989157046908107,0.0020154434258902116,0.0033872411493412985,0.006650717423829001,0.010731282371649529
2024-05-13 00:00:00+00:00,28.22100067138672,-0.0019116030625232483,2.5707852343719482e-05,0.0007979404492289194,0.000802443656644922,0.0019877746684541543,0.002027413185618371,0.003399253198363674,0.003432169391099963,0.010708541291441321
2024-05-14 00:00:00+00:00,28.48500061035156,0.00931124891123325,3.654226268648262e-06,2.936207861236861e-05,0.0008015946754975672,0.0008119272066764614,0.002018519125520475,0.003379540508622186,0.0034171025055054097,0.010672361304150746
2024-05-15 00:00:00+00:00,29.513999938964844,0.03548707061377021,8.669935628694238e-05,9.03535825555915e-05,0.00011606143489931056,0.0008927972392005114,0.002078128251009745,0.002131504860789523,0.003503736248397101,0.009637118649016677
2024-05-16 00:00:00+00:00,29.665000915527344,0.005103205599561456,0.0012593321807467133,0.0013460315370336566,0.0013496857633023044,0.0021476262125312215,0.0021579587437101167,0.003377098948920676,0.004762634764987322,0.009024314713173852
2024-05-17 00:00:00+00:00,31.04700088500977,0.04553428328681752,2.6042707391395395e-05,0.0012853748881381096,0.0013720742444250516,0.0014014363230374178,0.0021781721273386196,0.003390593369945527,0.004774981669057373,0.008998360459175502
2024-05-20 00:00:00+00:00,32.20500183105469,0.036619562995446664,0.0020733709544441497,0.002099413661835546,0.003358745842582259,0.0034490994251378483,0.004247039874366766,0.005436874093592004,0.006824985707491387,0.010980827248963876
2024-05-21 00:00:00+00:00,31.868000030517575,-0.010519404379332187,0.0013409923939774868,0.003414363348421637,0.003440406055813032,0.004786437592846687,0.004815799671459054,0.00559836479952315,0.006831243097349267,0.0121936199787647
2024-05-22 00:00:00+00:00,31.295000076293945,-0.01814402966118367,0.00011065786849591319,0.0014516502624734007,0.00352502121691755,0.0048103961050556575,0.004900749687611248,0.005703193344256171,0.00692816287322962,0.012262822864197725
2024-05-23 00:00:00+00:00,30.28400039672852,-0.03283880947323237,0.00032920581234591276,0.0004398636808418268,0.001780856074819313,0.003880269736654857,0.005226301273688512,0.0060278959491860806,0.007244820399208989,0.012585745557876265
2024-05-24 00:00:00+00:00,30.32999992370605,0.0015177858437001035,0.0010783874076192557,0.0014075932199651693,0.001518251088461082,0.004932614436882718,0.006217989325020826,0.006334050759920137,0.008296117576030573,0.013605459281346072
2024-05-28 00:00:00+00:00,31.97100067138672,0.05269194372176633,2.303673867336435e-06,0.001080691081486593,0.0014098968938325053,0.002861547156305904,0.004960960818141448,0.006310646581443754,0.007118919561851567,0.013599923904355108
2024-05-29 00:00:00+00:00,32.202999114990234,0.007230325523375658,0.0027764409331777905,0.002778744607045128,0.003857132014664383,0.004296995695506208,0.007711359043927844,0.009083433288352896,0.009889531171266466,0.016182656599311614
2024-05-30 00:00:00+00:00,31.38800048828125,-0.025633918608640283,5.2277607173977486e-05,0.002828718540351769,0.002831022214219105,0.004238615434184271,0.0056902656966576716,0.009049011539239931,0.009937305571024438,0.016098263114906537
2024-05-31 00:00:00+00:00,30.29700088500977,-0.035376942897865415,0.0006570977832343946,0.000709375390408373,0.003485816323586163,0.004566507405072753,0.005006371085914579,0.008446777141727613,0.009822170757373634,0.016754384205629413
2024-06-03 00:00:00+00:00,30.641000747680664,0.011290278893179906,0.0012515280887988303,0.0019086258720332257,0.001960903479207203,0.004739648086252328,0.006147241306217496,0.009672262523135047,0.011047990993828746,0.0180055523918813
2024-06-04 00:00:00+00:00,29.488000869750977,-0.03835557539429546,0.00012747039748578368,0.0013789984862846148,0.0020360962695190094,0.004864814809870776,0.0059455058913573675,0.007726361966176681,0.01117180716504588,0.01785188666748725
2024-06-05 00:00:00+00:00,29.947999954223636,0.015479112417361662,0.0014711501638274833,0.0015986205613132678,0.002850148650112098,0.003559524040520468,0.006338268647565595,0.007856519736026678,0.012556257972586422,0.016078780946241978
2024-06-06 00:00:00+00:00,31.246999740600582,0.042460820432626445,0.00023960292122932001,0.0017107530850568042,0.0018382234825425876,0.0037468493545758106,0.006575567894927578,0.007985464788760084,0.01153652871306903,0.016299662755608096
2024-06-07 00:00:00+00:00,29.334999084472656,-0.06314205210410062,0.0018029212718117475,0.0020425241930410684,0.0035136743568685517,0.004892672843153163,0.005602048233561536,0.00945918024822592,0.013313407277489381,0.01810251841402459
2024-06-10 00:00:00+00:00,29.768999099731445,0.014686242189963394,0.0039869187439169574,0.005789840015728706,0.006029442936958026,0.007628063498271291,0.009536689370304515,0.012367711584523622,0.015226955066962188,0.022089003493785057
2024-06-11 00:00:00+00:00,29.132999420166016,-0.021596020981069497,0.0002156857096622608,0.004202604453579219,0.006005525725390966,0.007716278810447767,0.009095277296732382,0.012581093620318546,0.014101648382646964,0.022290993400125973
2024-06-12 00:00:00+00:00,30.176000595092773,0.03517539379444745,0.00046638812221479393,0.0006820738318770556,0.004668992575794012,0.006711516768835078,0.008310137330148347,0.01027104080935555,0.014457378636365844,0.022734014606330632
2024-06-13 00:00:00+00:00,28.989999771118164,-0.04009599113341311,0.0012373083285944523,0.0017036964508092471,0.001919382160471508,0.007709222176200211,0.009419975261257013,0.011456071530776024,0.015365481152614383,0.022636587930805478
2024-06-14 00:00:00+00:00,29.402000427246094,0.014111778734601454,0.0016076885049707429,0.002844996833565196,0.00331138495577999,0.007513989409359207,0.009556513602400273,0.012406662252512373,0.01589478224996587,0.024230538343160662
2024-06-17 00:00:00+00:00,29.325000762939453,-0.002622293216736793,0.00019914229905434983,0.0018068308040250936,0.0030441391326195455,0.003726212964496598,0.009516052980225304,0.011354276462767892,0.016091620875152885,0.024417132355848466
2024-06-18 00:00:00+00:00,29.5049991607666,0.006119291509133706,6.8764217145437966e-06,0.0002060187207688945,0.0018137072257396374,0.003517403676548881,0.0077200081301281,0.011233682486996651,0.013322056363689636,0.024396918546765338
2024-06-20 00:00:00+00:00,30.775999069213867,0.04217542314073475,3.7445728573755876e-05,4.432215028830054e-05,0.00024346444934265037,0.003088461282907843,0.0037705351147848975,0.009799978051742923,0.013307224485089414,0.02325486258729275
2024-06-21 00:00:00+00:00,29.572999954223636,-0.03987335385921931,0.001778766317100024,0.0018162120456737807,0.0018230884673883245,0.003629919271413415,0.005333615722222661,0.011339141447613629,0.014428893018955044,0.025027799580629884
2024-06-24 00:00:00+00:00,29.48900032043457,-0.0028444580283353282,0.0015898843479825193,0.003368650665082544,0.0034060963936563,0.0036121151144251915,0.0064571119479903865,0.0111261045237844,0.014767249278138734,0.0266131807211964
2024-06-25 00:00:00+00:00,28.83699989318848,-0.022358042207853757,8.090941474961302e-06,0.0015979752894574814,0.003376741606557505,0.0034210637568458024,0.005227894560870895,0.007147276721342404,0.01464786982212791,0.025849039065786162
2024-06-26 00:00:00+00:00,28.90900039672852,0.002493697935441297,0.0004998820513681701,0.0005079729928431323,0.0020978573408256514,0.003914069386499429,0.004120088107268323,0.007431473063048314,0.013676601709668598,0.026323213264810612
2024-06-27 00:00:00+00:00,28.917999267578125,0.0003112342322610928,6.218529393224187e-06,0.0005061005807613951,0.0005141915222363565,0.0038828421873188974,0.003927164337607197,0.006971303470226744,0.013443217317832502,0.02632577756793519
2024-06-28 00:00:00+00:00,29.23699951171875,0.01097080045952481,9.686674733115187e-08,6.315396140556206e-06,0.0005061974475087264,0.0021041727369662043,0.003920384782639984,0.005734092008379623,0.011640392912768086,0.026239175078395575
2024-07-01 00:00:00+00:00,29.299999237060547,0.0021524762462155067,0.00012035846272270977,0.0001204553294700418,0.000126673858863266,0.0006346468517063949,0.004003297516788938,0.004246761966131589,0.007773832631573838,0.025100201360371575
2024-07-02 00:00:00+00:00,29.35300064086914,0.001807287550351866,4.633153990521999e-06,0.00012499161671323264,0.00012508848346056377,0.0006311890642219555,0.002229164353679436,0.004052252821067762,0.0075627800759020996,0.0250787918069707
2024-07-03 00:00:00+00:00,30.54800033569336,0.03990445048069935,3.2662882896568484e-06,7.899442280179714e-06,0.00012825790500288947,0.00013457330114344221,0.0006425462939865737,0.004048642687642875,0.007099658241976962,0.02300868714081621
2024-07-05 00:00:00+00:00,31.38800048828125,0.027126441806346602,0.0015923651681665864,0.0015956314564562442,0.0016002646104467662,0.0017207199399168044,0.002226820520678199,0.005603562127235705,0.007454715081549096,0.023260059915005307
2024-07-08 00:00:00+00:00,30.618000030517575,-0.02483759751492043,0.0007358438450731087,0.002328209013239696,0.002331475301529353,0.002456466918242582,0.0024627823143831373,0.00456063965520879,0.006582870421651462,0.023885245891582505
2024-07-09 00:00:00+00:00,30.77199935913086,0.005017092463706074,0.0006169062503131815,0.001352750095386291,0.0029451152635528773,0.002953014705833054,0.0030734700353030947,0.0035876615575394523,0.007000634372910295,0.024172946329549774
2024-07-10 00:00:00+00:00,30.726999282836918,-0.001463441204536231,2.5171216789376286e-05,0.0006420774671025587,0.0013779213121756673,0.002973552768631908,0.00309854438534514,0.0036047418328538673,0.007018929167985127,0.02311973013871989
2024-07-11 00:00:00+00:00,31.393999099731445,0.021475039610782787,2.141660159134455e-06,2.731287694851161e-05,0.0006442191272616931,0.0029724281405013853,0.0029803275827815644,0.0031070014416448312,0.006983625099570505,0.023119568125011692
2024-07-12 00:00:00+00:00,30.88599967956543,-0.01631376675050422,0.0004611773262846897,0.000463318986443825,0.0004884902032332014,0.001841240298619489,0.003436871755075732,0.003561960238536297,0.005666036108755171,0.02080430451811859
2024-07-15 00:00:00+00:00,30.67200088500977,-0.0069527812687733,0.0002661389855898571,0.0007273163118745477,0.0007294579720336821,0.0013715354391362375,0.0036997444523759323,0.0038280023573788228,0.004342290746362509,0.02101816589653447
2024-07-16 00:00:00+00:00,31.19499969482422,0.016907600622622088,4.8341167371404866e-05,0.0003144801529612628,0.0007756574792459525,0.0008029703561944607,0.0021557204515807505,0.003755985062027518,0.004382540972258952,0.02040940928067148
2024-07-17 00:00:00+00:00,30.136999130249023,-0.03450419189644549,0.0002858669588140908,0.0003342081261854965,0.0006003471117753536,0.0010636660982191752,0.0017057435653217328,0.004037218866851087,0.004168525879704873,0.01944374815068674
2024-07-18 00:00:00+00:00,29.9950008392334,-0.004722894799295219,0.0011905392584267347,0.0014764062172408264,0.0015247473846122313,0.0022520636964867757,0.002279376573435286,0.005224491836988164,0.005352846608738383,0.020506817011627692
2024-07-19 00:00:00+00:00,29.08799934387207,-0.03070503364575128,2.230573528520982e-05,0.0012128449937119454,0.0014987119525260361,0.0018131921054872957,0.0022765110919311196,0.003654432404106788,0.005375055477276262,0.019057972583085416
2024-07-22 00:00:00+00:00,29.124000549316406,0.0012368999553467042,0.000942799091186718,0.0009651048264719285,0.0021556440848986636,0.0024898522110841565,0.0032171685229587035,0.0038613876502203975,0.00619749610574027,0.019761168753042815
2024-07-23 00:00:00+00:00,29.131999969482425,0.00027462991434523687,1.5299214995366787e-06,0.0009443290126862554,0.0009666347479714652,0.002443040965212288,0.00275752111817355,0.0032460113214067524,0.0061943928732492845,0.017959777402730605
2024-07-24 00:00:00+00:00,29.11599922180176,-0.0005494007796076339,7.542158985327214e-08,1.6053430893906014e-06,0.0009444044342761086,0.002157249427988051,0.0024914575541735463,0.0032209155262072292,0.006191202006549481,0.013972934080403501
2024-07-25 00:00:00+00:00,27.80699920654297,-0.046000065501128784,3.018412166334759e-07,3.772628064873986e-07,1.9071843060240773e-06,0.0009670120107779496,0.002443418228018775,0.0032190757072647286,0.004599138679599528,0.013757550211957872
2024-07-26 00:00:00+00:00,27.86000061035156,0.0019042312320980415,0.0021160060261081384,0.0021163078673247723,0.0021163832889146256,0.003060712301600878,0.004273557295312823,0.0048739044070881775,0.005979300860634558,0.015407168115851216
2024-07-29 00:00:00+00:00,27.702999114990234,-0.0056513116278029685,3.626096585297625e-06,0.0021196321226934363,0.00211993396391007,0.0021215393069994575,0.0030866441334713854,0.004611391518083618,0.005366020706906674,0.014173485883842063
2024-07-30 00:00:00+00:00,28.364999771118164,0.023615304077701182,3.193732311454104e-05,3.5563419699839097e-05,0.0021515694458079777,0.0021519467086144623,0.003096275721300717,0.004594987673826754,0.0053727868132318396,0.012597734701985861
2024-07-31 00:00:00+00:00,28.777999877929688,0.014455219390066443,0.0005576825866822901,0.0005896199097968316,0.0005932460063821292,0.002709553873706899,0.0027111592167962887,0.004866803301694953,0.005928327739754995,0.012956274989613801
2024-08-01 00:00:00+00:00,28.33099937438965,-0.01565461269177648,0.00020895336761495286,0.0007666359542972433,0.0007985732774117844,0.002918205400105218,0.002918582662911705,0.0038852174108831715,0.005676103781085258,0.013158351935514212
2024-08-02 00:00:00+00:00,28.246000289916992,-0.0030047244967827957,0.0002450668985295293,0.0004540202661444826,0.0010117028528267727,0.0010472662725266092,0.003163574139851381,0.00410797857412749,0.005655031694024931,0.013365973105469985
2024-08-05 00:00:00+00:00,27.076000213623047,-0.042304130374756,9.028369301566625e-06,0.00025409526783109636,0.0004630486354460492,0.0010526685452428783,0.003172300667936314,0.0031742078522423393,0.005615718895955092,0.011596235157671527
2024-08-06 00:00:00+00:00,27.09600067138672,0.0007384057574277847,0.0017896394467643531,0.0017986678160659202,0.0020437347145954494,0.0028103706688926903,0.0028459340885925288,0.004962317377507156,0.007119491383905354,0.011795990256453361
2024-08-07 00:00:00+00:00,26.82999992370605,-0.009865478699618624,5.452430626025004e-07,0.001790184689826956,0.0017992130591285226,0.0022532333252730024,0.002842853235069834,0.004962787198979905,0.0059294973685412216,0.011788444558041003
2024-08-08 00:00:00+00:00,27.5,0.024665343078599022,9.732766997262878e-05,9.787291303523172e-05,0.001887512359799585,0.0021416076276306786,0.0029082435819279212,0.0050598130277359,0.006004519303228641,0.011385890176645461
2024-08-09 00:00:00+00:00,27.48699951171875,-0.00047285680757047643,0.0006083791491849927,0.0007057068191576219,0.0007062520622202245,0.002504919878286142,0.0029589401444306243,0.003552186150812755,0.005670099361226916,0.011988050796437229
2024-08-12 00:00:00+00:00,27.91699981689453,0.015522667840409898,2.2359356046574258e-07,0.000608602742745459,0.0007059304127180878,0.002496115102545041,0.002750210370376137,0.003548783647787923,0.005668793033287845,0.011988177523250364
2024-08-13 00:00:00+00:00,27.69499969482422,-0.007983935239463058,0.0002409532168836957,0.00024117681044416188,0.0008495559596291547,0.0009474288726643838,0.0027460966887303036,0.0037577995415570774,0.005909670828581687,0.01210877227741135
2024-08-14 00:00:00+00:00,27.253999710083008,-0.016051591775867458,6.374322190794004e-05,0.0003046964387916362,0.00030492003235210204,0.0010106268515097214,0.002800811541336677,0.0032638601767827277,0.005973112209272994,0.012167882345328767
2024-08-15 00:00:00+00:00,28.34199905395508,0.03914448133303283,0.0002576535985390958,0.00032139682044703626,0.0005623500373307321,0.0011709527800761884,0.0012688256931114197,0.0033125604077068704,0.0041147597817039515,0.012422269655578206
2024-08-16 00:00:00+00:00,28.777999877929688,0.015266432076365355,0.0015322904188321558,0.001789944017371252,0.001853687239279192,0.0020948640497233514,0.002800570868880973,0.004599783928009497,0.005643424103950809,0.012362194906243776
2024-08-19 00:00:00+00:00,29.239999771118164,0.015926424954448848,0.000233063948342277,0.0017653543671744332,0.0020230079657135294,0.0023277044045051628,0.002936307147250621,0.004823819507050207,0.005844550729178545,0.011859415009512944
2024-08-20 00:00:00+00:00,29.45499992370605,0.007326045329582254,0.000253651011829691,0.0004867149601719685,0.0020190053790041245,0.002340402199451158,0.002581579009895319,0.003287831072115545,0.005540519154325947,0.011496159771029453
2024-08-21 00:00:00+00:00,29.47599983215332,0.0007126948269382538,5.367094017109395e-05,0.0003073219520007854,0.0005403859003430627,0.0023303299177143116,0.002635026356505947,0.0033409567692240364,0.005385236726882087,0.011524659494411171
2024-08-22 00:00:00+00:00,29.006000518798828,-0.01607364418642998,5.079339163445475e-07,5.417887408743893e-05,0.00030782988591713015,0.0020731842530915608,0.0023945810735385964,0.0032441370331677526,0.005140677762268903,0.011523025768168382
2024-08-23 00:00:00+00:00,29.785999298095703,0.02653573787479724,0.00025836203743195434,0.0002588699713482993,0.0003125409115193935,0.0007992558716913591,0.002589199889062611,0.002894119921414714,0.00539001143039929,0.011320210479315645
2024-08-26 00:00:00+00:00,29.976999282836918,0.006391936133756104,0.0007041453845599487,0.0009625074219919035,0.0009630153559082482,0.0012703373079090308,0.003035691675083463,0.003598041712414197,0.004304517368194886,0.011758216878285738
2024-08-27 00:00:00+00:00,29.951000213623047,-0.0008676769144129182,4.085684753801693e-05,0.000745002232097966,0.0010033642695299206,0.0010575431436173567,0.0015442581037893247,0.0033979453430685183,0.0043448289726703004,0.01175073255845235
2024-08-28 00:00:00+00:00,29.176000595092773,-0.02621624621508012,7.528632278051225e-07,4.160971076582238e-05,0.0007457550953257713,0.0010046250666740678,0.0013119470186748528,0.003334954984388383,0.004248254165925477,0.011465618462866064
2024-08-29 00:00:00+00:00,29.55699920654297,0.012974101683713268,0.0006872915656097027,0.0006880444288375081,0.0007289012763755253,0.001691408698367426,0.0017455875724548646,0.0037645929514589904,0.004327166582350187,0.010962370770049032
2024-08-30 00:00:00+00:00,28.731000900268555,-0.02834386504475761,0.00016832731449933146,0.0008556188801090344,0.0008563717433368399,0.0016013739754348031,0.001860243946783102,0.0024006298471261657,0.004495270303289052,0.011108392349263155
2024-09-03 00:00:00+00:00,27.951000213623047,-0.02752372576282136,0.0008033746856754323,0.000971702000174764,0.0016589935657844671,0.0017006032765502868,0.0026631106985421896,0.002970940584459321,0.005057691772080789,0.010968967943751868
2024-09-04 00:00:00+00:00,28.16699981689453,0.007698088664644498,0.0007575554798669963,0.001560930165542429,0.0017292574800417608,0.0024173019088792663,0.0031623041409772315,0.0034748450524966262,0.005751504030039845,0.011724993502119328
2024-09-05 00:00:00+00:00,28.71999931335449,0.019442646827942056,5.926056908872811e-05,0.0008168160489557247,0.0016201907346311572,0.0024758096147401887,0.0025174193255060114,0.0034804346814142607,0.005553111000589478,0.011784178649618202
2024-09-06 00:00:00+00:00,27.808000564575195,-0.03226995088615414,0.0003780165156760853,0.00043727708476481373,0.0011948325646318103,0.0021665345648065716,0.0028545789936440793,0.0038579432631740012,0.004398837097433407,0.012161893324077655
2024-09-09 00:00:00+00:00,28.291000366210938,0.017219976427145678,0.0010413497301948005,0.0014193662458708862,0.0014786268149596144,0.0030395569805020404,0.003895175860611075,0.004640930955936847,0.00520712287928593,0.011087237028164318
2024-09-10 00:00:00+00:00,28.256999969482425,-0.0012025323839557345,0.0002965275881514528,0.0013378773183462538,0.001715893834022339,0.002532709882978061,0.003504411883152825,0.004233313159528351,0.005249999455607692,0.011380138519730472
2024-09-11 00:00:00+00:00,28.5629997253418,0.010770950927001088,1.446084134462262e-06,0.0002979736722859155,0.001339323402480716,0.0017766004872455273,0.003337530652787956,0.004193902396124796,0.00519777459957106,0.011349647280750393
2024-09-12 00:00:00+00:00,29.743000030517575,0.04048164685823963,0.0001160133838718656,0.0001174594680063283,0.0004139870561577811,0.0018333533020286647,0.0026501693509843895,0.004309162916768857,0.005313280049526581,0.010907978077939967
2024-09-13 00:00:00+00:00,30.698999404907227,0.0316362501739369,0.0016387637323552224,0.0017547771162270884,0.0017562232003615506,0.0030941005187078018,0.0035313776034726152,0.005260635083514377,0.006693681744449849,0.012337788442680237
2024-09-16 00:00:00+00:00,30.770999908447266,0.002342623630124052,0.0010008523250679224,0.0026396160574231452,0.002755629441295011,0.0030536031135809235,0.00447296935945181,0.006093160094082968,0.006990388684957823,0.01309357386921863
2024-09-17 00:00:00+00:00,30.61899948120117,-0.004951970658746863,5.487885472415592e-06,0.0010063402105403385,0.002645103942895561,0.0027625634109018863,0.00410044072924814,0.005295273293879951,0.0069550197228922216,0.01309003338538948
2024-09-18 00:00:00+00:00,30.340999603271484,-0.009120794268719479,2.4522013405089837e-05,3.0009898877505862e-05,0.0010308622239454284,0.0027856393401725138,0.003083613012458429,0.004562239827418045,0.006978788873069507,0.011324915952030216
2024-09-19 00:00:00+00:00,31.0939998626709,0.02451495002034587,8.318888809230609e-05,0.00010771090149739636,0.00011319878696981196,0.0027528148443929546,0.0028702743123992826,0.004586168146421623,0.00637468619555211,0.01140755959705992
2024-09-20 00:00:00+00:00,31.176000595092773,0.00263371701360704,0.000600982774500056,0.0006841716625923625,0.0007086936759974524,0.0017150338865377882,0.0034698110027648757,0.004809134405245594,0.006807341655552835,0.011911214701587347
2024-09-23 00:00:00+00:00,30.767000198364254,-0.013205893659078427,6.936465307763184e-06,0.0006079192398078196,0.0006911081279001257,0.0007211180267776289,0.0033607340842007737,0.0037747211403585564,0.006010903435185165,0.011309772017710117
2024-09-24 00:00:00+00:00,32.11100006103516,0.04275595899787055,0.0001743956273348878,0.00018133209264265142,0.0007823148671427075,0.0008900257686401011,0.001896365979180439,0.003652589179541991,0.0054277435826530565,0.011483944051484538
2024-09-25 00:00:00+00:00,31.697999954223636,-0.012945066497276336,0.0018280720298275873,0.0020024676571624754,0.0020094041224702386,0.0026935757850625984,0.002723585683940104,0.005479215125235116,0.007196555043391916,0.013071062864428431
2024-09-26 00:00:00+00:00,32.025001525878906,0.010263309463195647,0.00016757474661890625,0.001995646776446494,0.002170042403781382,0.002777961643589199,0.0028856725450865945,0.005530776487982157,0.006986113274334737,0.013174894389139397
2024-09-27 00:00:00+00:00,31.518999099731445,-0.015926385393938425,0.00010533552113732132,0.000272910267756228,0.002100982297583815,0.002282314390226464,0.002966486052818826,0.003997348276764256,0.006050099065277258,0.013022576311737623
2024-09-30 00:00:00+00:00,31.16399955749512,-0.011326941765971377,0.0002536497517162552,0.000358985272853577,0.0005265600194724834,0.002529027676634956,0.0031369469164427752,0.003250145703412589,0.00600722122884206,0.011743935644621721
2024-10-01 00:00:00+00:00,31.44499969482422,0.008976410021022119,0.00012829960976970677,0.0003819493614859625,0.00048728488262328397,0.002482931659069775,0.002664263751712426,0.00337295742770988,0.006134074754477305,0.011639171306049152
2024-10-02 00:00:00+00:00,31.62800025939941,0.005802834119854161,8.057593686550631e-05,0.00020887554663521357,0.00046252529835146894,0.0007354355661076941,0.002737903223270169,0.003429011351170296,0.006098637307470946,0.011466096231084967
2024-10-03 00:00:00+00:00,32.18899917602539,0.017581941271591628,3.367288382254362e-05,0.00011424882068805042,0.00024254843045775737,0.0006015337033113315,0.0025971804797578248,0.0033794953469005336,0.004493546458938267,0.011446098174736416
2024-10-04 00:00:00+00:00,32.12799835205078,-0.0018968809058246272,0.000309124658877697,0.00034279754270024113,0.0004233734795657476,0.0008053228410517073,0.0010782331088079347,0.003087637231278175,0.003801818792748041,0.011754714899697769
2024-10-07 00:00:00+00:00,31.7450008392334,-0.011992613716898415,3.598157170882058e-06,0.00031272281604857955,0.0003463956998711233,0.0005552712465063341,0.0009142565193599107,0.0030842989231412935,0.003799929064446508,0.011499951019436697
2024-10-08 00:00:00+00:00,30.354999542236328,-0.04477402555706522,0.00014382278376274,0.00014742094093362254,0.0004565455998113197,0.0005707944204993673,0.0009527437819853293,0.0030537260795691456,0.003919229834804158,0.010939628418639488
2024-10-09 00:00:00+00:00,30.424999237060547,0.002303380295461288,0.0020047133645847296,0.00214853614834747,0.0021521343055183524,0.0024949318482185906,0.0027038073948538036,0.003230367414326288,0.005840754311296581,0.012903484935686202
2024-10-10 00:00:00+00:00,31.0049991607666,0.018883840936641416,5.305560785519331e-06,0.0020100189253702493,0.0021538417091329894,0.0024665645251815663,0.0025808133458696163,0.0030680982284929013,0.005245077097582045,0.012908037633243916
2024-10-11 00:00:00+00:00,31.520000457763672,0.016473824778476143,0.00035659944852037414,0.00036190500930589393,0.0023666183738906238,0.002514039314824243,0.002856836857524484,0.003319362155875954,0.005594740080794656,0.012577345516154586
2024-10-14 00:00:00+00:00,31.08300018310547,-0.013961227684057498,0.0002713869028319345,0.0006279863513523091,0.0006332919121378288,0.002781828060485296,0.003094550876533875,0.0033370993069916336,0.005691731356291702,0.012680405104487188
2024-10-15 00:00:00+00:00,31.527000427246094,0.014183283274741054,0.0001949158784460935,0.0004663027812780284,0.0008229022297984031,0.002832921155168649,0.002980342096102271,0.00340371557566802,0.004058575204910209,0.01207194629725785
2024-10-16 00:00:00+00:00,31.76000022888184,0.007363308482220887,0.00020116552445154933,0.00039608140289764326,0.0006674683057295782,0.0010293733150354692,0.003177909463382939,0.003524305163254063,0.0040921659827428515,0.011515556341842403
2024-10-17 00:00:00+00:00,31.572999954223636,-0.005905320055976659,5.4218311804346064e-05,0.00025538383625589583,0.00045029971470198974,0.0010782860660542958,0.003088304991424545,0.003544850591235866,0.004041048773409876,0.011510514084558022
2024-10-18 00:00:00+00:00,33.03200149536133,0.045174510324303974,3.487280496352018e-05,8.909111676786668e-05,0.0002902566412194164,0.0007565594224974418,0.0011184644318033353,0.0032705987373216885,0.003822271826657141,0.011167370373845456
2024-10-21 00:00:00+00:00,33.86899948120117,0.025023292569056554,0.002040736383040646,0.002075609188004167,0.002129827499808513,0.0025259089027061536,0.003153895254058462,0.005307736963191452,0.005734708599928081,0.012166757026691302
2024-10-22 00:00:00+00:00,34.83100128173828,0.02800770522303697,0.000626165170996601,0.0026669015540372477,0.002701774359000768,0.002957158195256661,0.003423460976534689,0.005790079350425314,0.006280297834059175,0.01249639460953645
2024-10-23 00:00:00+00:00,33.63999938964844,-0.03479201468484128,0.0007844315518605325,0.001410596722857134,0.0034513331058977806,0.0035404242226656445,0.003936505625563287,0.004569797537701117,0.007031056502097164,0.01327938007726252
2024-10-24 00:00:00+00:00,33.61100006103516,-0.0008624208011047685,0.001210484285830211,0.001994915837690744,0.0026210810086873455,0.004696690196691509,0.004952074032947404,0.005774976262745809,0.007932416129049678,0.014373850979220866
2024-10-25 00:00:00+00:00,33.60300064086914,-0.00023802839052144975,7.437696381781907e-07,0.0012112280554683896,0.0019956596073289227,0.004662561161366167,0.0047516522781340335,0.005419120583863612,0.007929561741516974,0.012735831016503822
2024-10-28 00:00:00+00:00,33.83000183105469,0.0067326691482958445,5.665751469423179e-08,8.004271528728561e-07,0.0012112847129830842,0.0026218814358402154,0.004697490623844381,0.005147790338546372,0.0077857956152689286,0.011735035348950594
2024-10-29 00:00:00+00:00,34.26900100708008,0.012893147889623258,4.5328833860414695e-05,4.538549137510936e-05,4.612926101328799e-05,0.002041045098704029,0.004707946652741275,0.004998203293960693,0.005826411084544614,0.011774876297338593
2024-10-30 00:00:00+00:00,33.91400146484375,-0.010413233129587418,0.00016623326250369666,0.00021156209636411178,0.00021161875387880645,0.0014228468093471932,0.0028334435322043268,0.00496327103201284,0.005987338786262791,0.011916587546437199
2024-10-31 00:00:00+00:00,32.65299987792969,-0.03789122030074932,0.00010843542421113698,0.0002746686867148341,0.0003199975205752492,0.000320797947728119,0.0023157137854188624,0.005017488144419631,0.005739174761953555,0.01194183408255603
2024-11-01 00:00:00+00:00,32.54199981689453,-0.003405174286693402,0.0014357445758799172,0.0015441800000910546,0.0017104132625947515,0.001755798753969858,0.0029670268094382475,0.0064183599153360285,0.006903532435001537,0.012776595883935891
2024-11-04 00:00:00+00:00,32.47999954223633,-0.0019070558906162383,1.159521192275792e-05,0.0014473397878026755,0.0015557752120138127,0.0017673373083779216,0.0017681377355307942,0.0043892187442181405,0.0067202117684782015,0.012781254630550888
2024-11-05 00:00:00+00:00,32.654998779296875,0.0053734447730380275,3.6368621699340937e-06,1.5232074092692447e-05,0.00145097664997261,0.001725645336687441,0.0017710308280625502,0.0037666904353914734,0.006522683106196587,0.012610495865385934
2024-11-06 00:00:00+00:00,31.22100067138672,-0.044906979144643255,2.88739087288897e-05,3.2510770898824226e-05,4.4105982821582363e-05,0.0015882859829126341,0.0017998480792767457,0.003011132792259831,0.00649733870312113,0.010811297744287235
2024-11-07 00:00:00+00:00,31.76499938964844,0.017274068675740217,0.0020166367758974245,0.002045510684626315,0.0020491475467962488,0.003496487334598922,0.0037711560213137553,0.0038172852823270442,0.008479102674055035,0.012660359773565753
2024-11-08 00:00:00+00:00,31.358999252319336,-0.012863752127841632,0.0002983934486141894,0.002315030224511614,0.002343904133240504,0.0023591362073331935,0.003903316207424248,0.004114934961303055,0.006736759739628578,0.012853417701042622
2024-11-11 00:00:00+00:00,30.540000915527344,-0.02646395360760101,0.00016547611880655011,0.00046386956742073995,0.002480506343318164,0.002513017114216986,0.003960356902019661,0.004280354422594911,0.006276070687438527,0.012765244068132918
2024-11-12 00:00:00+00:00,30.68600082397461,0.004769221606362173,0.0007003408405452585,0.0008658169593518091,0.0011642104079659984,0.00320972109259231,0.003224953166685002,0.004935366429279756,0.006191979976123253,0.013337285298908468
2024-11-13 00:00:00+00:00,30.59000015258789,-0.0031333882238482325,2.2745474730591785e-05,0.0007230863152758507,0.0008885624340824009,0.0032035926585940126,0.0032361034294928364,0.004791878641506651,0.005004241165023633,0.013279454836773555
2024-11-14 00:00:00+00:00,30.507999420166016,-0.0026842378549476464,9.818121761350781e-06,3.2563596491943004e-05,0.0007329044370372015,0.0011967740044579389,0.0032422846890842534,0.004693261339056864,0.005013315517146806,0.013255600074712362
2024-11-15 00:00:00+00:00,30.371000289916992,-0.0045007100037892656,7.205132861933942e-06,1.7023254623285157e-05,3.9768729353876945e-05,0.0009055856887056834,0.0032206159132172974,0.0032647218960388806,0.0050204639924940455,0.012953680548696597
2024-11-18 00:00:00+00:00,31.163000106811523,0.02574328178202334,2.025639053820877e-05,2.7461523400143146e-05,3.7279645161493924e-05,0.0007603659604373421,0.0012242355278580816,0.0032733830746543317,0.004995391549171839,0.012970338782063925
2024-11-19 00:00:00+00:00,31.20800018310547,0.001442980997355292,0.0006627165569086549,0.000682972947446864,0.000690178080308798,0.0007227416768007384,0.0015885586361525472,0.003932462769393052,0.005491874843576798,0.01348923255520984
2024-11-20 00:00:00+00:00,30.95599937438965,-0.00810765687306736,2.0821941587284733e-06,0.0006647987510673838,0.0006850551416055925,0.0007020783962288752,0.0014251647115047256,0.0039056710548228913,0.005385521613524389,0.01148660138478384
2024-11-21 00:00:00+00:00,30.91200065612793,-0.0014223419427707995,6.573409997139639e-05,6.781629413012529e-05,0.0007305328510387801,0.0007579943744389207,0.0007905579709308633,0.001954768378896863,0.004015511137615869,0.011547029923969715
2024-11-22 00:00:00+00:00,31.30900001525879,0.012761117382108278,2.0230566021650123e-06,6.775715657356184e-05,6.98393507322903e-05,0.0007528122981791518,0.0007698355528024365,0.0016583979868848389,0.004005938982295275,0.011192453532051507
2024-11-25 00:00:00+00:00,30.209999084472656,-0.03573263154474615,0.00016284611683994602,0.00016486917344211147,0.00023060327341350786,0.000895402024480889,0.0009228635478810318,0.0016557679849182347,0.004165148236965287,0.01108391274605952
2024-11-26 00:00:00+00:00,30.38800048828125,0.005874844616061026,0.0012768209571125877,0.0014396670739525341,0.0014416901305546992,0.001509506424684822,0.0021924793721316855,0.002232248101485564,0.0054130952853489855,0.012165817824726012
2024-11-27 00:00:00+00:00,30.11100006103516,-0.009157254182422747,3.451379926286122e-05,0.0013113347563754494,0.0014741808732153955,0.0015419380297889548,0.002206736780856338,0.002244016426017833,0.003430972308714422,0.011999166099537325
2024-11-29 00:00:00+00:00,30.684999465942383,0.018883362909764223,8.38553041614989e-05,0.00011836910342436055,0.0013951900605369484,0.0015600592339790572,0.001627875528109182,0.0023180536084179814,0.0032164341642617316,0.012028803091894478
2024-12-02 00:00:00+00:00,30.448999404907227,-0.007720785086319459,0.00035658139478185913,0.0004404366989433585,0.0004749504982062199,0.0019146175721587513,0.0019823747287323126,0.0026674298703379066,0.003407539440237041,0.012350511681712816
2024-12-03 00:00:00+00:00,31.07699966430664,0.02041485159186429,5.961052234913298e-05,0.00041619191713099257,0.0005000472212924917,0.001811381977667938,0.001976251151110049,0.002706784002148831,0.0027668091220409154,0.010369385821021303
2024-12-04 00:00:00+00:00,31.5049991607666,0.013678251813829423,0.000416766165517844,0.00047637668786697744,0.0008329580826488367,0.0009513271860731945,0.002390994260025728,0.00246083361075802,0.0031608298128281676,0.010159986815542546
2024-12-05 00:00:00+00:00,31.13400077819824,-0.011845742147134075,0.0001870945726825279,0.0006038607382003724,0.0006634712605495056,0.0011039079594928611,0.0024152427158683097,0.0026458459892818196,0.0033381062637493444,0.009562649836364541
2024-12-06 00:00:00+00:00,31.18600082397461,0.0016688079752089635,0.0001403216070163886,0.00032741617969891696,0.0007441823452167611,0.0011603742623477508,0.001278743365772111,0.0027204334963268116,0.003471222737903799,0.008492487157550719
2024-12-09 00:00:00+00:00,32.215999603271484,0.03249390865051893,2.7849200581210405e-06,0.00014310652707451006,0.0003302010997570382,0.0008065777876240128,0.0012470144865673707,0.0027211953597827674,0.0034537512674237113,0.008494528307970662
2024-12-10 00:00:00+00:00,32.362998962402344,0.004552551643250524,0.001055854099388269,0.0010586390194463906,0.0011989606264627794,0.0018028213646631489,0.0022190132817941407,0.0036142033423310904,0.0038468888099033255,0.009550325749844237
2024-12-11 00:00:00+00:00,32.5620002746582,0.006130209866491931,2.0725726464463047e-05,0.0010765798258527326,0.0010793647459108539,0.001406780925609768,0.001883157613476745,0.0023581081116829656,0.0038655323422090598,0.009525722642448284
2024-12-12 00:00:00+00:00,31.22800064086914,-0.04183082396394866,3.7579473007235024e-05,5.830519947169851e-05,0.0011141592988599678,0.0012572658259344751,0.001861126564134847,0.0023611737854273398,0.003837377715244899,0.009397068852951823
2024-12-13 00:00:00+00:00,30.655000686645508,-0.018519345166517542,0.0017498178335028614,0.0017873973065100968,0.0018081230329745602,0.002866762052420948,0.0031941782321198643,0.004027136314768702,0.005585172492145595,0.011038451262243548
2024-12-16 00:00:00+00:00,30.69700050354004,0.0013691427383188959,0.00034296614539661667,0.0020927839788994784,0.0021303634519067136,0.0032069432777594438,0.0033500498048339533,0.00401352106538346,0.005765292520702266,0.009945672831760247
2024-12-17 00:00:00+00:00,30.572999954223636,-0.00404768133472011,1.8745518378913646e-06,0.0003448406972345085,0.0020946585307373704,0.002152963730209066,0.003211602749655456,0.003955785094872218,0.0044903461154275695,0.00993595217167538
2024-12-18 00:00:00+00:00,30.40999984741211,-0.005345768345800472,1.6383724187441574e-05,1.8258276025333372e-05,0.0003612244214219503,0.0021486217279320444,0.0032252015537847763,0.0035554026535418158,0.00447221604035215,0.009948699033692887
2024-12-19 00:00:00+00:00,29.0939998626709,-0.044239534040501294,2.8577239206962317e-05,4.496096339440432e-05,4.683551523229591e-05,0.0021396194941317717,0.0021979246936034698,0.0033968853200662505,0.004416937975397613,0.00994840236417096
2024-12-20 00:00:00+00:00,29.65999984741211,0.019267368934134055,0.0019571363721206728,0.0019857136113276357,0.0020020973355150775,0.002346938032749583,0.004134335339259679,0.005213700085170535,0.006017492952736427,0.009888901960394207
2024-12-23 00:00:00+00:00,29.88800048828125,0.0076577468182472685,0.00037123150564403405,0.0023283678777647073,0.0023569451169716702,0.002375203392997,0.004467987371896478,0.005582146670756447,0.006329113936031328,0.009961740017424054
2024-12-24 00:00:00+00:00,29.974000930786133,0.002873291892455665,5.864108633237617e-05,0.00042987259197641063,0.0023870089640970838,0.002431969927491485,0.002776810624725993,0.004584933657700555,0.005970988856845861,0.00985490498494988
2024-12-26 00:00:00+00:00,30.04700088500977,0.002432481565120437,8.255806299251456e-06,6.689689263162806e-05,0.00043812839827566253,0.002423842009603295,0.002442100285628628,0.004572463737535343,0.005792150090462584,0.009162819950703872
2024-12-27 00:00:00+00:00,29.655000686645508,-0.01313208339589167,5.91696656465077e-06,1.417277286390266e-05,7.281385919627926e-05,0.0024011817369609836,0.0024461427003553875,0.004540801231092758,0.005657745450010846,0.00914599144253793
2024-12-30 00:00:00+00:00,29.106000900268555,-0.018686399023329248,0.00017245161431665368,0.00017836858088130487,0.00018662438718055677,0.0006164969791569644,0.0026022105904845994,0.002963435011906551,0.005827412144269378,0.009308624935093233
2024-12-31 00:00:00+00:00,28.940000534057617,-0.005719629764522338,0.00034918150845908024,0.0005216331227757343,0.0005275500893403856,0.0005944469819720106,0.0029228148597367173,0.0029696503749690145,0.00512073955334019,0.009650601310690381
2025-01-02 00:00:00+00:00,29.621999740600582,0.023292580090497506,3.271416464320986e-05,0.00038189567310229053,0.0005543472874189447,0.0005685200602828443,0.0009983926522592545,0.003000489987774333,0.0051327279915189365,0.009663059084795382
2025-01-03 00:00:00+00:00,29.80599975585937,0.0061923875878160395,0.0005425442872722408,0.0005752584519154511,0.0009244399603745317,0.0011028085412558336,0.0011697054338874612,0.0035266505508591323,0.005637692805783943,0.009542886815158967
2025-01-06 00:00:00+00:00,30.34199905395508,0.01782315281090341,3.8345664037738146e-05,0.0005808899513099794,0.0006136041159531897,0.001135237238728921,0.0011494100115928233,0.003536418975689908,0.003926220636318819,0.009579150285037977
2025-01-07 00:00:00+00:00,30.44700050354004,0.0034546235265238145,0.0003176647761208141,0.0003560104401585527,0.000898554727430794,0.0012804504005330816,0.001458818981414386,0.0018969473796900498,0.0039009192670430167,0.009831080961187394
2025-01-08 00:00:00+00:00,30.45199966430664,0.00016417874723906323,1.1934423710011838e-05,0.0003295991998308264,0.000367944863868565,0.0009432033157840131,0.001464836438559747,0.0015376502977560275,0.0039109791389151365,0.009840992328295241
2025-01-09 00:00:00+00:00,30.791000366210938,0.011070788959468558,2.6954661044988213e-08,1.196137837105726e-05,0.0003296261544918718,0.0009105161058018483,0.0012924117789041383,0.0014790361660846963,0.0038946223693887404,0.009678173166116341
2025-01-10 00:00:00+00:00,31.090999603271484,0.009695924096584818,0.00012256236818509092,0.00012258932284613634,0.0001345237465561486,0.0004905341867146983,0.0010657926386301488,0.0015933427279705358,0.0039886074983668685,0.008523914577188844
2025-01-13 00:00:00+00:00,30.090999603271484,-0.03269226493845778,9.401094408673413e-05,0.0002165733122718255,0.0002166002669328709,0.0005461994667636944,0.001127089418073673,0.001681436705492619,0.00212548207033293,0.008583411722012716
2025-01-14 00:00:00+00:00,30.131999969482425,0.001361618412778487,0.001068784186806316,0.0011627951308930506,0.0012853574990781419,0.0012973188774491962,0.0016533293176077485,0.0025777692779822814,0.002823034751495212,0.009568340604657534
2025-01-15 00:00:00+00:00,31.319000244140625,0.03863722097730937,1.854004702017406e-06,0.0010706381915083338,0.0011646491355950684,0.0012872384584412017,0.0016168376582720275,0.0022304417742252183,0.0027662476698648536,0.009213613214577693
2025-01-16 00:00:00+00:00,31.52300071716309,0.006492510948055585,0.0014928348448494354,0.0014946888495514532,0.0025634730363577694,0.0027800463486295918,0.002792007727000649,0.003690562454431444,0.004250826708415037,0.010646837537077996
2025-01-17 00:00:00+00:00,30.951000213623047,-0.018312145187692863,4.215269841062164e-05,0.0015349875432600574,0.0015368415479620752,0.002699636678855123,0.0028222260017012587,0.0031901708655698246,0.0042870624402610085,0.010272224069970772
2025-01-21 00:00:00+00:00,31.31100082397461,0.011564184133519007,0.00033533466137514287,0.00037748735978576496,0.0018703222046352007,0.0029409603961435314,0.0031575337084153565,0.0034871598629072297,0.0044499454873194975,0.010420464158663389
2025-01-22 00:00:00+00:00,31.23900032043457,-0.00230217534845778,0.00013373035467393273,0.00046906501604907603,0.0005112177144596981,0.002005906564011148,0.0031687016949041983,0.0033032254414603482,0.0042344943335343495,0.01041387290632093
2025-01-23 00:00:00+00:00,30.67300033569336,-0.018284524731740692,5.300011335046701e-06,0.00013903036600897985,0.00047436502738412316,0.0020093525706441776,0.003079990762152511,0.003296591029085383,0.004207080180226187,0.010416387997597856
2025-01-24 00:00:00+00:00,31.02300071716309,0.011346088246444452,0.00033432384466563705,0.0003396238560006842,0.00047335421067461734,0.0008508415704603792,0.002345530420011832,0.003630887919089975,0.003998859737619583,0.009694857742875224
2025-01-27 00:00:00+00:00,30.253999710083008,-0.025100490430847167,0.00012873371849610494,0.0004630575631617424,0.0004683575744967895,0.0009374225905458626,0.0024724101338059194,0.003637059269400989,0.004089247792077949,0.009802865734906867
2025-01-28 00:00:00+00:00,30.726999282836918,0.015513326008537387,0.0006300346198690502,0.0007587683383651555,0.0010930921830307931,0.0012321225490397698,0.0016096099088255345,0.004173082945183305,0.004401617635826186,0.010395320881768682
2025-01-29 00:00:00+00:00,31.238000869750977,0.016493606712473685,0.00024066328384716253,0.0008706979037162131,0.0009994316222123186,0.0013390554782129996,0.0018081204942620754,0.0033449620422241516,0.004630346495963337,0.008886166332112984
2025-01-30 00:00:00+00:00,32.36399841308594,0.03541131463402847,0.000272039062385757,0.0005127023462329198,0.0011427369661019707,0.00160579452926371,0.0017448248952726894,0.0036151470999078914,0.004902358603688048,0.008815239249102123
2025-01-31 00:00:00+00:00,32.12799835205078,-0.0073187721362590885,0.0012539612041101587,0.001526000266495916,0.0017666635503430792,0.002525431888708232,0.0028650557447089152,0.0033762734591686145,0.006033757439613116,0.01006732590137439
2025-02-03 00:00:00+00:00,32.391998291015625,0.00818355319437769,5.356442558248242e-05,0.0013075256296926413,0.001579564692078399,0.0024502625957946093,0.002913320158956351,0.0033876851863404757,0.0059933109211088645,0.010104506602769433
2025-02-04 00:00:00+00:00,32.88800048828125,0.01519643847196761,6.697054288520931e-05,0.00012053496846769216,0.0013744961725778513,0.0018871985188107683,0.0026459668571759236,0.0031193210678505416,0.004991497277187758,0.01014289990644768
2025-02-05 00:00:00+00:00,32.85699844360352,-0.0009430997788197892,0.00023093174223229727,0.00029790228511750703,0.0003514667106999899,0.0018774669771959031,0.002748164880912116,0.0032165224554089066,0.005220575014718037,0.008416695276559302
2025-02-06 00:00:00+00:00,32.518001556396484,-0.01037093462757177,8.894371928099354e-07,0.00023182117942510764,0.00029879172231031737,0.001606317352002956,0.002119019698235875,0.0032121118812666696,0.0037286296070614122,0.008046353208108079
2025-02-07 00:00:00+00:00,32.334999084472656,-0.005643623451239588,0.00010755628504936722,0.00010844572224217759,0.0003393774644744753,0.0004599124329421644,0.00198591269943808,0.0029853443216504,0.003794033193700158,0.00809526840682507
2025-02-10 00:00:00+00:00,32.391998291015625,0.0017612193856635372,3.185048565938143e-05,0.00013940677070874909,0.00014029620790155945,0.0004381984930190634,0.0017457241227117047,0.0028884610888136766,0.0034905490179843964,0.0081188630861852
2025-02-11 00:00:00+00:00,32.23099899291992,-0.004982734876594286,3.1018937244370474e-06,3.4952379383818916e-05,0.00014250866443318657,0.00037432984385829115,0.0004948648123259829,0.0022615283626690632,0.0033599205570349006,0.008116048013344987
2025-02-12 00:00:00+00:00,32.69499969482422,0.014293460585413698,2.4827646850429073e-05,2.7929540574866554e-05,5.9780026234248416e-05,0.00016822574847642297,0.00046612803359392957,0.00204569272567233,0.003379448192550283,0.007968424045878763
2025-02-13 00:00:00+00:00,32.650001525878906,-0.0013772492223576016,0.00020430301550677487,0.00022913066235720437,0.00023223255608164186,0.00037163932679038793,0.0006034605062154951,0.001977956678793348,0.0032494273633914207,0.007823545552926456
2025-02-14 00:00:00+00:00,32.80099868774414,0.004614060266789011,1.8968154204846183e-06,0.00020619983092725992,0.00023102747777768942,0.0002659798571615053,0.00037442557940368243,0.0007258922901036736,0.003122590460315801,0.0077927282037037315
2025-02-18 00:00:00+00:00,33.31700134277344,0.015608854810051032,2.1289552145561076e-05,2.3186367566046127e-05,0.00022748938307282145,0.00025541892364768496,0.0003948256943564336,0.0006936174166667523,0.0025138453925923118,0.007271473468577051
2025-02-19 00:00:00+00:00,32.99300003051758,-0.009772398855258047,0.00024363634848125322,0.0002649259006268147,0.0002668227160472998,0.0004959533784045011,0.0005309057577883196,0.0008702832222627962,0.0025168184572264022,0.007476764153020567
2025-02-20 00:00:00+00:00,33.444000244140625,0.013576986909350275,9.549977938624878e-05,0.0003391361278675024,0.0003604256800130639,0.0005666255109403208,0.000594555051515187,0.0007348512594167476,0.002340279174226894,0.007254599156286001
2025-02-21 00:00:00+00:00,32.97600173950195,-0.01409232868914767,0.00018433457353666873,0.00027983435292291796,0.0005234707014041716,0.0005466570689702147,0.0007757877313274186,0.0009182963957606064,0.0012706525436534041,0.007426999306112658
2025-02-24 00:00:00+00:00,32.57500076293945,-0.01223493046672619,0.00019859372788297452,0.00038292830141964374,0.00047842808080589294,0.0007433539814327046,0.000949553812359964,0.0010093338385942139,0.0014156818459538964,0.007625566079334588
2025-02-25 00:00:00+00:00,31.801000595092773,-0.024047391886320213,0.00014969352352562477,0.00034828725140859974,0.0005326218249452689,0.0008717579528127684,0.0008949443203788139,0.001127176876460457,0.0014984048265943117,0.007652697234675121
2025-02-26 00:00:00+00:00,32.25299835205078,0.014113256531151919,0.0005782770565342592,0.0007279705800598844,0.0009265643079428594,0.0012063986608657744,0.0014713245614925885,0.0017023520392702792,0.0018457501408962735,0.008136963347122647
2025-02-27 00:00:00+00:00,31.801000595092773,-0.014113256531151919,0.0001991840099141023,0.0007774610664483619,0.0009271545899739871,0.0013100828913936277,0.0016492190192611297,0.0018767084023339525,0.002044044713617566,0.007267363170230433
2025-02-28 00:00:00+00:00,31.2189998626709,-0.018470875119724006,0.0001991840099141023,0.0003983680198282046,0.0009766450763624647,0.0013249323277710614,0.0016047666806939787,0.00187158939674128,0.002135672438482301,0.007464693175442518
2025-03-03 00:00:00+00:00,32.03200149536133,0.025708570390291285,0.00034117322768843935,0.000540357237602542,0.0007395412475166448,0.0014675118275765263,0.0018504401289961695,0.002210865809009235,0.002444995180511359,0.006313031558281522
2025-03-04 00:00:00+00:00,32.108001708984375,0.0023698236792850658,0.0006609305915125618,0.0010021038192010016,0.0012012878291151044,0.0019787488955634635,0.0023270361469720623,0.0028505068483762356,0.0031028238782994837,0.006931809451383462
2025-03-05 00:00:00+00:00,32.858001708984375,0.023090024999902425,5.616064270900206e-06,0.0006665466557834624,0.0010077198834719022,0.001406087903300104,0.002134058483359988,0.002612486564165882,0.003083612295719955,0.006602090854279219
2025-03-06 00:00:00+00:00,33.0629997253418,0.006219525575042795,0.000533149254496119,0.0005387653187670196,0.001199695910279582,0.001740053147882121,0.0025175142143304824,0.003050136039275753,0.0034124585347092987,0.007001509754101406
2025-03-07 00:00:00+00:00,32.54800033569336,-0.0156988909221929,3.8682498378611404e-05,0.0005718317528747308,0.0005774478171456315,0.00157955163634663,0.0019779196561748344,0.002904483964117695,0.003449244217667426,0.00703489224114497
2025-03-10 00:00:00+00:00,32.275001525878906,-0.008422949138074287,0.00024645517618691057,0.0002851376745655224,0.0008182869290616417,0.0014848335848451012,0.0020251908224476426,0.0029523454124216315,0.0036744098417087756,0.006947023572666244
2025-03-11 00:00:00+00:00,32.88800048828125,0.018814880432237224,7.094607218258637e-05,0.00031740124836949736,0.0003560837467481092,0.0008948490655151257,0.0018969528847161269,0.0028735979610785933,0.0035017195654101084,0.006889235926352725
2025-03-12 00:00:00+00:00,33.48400115966797,0.01795988298893736,0.0003539997256793832,0.00042494579786197,0.000671400974048881,0.0012432327269236087,0.0019097793827070708,0.002649320630223717,0.003760219511703243,0.006613201032163059
2025-03-13 00:00:00+00:00,34.05099868774414,0.016791614770637953,0.0003225573969763215,0.0006765571226557052,0.0007475031948382919,0.0010326408694038113,0.0015714061881708305,0.002772694017285936,0.003898442335142896,0.006695095145292217
2025-03-14 00:00:00+00:00,34.1870002746582,0.003986100678783355,0.00028195832660550665,0.0006045157235818286,0.0009585154492612122,0.0012759166976307067,0.0018477484505054367,0.0028554683339773405,0.003981806933865428,0.006705014409511967
2025-03-17 00:00:00+00:00,34.07400131225586,-0.0033107942454360106,1.5888998621397127e-05,0.00029784732522690423,0.0006204047222032261,0.0010453505200651932,0.0013304881946307149,0.002530184104910298,0.0038480024089612,0.005466942204023205
2025-03-18 00:00:00+00:00,34.57899856567383,0.014711851272046772,1.0961358535612204e-05,2.6850357157009766e-05,0.00030880868376251686,0.0009853658064182189,0.0013027670547877158,0.0018802148719333485,0.0032806867109625533,0.005424339136976335
2025-03-19 00:00:00+00:00,33.974998474121094,-0.01762160478194552,0.00021643856785082423,0.00022739992638643686,0.00024328892500783441,0.00084780464858966,0.0012727504464516296,0.002091037375513273,0.003297941268899275,0.0055738071619419495
2025-03-20 00:00:00+00:00,33.7859992980957,-0.005578420399859674,0.00031052095509108527,0.00052695952294191,0.0005379208814775226,0.0008357682067044237,0.0015123253293601283,0.001868409076108239,0.003409278214076258,0.005653396374800738
2025-03-21 00:00:00+00:00,33.290000915527344,-0.014789415637026515,3.1118774157570564e-05,0.0003416397292486563,0.0005580782970994809,0.0005849286542564876,0.0011894443778383158,0.001860845351887198,0.003099223760545389,0.005683625711765499
2025-03-24 00:00:00+00:00,33.26499938964844,-0.0007513042428151095,0.0002187268148847244,0.00024984558904229536,0.0005603665441333811,0.0007877664705198149,0.0010856137957467188,0.001833116990585012,0.0026570199839175516,0.005794796241600855
2025-03-25 00:00:00+00:00,34.00199890136719,0.021913539259017067,5.644580652719851e-07,0.00021929127294999676,0.0002504100471075678,0.0007773695700494747,0.0008042199272064841,0.0017627353764676976,0.0026519683777119236,0.005763510214006746
2025-03-26 00:00:00+00:00,34.03300094604492,0.000911355828413285,0.0004802032028564823,0.0004807676609217546,0.0006994944758064794,0.0010411342050551328,0.0012685341314415692,0.0018889388536447967,0.002599022326072287,0.006240611523138792
2025-03-27 00:00:00+00:00,34.89699935913086,0.02507017733051997,8.30569445982865e-07,0.0004810337723024655,0.000481598230367738,0.0007314438194100303,0.00125840334235194,0.001567212026114458,0.002561170397139658,0.006216614445734346
2025-03-28 00:00:00+00:00,34.64400100708008,-0.007276267725448982,0.0006285137913837175,0.0006293443608297008,0.0011095475636861835,0.0013288388366361772,0.0016704785658848331,0.0019137674908926688,0.002943229012336465,0.006640825221611288
2025-03-31 00:00:00+00:00,34.457000732421875,-0.005412388429938186,5.294407201241049e-05,0.0006814578633961284,0.0006822884328421116,0.0011630560937638634,0.0014129016828061582,0.0019508225642836821,0.002925227012166289,0.006691872478203214
2025-04-01 00:00:00+00:00,34.15800094604492,-0.008715344215108889,2.9293948516528747e-05,8.223802052893968e-05,0.0007107518119126576,0.0011917855842151202,0.0014110768571651167,0.0019691551542645987,0.002600521235003435,0.006699876874574182
2025-04-02 00:00:00+00:00,34.499000549316406,0.009933507139511466,7.595722478783198e-05,0.00010525117330436115,0.00015819524531677208,0.0007875396061464698,0.001268307267068224,0.0018286738112016066,0.0023539210628149452,0.0065321977508807595
2025-04-03 00:00:00+00:00,31.8439998626709,-0.08008137711888219,9.867456409072527e-05,0.00017463178887855765,0.00020392573739508687,0.0008853836007912122,0.0013664173730936772,0.0016168274202012463,0.002170637300300164,0.006535372535585237
2025-04-04 00:00:00+00:00,29.11599922180176,-0.08956115238527484,0.006413026961256628,0.006511701525347353,0.0065876587501351854,0.006669896770664123,0.0072992411314938225,0.007998735607300304,0.008567775262935395,0.012764064923305195
2025-04-07 00:00:00+00:00,29.51000022888184,0.01344137218242647,0.008021200016578422,0.01443422697783505,0.014532901541925776,0.014638152715230134,0.015319610578626262,0.015801208808994,0.016578013920978206,0.02058667121200064
2025-04-08 00:00:00+00:00,29.59199905395508,0.002774825849609641,0.00018067048614650813,0.00820187050272493,0.014614897463981558,0.014789529252860112,0.014871767273389052,0.01598131483707524,0.016542245839273887,0.020617648174621524
2025-04-09 00:00:00+00:00,30.322999954223636,0.02440247640034654,7.699658495661867e-06,0.00018837014464217,0.008209570161220594,0.014721271686567942,0.014826522859872304,0.015508811292714416,0.016239424542678467,0.02004707077658293
2025-04-10 00:00:00+00:00,30.67099952697754,0.011411068362889853,0.0005954808544694698,0.0006031805129651317,0.0007838509991116415,0.015218077976946688,0.015392709765825246,0.016103461577737906,0.016803786622990362,0.020443367621138298
2025-04-11 00:00:00+00:00,31.823999404907227,0.036903136088348276,0.00013021248118254573,0.0007256933356520155,0.0007333929941476791,0.008935263496872606,0.01544696502221996,0.015605160267536732,0.016715272289288183,0.020374396092406738
2025-04-14 00:00:00+00:00,32.09199905395508,0.008386045000138065,0.0013618414531551529,0.0014920539343376985,0.00208753478880717,0.0022759049334493365,0.016710131911284388,0.016914057648679474,0.018076549284378067,0.02139506431787345
2025-04-15 00:00:00+00:00,32.22700119018555,0.004197899033648422,7.032575074434064e-05,0.0014321672038994935,0.001562379685082041,0.0021655601980471693,0.010367430700772099,0.016955089450907287,0.017666671832265928,0.02080445947710523
2025-04-16 00:00:00+00:00,32.92599868774414,0.021457931925222606,1.7622356296706357e-05,8.794810704104721e-05,0.0014497895601962016,0.0021754828958482136,0.0023638530404903836,0.01689675458241616,0.01768346361911665,0.02081646576913104
2025-04-17 00:00:00+00:00,32.41999816894531,-0.015487119542770156,0.00046044284250748753,0.0004780651988041941,0.0005483909495485365,0.0020404448838862313,0.002643625396851363,0.01725852286083292,0.017515392670240416,0.020743759357142406
2025-04-21 00:00:00+00:00,32.49599838256836,0.0023414952364158026,0.00023985087173205327,0.000700293714239541,0.0007179160705362491,0.0021500832744357386,0.002875776610087754,0.011085346771308348,0.01770229946996006,0.020944927730495846
2025-04-22 00:00:00+00:00,32.880001068115234,0.01174764760846081,5.482599942157895e-06,0.0002453334716742114,0.0007057763141817006,0.000793724421222744,0.0022857783555604422,0.0030696293546720837,0.01767848812138569,0.020703955154251094
2025-04-23 00:00:00+00:00,33.518001556396484,0.019218051724092078,0.00013800722433257497,0.00014348982427473309,0.0003833406960067881,0.0008614058948109783,0.0022935730987104714,0.0030269660928581507,0.017740538120930432,0.02077101630640108
2025-04-24 00:00:00+00:00,33.48199844360352,-0.0010747198883085396,0.0003693335120698785,0.0005073407364024537,0.0005128233363446133,0.0012131170505841505,0.0013010651576251973,0.0033885999464323673,0.018011197068909586,0.02078635009279158
2025-04-25 00:00:00+00:00,32.98899841308594,-0.014833810048116902,1.1550228383259199e-06,0.0003704885349082046,0.0005084957592407813,0.0007538292309149889,0.0012318944297191826,0.0027942741148012235,0.011599325130491285,0.020464947718653585
2025-04-28 00:00:00+00:00,32.9900016784668,3.0411657634843436e-05,0.00022004192054361397,0.0002211969433819401,0.0005905304554518203,0.0007340202797265496,0.0014343139939660902,0.002884103554162292,0.0037981670344564775,0.02040303131259169
2025-04-29 00:00:00+00:00,33.275001525878906,0.008601874019253941,9.248689200989311e-10,0.0002200428454125343,0.00022119786825086196,0.0007285386046533117,0.0009738720763275228,0.0015222630258760592,0.003617497473178889,0.020387143238839212
2025-04-30 00:00:00+00:00,32.53099822998047,-0.02261298368066722,7.399223664311596e-05,7.399316151203627e-05,0.000294035082055652,0.0006645236169638527,0.0008080134412385856,0.0015259295117748344,0.0036837900513263435,0.020450174116946718
2025-05-01 00:00:00+00:00,32.18899917602539,-0.01056867277527651,0.000511347030942122,0.0005853392675852382,0.00058534019245416,0.0008065371358360962,0.0013138778722385498,0.00201965418642025,0.0035996562277989955,0.020745082580038016
2025-05-02 00:00:00+00:00,31.98900032043457,-0.006232649960671299,0.0001116968442308709,0.0006230438751729931,0.0006970361118161108,0.0009170789572286412,0.0012875674921368457,0.0016709081881436335,0.0035811405908473207,0.020546258469177802
2025-05-05 00:00:00+00:00,32.20500183105469,0.006729673133900604,3.884592553225595e-05,0.00015054276976312708,0.0006618898007052508,0.0007358829622172832,0.0009570799055992231,0.0014699032419438361,0.002258145063224424,0.020553985620552485
2025-05-06 00:00:00+00:00,33.112998962402344,0.027804146331802393,4.528850048914358e-05,8.413442602139975e-05,0.00019583127025227237,0.0007811705378375067,0.0010012133832500408,0.0015097091424908218,0.002233107812969227,0.020380547306156904
2025-05-07 00:00:00+00:00,32.53099822998047,-0.017732496729755187,0.0007730705532402805,0.0008183590537294243,0.0008572049792616819,0.0014802488544346712,0.0015542420159467072,0.0021447724713985275,0.002988556009912801,0.021153053401331914
2025-05-08 00:00:00+00:00,32.37799835205078,-0.004714297535000522,0.00031444144027077843,0.0010875119935110592,0.0011328004940002042,0.0012833432637633277,0.0018686825313485658,0.002089880399599427,0.002842554607676092,0.02098729163874621
2025-05-09 00:00:00+00:00,32.67599868774414,0.009161694397875397,2.2224601248512e-05,0.00033666604151929067,0.0011097365947595728,0.0011938710207809687,0.0018169148959539616,0.0021109499780096134,0.0026249283371925507,0.02100868567054874
2025-05-12 00:00:00+00:00,32.38800048828125,-0.008852824420138017,8.393664424006144e-05,0.00010616124548857366,0.0004206026857593538,0.0012389617394887743,0.001389504509251901,0.001974844701706061,0.0027033823814904545,0.02046410852340508
2025-05-13 00:00:00+00:00,32.86800003051758,0.014711542097570085,7.837250021379202e-05,0.00016230914445385368,0.0001845337457023674,0.0012720457392134225,0.0013561801652348222,0.0020532162770509326,0.0026437476573716715,0.020489536951606466
2025-05-14 00:00:00+00:00,32.22600173950195,-0.019725906867839704,0.00021642947088857683,0.00029480197110236906,0.0003787386153424323,0.000715404656861719,0.0015337637105911433,0.0021956535112963938,0.00249084361619037,0.020676672473978513
2025-05-15 00:00:00+00:00,32.48099899291992,0.007881637862074076,0.0003891114017586856,0.0006055408726472626,0.0006839133728610565,0.0007900746183496262,0.001877586611860685,0.002073417882112957,0.0028787999951107295,0.020989826650949367
2025-05-16 00:00:00+00:00,32.15800094604492,-0.009993989250796087,6.21202153888796e-05,0.00045123161714756544,0.0006676610880361441,0.0008299702324899938,0.0011666362740092842,0.002023841253270966,0.002720878289955995,0.02095327230224752
2025-05-19 00:00:00+00:00,32.3129997253418,0.004808334795945335,9.987982114502773e-05,0.00016200003653390755,0.0005511114382925949,0.0008459134093949601,0.0009520746548835335,0.0020848751488837377,0.0028207571862321028,0.01464012516213592
2025-05-20 00:00:00+00:00,32.97999954223633,0.02043168571460008,2.3120083509898665e-05,0.00012299990465492662,0.00018512012004380795,0.0007906609926910667,0.0009529701371449202,0.002062706731904493,0.0027698850330988853,0.006642045229067397
2025-05-21 00:00:00+00:00,33.4630012512207,0.014539084973958616,0.0004174537811401929,0.0004405738646500918,0.0005404536857951212,0.0009916853029426828,0.0012864872740450516,0.0017070899598044052,0.0026759917832969563,0.006878828524061081
2025-05-22 00:00:00+00:00,33.047000885009766,-0.012509570825574023,0.0002113849918799892,0.0006288387730201823,0.0006519588565300828,0.0008139588930639864,0.0014194997657112488,0.001604033511413616,0.002775679930946074,0.007082513857445409
2025-05-23 00:00:00+00:00,33.44200134277344,0.01188181779298425,0.00015648936224005276,0.0003678743541200422,0.0007853281352602368,0.0009083280399151595,0.0013595596570627247,0.0017382982724051567,0.0028933233676538715,0.006643522365215992
2025-05-27 00:00:00+00:00,33.145999908447266,-0.008890592253535612,0.00014117759406567714,0.0002976669563057301,0.0005090519481857211,0.0009496258128358089,0.0011116258493697163,0.0017955392222307725,0.0029892124612304048,0.006654487478099123
2025-05-28 00:00:00+00:00,33.0,-0.004414481472767129,7.904263061862743e-05,0.00022022022468430477,0.0003767095869243593,0.0010055483599445377,0.0011285482645994641,0.0017962093526356078,0.002295184538608752,0.0053716886555625985
2025-05-29 00:00:00+00:00,33.28300094604492,0.008539223078817937,1.948764667340424e-05,9.853027729203189e-05,0.00023970787135771076,0.0006075822254777491,0.0010481560901278405,0.0015992675284204354,0.0020002307450113777,0.005320850551491662
2025-05-30 00:00:00+00:00,32.891998291015625,-0.011817369394098165,7.291833078981688e-05,9.240597746322133e-05,0.0001714486080818505,0.0004691155643875767,0.0010979543374077588,0.0012830744574515664,0.0020509244745526827,0.005376146525984772
2025-06-02 00:00:00+00:00,34.5629997253418,0.04955432262622983,0.00013965021939656803,0.00021256855018638511,0.00023205619685979107,0.000452276421544092,0.000820150775664134,0.001360604461459255,0.002106638049709189,0.005055353902873852
2025-06-03 00:00:00+00:00,34.50299835205078,-0.0017375087613675788,0.0024556308909444735,0.0025952811103410415,0.00266819944113086,0.0027667297184228883,0.003064396674728618,0.0037163555312587004,0.004483896440439871,0.007271133922086273
2025-06-04 00:00:00+00:00,34.51900100708008,0.00046369724043371363,3.018936695829098e-06,0.002458649827640303,0.0025983000470368722,0.00269070602450009,0.0029109262491843944,0.003696254384444631,0.0042704859062471226,0.007268670258839944
2025-06-05 00:00:00+00:00,35.68899917602539,0.033332568712440835,2.1501513078584124e-07,3.233951826615373e-06,0.00245886484277109,0.0026714333929574717,0.0027699636702495033,0.003279015618435224,0.003881589519619223,0.007130878049638155
2025-06-06 00:00:00+00:00,36.025001525878906,0.009370689272759414,0.0011110601369695896,0.0011112751521003758,0.0011142940887962063,0.0037095751991372446,0.0038019811766004654,0.004178690763524825,0.004930529441199933,0.007872604674537867
2025-06-09 00:00:00+00:00,36.6879997253418,0.0182365343875297,8.780981744660835e-05,0.0011988699544161984,0.0011990849695469857,0.0036577347971872847,0.0038703033473736696,0.0041100112187313805,0.004918459437501514,0.007959259469146149
2025-06-10 00:00:00+00:00,36.54199981689453,-0.003987439650574576,0.0003325711864675533,0.00042038100391416207,0.001531441140883753,0.0015346750927103644,0.004129956203051406,0.004301404811133256,0.005227910540459168,0.008071788735070088
2025-06-11 00:00:00+00:00,36.16600036621094,-0.010342817890028666,1.5899674966974295e-05,0.000348470861434528,0.00043628067888113766,0.0015475558309815099,0.004006205658621812,0.004238261855481603,0.00482635643428595,0.008087687485168143
2025-06-12 00:00:00+00:00,36.2130012512207,0.0012987438501763648,0.00010697388190629702,0.00012287355687327174,0.00045544474334082634,0.0016543146977570208,0.0016575486495836358,0.004325748090714496,0.004721945324312258,0.008120669130431322
2025-06-13 00:00:00+00:00,36.28099822998047,0.0018759345376784253,1.686735588370928e-06,0.00010866061749466839,0.00012456029246164397,0.0005449412963758021,0.0016562164484761777,0.004254516495513051,0.004567142697660576,0.007611008835077572
2025-06-16 00:00:00+00:00,36.37900161743164,0.0026975900657251195,3.5191303896547674e-06,5.205865978026129e-06,0.00011217974788432445,0.0004606506093188486,0.0016595205637350465,0.0041183854065061365,0.004429484233984553,0.007502831121236357
2025-06-17 00:00:00+00:00,37.09000015258789,0.01935566607328676,7.276992162698855e-06,1.0796122552354056e-05,1.2482858140726285e-05,0.00013535641501399414,0.0005557374189281558,0.0016700315077243621,0.004357718595528625,0.0074712621878668
2025-06-18 00:00:00+00:00,36.86600112915039,-0.006057647913004782,0.00037464180914058406,0.00038191880130328335,0.0003854379316929394,0.0004940985491876039,0.0008425694106221315,0.002041654380169117,0.004712872757995805,0.007800615496518239
2025-06-20 00:00:00+00:00,35.97600173950195,-0.024437649882346424,3.669509823793119e-05,0.0004113369073785157,0.00041861389954121585,0.0004238197655192381,0.0005466933223925094,0.0020781344632762625,0.004676649525443919,0.00706424004151589
2025-06-23 00:00:00+00:00,36.15299987792969,0.004907831516734351,0.0005971987317721462,0.0006338938300100778,0.0010085356391506632,0.0010193317617030134,0.0011279923791976813,0.001564273058078819,0.005134198037819497,0.007346997333017259
2025-06-24 00:00:00+00:00,35.70100021362305,-0.012581223755432358,2.4086810196651003e-05,0.0006212855419687976,0.00065798064020673,0.0010398994415100095,0.0010451053074880352,0.0015005500508288618,0.0027026539570716747,0.007348859541965397
2025-06-25 00:00:00+00:00,36.084999084472656,0.010698535571385559,0.00015828719118425548,0.000182374001380907,0.0007795727331530544,0.0011909096405315661,0.0012017057630839198,0.0013262660555455638,0.002857922211560101,0.007423210088909591
2025-06-26 00:00:00+00:00,36.58599853515625,0.013788372377911529,0.00011445866337220213,0.00027274585455645817,0.0002968326647531102,0.0009307264947631842,0.0013126452960664672,0.0014248250439507916,0.0029721658598015174,0.007459296252068001
2025-06-27 00:00:00+00:00,36.0369987487793,-0.015119459819264769,0.00019011921283195363,0.0003045778762041563,0.00046286506738841285,0.0010841506093572065,0.0014954875167357221,0.0015079703748764484,0.0020512249356638814,0.007432985994011378
2025-06-30 00:00:00+00:00,35.85200119018555,-0.005146767019170717,0.00022859806522636185,0.00041871727805831605,0.0005331759414305193,0.0007155499428114224,0.0013494437728214996,0.0017348817045144392,0.0021920131834436344,0.007272472657479054
2025-07-01 00:00:00+00:00,36.08200073242188,0.006394759637125436,2.6489210749623428e-05,0.0002550872759759858,0.00044520648880794054,0.0007179523433643949,0.0013392378853331918,0.0017578517848744078,0.0018859312077257049,0.007236841652839799
2025-07-02 00:00:00+00:00,36.42599868774414,0.009488623021671305,4.0892950816608635e-05,6.738216156623257e-05,0.00029598022679259555,0.0006005581029967479,0.0007829321043776544,0.0017914677435283176,0.001910924483575339,0.0071778547825113795
2025-07-03 00:00:00+00:00,36.78400039672852,0.009780209455082733,9.003396684739069e-05,0.00013092691766399984,0.00015741612841362436,0.0005761334064719366,0.0008488792610283942,0.0015068599012351242,0.001893984568516433,0.00724476866584887
2025-07-04 00:00:00+00:00,36.775001525878906,-0.0002446708263925679,9.56524969852897e-05,0.0001856864638326809,0.00022657941464929062,0.0004816666906252726,0.0007862445668294283,0.0015658172999824828,0.001987950329913352,0.0069229673816939685
2025-07-07 00:00:00+00:00,36.6150016784668,-0.004360269625795166,5.986381328762209e-08,9.571236079857783e-05,0.00018574632764596966,0.00025312848921219835,0.0006718457672705138,0.0009686784320236242,0.0019844910633369846,0.006711642253627266
2025-07-08 00:00:00+00:00,36.47200012207031,-0.003913192095893692,1.9011951209631913e-05,1.907181502292005e-05,0.00011472431200821086,0.0002456512296722068,0.0005007385056481921,0.0009636035730366051,0.0019962260223839175,0.006574164842596845
2025-07-09 00:00:00+00:00,36.35100173950195,-0.003323084487673267,1.5313072379364862e-05,3.4325023588997286e-05,3.438488740228603e-05,0.00022007135123496306,0.00028745351280119513,0.0008206294542317144,0.0016368972856226982,0.006448300320910533
2025-07-10 00:00:00+00:00,37.03799819946289,0.01872260225614797,1.1042890512214698e-05,2.6355962891580076e-05,4.53679141012131e-05,0.00014108027489978704,0.0002720071925637864,0.000717213681371727,0.001611245077896982,0.00638030058080412
2025-07-11 00:00:00+00:00,38.67599868774414,0.043274854665264595,0.000350535835241917,0.0003615787257541322,0.00037689179813349817,0.00039596361315641436,0.0005816500769890947,0.0008776303037816905,0.0013645821813667526,0.006711348769372633
2025-07-14 00:00:00+00:00,38.46200180053711,-0.0055484309897813056,0.0018727130462997729,0.0022232488815416905,0.0022342917720539063,0.0022686167956428994,0.002364329156441477,0.0025217452848551015,0.003213208417469874,0.00851114348488259
2025-07-15 00:00:00+00:00,37.83399963378906,-0.016462628138000035,3.078508644836556e-05,0.0019034981327481389,0.002254033967990057,0.002280389930881633,0.002299461745904553,0.002526041160553844,0.0030857063127339842,0.008402278351934385
2025-07-16 00:00:00+00:00,37.85300064086914,0.0005020943467255456,0.0002710181252100705,0.0003018032116584365,0.002174516257958211,0.002536094983712339,0.002570420007301336,0.0027561663349473056,0.0032422657745718527,0.006217665586199983
2025-07-17 00:00:00+00:00,38.055999755859375,0.005348498803897872,2.520987330137525e-07,0.00027127022394308467,0.00030205531039145155,0.002525304191933138,0.0025516601548247176,0.0026663844668329286,0.0030523986604729133,0.006214898748237168
2025-07-18 00:00:00+00:00,38.22299957275391,0.004378664774949748,2.8606439455296968e-05,2.8858538188311154e-05,0.00029987666339838297,0.002203374796146518,0.0025649535219006495,0.002599338409302936,0.002852407034701848,0.006243290172561679
2025-07-21 00:00:00+00:00,39.10100173950195,0.022710669109615722,1.9172705211385722e-05,4.7779144666683124e-05,4.803124339969818e-05,0.00034983445505813076,0.002573083336599821,0.002618451250701034,0.0028450905291636107,0.005151402740803475
2025-07-22 00:00:00+00:00,39.31999969482422,0.005585200918381883,0.0005157744914064538,0.00053494719661784,0.0005635536360731382,0.000834823860016219,0.0027383219927643574,0.003115213790897856,0.0033199720697534556,0.005579367414763321
2025-07-23 00:00:00+00:00,39.27799987792969,-0.0010687249324519144,3.1194469298693825e-05,0.000546968960705148,0.0005661416659165351,0.0005950002041048423,0.0008968034157632784,0.0031310951878171845,0.0032611325722047588,0.005277990697594461
2025-07-24 00:00:00+00:00,39.02099990844727,-0.0065646021817058475,1.1421729812443489e-06,3.233664227993861e-05,0.0005481111336863938,0.000595890278353073,0.0008671605022961572,0.0031211944702862144,0.0031666222482007135,0.005263233195608731
2025-07-25 00:00:00+00:00,38.16699981689453,-0.02212869728845135,4.309400180405717e-05,4.4236174785301956e-05,7.543064408399708e-05,0.0006103778407018332,0.0006392363788901439,0.0028137526368483545,0.003209656386191483,0.005199353315506491
2025-07-28 00:00:00+00:00,38.0260009765625,-0.0037011011461838272,0.0004896792436839141,0.0005327732454879717,0.0005339154184692173,0.0010808843791743615,0.0011286635238410441,0.0014307188342324957,0.003680323678665765,0.0056873458236020346
2025-07-29 00:00:00+00:00,38.08399963378906,0.0015240748387355119,1.369814969428324e-05,0.0005033773933781978,0.0005464713951822563,0.000578808037462191,0.0011137552340800304,0.0014136318974784135,0.003678708755980683,0.005697524842906663
2025-07-30 00:00:00+00:00,37.56600189208984,-0.01369480044926119,2.3228041140666766e-06,1.602095380835035e-05,0.0005057001974922658,0.0005499363722775639,0.0010969053329827115,0.0011449365763824097,0.0036699886695825356,0.005692570654858031
2025-07-31 00:00:00+00:00,36.55199813842773,-0.027363583026764005,0.0001875475593450845,0.0001898703634591516,0.00020356851315343617,0.000736341758641404,0.0007686784009213422,0.0013322320369944804,0.0035070003936857027,0.005505476405062532
2025-08-01 00:00:00+00:00,36.7869987487793,0.006408634549875725,0.0007487656760626071,0.0009363132354076921,0.0009386360395217601,0.001442013432899954,0.0014862496076852557,0.0020523912736017903,0.0023830530234485374,0.006217546982887207
2025-08-04 00:00:00+00:00,37.19200134277344,0.010949232610685922,4.1070596793860835e-05,0.0007898362728564684,0.0009773838322015543,0.0009934047860099006,0.001526178031497872,0.0020742891651842656,0.0023933385337940325,0.005661418847908922
2025-08-05 00:00:00+00:00,37.6870002746582,0.013221494196824057,0.00011988569476290805,0.0001609562915567693,0.0009097219676193777,0.0010995923310785256,0.001602969724456723,0.0016784003685407199,0.00224220610334687,0.005757217732475179
2025-08-06 00:00:00+00:00,37.76599884033203,0.0020939815637874837,0.0001748079087966522,0.0002946936035595607,0.0003357642003534228,0.0012720774357611112,0.001288098389569461,0.0018220138080386782,0.0024167619134105086,0.005773738450087576
2025-08-07 00:00:00+00:00,38.15800094604492,0.010326262845232748,4.384758789481876e-06,0.0001791926675861345,0.0002990783623490439,0.0010889146352055085,0.0012787849986646597,0.0018252563938469157,0.0023925402327446936,0.005663664545504855
2025-08-08 00:00:00+00:00,38.41699981689453,0.006764606096379744,0.00010663170434883432,0.00011101646313831663,0.00028582437193497013,0.00044678066349173554,0.0013830938988994273,0.001888794096391693,0.002479999231882142,0.005580177037021736
2025-08-11 00:00:00+00:00,37.6619987487793,-0.019848469853247064,4.5759895639177996e-05,0.00015239159998801276,0.00015677635877749593,0.00045146996233705273,0.0012413062351935209,0.0014448747483469567,0.0020099846361148663,0.005397338867434552
2025-08-12 00:00:00+00:00,37.89899826049805,0.0062730852765642275,0.0003939617555152575,0.00043972165115443594,0.0005463533555032716,0.0007255460230894022,0.000886502314646171,0.0018251383541679311,0.00237275192233143,0.005764811412200186
2025-08-13 00:00:00+00:00,38.499000549316406,0.01570760058111409,3.935159888704689e-05,0.00043331335440230487,0.00047907325004148415,0.0005900897131797969,0.0008847833167393572,0.0018621671489409113,0.0024109613482372325,0.0057632700602706245
2025-08-14 00:00:00+00:00,37.98199844360352,-0.013519958883922545,0.0002467287160158157,0.00028608031490286303,0.0006800420704181219,0.0008324336704061308,0.0010116263379922649,0.0019213483056116426,0.002614596062448991,0.00591996480943905
2025-08-15 00:00:00+00:00,37.89400100708008,-0.002319507528429021,0.00018278928822295615,0.00042951800423877225,0.00046886960312582046,0.0009085912542802525,0.0010196077174185688,0.0013553719177719916,0.002307706106988033,0.006007101600676716
2025-08-18 00:00:00+00:00,37.95100021362305,0.0015030447981110306,5.380115174438907e-06,0.00018816940339739548,0.00043489811941321247,0.0008682114738155134,0.001020603073803526,0.0013196814361525696,0.002299388072468189,0.006012421852037867
2025-08-19 00:00:00+00:00,37.26100158691406,-0.018348613749446407,2.2591436651286287e-06,7.63925883956797e-06,0.0001904285470625254,0.00047650886196538454,0.00091623051311982,0.0012020548850547902,0.002299324412019251,0.005995669044493364
2025-08-20 00:00:00+00:00,37.70500183105469,0.011845514382182287,0.0003366716265263737,0.0003389307701915028,0.000344310885365943,0.0007738288896047114,0.0012071422440070158,0.0013639186027845117,0.00244844847920054,0.006317027598640373
2025-08-21 00:00:00+00:00,38.027000427246094,0.008503684755935215,0.00014031621097848742,0.0004769878375048616,0.0004792469811699915,0.000667416384567383,0.0009534966994702457,0.0014998500549735173,0.0018399990141164202,0.006446300919106645
2025-08-22 00:00:00+00:00,39.00299835205078,0.02534207902308916,7.231265442832495e-05,0.0002126288654068128,0.0005493004919331878,0.0005569397507727519,0.0009864577550115238,0.0014655310050530079,0.0018712410717508844,0.0061680777382930535
2025-08-25 00:00:00+00:00,38.67699813842773,-0.008393464012582896,0.0006422209692124956,0.000714533623640821,0.0008548498346193097,0.0011937806048108086,0.0013819500082082035,0.0020619920786263254,0.002393576346200472,0.004937585661205776
2025-08-26 00:00:00+00:00,38.58200073242188,-0.002459194534489839,7.045023813052417e-05,0.0007126712073430203,0.0007849838617713465,0.001261971699276204,0.0012696109581157716,0.0017384805612415922,0.0022892186755343437,0.004977250812887935
2025-08-27 00:00:00+00:00,38.68899917602539,0.002769435159842182,6.047637758464697e-06,7.64978758889893e-05,0.0007187188451014862,0.0009313477105082951,0.0012702784806997974,0.00170517660011301,0.0022908815545033268,0.004712280325436329
2025-08-28 00:00:00+00:00,39.18999862670898,0.012866276560613787,7.669771104570091e-06,1.3717408863035223e-05,8.41676469935607e-05,0.0007987012706343778,0.0012756891081392389,0.0014661176552017642,0.0021919196212590625,0.004719697997807885
2025-08-29 00:00:00+00:00,40.20000076293945,0.025445437433902818,0.00016554107253419976,0.00017321084363877028,0.0001792584813972363,0.0008919296887402526,0.0011045585541470649,0.0014488694395130078,0.002311700798154084,0.004856632630886789
2025-09-02 00:00:00+00:00,41.07099914550781,0.021435240936227284,0.0006474702862026628,0.000813011358736863,0.0008206811298414345,0.0008971790057304198,0.0016117126293712404,0.002090959610541232,0.0025652093288414893,0.005484930211878065
2025-09-03 00:00:00+00:00,41.54199981689453,0.011402703706401507,0.00045946955399411393,0.001106939840196777,0.0012724809127309783,0.0012861983215940096,0.001998869528937029,0.0025481700208702172,0.002985327283948557,0.005428625274465726
2025-09-04 00:00:00+00:00,40.9109992980957,-0.015306000859250712,0.00013002165181598267,0.000589491205810097,0.0012369614920127612,0.0014101723356515275,0.0014866702115405163,0.002341520046159826,0.0028686202197487237,0.005527452456983014
2025-09-05 00:00:00+00:00,41.07400131225586,0.003976391479531216,0.00023427366230338353,0.00036429531411936663,0.0008237648681134819,0.001636776226850341,0.0016504936357133759,0.002435477497484722,0.002920104593829151,0.005760583946305154
2025-09-08 00:00:00+00:00,41.42599868774414,0.008533321489745394,1.5811689198488452e-05,0.0002500853515018724,0.0003801070033178564,0.0014870468435146296,0.0016602576871533996,0.002378976532254886,0.0029305361678532006,0.0057333016336995855
2025-09-09 00:00:00+00:00,40.87799835205078,-0.013316690650479579,7.281757564735054e-05,8.862926484583943e-05,0.0003229029271492243,0.0009123941329593173,0.00172540549169618,0.0018095731386897408,0.0030010945998354224,0.005316439965663022
2025-09-10 00:00:00+00:00,41.132999420166016,0.006218724240319329,0.00017733424988057022,0.0002501518255279212,0.00026596351472641094,0.0006302588288457737,0.0017371986690425502,0.0019164571504397868,0.0028417572231896186,0.005480076065849308
2025-09-11 00:00:00+00:00,41.696998596191406,0.013618445157770331,3.8672531177135214e-05,0.00021600678105770588,0.0002888243567050577,0.0005389097082069261,0.0011284009140170228,0.0019490820438584572,0.0027401135433882664,0.0055164257929123765
2025-09-12 00:00:00+00:00,42.387001037597656,0.01641258582709515,0.0001854620485151982,0.00022413457969233384,0.00040146882957290536,0.0004900980944187408,0.000854393408538107,0.0021268743212690855,0.00285326293747514,0.0055143402820824906
2025-09-15 00:00:00+00:00,42.516998291015625,0.0030622198254497413,0.00026937297353176457,0.0004548350220469632,0.0004935075532240998,0.000743659378752017,0.000993744730253889,0.0022307062222666502,0.002480414941794409,0.005034947579551648
2025-09-16 00:00:00+00:00,42.47100067138672,-0.0010824498677872718,9.377190259377443e-06,0.00027875016379114246,0.000464212212306342,0.0006802189933640439,0.0007688482582098829,0.0015926131263233646,0.0024193418939232624,0.005003254173017164
2025-09-17 00:00:00+00:00,41.72200012207031,-0.01779293534069426,1.1716977162726823e-06,1.054888797565056e-05,0.00027992186150741644,0.0005040564411997463,0.0007542082667276671,0.0011343152700455234,0.0024144659538810702,0.0048845401759705295
2025-09-18 00:00:00+00:00,41.70700073242188,-0.0003595725624525592,0.0003165885480381268,0.0003177602457543999,0.00032713743601377865,0.0007819724580607379,0.0009979792391184433,0.0013208821662676676,0.002723384730814627,0.005026320815212004
2025-09-19 00:00:00+00:00,42.5359992980957,0.01968176171517566,1.292924276686996e-07,0.0003167178404657959,0.0003178895381820699,0.0005966397019732084,0.0008207742816655418,0.001086737796391953,0.0025579729507080955,0.005022065348850191
2025-09-22 00:00:00+00:00,43.79899978637695,0.029260221493569993,0.00038737174421295435,0.0003875010366406235,0.0007040895846787516,0.0007146384726543981,0.001169473494701361,0.0014582978514064188,0.0022978744087183874,0.005302805388714311
2025-09-23 00:00:00+00:00,44.19200134277344,0.008932826417680229,0.0008561605618527754,0.0012435323060657302,0.0012436615984934,0.0015614218442477961,0.0018401720080389382,0.0022416408376118436,0.002694565416577049,0.006113206054927908
2025-09-24 00:00:00+00:00,43.777000427246094,-0.009435232545841554,7.979538780840578e-05,0.0009359559496611815,0.0013233276938741372,0.0016400455343399292,0.0016505944223155794,0.0021441019755396792,0.0026443391525694717,0.005799039687221056
2025-09-25 00:00:00+00:00,44.696998596191406,0.02079777880006084,8.902361319410769e-05,0.0001688190010025139,0.0010249795628552907,0.00141248059949591,0.0017302408452503097,0.0021944530575566516,0.002499089103460196,0.005848711701528117
2025-09-26 00:00:00+00:00,46.22100067138672,0.03352790092723579,0.0004325476030162601,0.0005215712162103683,0.0006013666040187753,0.0018448989100845014,0.002161616750550297,0.0024415386120577136,0.0029158250172779676,0.006034530588528561
2025-09-29 00:00:00+00:00,46.61199951171875,0.00842375344225088,0.0011241201405865384,0.001556667743602799,0.001645691356796908,0.0025816473064580858,0.0029691483430987087,0.0032962857791124876,0.0039671275822171555,0.006975861440892144
2025-09-30 00:00:00+00:00,46.25299835205078,-0.007731717144935146,7.095962205583357e-05,0.0011950797626423724,0.0016276273656586338,0.0017964463666611437,0.003039978672726874,0.0033578682109089435,0.003860752954392419,0.007041440947773539
2025-10-01 00:00:00+00:00,47.290000915527344,0.022172584924994077,5.9779450009284087e-05,0.00013073907206511808,0.0012548592126516579,0.0017764304288620221,0.0027123863785232035,0.003416475963201955,0.003881859873224568,0.007098961254117694
2025-10-02 00:00:00+00:00,46.0,-0.027657479526539852,0.0004916235222560746,0.0005514029722653591,0.0006223625943211943,0.002179030337923989,0.0023478493389265023,0.003591510937419903,0.004188021346965444,0.007253913149847396
2025-10-03 00:00:00+00:00,47.59700012207031,0.034128340116687195,0.0007649361737609711,0.001256559696017046,0.0013163391460263318,0.0025114189086687002,0.0030329901248790678,0.004356317818753205,0.004683584547194651,0.007878533112629878
2025-10-06 00:00:00+00:00,48.08200073242188,0.01013816532656131,0.0011647435991202805,0.001929679772881252,0.0024213032951373283,0.002552042367202442,0.004108710110805241,0.005133689673660531,0.005838950956055554,0.008970964057321834
2025-10-07 00:00:00+00:00,47.17900085449219,-0.018959005487523495,0.00010278239618869,0.001267525995308971,0.0020324621690699434,0.0025838651413352984,0.0037789449039776703,0.004380311507996447,0.005940561654527971,0.00843152548429803
2025-10-08 00:00:00+00:00,48.65599822998047,0.030826198111950642,0.000359443889075946,0.0004622262852646364,0.0016269698843849184,0.00288352958040196,0.0030142686524670783,0.004659960009263987,0.0059834169955657905,0.008720519135243451
2025-10-09 00:00:00+00:00,46.84999847412109,-0.037824118441793786,0.0009502544900372293,0.0013096983791131757,0.0014124807753018672,0.0033421605481831155,0.0038935635204484734,0.005521190886107107,0.006933542193175351,0.009664725987522214
2025-10-10 00:00:00+00:00,46.9379997253418,0.001876599964511172,0.0014306639358988447,0.0023809184259360747,0.002740362315012022,0.004007888310320989,0.005264448006338034,0.006519307218989692,0.007976834384861242,0.01108772015231649
2025-10-13 00:00:00+00:00,50.130001068115234,0.06579207650283037,3.5216274268033316e-06,0.0014341855633256484,0.0023844400533628795,0.0028466663386275117,0.004776346111508763,0.005398708705829957,0.00712419545043527,0.010925700707209092
2025-10-14 00:00:00+00:00,50.31399917602539,0.003663699439994339,0.004328597330554284,0.004332118957981087,0.005762782893879934,0.007072481272993106,0.008340007268302075,0.009656346414328408,0.011372997393181147,0.014606827751560716
2025-10-15 00:00:00+00:00,51.073001861572266,0.014972666263086243,1.3422693586614833e-05,0.004342020024140899,0.004345541651567704,0.006726460077503775,0.00718868636276841,0.009609989657905738,0.011297396473573654,0.014160780891153215
2025-10-16 00:00:00+00:00,53.02299880981445,0.03746974094989275,0.00022418073502576094,0.00023760342861237578,0.004566200759166661,0.006000386322492306,0.007310084701605481,0.009342546870675424,0.011089029605583155,0.014254939974362993
2025-10-17 00:00:00+00:00,49.86399841308594,-0.06142649155358759,0.0014039814868520696,0.0016281622218778306,0.001641584915464447,0.0059737038734455315,0.008354622299381605,0.009981592183766524,0.011368890951848686,0.01542464779891168
2025-10-20 00:00:00+00:00,51.11899948120117,0.024856970232058462,0.003773213864582968,0.005177195351435037,0.0054013760864608,0.009743396110601696,0.011177581673927343,0.01259006244922921,0.01507114519437582,0.019182049974296157
2025-10-21 00:00:00+00:00,47.45000076293945,-0.07447969677901778,0.0006178689691174405,0.004391082833700408,0.0057950643205524795,0.006032667749164853,0.010364786707145938,0.01310514902215796,0.015629234713483976,0.01972710136776625
2025-10-22 00:00:00+00:00,47.46099853515625,0.00023174916179069527,0.005547225232294431,0.006165094201411872,0.009938308065994841,0.011566470287872669,0.015908490312013565,0.018292930365376447,0.020684836423522333,0.02509699235018011
2025-10-23 00:00:00+00:00,48.48199844360352,0.021284272636444168,5.370767399068985e-08,0.005547278939968422,0.006165147909085864,0.0113423432605209,0.011579946689133274,0.017342729583013205,0.019919953957435354,0.025058373526676964
2025-10-24 00:00:00+00:00,48.37699890136719,-0.002168091478226497,0.000453020261662486,0.00045307396933647666,0.00600029920163091,0.010391382035331317,0.012019544257209146,0.01636508590877685,0.01920823061997756,0.025325931739824253
2025-10-27 00:00:00+00:00,46.5620002746582,-0.03823970772890117,4.700620657958357e-06,0.00045772088232044436,0.00045777458999443675,0.0066228687914063064,0.011800064142841342,0.016366264902008,0.01911014884444683,0.025061259386950446
2025-10-28 00:00:00+00:00,47.125,0.012018882042322598,0.001462275247191784,0.0014669758678497423,0.0019199961295122301,0.007467275069480649,0.011858357903181058,0.013499942818645505,0.020212980202562666,0.026514157443882854
2025-10-29 00:00:00+00:00,47.72100067138672,0.01256792088515768,0.00014445352554726462,0.0016067287727390487,0.0016114293933970087,0.0020645033627334827,0.008229597564145354,0.013630973650606153,0.0194071792380727,0.026657439271713844
2025-10-30 00:00:00+00:00,48.428001403808594,0.01470662117970134,0.0001579526353755826,0.0003024061609228472,0.001764681408114633,0.0022224022904350745,0.007769681230403496,0.013564745550955977,0.018134467937549435,0.0264988033590513
2025-10-31 00:00:00+00:00,47.99399948120117,-0.009002195547954006,0.00021628470652324005,0.00037423734189882265,0.000518690867446089,0.001985666735295829,0.0024387407046323048,0.012377048770627147,0.018347231016645874,0.02671495877314687
2025-11-03 00:00:00+00:00,47.88800048828125,-0.0022110309784193483,8.103952468360293e-05,0.00029732423120684297,0.0004552768665824273,0.0020620056393214734,0.0025197265216419166,0.008684874430727782,0.014099673210775194,0.02640862655361752
2025-11-04 00:00:00+00:00,47.130001068115234,-0.015955197707850477,4.88865798753002e-06,8.592818267113295e-05,0.00030221288919437476,0.0006046190501172193,0.002071594917966961,0.008071894119597871,0.014091139175176109,0.025557354649752274
2025-11-05 00:00:00+00:00,47.86299896240234,0.015432978063345093,0.0002545683338965971,0.0002594569918841271,0.0003404965165677318,0.0007147338584665519,0.0023214626312055998,0.0027792372212000365,0.014121526774046947,0.025732127595840468
2025-11-06 00:00:00+00:00,47.79399871826172,-0.0014426598739447627,0.00023817681190369086,0.000492745145800288,0.0004976338037878198,0.0007949580349946601,0.0010973641959175066,0.0030173603254297363,0.012955722099098566,0.02588128079455005
2025-11-07 00:00:00+00:00,48.016998291015625,0.004654997492901103,2.0812675118903187e-06,0.00024025807941558118,0.00049482641331218,0.0005807545959833104,0.0009549919378821321,0.002566421331279141,0.009184589502027489,0.025450814459045682
2025-11-10 00:00:00+00:00,50.17699813842773,0.044001637995061404,2.1669001658915554e-05,2.375026917080587e-05,0.0002619270810744985,0.0005213840729586229,0.0008187083041654652,0.002583389712280098,0.008588389534568966,0.02434836332011806
2025-11-11 00:00:00+00:00,50.61800003051758,0.00875052758809236,0.0019361441462484314,0.001957813147907347,0.001959894415419239,0.0024526395612195244,0.002538567743890657,0.0030572586113367453,0.004977308448522965,0.026213547844310656
2025-11-12 00:00:00+00:00,53.33200073242188,0.052229295122200536,7.65717330699655e-05,0.0020127158793183967,0.002034384880977314,0.0022746429603928927,0.0025340999522770187,0.002989376818859446,0.00505382647391894,0.026230340127371337
2025-11-13 00:00:00+00:00,53.07400131225586,-0.004849349111986534,0.0027278992689619207,0.002804471002031886,0.004740615148280319,0.004764365417451123,0.00525711056325141,0.005559323452445784,0.007328705481218374,0.028466615874077183
2025-11-14 00:00:00+00:00,50.59000015258789,-0.047933259554467256,2.3516186809924585e-05,0.002751415455771845,0.002827987188841812,0.004785800336749157,0.005026058416164737,0.0053665549327324685,0.0073475210473703395,0.027725195887126138
2025-11-17 00:00:00+00:00,50.625,0.0006915941066911735,0.0022975973715159263,0.0023211135583258505,0.005049012827287773,0.007061728706606167,0.007085478975776972,0.007583112779564792,0.008182843171694484,0.02885804965952178
2025-11-18 00:00:00+00:00,50.45000076293945,-0.0034627635044004457,4.783024084099622e-07,0.0022980756739243357,0.0023215918607342625,0.0051260628627661465,0.007083876010673493,0.007578702423985672,0.008038867948555628,0.0287557455657415
2025-11-19 00:00:00+00:00,50.790000915527344,0.006716740916591135,1.1990731087407656e-05,1.2469033495817184e-05,0.0023100664050117454,0.005061481860783589,0.007074197740101985,0.007336124821176482,0.007892906044267452,0.028408292407752965
2025-11-20 00:00:00+00:00,50.24700164794922,-0.010748626377484083,4.511460854060952e-05,5.710533962801674e-05,5.758364203642887e-05,0.002378697200362277,0.005183168202394162,0.0071430626178134015,0.007721735946284823,0.027503152526256344
2025-11-21 00:00:00+00:00,49.87300109863281,-0.0074710802774364815,0.0001155329690027466,0.00016064757754335568,0.0001726383086307655,0.002470713982555099,0.005222129438326943,0.007256514319304257,0.007756229390603966,0.026188021559360244
2025-11-24 00:00:00+00:00,50.29499816894531,0.008425835996030973,5.581704051190037e-05,0.00017135000951464655,0.00021646461805525824,0.00022893365155107325,0.0025500472098769233,0.007290662358157242,0.007807157773128337,0.026240316972445343
2025-11-25 00:00:00+00:00,50.93399810791016,0.012625007656006382,7.099471223201125e-05,0.0001268117527439112,0.00024234472174665996,0.00029945006137467454,0.00259752573529901,0.005425512924140822,0.007623584151463751,0.02198271435412307
2025-11-26 00:00:00+00:00,52.91600036621094,0.03817511768473203,0.00015939081831421975,0.0002303855305462306,0.0002862025710581331,0.00044685014860148663,0.0004593191820973034,0.005508332009385076,0.007544798157874279,0.022128682478850678
2025-11-28 00:00:00+00:00,56.44599914550781,0.0645786562586701,0.00145733961024314,0.0016167304285573593,0.0016877251407893727,0.0018590751503040172,0.0019161804899320335,0.004237772350666296,0.009000056500605529,0.023361841354068054
2025-12-01 00:00:00+00:00,58.417999267578125,0.03433963520547145,0.00417040284417547,0.00562774245441861,0.005787133272732832,0.005913945025476741,0.006074592603020096,0.008384659008031842,0.013148790343122083,0.026128262711391455
2025-12-02 00:00:00+00:00,57.983001708984375,-0.007474155376065106,0.0011792105460448545,0.0053496133902203235,0.006806953000463466,0.007037338531009694,0.007208688540524341,0.00726627218256077,0.012391856742918506,0.023534259392853342
2025-12-03 00:00:00+00:00,57.92100143432617,-0.0010698557235384598,5.586299858556292e-05,0.0012350735446304164,0.00540547638880589,0.007022206817363247,0.007149018570107158,0.007321656878737923,0.012371148008434104,0.022972253422321464
2025-12-04 00:00:00+00:00,56.84700012207031,-0.01871658738234494,1.1445912691880013e-06,5.700758985475006e-05,0.0012362181358996072,0.006863960590318215,0.007094346120864445,0.007310810738919703,0.009644393330741371,0.01742617278129622
2025-12-05 00:00:00+00:00,58.422000885009766,0.02732909587030896,0.0003503106432409538,0.000351455234510141,0.00040731823309570647,0.005756931623316029,0.007373662051873388,0.007616006773620048,0.0099711877871724,0.017776429716863183
2025-12-08 00:00:00+00:00,57.77899932861328,-0.011067170131485504,0.0007468794810885384,0.0010971901243294914,0.001098334715598682,0.0023334082602290964,0.007961150714647706,0.00824735328570584,0.008420469896745013,0.018070288936289234
2025-12-09 00:00:00+00:00,60.16899871826172,0.040531871972228295,0.00012248225471924487,0.0008693617358077825,0.0012196723790487388,0.0012766799689034871,0.006626293359123811,0.008314018499913183,0.008542473849055847,0.018188070570350524
2025-12-10 00:00:00+00:00,60.37900161743164,0.0034841409401185075,0.0016428326455731057,0.0017653149002923498,0.0025121943813808906,0.0028636496158910302,0.004098723160521446,0.009885856433254278,0.010173315763541545,0.018368627968731843
2025-12-11 00:00:00+00:00,63.92900085449219,0.05713171675990303,1.2139238090609877e-05,0.0016549718836637148,0.0017774541383829621,0.002874644262712452,0.0029316518525672017,0.009738604853030668,0.010140340393091545,0.018236313681275186
2025-12-12 00:00:00+00:00,61.36199951171875,-0.040982362819466545,0.0032640330599337844,0.0032761722980243933,0.004919004943597502,0.0057883666794052826,0.006139821913915423,0.011545298302721312,0.013288840484022584,0.02134239410583339
2025-12-15 00:00:00+00:00,62.93999862670898,0.025391126722667856,0.0016795540622663939,0.004943587122200178,0.00495572636029079,0.006721041260583138,0.00781823138491263,0.009054449520812236,0.014912577505777076,0.022805663461576545
2025-12-16 00:00:00+00:00,62.70000076293945,-0.0038204100102419147,0.0006447093162465777,0.002324263378512971,0.005588296438446758,0.007243268322110471,0.008112630057918253,0.008519948291013959,0.015486292109791643,0.02336933325313952
2025-12-17 00:00:00+00:00,66.23699951171875,0.054877752017617354,1.4595532646356627e-05,0.0006593048488929339,0.00233885891115933,0.005615031209183721,0.007380346109476071,0.008478680825074754,0.01534149682412378,0.023379040127798345
2025-12-18 00:00:00+00:00,64.59200286865234,-0.02514860330211821,0.0030115676665071057,0.003026163199153462,0.0036708725154000416,0.008614459637600217,0.010269431521263932,0.011489103900312672,0.016895724880387746,0.026136039460408857
2025-12-19 00:00:00+00:00,66.84500122070312,0.03428591617431476,0.000632452248047311,0.003644019914554416,0.003658615447200775,0.005982878825713744,0.009259051123738137,0.011771245505119028,0.013357774284259587,0.026530314896552474
2025-12-22 00:00:00+00:00,67.90599822998047,0.015747845141163452,0.0011755240479121383,0.001807976295959449,0.004819543962466557,0.00547884881135949,0.010422435933559666,0.012199890071942629,0.01335408778612687,0.027703757676952722
2025-12-23 00:00:00+00:00,70.48500061035156,0.037275560044254696,0.00024799462659006534,0.0014235186745022034,0.002055970922549517,0.005082134121702977,0.007406397500215946,0.012325402443813447,0.013546219414131373,0.027930083301883873
2025-12-24 00:00:00+00:00,71.03099822998047,0.007716446667799026,0.0013894673766128372,0.001637462003202902,0.002812986051115043,0.006457005965669458,0.0071163108145623905,0.01207203717485318,0.014934542199475022,0.027383406532248276
2025-12-26 00:00:00+00:00,76.48600006103516,0.07399134179679479,5.95435491769867e-05,0.0014490109257898234,0.0016970055523798913,0.0035049818483393383,0.006531145047492799,0.012119441485939556,0.014643775105411056,0.0273663783483553
2025-12-29 00:00:00+00:00,69.85600280761719,-0.09067169778776485,0.005474718660890111,0.005534262210067097,0.006923729586679937,0.008347248261182138,0.011991268175736553,0.014330127086895883,0.019371614285212627,0.03011319774028349
2025-12-30 00:00:00+00:00,77.3740005493164,0.10221479339062789,0.008221356779715762,0.013696075440605873,0.01375561898978286,0.015393080992985761,0.017201057288945207,0.02087192980434525,0.027470488810209144,0.03831103833318933
2025-12-31 00:00:00+00:00,70.13400268554688,-0.09824307780431507,0.010447863987888746,0.018669220767604508,0.024143939428494618,0.025592950354284442,0.027016469028786644,0.03067508447598742,0.03627552015252478,0.046461304949562146
2026-01-02 00:00:00+00:00,70.55599975585938,0.005998981143649829,0.009651702336464705,0.02009956632435345,0.028320923104069216,0.03385518531413631,0.03549264731733921,0.040312191279805766,0.04591508325089888,0.05611252898361844
2026-01-05 00:00:00+00:00,76.16400146484375,0.07648221205609929,3.598777476186621e-05,0.00968769011122657,0.020135554099115317,0.03383162953972119,0.03528064046551101,0.03733661138806053,0.04268703796572697,0.056136526027292896
2026-01-06 00:00:00+00:00,80.52999877929688,0.05574084130399726,0.005849528760994139,0.005885516535756003,0.01553721887222071,0.03420643963982522,0.03974070184989231,0.04255368790100736,0.04685701266445471,0.06194094017974643
2026-01-07 00:00:00+00:00,77.13500213623047,-0.043072609490488745,0.003107041389277407,0.008956570150271544,0.008992557925033413,0.029092124249386862,0.042788199689992736,0.04448520524237263,0.04931934473748554,0.06493244860002109
2026-01-08 00:00:00+00:00,74.71600341796875,-0.03186285611540196,0.0018552496883201411,0.004962291077597546,0.010811819838591688,0.020499509949818258,0.039168730717422766,0.0460924603041027,0.05115999889315932,0.06673188124782933
2026-01-09 00:00:00+00:00,78.88400268554688,0.05428414794887715,0.0010152415998308081,0.0028704912881509477,0.005977532677428358,0.011863049213184361,0.03196261553753781,0.04571823452732067,0.049163672826483026,0.06767612813542813
2026-01-12 00:00:00+00:00,84.61000061035156,0.0700740171580394,0.0029467687185355832,0.00396201031836639,0.0058172600066865345,0.014773830156958077,0.02446152026818465,0.048605459696679267,0.0514779892969713,0.07046350603564949
2026-01-13 00:00:00+00:00,85.87699890136719,0.014863556993312876,0.004910367880665201,0.007857136599200783,0.008872378199031593,0.01383466927662914,0.019720185812385143,0.048041108916454356,0.05521283312972436,0.07391653430607156
2026-01-14 00:00:00+00:00,90.86900329589844,0.05650291804211882,0.0002209253264934601,0.0051312932071586595,0.008078061925694246,0.010948553213845193,0.019905123364116737,0.040040677463232054,0.055185763829627754,0.06996705678838955
2026-01-15 00:00:00+00:00,91.8759994506836,0.011020890663073324,0.0031925797472743965,0.003413505073767855,0.00832387295443306,0.012285883272799449,0.017248174350396994,0.032785393222617705,0.056988876200289314,0.07198042598961908
2026-01-16 00:00:00+00:00,88.09100341796875,-0.04206942596458241,0.00012146003100741677,0.0033140397782818114,0.003534965104775275,0.011392101703976058,0.014262592992127005,0.02325515091716042,0.057050792682119746,0.07204602302204094
2026-01-20 00:00:00+00:00,94.20600128173828,0.06711347754309926,0.0017698366009894805,0.0018912966319968956,0.005083876379271296,0.010215169586429956,0.014177179904796345,0.024988999743388033,0.05334591062221911,0.07381471503176124
2026-01-21 00:00:00+00:00,92.20999908447266,-0.02141531280480713,0.00450421886792809,0.006274055468917569,0.0063955154999249895,0.009809020573692845,0.017666157172893625,0.023643689850321985,0.04962877271043144,0.07796862325644838
2026-01-22 00:00:00+00:00,95.97599792480467,0.040029563968274395,0.00045861562252773623,0.004962834490455824,0.006732671091445309,0.01004671086972712,0.01517800407688578,0.020995264083572315,0.03963952434507043,0.07768035939788757
2026-01-23 00:00:00+00:00,100.9250030517578,0.05027955838627829,0.0016023659914901718,0.0020609816140179063,0.006565200481946001,0.008456497113942895,0.011870002187710749,0.020742380386742348,0.031590188000095894,0.07916024313465848
2026-01-26 00:00:00+00:00,115.08000183105467,0.1312498576176111,0.0025280339915191674,0.004130399983009337,0.004589015605537078,0.010863071074454646,0.014177110852736458,0.022255172778430705,0.0340822342168532,0.08004544448060455
2026-01-27 00:00:00+00:00,105.52300262451172,-0.08669859108884559,0.017226525124643188,0.019754559116162352,0.02135692510765253,0.026319759598108353,0.02821105623010525,0.03653492918453831,0.04545923058050225,0.09725983036715713
2026-01-28 00:00:00+00:00,113.11100006103516,0.06944067448945201,0.007516645696790856,0.02474317082143404,0.027271204812953212,0.02933218642697112,0.035606241895888686,0.03914120700066396,0.049868834888015696,0.1015124430040142
2026-01-29 00:00:00+00:00,114.03700256347656,0.008153341623586385,0.004822007273550032,0.012338652970340884,0.029565178094984074,0.033695578077993414,0.038658412568449235,0.04374228894772053,0.05283559247324559,0.10465489621529783
2026-01-30 00:00:00+00:00,78.29000091552734,-0.376103087004811,6.647697963090628e-05,0.004888484253180935,0.012405129949971795,0.032159689066134145,0.034220670680152054,0.04061618618007704,0.051886827853045686,0.10407666387868217
2026-02-02 00:00:00+00:00,76.77799987792969,-0.01950175342051974,0.14145353205454841,0.14152000903417933,0.14634201630772936,0.1710851871291634,0.17521558711217272,0.18194825820361804,0.19039359118905852,0.24551560040058423
2026-02-03 00:00:00+00:00,83.04199981689453,0.07842836250763607,0.0003803183864747534,0.14183385044102317,0.1419003274206541,0.15423898039099498,0.17399353950715732,0.18055873998910332,0.18586354169486807,0.24288435112055187
2026-02-04 00:00:00+00:00,84.16500091552734,0.0134326670478222,0.006151008045629176,0.0065313264321039295,0.14798485848665235,0.1528733427398333,0.17761651356126731,0.1822055291668044,0.1917936244140038,0.24840290691813374
2026-02-05 00:00:00+00:00,76.52899932861328,-0.09510942355652663,0.00018043654401764839,0.006331444589646825,0.006711762976121578,0.1482317720103009,0.16057042498064178,0.1819273500882943,0.18878148121074703,0.24740781941423926
2026-02-06 00:00:00+00:00,76.73500061035156,0.0026881903887892022,0.009045802449254783,0.00922623899327243,0.015377247038901608,0.1572110974799248,0.16209958173310568,0.18937078654605893,0.19770582362899441,0.256205627236904
2026-02-09 00:00:00+00:00,82.06500244140625,0.0671537103524873,7.226367566378643e-06,0.009053028816821164,0.00923346536083881,0.01576479179294274,0.15728480082712204,0.18684997892210614,0.1959432133955713,0.2548233862278575
2026-02-10 00:00:00+00:00,80.21800231933594,-0.02276368842808285,0.004509620814105759,0.004516847181672139,0.013562649630926921,0.019894094220573744,0.16172794466159687,0.17413307461156868,0.19594861534174896,0.2592734634927863
2026-02-11 00:00:00+00:00,83.75399780273438,0.04313594701844092,0.0005181855108508331,0.005027806324956594,0.0050350326925229704,0.014261271685795402,0.020792598117899304,0.16713461442562869,0.19600818523007207,0.25431693034274705
2026-02-12 00:00:00+00:00,75.5459976196289,-0.10314219378519951,0.0018607099251777425,0.002378895436028577,0.006888516250134334,0.015941545066955495,0.022272989656602293,0.1641733170772564,0.19626652916375964,0.247956283488209
2026-02-13 00:00:00+00:00,77.85099792480469,0.030055006017955854,0.010638312138823647,0.012499022064001391,0.013017207574852223,0.01753405475652436,0.026760293749796764,0.17474515223644912,0.2043768073110641,0.24814673163914389
2026-02-17 00:00:00+00:00,73.4469985961914,-0.05823267819579403,0.0009033033867393626,0.011541615525563011,0.013402325450740752,0.018430131775697346,0.027483160592518478,0.03419492356864008,0.18805358557316032,0.23939833268941857
2026-02-18 00:00:00+00:00,77.50900268554688,0.053830054736415,0.0033910448098549055,0.00429434819659427,0.014932660335417916,0.017311555771446493,0.0218284029531186,0.03720564999202024,0.18392798468622434,0.24275338972451158
2026-02-19 00:00:00+00:00,77.56500244140625,0.000722232694612579,0.002897674792925435,0.006288719602780343,0.007192022989519703,0.019691045053521095,0.02471885137847766,0.03395231673931649,0.18200365220559975,0.2398015357564429
2026-02-20 00:00:00+00:00,82.28299713134766,0.05904816413025671,5.216200651673468e-07,0.0028981964129906044,0.006289241222845509,0.01783085674840852,0.020209752184437067,0.03377240181536401,0.181937696846034,0.23669501598723064
2026-02-23 00:00:00+00:00,86.52300262451172,0.05024581475846901,0.003486685687153735,0.0034872073072189044,0.006384882100144338,0.010679230296738606,0.02317825236073997,0.028213285053262968,0.04397085047863933,0.23832645198606425
2026-02-24 00:00:00+00:00,87.45700073242188,0.01073694749555898,0.002524641900742382,0.006011327587896119,0.006011849207961285,0.012300568810741626,0.023842184336304608,0.03073070058643897,0.04611517399290695,0.23983585228697582
2026-02-25 00:00:00+00:00,90.93900299072266,0.03904173258606747,0.00011528204152239025,0.0026399239422647738,0.006126609629418508,0.009024806042409109,0.01331915423900335,0.026336361813855604,0.04007944798880017,0.23700436560996263
2026-02-26 00:00:00+00:00,86.99800109863281,-0.044303842449412656,0.0015242568833220024,0.0016395389248443945,0.004164180825586774,0.007651388132805677,0.013940107735585992,0.02734243318632677,0.04142326832810453,0.23361825461261942
2026-02-27 00:00:00+00:00,92.68199920654295,0.0632891278862493,0.001962830455782379,0.0034870873391043833,0.0036023693806267717,0.009613696968522888,0.012511893381513463,0.027444553716931407,0.03434029633463212,0.23536015974190835
2026-03-02 00:00:00+00:00,88.28399658203125,-0.04861541837658123,0.004005513708602019,0.005968344164384399,0.0074926010477064,0.010132524989971173,0.013619732297190048,0.02081175528670978,0.03833858367566776,0.23617309370323594
2026-03-03 00:00:00+00:00,82.9229965209961,-0.06264642761396022,0.002363458903930032,0.006368972612532052,0.00833180306831443,0.009971341993158822,0.01598266958105491,0.022271910803900445,0.03619242176549203,0.23841509257615856
2026-03-04 00:00:00+00:00,82.63300323486328,-0.0035032687809373186,0.003924574892791158,0.006288033796721191,0.010293547505323209,0.01378063484442759,0.016420558786692335,0.0228054408868367,0.039598811147432356,0.24056983086796024
2026-03-05 00:00:00+00:00,81.68699645996094,-0.01151432848606948,1.2272892151490047e-05,0.0039368477849426485,0.00630030668887268,0.012268650853257077,0.013908189778101442,0.019920038986062757,0.037750374114406106,0.23607788489218365
2026-03-06 00:00:00+00:00,83.81600189208984,0.025729115483439813,0.0001325797604851111,0.00014485265263660202,0.004069427545427759,0.01043840015795981,0.013925487497064164,0.0200520971264827,0.02724464173606757,0.23575184903014104
2026-03-09 00:00:00+00:00,84.03199768066406,0.0025737084547117206,0.0006619873835601823,0.0007945671440452943,0.0008068400361967834,0.007094873832917973,0.013063217997302343,0.017227398822889144,0.027003325732888387,0.23481147042221104
2026-03-10 00:00:00+00:00,89.08300018310547,0.05837087039100908,6.6239752098545925e-06,0.0006686113587700377,0.0008011911192551479,0.004738038904197796,0.01110701151672982,0.014709380897356619,0.023618904898243337,0.23229006040590172
2026-03-11 00:00:00+00:00,85.06500244140625,-0.04615282263613274,0.00340715851020398,0.0034137824854138356,0.004075769868974017,0.004220622521610618,0.010508656318331781,0.01800125736603821,0.02412838861552188,0.21847069379146253
2026-03-12 00:00:00+00:00,84.66999816894531,-0.0046543728061729794,0.0021300830372823266,0.005537241547486308,0.005543865522696161,0.006338432666741455,0.010275280451684075,0.018607083519998534,0.026257950032739043,0.21308413113195399
2026-03-13 00:00:00+00:00,80.91400146484375,-0.04537444568017879,2.1663186218842534e-05,0.0021517462235011698,0.0055589047337051495,0.006227516092475186,0.006372368745111759,0.016665916250434995,0.02279292753180415,0.2082837870446228
2026-03-16 00:00:00+00:00,80.26300048828125,-0.008078131604690064,0.0020588403207834954,0.0020805035070023386,0.004210586544284664,0.0076243690296984995,0.008418936173743764,0.014719242862616472,0.022327125951845262,0.21027615038577538
2026-03-17 00:00:00+00:00,79.52999877929688,-0.009174455123457825,6.525621022269247e-05,0.002124096531006189,0.00214575971722503,0.007683001264711337,0.008351612623481346,0.012421040168909133,0.022277100120545564,0.06888787454144966
2026-03-18 00:00:00+00:00,77.23799896240234,-0.029242743148299333,8.417062681234154e-05,0.00014942683703503487,0.002208267157818529,0.004360013381319698,0.007773795866733506,0.008580635902930315,0.020837013864035907,0.06859172678178725
2026-03-19 00:00:00+00:00,70.9020004272461,-0.08559290256097896,0.0008551380268374076,0.00093930865364975,0.0010045648638724411,0.0030850683708747795,0.008622309918361059,0.009423501037616234,0.019729321435090933,0.06329585676299548
2026-03-20 00:00:00+00:00,69.36000061035156,-0.021988306638752064,0.007326144968813238,0.008181282995650647,0.008265453622462986,0.010389550153469176,0.012541296376970316,0.016617066245944362,0.02304995269530215,0.07044156518779107
2026-03-23 00:00:00+00:00,69.04900360107422,-0.004493891628404967,0.0004834856288397881,0.007809630597653027,0.008664768624490433,0.008814195461525468,0.010894698968527777,0.016438564491223967,0.02116997942021191,0.06187924836737608
2026-03-24 00:00:00+00:00,69.27400207519531,0.0032532357356043207,2.0195061967848244e-05,0.0005036806908076372,0.007829825659620874,0.008769134313270624,0.010893230844276782,0.01645213557798196,0.017265599589388596,0.06189221706177755
2026-03-25 00:00:00+00:00,72.36100006103516,0.04359779568577338,1.0583542751412985e-05,3.0778604719262094e-05,0.0005142642335590493,0.008695547229209696,0.008844974066244701,0.013055560610529393,0.017263910239988522,0.0573931797904232
2026-03-26 00:00:00+00:00,67.6709976196289,-0.06700978850855854,0.0019007677886584398,0.0019113513314098537,0.001931546393377701,0.009741176991030727,0.010680485644680448,0.012826245361905506,0.019032098268161848,0.05877576206823081
2026-03-27 00:00:00+00:00,69.54499816894531,0.027316306173566396,0.004490311755961745,0.006391079544620186,0.006401663087371598,0.006905343778179234,0.015086626773829851,0.01729489393164841,0.022860422640563413,0.06140536389901481
2026-03-30 00:00:00+00:00,70.3239974975586,0.011139100266055024,0.0007461805829680216,0.005236492338929768,0.007137260127588207,0.007168038732307468,0.014977669329960466,0.015982234193832934,0.023599979248321582,0.05151323234315919
2026-03-31 00:00:00+00:00,74.69000244140625,0.060233148060079955,0.0001240795547372271,0.0008702601377052495,0.0053605718936669934,0.0072719232250768465,0.007775603915884455,0.016041057538347468,0.02031690029285483,0.05073400851115705
2026-04-01 00:00:00+00:00,75.86699676513672,0.0156355175527505,0.0036280321252275135,0.0037521116799647414,0.004498292262932762,0.010889371807552947,0.01092015041227218,0.01958491903676264,0.021814849380800014,0.050970995826529655
2026-04-02 00:00:00+00:00,72.73500061035156,-0.04215905699204825,0.000244469409142369,0.0038725015343698834,0.00399658108910711,0.009233073428036876,0.011144424759446702,0.0189742504190676,0.02203765560372354,0.04831779044274659
2026-04-06 00:00:00+00:00,72.66100311279297,-0.0010178753480509783,0.0017773860864587724,0.002021855495601142,0.005649887620828655,0.006520147758533904,0.01291122730315406,0.013425491536713137,0.021756201369398816,0.0500946549091402
2026-04-07 00:00:00+00:00,71.82599639892578,-0.011558354907611701,1.0360702241699003e-06,0.001778422156682943,0.0020228915658253113,0.005775003245790051,0.011011495584719791,0.012943041978097519,0.021691981229400296,0.04660900529221063
2026-04-08 00:00:00+00:00,75.2239990234375,0.04622383863151125,0.0001335955681703115,0.00013463163839448226,0.0019120177248532538,0.005784519259223136,0.006654779396928357,0.013056442484299982,0.021741406170758263,0.044217958959638565
2026-04-09 00:00:00+00:00,76.2770004272461,0.013901140778676435,0.0021366432578319916,0.002270238826002304,0.002271274896226473,0.004293130391827615,0.008045242071792327,0.015182502199380561,0.02302291140175285,0.046239320175948166
2026-04-10 00:00:00+00:00,76.3239974975586,0.000615947109618098,0.0001932417149485809,0.0023298849727805735,0.002463480540950884,0.004241902697633826,0.00811440423200368,0.013474976125670703,0.015890008147888192,0.04490830500757474
2026-04-13 00:00:00+00:00,75.52300262451172,-0.010550123505336018,3.7939084184688915e-07,0.00019362110579042866,0.0023302643636224194,0.002464896002016901,0.004486751497618014,0.008985043760550804,0.015406901909890249,0.04294585394263421
2026-04-14 00:00:00+00:00,79.39099884033203,0.04994771671981457,0.00011130510597784354,0.0001116844968196913,0.00030492621176827134,0.0025751650377705743,0.004353587194453489,0.008350168283560626,0.015498011953900244,0.03905164534001004
2026-04-15 00:00:00+00:00,79.49099731445312,0.0012587768248808473,0.002494774405522844,0.0026060795115006885,0.0026064589023425343,0.004936343875123107,0.00507097551351756,0.010720863134346243,0.017982202816671677,0.039182960841602846
2026-04-16 00:00:00+00:00,78.60600280761719,-0.011195705803188183,1.5845190948571074e-06,0.002496358924617702,0.0026076640305955447,0.0028012851363859725,0.005071523962388248,0.007094415528213586,0.016083019547108095,0.03525997046790655
2026-04-17 00:00:00+00:00,81.73799896240234,0.03907092920060773,0.00012534382843154156,0.00012692834752639953,0.002621702753049243,0.002733387249868933,0.005063272222649478,0.006975289947502759,0.011718051619577891,0.035373041404186595
2026-04-20 00:00:00+00:00,79.95099639892578,-0.02210509533967908,0.0015265375085989018,0.0016518813370304444,0.0016534658561253004,0.004259545367625988,0.004453166473416388,0.006724441369642889,0.012498408545208771,0.03676699915230038
2026-04-21 00:00:00+00:00,76.41100311279297,-0.045287196374536265,0.0004886352399763018,0.0020151727485752044,0.002140516577006745,0.004636875501624446,0.004748559998444109,0.00721204053939502,0.012862964230447846,0.03659364700871651
2026-04-22 00:00:00+00:00,77.89299774169922,0.019209355449914867,0.0020509301554658107,0.0025395653954421132,0.004066102904041014,0.004193031251567413,0.006799110763068073,0.00912937512669052,0.011285862260686142,0.038637953188972465
2026-04-23 00:00:00+00:00,75.46499633789062,-0.03166713696935464,0.000368999336801174,0.0024199294922669853,0.0029085647322432866,0.00456044606927373,0.007056804993891404,0.007361731205659703,0.011410392188344947,0.035599794015569654
2026-04-24 00:00:00+00:00,76.38300323486328,0.012091276590189715,0.0010028075638358672,0.001371806900637042,0.003422737056102852,0.005437909804678056,0.005564838152204427,0.00817129705454699,0.010635813665722043,0.034472518542123194
2026-04-27 00:00:00+00:00,75.00299835205078,-0.018232109909769534,0.0001461989695804698,0.001149006533416338,0.0015180058702175111,0.004057571265659623,0.005709452602690039,0.008317116633285613,0.010780976565078343,0.03459705432548483
2026-04-28 00:00:00+00:00,73.20500183105469,-0.024264341106409404,0.00033240983176191643,0.00047860880134238714,0.0014814163651782535,0.003901345857445238,0.005916518606020414,0.008538221359069686,0.010979790828669948,0.03287062383646325
2026-04-29 00:00:00+00:00,71.56900024414062,-0.022601726928767718,0.0005887582493281892,0.0009211680810901065,0.0010673670506705754,0.0024391739513076167,0.004978739346749701,0.00663220520287503,0.009431905820166144,0.03339412587556874
2026-04-30 00:00:00+00:00,73.53399658203125,0.027085815082478426,0.0005108380601625838,0.0010995963094907737,0.0014320061412526894,0.0025810126746690265,0.005000942166935984,0.007141458743942756,0.009749502165380149,0.03382079330891899
2026-05-01 00:00:00+00:00,75.95099639892578,0.0323405102870673,0.0007336413786822158,0.0012444794388448005,0.0018332376881729888,0.002311846489515375,0.0036836533901523885,0.007749756294193431,0.010482764153220518,0.03369929666076379
2026-05-04 00:00:00+00:00,73.0719985961914,-0.03864311086758665,0.001045908605627906,0.0017795499843101226,0.0022903880444727054,0.003211556125562811,0.0043605626589791205,0.007269127391222435,0.01141736765287058,0.02741906029757846
2026-05-05 00:00:00+00:00,73.10800170898438,0.0004925860370201818,0.0014932900175245935,0.0025391986231525004,0.0032728400018347155,0.004372436311325488,0.004851045112667847,0.008273782168770727,0.01041588326487233,0.028428864686263267
2026-05-06 00:00:00+00:00,76.81099700927734,0.04940999685949343,2.426410038672479e-07,0.001493532658528462,0.0025394412641563664,0.0037839207030011665,0.004705088784091244,0.006223094654308783,0.010414541386781339,0.028408912265299287
2026-05-07 00:00:00+00:00,79.70099639892578,0.036934267458750725,0.0024413477896551507,0.0024415904306590193,0.003934880448183612,0.005714430432493733,0.006814026741984479,0.00829544310716276,0.012730545348004949,0.030839676512203023
2026-05-08 00:00:00+00:00,80.3949966430664,0.008669855854271269,0.0013641401127145328,0.0038054879023696844,0.003805730543373551,0.006344929166526051,0.007589408605370823,0.008656775656041426,0.012568147952120579,0.030303048836259117
2026-05-11 00:00:00+00:00,85.48500061035156,0.061388985654067696,7.516640053384179e-05,0.0014393065132483754,0.0038806543029035255,0.005374186961431986,0.00715373694574208,0.008585743086994798,0.012154679112678118,0.025887903480831215
2026-05-12 00:00:00+00:00,85.12999725341797,-0.004161461462360627,0.003768607559635329,0.0038437739601691716,0.0052079140728837035,0.007649504503542722,0.010188703126695195,0.01202194081486821,0.013872356516847638,0.02891033045749852
2026-05-13 00:00:00+00:00,88.88800048828125,0.0431976881423477,1.731776150271265e-05,0.0037859253211380427,0.003861091721671884,0.007666579624041567,0.00916011228257,0.011450500327042736,0.013520674941549177,0.028803568664264007
2026-05-14 00:00:00+00:00,84.91200256347656,-0.045761699499585085,0.0018660402608435271,0.0018833580223462407,0.005651965581981569,0.007091272095229943,0.009532862525888934,0.012805702527723678,0.014383907638556835,0.02704157679988002
2026-05-15 00:00:00+00:00,77.16100311279297,-0.09572126789731872,0.002094133141090326,0.003960173401933853,0.003977491163436566,0.007821265123605738,0.011626753025975392,0.014166194290131787,0.01633184181006669,0.028891240531827976
2026-05-18 00:00:00+00:00,77.072998046875,-0.0011411890349348752,0.00916256112787026,0.011256694268960586,0.013122734529804113,0.016908659850942157,0.0183479663641905,0.022282846812374142,0.025161993106175035,0.03627641557323946
2026-05-19 00:00:00+00:00,74.8280029296875,-0.02956081370414143,1.302312413455592e-06,0.009163863440283715,0.011257996581374042,0.013141354603720281,0.01698512856388942,0.020790859107263002,0.0245745371692603,0.03627668181542875
2026-05-20 00:00:00+00:00,75.85099792480469,0.013578676625471076,0.0008738417068509558,0.0008751440192644114,0.01003770514713467,0.013997878549068523,0.017783803870206536,0.021664458173110093,0.024937540815948674,0.037016927954109394
2026-05-21 00:00:00+00:00,76.41400146484375,0.007395082363679251,0.00018438045889911456,0.0010582221657500703,0.001059524478163526,0.012316218747124111,0.014199576769470321,0.019407490842354054,0.024388279896165575,0.03506466515517652
2026-05-22 00:00:00+00:00,75.89299774169922,-0.006841520849992122,5.468724316559989e-05,0.00023906770206471445,0.00111290940891567,0.010276772849199384,0.014236946251133208,0.018098037972805122,0.023397058533703267,0.03492611068339354
2026-05-26 00:00:00+00:00,76.30500030517578,0.0054140471641535015,4.6806407540876926e-05,0.00010149365070647682,0.0002858741096055914,0.0011610181288700028,0.01241771239783056,0.018069677979812158,0.02195057492371955,0.034972537700092565
2026-05-27 00:00:00+00:00,74.5989990234375,-0.02261138173895194,2.931190669567857e-05,7.61183142365555e-05,0.0001308055574021554,0.0011890277231522257,0.01035289116343591,0.014330382326872504,0.02197964418941136,0.0348905445008104
2026-05-28 00:00:00+00:00,75.6449966430664,0.01392421061602267,0.0005112745841446093,0.0005405864908402879,0.0005873928983811649,0.0008264606004458793,0.0017016046197102612,0.014824339149514403,0.02004957098390082,0.03290704467943217
2026-05-29 00:00:00+00:00,75.61599731445312,-0.0003834343304225385,0.00019388364127935842,0.0007051582254239678,0.0007344701321196464,0.0008359637828261232,0.0018941859485761639,0.013152182529950233,0.018879314512465644,0.03309934380161667
2026-06-01 00:00:00+00:00,75.00700378417969,-0.008086372523528063,1.4702188574658044e-07,0.000194030663165105,0.0007053052473097143,0.0007814235615462698,0.001020491263610955,0.011058196410745656,0.01880429513381755,0.03297414699507087
2026-06-02 00:00:00+00:00,75.31099700927734,0.004044673797169551,6.538942058926961e-05,6.553644247501619e-05,0.0002594200837543746,0.0008000065745946626,0.0009015002253011099,0.0019610247034646654,0.01510107699477149,0.03151299890706124
2026-06-03 00:00:00+00:00,73.47599792480469,-0.024667372721903114,1.6359386125509957e-05,8.174880671477956e-05,8.189582860052614e-05,0.0007870540540244939,0.0008631723682610199,0.0019760817771767194,0.015100118619394289,0.03104072305321045
2026-06-04 00:00:00+00:00,73.77899932861328,0.004115335127440112,0.0006084792770012898,0.0006248386631267997,0.0006902280837160694,0.0008842587468811744,0.001424845237721433,0.0017107193473270537,0.01384255763555205,0.029598272174745928
2026-06-05 00:00:00+00:00,68.94300079345703,-0.06779404141632206,1.693598321114252e-05,0.0006254152602124323,0.0006417746463379424,0.0007073110888129585,0.0014124693142368967,0.0015432748716390815,0.011765360477672867,0.029246208821155896
2026-06-08 00:00:00+00:00,68.42500305175781,-0.007541788224980195,0.00459603205155799,0.004612968034769133,0.005221447311770423,0.005303196118485202,0.0054972267816502775,0.0060846196800314716,0.007198831401360598,0.03283943330887802
2026-06-09 00:00:00+00:00,65.09400177001953,-0.0499058932666685,5.687856963044992e-05,0.004652910621188441,0.0046698466043995825,0.0052946852675263825,0.005360221710001369,0.006094691842121045,0.007254407658577593,0.032750112908928
2026-06-10 00:00:00+00:00,64.5989990234375,-0.007633490584834313,0.002490598182744108,0.002547476752374558,0.007143508803932549,0.007768924064144981,0.007850672870859731,0.008555978118169475,0.008871164134470744,0.03490830125991019
2026-06-11 00:00:00+00:00,63.8849983215332,-0.011114349905247067,5.827017850875409e-05,0.0025488683612528624,0.002605746930883312,0.0072187149656524445,0.007843553628779214,0.008102973712533618,0.008745053854080384,0.03437781318909075
2026-06-12 00:00:00+00:00,67.85900115966797,0.06034747434521481,0.0001235287738162655,0.00018179895232501957,0.0026723971350691277,0.007325307756257568,0.00795072301646997,0.008032618845070526,0.00881389538473105,0.03399050390274443
2026-06-15 00:00:00+00:00,70.06600189208984,0.032005641870761714,0.00364181765984636,0.0037653464336626255,0.0038236166121713797,0.006371093364545938,0.010984061399315041,0.01167428948303114,0.012408906637036534,0.036898680183908586
2026-06-16 00:00:00+00:00,69.89900207519531,-0.0023863093117411083,0.0010243611115594554,0.004666178771405816,0.004789707545222081,0.007338575906474943,0.011991486527663353,0.012633261174001324,0.013403955841900309,0.036877132689840136
2026-06-17 00:00:00+00:00,70.69599914550781,0.011337609454581177,5.694472131302322e-06,0.0010300555836907576,0.004671873243537118,0.004853672195862138,0.007401148948236666,0.012622596260007118,0.012898375729887002,0.03538953714444684
2026-06-18 00:00:00+00:00,66.25499725341797,-0.06487808986696386,0.0001285413881446085,0.00013423586027591083,0.001158596971835366,0.004923943405497992,0.0074728117667508245,0.012142658371150436,0.012833033476752251,0.035517835891587586
2026-06-22 00:00:00+00:00,65.5270004272461,-0.011048614296811365,0.004209166544785839,0.004337707932930448,0.0043434024050617494,0.009009581176467565,0.009191380128792555,0.016334888932725132,0.017042052999652346,0.03728565464671827
2026-06-23 00:00:00+00:00,62.02000045776367,-0.05500535691186759,0.0001220718778797045,0.0043312384226655435,0.004459779810810152,0.0054898353945009104,0.009255181828163508,0.011860928759046848,0.01709873545694278,0.03604358641188344
2026-06-24 00:00:00+00:00,58.05199813842773,-0.06611779251241412,0.003025589289001939,0.0031476611668816434,0.007356827711667483,0.007491063571943394,0.012157242343349181,0.014829639478418337,0.020107965359819208,0.03899400930035154
2026-06-25 00:00:00+00:00,58.34799957275391,0.005085946360797067,0.004371562486714645,0.007397151775716584,0.007519223653596288,0.011856931586526736,0.012886987170217464,0.016710603782388873,0.023871048569532566,0.03959696422743086
2026-06-26 00:00:00+00:00,59.21699905395508,0.014783571951469732,2.586685038490493e-05,0.00439742933709955,0.007423018626101489,0.011754257048767033,0.011888492909042914,0.016678200454265022,0.023879979436706326,0.03960551331631305
2026-06-29 00:00:00+00:00,58.17499923706055,-0.017752950779263088,0.00021855399964428257,0.0002444208500291875,0.004615983336743832,0.007763644503625476,0.012101352436555895,0.01677322568009304,0.01950250138479262,0.03795802705511381
2026-06-30 00:00:00+00:00,59.47700119018555,0.02213400713529534,0.0003151672613709379,0.0005337212610152205,0.0005595881114001254,0.007956739887116709,0.012287978309782224,0.013446575281617619,0.01976079007653311,0.03617906117539442
2026-07-01 00:00:00+00:00,60.084999084472656,0.010170507916968496,0.000489914271865305,0.000805081533236243,0.0010236355328805255,0.005421064869980076,0.008568726036861688,0.012912128441923468,0.017760106165654304,0.02750641431938946
2026-07-02 00:00:00+00:00,60.64300155639648,0.009244026944755568,0.00010343923128911886,0.000593353503154424,0.0009085207645253618,0.0011529416145545494,0.008550093390271104,0.013009873201081285,0.01780527521843467,0.027608551238265125
2026-07-06 00:00:00+00:00,61.91999816894531,0.020838961639358722,8.545203415536696e-05,0.00018889126544448595,0.0006788055373097908,0.0012125267983250114,0.005609956135424532,0.012966783847092043,0.01776719847877377,0.026820161565569534
2026-07-07 00:00:00+00:00,60.930999755859375,-0.016101127314906094,0.00043426232220666433,0.0005197143563620314,0.0006231535876511502,0.0014282351208873933,0.001672655970916551,0.009191879624512867,0.014559643141134074,0.027070043428877085
2026-07-08 00:00:00+00:00,58.16400146484375,-0.04647544055931441,0.00025924630081081514,0.0006935086230174796,0.0007789606571728465,0.0013723141603272705,0.0019060354213424613,0.009329054047443977,0.013794528330385435,0.0272746024865223
2026-07-09 00:00:00+00:00,60.37799835205078,0.03735814104942836,0.0021599665751823667,0.002419212875993182,0.002853475198199846,0.003042366463644332,0.0038474479968805455,0.008463431333624406,0.015948800433436498,0.02938776265416379
2026-07-10 00:00:00+00:00,59.80899810791016,-0.0094686532163335,0.0013956307026689843,0.0035555972778513515,0.003814843578662166,0.004334557935024198,0.0049279114381785925,0.005487499549578746,0.017215889747960872,0.030754081450137093
2026-07-13 00:00:00+00:00,57.63399887084961,-0.03704346792656743,8.965539373118274e-05,0.001485286096400167,0.003645252671582534,0.004338761294600014,0.004527652560044469,0.005551288092925023,0.013096378596906218,0.030332462259723667
2026-07-14 00:00:00+00:00,58.77199935913086,0.019552888366891175,0.00137221851602663,0.0014618739097578127,0.002857504612426797,0.005276717488419979,0.005796431844781981,0.006704952609307372,0.014346525235053144,0.03151079713447094
2026-07-15 00:00:00+00:00,57.11000061035156,-0.02868629674530343,0.0003823154434881082,0.0017545339595147382,0.001844189353245921,0.005399786631097272,0.006093295254114722,0.006772100791424541,0.011703251389539314,0.03189296555607331
2026-07-16 00:00:00+00:00,55.89799880981445,-0.02145066331047829,0.0008229036209596062,0.0012052190644477143,0.002577437580474344,0.004062723676874511,0.006481936552867664,0.007105090140518843,0.008154592523784273,0.03265047975644364
2026-07-17 00:00:00+00:00,56.03799819946289,0.0025014198539903276,0.00046013095645949944,0.0012830345774191055,0.0016653500209072138,0.0031272239306650265,0.006682821208516348,0.007461781865689223,0.008588856629858869,0.033094251326777624
2026-07-20 00:00:00+00:00,56.80199813842773,0.013541503694221468,6.257101285936992e-06,0.00046638805774543645,0.0012892916787050424,0.003043825638219781,0.0045291117346199184,0.007382586932819793,0.008376559731500522,0.03249202915106228
2026-07-21 00:00:00+00:00,58.834999084472656,0.03516539675315933,0.00018337232230061367,0.00018962942358655065,0.0006497603800460501,0.0018549794444937644,0.0033168533542515476,0.007131696932913743,0.0082447647924302,0.03265846549015174
2026-07-22 00:00:00+00:00,60.01900100708008,0.019924295184853058,0.0012366051288071086,0.0014199774511077224,0.0014262345523936592,0.002709269129812765,0.004463803089327473,0.008109055760910037,0.008991455649372003,0.029299038567400865
2026-07-23 00:00:00+00:00,57.79800033569336,-0.03770701672822874,0.00039697753861315876,0.0016335826674202674,0.001816954989720881,0.0022833430474663175,0.003488562111914002,0.006346066724340829,0.009284993956696042,0.029639137536383572
2026-07-24 00:00:00+00:00,58.65599822998047,0.014735662669433935,0.0014218191105429218,0.0018187966491560806,0.0030554017779631892,0.00324503120154974,0.004528065778968816,0.0063722551322147655,0.010621361033083598,0.028570358464182388
2026-07-27 00:00:00+00:00,58.47200012207031,-0.003141832215257878,0.00021713975430734885,0.0016389588648502706,0.0020359364034634292,0.0034559138545711514,0.003922301912316559,0.006499739492790932,0.010404238465184281,0.02872922803998098
2026-07-28 00:00:00+00:00,57.29600143432617,-0.020317170976067445,9.871109668832225e-06,0.00022701086397618108,0.0016488299745191029,0.0032824126419393703,0.0034720420655258914,0.005137392086433133,0.0101548632740423,0.028615570375833548
2026-07-29 00:00:00+00:00,57.86299896240234,0.009847291273588077,0.00041278743647075734,0.00042265854613958957,0.0006397983004469384,0.002458594949603019,0.0038785724007107114,0.005167864079415783,0.008407684135330688,0.025386540152457945
2026-07-30 00:00:00+00:00,58.81499862670898,0.016318771499788554,9.696914542688389e-05,0.0005097565818976413,0.0005196276915664734,0.0021585865564167444,0.003792169223836982,0.004441929603883061,0.007109022578088589,0.024459148186325375
2026-07-31 00:00:00+00:00,57.59099960327149,-0.021030602458252723,0.00026630230326231115,0.00036327144868919504,0.0007760588851599523,0.0010030697491361334,0.0028218663982921845,0.004248100950685873,0.007285669487619717,0.024719756017456383
2026-08-03 00:00:00+00:00,57.66699981689453,0.001318784379744642,0.00044228623975706545,0.0007085885430193767,0.0008055576884462604,0.00122821623458585,0.0028671750994360913,0.004684130089157001,0.006355737211350152,0.02503350086906884
2026-08-04 00:00:00+00:00,60.055999755859375,0.04059237322092191,1.7391922402584598e-06,0.0004440254319973239,0.000710327735259635,0.0012200843171572763,0.001447095181133428,0.004502496959096645,0.0059751609601023025,0.02082607351652326
2026-08-05 00:00:00+00:00,62.0989990234375,0.033452413818813476,0.0016477407637066179,0.0016494799559468763,0.002091766195703942,0.002455037644393137,0.002877696190532697,0.0049136325939961555,0.006799998102849314,0.02235174240235017
2026-08-06 00:00:00+00:00,61.43899917602539,-0.010685070770268368,0.0011190639903051428,0.0027668047540117605,0.0027685439462520195,0.003477132489271396,0.003986889071169008,0.005635719045688139,0.0074589311366949585,0.020445217103653376
2026-08-07 00:00:00+00:00,63.33200073242188,0.03034594294995685,0.00011417073736564345,0.0012332347276707862,0.002880975491377404,0.003325000923374728,0.003688272372063894,0.004328070672510861,0.007566844772774665,0.016187825354304377
2026-08-10 00:00:00+00:00,65.10600280761719,0.027626011785923055,0.0009208762535220359,0.0010350469908876794,0.002154110981192822,0.0038035909371396982,0.004512179480159046,0.005031807171725548,0.008304348703996087,0.017082834757441507
2026-08-11 00:00:00+00:00,64.76899719238281,-0.005189703509000054,0.0007631965271959596,0.0016840727807179955,0.001798243518083639,0.0045650482720953995,0.005009073704092694,0.005785132589252675,0.007830940102384937,0.017627477284993184
2026-08-12 00:00:00+00:00,65.55500030517578,0.01206243912571825,2.6933022511327476e-05,0.000790129549707287,0.0017110058032293231,0.0029442405309001093,0.004593720486846957,0.005399278175293245,0.007460895586283106,0.017339243046133573
2026-08-13 00:00:00+00:00,64.87300109863281,-0.010457960177030046,0.00014550243766165845,0.00017243546017298592,0.0009356319873689455,0.001970678978256625,0.004737483732268356,0.00544781146752802,0.006184578913401843,0.016994831211929927
2026-08-14 00:00:00+00:00,64.98799896240234,0.0017710920719169465,0.00010936893106434631,0.00025487136872600475,0.0002818043912373322,0.001965877171955328,0.0031991118996260843,0.005290878095330055,0.00607680809015884,0.017000760911705153
2026-08-17 00:00:00+00:00,66.12100219726562,0.01728380858485945,3.1367671272070623e-06,0.00011250569819155337,0.0002580081358532118,0.001048137685560499,0.002083184676448149,0.0048517286227001966,0.006070073747617215,0.016918445644676993
2026-08-18 00:00:00+00:00,63.94100189208984,-0.03352561732361181,0.00029873003919806123,0.0003018668063252683,0.00041123573738961457,0.0005836711975626005,0.0022677439782805664,0.0051487194696579995,0.005956016350344519,0.01678291336166839
2026-08-19 00:00:00+00:00,65.73400115966797,0.027655500315891146,0.0011239670169292603,0.0014226970561273217,0.0014258338232545286,0.0016807051919805333,0.002470834741687791,0.004624945722880642,0.006983014221846896,0.017647634077786835
2026-08-20 00:00:00+00:00,68.0260009765625,0.0342736863160944,0.0007648266977222553,0.0018887937146515156,0.0021875237538495768,0.0023000294520411305,0.002472464912214087,0.004270708430297755,0.00748153861630684,0.016252494200326723
2026-08-21 00:00:00+00:00,69.46600341796875,0.02094747404479591,0.0011746855736940365,0.0019395122714162916,0.0030634792883455523,0.0033653460946708206,0.0036202174633967956,0.005331223266626148,0.008213937950243812,0.016031549071351778
2026-08-24 00:00:00+00:00,68.54100036621094,-0.01340536173614204,0.00043879666885739837,0.0016134822425514345,0.00237830894027369,0.0038010059964010117,0.003913511694592536,0.00484914368196151,0.008650995426860951,0.016380690346477992
2026-08-25 00:00:00+00:00,68.63600158691406,0.0013850898406966294,0.00017970372327682114,0.0006185003921342193,0.001793185965828256,0.0036819796804797716,0.0039838464868050105,0.004265650878042372,0.007182958386431154,0.015188175553728183
2026-08-26 00:00:00+00:00,67.98999786376953,-0.009456597425505642,1.9184738668010143e-06,0.00018162219714362195,0.0006204188660010205,0.0025599311374173124,0.003982628193544604,0.004240636329397845,0.006065812869992812,0.014807778584106876
2026-08-27 00:00:00+00:00,69.42900085449219,0.020944055854466015,8.942723486807994e-05,9.134570873488073e-05,0.0002710494320117021,0.001884531674563137,0.003773325389214623,0.004184561126604266,0.006041069367495248,0.01407430219801535
2026-08-28 00:00:00+00:00,66.99500274658203,-0.03568662923566812,0.00043865347563499217,0.0005280807105030718,0.0005299991843698731,0.0011484995765040926,0.003088011847920355,0.0045138456711749115,0.005558846589608205,0.014052824717190842
2026-08-31 00:00:00+00:00,66.22100067138672,-0.011620387415844036,0.0012735355062040428,0.0017121889818390347,0.0018016162167071147,0.001983238413850737,0.0035967206564021426,0.0057842444102517475,0.006069185568616287,0.015320103122108948
2026-09-01 00:00:00+00:00,64.61799621582031,-0.024504692136704698,0.00013503340369430642,0.001408568909898349,0.0018472223855333413,0.0019385680942682225,0.0025570684864024123,0.005620547774747993,0.006177285949799267,0.015271764203502642
2026-09-02 00:00:00+00:00,64.7229995727539,0.0016236674128222717,0.0006004799367146771,0.0007355133404089833,0.002009048846613026,0.0025371295571160984,0.0027187517542596913,0.0050970606945334096,0.006632263448852285,0.014635639011410208
2026-09-03 00:00:00+00:00,66.9729995727539,0.03417292811898953,2.6362958674609693e-06,0.0006031162325821378,0.0007381496362764442,0.0024503386181154796,0.002541684326850331,0.004334870292678615,0.006525530813655401,0.01424129776866451
2026-09-04 00:00:00+00:00,66.0469970703125,-0.0139229812737236,0.0011677890162256255,0.0011704253120930863,0.0017709052488077632,0.003179474158706113,0.0037075548692091552,0.004327973735210204,0.007690183062753819,0.013987267674347215
2026-09-08 00:00:00+00:00,66.2969970703125,0.0037780376659979353,0.00019384940754845804,0.0013616384237740832,0.0013642747196415442,0.0020997880600505284,0.0038119770418895333,0.004083026473901265,0.007585302431104216,0.013963977327588323
2026-09-09 00:00:00+00:00,67.94200134277344,0.02450981669293384,1.4273568605699126e-05,0.00020812297615415673,0.0013759119923797824,0.001979028224961921,0.0033875971348602406,0.003917596319230142,0.006475608982780654,0.013968379786525192
2026-09-10 00:00:00+00:00,64.28399658203125,-0.055343706284861405,0.0006007311143212183,0.000615004682926917,0.0008088540904753753,0.001979279402568462,0.002714792742977416,0.00451640895968456,0.006311513399379617,0.014156323464375653
2026-09-11 00:00:00+00:00,64.55400085449219,0.004191382559684875,0.003062925825345008,0.0036636569396662254,0.003677930508271925,0.005039568932046009,0.005642685164628117,0.007489907550161487,0.008199753651030588,0.017122280144293775
2026-09-14 00:00:00+00:00,63.51300048828125,-0.016257479033878752,1.7567687761630538e-05,0.0030804935131066376,0.0036812246274278565,0.003889347603582014,0.00505977291567507,0.007068821762288125,0.0077785246699348205,0.016873545528793096
2026-09-15 00:00:00+00:00,63.23600006103516,-0.004370856843669557,0.00026430562453700723,0.0002818733122986369,0.003344799137643645,0.003959803820570563,0.005321442244344617,0.00605959188062109,0.007863126571195008,0.016695564913573036
2026-09-16 00:00:00+00:00,64.28800201416016,0.016499259763651963,1.9104389547853005e-05,0.00028341001408485936,0.00030097770184649034,0.003964634641512717,0.004172757617666844,0.0059436628664746366,0.007880312486876059,0.016712930110880632
2026-09-17 00:00:00+00:00,65.47000122070312,0.018219021135438496,0.00027222557274846467,0.0002913299622963168,0.0005556355868333244,0.003636129099939963,0.004251133782866851,0.005615408502508424,0.008063110824756444,0.015337414919922479
2026-09-18 00:00:00+00:00,66.55599975585938,0.01645165378683444,0.00033193273113355464,0.0006041583038820184,0.0006232626934298719,0.0009051360057285101,0.004568792945394707,0.005944704937774518,0.007956390080255006,0.01455028366075089
2026-09-21 00:00:00+00:00,65.82499694824219,-0.011044035864373747,0.00027065691232186403,0.0006025896434554178,0.0008748152162038828,0.0011582252302887435,0.004238718743395352,0.005047572833870756,0.0069535114863728265,0.014706769835707111
2026-09-22 00:00:00+00:00,66.12000274658203,0.004471655471486535,0.00012197072817357358,0.00039262764049543674,0.0007245603716289919,0.00101589033392531,0.001297763646223918,0.004975694154495872,0.006940448810852095,0.01390786431035865
