datetime,close,log_return,RV_1d,RV_2d,RV_3d,RV_5d,RV_7d,RV_10d,RV_14d,RV_30d
2021-09-22 00:00:00+00:00,0.9235000014305116,,,,,,,,,
2021-09-23 00:00:00+00:00,0.9262999892234802,0.0030273434377349334,,,,,,,,
2021-09-24 00:00:00+00:00,0.9244999885559082,-0.001945106177543357,9.164808289996765e-06,,,,,,,
2021-09-27 00:00:00+00:00,0.9244700074195862,-3.2430095014968074e-05,3.7834380419173294e-06,1.2948246331914094e-05,,,,,,
2021-09-28 00:00:00+00:00,0.9255890250205994,0.0012097103042180563,1.0517110626798572e-09,3.784489752980009e-06,1.2949298042976774e-05,,,,,
2021-09-29 00:00:00+00:00,0.9291599988937378,0.0038506323383276087,1.4633990201313423e-06,1.4644507311940222e-06,5.247888773111352e-06,,,,,
2021-09-30 00:00:00+00:00,0.934249997138977,0.005463114307191375,1.4827369404974346e-05,1.629076842510569e-05,1.629182013616837e-05,2.9240066468082463e-05,,,,
2021-10-01 00:00:00+00:00,0.932479977607727,-0.0018963857501105713,2.9845617933439094e-05,4.467298733841344e-05,4.613638635854479e-05,4.9920876111524796e-05,,,,
2021-10-04 00:00:00+00:00,0.9295700192451476,-0.003125545217855477,3.596278913222434e-06,3.344189684666153e-05,4.826926625163587e-05,4.97337169828299e-05,6.268196331474399e-05,,,
2021-10-05 00:00:00+00:00,0.9249600172042848,-0.00497162240105628,9.769032908859242e-06,1.3365311822081676e-05,4.321092975552077e-05,5.950169818062646e-05,6.328618793360647e-05,,,
2021-10-06 00:00:00+00:00,0.9283999800682068,0.0037121409971132696,2.4717029298684614e-05,3.448606220754385e-05,3.80823411207663e-05,8.275532845917973e-05,8.421977919037375e-05,,,
2021-10-07 00:00:00+00:00,0.9276999831199646,-0.0007542664676600253,1.37799907824491e-05,3.849702008113372e-05,4.826605298999296e-05,8.170794983665449e-05,9.799871826176017e-05,0.00011094801630473695,,
2021-10-08 00:00:00+00:00,0.9283999800682068,0.0007542664676600253,5.689179042363319e-07,1.4348908686685432e-05,3.906593798537005e-05,5.243124980745172e-05,9.710423714586516e-05,0.00010235212591897651,,
2021-10-11 00:00:00+00:00,0.9278500080108644,-0.0005925625071698526,5.689179042363319e-07,1.1378358084726639e-06,1.4917826590921767e-05,4.940388879846562e-05,8.284578564512716e-05,9.913760578129552e-05,,
2021-10-12 00:00:00+00:00,0.9275500178337096,-0.0003233698130755691,3.5113032490342163e-07,9.200482291397536e-07,1.488966133376089e-06,3.9985986214509794e-05,5.335129803659147e-05,9.948768439513626e-05,,
2021-10-13 00:00:00+00:00,0.9304599761962892,0.003132341323457896,1.0456803600852851e-07,4.5569836091195015e-07,1.0246162651482855e-06,1.5373524951833715e-05,4.985958715937757e-05,9.812885341101344e-05,0.00011254155047412156,
2021-10-14 00:00:00+00:00,0.923799991607666,-0.007183473022596573,9.811562166641964e-06,9.916130202650493e-06,1.0267260527553918e-05,1.1405096336026579e-05,4.990211641716029e-05,9.311304617268106e-05,0.00011318830435076676,
2021-10-15 00:00:00+00:00,0.9243699908256532,0.0006168255533608308,5.160228466637275e-05,6.141384683301471e-05,6.151841486902324e-05,6.2438463098163e-05,7.678737178484843e-05,0.00011486971290561471,0.0001610071509752222,
2021-10-18 00:00:00+00:00,0.9235299825668336,-0.0009091491192963902,3.804737632788951e-07,5.198275842965164e-05,6.179432059629361e-05,6.225001895720557e-05,6.338785476567822e-05,0.00011165390775567118,0.00016138657302743837,
2021-10-19 00:00:00+00:00,0.9232779741287231,-0.00027291244740522413,8.26552121117402e-07,1.207025884396297e-06,5.280931055076905e-05,6.272544075341954e-05,6.36454889825593e-05,0.00010271142696792934,0.00016074972612842444,
2021-10-20 00:00:00+00:00,0.9229999780654908,-0.00030114216009870243,7.448120394870923e-08,9.010333250661111e-07,1.281507088345013e-06,6.269535392135972e-05,6.315105228227167e-05,7.806887887319343e-05,0.00014599683792739882,
2021-10-21 00:00:00+00:00,0.9187999963760376,-0.00456074386777762,9.068660058891252e-08,1.6516780453762176e-07,9.917199256550304e-07,5.2974478355306664e-05,6.289060855795716e-05,6.437957469133325e-05,0.00011624190659454863,
2021-10-22 00:00:00+00:00,0.9181100130081176,-0.0007512435523193417,2.0800384627471163e-05,2.0891071228060075e-05,2.0965552432008792e-05,2.2172578316405083e-05,8.358642514941979e-05,8.461104141456807e-05,0.00013344601230879736,
2021-10-25 00:00:00+00:00,0.9165530204772948,-0.0016973066728807606,5.643668749013835e-07,2.1364751502372546e-05,2.1455438102961465e-05,2.235647142802757e-05,7.433922985767922e-05,8.460649038523312e-05,0.00012424134627483948,
2021-10-26 00:00:00+00:00,0.9198899865150452,0.003634166372382952,2.8808499418055574e-06,3.445216816706941e-06,2.424560144417811e-05,2.4410769248715726e-05,2.5617795133112024e-05,8.713621000213526e-05,0.00010240516691796046,
2021-10-27 00:00:00+00:00,0.9196000099182128,-0.0003152793435100415,1.3207165222159065e-05,1.6088015163964623e-05,1.6652382038866013e-05,3.7543453266926084e-05,3.844448659199219e-05,0.0001002388071882858,0.00010183234135767041,
2021-10-28 00:00:00+00:00,0.9179999828338624,-0.0017414317533877566,9.940106444412275e-08,1.3306566286603187e-05,1.6187416228408754e-05,3.755216773078129e-05,3.7717335535318915e-05,9.052664608608796e-05,0.0001013628245178782,
2021-10-29 00:00:00+00:00,0.9115399718284608,-0.007061925962399046,3.0325845517071564e-06,3.131985616151279e-06,1.6339150838310352e-05,1.9784367655017286e-05,4.067543888307736e-05,4.1956945971422366e-05,0.00010382649116534903,
2021-11-01 00:00:00+00:00,0.9161400198936462,0.005033767179515661,4.9870798298405694e-05,5.290338285011285e-05,5.3002783914556984e-05,6.909079907852159e-05,9.045555058089414e-05,9.144727050654916e-05,0.0001533461591388513,
2021-11-02 00:00:00+00:00,0.9093400239944458,-0.007450125104782823,2.533881201756905e-05,7.520961031597475e-05,7.82421948676819e-05,9.154876115428508e-05,9.499397797099203e-05,0.00011595953040300082,0.0001785804031204118,
2021-11-03 00:00:00+00:00,0.9146000146865844,0.005767739248558612,5.550436407691527e-05,8.084317609448433e-05,0.00013071397439289002,0.0001338459600090413,0.00014993397517300592,0.00017138941327596736,0.00022427320503068512,
2021-11-04 00:00:00+00:00,0.9113100171089172,-0.003603683731233931,3.3266816039363466e-05,8.877118011627874e-05,0.0001141099921338478,0.00016701337498396064,0.00018031994127056384,0.0002045655427147419,0.00020593773640367584,0.00037989313371081213
2021-11-05 00:00:00+00:00,0.9126799702644348,0.0015021501462225834,1.2986536434760106e-05,4.625335247412357e-05,0.00010175771655103885,0.00017696732686701361,0.00018009931248316486,0.0001967516945220309,0.00021854379907515706,0.00038371486185557547
2021-11-08 00:00:00+00:00,0.9119700193405152,-0.0007781776930268075,2.2564550617965284e-06,1.5242991496556635e-05,4.850980753592011e-05,0.00012935298363040443,0.00018225636648051726,0.00019844378270892602,0.00021997370201583619,0.00038218787887545465
2021-11-09 00:00:00+00:00,0.9132800102233888,0.0014354100387136137,6.055605219245243e-07,2.8620155837210526e-06,1.5848552018481166e-05,0.0001046197321347599,0.00017982934245073463,0.00019616849328904498,0.000220504781333812,0.0003827923876863165
2021-11-10 00:00:00+00:00,0.910700023174286,-0.002828966022115312,2.060401979239818e-06,2.6659625011643424e-06,4.922417562960877e-06,5.117577003708444e-05,0.00013201894613156878,0.00018502173004612574,0.0002224744967124629,0.00038338939064542496
2021-11-11 00:00:00+00:00,0.9178199768066406,0.007787707672729904,8.00304875428293e-06,1.0063450733522749e-05,1.0669011255447279e-05,2.5912002752003905e-05,0.00011468318286828264,0.00019292537773596456,0.00020967716083927467,0.0003765650699947335
2021-11-12 00:00:00+00:00,0.921209990978241,0.0036867458070469067,6.0648390795896226e-05,6.865143955017916e-05,7.071184152941898e-05,7.357385711314002e-05,0.00011982720958726359,0.0002505411839801536,0.0002697611847602695,0.0004073678428571907
2021-11-15 00:00:00+00:00,0.9211000204086304,-0.00011938334923167204,1.3592094645777948e-05,7.424048544167417e-05,8.224353419595711e-05,8.490949669712144e-05,0.00010015248819367807,0.00021426248032752586,0.00028047242946424193,0.00041736365858974624
2021-11-16 00:00:00+00:00,0.92535001039505,0.004603425406406944,1.425238407377137e-08,1.3606347029851719e-05,7.425473782574795e-05,8.43181885592707e-05,8.718020414299175e-05,0.0001889379206940306,0.0002672795166261566,0.00040760887806496075
2021-11-17 00:00:00+00:00,0.9303100109100342,0.005345820107333726,2.1191525472352938e-05,2.120577785642671e-05,3.479787250220467e-05,0.00010344931205238382,0.00010611527455354816,0.00015462508208946826,0.0002883716410340654,0.00040408337423862903
2021-11-18 00:00:00+00:00,0.928529977798462,-0.001915209126644113,2.8577792619973573e-05,4.976931809232651e-05,4.9783570476400285e-05,0.00012402405591807446,0.00013408750665159721,0.00014993605867007838,0.0003139168491023318,0.0004188811760761535
2021-11-19 00:00:00+00:00,0.925599992275238,-0.0031604990043020836,3.668025998780906e-06,3.2245818618754476e-05,5.343734409110742e-05,6.704369112095914e-05,0.0001356951306711383,0.00014061754823409915,0.0002677140768027071,0.0004219802841706981
2021-11-22 00:00:00+00:00,0.9293000102043152,0.003989458010154309,9.988753956194462e-06,1.3656779954975367e-05,4.223457257494895e-05,6.344035043137565e-05,0.0001376808358730498,0.00014834984712849708,0.00025236401874133247,0.00043140012022265624
2021-11-23 00:00:00+00:00,0.9322999715805054,0.003222995275499213,1.591577521478438e-05,2.590452917097884e-05,2.9572555169759754e-05,7.934187326208626e-05,9.294822029193796e-05,0.00016366006182135694,0.00021277542987920158,0.0004469647651125372
2021-11-24 00:00:00+00:00,0.9333900213241576,0.0011685219643469275,1.0387698545890248e-05,2.6303473760674627e-05,3.6292227716869095e-05,6.853804633562356e-05,8.974382419205029e-05,0.0001719873583880074,0.00018989631238572834,0.00045724789562241893
2021-11-25 00:00:00+00:00,0.9337999820709229,0.000439120552924388,1.365443581161202e-06,1.175314212705145e-05,2.7668917341835835e-05,4.1325697296811195e-05,9.10950153891377e-05,0.00016534975321488564,0.00017827521953212944,0.00044880177703693813
2021-11-26 00:00:00+00:00,0.9352800250053406,0.0015837130975254604,1.9282686000062024e-07,1.558270441161822e-06,1.1945968987052077e-05,3.785049815803091e-05,7.009631677678539e-05,0.00010489418927899004,0.00017621159133033353,0.0003973923192305661
2021-11-29 00:00:00+00:00,0.9243199825286864,-0.011787663303083215,2.5081471752736885e-06,2.7009740352743087e-06,4.066417616435517e-06,3.0369891377110138e-05,4.4026671332085505e-05,9.381024180848579e-05,0.00017811417798368272,0.00039951999264256085
2021-11-30 00:00:00+00:00,0.9228699803352356,-0.0015699549265936058,0.0001389490061468547,0.0001414571533221284,0.00014164998018212902,0.00015340312230918045,0.00017930765148015928,0.0002327449955712667,0.0003150027821512976,0.0005376424466682981
2021-12-01 00:00:00+00:00,0.9194999933242798,-0.003658321420347263,2.4647584715355344e-06,0.00014141376461839023,0.00014392191179366393,0.00014548018223482575,0.00017178365599550036,0.0002140182285704493,0.00030946449186855025,0.000540032723935885
2021-12-02 00:00:00+00:00,0.9205999970436096,0.0011955913875552338,1.3383315614571616e-05,1.584807408610715e-05,0.00015479708023296188,0.00015749805426823615,0.0001692511963952876,0.00019882375156504736,0.0002621994166872256,0.0005533253529498676
2021-12-03 00:00:00+00:00,0.9197999835014344,-0.0008693910030671548,1.4294387659962492e-06,1.4812754380567865e-05,1.7277512852103427e-05,0.00015873466617423177,0.0001602929366153936,0.0001965851643322627,0.0002500367608074439,0.0005339544070883928
2021-12-06 00:00:00+00:00,0.9184899926185608,-0.0014252279255577843,7.558407162141135e-07,2.1852794822103627e-06,1.5568595096782007e-05,0.0001569823597151722,0.0001596833337504465,0.00018735225109228233,0.0002507783491395842,0.0005341458809297055
2021-12-07 00:00:00+00:00,0.9254999756813048,0.007603096494131281,2.031274639789745e-06,2.7871153560038584e-06,4.2165541220001345e-06,2.0064628208107258e-05,0.00016152178153023563,0.0001734677505172877,0.00023161809830702103,0.0005332963056276897
2021-12-08 00:00:00+00:00,0.9243999719619752,-0.0011892576681011152,5.780707629907138e-05,5.983835093886113e-05,6.059419165507527e-05,7.540694603564311e-05,0.00021682071065403334,0.00022088712827046886,0.0002608473819861189,0.000577896216704602
2021-12-09 00:00:00+00:00,0.9200000166893004,-0.00477115988554308,1.4143338011373024e-06,5.922141010020868e-05,6.125268473999846e-05,6.343796422220879e-05,7.928603830831595e-05,0.00022093601849044493,0.00025859368978847525,0.0005792111494412952
2021-12-10 00:00:00+00:00,0.9237899780273438,0.004111061115084566,2.276396665341546e-05,2.4178300454552762e-05,8.198537675362417e-05,8.4772492109628e-05,9.958524649019587e-05,0.0002435071582838598,0.0002713689024856963,0.0005989425315430035
2021-12-13 00:00:00+00:00,0.9210699796676636,-0.0029487336631780076,1.6900823491960356e-05,3.966479014537582e-05,4.107912394651314e-05,0.00010091747488537425,0.00010310275436758461,0.00025789983460054646,0.0002723539507628722,0.0005659725567365581
2021-12-14 00:00:00+00:00,0.9223799705505372,0.0014212385893361268,8.695030216359192e-06,2.5595853708319547e-05,4.835982036173503e-05,0.00010758123046194369,0.00011036834581794756,0.00012764585867005096,0.0002706612824333412,0.0005493287749353483
2021-12-15 00:00:00+00:00,0.9240000247955322,0.0017548442518029311,2.0199191278181436e-06,1.0714949344177336e-05,2.7615772836137712e-05,5.179407329069045e-05,0.00011163242422955158,0.00012720101932633357,0.0002713157579799981,0.0004958443299862512
2021-12-16 00:00:00+00:00,0.9244400262832642,0.0004760787300466668,3.0794783480857893e-06,5.0993974759039325e-06,1.3794427692263145e-05,5.345921783763894e-05,0.00011268062793784763,0.00011689718205984774,0.0002742024094680833,0.00046565699229497346
2021-12-17 00:00:00+00:00,0.918839991092682,-0.006076181987780094,2.2665095720284704e-07,3.3061293052886365e-06,5.3260484331068e-06,3.092190214142633e-05,5.5100202595979094e-05,0.00011569439425105434,0.00027192091325001244,0.0004528971068174162
2021-12-20 00:00:00+00:00,0.9232900142669678,0.004831398237392037,3.691998754862325e-05,3.71466385058261e-05,4.0226116853911907e-05,5.0941066198089225e-05,9.060585634346504e-05,0.00015185854108346348,0.000169891894651781,0.0004875606393042429
2021-12-21 00:00:00+00:00,0.921720027923584,-0.0017018733626604915,2.3342408928274883e-05,6.026239647689813e-05,6.0489047434101e-05,6.558844491000491e-05,9.118429861832447e-05,0.00017316967537194861,0.00019076954510852034,0.0005102974877105933
2021-12-22 00:00:00+00:00,0.9230200052261353,0.0014093883087890613,2.8963729425333286e-06,2.623878187080821e-05,6.315876941943148e-05,6.64648987247201e-05,7.717984806889743e-05,0.00011825897201541056,0.00018028260243648205,0.0005111334586738867
2021-12-23 00:00:00+00:00,0.919439971446991,-0.0038861503967421163,1.9863754049512903e-06,4.882748347484619e-06,2.8225157275759522e-05,6.537179578158561e-05,7.047119325748953e-05,0.00011883101361922454,0.0001808395390754371,0.0005051167853245552
2021-12-24 00:00:00+00:00,0.9186000227928162,-0.000913961301469271,1.5102164906098908e-05,1.7088540311050197e-05,1.9984913253583546e-05,8.024730973048167e-05,8.35534390357703e-05,0.000111169211871908,0.0001951858632653219,0.0004595705594347578
2021-12-27 00:00:00+00:00,0.9187809824943542,0.00019697569704101026,8.353252605834037e-07,1.5937490166682312e-05,1.7923865571633622e-05,4.416264744244182e-05,8.130928594826792e-05,9.510371364053104e-05,0.00019398991388611554,0.00044681379004956327
2021-12-28 00:00:00+00:00,0.9171599745750428,-0.0017658610798973046,3.879942522479186e-08,8.741246858081955e-07,1.5976289591907123e-05,2.085903793939172e-05,8.112143441628986e-05,8.644748284939664e-05,0.00013622163701226895,0.0004468383370907143
2021-12-29 00:00:00+00:00,0.9168999791145324,-0.0002835190438884444,3.118265353496075e-06,3.1570647787208667e-06,3.992390039304291e-06,2.108093035035447e-05,4.731971222116268e-05,8.754582907507457e-05,0.00013792556856462773,0.0004287650769718575
2021-12-30 00:00:00+00:00,0.9136000275611876,-0.0036055232080863947,8.038304824741766e-08,3.1986484017434924e-06,3.2374478269683045e-06,1.9174937993650596e-05,2.4057686341135215e-05,8.45467337752362e-05,0.00011524198495945969,0.0004002676674001313
2021-12-31 00:00:00+00:00,0.913699984550476,0.00010940402640562119,1.2999797604049607e-05,1.3080180652297024e-05,1.619844600579312e-05,1.7072570691601295e-05,3.4161111002651495e-05,9.731988042208296e-05,0.00011134095907154893,0.0004095994390054
2022-01-03 00:00:00+00:00,0.9119750261306764,-0.0018896670250770076,1.1969240993761859e-08,1.3011766845043369e-05,1.3092149893290808e-05,1.6249214672011653e-05,3.218670483869397e-05,6.041186211445347e-05,0.0001026578980961835,0.00039962265429019925
2022-01-04 00:00:00+00:00,0.9183300137519836,0.006944212052494625,3.570841465663388e-06,3.5828107066571497e-06,1.6582608310706777e-05,1.9781256712450247e-05,2.0655381398258446e-05,4.064029465184197e-05,0.00010420882043402874,0.0003872777205410783
2022-01-05 00:00:00+00:00,0.9162099957466124,-0.0023112267250808977,4.822208103001161e-05,5.1792922495675e-05,5.180489173666878e-05,6.488507238896579e-05,6.804213716768666e-05,8.596600273932026e-05,0.00014935142311595456,0.00042511210302519965
2022-01-06 00:00:00+00:00,0.917389988899231,0.0012870782345055232,5.341768974728171e-06,5.356385000473979e-05,5.713469147040319e-05,7.014645831544654e-05,7.334510671719004e-05,8.932139630909715e-05,0.0001544665411334799,0.00042908842841876666
2022-01-07 00:00:00+00:00,0.9214000105857848,0.004361594357953497,1.6565703817378544e-06,6.998339356466025e-06,5.522042038647766e-05,5.880323109313479e-05,7.188341174543182e-05,7.587580178473609e-05,0.0001192031239665945,0.00043055217194050383
2022-01-10 00:00:00+00:00,0.918839991092682,-0.002782268771679447,1.9023505343331773e-05,2.0680075725069626e-05,2.602184469979782e-05,7.78147671954728e-05,9.082653404051617e-05,9.406398186748445e-05,0.00011488422038165138,0.00044706753010856197
2022-01-11 00:00:00+00:00,0.9272000193595886,0.009057317686225128,7.741019517862659e-06,2.6764524861194427e-05,2.8421095242932306e-05,8.198494524767207e-05,8.556775595432922e-05,0.00010176620196012232,0.00011972886695698072,0.00031585954347956993
2022-01-12 00:00:00+00:00,0.9235000014305116,-0.003998511716861511,8.20350036692065e-05,8.977602318706914e-05,0.00010879952853040095,0.00011579786788686695,0.00016759079038254195,0.00018068294027583272,0.00019977749522123592,0.00039542978867724085
2022-01-13 00:00:00+00:00,0.914139986038208,-0.010187083870544789,1.5988095949878786e-05,9.802309961908529e-05,0.00010576411913694796,0.00012644419486201758,0.00018000804486675734,0.00019659065317746412,0.00020066342626501578,0.00039803456901254804
2022-01-14 00:00:00+00:00,0.9110400080680848,-0.003396904372181847,0.0001037766777855138,0.00011976477373539258,0.0002017997774045991,0.0002285643022657935,0.00023556264162225953,0.0002873675333589283,0.00030360477878994623,0.0005003818080320656
2022-01-17 00:00:00+00:00,0.9144920110702516,0.003781919002734932,1.1538959313748148e-05,0.00011531563709926194,0.00013130373304914077,0.00022107975623620989,0.00024175983196127952,0.0002988945234316827,0.00031510493867846956,0.0005111649266295996
2022-01-18 00:00:00+00:00,0.9139099717140198,-0.0006366645643272328,1.4302911343247583e-05,2.584187065699573e-05,0.00012961854844250955,0.0002276416480615948,0.00025440617292278925,0.00030962659330926686,0.000326289584668221,0.0005234365633330575
2022-01-19 00:00:00+00:00,0.917069971561432,0.0034517068266576023,4.053417674699852e-07,1.4708253110717568e-05,2.624721242446574e-05,0.00014601198615985832,0.00023578800934692743,0.00026180985404672527,0.00032661454338744363,0.00046603482880145606
2022-01-20 00:00:00+00:00,0.9156000018119812,-0.0016041841532229983,1.1914280017194695e-05,1.231962178466468e-05,2.662253312791229e-05,0.00014193817022717424,0.00023996126984625948,0.00026838236508919174,0.00032552902580058874,0.00047653477501751346
2022-01-21 00:00:00+00:00,0.9168400168418884,0.0013534033382398697,2.573406797451788e-06,1.4487686814646484e-05,1.4893028582116496e-05,4.073489923911221e-05,0.00016049967297450477,0.0002692992015049057,0.00032809046335704675,0.0004563442151615498
2022-01-24 00:00:00+00:00,0.9126399755477904,-0.004591521842671073,1.8317005959588232e-06,4.4051073934106115e-06,1.6319387410605333e-05,3.102764052132289e-05,0.00014634327762058484,0.00025210739675753276,0.0003263513224873422,0.00044127509226554826
2022-01-25 00:00:00+00:00,0.9140899777412416,0.0015875389740828416,2.1082072831725567e-05,2.291377342768439e-05,2.5487180225136205e-05,3.780680200980087e-05,6.364867266679658e-05,0.0002654484500713956,0.00029921131428905617,0.00045366213488091467
2022-01-26 00:00:00+00:00,0.9177460074424744,0.003991661464460575,2.5202799942320014e-06,2.360235282595757e-05,2.543405342191642e-05,3.992174023656289e-05,5.4629993347280443e-05,0.00018593372639642117,0.00029638982530856,0.00045416249574732853
2022-01-27 00:00:00+00:00,0.9239490032196044,0.006736206806279232,1.593336124685954e-05,1.845364124109154e-05,3.953571407281713e-05,4.394082146622774e-05,5.6260443250892404e-05,0.00018587899169340193,0.00031066661617368165,0.0004670163786461022
2022-01-28 00:00:00+00:00,0.930869996547699,0.007462750219436723,4.537648213696266e-05,6.13098433838222e-05,6.383012337805422e-05,8.67438968057386e-05,0.00010123158362038509,0.0001274787960448508,0.00033701959296731255,0.0005121662098258621
2022-01-31 00:00:00+00:00,0.9311299920082092,0.00027926473018038966,5.569264083770286e-05,0.00010106912297466552,0.00011700248422152508,0.00014060483704748263,0.00014500994444089323,0.0001716324775688055,0.0003849712142871527,0.0005309388631149417
2022-02-01 00:00:00+00:00,0.927079975605011,-0.004359058326861953,7.798878952272584e-08,5.5770629627225584e-05,0.00010114711176418826,0.0001196007530052798,0.00014251452643296417,0.00015740755501508064,0.00030301419940746894,0.0005076744429761895
2022-02-02 00:00:00+00:00,0.9209399819374084,-0.006644967480408451,1.900138949698453e-05,1.9079378286507257e-05,7.477201912421014e-05,0.00013608186250803234,0.0001596842153339899,0.0001760036027445952,0.00030602749295457473,0.0005237794595306407
2022-02-03 00:00:00+00:00,0.9189599752426147,-0.0021522990436670247,4.4155592815685836e-05,6.315698231267036e-05,6.323497110219312e-05,0.00016430409407685863,0.00018275773531795016,0.00020824491554308634,0.00024640640798474675,0.0005659486769413753
2022-02-04 00:00:00+00:00,0.9203699827194214,0.0015331754336987413,4.632391173369989e-06,4.8787983989055823e-05,6.778937348604039e-05,0.00012356000311326595,0.00018486984649708813,0.00021030389991900453,0.0002394998398443686,0.0005554789032086463
2022-02-07 00:00:00+00:00,0.9251199960708618,0.005147710250624146,2.3506269104973235e-06,6.983018083867312e-06,5.113861089955318e-05,7.021798918606042e-05,0.0001712871121607259,0.00021082282623354303,0.00022754755541161834,0.0005569942048585602
2022-02-08 00:00:00+00:00,0.9230499863624572,-0.002240065138672559,2.649892082438091e-05,2.8849547734878234e-05,3.3481938908248255e-05,9.663892122091862e-05,0.0001524095508481442,0.00021623967422619838,0.0002536411344685293,0.0005834543262577164
2022-02-09 00:00:00+00:00,0.925000011920929,0.002110360957773172,5.017891825496111e-06,3.151681264987702e-05,3.386743956037437e-05,8.265542354943019e-05,0.00010173480183593744,0.00021873728605746248,0.00024674474627683066,0.0005853539527297165
2022-02-10 00:00:00+00:00,0.9242200255393982,-0.0008435842268477711,4.4536233720932995e-06,9.47151519758941e-06,3.597043602197035e-05,4.295345410583765e-05,0.000106110436418508,0.00020725754818269626,0.0002486249628514722,0.0005897271930535622
2022-02-11 00:00:00+00:00,0.9256500005722046,0.00154602788028263,7.116343477863518e-07,5.165257719879651e-06,1.0183149545375788e-05,3.903269728025401e-05,8.782068126930983e-05,0.00016259270039351996,0.00024750489660329975,0.0005774390297972991
2022-02-14 00:00:00+00:00,0.9247199892997742,-0.0010052166386533418,2.3902022066112018e-06,3.1018365543975536e-06,7.555459926490881e-06,3.907227257636789e-05,4.605529066023519e-05,0.00010929026176242828,0.00022881302597818536,0.0005798172627629164
2022-02-15 00:00:00+00:00,0.9245100021362304,-0.00022710767770244,1.010460490625523e-06,3.4006626972367245e-06,4.1122970450231034e-06,1.3583812242612501e-05,4.2433359977490726e-05,0.00011022273346353108,0.00022730320647457888,0.0005772568817878786
2022-02-16 00:00:00+00:00,0.9254400134086608,0.0010054448422528728,5.157789727139536e-08,1.0620383878969183e-06,3.452240594508147e-06,8.617498314387786e-06,4.0134310964264794e-05,9.127292186381794e-05,0.00021142142312499074,0.0005290863786551384
2022-02-17 00:00:00+00:00,0.9215999841690063,-0.004158041815348665,1.0109193308129042e-06,1.0624972280842996e-06,2.0729577187098496e-06,5.17479427310739e-06,1.4646309470696787e-05,4.812824837894501e-05,0.00016705586031884095,0.0005247555290112232
2022-02-18 00:00:00+00:00,0.9196000099182128,-0.00217246908951739,1.7289311738188018e-05,1.8300231069000923e-05,1.8351808966272345e-05,2.1752471663509056e-05,2.6917729383388695e-05,6.078516894376304e-05,0.0001286525312193261,0.0005403882703676733
2022-02-21 00:00:00+00:00,0.9208999872207642,0.001412635176040955,4.719621944908517e-06,2.2008933683096536e-05,2.3019853013909468e-05,2.408189140180637e-05,2.7183727956203913e-05,6.315416397817423e-05,0.00013329416437471192,0.0005260843869692501
2022-02-22 00:00:00+00:00,0.9157099723815918,-0.005651748349829691,1.99553814058826e-06,6.715160085496777e-06,2.400447182368482e-05,2.5066969051769106e-05,2.846763174900582e-05,3.865078129438158e-05,0.00011628831301831564,0.0005203389055919757
2022-02-23 00:00:00+00:00,0.921559989452362,0.006368184275911584,3.194225940980264e-05,3.39377975503909e-05,3.865741949529944e-05,5.695765056430035e-05,5.8019688952197255e-05,6.557514887868811e-05,0.00010407497961243244,0.00047024616133257177
2022-02-24 00:00:00+00:00,0.9174200296401978,-0.004502459801631317,4.0553770971967545e-05,7.249603038177018e-05,7.449156852235847e-05,9.6500502205455e-05,9.756299943353928e-05,0.00010167529647856235,0.00013999635941103,0.0004948118363546605
2022-02-25 00:00:00+00:00,0.9258400201797484,0.00913604036109976,2.027214426530592e-05,6.082591523727346e-05,9.276817464707613e-05,9.94833347325729e-05,0.0001177835658015738,0.00012123580639608192,0.0001579178767658386,0.0004113073028344527
2022-02-28 00:00:00+00:00,0.926596999168396,0.0008172791008559943,8.346723347964381e-05,0.00010373937774494973,0.0001442931487169173,0.0001782309462673082,0.0002002398799504047,0.00020231283766911453,0.0002148861894211015,0.0004832355770003483
2022-03-01 00:00:00+00:00,0.9175000190734864,-0.009866133719562853,6.679451286959825e-07,8.41351786083398e-05,0.00010440732287364573,0.00017690335325541592,0.00018361851334091267,0.000201970322307185,0.00021053624272430137,0.00046960061078579675
2022-03-02 00:00:00+00:00,0.918560028076172,0.0011546562674797783,9.734059457229514e-05,9.800853970099112e-05,0.00018147577318063495,0.0002423016884179084,0.0002762394859682993,0.00029925933898220875,0.0003034232139245032,0.0005665358635906219
2022-03-03 00:00:00+00:00,0.920520007610321,0.00213147904187444,1.3332310960303335e-06,9.867382566832547e-05,9.934177079702146e-05,0.0002030811485419712,0.0002755771789237414,0.0002995816507474262,0.0003040448106727472,0.0005559548146694575
2022-03-04 00:00:00+00:00,0.917900025844574,-0.0028502556453777056,4.543202905949981e-06,5.876434001980315e-06,0.00010321702857427547,0.00018735220718261528,0.00024817812241988873,0.0002868355419151881,0.00030619781137208597,0.0005579246107779557
2022-03-07 00:00:00+00:00,0.9201599955558776,0.0024590827544734295,8.123957244007481e-06,1.2667160149957463e-05,1.4000391245987808e-05,0.00011200893094697893,0.00021574830869192864,0.0002902398772142871,0.0003133113081254679,0.0005642168674260044
2022-03-08 00:00:00+00:00,0.9254500269889832,0.0057325717301007495,6.0470879933486295e-06,1.4171045237356111e-05,1.8714248143306105e-05,0.00011738807381163158,0.00020152325241997135,0.00029429142706704743,0.00031930681822154515,0.0005491818825876275
2022-03-09 00:00:00+00:00,0.9295600056648254,0.004431227140241356,3.28623786407503e-05,3.890946663409893e-05,4.7033423878106424e-05,5.290985788008674e-05,0.00015091839758107786,0.0002952115462979951,0.00035115827753148256,0.0005795239812341458
2022-03-10 00:00:00+00:00,0.9264900088310242,-0.00330810011534155,1.9635773968411588e-05,5.249815260916189e-05,5.854524060251053e-05,7.121240075246799e-05,0.00016988622642079344,0.0002742935492944392,0.00035350473976170614,0.0005832263939556978
2022-03-11 00:00:00+00:00,0.9293799996376038,0.003114434878947858,1.0943526373122778e-05,3.0579300341534364e-05,6.344167898228468e-05,7.76127242196408e-05,8.34891582216211e-05,0.000264964931402256,0.0003597286441899204,0.0005487934381918579
2022-03-14 00:00:00+00:00,0.9347699880599976,0.00578280018067974,9.69970461520696e-06,2.064323098832974e-05,4.0279004956741335e-05,7.918847159084027e-05,9.185563174079773e-05,0.00019119740253781918,0.0003674328106645391,0.000502800501969362
2022-03-15 00:00:00+00:00,0.9383000135421752,0.0037692447783305577,3.344077792966963e-05,4.314048254487659e-05,5.4084008917999374e-05,0.00010658216152716128,0.00012075320676451737,0.00022397023533879282,0.0003689313291844061,0.0005361632911095089
2022-03-16 00:00:00+00:00,0.940779983997345,0.002639559676334502,1.4207206198972174e-05,4.7647984128641806e-05,5.734768874384877e-05,8.792698908538315e-05,0.00012683645571948205,0.00014083684696546988,0.0003425847644114107,0.0005313691078114966
2022-03-17 00:00:00+00:00,0.9415599703788756,0.0008287412954915835,6.967275284931101e-06,2.1174481483903275e-05,5.461525941357291e-05,7.525849040190266e-05,0.00012775664301106453,0.00014647089115437062,0.0003292798954310359,0.0004941807902807419
2022-03-18 00:00:00+00:00,0.936020016670227,-0.005901181120132673,6.868121348530681e-07,7.654087419784168e-06,2.186129361875635e-05,6.500177616363294e-05,9.55810765051673e-05,0.00014261450038327372,0.00024649947408624515,0.0004902352112422249
2022-03-21 00:00:00+00:00,0.9329299926757812,-0.0033066981937291823,3.482393861261031e-05,3.551075074746338e-05,4.2478026032394484e-05,9.012601016103629e-05,0.00011076924114936603,0.00016931448175187656,0.00028065546757015945,0.0005227085229443379
2022-03-22 00:00:00+00:00,0.9338799715042114,0.0010177564172673542,1.0934252944411836e-05,4.575819155702215e-05,4.644500369187522e-05,6.76194851757785e-05,0.00011075996772065509,0.00017420164670293976,0.00019424912594227618,0.0005071438550643687
2022-03-23 00:00:00+00:00,0.9334099888801576,-0.0005033847382561046,1.0358281248888809e-06,1.1970081069300716e-05,4.679401968191103e-05,5.444810710169521e-05,0.000102096091230337,0.00014237509618707835,0.00019395172297113471,0.0005031617913637615
2022-03-24 00:00:00+00:00,0.9307199716567992,-0.002886085356182927,2.53396194709167e-07,1.289224319598048e-06,1.2223477264009885e-05,4.7734228011473276e-05,6.890870949537655e-05,0.0001229927184133759,0.00018966191625989392,0.0004989615641863774
2022-03-25 00:00:00+00:00,0.9294899702072144,-0.0013224331309696635,8.329488683173532e-06,8.582884877882699e-06,9.61871300277158e-06,5.537690455979374e-05,6.303099197957789e-05,0.00012037868072342666,0.00018986744769905996,0.0005065794185217646
2022-03-28 00:00:00+00:00,0.9312700033187866,0.0019132329584428676,1.7488293858862273e-06,1.0078318069059759e-05,1.0331714263768926e-05,2.230179533306966e-05,5.781254608053302e-05,0.00011242780549410593,0.00018556918909159756,0.0005059380457010397
2022-03-29 00:00:00+00:00,0.9336699843406676,0.0025737904303954062,3.6604603532720475e-06,5.409289739158275e-06,1.3738778422331808e-05,1.5028002741929868e-05,6.0786194298952006e-05,8.264748791770835e-05,0.0001563672708041193,0.0005085880455636862
2022-03-30 00:00:00+00:00,0.9311500191688538,-0.0027026380036067332,6.62439717959497e-06,1.0284857532867017e-05,1.2033686918753244e-05,2.061657179663596e-05,3.258665286593666e-05,7.506467889833113e-05,0.0001433558940153027,0.0005151608648460098
2022-03-31 00:00:00+00:00,0.9229699969291688,-0.008823674024779835,7.3042521785393885e-06,1.3928649358134358e-05,1.7589109711406406e-05,2.766742778046618e-05,2.8956652100064212e-05,7.540165579193943e-05,0.0001397166198207193,0.0005214541976937362
2022-04-01 00:00:00+00:00,0.9231899976730348,0.000238333346568656,7.785722329557437e-05,8.516147547411376e-05,9.178587265370872e-05,9.719516239286701e-05,0.00010577804727074971,0.00015257206695266072,0.00020787413850108672,0.0005820221092511227
2022-04-04 00:00:00+00:00,0.9258999824523926,0.002931157216536459,5.6802784086615094e-08,7.791402607966099e-05,8.521827825820037e-05,9.55031357910674e-05,0.00010558145386012714,0.00011780493112413703,0.0001744901633555037,0.0005773592900903007
2022-04-05 00:00:00+00:00,0.9261999726295472,0.00032394599325479,8.591682628053763e-06,8.648485412140378e-06,8.650570870771475e-05,0.00010043435806584913,0.00010584364780500737,0.00011546236080777896,0.0001688746397845853,0.0005839554345777662
2022-04-06 00:00:00+00:00,0.9296000003814696,0.003664222012696311,1.0494100654583246e-07,8.696623634599595e-06,8.75342641868621e-06,9.39149018928e-05,0.00010419975942566697,0.00011453147368943592,0.00016201230550620002,0.0005521181161745093
2022-04-07 00:00:00+00:00,0.933049976825714,0.0037043786343426977,1.3426522958328204e-05,1.3531463964874036e-05,2.2123146592927797e-05,0.0001000371726725888,0.00011396582203072314,0.00012770460045305495,0.00017475201632967516,0.00052499086816087
2022-04-08 00:00:00+00:00,0.9344800114631652,0.001531471971984194,1.372242106657467e-05,2.7148944024902874e-05,2.7253885031448706e-05,3.5902370443589096e-05,0.00012106384591770285,0.0001330975328364561,0.00015365049878363952,0.0005184411449621389
2022-04-11 00:00:00+00:00,0.9342399835586548,-0.0002568901777364324,2.345406400973156e-06,1.6067827467547827e-05,2.949435042587603e-05,3.8190974060475635e-05,0.0001161050001401366,0.00013369410985154302,0.00014506165224020083,0.0004373193178834681
2022-04-12 00:00:00+00:00,0.9312999844551086,-0.003151904100588729,6.599256341745584e-08,2.4113989643906117e-06,1.613382003096528e-05,2.9665283995839332e-05,3.831376940797968e-05,0.00013009964206168843,0.00014409181667872942,0.0004367173653181896
2022-04-13 00:00:00+00:00,0.932640016078949,0.0014378487014844732,9.934499459308044e-06,1.00004920227255e-05,1.2345898423698656e-05,3.9494842448601546e-05,4.8191466083201114e-05,0.0001334097443414015,0.00015377291994332827,0.0003493112702052025
2022-04-14 00:00:00+00:00,0.9338499903678894,0.001296523907715355,2.0674088883605857e-06,1.200190834766863e-05,1.2067900911086085e-05,2.8135728378633925e-05,4.1667192343507935e-05,0.00012817290105122272,0.00014751084014851535,0.0003500454479975328
2022-04-15 00:00:00+00:00,0.9429100155830384,0.009655039075258325,1.6809742432774945e-06,3.7483831316380804e-06,1.3682882590946124e-05,1.609428155533675e-05,4.324322558023959e-05,5.199665199892582e-05,0.0001474429850059066,0.00034718321933486026
2022-04-18 00:00:00+00:00,0.9423400163650512,-0.0006046935161877001,9.321977954476513e-05,9.490075378804262e-05,9.69681626764032e-05,0.00010696865469912871,0.00012303648216667652,0.00014515962875960434,0.00023700230419739968,0.0004322790416356179
2022-04-19 00:00:00+00:00,0.944599986076355,0.002395381717483623,3.6565424851944433e-07,9.358543379328457e-05,9.526640803656206e-05,0.00010726831638423071,0.00010967971534862129,0.00013693360038007,0.00023074356126632416,0.0004265976078907887
2022-04-20 00:00:00+00:00,0.9520599842071532,0.007866498705603318,5.737853572454792e-06,6.103507820974236e-06,9.932328736573937e-05,0.00010307167049737746,0.00011307216252010293,0.00014256651294597896,0.00022917716266023956,0.0003994730828224932
2022-04-21 00:00:00+00:00,0.9490000009536744,-0.003219241812511292,6.188180188525869e-05,6.761965545771347e-05,6.798530970623293e-05,0.00016288606349427556,0.00017488797184194417,0.00019102179187290946,0.00021320174124992388,0.0004417191107393403
2022-04-22 00:00:00+00:00,0.9537000060081482,0.004940363269843533,1.0363517847420988e-05,7.224531973267967e-05,7.798317330513447e-05,0.00017156860709841907,0.00017531699023005712,0.00018766288865375579,0.00022350845631325826,0.00044113910221363855
2022-04-25 00:00:00+00:00,0.9556000232696532,0.0019902769177872065,2.4407189238019083e-05,3.477070708544007e-05,9.665250897069875e-05,0.000102756016791673,0.00019765677057971562,0.0002097246714908017,0.00023932396292322358,0.0004558465868364507
2022-04-26 00:00:00+00:00,0.9582899808883668,0.0028109864037397236,3.961202209476543e-06,2.836839144749563e-05,3.873190929491662e-05,0.0001063515647526301,0.00019993699854591466,0.00021361988113686078,0.00024318022412615428,0.0004263670111162576
2022-04-27 00:00:00+00:00,0.9622300267219543,0.004103108893106014,7.901644562009585e-06,1.1862846771486128e-05,3.6270036009505216e-05,0.00010851535574218488,0.00011461886356315911,0.00021158702623956234,0.00023765534572983566,0.000420061449479295
2022-04-28 00:00:00+00:00,0.9686700105667114,0.00667047242157013,1.683550258868566e-05,2.4737147150695245e-05,2.869834936017179e-05,6.346905644561185e-05,0.00013108871190332534,0.0002263551199398874,0.00024076842725194664,0.00042992967678304953
2022-04-29 00:00:00+00:00,0.9717000126838684,0.003123120377769236,4.449520232692767e-05,6.133070491561333e-05,6.923234947762291e-05,9.760074092511855e-05,0.00016984606065779823,0.0002691693480235376,0.0002829182231779012,0.00047373806697512415
2022-05-02 00:00:00+00:00,0.9741700291633606,0.002538728438186106,9.753880894037455e-06,5.424908322096513e-05,7.10845858096508e-05,8.294743258113692e-05,0.00011771813966657697,0.0001857034493728099,0.00029260611150852116,0.0004486680092565513
2022-05-03 00:00:00+00:00,0.977840006351471,0.003760207627561074,6.445142082854865e-06,1.619902297689232e-05,6.069422530381999e-05,8.543137245451524e-05,0.00011379976390201086,0.00019178293720714535,0.000289116754132068,0.0004441788983949943
2022-05-04 00:00:00+00:00,0.9787600040435792,0.0009404045333959998,1.4139161402368482e-05,2.0584303485223346e-05,3.03381843792608e-05,9.166888929487414e-05,0.00010353173606636026,0.00020018424503705904,0.00030118850664607587,0.00045728223167247395
2022-05-05 00:00:00+00:00,0.9731900095939636,-0.005707123163162499,8.843606864317481e-07,1.502352208880023e-05,2.1468664171655094e-05,7.571774739262023e-05,0.00010045489454331545,0.00013918680383823208,0.0003003918930892301,0.0004579131961641965
2022-05-06 00:00:00+00:00,0.9851999878883362,0.012265308618123513,3.257125479950593e-05,3.345561548593767e-05,4.759477688830616e-05,6.379379986519847e-05,0.0001251245047808118,0.00016139454079031702,0.00023974336834397094,0.0004821549622805289
2022-05-09 00:00:00+00:00,0.989329993724823,0.004183286045619345,0.00015043779549781493,0.00018300905029732087,0.00018389341098375261,0.00020447771446897595,0.00025872679768994104,0.00028742514705011287,0.0003898155095932664,0.0006308439283924576
2022-05-10 00:00:00+00:00,0.9926999807357788,0.003400544191398954,1.7499882139473535e-05,0.00016793767763728846,0.0002005089324367944,0.00021553245452559462,0.00023173147750248693,0.0003009638269801099,0.0004015775381602852,0.0006446833501786591
2022-05-11 00:00:00+00:00,0.9957000017166138,0.003017524928273868,1.1563700797657166e-05,2.90635829371307e-05,0.00017950137843494564,0.00021295699392088333,0.00023354129740610664,0.00030462588321575747,0.00035125943707268363,0.0006496226537967213
2022-05-12 00:00:00+00:00,0.9944599866867064,-0.0012461462370856316,9.105456692754213e-06,2.066915749041138e-05,3.816903962988491e-05,0.00022117808992720578,0.00023620161201600597,0.00029689583731982603,0.0003500013759180169,0.000651423858310936
2022-05-13 00:00:00+00:00,1.0030499696731567,0.008600744052489069,1.552880444202679e-06,1.0658337136956892e-05,2.222203793461406e-05,0.00019015971557190253,0.0002236153310578402,0.000253953515437101,0.0003271470671242005,0.0005751195154595644
2022-05-16 00:00:00+00:00,1.0022300481796265,-0.0008177626385573785,7.397279825642609e-05,7.552567870062877e-05,8.463113539338298e-05,0.00011369471833051368,0.0002967037686278345,0.00031817243279948964,0.00039715866317115004,0.0006490355109319038
2022-05-17 00:00:00+00:00,1.001719951629639,-0.0005090911061185074,6.687357330203257e-07,7.464153398944642e-05,7.61944144336491e-05,9.686357192406048e-05,0.0002648012495613489,0.0003123960264496551,0.00038992575434216073,0.0006411125640368704
2022-05-18 00:00:00+00:00,0.9937999844551086,-0.007937789662444133,2.5917375432896533e-07,9.27909487349291e-07,7.490070774377539e-05,8.555904488073228e-05,0.00011462262781786295,0.00029851603880161554,0.00037334942550780405,0.0006412667967846536
2022-05-19 00:00:00+00:00,0.9871399998664856,-0.006724090315395059,6.300850472520494e-05,6.326767847953391e-05,6.393641421255424e-05,0.000139462092913183,0.00016013125040359436,0.0003606401828403888,0.0003918627279060813,0.0006908487785515303
2022-05-20 00:00:00+00:00,0.9721800088882446,-0.015270891567398132,4.5213390569589625e-05,0.00010822189529479456,0.00010848106904912354,0.00018312260303856995,0.0001937809401755268,0.0003732823186104725,0.0004273222375816335,0.0007223397480545452
2022-05-23 00:00:00+00:00,0.9749900102615356,0.0028862434161973337,0.00023320012926323136,0.000278413519832821,0.00034142202455802594,0.0003423499340453752,0.00041787561274600395,0.0004560446523758889,0.0006540772247620101,0.0009531944709168035
2022-05-24 00:00:00+00:00,0.9659500122070312,-0.009315139383857914,8.330401057542455e-06,0.0002415305303207738,0.0002867439208903635,0.0003500115993698973,0.0004246531333593438,0.0004468751712939578,0.000648268464417184,0.0009614588794109284
2022-05-25 00:00:00+00:00,0.960200011730194,-0.005970477362648469,8.677182174070081e-05,9.510222279824329e-05,0.00032830235206147463,0.0004365242473562692,0.00043745215684361845,0.0005220832922370014,0.0007341559254714531,0.0010382962016923212
2022-05-26 00:00:00+00:00,0.9615300297737122,0.0013841884418213032,3.564659993789781e-05,0.00012241842167859865,0.00013074882273614104,0.00040916234256896205,0.000472430021048496,0.0005486244354821451,0.000737231270609845,0.0010718753927418585
2022-05-27 00:00:00+00:00,0.9585599899291992,-0.003093648925630209,1.915977642471687e-06,3.756257758036953e-05,0.00012433439932107028,0.0003658649296418441,0.00047408682493663867,0.000548987532680414,0.0005887094527545016,0.0010721103961410525
2022-05-30 00:00:00+00:00,0.9578499794006348,-0.0007409798241643992,9.570663675052945e-06,1.1486641317524659e-05,4.7133241255422416e-05,0.00014223546405366572,0.00042064898388648663,0.0004845853980990409,0.0005807802342900811,0.0009884612802713406
2022-05-31 00:00:00+00:00,0.9582300186157228,0.00039668408465718535,5.49051099818704e-07,1.0119714774871675e-05,1.2035692417343308e-05,0.00013445411409594195,0.0003759846444167158,0.00048446571346583926,0.0005697655845922427,0.0009886446771226398
2022-06-01 00:00:00+00:00,0.9595199823379515,0.001345288923097973,1.57358263020309e-07,7.0640936283904e-07,1.027707303789193e-05,4.7839650618261456e-05,0.0001429418734165047,0.00048436389797453064,0.0005608174861625087,0.0009830641818132054
2022-06-02 00:00:00+00:00,0.963100016117096,0.0037241242883925274,1.8098022866101041e-06,1.96716054963044e-06,2.51621164944909e-06,1.4002852966973749e-05,0.00013642127464557233,0.0004231651955359358,0.0005610744080049163,0.0009229921822145567
2022-06-03 00:00:00+00:00,0.9574400186538696,-0.005894189912349364,1.3869101715395149e-05,1.567890400200528e-05,1.5836262265025536e-05,2.595597703989721e-05,6.351855462026669e-05,0.0003918209066817413,0.0005009707114638852,0.0009264977660825308
2022-06-06 00:00:00+00:00,0.9622600078582764,0.005021617196954015,3.4741474722841e-05,4.861057643823617e-05,5.0420378724846224e-05,5.1126788087685264e-05,6.261342940520987e-05,0.00019336225214135097,0.0005350434504537059,0.0009368320515673527
2022-06-07 00:00:00+00:00,0.9713000059127808,0.009350693909750716,2.5216639272744296e-05,5.995811399558532e-05,7.382721571098042e-05,7.579437626061086e-05,8.591409103548247e-05,0.00021024849035655282,0.0005600009159721212,0.0009580874886306205
2022-06-08 00:00:00+00:00,0.9734899997711182,0.0022521658149414273,8.743547659384914e-05,0.00011265211586659346,0.0001473935905894344,0.0001630724945914397,0.00016377890395427868,0.00021091214520970112,0.0005844278878407654,0.00103762132066246
2022-06-09 00:00:00+00:00,0.9788399934768676,0.0054806381256255095,5.072250857990783e-06,9.250772745183996e-05,0.00011772436672458418,0.00016633494316282036,0.00016830210371245074,0.0001803377961297941,0.0005442867481291666,0.0010258580689317652
2022-06-10 00:00:00+00:00,0.980400025844574,0.0015924875788681583,3.0037394264059897e-05,3.510964512205071e-05,0.00012254512171589978,0.0001825032357114851,0.00019818213971349032,0.00020845921275138233,0.00034112401312999513,0.0010114002608688974
2022-06-13 00:00:00+00:00,0.989449977874756,0.009188532818546473,2.536016688849369e-06,3.257341095290929e-05,3.7645661810900024e-05,0.00015029777767749348,0.00019890835411572958,0.00020142456576517873,0.000335329628761302,0.0010041823966637092
2022-06-14 00:00:00+00:00,0.9966650009155272,0.007265495559254083,8.442913535750559e-05,8.696515204635498e-05,0.00011700254631041482,0.00020951027376225477,0.00026946838775784,0.0002853046500228656,0.0003329869423781068,0.00108216638993836
2022-06-15 00:00:00+00:00,0.9994999766349792,0.002840424170733094,5.278742572154079e-05,0.0001372165610790464,0.00013975257776789574,0.00017486222288994643,0.00028751433875653985,0.0003379347174813861,0.0003501277681617498,0.0011208146542575324
2022-06-16 00:00:00+00:00,0.9946200251579284,-0.004894350604905928,8.068009469684786e-06,6.0855435191225605e-05,0.00014528457054873114,0.00017785798150164042,0.0002703657089534803,0.0003441929246644608,0.00035627979998896286,0.0011279983030407855
2022-06-17 00:00:00+00:00,0.9667400121688844,-0.028431180873253366,2.3954667843743023e-05,3.2022677313427837e-05,8.481010303496859e-05,0.00017177525508132356,0.00020688490020337423,0.00035427849079280865,0.000370663804157653,0.0011193817160850225
2022-06-20 00:00:00+00:00,0.9695600271224976,0.0029127892271030922,0.000808332045847648,0.000832286713691391,0.0008403547231610758,0.000977571284240122,0.0010101446951930313,0.0011278690619176157,0.0011784467989054822,0.0017772759664348554
2022-06-21 00:00:00+00:00,0.9671000242233276,-0.0025404605423853116,8.484341081527829e-06,0.0008168163869291758,0.0008407710547729189,0.0009016264899641444,0.0009885916420104993,0.0011111367637263992,0.0011867737817239897,0.0017682604253769097
2022-06-22 00:00:00+00:00,0.9660199880599976,-0.0011174021983570842,6.453939767416672e-06,1.4938280848944502e-05,0.0008232703266965925,0.0008552930040100203,0.0009925095650890666,0.0010301552268999667,0.0011914179192047962,0.0017631506643466693
2022-06-23 00:00:00+00:00,0.9617499709129332,-0.00443001418343851,1.2485876728932445e-06,7.702527440309917e-06,1.6186868521837746e-05,0.0008484735822132288,0.0009093290174044544,0.0010263315637148694,0.0011787974051622944,0.0017552937953268083
2022-06-24 00:00:00+00:00,0.961359977722168,-0.00040558595871048597,1.962502566546637e-05,2.0873613338359615e-05,2.7327553105776286e-05,0.0008441439400349521,0.0008761666173483799,0.0010159191951162757,0.00116368095610492,0.001773365940548072
2022-06-27 00:00:00+00:00,0.95728999376297,-0.004242556093520554,1.6449996990310403e-07,1.9789525635369476e-05,2.103811330826272e-05,3.597639415720722e-05,0.0008682631078485983,0.0010135476783973293,0.0011386288168020787,0.001699557642261549
2022-06-28 00:00:00+00:00,0.956160008907318,-0.0011810969562150372,1.799928220666838e-05,1.8163782176571487e-05,3.778880784203786e-05,4.549133528234777e-05,0.0008623077222115235,0.0009471178252464922,0.001069192622414898,0.001716888188735197
2022-06-29 00:00:00+00:00,0.9566900134086608,0.0005541516676399599,1.3949900199804257e-06,1.9394272226648807e-05,1.955877219655191e-05,4.0432385534911526e-05,5.537066638385603e-05,0.0008957253895449318,0.0010655153615768877,0.0017180240050008485
2022-06-30 00:00:00+00:00,0.9541800022125244,-0.0026270888330522657,3.0708407074814864e-07,1.7020740907285743e-06,1.9701356297396955e-05,3.949088193276643e-05,4.7193409373076345e-05,0.0008879644641459952,0.001035785051383576,0.0016553225843463917
2022-07-01 00:00:00+00:00,0.9550899863243104,0.0009532273446434258,6.901595736747916e-06,7.208679807496064e-06,8.60366982747649e-06,2.6767452004047977e-05,4.764106534240759e-05,0.000870911392039,0.0010401506304314743,0.00161701078951355
2022-07-04 00:00:00+00:00,0.958400011062622,0.0034596763446940668,9.086423705759566e-07,7.810238107323873e-06,8.11732217807202e-06,2.751159440472083e-05,4.73011200400903e-05,6.348798856192805e-05,0.0009566301374445448,0.0013847193026208947
2022-07-05 00:00:00+00:00,0.9608299732208252,0.002532227483467292,1.1969360410035698e-05,1.2878002780611656e-05,1.977959851735957e-05,2.1481672608088146e-05,3.964545478465963e-05,6.697300789043591e-05,0.0009158120721330397,0.0013883582619733878
2022-07-06 00:00:00+00:00,0.9684979915618896,0.007948942695844875,6.412176028027094e-06,1.8381536438062793e-05,1.9290178808638746e-05,2.6498858616134815e-05,4.589313084278362e-05,6.693124415104634e-05,0.000914156238691382,0.0013079986162607142
2022-07-07 00:00:00+00:00,0.9702000021934508,0.001755828988639966,6.31856899818256e-05,6.959786600985269e-05,8.156722641988839e-05,8.937746452721226e-05,9.107953861794083e-05,0.00012886834645997868,0.0009533872608294646,0.0013355377063046419
2022-07-08 00:00:00+00:00,0.973800003528595,0.003703709300192509,3.082935437348446e-06,6.626862541917403e-05,7.268080144720113e-05,8.555880422781279e-05,9.276748403530884e-05,0.00011232625623186077,0.000148138150419165,0.0013367046640995186
2022-07-11 00:00:00+00:00,0.9777299761772156,0.004027586562314209,1.3717462580332486e-05,1.6800398017680932e-05,7.998608799950653e-05,9.836762443756932e-05,0.00010617786254489319,0.00012587921884229015,0.00015337127191796963,0.0013408514630047982
2022-07-12 00:00:00+00:00,0.9827399849891664,0.005111039513425817,1.6221453516933984e-05,2.993891609726647e-05,3.3021851534614917e-05,0.00010261971754446761,0.00011549772032507926,0.00012410139015255574,0.00016313878566748694,0.0013565238654219135
2022-07-13 00:00:00+00:00,0.9818699955940248,-0.0008856612361822051,2.612272490780001e-05,4.2344178424734e-05,5.606164100506648e-05,0.00012233026642424053,0.00014071180286230332,0.00014882912504037533,0.00018801292290239374,0.001382489232066693
2022-07-14 00:00:00+00:00,0.9807999730110168,-0.0010903745470588824,7.843958252757918e-07,2.6907120733075804e-05,4.312857425000979e-05,5.992897226769072e-05,0.0001295268382775434,0.00014930643679490296,0.00016917229306220315,0.001381463825605359
2022-07-15 00:00:00+00:00,0.9829999804496764,0.0022405625941085416,1.188916652873863e-06,1.9733124781496546e-06,2.8096037385949666e-05,5.8034953483216136e-05,0.00012430357890239017,0.00014359375771102892,0.0001701967097451739,0.0013687836405428377
2022-07-18 00:00:00+00:00,0.975600004196167,-0.007556429615860113,5.0201207381183975e-06,6.209037390992261e-06,6.993433216268052e-06,4.933761164100205e-05,6.613800965868297e-05,0.00014770523607857136,0.0001572175482766239,0.001339062286558115
2022-07-19 00:00:00+00:00,0.977500021457672,0.0019456431682238241,5.7099628539447814e-05,6.211974927756621e-05,6.330866593044007e-05,9.021578666351588e-05,0.00012015470276078235,0.0001928355042079835,0.0002129221867960913,0.0013709452758248184
2022-07-20 00:00:00+00:00,0.9688000082969666,-0.008940113008052138,3.78552733805604e-06,6.0885155877503854e-05,6.590527661562225e-05,6.787858909377191e-05,0.00011022276751850591,0.00019020885551801242,0.0002164006300633992,0.0012872953265690254
2022-07-21 00:00:00+00:00,0.9714699983596802,0.002752185766804742,7.992562059674305e-05,8.37111479347991e-05,0.0001408107764742469,0.00014701981386523917,0.00017392693459831497,0.0002069487861329299,0.0002894246549233943,0.0013621486963077778
2022-07-22 00:00:00+00:00,0.9661999940872192,-0.005439540569173597,7.574526495002606e-06,8.750014709174566e-05,9.12856744298017e-05,0.00015340542370736792,0.0001553787361855176,0.00021144037719058405,0.00029609053904782097,0.0013396858285387205
2022-07-25 00:00:00+00:00,0.9629999995231628,-0.003317434697714665,2.958860160368542e-05,3.7163128098688025e-05,0.00011708874869543108,0.00017797390457293495,0.00018418294196392718,0.000227311516213937,0.00031370978024147073,0.0013667384134535565
2022-07-26 00:00:00+00:00,0.9642900228500366,0.001338691639091255,1.1005372973601189e-05,4.059397457728661e-05,4.8168501072289215e-05,0.0001318796490070883,0.00019399939828465454,0.0002220954356706042,0.0003183029771870448,0.0012933146510696522
2022-07-27 00:00:00+00:00,0.9622399806976318,-0.0021282232017220057,1.7920953045728313e-06,1.279746827817402e-05,4.2386069881859445e-05,0.00012988621697360508,0.00019077137285110896,0.000197764806067377,0.000256909382509792,0.001242319320652684
2022-07-28 00:00:00+00:00,0.9581900238990784,-0.00421776663848062,4.529333996347865e-06,6.321429300920696e-06,1.7326802274521884e-05,5.448993037320991e-05,0.00013820107830800902,0.00020150974423844908,0.0002583557810687915,0.0012387806451793473
2022-07-29 00:00:00+00:00,0.95441997051239,-0.003942317859375023,1.778955541668011e-05,2.2318889413027977e-05,2.4110984717600807e-05,6.470495929488742e-05,0.00015220510638663307,0.00021811038300225533,0.0002624278739051391,0.0012326155327522844
2022-08-01 00:00:00+00:00,0.9530699849128724,-0.001415457859761389,1.5541870104347265e-05,3.333142552102737e-05,3.786075951737524e-05,5.065822779554926e-05,8.782135589423728e-05,0.0002286321323684842,0.0002617482904925524,0.0004398253570089836
2022-08-02 00:00:00+00:00,0.9501000046730042,-0.0031210902515819705,2.003520952760292e-06,1.7545391057107556e-05,3.533494647378767e-05,4.165637577470836e-05,8.225035035199498e-05,0.00017353602478179666,0.00023762908653751264,0.00043334453688021607
2022-08-03 00:00:00+00:00,0.9584800004959106,0.008781449717898605,9.741204358520009e-06,1.17447253112803e-05,2.7286595415627565e-05,4.960548482865554e-05,6.240295310682956e-05,0.00017949170180226064,0.0002465858950707569,0.00043663180147131937
2022-08-04 00:00:00+00:00,0.9611899852752686,0.0028233879777973953,7.71138591479815e-05,8.685506350650151e-05,8.88585844592618e-05,0.00012219000998028916,0.00012851143928120987,0.00017667994035349907,0.00032251083756586446,0.0005124970729464077
2022-08-05 00:00:00+00:00,0.9540799856185912,-0.007424574525626108,7.971519673170865e-06,8.508537882115236e-05,9.482658317967238e-05,0.00011237197423677993,0.0001346908636498079,0.00017707693353166733,0.00032546223650091694,0.0005008435669541121
2022-08-08 00:00:00+00:00,0.9622399806976318,0.008516369439129111,5.512430688657615e-05,6.3095826559747e-05,0.00014020968570772853,0.0001519544110190088,0.00018528583654003617,0.00020261263881455807,0.0003234869148480453,0.0005558033738707851
2022-08-09 00:00:00+00:00,0.9548799991607666,-0.007678202483939016,7.252854842373228e-05,0.00012765285531030844,0.00013562437498347931,0.0002224794384899808,0.0002400248295470884,0.0002641358142646892,0.00039222993593372154,0.0006103326400878491
2022-08-10 00:00:00+00:00,0.954169988632202,-0.0007438365321406556,5.8954793384367276e-05,0.00013148334180809954,0.0001866076486946757,0.0002716930275158281,0.00028343775282710837,0.0003212985123444836,0.00037125910872134576,0.000667892443452236
2022-08-11 00:00:00+00:00,0.942300021648407,-0.012518122537539644,5.532927865470367e-07,5.95080861709143e-05,0.0001320366345946466,0.0001951324611543936,0.0002819875246608951,0.0003173224711346828,0.0003642378750128902,0.0006681386521680348
2022-08-12 00:00:00+00:00,0.94132000207901,-0.0010405704393469037,0.00015670339186485798,0.000157256684651405,0.00021621147803577227,0.0003438643333460807,0.0004289497121672331,0.0004562363075828606,0.0004913526652740627,0.000817940448296145
2022-08-15 00:00:00+00:00,0.9417999982833862,0.0005097882393890266,1.082786839242608e-06,0.00015778617870410057,0.00015833947149064765,0.0002898228132987472,0.0003529186398584942,0.000441777224317756,0.0004814300791397042,0.0008181145927648115
2022-08-16 00:00:00+00:00,0.9459599852561952,0.004407333286981056,2.5988404901936343e-07,1.3426708882619444e-06,0.00015804606275311996,0.00021755414892403428,0.0003452070042343427,0.00044003358741401505,0.0004798978678841507,0.0008064051164037952
2022-08-17 00:00:00+00:00,0.9496600031852722,0.0039037598785161,1.9424586702531243e-05,1.9684470751550578e-05,2.0767257590793215e-05,0.00017802394224219825,0.00030950728405029776,0.00044971696975802634,0.000494793120590334,0.0008194175270782993
2022-08-18 00:00:00+00:00,0.9513400197029114,0.001767508611034238,1.5239341189112034e-05,3.466392789164325e-05,3.4923811940662644e-05,0.00019270999064476322,0.00025221807681567753,0.00038784245179915685,0.000492242906362766,0.0007714711782855858
2022-08-19 00:00:00+00:00,0.9565899968147278,0.005503336408292994,3.1240866900801815e-06,1.8363427879192188e-05,3.778801458172346e-05,3.913068546998543e-05,0.00019638737012139042,0.0003829950188160662,0.00047982512294849895,0.0007715123295383176
2022-08-22 00:00:00+00:00,0.9588000178337096,0.0023076469886759987,3.0286711622843234e-05,3.341079831292339e-05,4.865013950203545e-05,6.833461025358605e-05,0.00022612078895768665,0.00035815742355233324,0.0005081083136185819,0.0007880815785808284
2022-08-23 00:00:00+00:00,0.9643999934196472,0.0058236183234950945,5.325234624345405e-06,3.561194624718861e-05,3.873603293726882e-05,7.33999608289121e-05,7.474263171717406e-05,0.0002909541097529464,0.0005036923438844073,0.0007771853596882397
2022-08-24 00:00:00+00:00,0.9643800258636476,-2.0704855712656844e-05,3.391453037774781e-05,3.923976500209319e-05,6.952647662493644e-05,8.788990450412867e-05,0.00010757437525567927,0.0002659138467463269,0.0004604930151141736,0.0007849771651581875
2022-08-25 00:00:00+00:00,0.9664599895477296,0.002154465902955871,4.2869105008193877e-10,3.3914959068797863e-05,3.9240193693143295e-05,7.265099200606672e-05,0.00010731491989771,0.0002653609826508299,0.0004525219241320528,0.0007841931980239618
2022-08-26 00:00:00+00:00,0.9636499881744384,-0.0029117546575734288,4.641723326999457e-06,4.642152018049511e-06,3.855668239579735e-05,7.416862864298599e-05,9.25320565221782e-05,0.00011329931411297142,0.0004020393405724761,0.0007876460046980874
2022-08-29 00:00:00+00:00,0.968500018119812,0.005020355682775757,8.478315185900556e-06,1.3120038512899985e-05,1.3120467203950095e-05,5.2360232206043314e-05,8.577103051896672e-05,0.00012069484245962937,0.0003379891073346444,0.0007911041991458695
2022-08-30 00:00:00+00:00,0.9671199917793274,-0.0014259271626219996,2.5203971181578834e-05,3.3682286367479365e-05,3.832400969447884e-05,7.223896876327673e-05,0.00010785091501046538,0.00014563892959218883,0.0003042382851318559,0.0007592085417880006
2022-08-31 00:00:00+00:00,0.9739199876785278,0.007006577700614355,2.0332682731032267e-06,2.723723945468204e-05,3.5715554640582613e-05,4.035770665863216e-05,7.959747166072537e-05,0.00012824761116276084,0.0003057182606184121,0.0007574562827230478
2022-09-01 00:00:00+00:00,0.979070007801056,0.005273997380202889,4.9092131074746336e-05,5.1125399347849544e-05,7.63293705294284e-05,8.944940904232841e-05,0.00012336436811112632,0.00016210040104839513,0.00019810699982830048,0.000726622793201051
2022-09-02 00:00:00+00:00,0.9812899827957152,0.0022648655902751946,2.7815048366386936e-05,7.690717944113326e-05,7.894044771423649e-05,0.00011262273408171589,0.00011726488609976543,0.00018679136272470187,0.0002248392613554448,0.0007468633150724354
2022-09-05 00:00:00+00:00,0.9833499789237976,0.002097073176928737,5.129616142012606e-06,3.294466450839952e-05,8.203679558314588e-05,0.00010927403503782794,0.00012239407355072796,0.00016163426724387126,0.00022970899344843806,0.0007224043296107626
2022-09-06 00:00:00+00:00,0.9783999919891356,-0.005046512056356346,4.397715909393986e-06,9.527332051406572e-06,3.734238041779353e-05,8.846777976564309e-05,0.00012215006613312248,0.00016070674852891983,0.0002146821226553008,0.0007157966725465553
2022-09-07 00:00:00+00:00,0.9845200181007384,0.006235654953585813,2.546728393494996e-05,2.9864999844343926e-05,3.499461598635655e-05,0.00011190179542748982,0.0001391390348821719,0.000152259502086122,0.00022491006540113873,0.0007394718611769325
2022-09-08 00:00:00+00:00,0.9769600033760072,-0.007708518136691473,3.888339270017929e-05,6.435067663512923e-05,6.874839254452324e-05,0.00010169305705292277,0.00015281845640077233,0.0001911424660952512,0.00026066937141123786,0.0007738259198807639
2022-09-09 00:00:00+00:00,0.9686499834060668,-0.008542380600172785,5.942125186370138e-05,9.830464456388065e-05,0.00012377192849883061,0.00013329926055023723,0.00021020643999137049,0.0002459219946319531,0.000289803911652096,0.0008154576163277853
2022-09-12 00:00:00+00:00,0.9599199891090392,-0.009053396091527943,7.297226631820835e-05,0.00013239351818190973,0.00017127691088208904,0.00020114191072643297,0.00023408657523483253,0.00031041594576426094,0.00035745094334595895,0.0008728880125416463
2022-09-13 00:00:00+00:00,0.9527999758720398,-0.00744494359256305,8.196398079009344e-05,0.00015493624710830178,0.00021435749897200318,0.0002787081756071324,0.000288235507658539,0.0003671759553727755,0.00040550039375830454,0.0009528484723789794
2022-09-14 00:00:00+00:00,0.9603300094604492,0.007871992526760976,5.5427185096445607e-05,0.00013739116588653904,0.00021036343220474742,0.0003086680767686281,0.000338533076612972,0.00042056987219611793,0.0004609271501637001,0.000998534453116905
2022-09-15 00:00:00+00:00,0.9618939757347108,0.0016272470132654773,6.196826634138066e-05,0.00011739545143782625,0.0001993594322279197,0.00033175295040982944,0.0003961036270449587,0.0004334460074627522,0.0005182536931780812,0.000983388860310304
2022-09-16 00:00:00+00:00,0.9617999792099,-9.772503016292067e-05,2.6479328421814167e-06,6.461619918356207e-05,0.00012004338428000768,0.0002749796313883095,0.0003732842759521901,0.00040827889193854666,0.0005124233108343622,0.0009780652734793147
2022-09-19 00:00:00+00:00,0.9632099866867064,0.001464935510928897,9.550181520343754e-09,2.6574830237017332e-06,6.462574936508241e-05,0.00020201691525162147,0.0003344104334335312,0.00040315882597805443,0.00048722888983430366,0.000922950516774259
2022-09-20 00:00:00+00:00,0.9640899896621704,0.0009131977869746705,2.1460360511805085e-06,2.155586232700825e-06,4.803519074882269e-06,0.00012219897051270854,0.0002771352176210103,0.000400907146119841,0.0004873416576123809,0.0008525680044017071
2022-09-21 00:00:00+00:00,0.963699996471405,-0.0004046013299070922,8.339301981354356e-07,2.979966249315917e-06,2.989516430836288e-06,6.760571561439836e-05,0.0002049968815009374,0.00037627379238302643,0.00043908345673577,0.0007944471412154753
2022-09-22 00:00:00+00:00,0.9679399728775024,0.004390034667867609,1.6370223616258766e-07,9.976324342979963e-07,3.1436684854785317e-06,5.801151509180306e-06,0.00012319660294700656,0.00033755410191900975,0.00041143211060554565,0.0007940575506650909
2022-09-23 00:00:00+00:00,0.9757000207901,0.00798510955818399,1.9272404385079473e-05,1.9436106621242032e-05,2.0270036819377497e-05,2.2425623052078364e-05,8.704182223564041e-05,0.0002974052544403878,0.0004255748988486125,0.0006566265631853123
2022-09-26 00:00:00+00:00,0.9824100136756896,0.006853566992931621,6.37619746562013e-05,8.303437904128075e-05,8.319808127744337e-05,8.617804752675932e-05,8.883553055046107e-05,0.00028819496277838075,0.0004849391575954199,0.0007193057510022711
2022-09-27 00:00:00+00:00,0.9921299815177916,0.009845378042345228,4.697138052660178e-05,0.00011073335518280305,0.00013000575956788256,0.00013100339200218059,0.00013315897823488142,0.0002532023625148891,0.0005064432541870716,0.0007660172474798535
2022-09-28 00:00:00+00:00,0.9915199875831604,-0.0006150217663001417,9.693146879669356e-05,0.00014390284932329532,0.00020766482397949665,0.0002271009306007387,0.00023008089685005466,0.0002947066462151371,0.0005644913302835859,0.0008435241295740158
2022-09-29 00:00:00+00:00,0.977620005607605,-0.01411805448158369,3.7825177302294614e-07,9.73097205697165e-05,0.00014428110109631828,0.00022731548013759907,0.00022831311257189707,0.00023311663164677935,0.0005054483301929076,0.0008286630401579267
2022-09-30 00:00:00+00:00,0.9749299883842468,-0.00275539057494998,0.00019931946234496529,0.0001996977141179882,0.0002966291829146818,0.00040736253809748484,0.0004267986447187269,0.0004297881611495632,0.0006317955262196644,0.0010248584158128117
2022-10-03 00:00:00+00:00,0.9856500029563904,0.010935663377190125,7.592177220523181e-06,0.00020691163956548846,0.0002072898913385114,0.00035119274066180674,0.00043422711970308753,0.0004373707881885661,0.0005574237226500942,0.0010021638814104918
2022-10-04 00:00:00+00:00,0.9925600290298462,0.006986168370644058,0.00011958873349921732,0.00012718091071974052,0.0003265003730647058,0.0004238100936344223,0.0005345434488172254,0.0005548134856366029,0.0006215852710528659,0.0011164273802853637
2022-10-05 00:00:00+00:00,0.9786900281906128,-0.014072521833693643,4.8806548502987455e-05,0.00016839528200220477,0.00017598745922272797,0.0003756851733407162,0.0005195880226640115,0.000602786103941455,0.0006084235532144727,0.0011313193984106033
2022-10-06 00:00:00+00:00,0.981320023536682,0.0026836565681789236,0.0001980358707597843,0.00024684241926277174,0.0003664311527619891,0.0005733427923274775,0.000670652512897194,0.0008006582724650766,0.0008038114911320755,0.0013293548404793374
2022-10-07 00:00:00+00:00,0.9899700284004213,0.00877604021080147,7.202012575929877e-06,0.00020523788333571416,0.00025404443183870166,0.0003812253425584422,0.0005809230566764304,0.0007885878806559271,0.0008110039535264851,0.0013319151297282678
2022-10-10 00:00:00+00:00,0.9945600032806396,0.0046257632704075746,7.701888178160432e-05,8.422089435753419e-05,0.0002822567651173185,0.0004506520471195233,0.0006575636866850117,0.0008018447877813301,0.0008858767992569089,0.0014004556963239717
2022-10-11 00:00:00+00:00,0.9995099902153016,0.004964717505653847,2.139768583385178e-05,9.841656761545609e-05,0.00010561858019138596,0.00035246099945415775,0.00047964191017389827,0.0007762710930885801,0.0009064405548926252,0.0013966494109762446
2022-10-12 00:00:00+00:00,0.9976000189781188,-0.0019127357138086637,2.464841991094576e-05,4.6046105744797534e-05,0.00012306498752640187,0.0003283028708621161,0.0004966981528643208,0.0007039880442028322,0.0009309252725674084,0.0014192645626140872
2022-10-13 00:00:00+00:00,0.9973899722099304,-0.00021057425840961602,3.658557910879138e-06,2.8306977821824897e-05,4.9704663655676675e-05,0.0001339255580132109,0.00038076797727598264,0.0007072683503406885,0.0009153114260932081,0.00137383098945022
2022-10-14 00:00:00+00:00,1.0014100074768066,0.004022454200643444,4.434151830475974e-08,3.7028994291838977e-06,2.8351319340129657e-05,0.0001267678869555858,0.0003320057702912999,0.0005079932295140279,0.0008515937929553115,0.001346060282602138
2022-10-17 00:00:00+00:00,1.0036699771881104,0.0022542449035587303,1.6180137796274087e-05,1.6224479314578847e-05,1.9883037225457986e-05,6.592914297025555e-05,0.00015015003732778972,0.0005165811900897788,0.0008208025502249839,0.0013571108042563992
2022-10-18 00:00:00+00:00,0.9955000281333924,-0.00817338647057935,5.0816200852205095e-06,2.1261757881494597e-05,2.1306099399799358e-05,4.961307722162428e-05,0.00014802964483708034,0.000402074076675782,0.0007289527015135109,0.001357794708432226
2022-10-19 00:00:00+00:00,0.9936800003051758,-0.0018299282217605134,6.680424639744956e-05,7.188586648267006e-05,8.806600427894415e-05,9.176890370812807e-05,0.0001378150094529256,0.0004200717745702441,0.0007953786961379375,0.0013991316708947255
2022-10-20 00:00:00+00:00,1.0048099756240845,0.0111385000914265,3.3486372967955945e-06,7.015288369424517e-05,7.523450377946566e-05,9.145898309404453e-05,0.00011976596091586942,0.00022538454110725538,0.0005994078710897677,0.0013635969154913417
2022-10-21 00:00:00+00:00,1.0038100481033323,-0.0009956363986636596,0.00012406618428670814,0.00012741482158350377,0.0001942190679809533,0.00021548082586244792,0.00021918372529163179,0.0003422487128180336,0.0007158818781559527,0.0014282418479143483
2022-10-24 00:00:00+00:00,0.9978799819946288,-0.0059250766784058485,9.912918383439417e-07,0.0001250574761250521,0.0001284061134218477,0.00020029197990451778,0.00021651645921909663,0.00026622112287477326,0.0005972844364950792,0.001356260873434484
2022-10-25 00:00:00+00:00,0.9994000196456908,0.0015221080101776932,3.510653364498888e-05,3.609782548333282e-05,0.00016016400977004097,0.00023031689346428614,0.0002515786513457807,0.0002799299706859104,0.0005835844216370808,0.0013094034262893794
2022-10-26 00:00:00+00:00,0.9946699738502502,-0.004744121001104061,2.3168127946470968e-06,3.7423346439635975e-05,3.841463827797992e-05,0.00016582945986148368,0.00023771532634415374,0.00025759836356961175,0.00038786536367194357,0.001256293053987581
2022-10-27 00:00:00+00:00,0.985010027885437,-0.009759175851866402,2.2506684073116598e-05,2.4823496867763695e-05,5.993003051275258e-05,0.0001849875066378047,0.00025514039033204983,0.00027644648973184917,0.00040317003516913025,0.0012168314717193169
2022-10-28 00:00:00+00:00,0.9904400110244752,0.00549747825316918,9.524151330765232e-05,0.00011774819738076891,0.00012006501017541602,0.00015616283565874885,0.0002835776572422526,0.0003716436615211967,0.0004213926666951783,0.0013094250521847879
2022-10-31 00:00:00+00:00,0.9964100122451782,0.00600953178924025,3.022226714406806e-05,0.00012546378045172037,0.00014797046452483698,0.00018539381096447296,0.00031045128708952506,0.0003856857908689907,0.00043021724800539453,0.0013396377691473355
2022-11-01 00:00:00+00:00,1.0014100074768066,0.005005461574807481,3.611447232588912e-05,6.633673946995717e-05,0.00016157825277760948,0.00018640174964537322,0.00022249957512870605,0.0004167186431096593,0.0004416833004203379,0.001373606205422044
2022-11-02 00:00:00+00:00,0.9997000098228456,-0.0017090495329079027,2.505464557687419e-05,6.116911790276331e-05,9.139138504683137e-05,0.00020913958242760032,0.0002465629288672363,0.00037496904228908397,0.00046307938808633296,0.0013978269208007829
2022-11-03 00:00:00+00:00,1.0032800436019895,0.003574711176307635,2.9208503059327204e-06,2.797549588280691e-05,6.408996820869604e-05,0.00018955374866041642,0.00021437724552818011,0.0003745412552982211,0.00046595589687396094,0.0014005840688705532
2022-11-04 00:00:00+00:00,1.0134199857711792,0.010056059375145667,1.2778559994018716e-05,1.5699410299951438e-05,4.0754055876825624e-05,0.00010709079534678284,0.00022483899272755177,0.00026325363100553165,0.0004625543190717056,0.0013940902244794922
2022-11-07 00:00:00+00:00,0.9967399835586548,-0.016596077240332956,0.00010112433015645506,0.00011390289015047378,0.00011682374045640649,0.00017799285835916985,0.0003034566388108902,0.0003633866693236428,0.0005585970291429401,0.001431452579979746
2022-11-08 00:00:00+00:00,0.9888799786567688,-0.007916969113717963,0.0002754297797670975,0.00037655410992355255,0.0003893326699175713,0.0004173081658003782,0.0004836449052703354,0.0006037099154457513,0.0007672225625125881,0.001659910979220242
2022-11-09 00:00:00+00:00,0.9844499826431274,-0.004489876039524533,6.267839994756419e-05,0.0003381081797146617,0.00043923250987111675,0.00045493192017106825,0.0005161010380738316,0.0006640715025986685,0.0008265523251633567,0.0016256579103711124
2022-11-10 00:00:00+00:00,0.9835000038146972,-0.0009654502489967499,2.0158986850296507e-05,8.283738679786074e-05,0.00035826716656495823,0.00047217005671543205,0.0005001455525982389,0.0006617238053758484,0.000722645127726945,0.0016454386454483859
2022-11-11 00:00:00+00:00,0.9649099707603456,-0.019082839269895274,9.320941832878865e-07,2.1091081033584446e-05,8.376948098114858e-05,0.0004603235909047012,0.00047602300120465265,0.000567414386251484,0.0007225859300718891,0.0014470512772867085
2022-11-14 00:00:00+00:00,0.9440500140190125,-0.02185565674351081,0.0003641547546006572,0.00036508684878394513,0.0003852458356342416,0.0007233540153489034,0.0008372569054993771,0.0009013468737080731,0.0010516341510275573,0.0018036138546668426
2022-11-15 00:00:00+00:00,0.9431999921798706,-0.000900804762303864,0.0004776697316901695,0.0008418244862908267,0.0008427565804741146,0.0009255939672719754,0.001302148077195528,0.0013429021330723535,0.0015269870699230797,0.002161694852857795
2022-11-16 00:00:00+00:00,0.9429100155830384,-0.00030748641163388934,8.114492197893209e-07,0.0004784811809099589,0.000842635935510616,0.0008637270165442005,0.001201835196258862,0.0013186589367152686,0.0015052918350697525,0.0021136997535745965
2022-11-17 00:00:00+00:00,0.944379985332489,0.0015577574681059983,9.454789333948565e-08,9.059971131288607e-07,0.00047857572880329833,0.0008436625775872435,0.0009264999643851041,0.0013158326343026756,0.0014101448696554396,0.001915758430708152
2022-11-18 00:00:00+00:00,0.9526799917221068,0.008750444847391278,2.42660832944001e-06,2.52115622277955e-06,3.3326054425688166e-06,0.0008451570917333955,0.00086624817276698,0.0013054806826380968,0.0013823492108408116,0.001910983026461662
2022-11-21 00:00:00+00:00,0.9533299803733826,0.0006820412127833339,7.657028502723657e-05,7.899689335667664e-05,7.909144125001606e-05,0.0005575726221599749,0.0009226594709439201,0.001280926637508878,0.001422805023542159,0.0019105344297072942
2022-11-22 00:00:00+00:00,0.958429992198944,0.005335422853408454,4.65180215934961e-07,7.70354652431716e-05,7.946207357261154e-05,8.036807068574036e-05,0.000922192556976567,0.0010059620379577157,0.00139821555818122,0.0018896019240893774
2022-11-23 00:00:00+00:00,0.9510899782180786,-0.007687848512670577,2.8466737024673213e-05,2.893191724060823e-05,0.00010550220226784473,0.00010802335849062424,0.0005865045394005831,0.0009717503750348247,0.0014237614448999601,0.0018934202412031048
2022-11-24 00:00:00+00:00,0.9406999945640564,-0.010984399190193804,5.9103014753771196e-05,8.756975177844447e-05,8.803493199437935e-05,0.00016703182535105594,0.00016793782246418476,0.0010106944029382994,0.001470085899659713,0.001948864698045997
2022-11-25 00:00:00+00:00,0.94336998462677,0.00283428097636694,0.00012065702556953029,0.00017976004032330153,0.00020822677734797467,0.0002852622425911462,0.00028778339881392574,0.0011304193343245417,0.001489618595072788,0.0020694773820972225
2022-11-28 00:00:00+00:00,0.947380006313324,0.004241732347718304,8.033148652995537e-06,0.00012869017422252588,0.000187793188976297,0.00021672510621690522,0.00029572199957358177,0.0007742977283768801,0.001222221963958686,0.002061330392953944
2022-11-29 00:00:00+00:00,0.9487900137901306,0.0014872165699773288,1.799229330967983e-05,2.602544196267541e-05,0.00014668246753220566,0.00023425221931065005,0.00031128768455382155,0.00031462028999639045,0.0011775358573208018,0.0020742410661784036
2022-11-30 00:00:00+00:00,0.9543099999427797,0.005801063100038889,2.2118131260151307e-06,2.0204106435695007e-05,2.8237255088690487e-05,0.00020799729541199198,0.00023692921265260015,0.0003160206539026162,0.0011595886835965203,0.0020096486329069688
2022-12-01 00:00:00+00:00,0.943880021572113,-0.010989503917498755,3.36523330906328e-05,3.5864146216647975e-05,5.3856439526327756e-05,0.0001825466137488536,0.00027011636552729803,0.00034957843909990956,0.0011923089225038652,0.002039952328700806
2022-12-02 00:00:00+00:00,0.936389982700348,-0.007967024387921164,0.00012076919635272048,0.00015442152944335333,0.0001566333425693684,0.00018265878453204378,0.00036241882485534525,0.00046792102712319003,0.0009489233642559284,0.0020366553407668185
2022-12-05 00:00:00+00:00,0.9364500045776368,6.409717617852917e-05,6.347347759773059e-05,0.0001842426739504511,0.00021789500704108388,0.00023809911347677883,0.00036678928769930466,0.00045482421969368403,0.0005347271101634896,0.002099137526526205
2022-12-06 00:00:00+00:00,0.942300021648407,0.0062275831225671804,4.108447994061407e-09,6.347758604572469e-05,0.00018424678239844513,0.00022011092861509308,0.00024613637057776844,0.00045436314792574316,0.0005339197693916943,0.0020640351013292103
2022-12-07 00:00:00+00:00,0.9420300126075744,-0.00028658360029508445,3.8782791548483594e-05,3.87868999964777e-05,0.00010226037759420823,0.0002566819070375615,0.00027688601347325653,0.0004646792024495535,0.0005726080130468384,0.002100501080083047
2022-12-08 00:00:00+00:00,0.9402700066566468,-0.001870059444113982,8.213015995809273e-08,3.886492170844173e-05,3.8869030156435736e-05,0.00022311170410688682,0.0002589758503235348,0.0004056583178557404,0.0005702635348773565,0.0020780765261698884
2022-12-09 00:00:00+00:00,0.9358599781990052,-0.004701205796538974,3.4971223245198953e-06,3.5792524844780287e-06,4.236204403296157e-05,0.00010583963007868623,0.00026026115952203953,0.00028849841461073,0.0004971903721746398,0.001986332135186756
2022-12-12 00:00:00+00:00,0.9349899888038636,-0.000930047276047688,2.2101335941411646e-05,2.559845826593158e-05,2.568058842588962e-05,6.44674884223673e-05,0.0002487101623728184,0.00030256660189914613,0.0005188265279001164,0.0019782112039840993
2022-12-13 00:00:00+00:00,0.9357399940490724,0.0008018316831043815,8.649879356837244e-07,2.296632387709541e-05,2.646344620161525e-05,6.532836791005696e-05,0.0001288059539557816,0.00028543929652515,0.000491224778811127,0.001942961719593894
2022-12-14 00:00:00+00:00,0.928979992866516,-0.00725045137486055,6.429340480300053e-07,1.5079219837137703e-06,2.360925792512536e-05,2.718851040960336e-05,6.597541040608102e-05,0.0002838704174471649,0.0004327646981053858,0.00191855000806505
2022-12-15 00:00:00+00:00,0.9243500232696532,-0.004996389405439644,5.2569045139217245e-05,5.321197918724729e-05,5.407696712293096e-05,7.967542538886251e-05,0.0001185403470973042,0.0003027871294957493,0.0003646767176750727,0.0019681982028983344
2022-12-16 00:00:00+00:00,0.9276400208473206,0.0035529359879854644,2.496390709078952e-05,7.75329522300068e-05,7.817588627803675e-05,0.00010114221015513214,0.00010472146263961012,0.00020698184023381838,0.00038160747611286675,0.001980383549995105
2022-12-19 00:00:00+00:00,0.9345800280570984,0.007453511568707646,1.2623354134722248e-05,3.758726122551181e-05,9.0156306364729e-05,9.166422834844274e-05,0.00011726268661437429,0.00015613171677081005,0.00037623853693790916,0.0018918825739733724
2022-12-20 00:00:00+00:00,0.928730010986328,-0.006279187220029958,5.555483470485872e-05,6.817818883958101e-05,9.314209593037047e-05,0.00014635407511761773,0.00016932039899471312,0.0002116824430276747,0.00042958155851675276,0.0016720076289111336
2022-12-21 00:00:00+00:00,0.9261900186538696,-0.0027386559845344466,3.9428192144187553e-05,9.498302684904631e-05,0.0001076063809837685,0.00018513933321377527,0.00018664725519748903,0.00021232784362337865,0.0004353574175703075,0.001648757421107757
2022-12-22 00:00:00+00:00,0.9262999892234802,0.00011872730138585974,7.500236601626339e-06,4.6928428745813926e-05,0.0001024832634506726,0.0001400705246761844,0.00019328250386343163,0.00021974595006504688,0.0003220884578192133,0.0016360986708590867
2022-12-23 00:00:00+00:00,0.930999994277954,0.005061126504897637,1.4096172094368772e-08,7.514332773720742e-06,4.694252491790824e-05,0.00011512071375748924,0.00019265366598749599,0.00021626292391262137,0.00025862907639357714,0.0016351806728478933
2022-12-26 00:00:00+00:00,0.9328799843788148,0.0020172873360216476,2.561500149857737e-05,2.562909767067177e-05,3.312933427229806e-05,0.00012811236112134436,0.00016569962234685612,0.00021977658946978711,0.0002842399694441604,0.0012966409197458133
2022-12-27 00:00:00+00:00,0.9320099949836732,-0.0009330196074637531,4.069448196073315e-06,2.9684449694650714e-05,2.9698545866745034e-05,7.662697461255895e-05,0.00014480516345213992,0.0002229810497301767,0.0002495266260917502,0.0008230406362517171
2022-12-28 00:00:00+00:00,0.929199993610382,-0.0030195448397142555,8.70525587911816e-07,4.939973783985162e-06,3.055497528256248e-05,3.806930805628321e-05,0.00013305233490532947,0.00022320864127005848,0.0002503150215197039,0.0008230997126198396
2022-12-29 00:00:00+00:00,0.9277099967002868,-0.0016048136287181158,9.117651039044988e-06,9.988176626956835e-06,1.40576248230301e-05,3.968672249370186e-05,8.661515123951575e-05,0.00017975724716988624,0.00025593555023422894,0.0008321228157655451
2022-12-30 00:00:00+00:00,0.9228500127792358,-0.005252458790187153,2.5754267829194067e-06,1.1693077821964426e-05,1.2563603409876191e-05,4.22480531045269e-05,4.9762385878247604e-05,0.00015736876686201612,0.00023640964107573675,0.0008322716342190245
2023-01-02 00:00:00+00:00,0.923799991607666,0.00102886731104955,2.7588323342614295e-05,3.0163750125533733e-05,3.928140116457867e-05,4.4221374948563824e-05,6.985047261923557e-05,0.00017233373606990817,0.0002631329764826673,0.0007832896725344022
2023-01-03 00:00:00+00:00,0.9240000247955322,0.00021650956474932037,1.0585679437463315e-06,2.8646891286360657e-05,3.1222318069280014e-05,4.1210494696236835e-05,7.089494439088753e-05,0.00011783746930879578,0.00026354861037838364,0.0007838830602622136
2023-01-04 00:00:00+00:00,0.9358000159263612,0.012689696974420073,4.687639162794015e-08,1.1054443353743022e-06,2.8693767677988545e-05,4.0386845499952965e-05,4.532681928393809e-05,7.845615355623618e-05,0.0002110264416307943,0.0007554631996291683
2023-01-05 00:00:00+00:00,0.9295899868011476,-0.006658180924857315,0.00016102840930260596,0.00016107528569423392,0.0001621338536379802,0.00019229760376351392,0.00020228578039047074,0.0002319843262572158,0.0003470909438426107,0.0008573885941780031
2023-01-06 00:00:00+00:00,0.9358299970626832,0.006690218385377311,4.4331373228133816e-05,0.00020535978253073982,0.00020540665892236772,0.00023405355020872837,0.00024574662803069275,0.00027630160331325527,0.00037879896293602233,0.0007810629418366067
2023-01-09 00:00:00+00:00,0.9268699884414672,-0.009620526975137295,4.4759022044040594e-05,8.909039527217444e-05,0.00025011880457478035,0.0002512242489101547,0.00028138799903568834,0.00029544562385871846,0.00036800315027520417,0.0008177888152276517
2023-01-10 00:00:00+00:00,0.920930027961731,-0.00642924655026024,9.255453927934435e-05,0.00013731356132338498,0.00018164493455151876,0.00034272022024575265,0.00037136711153211324,0.0003839307149419895,0.00042112949741036096,0.0008923510611973162
2023-01-11 00:00:00+00:00,0.9222400188446044,0.0014214544183989153,4.1335211204033195e-05,0.00013388975048337758,0.00017864877252741812,0.00038400855505815794,0.0003851139993935322,0.00042439540055811087,0.0004549644720127678,0.0009314744592753342
2023-01-12 00:00:00+00:00,0.9309200048446656,0.009367835876017042,2.0205326635857986e-06,4.335574386761902e-05,0.00013591028314696333,0.00022500067841913778,0.00038607596411337165,0.0004172982821826517,0.00045697090850425925,0.0008998426588482872
2023-01-13 00:00:00+00:00,0.9272000193595886,-0.0040040367754667905,8.775634899999197e-05,8.97768816635778e-05,0.00013111209286761097,0.00026842565419099595,0.0004737854367217357,0.0005024792043997243,0.0005191122560056739,0.0008668298114955587
2023-01-16 00:00:00+00:00,0.9267200231552124,-0.0005178176017240077,1.6032310499290492e-05,0.00010378865949928249,0.00010580919216286826,0.00023969894264624586,0.00032878933791842025,0.0004909231915564005,0.000531075118308891,0.0008193886443971187
2023-01-17 00:00:00+00:00,0.9253900051116944,-0.0014362195029897357,2.681350686552031e-07,1.6300445567945722e-05,0.00010405679456793767,0.0001474125384355567,0.0002847260997589416,0.0004901327586813093,0.0005304727277896345,0.0008196526710177798
2023-01-18 00:00:00+00:00,0.9219200015068054,-0.003756822269868676,2.062726460768083e-06,2.3308615294233133e-06,1.8363172028713777e-05,0.00010814005369229158,0.0002420298041756691,0.0004921486087504494,0.0005234178032113575,0.0007829326059300642
2023-01-19 00:00:00+00:00,0.91593998670578,-0.006507607699513612,1.411371356738123e-05,1.617644002814934e-05,1.6444575096804516e-05,0.00012023323459608701,0.00016358897846370597,0.00034523391301522475,0.0005349560899958195,0.0007969641893374874
2023-01-20 00:00:00+00:00,0.915499985218048,-0.00048049786282147733,4.234895797076885e-05,5.646267153815011e-05,5.8525397998918164e-05,7.48258435668639e-05,0.00016460272523044164,0.00034325149775785976,0.0005497167246239739,0.0008358160249837364
2023-01-23 00:00:00+00:00,0.9198899865150452,0.004783735049642232,2.3087819617600723e-07,4.257983616694488e-05,5.669354973432608e-05,5.9024411263749404e-05,0.00016281307076303184,0.00029872335390999515,0.0005488890348764035,0.0008139455672385007
2023-01-24 00:00:00+00:00,0.9216700196266174,0.0019331801950469019,2.2884121025175568e-05,2.3114999221351595e-05,6.546395719212041e-05,8.164039722026976e-05,9.794084278821544e-05,0.0002290529356558264,0.0005717262795099511,0.0008359647003279926
2023-01-25 00:00:00+00:00,0.9222999811172484,0.0006832665551881612,3.7371856665215773e-06,2.6621306691697166e-05,2.6852184887873145e-05,8.331485642602326e-05,8.564571795544653e-05,0.00019145491011831478,0.00041443505587386684,0.0008390589519464842
2023-01-26 00:00:00+00:00,0.9169700145721436,-0.005795757531423376,4.6685318543869646e-07,4.204038851960294e-06,2.7088159877135835e-05,6.966799604408073e-05,8.584443607223e-05,0.0001899012306401677,0.0003705705358311717,0.0007869567599927056
2023-01-27 00:00:00+00:00,0.920199990272522,0.0035162549136170396,3.359080536305079e-05,3.4057658548489506e-05,3.779484421501105e-05,6.0909843436362665e-05,0.00011737251497451271,0.0001357356870032265,0.00035940231915018196,0.0007955836582649668
2023-01-30 00:00:00+00:00,0.92085999250412,0.000716980724197902,1.2364048617535974e-05,4.595485398058678e-05,4.642170716602545e-05,7.304301385772263e-05,0.00011562285002466746,0.00013206742512147197,0.0002792118284883735,0.0007953243527477807
2023-01-31 00:00:00+00:00,0.925279974937439,0.004788359448927887,5.140613588713481e-07,1.2878109976407343e-05,4.64689153394581e-05,5.0672954191418416e-05,7.378795341276995e-05,0.00013231335141168814,0.0002383906786432117,0.0007402835794017933
2023-02-01 00:00:00+00:00,0.9162499904632568,-0.009807124531036063,2.2928386212136976e-05,2.3442447571008345e-05,3.580649618854429e-05,6.986415473703381e-05,9.648546142873093e-05,0.00015317901116305703,0.00025929853219176286,0.0007237837734697427
2023-02-02 00:00:00+00:00,0.907260000705719,-0.009860173661919977,9.617969156724931e-05,0.00011910807777938631,0.00011962213913825762,0.00016557699311884442,0.00016978103197080467,0.00023524498916292508,0.0002677218747590202,0.0008124632284353656
2023-02-03 00:00:00+00:00,0.9132000207901,0.006525868291356651,9.722302464322041e-05,0.00019340271621046975,0.0002163311024226067,0.00022920921239901403,0.0002632668709475035,0.00029011905583537666,0.00034891258890295016,0.0009096721569064916
2023-02-06 00:00:00+00:00,0.9263299703598022,0.014275573231925714,4.2586956956134176e-05,0.0001398099815993546,0.0002359896731666039,0.00025943212073761227,0.000305386974718199,0.0003324751345953348,0.00039123141079042915,0.0009266441123640484
2023-02-07 00:00:00+00:00,0.927869975566864,0.001661099780042738,0.000203791991100074,0.0002463789480562082,0.00034360197269942856,0.0004627100504788149,0.0004755881604552222,0.0005133830046702332,0.0005929606754297349,0.0011263666552680492
2023-02-08 00:00:00+00:00,0.9216499924659728,-0.006726076666132036,2.7592524792580326e-06,0.00020655124357933202,0.00024913820053546615,0.00044254091674593595,0.00046598336431694423,0.0005124050714829697,0.0005816062143416118,0.0011282553821593954
2023-02-09 00:00:00+00:00,0.9209100008010864,-0.0008032212870952016,4.5240107318685846e-05,4.799935979794388e-05,0.00025179135089801785,0.0003916013324973725,0.0005107094102767587,0.0005571783256162168,0.0005844973636895288,0.0011643778384390362
2023-02-10 00:00:00+00:00,0.921974003314972,0.0011547147077456549,6.451644360428722e-07,4.588527175472872e-05,4.864452423398675e-05,0.00029502347229019496,0.0004884261885006647,0.0005242326846892089,0.0005849116499293956,0.0011624475760921597
2023-02-13 00:00:00+00:00,0.9237899780273438,0.0019677221103805292,1.333366056284133e-06,1.9785304923270054e-06,4.7218637811012854e-05,0.0002537698813903449,0.00039357986298969947,0.0005132020021279571,0.0005633608949605043,0.0011361926188058296
2023-02-14 00:00:00+00:00,0.918619990348816,-0.005612215888072175,3.871930303680403e-06,5.205296359964537e-06,5.850460796007409e-06,5.3849820593951316e-05,0.0003002287686501594,0.0005165598710727662,0.000563495639597663,0.0011390059811657634
2023-02-15 00:00:00+00:00,0.92153000831604,0.0031628078093233203,3.149696717432975e-05,3.536889747801015e-05,3.670226353429429e-05,8.258753528902303e-05,0.000289138778868355,0.000525128452034959,0.0005945257535865541,0.0011704560719484653
2023-02-16 00:00:00+00:00,0.923359990119934,0.0019838390425672564,1.000335323871658e-05,4.1500320413046334e-05,4.537225071672673e-05,4.735078120905377e-05,9.535014100699762e-05,0.0004389521137064262,0.0005709383014622199,0.001019431015884576
2023-02-17 00:00:00+00:00,0.926460027694702,0.0033517211913305645,3.935617346814168e-06,1.3938970585530747e-05,4.54359377598605e-05,5.064123411982507e-05,9.652650587455376e-05,0.00034566470641002,0.0005625098701914982,0.0009790352600032564
2023-02-20 00:00:00+00:00,0.92535001039505,-0.0011988458964646564,1.1234034944414378e-05,1.5169652291228545e-05,2.5173005529945125e-05,6.0541903007955305e-05,6.252043350028229e-05,0.00031431178439830017,0.0005732298437770412,0.0009455102729036301
2023-02-21 00:00:00+00:00,0.9231799840927124,-0.0023478410473603967,1.4372314834701458e-06,1.2671266427884523e-05,1.660688377469869e-05,5.810720418774505e-05,6.331250054770956e-05,0.0001119570247816963,0.0005517386890483742,0.000854392965107756
2023-02-22 00:00:00+00:00,0.9275000095367432,0.0046685902537547674,5.512357583670365e-06,6.949589067140511e-06,1.818362401155489e-05,3.212259459708566e-05,6.74914920750958e-05,0.00011471012988610864,0.00046107135506479535,0.0008185701114873931
2023-02-23 00:00:00+00:00,0.9312400221824646,0.004024250437638946,2.1795734957454004e-05,2.7308092541124368e-05,2.8745324024594516e-05,4.391497631582308e-05,8.541529672886939e-05,9.12657575248768e-05,0.00038564406537902894,0.0008383453137812614
2023-02-24 00:00:00+00:00,0.9336900115013124,0.002627434471038692,1.6194591584837247e-05,3.799032654229125e-05,4.3502684125961615e-05,5.6173950553846165e-05,7.011292113937689e-05,0.00010681518467367117,0.000359251700007732,0.0007667835563661066
2023-02-27 00:00:00+00:00,0.9400299787521362,0.006767277372537302,6.903411899602372e-06,2.309800348443962e-05,4.489373844189362e-05,5.184332750903416e-05,6.701297980026268e-05,0.00011238523051698941,0.0001623631208072604,0.0007576546577664184
2023-02-28 00:00:00+00:00,0.9355999827384948,-0.004723750784647741,4.579604303685536e-05,5.269945493645773e-05,6.889404652129499e-05,9.620213906241937e-05,0.00010887340549030388,0.00015430934325016436,0.00020539991136485773,0.0008031825657346187
2023-03-01 00:00:00+00:00,0.941868007183075,0.006677128735121635,2.2313821475460153e-05,6.810986451231552e-05,7.50132764119179e-05,0.00011300360295420916,0.00011995319202134965,0.00014512619755129477,0.00018247362552163202,0.0008234336607493108
2023-03-02 00:00:00+00:00,0.9394699931144714,-0.0025492658596168102,4.458404814538704e-05,6.68978696208472e-05,0.00011269391265770256,0.0001357919161421422,0.00016310000868326654,0.00017970689245796524,0.0002264125092309762,0.0008539039953273165
2023-03-03 00:00:00+00:00,0.9418699741363524,0.0025513542108599116,6.4987564230078346e-06,5.1082804568394875e-05,7.339662604385502e-05,0.00012609608098031278,0.00016408640752260401,0.0001822700315341589,0.00023157789959769992,0.0008180537937795554
2023-03-06 00:00:00+00:00,0.9368000030517578,-0.0053974178055766625,6.509408309272603e-06,1.3008164732280437e-05,5.759221287766748e-05,0.00012570207738998304,0.0001488000808744226,0.00017754540489901713,0.0002342153776032921,0.0008243323238926521
2023-03-07 00:00:00+00:00,0.9306899905204772,-0.00654357919352358,2.9132118967955995e-05,3.56415272772286e-05,4.214028370023643e-05,0.00010903815332108363,0.00016173760825754135,0.00020524029238350297,0.00023185052939691836,0.0008305803218354325
2023-03-08 00:00:00+00:00,0.942229986190796,0.01232315512914188,4.28184286619147e-05,7.195054762987069e-05,7.84599559391433e-05,0.0001295427605075382,0.0001976526250198537,0.0002425463634617473,0.0002646656048201165,0.0008696615648308256
2023-03-09 00:00:00+00:00,0.9408699870109558,-0.0014444261437512734,0.00015186015233689584,0.00019467858099881053,0.00022381069996676653,0.000236818864699047,0.00030371673431989416,0.0003726107808411891,0.00041259013981019815,0.0010210548639822828
2023-03-10 00:00:00+00:00,0.9328500032424928,-0.008560545639107908,2.0863668847521743e-06,0.000153946519221648,0.0001967649478835627,0.00023240647516079133,0.0002834892797291862,0.00035850255614110405,0.00040344247175053594,0.0009895504255039843
2023-03-13 00:00:00+00:00,0.91839998960495,-0.01561140544725756,7.328294163924942e-05,7.53693085240016e-05,0.00022722946086089742,0.00029918000849076817,0.00031218817322304856,0.0004248820858807511,0.00047528818190631524,0.0010504693185256976
2023-03-14 00:00:00+00:00,0.9124910235404968,-0.006454766054282898,0.000243715980038663,0.0003169989216779124,0.0003190852885626646,0.0005137638695614751,0.0005494053968387037,0.0006228020228825587,0.0007134918043613078,0.0012936712372054893
2023-03-15 00:00:00+00:00,0.9144999980926514,0.00219921755287969,4.166400481552282e-05,0.0002853799848541858,0.00035866292649343524,0.0005126094457150832,0.0005845599933449539,0.0006421522062226213,0.0007333600742193767,0.0013124068558088753
2023-03-16 00:00:00+00:00,0.931029975414276,0.01791400802132316,4.836557844894131e-06,4.650056266041695e-05,0.00029021654269907994,0.0003655858512230816,0.000560264432221892,0.0006024047159221284,0.0007220020404794335,0.0012210637220865198
2023-03-17 00:00:00+00:00,0.92917001247406,-0.00199974580384496,0.0003209116833880305,0.00032574824123292464,0.00036741224604844747,0.0006844111677263599,0.0008383576869480079,0.0009168176428871512,0.0010360103119678617,0.00144475238083133
2023-03-20 00:00:00+00:00,0.9267399907112122,-0.0026186864097256374,3.998983279995526e-06,0.00032491066666802605,0.00032974722451292016,0.000615127209367106,0.0006904965178911076,0.000914307217857874,0.0009942132522110017,0.0014061644071551914
2023-03-21 00:00:00+00:00,0.929199993610382,0.002650952466782583,6.8575185124817485e-06,1.0856501792477274e-05,0.0003317681851805078,0.0003782687478409248,0.0006952676695188371,0.0008920326174023999,0.0009787569492480234,0.0012092299345675993
2023-03-22 00:00:00+00:00,0.9214699864387512,-0.008353787772665863,7.0275489811406614e-06,1.3885067493622409e-05,1.7884050773617936e-05,0.0003436322920065426,0.0006290122768607284,0.0008562417377216257,0.0009412004500837771,0.0012134982310694818
2023-03-23 00:00:00+00:00,0.9165199995040894,-0.005386317597054144,6.978577015074168e-05,7.681331913188234e-05,8.367083764436409e-05,0.0004085815043123902,0.00045508206697280707,0.0007741673555354717,0.001004487463811511,0.0012380438939015375
2023-03-24 00:00:00+00:00,0.9164000153541564,-0.00013092131585853983,2.9012417256335125e-05,9.879818740707681e-05,0.00010582573638821746,0.0001166822381806948,0.0004424304794136194,0.0008010934059070546,0.0010269904727585736,0.00126641114672183
2023-03-27 00:00:00+00:00,0.9199000000953674,0.0038120012525798552,1.7140390946131552e-08,2.9029557647281257e-05,9.881532779802293e-05,0.0001127003952916454,0.0004376110619596714,0.0007278276046587512,0.0009978754941815636,0.0012650949210564917
2023-03-28 00:00:00+00:00,0.915019989013672,-0.005319057633298929,1.4531353549670385e-05,1.4548493940616517e-05,4.356091119695164e-05,0.00012037423032883405,0.00013123073212131125,0.0004986429781697587,0.0009695884190693192,0.0012757543443024817
2023-03-29 00:00:00+00:00,0.9204000234603882,0.00586247269706594,2.8292374106355608e-05,4.282372765602599e-05,4.284086804697213e-05,0.000141639055454049,0.00015552412294767134,0.0004852713474605915,0.0008460206408387791,0.0012725497512345077
2023-03-30 00:00:00+00:00,0.9180999994277954,-0.0025020671241444414,3.43685861238436e-05,6.26609602301992e-05,7.719231377986959e-05,0.00010622187142715091,0.0001830351905590332,0.000514803375739541,0.0008783028600778704,0.0012969149841196349
2023-03-31 00:00:00+00:00,0.9133800268173218,-0.0051542828666574225,6.260339893724436e-06,4.062892601756803e-05,6.892130012392364e-05,8.346979406454022e-05,0.00018226798147161696,0.0002001520322452349,0.0008112802583323455,0.0012992397066665452
2023-04-03 00:00:00+00:00,0.9175099730491638,0.004511416018254097,2.6566631869518256e-05,3.282697176324268e-05,6.71955578870863e-05,0.00011001928554311235,0.00013904884319039355,0.00022271968083475762,0.0005941309101632008,0.001314572303591649
2023-04-04 00:00:00+00:00,0.9127100110054016,-0.005245241654569369,2.035287448975965e-05,4.6919506359277895e-05,5.3179846253002346e-05,0.00011584080648320162,0.00013038930042381805,0.00023621503681203553,0.0005728197798374376,0.0013334879465979384
2023-04-05 00:00:00+00:00,0.9053999781608582,-0.008041397142562287,2.7512560014829608e-05,4.7865434504589254e-05,7.443206637410751e-05,0.0001150609923916756,0.00015788472004770154,0.00025670004784572446,0.0005954957820073731,0.0013554881490290976
2023-04-06 00:00:00+00:00,0.9063599705696106,0.0010597347615145525,6.466406800440891e-05,9.217662801923852e-05,0.00011252950250899816,0.00014535647427224091,0.00020801743450244006,0.0002515783456993917,0.0003392481666237514,0.0013983564820760526
2023-04-07 00:00:00+00:00,0.9043999910354614,-0.0021648151507095703,1.1230377647623054e-06,6.578710576917121e-05,9.329966578400082e-05,0.0001402191721432788,0.00018084809816084675,0.0002236889662078189,0.0003363722211085182,0.0013832849282559775
2023-04-10 00:00:00+00:00,0.9042699933052064,-0.00014374953043329308,4.6864246367417e-06,5.809462401504005e-06,7.047353040591292e-05,0.00011833896491050224,0.00015116593667374487,0.00022835825045361443,0.0003342011272327782,0.001381067940993117
2023-04-11 00:00:00+00:00,0.908810019493103,0.005008091915273849,2.0663927499792253e-08,4.707088564241492e-06,5.830126329003798e-06,9.800675434824237e-05,0.00014492626070752022,0.00021384756083144384,0.0003271942421791373,0.0013352925618837614
2023-04-12 00:00:00+00:00,0.902899980545044,-0.0065242891102709755,2.508098463183129e-05,2.5101648559331083e-05,2.9788073196072782e-05,9.557517896524406e-05,0.00014344061346983325,0.00021063617135691953,0.0002824894566602269,0.0013380597250401325
2023-04-13 00:00:00+00:00,0.8957729935646057,-0.007924758287860587,4.256634839440044e-05,6.764733302623172e-05,6.766799695373152e-05,7.347745935523559e-05,0.00016565408737447405,0.00021883393362747637,0.00029604338779829224,0.0013360420252891457
2023-04-14 00:00:00+00:00,0.8889999985694885,-0.007589791573604357,6.280179392101505e-05,0.00010536814231541549,0.0001304491269472468,0.00013515621551148834,0.0002009433212806595,0.000275375387654767,0.00035882804132836114,0.0013923450627871532
2023-04-17 00:00:00+00:00,0.8948000073432922,0.00650300391782388,5.76049361307557e-05,0.00012040673005177076,0.0001629730784461712,0.00018807472700550234,0.0001938841894070063,0.0003064136919160045,0.00040190162390944643,0.001443440590608636
2023-04-18 00:00:00+00:00,0.8985099792480469,0.004137574903658084,4.228905995523273e-05,9.989399608598843e-05,0.00016269579000700347,0.00023034312303323528,0.00023505021159747673,0.00032834987738147755,0.0004158983097583236,0.001456597531595913
2023-04-19 00:00:00+00:00,0.8959000110626221,-0.002909000774675069,1.7119526083381204e-05,5.940858603861393e-05,0.00011701352216936963,0.00022238166448478519,0.00024748331304411624,0.0003179568434500291,0.0003986492497178612,0.0014308986290173795
2023-04-20 00:00:00+00:00,0.8977000117301941,0.0020071378779977778,8.462285507060152e-06,2.5581811590441354e-05,6.787087154567409e-05,0.0001882776015974449,0.0002559249346236766,0.00026175506095268037,0.0004008511953311969,0.0012875007621875438
2023-04-21 00:00:00+00:00,0.8923199772834778,-0.006011162646162027,4.028602461293423e-06,1.2490887968353575e-05,2.961041405173478e-05,0.00012950441013772327,0.00023487255245313872,0.0002646606256492115,0.00037831316592297205,0.001289442997764085
2023-04-24 00:00:00+00:00,0.891700029373169,-0.0006950011019494495,3.613407635861366e-05,4.0162678819907084e-05,4.862496432696724e-05,0.00010803355036558122,0.00022844028041735194,0.0002961082773710834,0.00039409436779182607,0.0012522941324834493
2023-04-25 00:00:00+00:00,0.8870900273323059,-0.005183312493552791,4.830265317109491e-07,3.661710289032461e-05,4.064570535161803e-05,6.622751694205945e-05,0.0001661215130280478,0.0002965706399752946,0.0003670648343087074,0.0010090611789764972
2023-04-26 00:00:00+00:00,0.8918200135231018,0.005317860070510799,2.6866728405820456e-05,2.7349754937531405e-05,6.348383129614507e-05,7.59747192644987e-05,0.00013538330530311259,0.00029835638374928376,0.00032926749471011896,0.000994263902566795
2023-04-27 00:00:00+00:00,0.8908100128173828,-0.0011331580853784357,2.827963572953312e-05,5.5146364135353574e-05,5.562939066706453e-05,9.579206948697166e-05,0.00012137388107741297,0.0002840696710844164,0.0003564240926748898,0.0010177069804514337
2023-04-28 00:00:00+00:00,0.8938800096511841,0.003440373200089289,1.284047246458522e-06,2.9563682975991644e-05,5.64304113818121e-05,9.304751427213676e-05,0.00010553840224049028,0.00022255192440985992,0.0003530217152846066,0.0006980793443098618
2023-05-01 00:00:00+00:00,0.8948000073432922,0.0010286890494618228,1.1836167755892614e-05,1.3120215002351136e-05,4.139985073188426e-05,6.874960566941572e-05,0.00010891228448932274,0.00017678315603499682,0.0003648372191129994,0.0007059165287857589
2023-05-02 00:00:00+00:00,0.8958699703216553,0.0011950422121837362,1.0582011604826687e-06,1.2894368916375283e-05,1.4178416162833805e-05,6.932478029818744e-05,0.000105941883188512,0.00013555229724024676,0.0003408144356416508,0.0007001172114337598
2023-05-03 00:00:00+00:00,0.8922500014305115,-0.004048916061255126,1.4281258889009979e-06,2.4863270493836665e-06,1.432249480527628e-05,4.388617778126798e-05,7.123593271879934e-05,0.00011986089704576656,0.00029967621313615133,0.0006945177883415202
2023-05-04 00:00:00+00:00,0.8834199905395508,-0.009945635975505254,1.639372127108972e-05,1.782184715999072e-05,1.8880048320473384e-05,3.2000263322824576e-05,8.71466274581781e-05,0.00012779233280979613,0.000253268140486226,0.0006411257394618681
2023-05-05 00:00:00+00:00,0.885200023651123,0.0020129068972614683,9.891567495726435e-05,0.00011530939622835407,0.00011673752211725506,0.0001296318910336304,0.000159195574009622,0.00022267940530576707,0.0002945788793127347,0.0007110289971627975
2023-05-08 00:00:00+00:00,0.8911700248718262,0.006721599142760423,4.0517941770427915e-06,0.00010296746913430714,0.00011936119040539685,0.00012184751745478058,0.00013496773245713167,0.0001905971231241962,0.0002563416135345447,0.0007150636509488941
2023-05-09 00:00:00+00:00,0.8899099826812744,-0.0014149194819154387,4.517989503595766e-05,4.923168921300045e-05,0.0001481473641702648,0.00016596921133025556,0.0001788635802466308,0.0002352939916284429,0.00028440198248712116,0.0007457121924351813
2023-05-10 00:00:00+00:00,0.8901600241661072,0.0002809344413595566,2.0019971403038534e-06,4.718189217626151e-05,5.1233686353304305e-05,0.00016654308258165842,0.00016902940963104204,0.0002104292603629263,0.0002779416941203649,0.0007194218154691297
2023-05-11 00:00:00+00:00,0.8892899751663208,-0.0009778853796909431,7.892416034200613e-08,2.0809213006458597e-06,4.726081633660352e-05,0.00015022828547091072,0.0001680501326309014,0.0001822285487937352,0.00027399201581941346,0.000685132153505628
2023-05-12 00:00:00+00:00,0.8939999938011169,0.0052824046218378495,9.562598158133e-07,1.035183976155306e-06,3.0371811164591596e-06,5.226887032945966e-05,0.00016757826655781368,0.00018190076136308995,0.00023881419927661312,0.0006798280734277169
2023-05-15 00:00:00+00:00,0.8983799815177917,0.004887352565223879,2.7903798588813876e-05,2.8860058404627175e-05,2.8938982564969183e-05,7.612087474123075e-05,0.00017908834387553784,0.00019796839219601124,0.00026623497133371606,0.0006811652401470125
2023-05-16 00:00:00+00:00,0.8954600095748901,-0.0032555573923887388,2.3886215096800432e-05,5.1790013685614305e-05,5.2746273501427614e-05,5.482719480207352e-05,0.00010405888401507392,0.000220796406132329,0.000263254458024696,0.0006846985807540533
2023-05-17 00:00:00+00:00,0.8963500261306763,0.0009934274406851046,1.0598653935136965e-05,3.44848690319374e-05,6.238866762075127e-05,6.342385159690663e-05,0.00011060574377316808,0.00022996693417856495,0.00024557347623029984,0.0006677846746743607
2023-05-18 00:00:00+00:00,0.8987420201301575,0.0026650392888898644,9.86898079906157e-07,1.1585552015043122e-05,3.5471767111843556e-05,6.433182551647079e-05,6.641274681711658e-05,0.0002145601109873814,0.00024527632706374745,0.0006041075047498579
2023-05-19 00:00:00+00:00,0.9048699736595154,0.0067952277212124795,7.102434411326594e-06,8.089332491232751e-06,1.8687986426369717e-05,7.047800011198407e-05,7.151318408813934e-05,0.00012274687044144363,0.0002405425937191815,0.0006100869013964222
2023-05-22 00:00:00+00:00,0.8981900215148926,-0.007409606695859439,4.617511978313455e-05,5.327755419446114e-05,5.42644522743673e-05,8.874932130630475e-05,0.00011760937971093188,0.0001648701960475354,0.00028565951234183336,0.0006515755965428151
2023-05-23 00:00:00+00:00,0.8982999920845032,0.00012242825611662178,5.490227138732503e-05,0.00010107739117045958,0.00010817982558178617,0.00011976537759682935,0.0001715553912824436,0.00017459257239890277,0.00033913365784025735,0.0007064572040026402
2023-05-24 00:00:00+00:00,0.9013100266456604,0.003345210725429204,1.498867789575714e-08,5.4917260065220786e-05,0.00010109237984835534,0.00010918171233958814,0.00014366658137152547,0.00017260556393649466,0.00032275492524706345,0.0006813912080487047
2023-05-25 00:00:00+00:00,0.9039999842643738,0.0029800528365607343,1.1190434797526582e-05,1.120542347542234e-05,6.610769486274737e-05,0.00011938524905720857,0.00013097080107225164,0.00018371707457367925,0.00023502968508732567,0.0006500152944518309
2023-05-26 00:00:00+00:00,0.9050499796867372,0.0011608253626972376,8.880714908693679e-06,2.007114970622026e-05,2.008613838411602e-05,0.00012116352955457565,0.00012925286204580835,0.00019164152966655963,0.00023985860581897655,0.0005960942154395095
2023-05-29 00:00:00+00:00,0.9056900143623352,0.0007069316460191905,1.347515522681173e-06,1.0228230431374852e-05,2.1418665228901435e-05,7.633592529412228e-05,0.00012961347948858335,0.0001650852466004269,0.00019602622630570006,0.000539836794831435
2023-05-30 00:00:00+00:00,0.9044600129127502,-0.0013590051878114434,4.99752352143402e-07,1.847267874824575e-06,1.0727982783518255e-05,2.1933406258940647e-05,0.00012301079742940018,0.0001416987838557699,0.00019452398151753963,0.0004980474872283457
2023-05-31 00:00:00+00:00,0.9057999849319458,0.001480419680619599,1.8468951004984165e-06,2.3466474526418183e-06,3.6941629753229916e-06,2.3765312681543306e-05,7.868257274676404e-05,0.00013294702502113134,0.00019629195245769601,0.0004827748562454629
2023-06-01 00:00:00+00:00,0.9098899960517884,0.0045051942572935655,2.191642430765836e-06,4.038537531264252e-06,4.538289883407654e-06,1.476652031478256e-05,2.5971943790204848e-05,0.000134151769371991,0.00019752733507264855,0.00047650421316916856
2023-06-02 00:00:00+00:00,0.905589997768402,-0.004737046223452099,2.029677529595092e-05,2.2488417726716755e-05,2.433531282721517e-05,2.61825807020398e-05,4.6253730408260004e-05,0.00014734611025661533,0.00018992031177978558,0.0004927723860038261
2023-06-05 00:00:00+00:00,0.9097200036048888,0.004550201297972178,2.2439606923121792e-05,4.273638221907271e-05,4.492802464983855e-05,4.727467210248042e-05,5.750290253385522e-05,0.00012361059739660258,0.00018847370360610695,0.0004790779165683342
2023-06-06 00:00:00+00:00,0.9059000015258788,-0.004207937459227443,2.0704331852067697e-05,4.314393877518949e-05,6.344071407114041e-05,6.747925160240472e-05,6.932651947722922e-05,8.941265786134525e-05,0.0001985793815230377,0.0004992992218886909
2023-06-07 00:00:00+00:00,0.907130002975464,0.0013568464231009797,1.7706737660769507e-05,3.84110695128372e-05,6.085067643595899e-05,8.333909416267581e-05,8.568574161531757e-05,0.000107104406844219,0.00021529922110390104,0.0004901392311436399
2023-06-08 00:00:00+00:00,0.9095399975776672,0.002653201754009571,1.8410322158819228e-06,1.954776987665143e-05,4.0252101728719124e-05,8.298848394779189e-05,8.702702147905609e-05,9.775500426257434e-05,0.00021003781890845637,0.0004637006276299888
2023-06-09 00:00:00+00:00,0.8986999988555908,-0.011989701145808884,7.0394795474794636e-06,8.880511763361387e-06,2.6587249424130894e-05,6.973118819932044e-05,9.221960592603713e-05,9.591376890136013e-05,0.00017090217867280128,0.0004694560599310097
2023-06-12 00:00:00+00:00,0.9031999707221984,0.004994707028894013,0.00014375293356581087,0.00015079241311329034,0.00015263344532917225,0.00019104451484200952,0.00023378089706108216,0.00023831918694448983,0.0002597528408512871,0.000601372825740928
2023-06-13 00:00:00+00:00,0.90829998254776,0.005630720874170728,2.494709830448326e-05,0.00016870003187029412,0.0001757395114177736,0.00019528728129442508,0.0002384312200696145,0.0002627665328968297,0.00028468495047787463,0.0006252617228849286
2023-06-14 00:00:00+00:00,0.9052600264549256,-0.0033524768134949173,3.170501756282196e-05,5.6652115867305224e-05,0.0002004050494331161,0.00020928556119647753,0.0002476966307093147,0.00029262465535915324,0.00030519953324317003,0.0006555386145588496
2023-06-15 00:00:00+00:00,0.9000800251960754,-0.005738548224525283,1.1239100785021036e-05,4.2944118347842994e-05,6.789121665232626e-05,0.00021868362976561664,0.000238231399642268,0.00030167211371340843,0.0003075579191194974,0.0006503839940727808
2023-06-16 00:00:00+00:00,0.8916400074958801,-0.009421204176389628,3.293093572520228e-05,4.417003651022332e-05,7.587505407304528e-05,0.0002445750859433395,0.0002534555977067008,0.00031430627414265984,0.00033914133932201845,0.0005843992548407187
2023-06-19 00:00:00+00:00,0.8942000269889832,0.0028670219025692806,8.875908813322136e-05,0.00012169002385842365,0.00013292912464344468,0.00018958124051074996,0.00034037365362404024,0.0003806257553527594,0.00042740067510309645,0.0006691065487968973
2023-06-20 00:00:00+00:00,0.8957800269126892,0.0017653831735291586,8.219814589811978e-06,9.697890272303335e-05,0.0001299098384482356,0.0001728539567960787,0.0003415539886663727,0.00036814123809050364,0.00043377359459240996,0.0006321464683507516
2023-06-21 00:00:00+00:00,0.8976699709892273,0.002107607993916863,3.1165777493798833e-06,1.133639233919186e-05,0.00010009548047241322,0.0001442655169826366,0.00020091763284994178,0.000353551078179114,0.00043469852991102404,0.0006332610489598276
2023-06-22 00:00:00+00:00,0.892300009727478,-0.006000075341909175,4.4420114560222635e-06,7.558589205402146e-06,1.5778403795214124e-05,0.00013746842765363784,0.00018041254600148078,0.00035615205741925434,0.00041884376607109535,0.000637624136255508
2023-06-23 00:00:00+00:00,0.8948799967765808,0.0028872176635255375,3.600090410858651e-05,4.044291556460877e-05,4.355949331398865e-05,0.00014053839603702205,0.00018470843254724532,0.0003851134819803614,0.0004324050632565601,0.0006726687805482811
2023-06-26 00:00:00+00:00,0.8957800269126892,0.0010052496844667747,8.336025836573864e-06,4.433692994516037e-05,4.8778941401182634e-05,6.011533374037455e-05,0.00018180535759879815,0.0002496965742511244,0.0004200367572410663,0.0006531010077960412
2023-06-27 00:00:00+00:00,0.895609974861145,-0.0001898548634151065,1.01052692812055e-06,9.346552764694414e-06,4.534745687328092e-05,5.2906046078683124e-05,0.00014988494880171642,0.00022576000287476171,0.0004033405465084173,0.0006302253196273612
2023-06-28 00:00:00+00:00,0.893750011920929,-0.0020789149459412154,3.604486916236874e-08,1.0465717972829187e-06,9.382597633856781e-06,4.982551319846561e-05,6.116190553765741e-05,0.0001940910301811021,0.00040153555916169775,0.0006196627105613866
2023-06-29 00:00:00+00:00,0.8966599702835083,0.003250608468262431,4.321887352457766e-06,4.357932221620135e-06,5.368459149740685e-06,4.9705389094901114e-05,5.7263978300303204e-05,0.00018717381674853884,0.0003988179669666761,0.0006229976998339382
2023-06-30 00:00:00+00:00,0.8991400003433228,0.002762035501754301,1.0566455413939428e-05,1.4888342766397194e-05,1.4924387635559563e-05,2.4270940400254036e-05,6.471385596486275e-05,0.00016480933643727596,0.0002656314888148046,0.0006264617208365511
2023-07-03 00:00:00+00:00,0.8949999809265137,-0.004615054352639147,7.628840112951132e-06,1.819529552689056e-05,2.2517182879348324e-05,2.3563754676631305e-05,6.790068462179163e-05,8.367908841700574e-05,0.0002483132306232725,0.0005879154411663677
2023-07-04 00:00:00+00:00,0.895799994468689,0.0008934706347859533,2.129872667781354e-05,2.8927566790764668e-05,3.94940222047041e-05,4.3851954426324293e-05,5.319850719101865e-05,9.67580005050073e-05,0.00023790693973826406,0.0005543118964568563
2023-07-05 00:00:00+00:00,0.8966400027275085,0.0009372791520258633,7.982897752248144e-07,2.209701645303835e-05,2.9725856565989485e-05,4.461419933238674e-05,4.5660771129669606e-05,9.443971253085224e-05,0.00022746612872846786,0.0005550951975541852
2023-07-06 00:00:00+00:00,0.8985199928283691,0.0020945105648563084,8.784922088223214e-07,1.6767819840471324e-06,2.2975508661860678e-05,4.11708041887513e-05,4.552873641037138e-05,9.08761932836523e-05,0.00019541368521208788,0.000544783254965481
2023-07-07 00:00:00+00:00,0.8952800035476685,-0.003612434842957979,4.386974506294692e-06,5.26546671511701e-06,6.063756490341828e-06,3.499132328110656e-05,4.98796660475037e-05,5.9262263681360474e-05,0.00011104157158516122,0.0005402895145630819
2023-07-10 00:00:00+00:00,0.8888999819755554,-0.007151799502025019,1.3049685494616838e-05,1.743666000091153e-05,1.831515220973385e-05,4.041216866277227e-05,5.860746418966277e-05,6.397592333940345e-05,0.00011587144248996607,0.0005519916845350177
2023-07-11 00:00:00+00:00,0.885129988193512,-0.004250209433460481,5.114823611716531e-05,6.419792161178214e-05,6.858489611807683e-05,7.026167810212404e-05,9.918924489288864e-05,0.00011411363252844821,0.0001639031008577515,0.0006026401683000396
2023-07-12 00:00:00+00:00,0.8787599802017212,-0.00722271320573406,1.806428022827646e-05,6.921251634544177e-05,8.22622018400586e-05,8.752766855517569e-05,0.00010962468500821398,0.0001321418678875623,0.0001775253696300057,0.0006188575534278176
2023-07-13 00:00:00+00:00,0.8666099905967712,-0.013922762593364724,5.216758605228519e-05,7.023186628056165e-05,0.00012138010239772697,0.00013881676239863854,0.00014049354438268563,0.00017998756658738974,0.00019369205157370437,0.000668833497049337
2023-07-14 00:00:00+00:00,0.8591200113296509,-0.008680415000355268,0.000193843318231196,0.00024601090428348117,0.00026407518451175766,0.0003282731061235399,0.0003335385728386568,0.00036326442940464625,0.00037919934396832646,0.000842380039984582
2023-07-17 00:00:00+00:00,0.8618999719619751,0.003230599385400351,7.534960457839275e-05,0.00026919292280958875,0.0003213605088618739,0.00039057302520731574,0.00040800968520822726,0.0004309851938700879,0.00045353842161859867,0.000895290037639853
2023-07-18 00:00:00+00:00,0.8603500127792358,-0.001799924070170128,1.0436772388949127e-05,8.57863769673419e-05,0.0002796296951985379,0.0003498615614790996,0.0004140594830908817,0.0004201232395812235,0.00046393914913838547,0.0008850224781767344
2023-07-19 00:00:00+00:00,0.8576499819755554,-0.003143228212948379,3.2397266583778e-06,1.3676499047326954e-05,8.902610362571967e-05,0.0003350370079092009,0.0004042495242546426,0.00042256467646437643,0.00046285698844430545,0.0008705554671743428
2023-07-20 00:00:00+00:00,0.85794997215271,0.0003497204339393545,9.879883598674661e-06,1.3119610257052488e-05,2.3556382646001588e-05,0.00029274930545559037,0.00036298117173615195,0.0004315660678542288,0.0004621704166290407,0.0008785943185571354
2023-07-21 00:00:00+00:00,0.8662599921226501,0.009639295081819543,1.223043819147304e-07,1.0002187980589418e-05,1.324191463896719e-05,9.902829160630911e-05,0.0003450391958897903,0.0004273013977298489,0.00045466388089800434,0.0008716771433915707
2023-07-24 00:00:00+00:00,0.8662400245666504,-2.3050569475657756e-05,9.291600967439044e-05,9.30383140563052e-05,0.00010291819765497983,0.00011659469670230681,0.0003857876195118955,0.0005071677219096225,0.0005262811638945813,0.0008208402195001504
2023-07-25 00:00:00+00:00,0.8698899745941162,0.004204702881325212,5.31328753152125e-10,9.291654100314363e-05,9.303884538505833e-05,0.00010615845564211084,0.00019194483260945267,0.0004560200171212103,0.0005254834054481095,0.0007958936525244202
2023-07-26 00:00:00+00:00,0.8645300269126892,-0.006180699876303458,1.767952632022454e-05,1.7680057648977717e-05,0.00011059606732336814,0.00012059825530395758,0.00013427475435128446,0.0004556352632131584,0.0005422844395595118,0.0007818681612818228
2023-07-27 00:00:00+00:00,0.8615400195121765,-0.00346452960869284,3.820105096093758e-05,5.588057728116215e-05,5.588110860991527e-05,0.0001489194226662205,0.0001620390329232729,0.00044166872812181077,0.0005760985160141546,0.0008088301114577394
2023-07-28 00:00:00+00:00,0.8688499927520752,0.00844898164392674,1.2002965409509364e-05,5.020401637044697e-05,6.788354269067148e-05,0.00016080008369381512,0.00017080227167440447,0.00025982837530012413,0.0005750517959290472,0.0007879021411420464
2023-07-31 00:00:00+00:00,0.8698199987411499,0.0011158024173189562,7.138529081941099e-05,8.338825622892037e-05,0.00012158930718985793,0.00013926936483883565,0.0002323076788951408,0.00025586406154114237,0.0005952888506312929,0.0007705283438282361
2023-08-01 00:00:00+00:00,0.871649980545044,0.002101652625928485,1.2450150344948261e-06,7.263030585390584e-05,8.463327126341517e-05,0.00014051384854457734,0.0002334303895477209,0.000246672304186688,0.0005784695854375112,0.0007635535442729189
2023-08-02 00:00:00+00:00,0.8723800182342529,0.0008371848332413279,4.416943760072097e-06,5.66195879456695e-06,7.704724961397791e-05,0.0001272512659844249,0.00014493132363340255,0.0002478495212883823,0.0005307189431452982,0.0007648539102836111
2023-08-03 00:00:00+00:00,0.8773099780082703,0.005635252908738619,7.008784450093099e-07,5.117822205081434e-06,6.362837239576233e-06,8.975109346849663e-05,0.00014563167074965874,0.000238670516134717,0.0003375765033591114,0.000761112777272598
2023-08-04 00:00:00+00:00,0.8742200136184692,-0.0035283068062088307,3.175607534544707e-05,3.245695379045641e-05,3.687389755052848e-05,0.00010950420340443434,0.00015970821977488126,0.00027030428709824933,0.0002939829741261657,0.0007568679485094586
2023-08-07 00:00:00+00:00,0.8741499781608582,-8.011514493827532e-05,1.244894891873956e-05,4.4205024264186656e-05,4.490590270919594e-05,5.056786150376292e-05,0.00013395611773268324,0.00018983722634259846,0.0002959951506559562,0.0007609808715916244
2023-08-08 00:00:00+00:00,0.8726999759674072,-0.0016601340293100342,6.4184364484808614e-09,1.2455367355188068e-05,4.421144270063511e-05,4.932926490571657e-05,0.00012195957075962236,0.0001898431134502938,0.0002927618424340269,0.0007599767630999524
2023-08-09 00:00:00+00:00,0.8755999803543091,0.003317516580815888,2.7560449952731696e-06,2.7624634317216774e-06,1.5211412350461211e-05,4.766836614091765e-05,5.3330324935484545e-05,0.0001749196321253424,0.0002856380038306254,0.0007626967632260632
2023-08-10 00:00:00+00:00,0.8766999840736389,0.0012554972164039724,1.100591626398834e-05,1.3761961259261537e-05,1.3768379695709989e-05,5.797340395989667e-05,6.309122616497806e-05,0.00014772449742839316,0.000296521615712699,0.0007693807921375938
2023-08-11 00:00:00+00:00,0.8767899870872498,0.0001026558636434971,1.576273260398123e-06,1.258218952438649e-05,1.533823451965963e-05,2.7793601874847727e-05,6.025055566530409e-05,0.00013729780527928193,0.00020518187929870668,0.0007603906099840524
2023-08-14 00:00:00+00:00,0.8766199946403503,-0.00019389925824936372,1.053822634039227e-08,1.5868114867385426e-06,1.2592727750726854e-05,1.535519118244856e-05,5.956021544663516e-05,6.592305268621135e-05,0.00020519188619629391,0.0007527723080974416
2023-08-15 00:00:00+00:00,0.8779799938201904,0.0015502102600494783,3.7596922349653444e-08,4.813514869007282e-08,1.6244084090881672e-06,1.5386369668349732e-05,2.7841737023537744e-05,6.471563457406617e-05,0.00018754995679841905,0.0007315111783419777
2023-08-16 00:00:00+00:00,0.8786200284957886,0.0007287199086762897,2.403151850362671e-06,2.4407487727123514e-06,2.4512869990527148e-06,1.5033476523439231e-05,1.7795939955160854e-05,6.270184266435674e-05,0.00015175205768784412,0.0007331160404171156
2023-08-17 00:00:00+00:00,0.8801400065422058,0.0017284659584700657,5.3103270530118e-07,2.934184555663878e-06,2.971781478013503e-06,4.558592964752074e-06,1.8320554224013556e-05,6.253199692464862e-05,0.00014028012498363594,0.0007327685809135945
2023-08-18 00:00:00+00:00,0.8782399892807007,-0.0021611005647224624,2.987594569589843e-06,3.51862727489105e-06,5.9217791252536925e-06,5.969914273943794e-06,1.8552103798330226e-05,3.3763516148791386e-05,7.18824287338148e-05,0.0007313692009768897
2023-08-21 00:00:00+00:00,0.8822699785232544,0.004578214671107805,4.670355650843746e-06,7.657950220433616e-06,8.188982925734768e-06,1.0629731698447148e-05,1.2216543185185636e-05,2.5984922880895572e-05,7.530776935016372e-05,0.0007229898711331165
2023-08-22 00:00:00+00:00,0.878462016582489,-0.004325437248153291,2.096004957474675e-05,2.563040522559052e-05,2.8617999795180335e-05,3.155218435084424e-05,3.160031949953426e-05,4.693855401919384e-05,9.185087516483837e-05,0.000692801684590698
2023-08-23 00:00:00+00:00,0.879800021648407,0.0015219635015731592,1.8709407387711913e-05,3.966945696245869e-05,4.433981261330241e-05,4.7858439888193486e-05,5.029918866090579e-05,6.289191641163258e-05,0.00010985940410754097,0.0006934468117501335
2023-08-24 00:00:00+00:00,0.8774099946022034,-0.002720253695240482,2.3163729001208317e-06,2.1025780287832773e-05,4.198582986257949e-05,4.964378008301314e-05,5.2577964638676956e-05,5.420237304776507e-05,8.041970166221474e-05,0.000643595598597969
2023-08-25 00:00:00+00:00,0.8851000070571899,0.008726261122722845,7.399780166469498e-06,9.716153066590357e-06,2.842556045430224e-05,5.405596567989279e-05,5.7574592954783786e-05,6.002587995383645e-05,7.537053290994467e-05,0.0004571520605332426
2023-08-28 00:00:00+00:00,0.8847299814224243,-0.0004181482318253854,7.614763318194416e-05,8.354741334841369e-05,8.586378624853449e-05,0.00012553324321099322,0.00013319119343142675,0.00013616297490944023,0.00015151174765544033,0.00045795008913679397
2023-08-29 00:00:00+00:00,0.8834999799728394,-0.0013912236245603588,1.7484794377869627e-07,7.632248112572289e-05,8.372226129219236e-05,0.00010474804158002516,0.00013037844680561562,0.00013630022593086926,0.00014893055060394587,0.0004476881646916236
2023-08-30 00:00:00+00:00,0.8789600133895874,-0.005151863465701678,1.9355031735348622e-06,2.1103511173135858e-06,7.825798429925772e-05,8.79741373658481e-05,0.00012764359432830674,0.00013583257725404145,0.0001398601375134924,0.0004463839412067806
2023-08-31 00:00:00+00:00,0.8781099915504456,-0.0009675447228212897,2.6541697169231706e-05,2.8477200342766596e-05,2.8652048286545263e-05,0.00011219946163495898,0.0001332252419227917,0.00016184324171797197,0.00016482556142232598,0.00046304575477733767
2023-09-01 00:00:00+00:00,0.8831999897956848,0.005779803065784406,9.361427906593262e-07,2.747783995989106e-05,2.9413343133425896e-05,0.0001057358242591488,0.0001154519773257391,0.00015979178993904148,0.00016575116598664493,0.00046385959318608224
2023-09-04 00:00:00+00:00,0.8852900266647339,0.0023636410979390177,3.3406123479250816e-05,3.434226626991017e-05,6.088396343914185e-05,6.299431455645545e-05,0.0001465417279048691,0.00018852755776744854,0.00019911969254354607,0.00040434970699094265
2023-09-05 00:00:00+00:00,0.8847699761390686,-0.0005876078096846843,5.586799239866365e-06,3.899292271911721e-05,3.992906550977651e-05,6.840626585254313e-05,0.00014472874697826597,0.00017315430743256816,0.00020230333993304978,0.00040993597490205584
2023-09-06 00:00:00+00:00,0.8893899917602539,0.005208127956641884,3.4528293800243214e-07,5.932082177868824e-06,3.933820565711961e-05,6.68160456170107e-05,6.892639673432424e-05,0.00015479018298285866,0.00020211759016575102,0.0003926017315198337
2023-09-07 00:00:00+00:00,0.8913599848747253,0.0022125440898162485,2.712459681275476e-05,2.746987975075722e-05,3.3056678990623556e-05,6.739894526053375e-05,9.587614560330029e-05,0.00017959840689549258,0.00022625459240891593,0.00038152527737165095
2023-09-08 00:00:00+00:00,0.8926699757575989,0.0014685752450578626,4.895351349380812e-06,3.20199481621356e-05,3.2365231100138e-05,7.135815381925524e-05,9.883599377914624e-05,0.0001770939780784039,0.000226479588107453,0.0003744176633115224
2023-09-11 00:00:00+00:00,0.8920000195503235,-0.0007507900513900878,2.1567132503967613e-06,7.052064599777601e-06,3.4176661412532334e-05,4.0108743590401184e-05,7.44510098603113e-05,0.0001031030581468565,0.00020767625178310303,0.0003051890857425082
2023-09-12 00:00:00+00:00,0.8912100195884705,-0.0008860425818580792,5.636857012663307e-07,2.720398951663119e-06,7.6157503010439034e-06,3.508563005180115e-05,7.40785527709183e-05,0.00010349189590434414,0.00018953053009665744,0.00030450775640927964
2023-09-13 00:00:00+00:00,0.8913900256156921,0.0002019589624916579,7.850714568657309e-07,1.3487571581320888e-06,3.505470408528823e-06,3.5525418570664446e-05,4.1457500748533215e-05,0.00010234146418767501,0.00018799922865340234,0.00030087588410607327
2023-09-14 00:00:00+00:00,0.8931999802589417,0.0020284269864584703,4.078742253070688e-08,8.258588793964649e-07,1.3895445806627685e-06,8.441609180440395e-06,3.591148893119756e-05,7.584055444097401e-05,0.00018064023590946355,0.00030021579308359467
2023-09-15 00:00:00+00:00,0.896399974822998,0.0035762159754735567,4.1145160393929915e-06,4.1553034619237254e-06,4.94037491878943e-06,7.660773870452575e-06,3.9680722032588123e-05,7.901892768970768e-05,0.00010860711876691237,0.0002725742337775406
2023-09-18 00:00:00+00:00,0.8968799710273743,0.0005353277015670149,1.2789320703232283e-05,1.6903836742625302e-05,1.694462416515598e-05,1.82933813232881e-05,2.5345445923065643e-05,5.840212491368915e-05,0.00012122159152636596,0.0002729146055620333
2023-09-19 00:00:00+00:00,0.8972499966621399,0.000412484766071447,2.86575748065023e-07,1.3075896451297334e-05,1.71904124906903e-05,1.801627137008679e-05,2.0736670321749855e-05,5.31019014218878e-05,0.00011957266410089613,0.00027319476287364987
2023-09-20 00:00:00+00:00,0.8973100185394287,6.689314015999315e-05,1.7014368224101637e-07,4.567194303060665e-07,1.3246040133538323e-05,1.7401343595462075e-05,1.875010075359411e-05,5.292676216612639e-05,9.320111061390544e-05,0.0002706088615606177
2023-09-21 00:00:00+00:00,0.8992000222206116,0.002104084403184339,4.474692200464488e-09,1.7461837444150797e-07,4.611941225065039e-07,1.7365030865131835e-05,1.819088974452824e-05,2.580664004557209e-05,9.226944251544657e-05,0.0002596074199888298
2023-09-22 00:00:00+00:00,0.9044700264930724,0.0058436622297483864,4.427171175723597e-06,4.431645867924089e-06,4.601789550165078e-06,1.767768600146244e-05,2.183298946338611e-05,2.5338459871914878e-05,6.329049021191936e-05,0.0002624583179041553
2023-09-25 00:00:00+00:00,0.9071000218391418,0.0029035556159712206,3.414838825538788e-05,3.8575559431111505e-05,3.8580034123311944e-05,3.9036753553618034e-05,5.5940590296243285e-05,5.7330134876906e-05,9.185207922744087e-05,0.00029659616793320276
2023-09-26 00:00:00+00:00,0.9120799899101256,0.0054749727662957715,8.430635215038014e-06,4.257902347042592e-05,4.700619464614949e-05,4.718081302059102e-05,6.02567094718883e-05,6.519708439067768e-05,9.993743150447645e-05,0.00030498920622589116
2023-09-27 00:00:00+00:00,0.9157599806785583,0.004026606048439754,2.9975326791680373e-05,3.8405962006718415e-05,7.255435026210628e-05,7.698599613003039e-05,7.74427155603364e-05,9.438733972549232e-05,0.00010278816148340207,0.00033256138116720884
2023-09-28 00:00:00+00:00,0.9208199977874756,0.0055102745008666215,1.621355626933161e-05,4.6188883061012015e-05,5.461951827605e-05,9.319507770716152e-05,9.3369696081603e-05,0.00011056010857229322,0.00011410636640335287,0.0003482439047312393
2023-09-29 00:00:00+00:00,0.9147599935531616,-0.006602846271673152,3.0363125074900893e-05,4.6576681344232535e-05,7.655200813591288e-05,0.00011913103160633882,0.00012356267747426288,0.00013680871760780113,0.000142312778227857,0.00037561943523655036
2023-10-02 00:00:00+00:00,0.9154800176620485,0.0007868084421933791,4.359757888734804e-05,7.396070396224896e-05,9.017426023158055e-05,0.000128580222238299,0.00016715578166941045,0.00016761697579191688,0.0001853466714139387,0.00041454665847305463
2023-10-03 00:00:00+00:00,0.917900025844574,0.0026399431984401867,6.19067524706772e-07,4.4216646412054836e-05,7.45797714869557e-05,0.00012076865454796774,0.00016334767801839362,0.00016794946756855863,0.00018518066748177974,0.00039420567642301467
2023-10-04 00:00:00+00:00,0.9209700226783752,0.0033390066780855654,6.969300090990603e-06,7.588367615697402e-06,5.118594650304541e-05,9.776262784727797e-05,0.00013616858985399634,0.00017474862397730823,0.00019210918015023963,0.0003824655691262933
2023-10-05 00:00:00+00:00,0.9166100025177002,-0.004745402412709904,1.1148965596300003e-05,1.8118265687290634e-05,1.8737333211997383e-05,9.269803717424636e-05,0.00013888692023525834,0.00018589311488140776,0.00019914362970714666,0.0003912981618224725
2023-10-06 00:00:00+00:00,0.9125900268554688,-0.0043953444888698845,2.2518844058552974e-05,3.3667809654853004e-05,4.063710974584358e-05,8.485375615789844e-05,0.00013143043750213094,0.00020398478776423713,0.00020887315306246734,0.000406417225714556
2023-10-09 00:00:00+00:00,0.9086999893188475,-0.004271745210769312,1.9319053175838867e-05,4.183789723439187e-05,5.298686283069185e-05,6.0575230446389275e-05,0.00013453593440863816,0.00018915545268468814,0.0002279056304902412,0.0003495886457084507
2023-10-10 00:00:00+00:00,0.9048399925231934,-0.004256870720470096,1.8247807145730556e-05,3.756686032156945e-05,6.0085704380122404e-05,7.820397006741306e-05,0.00012242061647946785,0.00019897262461538066,0.00024598329395373073,0.00036766160491040256
2023-10-11 00:00:00+00:00,0.9045500159263612,-0.0003205241522950958,1.8120948330795595e-05,3.6368755476526174e-05,5.5687808652365024e-05,8.935561830721805e-05,9.69439859229154e-05,0.00018711824615449588,0.00026409976759232586,0.0003838470500676633
2023-10-12 00:00:00+00:00,0.9009900093078612,-0.003943430975898082,1.0273573220448976e-07,1.822368406300011e-05,3.647149120873065e-05,7.830938844312254e-05,9.642765413041312e-05,0.00017100742561736878,0.00025977533214880674,0.0003574080886306361
2023-10-13 00:00:00+00:00,0.9078199863433838,0.007551936922479532,1.55506478616725e-05,1.5653383593877017e-05,3.377433192467259e-05,7.134119224624206e-05,0.00010500900190109501,0.00015619494840414037,0.00024117759175509138,0.00037202259370164927
2023-10-16 00:00:00+00:00,0.9024900197982788,-0.005888474270162897,5.703175128110963e-05,7.258239914278216e-05,7.268513487498663e-05,0.00010905389035151283,0.00015089178758590464,0.00016962912079790198,0.000289778707821163,0.0003956482215035081
2023-10-17 00:00:00+00:00,0.9004700183868408,-0.002240762095510468,3.467412923037046e-05,9.170588051148011e-05,0.0001072565283731526,0.00012548021243615273,0.00016304707275772214,0.00020368418250356566,0.0002944775102598531,0.00042473555149401217
2023-10-18 00:00:00+00:00,0.9001100063323975,-0.000399884541979062,5.0210147686764635e-06,3.9695143999046945e-05,9.672689528015655e-05,0.0001123802788740336,0.00014874903435055972,0.00020173589718125152,0.00028328496875919794,0.00042941128332468623
2023-10-19 00:00:00+00:00,0.8985700011253357,-0.0017123730479902677,1.5990764691380418e-07,5.180922415590295e-06,3.9855051645960726e-05,0.0001124374507887429,0.00013066113485174296,0.0001907468392318653,0.00025308175133121084,0.00040244659415884527
2023-10-20 00:00:00+00:00,0.891789972782135,-0.007573963731652464,2.9322214554834797e-06,3.092129102397311e-06,8.113143871073748e-06,9.981902438255389e-05,0.00011547240797643086,0.0001711602166287958,0.00021241639389934627,0.00040048346426494786
2023-10-23 00:00:00+00:00,0.8931999802589417,0.0015798495310039157,5.736492660838692e-05,6.0297148063870425e-05,6.0457055710784206e-05,0.00010015219970983118,0.0001727345988526133,0.00020920609006134388,0.00026916225298302644,0.00045569167762293805
2023-10-24 00:00:00+00:00,0.8906000256538391,-0.002915076171783465,2.4959245406132923e-06,5.986085114900024e-05,6.27930726044837e-05,6.797399502007402e-05,0.00015967987553155408,0.00019345420745622662,0.00026468887743264906,0.00045762391646228507
2023-10-25 00:00:00+00:00,0.893060028553009,0.002758378148507365,8.497669087299742e-06,1.0993593627913062e-05,6.835852023629996e-05,7.145064933869729e-05,0.00011114579333774418,0.00018383092821273078,0.0002620375809236489,0.00046533651409271903
2023-10-26 00:00:00+00:00,0.8967000246047974,0.004067585556047804,7.6086500101629186e-06,1.6106319097462688e-05,1.860224363807596e-05,7.889939170194641e-05,8.408031411753664e-05,0.0001913368424906892,0.0002471273868752588,0.00047290437668035126
2023-10-27 00:00:00+00:00,0.898829996585846,0.0023725283955442628,1.6545252255768718e-05,2.4153902265931664e-05,3.2651571353231385e-05,9.251242250223164e-05,9.56045516046289e-05,0.0001923314468847854,0.00024435358595518866,0.00048533511289672695
2023-10-30 00:00:00+00:00,0.902400016784668,0.003963985551005106,5.628890987663833e-06,2.217414324343258e-05,2.9782793253595477e-05,4.077638688150856e-05,0.00010107353494537894,0.0001409285865913396,0.00023173466979712194,0.0004781746831811585
2023-10-31 00:00:00+00:00,0.9020599722862244,-0.00037689336923887873,1.5713181448577253e-05,2.1342072436241114e-05,3.788732469200981e-05,5.399364378947252e-05,0.0001138544949384727,0.0001219676388095464,0.00022932690291490356,0.0004936012888816707
2023-11-01 00:00:00+00:00,0.9097999930381776,0.008543781509281242,1.4204861177623377e-07,1.5855230060353516e-05,2.148412104801733e-05,4.563802331394901e-05,5.663161694186202e-05,0.00011708867265264618,0.00022936621579447533,0.000493573193811206
2023-11-02 00:00:00+00:00,0.9055500030517578,-0.004682290203262801,7.299620247833606e-05,7.313825109011233e-05,8.885143253868955e-05,0.00011102557578212215,0.0001271318948795848,0.00018992496748406845,0.0002868117704111389,0.0005665649215973415
2023-11-03 00:00:00+00:00,0.9060999751091005,0.0006071504770427116,2.1923841547570802e-05,9.49200440259069e-05,9.506209263768312e-05,0.00011640416507392425,0.00014055806733985582,0.00020891658757615574,0.0002517038606776001,0.0005840615919691888
2023-11-06 00:00:00+00:00,0.8992099761962891,-0.007633074155421873,3.686317017731923e-07,2.2292473249344023e-05,9.528867572768007e-05,0.0001111439057880336,0.00013331804903146612,0.00015192029266954205,0.0002173983631490028,0.0005502818354155741
2023-11-07 00:00:00+00:00,0.8992000222206116,-1.1069751265121996e-05,5.8263821062169345e-05,5.8632452763942566e-05,8.055629431151336e-05,0.00015369454540162567,0.00017503661783786675,0.0002076881891910981,0.0002706411694424957,0.0006001150212627055
2023-11-08 00:00:00+00:00,0.8999699950218201,0.0008559200529535405,1.2253939307167003e-10,5.826394360156245e-05,5.863257530333562e-05,0.0001535526193292425,0.00016940784938959598,0.00019919064264319142,0.00027048138433497497,0.0005701398170104181
2023-11-09 00:00:00+00:00,0.8990799784660339,-0.0009894295784002027,7.325991370479915e-07,7.327216764410903e-07,5.8996542738610424e-05,8.128901598795445e-05,0.00015442726707806672,0.00019231459177007648,0.00026828176201653943,0.0005546588598781345
2023-11-10 00:00:00+00:00,0.9031500220298768,0.004516682645320319,9.789708906132029e-07,1.7115700276612215e-06,1.7116925670542797e-06,6.0344145330996854e-05,0.0001552641893569037,0.000176748310404921,0.00021189580629876574,0.0005252747056938467
2023-11-13 00:00:00+00:00,0.9019799828529358,-0.0012963491135069422,2.0400422118537754e-05,2.1379393009150983e-05,2.2111992146198963e-05,8.037593574776142e-05,0.00010266840899710538,0.0001915198415357949,0.0002298003038766902,0.0005020775489250366
2023-11-14 00:00:00+00:00,0.901199996471405,-0.0008651232146783955,1.6805210240902347e-06,2.2080943142628014e-05,2.3059914033241202e-05,2.379263570968231e-05,8.24250884736248e-05,0.00017748718111130788,0.0002229831558134807,0.00050313900242442
2023-11-15 00:00:00+00:00,0.8891000151634216,-0.013517472460756894,7.484381765754812e-07,2.428959200665743e-06,2.2829381319203482e-05,2.454095134686472e-05,8.28048949484271e-05,0.0001780935706761071,0.00021612294397989326,0.0004969181405100048
2023-11-16 00:00:00+00:00,0.8870800137519836,-0.0022745467795346336,0.00018272206172732103,0.00018347049990389652,0.00018515102092798676,0.00020653041393713776,0.00020726313561357878,0.0002878194299250921,0.00038229975345144556,0.0006684912366410259
2023-11-17 00:00:00+00:00,0.888480007648468,0.0015769606994261165,5.173563052291373e-06,0.00018789562477961242,0.0001886440629561879,0.0002107250060988159,0.00021243657612647708,0.0002710691514298127,0.0003818444255160731,0.0006511459556347642
2023-11-20 00:00:00+00:00,0.8859300017356873,-0.0028742034307411984,2.4868050475345064e-06,7.660368099825907e-06,0.00019038242982714692,0.00019281138902781266,0.0002141907820369636,0.000273187324775574,0.0003686180491150304,0.00063431370750646
2023-11-21 00:00:00+00:00,0.8843600153923035,-0.001773705709003634,8.261045361284476e-06,1.0747850408819011e-05,1.5921413461110383e-05,0.00019939191336500693,0.00022147285650763487,0.00022318454907468911,0.0003767370458645386,0.0006243269457220139
2023-11-22 00:00:00+00:00,0.8831800222396851,-0.0013351814417714852,3.146031942152084e-06,1.1407077303436589e-05,1.3893882350971095e-05,0.00020178950713058353,0.0002042184663312492,0.00022633045847744813,0.0003068868753283546,0.0006093520293333703
2023-11-23 00:00:00+00:00,0.8840299844741821,0.0009619256305783419,1.782709482450982e-06,4.9287414246030945e-06,1.318978678588757e-05,2.0850154885713476e-05,0.00020432065478960995,0.0002273805688228511,0.00028674574326323485,0.0006110320030836169
2023-11-24 00:00:00+00:00,0.8844699859619141,0.0004975985345391787,9.253009187635407e-07,2.7080104012145514e-06,5.854042343366635e-06,1.6601892752185646e-05,0.000204497517531798,0.00022732689885100144,0.00028730241248022513,0.0005964066561407079
2023-11-27 00:00:00+00:00,0.8822500109672546,-0.002513104698999749,2.476043015755382e-07,1.1729052203391076e-06,2.9556147027900898e-06,1.4362692006226675e-05,2.2023060106052526e-05,0.00020717408103403923,0.00022928619571963135,0.0005396225091611739
2023-11-28 00:00:00+00:00,0.8799999952316284,-0.002553572932736836,6.315695228134619e-06,6.563299529710186e-06,7.4886004484737274e-06,1.2417341873076818e-05,2.3165192281895775e-05,0.0002118092552380836,0.0002356017684083729,0.000511264075158938
2023-11-29 00:00:00+00:00,0.8769000172615051,-0.003528921583647787,6.5207347228062064e-06,1.2836429950940855e-05,1.3084034252516393e-05,1.5792044653730943e-05,2.7199121957167474e-05,0.00021758155178431431,0.0002413899039941311,0.0005127637951130677
2023-11-30 00:00:00+00:00,0.8733199834823608,-0.004090958588700677,1.2453287543535205e-05,1.897402226634144e-05,2.528971749447606e-05,2.6462622714815163e-05,3.13913641394182e-05,4.731277760052851e-05,0.00025286422064705314,0.0005250571750096891
2023-12-01 00:00:00+00:00,0.8746600151062012,0.0015332348052443934,1.6735942174463835e-05,2.918922971799907e-05,3.5709964440805273e-05,4.2273263970515456e-05,4.4981274371729955e-05,5.887515672270097e-05,0.00024919974070297923,0.0005388608957286695
2023-12-04 00:00:00+00:00,0.8678500056266785,-0.007816361536184507,2.350808968012813e-06,1.908675114247668e-05,3.154003868601188e-05,4.4376468636952734e-05,4.5549373857291784e-05,5.8739160643179275e-05,0.00024987002864690176,0.00048384677808829536
2023-12-05 00:00:00+00:00,0.8725100159645081,0.0053552384758144556,6.109550766434463e-05,6.344631663235747e-05,8.018225880682131e-05,9.915628107316275e-05,0.00010571958060287288,0.00011157362294623943,0.0003102170981346709,0.0005424463612120267
2023-12-06 00:00:00+00:00,0.8749359846115112,0.002776589611097502,2.8678579132843534e-05,8.977408679718821e-05,9.212489576520099e-05,0.00012131412548320005,0.00013415055543414085,0.00013710617013693087,0.00015617361554019343,0.0005626272712575704
2023-12-07 00:00:00+00:00,0.8746399879455566,-0.0003383638932192845,7.709449868454577e-06,3.638802900129814e-05,9.748353666564277e-05,0.00011657028780811944,0.00013554431007446082,0.00014303291052293447,0.00015870950235635661,0.0005627280711158621
2023-12-08 00:00:00+00:00,0.8754400014877319,0.000914259465545908,1.1449012423451137e-07,7.823939992689115e-06,3.650251912553264e-05,9.994883575789011e-05,0.0001291380654758891,0.00014222209972840542,0.00015633718743305664,0.0005462973089843279
2023-12-11 00:00:00+00:00,0.8796200156211853,0.004763394979531627,8.358703703402893e-07,9.503604945748278e-07,8.65981036302939e-06,9.843389716021757e-05,0.0001175206483026942,0.0001428103657971702,0.00014891201244211243,0.0005415042883670044
2023-12-12 00:00:00+00:00,0.8780999779701233,-0.0017295565112984967,2.2689931731027105e-05,2.352580210136742e-05,2.364029222560192e-05,6.0028321226900076e-05,0.00012347463785925748,0.00015918460230006267,0.00016845591223098744,0.0005484810386494542
2023-12-13 00:00:00+00:00,0.8751299977302551,-0.0033880131208958164,2.991365725775027e-06,2.568129745680216e-05,2.6517167827142436e-05,3.434110781983156e-05,0.0001241151946170197,0.0001556552333030315,0.0001696645684743115,0.000551330355763453
2023-12-14 00:00:00+00:00,0.8709700107574463,-0.0047648987152737465,1.147863290736221e-05,1.4469998633137263e-05,3.715993036416436e-05,3.811029085873919e-05,7.449831986003726e-05,0.0001546805786668585,0.0001802179004629102,0.0004898127861924791
2023-12-15 00:00:00+00:00,0.8671299815177917,-0.004418658885704446,2.27042597668174e-05,3.418289267417964e-05,3.717425839995465e-05,6.070006050132208e-05,6.852400049401113e-05,0.00016064889625921205,0.00020267455592815206,0.0004905932044117257
2023-12-18 00:00:00+00:00,0.8706120252609253,0.004007555079901248,1.9524546348214857e-05,4.2228806115032286e-05,5.370743902239448e-05,7.938873647919664e-05,8.033909697377141e-05,0.0001778226336394141,0.0002158834070482323,0.0005097491190581674
2023-12-19 00:00:00+00:00,0.867110013961792,-0.004030582522530524,1.60604977184423e-05,3.5585044066657176e-05,5.828930383347457e-05,7.275930246661186e-05,9.62851045679792e-05,0.00013278762369351178,0.00022542317004386838,0.0004675457957144404
2023-12-20 00:00:00+00:00,0.8603000044822693,-0.007884688275901941,1.6245595470928518e-05,3.230609318937084e-05,5.183063953758569e-05,8.601353221176533e-05,0.00011169482966856743,0.00012035464003159677,0.0002292154779712617,0.0004837912686459758
2023-12-21 00:00:00+00:00,0.8624600172042847,0.002507620128978705,6.216830920814552e-05,7.841390467907405e-05,9.447440239751634e-05,0.00013670320851254865,0.00015117320714568586,0.0001748134993712877,0.00027464784500494334,0.0005452269787170733
2023-12-22 00:00:00+00:00,0.8562700152397156,-0.007203026200729962,6.288158711259176e-06,6.84564679194047e-05,8.470206339033321e-05,0.00012028710745699042,0.00015447000013116998,0.00018098716795831237,0.0002785851947481897,0.0005505361665377194
2023-12-25 00:00:00+00:00,0.8550699949264526,-0.001402433768648681,5.188358644840231e-05,5.817174515966151e-05,0.00012034005436780701,0.00015264614755717786,0.0001948749536722101,0.00023203488403637437,0.0002693732735322474,0.0005820193308675839
2023-12-26 00:00:00+00:00,0.8557400107383728,0.0007832732377728857,1.9668204754461422e-06,5.385040692384848e-05,6.013856563510764e-05,0.0001385524703141817,0.00017413751438083883,0.0002113117727807934,0.00024266151487485,0.0005823056303189397
2023-12-27 00:00:00+00:00,0.8535799980163574,-0.002527337023724985,6.135169650112195e-07,2.580337440457389e-06,5.446392388885969e-05,0.0001229203918082644,0.0001552264849976352,0.00020893392402002959,0.00023556558197140667,0.0005821707091073755
2023-12-28 00:00:00+00:00,0.8423299789428711,-0.013267430759063753,6.3874324314910644e-06,7.000949396502311e-06,8.96776987194844e-06,6.713951503160997e-05,0.00014555341971068394,0.00020384272354415846,0.0002418385242786632,0.0004058360798115455
2023-12-29 00:00:00+00:00,0.8433600068092346,0.0012220847288224868,0.000176024718946551,0.0001824121513780421,0.00018302566834305328,0.00023687607526690177,0.00030533254318630644,0.0003571631827238921,0.0004170273728548739,0.0005766872357058051
2024-01-01 00:00:00+00:00,0.8407589793205261,-0.003088890486024537,1.493491084421131e-06,0.00017751821003097215,0.0001839056424624632,0.0001864859799029206,0.00024465772506258204,0.0003391321274600983,0.00039583093220826795,0.0005756939217426918
2024-01-02 00:00:00+00:00,0.8418899774551392,0.0013443069041624844,9.5412444346529e-06,1.1034735519074059e-05,0.00018705945446562502,0.00019406040386212736,0.00024791081078597574,0.00033261287417630896,0.0004023808109171458,0.0005769741208160602
2024-01-03 00:00:00+00:00,0.8501200079917908,0.009728187792299225,1.807161052578923e-06,1.134840548723185e-05,1.2841896571652955e-05,0.00019525404794969506,0.00019783438539015238,0.00031817443975795933,0.00039270933906236253,0.0005756352499264871
2024-01-04 00:00:00+00:00,0.8489000201225281,-0.0014361079431094992,9.463763772223968e-05,9.644479877481863e-05,0.0001059860432094715,0.00028350425324044366,0.0002905052026369459,0.0003506437682720535,0.0004646427170177848,0.0006684901781662757
2024-01-05 00:00:00+00:00,0.8500000238418579,0.0012949600854459953,2.0624060242621967e-06,9.67000437465019e-05,9.850720479908078e-05,0.00010954194031815488,0.0002919540916961969,0.00034641801558505655,0.00044718057669383216,0.0006696272832717744
2024-01-08 00:00:00+00:00,0.8507300019264221,0.0008584291666882682,1.6769216228982995e-06,3.7393276471605233e-06,9.837696536940018e-05,0.00010972537085663206,0.00028724358088760415,0.0002962113507595525,0.00043279700059828814,0.0006710566005930972
2024-01-09 00:00:00+00:00,0.8478999733924866,-0.0033321337708230037,7.369006342211145e-07,2.413822257119441e-06,4.47622828138161e-06,0.00010092102705620026,0.00011195576257527424,0.0002949814309183275,0.00041728830576158075,0.0006654778059991837
2024-01-10 00:00:00+00:00,0.852370023727417,0.005258059768381146,1.110311546665913e-05,1.1840016100880271e-05,1.3516937723778543e-05,0.00011021698147028047,0.00012156538695751225,0.0003054710294199754,0.00036622311202009437,0.0006700601867430366
2024-01-11 00:00:00+00:00,0.8504999876022339,-0.0021963354389688827,2.7647192527868388e-05,3.8750307994527546e-05,3.948720862874863e-05,4.322653627590918e-05,0.00013967133505072773,0.00032673078951635275,0.0003875821458367036,0.0006852540917273698
2024-01-12 00:00:00+00:00,0.8510100245475769,0.0005995109719922065,4.823889360470634e-06,3.247108188833905e-05,4.3574197354998154e-05,4.598801961211762e-05,0.00014268806335861943,0.00015552995993027235,0.00034052244874877187,0.0006733420389133765
2024-01-15 00:00:00+00:00,0.8533200025558472,0.002710718447730992,3.594134055390402e-07,5.183302766009699e-06,3.2830495293878064e-05,4.467051139475836e-05,4.84098390419188e-05,0.00015439588225139026,0.0003389150416788648,0.0006713506433509029
2024-01-16 00:00:00+00:00,0.8559799790382385,0.0031123602155883057,7.347994502869119e-06,7.707407908408183e-06,1.2531297268878793e-05,5.128160526340636e-05,5.369542752052573e-05,0.00015220263231960647,0.00034564951921672274,0.0006176031301894274
2024-01-17 00:00:00+00:00,0.861299991607666,0.006195879157133655,9.686786111576884e-06,1.7034780614446028e-05,1.739419401998504e-05,4.986527590832411e-05,6.170529200920431e-05,0.00016008225737860443,0.00034894887289680857,0.0005986113371681607
2024-01-18 00:00:00+00:00,0.8643220067024231,0.0035025262625820452,3.838891852980325e-05,4.807570464138016e-05,5.542369914424925e-05,6.060700191025898e-05,9.935730990478643e-05,0.000103833538186168,0.00021131307248006077,0.0006292908058295093
2024-01-19 00:00:00+00:00,0.8680800199508667,0.004338506980792106,1.226769022007695e-05,5.065660874988023e-05,6.0343394861457084e-05,6.80508027698653e-05,0.00010052188465820426,0.00011403882238198275,0.0002220872716157166,0.0006414440059253518
2024-01-22 00:00:00+00:00,0.8684800267219543,0.00046068868039272903,1.8822642822381835e-05,3.1090333042458814e-05,6.947925157226204e-05,8.65140321867081e-05,9.16973349527177e-05,0.00013118454358146628,0.00023136867000344554,0.0006594307783773933
2024-01-23 00:00:00+00:00,0.8691200017929077,0.0007366195780260931,2.1223406024199403e-07,1.9034876882623856e-05,3.1302567102700784e-05,7.937827174408097e-05,8.708567965248907e-05,0.00013065987700748718,0.0002297737430111086,0.0006369530807066082
2024-01-24 00:00:00+00:00,0.8695999979972839,0.0005521259508463328,5.426084027313395e-07,7.548424629733605e-07,1.957748528535517e-05,7.023409403523543e-05,8.726887464968137e-05,0.00012009936994355938,0.00013567871369160025,0.0006345043233835645
2024-01-25 00:00:00+00:00,0.8630200028419495,-0.007595464425016102,3.0484306559796706e-07,8.474514683293335e-07,1.0596855285713004e-06,3.2150018571030146e-05,8.022572321241022e-05,9.275702048128897e-05,0.00013392115073293604,0.0006233305335418002
2024-01-26 00:00:00+00:00,0.8669000267982483,0.00448579170837507,5.769107983168518e-05,5.7995922897283175e-05,5.853853130001449e-05,7.757340818263838e-05,0.0001282300169325185,0.00014562421095250353,0.00018993530894172292,0.0006583173536066681
2024-01-29 00:00:00+00:00,0.864139974117279,-0.0031888980248174215,2.0122327250926527e-05,7.781340708261174e-05,7.811825014820967e-05,7.887309261118307e-05,0.00010996342565364179,0.000165387124797891,0.0002093207355584283,0.0006589151345093797
2024-01-30 00:00:00+00:00,0.8613200187683105,-0.0032686447339313196,1.0169070612684452e-05,3.0291397863611006e-05,8.798247769529616e-05,8.882992916362553e-05,0.0001078648060462493,0.0001682082009077063,0.00020838669070445364,0.0006530237074036219
2024-01-31 00:00:00+00:00,0.8618599772453308,0.0006267000498403064,1.0684038396656947e-05,2.0853109009341428e-05,4.097543626026793e-05,9.897135915755112e-05,9.97262016205244e-05,0.00016920545319278638,0.00019142353657324222,0.0006474621503293503
2024-02-01 00:00:00+00:00,0.862339973449707,0.0005567755834612886,3.927529524698425e-07,1.1076791349126817e-05,2.124586196181124e-05,9.9059269044423e-05,9.990672051275225e-05,0.00013120928761545296,0.0001869924001652414,0.0005856865940736747
2024-02-02 00:00:00+00:00,0.8576200008392334,-0.005488481743187196,3.099990503386584e-07,7.027520028085279e-07,1.1386790399465448e-05,4.167818826307649e-05,9.967411116035957e-05,0.00011925159644571469,0.00018694298581004102,0.0005797084344127541
2024-02-05 00:00:00+00:00,0.8669800162315369,0.010854815266955115,3.0123431845299157e-05,3.0433430895637844e-05,3.0826183848107656e-05,5.167929285744912e-05,0.00012949269994006076,0.000130552385468632,0.00020971842315247108,0.000557948279809651
2024-02-06 00:00:00+00:00,0.8707000017166138,0.004281560620454816,0.00011782701447972183,0.00014795044632502101,0.00014826044537535963,0.00015933723672448649,0.0001896286345880974,0.0002481671658881118,0.000317858651520616,0.0006738084738139267
2024-02-07 00:00:00+00:00,0.8694999814033508,-0.0013791753995160416,1.8331761346629432e-05,0.0001361587758263513,0.00016628220767165043,0.00016698495967445897,0.00018783806868380033,0.0002659563188320099,0.0002978014943374422,0.0006915267181955448
2024-02-08 00:00:00+00:00,0.8739100098609924,0.005059094402063591,1.902124782630233e-06,2.0233886129259692e-05,0.0001380609006089815,0.00016849433150461937,0.00017957112285374612,0.0002675536005490422,0.0002874359288999955,0.000687041410546684
2024-02-09 00:00:00+00:00,0.873449981212616,-0.0005265413668104346,2.5594436168991162e-05,2.7496560951621422e-05,4.582832229825083e-05,0.00019377876862327188,0.00019448152062608032,0.0002354569568863482,0.0002942077222466048,0.0005366111277691243
2024-02-12 00:00:00+00:00,0.8741599917411804,0.0008125503729291272,2.7724581096260066e-07,2.587168197995379e-05,2.7773806762583994e-05,0.0001639325825889353,0.00019436601348457307,0.00021561187544638427,0.0002942727339973254,0.0005353948824956656
2024-02-13 00:00:00+00:00,0.8758000135421753,0.0018743540151632265,6.602381085472638e-07,9.374839195098915e-07,2.653192008850103e-05,4.676580621776076e-05,0.0001947162525427817,0.00020610304294224708,0.0002943903637031413,0.00052651387616956
2024-02-14 00:00:00+00:00,0.8874099850654602,0.013169321097392439,3.5132029741585087e-06,4.1734410827058e-06,4.450686893668374e-06,3.1947247845289835e-05,0.00016810602367164104,0.00019893220751974862,0.0002975987236117019,0.0005282199180911397
2024-02-15 00:00:00+00:00,0.8851000070571899,-0.0026064499791685902,0.0001734310181662256,0.0001769442211403841,0.00017760445924893135,0.00020347614122888518,0.00022371002735814481,0.00037197047273350436,0.00041333866194624225,0.0006070132985351255
2024-02-16 00:00:00+00:00,0.879800021648407,-0.006006007427482363,6.793581493907944e-06,0.0001802245996601336,0.00018373780263429204,0.00018467528655380198,0.0002121718475054233,0.00037845405517707365,0.0004000099161892237,0.0006117444740047712
2024-02-19 00:00:00+00:00,0.880649983882904,0.0009656193562669058,3.607212521897331e-05,4.286570671288128e-05,0.00021629672487910684,0.00022047016596181266,0.0002463418479417664,0.0003844027485507478,0.0004259129707955125,0.0006461396776008463
2024-02-20 00:00:00+00:00,0.8827469944953918,0.002378377219320993,9.324207411973135e-07,3.700454596017065e-05,4.3798127454078565e-05,0.00022074234859446274,0.00022167983251397257,0.0002675081548122233,0.0004161613531400529,0.0006463351977078224
2024-02-21 00:00:00+00:00,0.8818100094795227,-0.001062006046643832,5.656678197385059e-06,6.589098938582399e-06,4.266122415755568e-05,0.00022288582381768928,0.00022705926490039502,0.00025483307166297893,0.00042142527838496814,0.0006408887604385484
2024-02-22 00:00:00+00:00,0.8792499899864197,-0.002907364084301034,1.127856843108061e-06,6.784535040493147e-06,7.716955781690433e-06,5.058266249457174e-05,0.0002275268836349558,0.00025405880372345675,0.00042224313617773753,0.000614369424753788
2024-02-23 00:00:00+00:00,0.8799499869346619,0.0007958128630841665,8.45276591868359e-06,9.58062276179168e-06,1.523730095917671e-05,5.224184691934739e-05,0.00023246644657948088,0.00023691713347314915,0.000400572470251122,0.000617998301312001
2024-02-26 00:00:00+00:00,0.8812500238418579,0.0014763083526675158,6.333181130502184e-07,9.086084031733836e-06,1.021394087484187e-05,1.6803039813424294e-05,5.966874652630552e-05,0.0002372732057752368,0.0002833787738844504,0.0006182722060195122
2024-02-27 00:00:00+00:00,0.8798999786376953,-0.0015331408076589281,2.179486352155874e-06,2.8128044652061195e-06,1.1265570383889683e-05,1.8050105424382855e-05,5.505465138455345e-05,0.0002387924540188454,0.0002672264988899768,0.000613103697868799
2024-02-28 00:00:00+00:00,0.8787999749183655,-0.0012509284037315604,2.3505207361090703e-06,4.5300070882649715e-06,5.163325201315163e-06,1.474394796310687e-05,2.133304690168921e-05,0.00023762977178079598,0.0002676748948434556,0.0006057674324933311
2024-02-29 00:00:00+00:00,0.8787099719047546,-0.0001024210575333584,1.56482187126239e-06,3.915342607371487e-06,6.094828959527334e-06,1.5180912991261198e-05,2.196544803175429e-05,6.576357548583278e-05,0.00024364528054572686,0.0005689433358347902
2024-03-01 00:00:00+00:00,0.8844000101089478,0.006454569501435636,1.049007302625151e-08,1.5753119442886685e-06,3.925832680397712e-06,6.738637145603859e-06,1.6319259907395482e-05,5.898048406495108e-05,0.00024337852480779053,0.0005566861356877395
2024-03-04 00:00:00+00:00,0.8833400011062622,-0.0011992817077277201,4.166146744886308e-05,4.1671957521889355e-05,4.323677939315172e-05,4.776678648141672e-05,5.68528705131505e-05,6.456982629484084e-05,0.00028437975414810635,0.0005795249603142209
2024-03-05 00:00:00+00:00,0.885200023651123,0.002103456189436373,1.4382766144903168e-06,4.309974406335342e-05,4.311023413637964e-05,4.702557674375116e-05,4.983838120895722e-05,6.507568216813385e-05,0.00028230482778843815,0.0005807510028684691
2024-03-06 00:00:00+00:00,0.8835800290107727,-0.0018317654486040419,4.424527940878187e-06,5.862804555368531e-06,4.7524272004231585e-05,4.9099583948520275e-05,5.36295910367852e-05,6.384353191162699e-05,0.00011329833756309075,0.000584632922406616
2024-03-07 00:00:00+00:00,0.882099986076355,-0.001676456966619791,3.3553646586995666e-06,7.779892599577782e-06,9.21816921406807e-06,5.089012673595745e-05,5.4805469343328885e-05,6.607103972721849e-05,0.00010986012072788237,0.0005876834439997176
2024-03-08 00:00:00+00:00,0.8770999908447266,-0.0056844119608474575,2.810507960928031e-06,6.165872619627625e-06,1.0590400560505785e-05,5.369014462385923e-05,5.526545656814785e-05,6.0428781769462925e-05,7.659850346983708e-05,0.0005328028721289605
2024-03-11 00:00:00+00:00,0.8775100111961365,0.0004673635262495146,3.231253934062564e-05,3.5123047301553695e-05,3.847841196025324e-05,4.434121651562179e-05,8.601317403751109e-05,9.210800299703835e-05,0.0001079786220692654,0.0005449930842186595
2024-03-12 00:00:00+00:00,0.8772500157356262,-0.0002963316446949471,2.1842866566838073e-07,3.253096800629405e-05,3.534147596722205e-05,4.312136856679986e-05,8.622111263015322e-05,9.014694531055085e-05,0.00010254037253754873,0.0005350424422716435
2024-03-13 00:00:00+00:00,0.8773900270462036,0.0001595897819048897,8.781244364761238e-08,3.0624110931602023e-07,3.261878044994163e-05,3.8784653069569275e-05,4.464745762493776e-05,8.788423701808939e-05,0.00010150032813808828,0.0005244462163186341
2024-03-14 00:00:00+00:00,0.8783800005912781,0.0011276803162153515,2.5468898488450263e-08,1.1328134213608974e-07,3.3171000780444336e-07,3.5454757309358164e-05,4.32346499089359e-05,8.634488404531545e-05,9.307303111789314e-05,0.0005240789322646528
2024-03-15 00:00:00+00:00,0.8842700123786926,0.006683157367568943,1.271662895579555e-06,1.2971317940680324e-06,1.3849442377156176e-06,3.391591224400969e-05,4.008178486363727e-05,8.760605686786876e-05,9.371137590042248e-05,0.0005250405961098937
2024-03-18 00:00:00+00:00,0.8835899829864502,-0.0007693249777307315,4.466459239969104e-05,4.593625529527062e-05,4.596172419375905e-05,4.626796530307509e-05,8.139101260462873e-05,9.060918181869672e-05,0.00013619648194795764,0.0005395817566642856
2024-03-19 00:00:00+00:00,0.8875100016593933,0.004426655872712806,5.918609213603905e-07,4.5256453321051455e-05,4.652811621663098e-05,4.66413975587671e-05,7.91723655650611e-05,8.97627661255668e-05,0.00013443782213320895,0.00042234660310592413
2024-03-20 00:00:00+00:00,0.8885400295257568,0.0011599087455419071,1.959528221542278e-05,2.0187143136783196e-05,6.485173553647421e-05,6.614886733054227e-05,6.645510843985823e-05,0.00010493352040011138,0.00015246828247736935,0.0004236101239747175
2024-03-21 00:00:00+00:00,0.8855500221252441,-0.0033707536195959065,1.3453882979846007e-06,2.0940670513407407e-05,2.153253143476777e-05,6.746878673003841e-05,6.758206807217445e-05,0.00010292354403939642,0.00015380318070232769,0.0004230533874900718
2024-03-22 00:00:00+00:00,0.8976799845695496,0.01360469427996612,1.1361979964018905e-05,1.2707368262003534e-05,3.230265047742629e-05,7.755910379847777e-05,7.885623559254575e-05,0.0001114750160424873,0.00012350369321748354,0.0004088209312850996
2024-03-25 00:00:00+00:00,0.8976200222969055,-6.679916719991297e-05,0.00018508770645134286,0.0001964496864153618,0.00019779507471334636,0.0002179822178501296,0.00026391847314540017,0.0002642501831532045,0.00030715312305433604,0.0005936313919254799
2024-03-26 00:00:00+00:00,0.8994699716567993,0.0020588284610985053,4.462128738601929e-09,0.0001850921685800815,0.00019645414854410037,0.0002173948190575078,0.00026265127237855925,0.00026403621661627477,0.00030273305724219646,0.0005929756159456711
2024-03-27 00:00:00+00:00,0.9036499857902528,0.004636432095558182,4.23877463222924e-06,4.243236760967869e-06,0.0001893309432123107,0.00020203831147431426,0.0002222254546110974,0.00026818717880485636,0.00030361646721572616,0.0005937011876037419
2024-03-28 00:00:00+00:00,0.9054999947547911,0.0020451699740450663,2.149650257672204e-05,2.5735277208951306e-05,2.573973933768988e-05,0.0002221894257530517,0.00024313009626645906,0.0002896582124830899,0.0003223024618315202,0.0004417666720142384
2024-03-29 00:00:00+00:00,0.90106999874115,-0.004904326883465482,4.182720222735497e-06,2.5679222799457563e-05,2.9917997431686776e-05,0.0002150101660117683,0.00022771753427377176,0.00029256926981024593,0.00029417264271363,0.0004391558107430659
2024-04-01 00:00:00+00:00,0.9020000100135804,0.0010315865167619814,2.4052422179882246e-05,2.823514240261777e-05,4.973164497933978e-05,5.3974881740307675e-05,0.00025042456815566944,0.0002719570995904371,0.0003180066362278439,0.00042713610770397486
2024-04-02 00:00:00+00:00,0.9050700068473816,0.0033977651764453137,1.0641707415651177e-06,2.511659292144739e-05,2.929931314418286e-05,5.50345903531342e-05,0.00024012675893321563,0.0002724294094106418,0.0003189829945257614,0.0004272678577043426
2024-04-03 00:00:00+00:00,0.9078199863433838,0.00303380968019612,1.1544808194264454e-05,1.2608978935829599e-05,3.666140111571182e-05,6.234062391516941e-05,6.658386067613722e-05,0.0002643789353894835,0.0003305023338215374,0.00043315598770122203
2024-04-04 00:00:00+00:00,0.9028900265693665,-0.005445346765305448,9.204001175651685e-06,2.0748809369916166e-05,2.1812980111481257e-05,5.004812251409905e-05,7.57833997230503e-05,0.0002722375482671506,0.00033843467210160953,0.00044123213203376565
2024-04-05 00:00:00+00:00,0.9015100002288818,-0.0015296237963481063,2.9651801394422504e-05,3.8855802570074214e-05,5.0400610764338646e-05,7.551720368578607e-05,0.00010119642648524358,0.0002905273696975542,0.00032342188109634097,0.00046243116750950455
2024-04-08 00:00:00+00:00,0.9031699895858764,0.0018396500593161613,2.339748958354393e-06,3.199155035277692e-05,4.119555152842858e-05,5.380453046425821e-05,8.203967286687592e-05,0.00010777941220456573,0.000325169769133335,0.0004641375983548087
2024-04-09 00:00:00+00:00,0.9050099849700928,0.0020351912367283093,3.3843123407419558e-06,5.724061299096379e-06,3.5375862693518855e-05,5.612467206343505e-05,8.124126498488239e-05,0.00011115926241656908,0.0003089587992586542,0.00046534242434339483
2024-04-10 00:00:00+00:00,0.9029800295829772,-0.0022455392162245014,4.142003370055705e-06,7.5263157107976914e-06,9.866064669152052e-06,4.87218672392263e-05,6.133084617505584e-05,0.00011106249115439554,0.00031175541433072526,0.0004671339069773415
2024-04-11 00:00:00+00:00,0.9130399823188782,0.011079234341270575,5.042446371602148e-06,9.184449741657883e-06,1.2568762082399809e-05,4.456031243517676e-05,6.530912180509288e-05,9.460843494927565e-05,0.0003054358807383085,0.0004706115314776812
2024-04-12 00:00:00+00:00,0.9098299741744996,-0.003521931392880623,0.00012274943358878924,0.0001277918799603914,0.00013193388333044708,0.0001376579446295435,0.00017651374719961766,0.00021317514831532938,0.0002430976078757549,0.0005933504749934442
2024-04-15 00:00:00+00:00,0.9137700200080872,0.004321180058194818,1.2404000736158044e-05,0.00013515343432494732,0.00014019588069654943,0.00014772219640734715,0.00017971374676012403,0.0002015267268716052,0.0002554971464831743,0.0005640930082807392
2024-04-16 00:00:00+00:00,0.9115999937057496,-0.002377630078636117,1.8672597095340568e-05,3.107659783149864e-05,0.00015382603142028784,0.00016301048116194574,0.00016873454246104207,0.00021913515322538062,0.00026993096894628566,0.0005813273287615894
2024-04-17 00:00:00+00:00,0.912559986114502,0.0010525310367481555,5.6531247908351885e-06,2.4325721886175784e-05,3.6729722622333804e-05,0.00016452160258272522,0.00017204791829352286,0.00021324346982195134,0.00025408759116039885,0.0005825559256115464
2024-04-18 00:00:00+00:00,0.9103999733924866,-0.0023697873577716855,1.1078215833181471e-06,6.760946374153363e-06,2.5433543469493904e-05,0.00016058697779444122,0.00016977142753609906,0.00020514729022961782,0.0002510126925209814,0.000580308382536165
2024-04-19 00:00:00+00:00,0.9121000170707704,0.0018656177561233722,5.615892121054506e-06,6.72371370437268e-06,1.2376838495207842e-05,4.345343632670651e-05,0.00017124531628709785,0.00018111138095624983,0.00023257616246215372,0.0005831137666962915
2024-04-22 00:00:00+00:00,0.9109830260276794,-0.001225387057479141,3.480529611962806e-06,9.09642173301734e-06,1.020424331633546e-05,3.452996520251127e-05,0.00016968339952745852,0.00018225216160985824,0.0002349925213325514,0.0005542817569676287
2024-04-23 00:00:00+00:00,0.9118899703025818,0.0009950713533676686,1.5015734406373874e-06,4.982103052600221e-06,1.0597995173654699e-05,1.735894154780809e-05,4.8435539379306674e-05,0.00018036942270975367,0.00022494928657892433,0.0005555649017425976
2024-04-24 00:00:00+00:00,0.911400020122528,-0.0005374352894160911,9.901669982929637e-07,2.491740438930378e-06,5.972270050893157e-06,1.2695983755265864e-05,3.70217056414416e-05,0.00017721758633799093,0.00021673545240156564,0.000556467256297243
2024-04-25 00:00:00+00:00,0.9144399762153624,0.003329929137229015,2.888366903097576e-07,1.2790036886027484e-06,2.780577129240109e-06,1.1876998862257475e-05,1.8637945236410785e-05,0.00017246397665669855,0.0001873724876974529,0.0005567306240890644
2024-04-26 00:00:00+00:00,0.9125199913978576,-0.0021018364478365553,1.1088428058966773e-05,1.1377264749276558e-05,1.2367431747569495e-05,1.7349534800169742e-05,2.4073248504542368e-05,6.080297112687609e-05,0.00019612116679806527,0.0005665473892524516
2024-04-29 00:00:00+00:00,0.9136880040168762,0.0012791673031949946,4.417716453454189e-06,1.5506144512420988e-05,1.579498120273072e-05,1.8286721641661125e-05,2.738314337467841e-05,5.281668684417223e-05,0.00019715457091077748,0.0005263005133062146
2024-04-30 00:00:00+00:00,0.9107199907302856,-0.003253675618083443,1.6362689895631553e-06,6.053985443017372e-06,1.7142413501984114e-05,1.842141719058689e-05,2.3403520243187057e-05,3.578035873839482e-05,0.00019464883653028494,0.0005273449213744174
2024-05-01 00:00:00+00:00,0.9194899797439576,0.00958366119679882,1.0586405027710676e-05,1.2222674017273858e-05,1.664039047072802e-05,2.8017655220004605e-05,3.050939565893493e-05,4.0713638975270307e-05,0.00020019279518639348,0.0005183360441867053
2024-05-02 00:00:00+00:00,0.9163600206375122,-0.003409823393454553,9.18465619350274e-05,0.00010243296696273811,0.00010406923595230123,0.00011957538046472225,0.00012085438415332495,0.00013145237932697955,0.00016928992353263165,0.0006088372178237481
2024-05-03 00:00:00+00:00,0.9097700119018556,-0.0072174896918838355,1.1626895574549922e-05,0.00010347345750957735,0.000114059862537288,0.00012011384798030539,0.0001314911127295819,0.00013746338278047498,0.0001685128183710235,0.0006091021334342792
2024-05-06 00:00:00+00:00,0.9059399962425232,-0.004218758857613983,5.209215745244942e-05,6.371905302699938e-05,0.00015556561496202676,0.00016778828897930063,0.00018329443349172157,0.00018607501062096159,0.0002019323787281324,0.0004761065844353857
2024-05-07 00:00:00+00:00,0.9067000150680542,0.0008385767337434902,1.7797926298696437e-05,6.989008375114588e-05,8.151697932569578e-05,0.0001839499462884339,0.00019000393173145122,0.00020237136347902064,0.00021407718023599363,0.0004939000486053436
2024-05-08 00:00:00+00:00,0.9084799885749816,0.001961209438058234,7.032109383759004e-07,1.8501137237072365e-05,7.059329468952176e-05,0.00017406675219909916,0.00018628942621637295,0.00020208440741910358,0.00021367256959105136,0.0004903644849114902
2024-05-09 00:00:00+00:00,0.9079899787902832,-0.0005395187428230835,3.846342459928694e-06,4.549553398304621e-06,2.2347479697001032e-05,8.606653272400044e-05,0.00018849949968673848,0.00020564191318872253,0.00021190301992992557,0.0004727143247946969
2024-05-10 00:00:00+00:00,0.9058499932289124,-0.002359620018636266,2.910804738574006e-07,4.137422933786122e-06,4.840633872161995e-06,7.473071762330792e-05,0.0001782041751328852,0.00019484456560361313,0.00020871357079182016,0.00046882268504581877
2024-05-13 00:00:00+00:00,0.9064499735832214,0.0006621203853840046,5.567806632349012e-06,5.85888710620644e-06,9.705229566135107e-06,2.82063668032075e-05,9.192541983020681e-05,0.00019599465578250798,0.00021277980398353179,0.00045033806949828554
2024-05-14 00:00:00+00:00,0.9078999757766724,0.0015983713645395248,4.3840340474106285e-07,6.006210037090102e-06,6.297290510947476e-06,1.0846843909252124e-05,8.073692766039797e-05,0.00019479679019768586,0.0002122280403899799,0.0004497123021614615
2024-05-15 00:00:00+00:00,0.9067000150680542,-0.001322562426522414,2.5547910189799425e-06,2.9931944237210323e-06,8.561001056070018e-06,1.2698423989856166e-05,3.1199561226928473e-05,0.00018676517618895517,0.00021449399471865007,0.00044072228498617696
2024-05-16 00:00:00+00:00,0.9005299806594849,-0.006828193861209295,1.7491713720488556e-06,4.303962391028826e-06,4.742365795769861e-06,1.0601252901976327e-05,1.5150806300280895e-05,9.66677856259766e-05,0.00020515473803173214,0.0004332674551825742
2024-05-17 00:00:00+00:00,0.9059900045394896,0.006044816055633617,4.66242314062563e-05,4.837340277830518e-05,5.0928193797285095e-05,5.693440383437522e-05,6.10718267681613e-05,0.000131665121457683,0.0002473612529845343,0.00045023988519440796
2024-05-20 00:00:00+00:00,0.9086999893188475,0.002986721481978122,3.653980114644596e-05,8.316403255270228e-05,8.491320392475111e-05,8.790639834847218e-05,9.376528545467855e-05,0.0001161127651516795,0.00028226478514141706,0.0004844399373824995
2024-05-21 00:00:00+00:00,0.9101200103759766,0.0015614754026154615,8.920505210909588e-06,4.5460306357355576e-05,9.208453776361183e-05,9.63885001546407e-05,0.00010239471019173075,0.00010723534406389265,0.000280598885324616,0.0004899761302526671
2024-05-22 00:00:00+00:00,0.9111599922180176,0.001142034122806071,2.4382054329731176e-06,1.1358710643882733e-05,4.7898511790328664e-05,9.627191456863388e-05,9.926510899235485e-05,0.00010897033855848989,0.00019119052882256169,0.00048827233231558455
2024-05-23 00:00:00+00:00,0.915000021457672,0.004205584254127981,1.304241937653432e-06,3.742447370626577e-06,1.2662952581536138e-05,9.582698513423845e-05,0.00010013094752526722,0.0001064282380362146,0.0001808678751856652,0.00048453412788163584
2024-05-24 00:00:00+00:00,0.914330005645752,-0.0007325259323945066,1.7686938918569205e-05,1.8991180856222666e-05,2.1429386289195754e-05,6.688969264655135e-05,0.00011526309542485648,0.0001238240964809264,0.00014646265665178498,0.0003794716332114158
2024-05-27 00:00:00+00:00,0.9143999814987184,7.652945321888482e-05,5.365942416304413e-07,1.8223533160199673e-05,1.9527775097853076e-05,3.088648574173584e-05,0.00011405051829443807,0.00011879288409020785,0.000129201324594719,0.0003676042267168882
2024-05-28 00:00:00+00:00,0.9132000207901,-0.0013131548255061326,5.85675720998148e-09,5.424509988404498e-07,1.8229389917409627e-05,2.197183728803623e-05,6.743214364539175e-05,0.00011836033744267676,0.0001285039704135531,0.00034893748637875765
2024-05-29 00:00:00+00:00,0.9122899770736694,-0.0009970405676111987,1.7243755957500416e-06,1.73023235296005e-06,2.2668265945904643e-06,2.1258007450813155e-05,3.261671809469583e-05,0.00011752992201944687,0.00012638200354937441,0.00034500873718367245
2024-05-30 00:00:00+00:00,0.9128000140190125,0.0005589170518820463,9.940898934624614e-07,2.71846548921253e-06,2.7243222464224843e-06,2.0947855406622185e-05,2.46903027772487e-05,0.00011677484054086047,0.0001270850129689795,0.0003448950054938168
2024-05-31 00:00:00+00:00,0.903310000896454,-0.010451018299980241,3.1238827088451805e-07,1.3064781643470066e-06,3.030853760097021e-06,3.573304758937498e-06,2.25644856151601e-05,7.046299740548869e-05,0.00012182959460751499,0.0003395915016436468
2024-06-03 00:00:00+00:00,0.901319980621338,-0.002205461620529925,0.00010922378350652189,0.00010953617177740643,0.00011053026167086887,0.00011226049402382895,0.00013048402718402857,0.0001431469797655646,0.0002306149747092958,0.0004453347555382059
2024-06-04 00:00:00+00:00,0.8950200080871582,-0.0070142605559845445,4.864060959630482e-06,0.0001140878444661524,0.00011440023273703688,0.00011711869822624944,0.00011766114922508983,0.00013909053551428553,0.00023292424464994635,0.00044869724305719895
2024-06-05 00:00:00+00:00,0.8899499773979187,-0.005680817453885226,4.9199851147240614e-05,5.4063912106871125e-05,0.00016328769561339297,0.00016459417377774003,0.0001663244061307,0.00018585218122855302,0.0002803749244251381,0.0004969069272061466
2024-06-06 00:00:00+00:00,0.8924999833106995,0.0028612389785597214,3.227168694436702e-05,8.147153809160765e-05,8.633559905123812e-05,0.0001958717708286446,0.00019859023631785706,0.0002168196262352666,0.00026602237996324883,0.0005288897774602039
2024-06-07 00:00:00+00:00,0.8897200226783752,-0.003119662979428811,8.186688492429478e-06,4.0458375436796524e-05,8.965822658403712e-05,0.00020374607105018956,0.00020505254921453648,0.00020731937580912687,0.00023766926730923234,0.0005259880378936665
2024-06-10 00:00:00+00:00,0.8960999846458435,0.007145164780881855,9.732297105218646e-06,1.7918985597648153e-05,5.019067254201515e-05,0.00010425458464888629,0.00021379075642629267,0.0002165150786727151,0.0002384810592035414,0.0005313026185454311
2024-06-11 00:00:00+00:00,0.8965799808502197,0.0005355068669091884,5.105337974595444e-05,6.078567685117312e-05,6.897236534360257e-05,0.00015044390343521026,0.0002645317479013626,0.00026756260166145953,0.00028709623351652277,0.0005807197293018223
2024-06-12 00:00:00+00:00,0.8977800011634827,0.0013375470966784098,2.867676045068952e-07,5.1340147350461375e-05,6.107244445567998e-05,0.00010153081989247654,0.00015559473199934759,0.00026612499367021644,0.0002860787591833762,0.0005704200918786186
2024-06-13 00:00:00+00:00,0.8942599892616272,-0.003928502095632003,1.7890322358328433e-06,2.0757998403397656e-06,5.312917958629418e-05,7.104816518394236e-05,0.00015251970327554996,0.0002669199360125868,0.00027018085250063987,0.000480362562179424
2024-06-14 00:00:00+00:00,0.8939300179481506,-0.0003690562142629056,1.5433128715385036e-05,1.7222160951217908e-05,1.7508928555724775e-05,7.829460540689792e-05,0.00011875298084369438,0.0002820406764570873,0.00028507738697439443,0.00048416879532025913
2024-06-17 00:00:00+00:00,0.8907300233840942,-0.003586114911894464,1.3620248928606766e-07,1.556933120467113e-05,1.7358363440503948e-05,6.869851079096535e-05,8.661749638861343e-05,0.00017295309543985147,0.0002852077327064705,0.0004322128403570958
2024-06-18 00:00:00+00:00,0.8883000016212463,-0.0027318518967822947,1.286022016131184e-05,1.2996422650597935e-05,2.8429551365982942e-05,3.050535120632274e-05,9.129102805749578e-05,0.0001809492546415328,0.00029634357727203233,0.00042727513421971116
2024-06-19 00:00:00+00:00,0.8841800093650818,-0.004648853189513788,7.4630147859530214e-06,2.032323494726489e-05,2.045943743655093e-05,3.768159838776887e-05,8.902174573823017e-05,0.00013921241828024523,0.0003028125021645229,0.00043403493806728826
2024-06-20 00:00:00+00:00,0.8842999935150146,0.00013569183696909848,2.161183597765252e-05,2.9074850763605567e-05,4.1935070924917385e-05,5.7504402129588536e-05,5.958020196992824e-05,0.00012855256731353075,0.00032411194987129086,0.0004518004315850121
2024-06-21 00:00:00+00:00,0.8914899826049805,0.008097836429846503,1.84122746200484e-08,2.1630248252272595e-05,2.909326303822559e-05,4.2089685688823554e-05,5.931184664004139e-05,0.0001203842910957213,0.00021490657863938904,0.0004515277633857748
2024-06-24 00:00:00+00:00,0.89410001039505,0.0029234366894762415,6.557495484454915e-05,6.559336711916923e-05,8.720520309682173e-05,0.00010752843804408664,0.0001230977692487577,0.00017622694883505182,0.0002756174725243077,0.000511534911597975
2024-06-25 00:00:00+00:00,0.8931900262832642,-0.001018283738779685,8.546482077375807e-06,7.412143692192498e-05,7.413984919654501e-05,0.00010321469996015061,0.00011621112261074846,0.00013372005116647317,0.0002349641034544429,0.0005196429902706096
2024-06-26 00:00:00+00:00,0.8952000141143799,0.00224781913568399,1.0369017726631339e-06,9.583383850038968e-06,7.51583386945881e-05,9.678858694686073e-05,0.00011711182189412554,0.0001344701853346294,0.000203729318282739,0.0005181251010242928
2024-06-27 00:00:00+00:00,0.8967000246047974,0.0016742126328269935,5.05269086674712e-06,6.089592639410281e-06,1.463607471678606e-05,8.022944183595532e-05,0.00010930429259956081,0.00013773384396554368,0.00020059532065705665,0.0005214286205189911
2024-06-28 00:00:00+00:00,0.8985199928283691,0.0020275719180894575,2.8029879399174935e-06,7.855678806664641e-06,8.892580579327748e-06,8.301401750125277e-05,0.00010464426575352527,0.00012510370319007615,0.00019366601149175552,0.0004776073770526523
2024-07-01 00:00:00+00:00,0.9002000093460083,0.0018680139256134348,4.1110478830249615e-06,6.9140358229424825e-06,1.1966726689689575e-05,2.1550110539728584e-05,8.714347765889773e-05,0.00012907854858381507,0.000146723679628826,0.00044517862378923133
2024-07-02 00:00:00+00:00,0.9031599760055542,0.003282727066933,3.489476026285715e-06,7.600523909310703e-06,1.040351184922817e-05,1.649310448863849e-05,9.061454141056339e-05,0.00011970780444878891,0.00014992638805060485,0.0004397475946046074
2024-07-03 00:00:00+00:00,0.903689980506897,0.0005866613490882466,1.0776296995974538e-05,1.426577302226028e-05,1.8376820905285214e-05,2.6232499711949895e-05,3.581588356198878e-05,0.00012302108665881043,0.00015891365281074651,0.0004480856861676089
2024-07-04 00:00:00+00:00,0.9007599949836732,-0.003247513799854884,3.441715385140416e-07,1.1120468534488607e-05,1.4609944560774294e-05,2.152398038371682e-05,2.7613573023127017e-05,0.00010175342221967194,0.00014382469563387553,0.00044712561576846946
2024-07-05 00:00:00+00:00,0.9002500176429749,-0.0005663237302991897,1.0546345880247908e-05,1.0890517418761978e-05,2.1666814414736488e-05,2.9267338324047234e-05,3.712301713071179e-05,0.00011228135582529981,0.0001542348390248374,0.00043998502273014816
2024-07-08 00:00:00+00:00,0.8952299952507019,-0.0055918589314190165,3.2072256749998933e-07,1.0867068447747925e-05,1.121123998626194e-05,2.547701300852226e-05,3.2391048831464665e-05,4.702712354825065e-05,0.00014169534143102552,0.00043976915105601775
2024-07-09 00:00:00+00:00,0.8978099822998047,0.0028777817136772244,3.1268886308890625e-05,3.1589608876390643e-05,4.2135954756638525e-05,5.325642329112717e-05,6.0856947200437796e-05,6.974952777976547e-05,0.00016550121295396314,0.0004710321806076983
2024-07-10 00:00:00+00:00,0.8974000215530396,-0.00045672735001672793,8.281627591575021e-06,3.955051390046567e-05,3.9871236467965636e-05,5.0761753886727646e-05,6.502752690898785e-05,7.699425359867736e-05,0.00015217100456788564,0.00047758943260352337
2024-07-11 00:00:00+00:00,0.8992000222206116,0.0020037862918731025,2.085998722533027e-07,8.490227463828351e-06,3.975911377271895e-05,5.062618222046691e-05,6.174665075495544e-05,7.215016260418354e-05,0.00015236119216551888,0.0004768039425823142
2024-07-12 00:00:00+00:00,0.8960300087928772,-0.0035315994805369677,4.015159503498559e-06,4.223759375751889e-06,1.2505386967326883e-05,4.409499584371756e-05,5.4985513262479464e-05,7.33623341677646e-05,9.080139682446829e-05,0.0004805067138149282
2024-07-15 00:00:00+00:00,0.8968899846076965,0.0009593020145181042,1.247219489092898e-05,1.6487354394427568e-05,1.669595426668084e-05,5.6246468167146546e-05,6.71135366148944e-05,8.172348117566862e-05,9.472710963802147e-05,0.0003837551251993353
2024-07-16 00:00:00+00:00,0.8954700231552124,-0.0015844604246955246,9.202603550584929e-07,1.33924552459875e-05,1.7407614749486032e-05,2.589784221331442e-05,5.7487451089704984e-05,7.91542655044414e-05,9.461046822041683e-05,0.0003798113245947633
2024-07-17 00:00:00+00:00,0.8932200074195862,-0.0025158265366645866,2.510514837426322e-06,3.430775192484842e-06,1.5902970083413797e-05,2.0126729459165716e-05,5.967724335963132e-05,7.088848334589319e-05,9.206829219109603e-05,0.000333121988284949
2024-07-18 00:00:00+00:00,0.8823500275611877,-0.012244085498223034,6.329383162585728e-06,8.839898000012076e-06,9.760158355070543e-06,2.6247512749498145e-05,3.473774021332642e-05,7.687369496996487e-05,9.559468741376426e-05,0.0003071796845031677
2024-07-19 00:00:00+00:00,0.8873000144958496,0.005594326252966672,0.0001499176296877956,0.00015624701285038136,0.00015875752768780763,0.00017214998293379517,0.000176373742309547,0.00021624497877751256,0.0002414012692185349,0.00044891062569853385
2024-07-22 00:00:00+00:00,0.8880100250244141,0.0007998721920273177,3.1296486224632124e-05,0.00018121411591242773,0.00018754349907501344,0.0001909742742674983,0.00020746162866192583,0.00024722074243464467,0.0002692082794168813,0.0004704748148179473
2024-07-23 00:00:00+00:00,0.8895000219345093,0.0016764993949066193,6.397955235785862e-07,3.1936281748210734e-05,0.0001818539114360063,0.0001906938094360184,0.00020408626468200583,0.00021659165164933267,0.00025907177794448535,0.00042006123059557145
2024-07-24 00:00:00+00:00,0.8915200233459473,0.002268365572804812,2.8106502211222605e-06,3.450445744700874e-06,3.4746931969332974e-05,0.00019099394481971436,0.00019442472001219912,0.0002111206742788799,0.00026153825662709356,0.00042258511321218687
2024-07-25 00:00:00+00:00,0.8850200176239014,-0.007317633801865939,5.145482371886102e-06,7.95613259300839e-06,8.59592811658695e-06,0.00018981004402901473,0.00019864994202902674,0.0002160575567785127,0.00025613739311873177,0.0004259415633482401
2024-07-26 00:00:00+00:00,0.8806399703025818,-0.004961381393869785,5.3547764458210954e-05,5.869324683009708e-05,6.150389705121931e-05,9.344017879943008e-05,0.0002496871916498114,0.0002655901617332251,0.00030936443500944276,0.000464056199091066
2024-07-29 00:00:00+00:00,0.8842999935150146,0.004147482105893621,2.461530533543729e-05,7.816306979364828e-05,8.330855216553435e-05,8.675899791023525e-05,0.0002679731138226629,0.0002777332721777334,0.0003027108540359894,0.0004885353019372172
2024-07-30 00:00:00+00:00,0.8860999941825867,0.0020334402398465706,1.7201607818707787e-05,4.181691315414511e-05,9.536467761235603e-05,0.00010332081020536445,0.0001352570919535751,0.0002940146196413827,0.00031163083426312215,0.0004928766895946132
2024-07-31 00:00:00+00:00,0.8820300102233887,-0.004603723863535192,4.134879209027279e-06,2.13364870277351e-05,4.595179236317236e-05,0.00010464503919326946,0.00010809548493797026,0.00029563898401298365,0.00031555711359989615,0.0004895485540176874
2024-08-01 00:00:00+00:00,0.8781399726867676,-0.004420077501288089,2.1194273411683394e-05,2.5329152620710707e-05,4.253076043941847e-05,0.00012069383023306676,0.00012864996282607507,0.0003105038742620813,0.000332736227508081,0.0004891309914517183
2024-08-02 00:00:00+00:00,0.8729000091552734,-0.005984990893599468,1.9537085117393154e-05,4.0731358529076585e-05,4.4866237738103835e-05,8.668315089224896e-05,0.00014537639772234595,0.00018012332969167887,0.00033980111773454513,0.0005086496642944915
2024-08-05 00:00:00+00:00,0.8561000227928162,-0.019433793857194653,3.5820115996468554e-05,5.535720111386175e-05,7.655147452554511e-05,9.788796155328022e-05,0.0001760510313469284,0.00018464695946351532,0.0003747009733759552,0.0004788948254464108
2024-08-06 00:00:00+00:00,0.8548300266265869,-0.0014845684660342306,0.00037767234368393663,0.00041349245968040524,0.0004330295447977983,0.0004583586974185091,0.0005001756105726541,0.0005616795076238733,0.0007498628022224656,0.0008480206870529717
2024-08-07 00:00:00+00:00,0.8525500297546387,-0.002670756541501784,2.2039435303432287e-06,0.0003798762872142799,0.0004156964032107484,0.00045642776173982494,0.00047776424876756,0.0005610728009330943,0.0007457373625902229,0.0008491877288106517
2024-08-08 00:00:00+00:00,0.8592699766159058,0.007851270993125076,7.1329405039745715e-06,9.336884034317855e-06,0.0003870092277182544,0.00044236642883211617,0.0004676955814528268,0.0005630602590651828,0.000602952673406402,0.0008512679784478792
2024-08-09 00:00:00+00:00,0.8668500185012817,0.008782808416974236,6.164245620748721e-05,6.877539671146184e-05,7.097934024180501e-05,0.00048447179992221017,0.0005252031584512867,0.0005711549508144591,0.0006332986433892571,0.000910107446715449
2024-08-12 00:00:00+00:00,0.8650400042533875,-0.0020902192207491177,7.713772368927348e-05,0.00013878017989676076,0.00014591312040073526,0.0005257894076150151,0.0005811466087288768,0.0006236773691682952,0.000709796571554952,0.0009831341225216973
2024-08-13 00:00:00+00:00,0.8647300004959106,-0.0003584335026559915,4.369016390789049e-06,8.150674008006258e-05,0.00014314919628754977,0.00015248608032186756,0.0005659785400022727,0.0006108447777403766,0.0007113549377246187,0.0009840136628862007
2024-08-14 00:00:00+00:00,0.8650500178337097,0.00037000929373567915,1.2847457582624267e-07,4.497490966615346e-06,8.163521465588877e-05,0.00015041061136735056,0.0005302868985816305,0.0006068383731071754,0.0007063379299285589,0.0009733658404660525
2024-08-15 00:00:00+00:00,0.8648059964179993,-0.00028212916603306826,1.3690687745077609e-07,2.6538145327707294e-07,4.634397844066068e-06,0.00014341457774082677,0.00015275146177514456,0.0005857810065729429,0.0006529270723477987,0.0009731585758049892
2024-08-16 00:00:00+00:00,0.8724899888038635,0.008845979681142147,7.959686632651459e-08,2.1650374377734488e-07,3.449783196035333e-07,8.185171839966606e-05,0.00015062711511112784,0.0005663235183218762,0.0006283913638786879,0.0009626918267910678
2024-08-19 00:00:00+00:00,0.867579996585846,-0.005643457206440605,7.825135651917972e-05,7.833095338550629e-05,7.846786026295701e-05,8.29653512295723e-05,0.000221745531126333,0.0006087547588445874,0.0006894411125791599,0.0010406224607427475
2024-08-20 00:00:00+00:00,0.8623700141906738,-0.0060232932908441394,3.18486092409264e-05,0.00011009996576010617,0.00011017956262643263,0.00011044494407970966,0.00019195168415977218,0.00026293102440157716,0.000717154842611059,0.0010412021836747835
2024-08-21 00:00:00+00:00,0.8535599708557129,-0.010268624974137552,3.628006206752802e-05,6.812867130845447e-05,0.00014638002782763415,0.00014659653157141143,0.00015109402253802673,0.00029700714293876197,0.0007322406312669037,0.0010692006181507363
2024-08-22 00:00:00+00:00,0.8511000275611877,-0.0028861415230975185,0.00010544465885948145,0.00014172472092700952,0.00017357333016793585,0.00025190428355344207,0.0002521696650067191,0.00039531886129426884,0.0008181482050089919,0.0011744366771379645
2024-08-23 00:00:00+00:00,0.8517000079154968,0.0007046985748626888,8.329812891347664e-06,0.00011377447175082917,0.0001500545338183571,0.00026015449957846325,0.0002603710033222405,0.0003420062179781292,0.0007906579019038711,0.0011787513305258136
2024-08-26 00:00:00+00:00,0.847320020198822,-0.005155910286059995,4.966000814135047e-07,8.826412972761223e-06,0.00011427107183224262,0.00018239974314069704,0.0002607306965262033,0.0002653650943702693,0.0004134821583013479,0.0011667757357162979
2024-08-27 00:00:00+00:00,0.847100019454956,-0.00025967675069185625,2.6583410877899256e-05,2.7080010959312815e-05,3.540982385066041e-05,0.0001771345447776699,0.000287234510537776,0.0002875794888573795,0.00043786162564890394,0.0011924388862391388
2024-08-28 00:00:00+00:00,0.8417199850082397,-0.006371374844486244,6.743201484988046e-08,2.665084289274919e-05,2.7147442974162627e-05,0.00014092191472499176,0.00020905058603344618,0.0002875184462964031,0.0004307961171597792,0.0011899958034165626
2024-08-29 00:00:00+00:00,0.8418200016021729,0.00011881701040214465,4.059441740895211e-05,4.0661849423802044e-05,6.724526030170123e-05,7.607167327446241e-05,0.0002177963942014719,0.00032797595682790444,0.0004097480783612441,0.0012242608376629286
2024-08-30 00:00:00+00:00,0.8469399809837341,0.006063614867381328,1.4117481960903351e-08,4.060853489091306e-05,4.067596690576288e-05,6.775597786507565e-05,0.00018153044961590473,0.0003279104774435388,0.0003326244721539315,0.0010743573254570942
2024-09-02 00:00:00+00:00,0.8504999876022339,0.0041945658215416515,3.676742525992789e-05,3.678154274188884e-05,7.737596015084088e-05,0.00010402680304359002,0.00011285321601635121,0.00028642654618428703,0.00036502288102307036,0.0010798282644923897
2024-09-03 00:00:00+00:00,0.8513699769973755,0.0010223924142507834,1.7594382431245388e-05,5.436180769117332e-05,5.437592517313417e-05,9.503777459693617e-05,0.0001221177855562489,0.00027217231937460597,0.0003824887888784895,0.0010967828514000567
2024-09-04 00:00:00+00:00,0.8499299883842468,-0.0016928101878561919,1.0452862487175456e-06,1.8639668679962982e-05,5.5407093939890805e-05,9.601562883080383e-05,0.00012266647172355297,0.0002369375435557955,0.0003833971682497563,0.0010950174874276518
2024-09-05 00:00:00+00:00,0.8460400104522705,-0.004587327318559209,2.8656063321097156e-06,3.910892580827309e-06,2.1505275012072636e-05,5.828681775396144e-05,9.894866717776344e-05,0.0001343584910284238,0.00038618317771553945,0.0010927376113878757
2024-09-06 00:00:00+00:00,0.8438100218772888,-0.0026392754703492005,2.104357192759962e-05,2.3909178259709386e-05,2.495446450842687e-05,7.931627219960016e-05,0.00011992480709051317,0.00014707225006467574,0.0003289753931239594,0.0010602334188572642
2024-09-09 00:00:00+00:00,0.843940019607544,0.00015404855851502974,6.9657750083869935e-06,2.8009346935986662e-05,3.087495326809631e-05,4.9514621948059264e-05,8.629616468994806e-05,0.00015354142499164925,0.00030409255889141996,0.001042583888530214
2024-09-10 00:00:00+00:00,0.8494499921798706,0.0065076467669294424,2.373095838055854e-08,6.9895059667675995e-06,2.803307789436716e-05,3.194397047519443e-05,8.630577816636771e-05,0.00012698174507213053,0.0002678362277822725,0.0010254060116698868
2024-09-11 00:00:00+00:00,0.8466200232505798,-0.003337092843808953,4.234946644312722e-05,4.237319740150783e-05,4.933897240989476e-05,7.324815066960411e-05,9.188781934956704e-05,0.0001692637795004079,0.0002047410353659183,0.0010636205989039867
2024-09-12 00:00:00+00:00,0.8525999784469604,0.00703849987391153,1.1136188648200925e-05,5.3485655091328196e-05,5.350938604970869e-05,8.151873298569532e-05,8.542962556652259e-05,0.00013980555073965669,0.00020754741112277155,0.0010535625141405041
2024-09-13 00:00:00+00:00,0.8498799800872803,-0.0031953394345162756,4.9540480475052624e-05,6.06766691232536e-05,0.00010302613556638075,0.00011001564153314832,0.00013392481979285768,0.00018933191373274845,0.0002565912915164107,0.0010835659094981635
2024-09-16 00:00:00+00:00,0.8476999998092651,-0.002568340228043753,1.0210194101774791e-05,5.9750674576827464e-05,7.088686322502832e-05,0.00011326006062653612,0.00014126940756252273,0.0001627746825745953,0.0002402180747402862,0.0010579559876034699
2024-09-17 00:00:00+00:00,0.8445799946784973,-0.003687343319102948,6.596371526987836e-06,1.6806565628762674e-05,6.634704610381524e-05,0.0001198327011951434,0.00012682220716191096,0.0001517766716703378,0.0002467470142524242,0.0006868800154465211
2024-09-18 00:00:00+00:00,0.8463299870491028,0.00206988309765066,1.3596500752933146e-05,2.019287227992103e-05,3.040306638169576e-05,9.107973550494933e-05,0.0001334529329064571,0.0001643278861745534,0.00021974909759640523,0.000698272572669111
2024-09-19 00:00:00+00:00,0.8472999930381775,0.0011454758200347692,4.284416037939891e-06,1.7880916790873085e-05,2.447728831786086e-05,8.422796289468829e-05,0.00013771361798601642,0.00016574669588038357,0.00022401939615238422,0.0006954240482030763
2024-09-20 00:00:00+00:00,0.8477799892425537,0.0005663404939275363,1.312114854284327e-06,5.596530892224268e-06,1.919303164515735e-05,3.599959727391999e-05,9.667626639717355e-05,0.00014601523880706827,0.00018856408574674063,0.0006350937068498734
2024-09-23 00:00:00+00:00,0.8508999943733215,0.003673450761024405,3.2074155506208574e-07,1.6328564093464617e-06,5.91727244728629e-06,2.6110144727207285e-05,8.58608193040347e-05,0.00013937020535374336,0.00017129044487055735,0.0005582767247156621
2024-09-24 00:00:00+00:00,0.847320020198822,-0.0042161550881546495,1.349424049367078e-05,1.3814982048732914e-05,1.5127096903017179e-05,3.300801369389023e-05,4.981457932265286e-05,0.00015284071488903358,0.0001837393991155106,0.0005674019488185437
2024-09-25 00:00:00+00:00,0.841509997844696,-0.006880556614423494,1.777596372737234e-05,3.127020422104317e-05,3.159094577610519e-05,3.718747666832942e-05,5.7380348948250404e-05,0.0001282672121732787,0.0001986497565107732,0.0005850494379700899
2024-09-26 00:00:00+00:00,0.850570023059845,0.010708845546569007,4.73420593242869e-05,6.511802305165929e-05,7.861226354533001e-05,8.024511995467643e-05,9.812603674554948e-05,0.00016447308284936468,0.0002249482439074605,0.000632254590416926
2024-09-27 00:00:00+00:00,0.8462399840354919,-0.005103751634437825,0.00011467937294027085,0.0001620214322645578,0.00017979739599193007,0.00019361237804066294,0.00019920890893288716,0.00022961197531458287,0.0003326618418393443,0.0007468543664908703
2024-09-30 00:00:00+00:00,0.840499997138977,-0.006806039007727777,2.6048280746026773e-05,0.00014072765368629766,0.0001880697130105845,0.00021933991723162763,0.00022097277364097404,0.0002454500619588349,0.00035868639162699054,0.0006946512907177174
2024-10-01 00:00:00+00:00,0.8453099727630615,0.005706442318431121,4.63221669747121e-05,7.237044772073893e-05,0.0001870498206610097,0.000252167843712669,0.0002659828257614018,0.00028517585740655914,0.0003626590921585754,0.0007091248484515031
2024-10-02 00:00:00+00:00,0.846340000629425,0.0012177791030740792,3.256348393358155e-05,7.888565090829371e-05,0.0001049339316543204,0.00026695536391887814,0.0002982255681399213,0.0003041428405872075,0.000384086387443956,0.0007054082703175566
2024-10-03 00:00:00+00:00,0.8499100208282471,0.004209315165681543,1.482985943883909e-06,3.4046469877465515e-05,8.036863685217755e-05,0.0002210962905384752,0.0002862143135901344,0.0003013414104931515,0.0003360288929127873,0.0006014465974019591
2024-10-04 00:00:00+00:00,0.8518099784851074,0.0022329859754779413,1.7718334164036637e-05,1.92013201079206e-05,5.176480404150208e-05,0.00012413525176224098,0.0002861566840267987,0.00031774762980290384,0.00034353703297504917,0.000610835118674648
2024-10-07 00:00:00+00:00,0.8586900234222412,0.00804452736930572,4.986226366681173e-06,2.2704560530717865e-05,2.4187546474601706e-05,0.00010307319738289537,0.00024380085106919297,0.00032241311461452297,0.0003419268878147425,0.0006153247449599157
2024-10-08 00:00:00+00:00,0.8545799851417542,-0.004797896588743605,6.471442059550882e-05,6.970064696219005e-05,8.741898112622662e-05,0.00012146545100369209,0.00019383589872443098,0.000373633294716361,0.0003930448076573182,0.0006534557546775253
2024-10-09 00:00:00+00:00,0.8574000000953674,0.003294451487161787,2.3019811676277525e-05,8.77342322717864e-05,9.27204586384675e-05,0.00011192177874638808,0.0001908074296546817,0.00037887714266526617,0.0004117802032956558,0.0006764081343389529
2024-10-10 00:00:00+00:00,0.8604699969291687,0.0035741937484791153,1.085341060126251e-05,3.387322227754009e-05,9.858764287304885e-05,0.00012129220340376667,0.00015533867328123213,0.0003423884939422418,0.000421321499042634,0.0006466671275312633
2024-10-11 00:00:00+00:00,0.8565499782562256,-0.0045660802324122285,1.2774860951667189e-05,2.362827155292975e-05,4.664808322920721e-05,0.00011634873019139722,0.00013555005029931776,0.00024048398195363813,0.0004337756184392391,0.0006594278710009696
2024-10-14 00:00:00+00:00,0.858299970626831,0.0020409867105047053,2.084908868882571e-05,3.362394964049295e-05,4.447736024175539e-05,0.00013221159251354176,0.00015491615304425956,0.00023528478989643707,0.0004411304666343941,0.0006435095344298674
2024-10-15 00:00:00+00:00,0.8621000051498413,0.00441762468780324,4.165626752456818e-06,2.501471544128258e-05,3.77895763929497e-05,7.166279867048975e-05,0.00014136344563267977,0.0001931282496741818,0.0004275201296594785,0.0006300807787510789
2024-10-16 00:00:00+00:00,0.8625400066375732,0.0005102531476379457,1.9515407882288673e-05,2.3681034634745544e-05,4.4530123323571186e-05,6.81583948765009e-05,0.00015589262714828725,0.0001800801736228889,0.0003996934782174803,0.00064855090038465
2024-10-17 00:00:00+00:00,0.8652999997138977,0.003194734944935579,2.603582746744312e-07,1.977576615696316e-05,2.3941392909419908e-05,5.7565342549912815e-05,9.143856482745285e-05,0.00017885754595367944,0.00028527446355188386,0.0006459456523272147
2024-10-18 00:00:00+00:00,0.8659300208091736,0.0007278306355820718,1.0206331368392536e-05,1.0466689643067021e-05,2.998209752535563e-05,5.499681296663817e-05,7.862508451956786e-05,0.00017134554315803533,0.0002694325141742496,0.0006351084117680076
2024-10-21 00:00:00+00:00,0.8649299740791321,-0.0011555490845875371,5.297374340918026e-07,1.0736068802484392e-05,1.0996427077158756e-05,3.467746171190426e-05,6.830141135239715e-05,0.00016688905422544597,0.00022364008463362934,0.0006286723741937124
2024-10-22 00:00:00+00:00,0.8654099702835083,0.0005547999030503237,1.335293686891095e-06,1.8650311209829518e-06,1.207136248937542e-05,3.184712864633854e-05,5.6861844087621064e-05,0.00010350992731682823,0.00019241189438693888,0.0006299839369222229
2024-10-23 00:00:00+00:00,0.8655300140380859,0.00013870354357450876,3.0780293242464857e-07,1.643096619315798e-06,2.1728340534075325e-06,1.2639523696474514e-05,3.632055833122e-05,8.079791857297535e-05,0.0001912367113754796,0.0005879422734115205
2024-10-24 00:00:00+00:00,0.8667399883270264,0.0013969813990500624,1.923867300012565e-08,3.270416054248284e-07,1.6623352923158557e-06,1.2398404094800208e-05,3.217417025176331e-05,6.996374664471297e-05,0.0001735376158844431,0.0005768253234363196
2024-10-25 00:00:00+00:00,0.8658699989318848,-0.001004253091759083,1.9515570292918697e-06,1.9707957022920495e-06,2.27859863471663e-06,4.143629755699542e-06,1.461031939876651e-05,5.914044272233765e-05,0.00017050294654705382,0.0005292363999905588
2024-10-28 00:00:00+00:00,0.8684599995613098,0.002986747109316984,1.0085242723076772e-06,2.960081301599601e-06,2.979319974599659e-06,4.622416593915417e-06,1.5358485396399755e-05,3.929987830581962e-05,0.00010679705022385267,0.0005200347301610917
2024-10-29 00:00:00+00:00,0.8648599982261658,-0.004153885625469617,8.92065829501336e-06,9.929182567321091e-06,1.1880739596612894e-05,1.2207781202037682e-05,1.407281232302058e-05,4.405490984837617e-05,9.269789684258849e-05,0.0005223590169291172
2024-10-30 00:00:00+00:00,0.8672199845314026,0.0027250332422634194,1.7254765789483107e-05,2.6175424084496523e-05,2.718394835680413e-05,2.915474405909614e-05,3.0797840678411884e-05,4.17942677555706e-05,9.90992520308091e-05,0.0005260172819656672
2024-10-31 00:00:00+00:00,0.8662999868392944,-0.0010614216088371542,7.425806171440684e-06,2.4680571960923845e-05,3.360123025593714e-05,3.656131155753669e-05,3.688835316296147e-05,4.8959715652336853e-05,9.37501972505826e-05,0.0005291586720991679
2024-11-01 00:00:00+00:00,0.86353999376297,-0.003191041309368453,1.1266158317064527e-06,8.552422003147188e-06,2.5807187792630227e-05,3.5736370359951276e-05,3.770716606224327e-05,3.9880000115650766e-05,7.402772439346333e-05,0.0005289731730765901
2024-11-04 00:00:00+00:00,0.8676000237464905,0.004690593928170672,1.0182744638095932e-05,1.1309360469802436e-05,1.873516664124305e-05,4.491059072573953e-05,4.7870672027339085e-05,4.95330073196549e-05,8.004484227910244e-05,0.000538835176159624
2024-11-05 00:00:00+00:00,0.8641700148582458,-0.003961280420628682,2.2001671398991577e-05,3.218441603708756e-05,3.331103186879395e-05,5.7991603829717754e-05,6.792078639703878e-05,7.019938503175538e-05,8.253110579580536e-05,0.0005473426070649448
2024-11-06 00:00:00+00:00,0.8624100089073181,-0.0020387199391934674,1.569174257085615e-05,3.7693413969847774e-05,4.787615860794365e-05,5.642858061109079e-05,8.260400469558727e-05,8.558332467018688e-05,9.796249009198708e-05,0.0005452583859084285
2024-11-07 00:00:00+00:00,0.8756999969482422,0.015292757080025726,4.156378990465015e-06,1.9848121561321214e-05,4.1849792960312726e-05,5.315915343011513e-05,7.783972539103891e-05,8.972046498765176e-05,9.191253771405954e-05,0.0005020727055746067
2024-11-08 00:00:00+00:00,0.8727800250053406,-0.003340014893811666,0.00023386841910867697,0.00023802479809914204,0.0002537165406699981,0.00028590095670708563,0.0002944533787102328,0.00032163732706703686,0.0003252512193886447,0.0006212617517430128
2024-11-11 00:00:00+00:00,0.8759999871253967,0.003682528089923809,1.1155699490883753e-05,0.00024502411859956077,0.00024918049759002577,0.00028687391155987347,0.00029818327202967585,0.00033178450228561296,0.0003350716251926374,0.0006063691704878699
2024-11-12 00:00:00+00:00,0.8802700042724609,0.004862607209221909,1.3561013133077897e-05,2.4716712623961704e-05,0.00025858513173263866,0.0002784332532939598,0.00031061766933104725,0.0003364248571236775,0.00034832483539329063,0.0005736080166462357
2024-11-13 00:00:00+00:00,0.8821600079536438,0.002144771017946634,2.364494887117688e-05,3.720596200425483e-05,4.8361661495138525e-05,0.0002863864595942805,0.0003240798735641282,0.00034281504020537126,0.00037195054559146736,0.0005646894815838309
2024-11-14 00:00:00+00:00,0.8857700228691101,0.004083894577165598,4.6000427194238405e-06,2.8244991590600773e-05,4.1806004723678614e-05,0.00028683012332323933,0.0003066782448845605,0.0003399892767533544,0.00037459903128159936,0.0005678065383593709
2024-11-15 00:00:00+00:00,0.8904399871826172,0.005258359144001093,1.6678194917402577e-05,2.1278237636826475e-05,4.49231865080033e-05,6.963989913196494e-05,0.0003076646972311069,0.0003555408558390505,0.0003902687019266942,0.0005667663991127368
2024-11-18 00:00:00+00:00,0.888670027256012,-0.001989714515881272,2.7650340887299906e-05,4.432853580470254e-05,4.8928578524126326e-05,8.61345405283811e-05,0.0003311586591279418,0.0003730084520882545,0.0004089983845189808,0.0005894305136333555
2024-11-19 00:00:00+00:00,0.8831999897956848,-0.0061743297027776756,3.958963854708644e-06,3.160930474200861e-05,4.828749965941113e-05,7.653249125001184e-05,0.00010124920387397347,0.0003549657445439716,0.00039570258258420635,0.0005286750568925554
2024-11-20 00:00:00+00:00,0.882070004940033,-0.0012802404316169247,3.8122347278602656e-05,4.2081311133311354e-05,6.973165202061121e-05,9.100988965743763e-05,0.0001282158516616924,0.0003773963492517181,0.0004263991236913683,0.0005437775924948805
2024-11-21 00:00:00+00:00,0.883650004863739,0.0017896386025374883,1.6390155627466896e-06,3.97613628413494e-05,4.372032669605799e-05,8.804886250076048e-05,0.00011629385409136117,0.0003748789858239998,0.00042691152342240853,0.0005345631974563647
2024-11-22 00:00:00+00:00,0.886900007724762,0.003671182952299651,3.202806327692334e-06,4.841821890439078e-06,4.296416916904168e-05,7.457347391105023e-05,9.585171154787662e-05,0.00014421337304301512,0.0004199315851120049,0.0005249911428323898
2024-11-25 00:00:00+00:00,0.890470027923584,0.004017199489433743,1.3477584269255581e-05,1.668039059694797e-05,1.8319406159694604e-05,6.040071729300591e-05,0.00010472925309770837,0.00014653525782138695,0.0004114074979822689,0.0005176196384128197
2024-11-26 00:00:00+00:00,0.8888000249862671,-0.0018771781439043123,1.6137891737906723e-05,2.9615476007162357e-05,3.2818282334854636e-05,7.257964517620399e-05,0.00010418894991821252,0.00014911213642621577,0.00041185364714931954,0.0005295919033982695
2024-11-27 00:00:00+00:00,0.8862699866294861,-0.0028506369365826345,3.523797783952039e-06,1.9661689521858813e-05,3.313927379111434e-05,3.7981095681553366e-05,8.006240681486464e-05,0.00012899098533899095,0.0004112210659428065,0.000513600293299933
2024-11-28 00:00:00+00:00,0.8820000290870667,-0.004829540515874545,8.126130944209228e-06,1.1649928728161317e-05,2.778782046606799e-05,4.44682110630159e-05,8.422957390436523e-05,0.00013251707356377632,0.0001854787777783388,0.0005214660659694678
2024-11-29 00:00:00+00:00,0.8823400139808655,0.0003853961137965378,2.3324461594473764e-05,3.145059253868304e-05,3.4974390322635034e-05,6.458986632979733e-05,6.943168822023633e-05,0.00013916334024084752,0.0001976475398819288,0.0005345841961955489
2024-12-02 00:00:00+00:00,0.8820269703865051,-0.0003548508903406522,1.4853016452947392e-07,2.347299175900329e-05,3.1599122703212466e-05,5.1260812225071225e-05,6.794120282201911e-05,0.00011166152951807708,0.00018423505691338038,0.0005342029889259867
2024-12-03 00:00:00+00:00,0.8862800002098083,0.0048102937950241925,1.2591915437555358e-07,2.7444931890507836e-07,2.359891091337879e-05,3.524883964154006e-05,6.486431564870233e-05,0.00010782848481774399,0.00016071602719657907,0.0005329936143934712
2024-12-04 00:00:00+00:00,0.8863999843597412,0.00013537034451846508,2.313892639444825e-05,2.3264845548823852e-05,2.3413375713353276e-05,5.486396825203627e-05,7.4525657773895e-05,9.284506393358958e-05,0.00017925491087160346,0.0005558247378554947
2024-12-05 00:00:00+00:00,0.8837500214576721,-0.0029940568572893594,1.832513017504793e-08,2.3157251524623346e-05,2.3283170678998848e-05,4.6756162438002086e-05,5.8406091166163326e-05,9.122437350101793e-05,0.00016259504108437594,0.0005558238243126697
2024-12-06 00:00:00+00:00,0.8784199953079224,-0.006049407666156803,8.964376464681436e-06,8.982701594856535e-06,3.2121627989304736e-05,3.239607730820976e-05,6.384666984689273e-05,9.698594363800704e-05,0.0001439090766617575,0.0005628366437480592
2024-12-09 00:00:00+00:00,0.8786699771881104,0.00028454078708275987,3.65953331113567e-05,4.555970957603819e-05,4.557803470621318e-05,6.8842880255037e-05,9.23158720140402e-05,0.00012010369248010815,0.0001765454459184055,0.0005984234525871083
2024-12-10 00:00:00+00:00,0.8785899877548218,-9.103881604272113e-05,8.096345951367649e-08,3.667629657087043e-05,4.564067303555181e-05,6.879792456017511e-05,6.90723738790801e-05,0.00010404676420171512,0.00013850406209931653,0.0005895837577516085
2024-12-11 00:00:00+00:00,0.8824999928474426,0.0044404449066541285,8.288066026460418e-09,8.925152554019111e-08,3.6684584636896833e-05,4.566728623175332e-05,6.89321317805771e-05,0.00010053125448378953,0.0001368733346025963,0.0005723372800281518
2024-12-12 00:00:00+00:00,0.8832100033760071,0.0008042210423579443,1.9717550969030593e-05,1.9725839035057108e-05,1.9806802494570724e-05,6.536651207060887e-05,8.852376359523212e-05,0.0001121226745086109,0.00015338807924393456,0.0005846290248257419
2024-12-13 00:00:00+00:00,0.892009973526001,0.009914311855533403,6.467714849712985e-07,2.0364322454001946e-05,2.0372610520028346e-05,5.704890709089873e-05,6.603160868575519e-05,8.944498439910843e-05,0.0001405572664596503,0.0005841491804790066
2024-12-16 00:00:00+00:00,0.8917440176010132,-0.00029819798950025955,9.829357956877019e-05,9.894035105374155e-05,0.00011865790202277208,0.00011874715354831221,0.00016430686312435033,0.00018759003380334913,0.00022271295429051376,0.0006722600154096808
2024-12-17 00:00:00+00:00,0.8940399885177612,0.0025713884478395926,8.89220409419969e-08,9.838250160971223e-05,9.902927309468348e-05,0.00011875511212974055,0.00015543140870061088,0.00018755303668991556,0.00021927807854750373,0.0006503472660516313
2024-12-18 00:00:00+00:00,0.8924800157546997,-0.0017463819669574498,6.61203854968291e-06,6.700960590624947e-06,0.00010499454015939508,0.000125358862613397,0.00012544811413893708,0.00017102614884515025,0.00021776398615297742,0.0006412675620304581
2024-12-19 00:00:00+00:00,0.9017000198364258,0.01027777041293619,3.0498499745141713e-06,9.66188852419712e-06,9.750810565139063e-06,0.00010869116161888057,0.0001284170006539376,0.00017405767368948937,0.00019748937453301782,0.0006401610330145072
2024-12-20 00:00:00+00:00,0.8989899754524231,-0.0030100088712780443,0.00010563256466102656,0.00010868241463554077,0.00011529445318522363,0.00021367695479493584,0.0002340412772489377,0.0002707258618858345,0.0003029734090295149,0.0005119251785668568
2024-12-23 00:00:00+00:00,0.8930500149726868,-0.006629296517222105,9.060153405172527e-06,0.00011469271806619913,0.00011774256804071325,0.00012444352863133818,0.00022338387968507962,0.00024319068217965034,0.0003119076432803119,0.0005098296324811455
2024-12-24 00:00:00+00:00,0.8984699845314026,0.006050712351674203,4.3947572313253136e-05,5.3007725718425705e-05,0.0001586402903794522,0.00016830217890364933,0.0002666846805133615,0.0002870572910333898,0.00033271628919911674,0.0005402161916613208
2024-12-25 00:00:00+00:00,0.9003000259399414,0.0020347704590292504,3.661111996270277e-05,8.055869227595594e-05,8.961884568112842e-05,0.0001983012603166692,0.00020500222090729406,0.0003236601229300661,0.0003693090840316445,0.0005531823627528468
2024-12-26 00:00:00+00:00,0.8994200229644775,-0.0009779332581557887,4.140290820938106e-06,4.075141078364091e-05,8.469898309689399e-05,0.0001993917011630931,0.00020905358968729016,0.00030808286278197363,0.00036448499838790115,0.000552722610854361
2024-12-27 00:00:00+00:00,0.8988999724388123,-0.0005783737504912317,9.563534574071964e-07,5.096644278345343e-06,4.1707764241048056e-05,9.471548995947375e-05,0.00020339790459501445,0.0003083924447544095,0.00032884601873395166,0.0005370007693943656
2024-12-30 00:00:00+00:00,0.9018399715423584,0.0032653262628495883,3.345161952572936e-07,1.2908696526645306e-06,5.4311604736025825e-06,8.598985274955851e-05,0.00020068257081575755,0.00021043338138089659,0.00032909957146969526,0.000509684944702323
2024-12-31 00:00:00+00:00,0.9032400250434875,0.0015512373795369822,1.0662355602855258e-05,1.0996871798112592e-05,1.1953225255519734e-05,5.270463603916063e-05,0.00010571236175758626,0.0002210068149428099,0.00033975363900652406,0.0005163883364504696
2025-01-02 00:00:00+00:00,0.9077500104904176,0.0049806952902270996,2.406337407672763e-06,1.3068693010528062e-05,1.3403209205785301e-05,1.849985348413063e-05,9.90585457600865e-05,0.00021680111380079973,0.0003224424254451662,0.00048067232657953975
2025-01-03 00:00:00+00:00,0.9120100140571594,0.004681948488930457,2.480732557409041e-05,2.7213662981763217e-05,3.787601858461842e-05,3.916688823728293e-05,7.991829902092377e-05,0.00023855858940037596,0.00034660297953428533,0.0005038406365908835
2025-01-06 00:00:00+00:00,0.909309983253479,-0.0029649186146383927,2.1920641652998187e-05,4.672796722708864e-05,4.913430463476135e-05,6.013117643287392e-05,6.522782071121919e-05,0.0001548466663923476,0.00027023004161851337,0.0005225584719161893
2025-01-07 00:00:00+00:00,0.9050400257110596,-0.0047068816982764605,8.790742391429246e-06,3.0711384044427476e-05,5.5518709618517836e-05,6.858740262904588e-05,6.987827228171033e-05,0.0001545772553786043,0.00027893186196900063,0.000517871630038363
2025-01-08 00:00:00+00:00,0.9094499945640564,0.0048608451817065,2.2154735321569898e-05,3.0945477712999186e-05,5.286611936599732e-05,8.007978234776051e-05,9.107665414587301e-05,0.00013278441838692108,0.00029447455874088757,0.0005238884736220261
2025-01-09 00:00:00+00:00,0.910950005054474,0.0016480013515961789,2.3627815880519292e-05,4.578255120208923e-05,5.457329359351843e-05,0.00010130126082060704,0.00011436995383113502,0.00011980111430473759,0.00031505252464689273,0.0005439924917185933
2025-01-10 00:00:00+00:00,0.9120699763298036,0.0012286990023894218,2.7159084548628323e-06,2.6343724335382162e-05,4.849845965695201e-05,7.920984370137948e-05,0.00010642350668314261,0.00011837673193866233,0.00021213586844072896,0.000538582269229247
2025-01-13 00:00:00+00:00,0.9167699813842772,0.005139887043562608,1.5097012384727602e-06,4.225609693335629e-06,2.7853425573854873e-05,5.879890328685404e-05,0.00010552687051394259,0.00011893007971972788,0.0002045854162740292,0.000516767508873246
2025-01-14 00:00:00+00:00,0.9157800078392028,-0.0010804328909974625,2.6418438820582763e-05,2.792814005905556e-05,3.0644048513918346e-05,7.642659971600756e-05,0.00010713798376043494,0.00014501400234505336,0.00018705628278135883,0.0005430374175292993
2025-01-15 00:00:00+00:00,0.9124600291252136,-0.0036318889163826223,1.1673352319491348e-06,2.7585774052531935e-05,2.9095475291004645e-05,5.54391996263868e-05,8.638467733938589e-05,0.00013551898197414723,0.00015161249805060518,0.0005440788336068729
2025-01-16 00:00:00+00:00,0.91211998462677,-0.00037273728728541566,1.319061710094294e-05,1.4357952332892111e-05,4.077639115347482e-05,4.500200084681044e-05,9.078455204889958e-05,0.00014630326166741741,0.00016066282433061,0.0005341305243133675
2025-01-17 00:00:00+00:00,0.9111700057983398,-0.0010420491741647692,1.389330853328905e-07,1.3329550186275867e-05,1.4496885418224951e-05,4.2425025477280504e-05,6.876874981266258e-05,0.00012163486917865988,0.00015984540395853574,0.0005342511322685255
2025-01-20 00:00:00+00:00,0.9146000146865844,0.0037573329444960807,1.0858664813774774e-06,1.224799566710405e-06,1.4415416667653293e-05,4.200119072018522e-05,4.6226800413520776e-05,0.00010080009400703917,0.0001605967542446559,0.0005263726222852215
2025-01-21 00:00:00+00:00,0.906059980392456,-0.009381319906581462,1.4117550855795588e-05,1.5203417337173102e-05,1.5342350422505944e-05,2.9700302755398043e-05,5.762844281445353e-05,0.00010612690247140551,0.00016405194949759623,0.0005038948400296604
2025-01-22 00:00:00+00:00,0.9067100286483764,0.0007171878181362751,8.800916318962161e-05,0.00010212671404541724,0.00010321258052679466,0.00011654213071307052,0.0001441279047656024,0.0001719813303394572,0.0002496547752795451,0.0005918230397597682
2025-01-23 00:00:00+00:00,0.9063100218772888,-0.00044126018072664086,5.143583664830708e-07,8.852352155610472e-05,0.00010264107241190026,0.00010386587197861065,0.00011822382431150268,0.00014886787282542103,0.00022536180807193775,0.0005923291100602249
2025-01-24 00:00:00+00:00,0.9074900150299072,0.0013011283438955495,1.9471054709490777e-07,7.090689135780192e-07,8.871823210319958e-05,0.00010392164944037267,0.00011725119962664846,0.0001463466749176531,0.00020363587696603446,0.0005728062696382892
2025-01-27 00:00:00+00:00,0.9068400263786316,-0.0007165054474638222,1.6929349672883754e-06,1.8876455143833238e-06,2.4020038808663404e-06,0.00010452871792628357,0.0001057535174929939,0.0001465299086464687,0.0001965380695418936,0.0005738524331206062
2025-01-28 00:00:00+00:00,0.904009997844696,-0.0031256380154094654,5.13380056245332e-07,2.206315023533748e-06,2.4010255706286015e-06,9.092454712673331e-05,0.00010612796446390633,0.00012062484988213127,0.00017489671427656903,0.0004760722336080814
2025-01-29 00:00:00+00:00,0.9041299819946288,0.00013271555459939965,9.769613003372822e-06,1.0282993059618194e-05,1.1975928026906515e-05,1.268499694048452e-05,0.00011481171098590167,0.00012922712765355495,0.00016103851139942255,0.0004857529245705122
2025-01-30 00:00:00+00:00,0.9062700271606444,0.002364169412253897,1.761341843262623e-08,9.787226421805489e-06,1.0300606478050766e-05,1.2188251992434077e-05,0.00010071177354853872,0.00011605412397104465,0.00015834021636299236,0.00047915849943926196
2025-01-31 00:00:00+00:00,0.9093689918518066,0.0034136385790845825,5.589297009836937e-06,5.6069104282696036e-06,1.5376523431642373e-05,1.7582838455176106e-05,1.8291907368754045e-05,0.00012150448789554869,0.00016241981213435653,0.0004816979464745847
2025-02-03 00:00:00+00:00,0.9152299761772156,0.006424430339607726,1.1652928348614607e-05,1.7242225358451584e-05,1.7259838776884156e-05,2.7542831836502337e-05,2.943047735088558e-05,0.00013207154976278582,0.00014765430166238837,0.00038771831016217275
2025-02-04 00:00:00+00:00,0.9116100072860718,-0.0039630987518256555,4.127330518847224e-05,5.292623353708689e-05,5.851553054692377e-05,6.830275696872925e-05,7.050907199226291e-05,0.00015922730409546247,0.00018776027161891148,0.00041993146194547245
2025-02-05 00:00:00+00:00,0.905239999294281,-0.0070121738945044115,1.570615171672207e-05,5.6979456905194355e-05,6.86323852538089e-05,7.423929568207849e-05,8.452228874169661e-05,8.692429262256294e-05,0.0001902758062346906,0.0003916900413489414
2025-02-06 00:00:00+00:00,0.9013299942016602,-0.0043286573029910624,4.917058272676917e-05,6.487673444349127e-05,0.00010615003963196346,0.00012339226499041503,0.00013317949141222044,0.00013558051698284903,0.00023930745587612685,0.0004042495041130078
2025-02-07 00:00:00+00:00,0.9050999879837036,0.004173977726955103,1.8737274046737858e-05,6.790785677350707e-05,8.361400849022908e-05,0.00013654024202731596,0.00014214715245558548,0.000154123080482492,0.00025695886344148726,0.00041884648733880755
2025-02-10 00:00:00+00:00,0.9107400178909302,0.006212053954294472,1.7422090065117284e-05,3.6159364111855186e-05,8.532994683862429e-05,0.00014230940374381865,0.00015955162910227013,0.00016985223558032086,0.00026026340265080896,0.0004353122239465176
2025-02-11 00:00:00+00:00,0.911329984664917,0.0006475786262619271,3.8589614331065584e-05,5.601170439618291e-05,7.474897844292072e-05,0.000139625712886412,0.0001925519464234988,0.00020792846985514114,0.00021084385379225294,0.0004735673220823259
2025-02-12 00:00:00+00:00,0.9129899740219116,0.0018198450411339717,4.1935807719128463e-07,3.9008972408256906e-05,5.6431062473374146e-05,0.0001243389192468812,0.00018131837615207547,0.0001985782149289596,0.00021074885350296115,0.0004633243245566619
2025-02-13 00:00:00+00:00,0.9133999943733216,0.0004489954121446732,3.311835973739907e-06,3.7311940509312324e-06,4.232080838199677e-05,7.848017249385193e-05,0.00014335690693734313,0.0002018724374842669,0.00021386597892960615,0.0004642298231227291
2025-02-14 00:00:00+00:00,0.903249979019165,-0.011174547791161518,2.0159688012696496e-07,3.5134328538669126e-06,3.93279093105815e-06,5.994449532724104e-05,0.00012785235210074802,0.0001964847373545569,0.00021237464084244474,0.00043962409442876565
2025-02-17 00:00:00+00:00,0.8998299837112427,-0.003793508307959728,0.00012487051833695278,0.00012507211521707977,0.00012838395119081964,0.00016739292359907654,0.00020355228771093162,0.0003097023273428951,0.00033673177912315217,0.0005425739711127203
2025-02-18 00:00:00+00:00,0.9007200002670288,0.0009886052997063605,1.439070528255948e-05,0.0001392612236195123,0.00013946282049963923,0.00014319401455057044,0.00019920571894675325,0.0002828197274369823,0.00034135287140233886,0.0005481739340038504
2025-02-19 00:00:00+00:00,0.903599977493286,0.0031923158946826485,9.773404386075027e-07,1.5368045721167008e-05,0.00014023856405811976,0.00014375199691198662,0.00018276096932024347,0.00026809091615886775,0.0003423125984225137,0.0005269965391208881
2025-02-20 00:00:00+00:00,0.9045600295066832,0.0010619105608992013,1.019088077144348e-05,1.116822121005101e-05,2.5558926492610464e-05,0.0001506310417096902,0.00015436223576062135,0.00022911121420354205,0.00034691418218412025,0.0005135596040118123
2025-02-21 00:00:00+00:00,0.8980600237846375,-0.007211762547521719,1.1276540393492563e-06,1.1318534810792763e-05,1.2295875249400239e-05,0.0001515570988689125,0.00015507053172277932,0.00021150159419615344,0.00033638890787485496,0.0005119713495962987
2025-02-24 00:00:00+00:00,0.8984500169754028,0.00043416756716435634,5.200951904183695e-05,5.3137173081186234e-05,6.332805385262969e-05,7.869609957379667e-05,0.00020376821479087636,0.00024608902317287313,0.0003471251217282196,0.0005624711673996629
2025-02-25 00:00:00+00:00,0.8973000049591064,-0.0012808154358506935,1.8850147637741587e-07,5.21980205182144e-05,5.3325674557563624e-05,6.44938957676146e-05,0.00020375511938712683,0.00020768791031818495,0.000331607471487875,0.0005362412300554576
2025-02-26 00:00:00+00:00,0.8924000263214111,-0.005475767777251422,1.6404881807134018e-06,1.8289896570908448e-06,5.383850869892777e-05,6.51570435097205e-05,8.052508923088746e-05,0.00020890904042170707,0.0002840773769418192,0.0005367143830042217
2025-02-27 00:00:00+00:00,0.8942999839782715,0.0021267793832916576,2.9984032750384984e-05,3.1624520931098416e-05,3.1813022407475806e-05,8.4950195488662e-05,9.611841669871297e-05,0.00023558123719835214,0.00029532413564546634,0.0005535077986536639
2025-02-28 00:00:00+00:00,0.8999199867248535,0.006264584296345729,4.523190545194443e-06,3.4507223295579455e-05,3.614771147629283e-05,8.83457319945072e-05,9.96642668052999e-05,0.00023990283086341963,0.00028242523612554354,0.0005578920561135253
2025-03-03 00:00:00+00:00,0.9025700092315674,0.0029404040210978533,3.9245016406021515e-05,4.376820695121599e-05,7.375223970160094e-05,7.558122935869175e-05,0.00012871840243987794,0.00015427732893248837,0.0002830806382004994,0.0005960512060381694
2025-03-04 00:00:00+00:00,0.8966000080108643,-0.006636419098141472,8.645975807288425e-06,4.789099221330997e-05,5.2414182758504385e-05,8.403870368960277e-05,0.00013623672420781712,0.0001485325994572173,0.0002913072559305966,0.0005905796309896623
2025-03-05 00:00:00+00:00,0.8896399736404419,-0.007792983771275866,4.404205844617686e-05,5.268803425346532e-05,9.19330506594868e-05,0.00012644027395506622,0.00012826926361215703,0.00019159731746478667,0.00033203747840303353,0.0005466125262462175
2025-03-06 00:00:00+00:00,0.89069002866745,0.001179618550953429,6.073059605936902e-05,0.00010477265450554592,0.0001134186303128343,0.00015718683726405027,0.00018881135819514864,0.00024213703275271223,0.0003925664775822756,0.0006068287639391034
2025-03-07 00:00:00+00:00,0.8833199739456177,-0.008308969073088243,1.3914999257534678e-06,6.212209598512252e-05,0.00010616415443129934,0.0001540551466446093,0.0001885623699401887,0.00024240087863911644,0.00026908745917107626,0.000608025553317762
2025-03-10 00:00:00+00:00,0.8773400187492371,-0.00679288245967169,6.90389670575369e-05,7.04304669832904e-05,0.0001311610630426594,0.0001838490972961247,0.0002276173042473406,0.00025943032665481637,0.0003237357209460537,0.0006753715854080105
2025-03-11 00:00:00+00:00,0.8799800276756287,0.0030045874885784585,4.61432521109153e-05,0.00011518221916845224,0.00011657371909420567,0.00022134637359975156,0.00026923736581306145,0.00030538507728935426,0.0003689016326183615,0.0007210014574626806
2025-03-12 00:00:00+00:00,0.8834400177001953,0.003924186382863931,9.027545976522209e-06,5.517079808743754e-05,0.00012420976514497441,0.00018633186113009692,0.00023901989538356217,0.00031277213508516306,0.0003677382978234402,0.0007202593904358298
2025-03-13 00:00:00+00:00,0.8817700147628784,-0.0018921300070177949,1.5399238767454704e-05,2.442678474397694e-05,7.057003685489221e-05,0.00014100050383818259,0.00024577315834372845,0.0002981873411022328,0.0003820098825515456,0.000735641015784852
2025-03-14 00:00:00+00:00,0.8826199769973755,0.0009634630713338116,3.5801559634571607e-06,1.8979394730911893e-05,2.8006940707434075e-05,0.00014318915987588627,0.00020531125586100872,0.0002972443065204955,0.00033358051947316586,0.0007336318747384723
2025-03-17 00:00:00+00:00,0.884090006351471,0.0016641437555745264,9.282610898239813e-07,4.508417053281169e-06,1.9907655820735847e-05,7.507845390817335e-05,0.0001455089208914637,0.00025892755120429797,0.0003343202790866124,0.0007229072074796816
2025-03-18 00:00:00+00:00,0.881201982498169,-0.0032720098976870976,2.769374439217689e-06,3.6976355290416973e-06,7.2777914924988305e-06,3.1704576236475745e-05,0.00014688679540492792,0.0002530509498362272,0.0003354491653451167,0.000684403276730427
2025-03-19 00:00:00+00:00,0.8767449855804443,-0.005070695019237487,1.070604877056233e-05,1.3475423209780047e-05,1.4403684299604e-05,3.3383079030515864e-05,8.855387711795335e-05,0.00021971494016061272,0.00031617118136529406,0.0006794031737842673
2025-03-20 00:00:00+00:00,0.8763999938964844,-0.00039356892037081814,2.5711947978119856e-05,3.6417996748682215e-05,3.918737118789988e-05,4.369578824118102e-05,6.81225729851579e-05,0.00018469629207936355,0.00033735993879821947,0.000655944539035618
2025-03-21 00:00:00+00:00,0.8813769817352295,0.005662835738304062,1.548964950818514e-07,2.5866844473201734e-05,3.657289324376404e-05,4.027052877280571e-05,5.924992350371755e-05,0.00018345968864869194,0.0002982698188872798,0.000637362161483962
2025-03-24 00:00:00+00:00,0.8829200267791748,0.0017491901079378092,3.206770859901371e-05,3.222260509409559e-05,5.793455307221542e-05,7.140997628199544e-05,7.591839333527655e-05,0.00014648843019016874,0.0003216915516790051,0.0006520077800178584
2025-03-25 00:00:00+00:00,0.8826900124549866,-0.0002605494082818238,3.0596660337074843e-06,3.5127374632721225e-05,3.528227112780305e-05,7.170026787648524e-05,7.539790340552688e-05,0.00010340484411296093,0.0002807091592665357,0.0006164778317205003
2025-03-26 00:00:00+00:00,0.8826500177383423,-4.5311062987399287e-05,6.788599415600852e-08,3.12755202786352e-06,3.51952606268772e-05,6.106210510007891e-05,7.453752830985891e-05,9.444518413059472e-05,0.0002200464492013227,0.000616126359637465
2025-03-27 00:00:00+00:00,0.8841599822044373,0.0017092554759867984,2.0530924290480655e-09,6.993908658508369e-08,3.129605120292541e-06,3.53522102143881e-05,7.177020696307027e-05,7.904799845556905e-05,0.0002186570023679983,0.0006128165767561542
2025-03-28 00:00:00+00:00,0.8813999891281128,-0.003126481534874534,2.921554282190857e-06,2.923607374619932e-06,2.9914933687759137e-06,3.811886800149711e-05,6.398571247469879e-05,7.838939677430276e-05,0.00015253958959265225,0.0006155365341582181
2025-03-31 00:00:00+00:00,0.8808500170707703,-0.0006241703200603743,9.774886787911422e-06,1.2696441070102305e-05,1.2698494162531327e-05,1.582604619039482e-05,4.804865128449035e-05,8.723602247239022e-05,0.00011617122426964835,0.0005004409026091767
2025-04-01 00:00:00+00:00,0.8838199973106384,0.0033660491988766195,3.895885884442701e-07,1.016447537635572e-05,1.308602965854655e-05,1.3155968745131606e-05,4.8283343377852775e-05,8.485623662161678e-05,0.00010753326688157042,0.0004864397859150615
2025-04-02 00:00:00+00:00,0.883400022983551,-0.00047529377233249126,1.1330287209257931e-05,1.1719875797702229e-05,2.1494762585613622e-05,2.4418369960233525e-05,2.7545921988096995e-05,8.548047506031239e-05,0.00010346431532337366,0.0004967927326857119
2025-04-03 00:00:00+00:00,0.8767899870872498,-0.007510628887654386,2.2590417001805002e-07,1.1556191379276009e-05,1.1945779967720252e-05,2.464222103782253e-05,2.471216012440756e-05,5.9994431252210586e-05,0.00010011006352993454,0.0004868277560842865
2025-04-04 00:00:00+00:00,0.8592100143432617,-0.020254117177799763,5.6409546288068555e-05,5.663545045808663e-05,6.796573766734454e-05,7.813021304370023e-05,8.10538204183201e-05,0.00011624908104519729,0.00015559134872817913,0.0005421096483330058
2025-04-07 00:00:00+00:00,0.851610004901886,-0.008884697805559089,0.0004102292626520434,0.000466638808940112,0.00046686471311013,0.0004785845889078322,0.0004912810299779345,0.000494410635098227,0.0005630512369410049,0.0009003293919432123
2025-04-08 00:00:00+00:00,0.8597099781036377,0.009466416299347857,7.893785509610649e-05,0.00048916711774815,0.0005455766640362185,0.0005571328554154944,0.00056729733079185,0.000570288824160626,0.000631283043266549,0.0009790787455629414
2025-04-09 00:00:00+00:00,0.8456599712371826,-0.016477744046848403,8.961303755255878e-05,0.00016855089264866533,0.0005787801553007088,0.0006354156057587953,0.0006471354815564974,0.0006598339757190288,0.0006951841328409879,0.001067051294934787
2025-04-10 00:00:00+00:00,0.8554499745368958,0.011510262943852045,0.00027151604887344795,0.0003611290864260068,0.00044006694152211323,0.0009067057504622252,0.0009182619418415011,0.0009313479715000476,0.0009665452852193541,0.0013085833110578497
2025-04-11 00:00:00+00:00,0.8207600116729736,-0.0413968619972159,0.00013248615303661357,0.00040400220191006157,0.0004936152394626203,0.0009827823572107703,0.0010394178076688569,0.0010609125702544704,0.001066963729656954,0.0014365462735492689
2025-04-14 00:00:00+00:00,0.8180599808692932,-0.0032950943471099226,0.001713700183216538,0.0018461863362531515,0.0021177023851265994,0.002286253277775265,0.002752892086715377,0.002764837866683097,0.002777604246839784,0.0031110014403597855
2025-04-15 00:00:00+00:00,0.8159599900245667,-0.0025703382312204925,1.0857646756355766e-05,0.0017245578299728936,0.0018570439830095072,0.002218173069435514,0.002707340187183664,0.0027753059248510083,0.002788394007601984,0.0031132131113088524
2025-04-16 00:00:00+00:00,0.8207700252532959,0.005877632879387529,6.60663862287369e-06,1.7464285379229458e-05,0.0017311644685957673,0.002135166670505829,0.0023037175631544942,0.002770582276264624,0.0027949985931324285,0.00307577769148555
2025-04-17 00:00:00+00:00,0.8137500286102295,-0.00858972612747752,3.4546568264857334e-05,4.1153206887731024e-05,5.201085364408679e-05,0.0018981971898972382,0.0022593262763232454,0.0028049029403594632,0.002826623607115095,0.003049593663691038
2025-04-22 00:00:00+00:00,0.8090500235557556,-0.005792479720134497,7.378339494506996e-05,0.00010832996320992729,0.00011493660183280099,0.0018394944318056946,0.0022434966337157563,0.002822276789016465,0.0028906321152722537,0.0031219855587103543
2025-04-23 00:00:00+00:00,0.8260700106620789,0.020818779638818508,3.3552821308169417e-05,0.00010733621625323937,0.00014188278451809672,0.00015934706989732616,0.0020055334061504777,0.002445600347672591,0.0029237953479919784,0.003086499412960987
2025-04-24 00:00:00+00:00,0.829800009727478,0.004505191021482724,0.00043342158564968405,0.0004669744069578535,0.0005407578019029234,0.0005819110087906545,0.002306468838763548,0.0028000840782261686,0.003345886646432405,0.0034737777464997556
2025-04-25 00:00:00+00:00,0.8287400007247925,-0.001278243684608077,2.029674614004855e-05,0.0004537183317897326,0.00048727115309790204,0.0005956011163078293,0.0006130654016870587,0.0027307677868136583,0.0033659574884024354,0.003485046946663282
2025-04-28 00:00:00+00:00,0.8284000158309937,-0.0004103273050827527,1.6339069172404328e-06,2.1930653057288983e-05,0.00045535223870697304,0.0005626884549602124,0.0006038416618479433,0.0024608856448574503,0.003311181849031607,0.0034712816148130678
2025-04-29 00:00:00+00:00,0.8211899995803833,-0.008741641373615966,1.6836849729647444e-07,1.8022754145369071e-06,2.2099021554585458e-05,0.0004890734285124389,0.0005974033917223662,0.0023285678603181333,0.0029011209548768604,0.003467869827346907
2025-04-30 00:00:00+00:00,0.823419988155365,0.002711876929209739,7.641629390491443e-05,7.658466240221089e-05,7.821856931945133e-05,0.0005319369011091839,0.0006392731173624234,0.0006912839710065101,0.0028985993936856682,0.0035433578601619976
2025-05-01 00:00:00+00:00,0.8259599804878235,0.0030799383872909536,7.354276479180043e-06,8.377057038409447e-05,8.393893888139094e-05,0.00010586959193867993,0.0005728439988965334,0.0006877806007293344,0.0028163406326122895,0.00354794276220196
2025-05-02 00:00:00+00:00,0.828980028629303,0.0036497413528570333,9.4860204695084e-06,1.6840296948688442e-05,9.325659085360286e-05,9.505886626813978e-05,0.0005487771980578724,0.0006906599825759691,0.0025543106042083498,0.0035467227339009057
2025-05-05 00:00:00+00:00,0.8241000175476074,-0.0059041608651025645,1.3320611942754688e-05,2.2806632412263086e-05,3.016090889144313e-05,0.00010674557129365403,0.00012867622435094303,0.0006694340262538665,0.0024351450631144907,0.003534331397865541
2025-05-06 00:00:00+00:00,0.8217909932136536,-0.0028058065007736943,3.4859115521008666e-05,4.8179727463763355e-05,5.766574793327175e-05,0.00014143631831736622,0.00014323859373190312,0.000630509746829805,0.0007563039954189619,0.003569035616891467
2025-05-07 00:00:00+00:00,0.8256300091743469,0.004660645826735282,7.872550119783923e-06,4.273166564079259e-05,5.605227758354728e-05,7.289257453223572e-05,0.00014947723693444664,0.0006048294756414196,0.00075331889878239,0.003544840458412238
2025-05-08 00:00:00+00:00,0.8239499926567078,-0.002036902843919358,2.1721619522265005e-05,2.9594169642048928e-05,6.44532851630576e-05,8.725991757532068e-05,0.00017103048795941516,0.0001931295095140006,0.0007684338796817813,0.0035635024119007952
2025-05-09 00:00:00+00:00,0.8317999839782715,0.00948216850285985,4.148973195566769e-06,2.5870592717831773e-05,3.3743142837615696e-05,8.192287030137905e-05,9.876316725006749e-05,0.00017698173656951883,0.0007380362846124909,0.0035675834991022062
2025-05-12 00:00:00+00:00,0.8337299823760986,0.0023175797502040796,8.991151951662742e-05,9.406049271219418e-05,0.00011578211223445919,0.00015851377787525178,0.00018132041028751485,0.0002652593491689058,0.0007541644091840482,0.0036574929655264045
2025-05-13 00:00:00+00:00,0.8448699712753296,0.013273147571370492,5.371175898556004e-06,9.528269541518342e-05,9.943166861075018e-05,0.00012902583825279913,0.00017720556571656248,0.0002704621565701653,0.0007259827637744348,0.0036599425871427695
2025-05-14 00:00:00+00:00,0.8394299745559692,-0.006459675604960247,0.0001761764464513784,0.0001815476223499344,0.00027145914186656184,0.00029732973458439357,0.00034006140022518617,0.00037022230911662934,0.0004687376245761292,0.0038263441468062366
2025-05-15 00:00:00+00:00,0.8412320017814636,0.0021444263527433394,4.172740892131853e-05,0.0002179038553726969,0.00022327503127125291,0.0003173355239834471,0.00034692969362549607,0.0004045954415587678,0.0004901682873573992,0.0038676819671391105
2025-05-16 00:00:00+00:00,0.8345999717712402,-0.00791495178230231,4.598564382340101e-06,4.632597330365863e-05,0.000222502419755037,0.00031778511517022043,0.0003436557078880522,0.00039970798547159947,0.0004931329448224989,0.003860950244312193
2025-05-19 00:00:00+00:00,0.8354499936103821,0.001017959857686046,6.264646171617051e-05,6.724502609851062e-05,0.00010897243501982915,0.00029052005736976357,0.0003845805500819578,0.00044903383524501534,0.0005556110380413729,0.003923370801858345
2025-05-20 00:00:00+00:00,0.8349900245666504,-0.0005507160393091182,1.036242271860195e-06,6.36827039880307e-05,6.828126837037083e-05,0.0002861851237430677,0.0003814678191582512,0.0004152109619958668,0.0004802309864083187,0.003867997497842137
2025-05-21 00:00:00+00:00,0.8267120122909546,-0.00996337558844465,3.032881559523222e-07,1.3395304278125172e-06,6.398599214398304e-05,0.00011031196544764167,0.0002918595877975761,0.00040764170003203525,0.0004731799980850909,0.003458071523346046
2025-05-22 00:00:00+00:00,0.8250700235366821,-0.001988142817292149,9.926885311641479e-05,9.957214127236711e-05,0.00010060838354422731,0.00016785340964273792,0.00038575726501543486,0.00048518893362618505,0.0005629628307319974,0.0034784025213663544
2025-05-23 00:00:00+00:00,0.8283799886703491,0.004003712879993654,3.952711861950363e-06,0.00010322156497836515,0.00010352485313431748,0.0001672075571223482,0.00021353353042600682,0.00048499267229256863,0.0005535949306511931,0.003392742195675746
2025-05-26 00:00:00+00:00,0.822409987449646,-0.0072329337273957794,1.602971682542708e-05,1.9982428687377442e-05,0.00011925128180379223,0.00012059081223160475,0.0001878358383301154,0.0004111108696013683,0.0005347655319556114,0.0031372558636277247
2025-05-27 00:00:00+00:00,0.8204200267791748,-0.002422602005676039,5.23153303048994e-05,6.834504713032648e-05,7.229775899227684e-05,0.00017186990026464398,0.00023555260425267468,0.0004580550240077117,0.0005792083121407269,0.0030570850408960107
2025-05-28 00:00:00+00:00,0.8272600173950195,0.008302619106198783,5.869000477905566e-06,5.8184330782804966e-05,7.421404760823205e-05,0.0001774356125865972,0.00017877514301440972,0.0002877475780342389,0.0005633556930963674,0.0013492538581573782
2025-05-29 00:00:00+00:00,0.8325499892234802,0.006374211167022803,6.893348402261708e-05,7.480248450052265e-05,0.00012711781480542205,0.0001471002434927995,0.0002466723847651666,0.00031495365313553744,0.0006281402039234178,0.0014073296954236396
2025-05-30 00:00:00+00:00,0.8219699859619141,-0.012789386205914521,4.0630568001798206e-05,0.00010956405202441529,0.00011543305250232085,0.00018377809963264732,0.00028699966461101246,0.00035098565675499555,0.0005788592524085885,0.001441353624802564
2025-06-02 00:00:00+00:00,0.8222699761390686,0.00036489829635313886,0.00016356839952403663,0.00020419896752583484,0.00027313245154845194,0.00033131678233125686,0.00035129921101863433,0.00045190759456286165,0.0007370564760340692,0.0015703754560617434
2025-06-03 00:00:00+00:00,0.8159400224685669,-0.007727928871617773,1.3315076668142315e-07,0.00016370155029071806,0.00020433211829251627,0.0002791346027930389,0.00034747964992336533,0.0004510045030576829,0.0005610131803493722,0.001496725211883355
2025-06-04 00:00:00+00:00,0.8228899836540222,0.008481664142909767,5.9720884644783545e-05,5.9854035411464966e-05,0.00022342243493550163,0.0003329864869599169,0.00039117081774272183,0.0005104220995465141,0.0005790066560728372,0.001522893275219969
2025-06-05 00:00:00+00:00,0.8179699778556824,-0.005996880487567774,7.193862663312128e-05,0.00013165951127790481,0.00013179266204458627,0.0003359916295704211,0.0004107941140709437,0.00048309187306322057,0.0006463467183236184,0.0011614103162034062
2025-06-06 00:00:00+00:00,0.8192499876022339,0.001563638404558254,3.59625755821711e-05,0.00010790120221529237,0.00016762208686007594,0.00033132363715079394,0.00044088768917520925,0.0005151017367834413,0.000619662832189619,0.0011770761456455288
2025-06-09 00:00:00+00:00,0.8212599754333496,0.0024504439255868815,2.4449650602094825e-06,3.840754064238058e-05,0.00011034616727550188,0.00017020020268696684,0.0003743991702128017,0.0005015169850182237,0.0006210715549779683,0.0011778872037884977
2025-06-10 00:00:00+00:00,0.8212000131607056,-7.30152004762008e-05,6.004675432445646e-06,8.449640492655129e-06,4.441221607482626e-05,0.00017607172735273105,0.0003397732776434491,0.00045520633014577,0.0006267729422544616,0.001183723510723647
2025-06-11 00:00:00+00:00,0.8219199776649475,0.0008763383737495911,5.3312195005797944e-09,6.010006651946226e-06,8.454971712155736e-06,0.00011635617392744808,0.00017621020933891306,0.000449342660887365,0.0005275094203575473,0.0011073125480382331
2025-06-12 00:00:00+00:00,0.8184000253677368,-0.004291793910553843,7.67968945306078e-07,7.733001648066578e-07,6.777975597252331e-06,4.518551623963289e-05,0.0001768450275175377,0.000381177145810054,0.000524324677440903,0.0011007262405043593
2025-06-13 00:00:00+00:00,0.8090000152587891,-0.011552309714373876,1.8419494970667048e-05,1.9187463915973126e-05,1.919279513547373e-05,2.7642435628128833e-05,0.00013554363784342121,0.0003589660727789228,0.0005267144555861431,0.001109659715005518
2025-06-16 00:00:00+00:00,0.8122159838676453,0.003967358857610265,0.00013345585973681702,0.00015187535470748408,0.00015264332365279016,0.00015865333030473636,0.00019706087094711696,0.0003288535329917032,0.0006078549850180606,0.00122979496279958
2025-06-17 00:00:00+00:00,0.8137099742889404,0.0018377107939715753,1.5739936305058625e-05,0.00014919579604187564,0.0001676152910125427,0.00016838859117734934,0.00017683823167000449,0.00034446031853008045,0.0006177259208452137,0.00121067578358363
2025-06-18 00:00:00+00:00,0.8168699741363525,0.0038759262389651827,3.377180962279638e-06,1.9117117267338235e-05,0.0001525729770041553,0.0001717604409201284,0.00017777044757207462,0.0002881166148475765,0.0005521696177848763,0.0012061804144261259
2025-06-19 00:00:00+00:00,0.8190600275993347,0.0026774431289583456,1.5022804209898787e-05,1.83999851721784e-05,3.413992147723708e-05,0.0001860152761847211,0.00018678857634952777,0.000231200792424354,0.0005265618539929769,0.0011994815991137595
2025-06-20 00:00:00+00:00,0.8163899779319763,-0.0032652200074491655,7.168701708806256e-06,2.2191505918705016e-05,2.5568686880984707e-05,0.00017476448292286033,0.00019395194683883345,0.00020240691855098918,0.0003701621561777465,0.0012025013276269992
2025-06-23 00:00:00+00:00,0.8177499771118164,0.0016644834974297584,1.0661661697046328e-05,1.7830363405852557e-05,3.2853167615751396e-05,5.197028488308963e-05,0.00020384563959057372,0.000210623615187826,0.0003806906671081114,0.001123251469807418
2025-06-24 00:00:00+00:00,0.8125799894332886,-0.006342280537842221,2.7705053132160007e-06,1.3432167010262302e-05,2.060086871906861e-05,3.900085389124701e-05,0.00018819664993312266,0.00020738944506859636,0.00032374028777654385,0.001120650799222078
2025-06-25 00:00:00+00:00,0.8051499724388123,-0.009185796658549378,4.022452242069221e-05,4.2995027733908185e-05,5.365668943095456e-05,7.584819534965958e-05,9.496531261699785e-05,0.00024760863626978796,0.0002920261835641148,0.0009846988751913918
2025-06-26 00:00:00+00:00,0.8037300109863281,-0.0017651556807253554,8.437886025221691e-05,0.00012460338267290908,0.00012737388798612513,0.0001452042513919777,0.00016360423656415612,0.0003312195275766988,0.0003404424682341606,0.0010273503265222903
2025-06-27 00:00:00+00:00,0.8008900284767151,-0.003539760697436556,3.115774577196993e-06,8.749463482941388e-05,0.00012771915725010615,0.00014115132426036845,0.00016334283017907348,0.0003159158071832288,0.00034111327775114813,0.001025867536717147
2025-06-30 00:00:00+00:00,0.7982500195503235,-0.0033017887683501335,1.2529905795116533e-05,1.5645680372313498e-05,0.00010002454062453046,0.00014301956835843864,0.00016084993176429123,0.00019498985324152828,0.00034763850811381897,0.000975750980796093
2025-07-01 00:00:00+00:00,0.7927200198173523,-0.006951761336544043,1.0901809070803092e-05,2.34317148659196e-05,2.6547489443116646e-05,0.00015115087211602573,0.00016458303912628806,0.00019015172600727275,0.0003585349859651215,0.000985616547595036
2025-07-02 00:00:00+00:00,0.790690004825592,-0.0025641066715319516,4.8326985680268625e-05,5.922879475107169e-05,7.175870054618828e-05,0.00015925333537560217,0.00020224836310951035,0.00023510153072526174,0.00040609400270008404,0.0010336402451193523
2025-07-03 00:00:00+00:00,0.7914999723434448,0.0010238563008194423,6.574643022994663e-06,5.490162870326326e-05,6.580343777406641e-05,8.144911814637993e-05,0.000206052500819289,0.0002266533695383576,0.0003942491507524117,0.0009409460350259321
2025-07-04 00:00:00+00:00,0.7940999865531921,0.003279536588657511,1.0482817247276724e-06,7.622924747722309e-06,5.594991042799099e-05,7.93816252939106e-05,0.00016687626012332448,0.00022053294955427902,0.00026184157274032236,0.0009380416048887095
2025-07-07 00:00:00+00:00,0.7940400242805481,-7.551257730864513e-05,1.0755360236343345e-05,1.180364196107099e-05,1.837828498406571e-05,7.76070797351374e-05,9.325276010745092e-05,0.00022062664809357604,0.0002568569966716071,0.0009327672482996257
2025-07-08 00:00:00+00:00,0.7971600294113159,0.00392157996980913,5.702149331794108e-09,1.0761062385675113e-05,1.180934411040284e-05,6.671097281366612e-05,9.014268767958573e-05,0.00021786184492969183,0.00025348551785865924,0.0008804576201440581
2025-07-09 00:00:00+00:00,0.7958700060844421,-0.0016195847913888228,1.537878945960818e-05,1.5384491608939948e-05,2.6139851845283346e-05,3.376277659300567e-05,9.299157134407736e-05,0.0001930161119686078,0.0002538415031083686,0.0008899674091257607
2025-07-10 00:00:00+00:00,0.792930006980896,-0.0037009094097010253,2.623054896497977e-06,1.800184435610613e-05,1.8007546505437976e-05,2.9811188466508983e-05,8.471281716977226e-05,0.00011126030661288888,0.00024929585629606034,0.0008236569799996416
2025-07-11 00:00:00+00:00,0.796720027923584,0.00476838051237885,1.3696730458813591e-05,1.6319785355311542e-05,3.169857481491978e-05,4.24596372005949e-05,5.0082561948317224e-05,0.00012184126249450548,0.0002523309250578276,0.000796723142456657
2025-07-14 00:00:00+00:00,0.7967900037765503,8.782605897575402e-05,2.2737452710834385e-05,3.643418316964795e-05,3.905723806614598e-05,5.444172967508594e-05,6.624537163615695e-05,0.00013204880941022334,0.00027229787245544595,0.0006558921956434548
2025-07-15 00:00:00+00:00,0.7978699803352356,0.0013544915336939634,7.713416635212623e-09,2.2745166127469572e-05,3.6441896586283216e-05,5.444374094238936e-05,6.520480332806449e-05,0.00012115471375605545,0.00023208106345138898,0.0006557667582934087
2025-07-16 00:00:00+00:00,0.8014199733734131,0.004439468728577145,1.834647314848625e-06,1.8423607314838105e-06,2.457981344231825e-05,4.08995987976298e-05,5.628409040656976e-05,7.466237539063544e-05,0.0001495368505140207,0.0005978805209634737
2025-07-17 00:00:00+00:00,0.8009200096130371,-0.0006240420658656376,1.9708882592014374e-05,2.154352990686297e-05,2.155124332349824e-05,5.79854264931462e-05,7.598727084925234e-05,8.779661495965515e-05,0.00016612995852883808,0.0005456507769223668
2025-07-18 00:00:00+00:00,0.8028799891471863,0.0024441707337604646,3.8942849996985275e-07,2.00983110919842e-05,2.193295840683288e-05,4.467812453430246e-05,6.099790988961402e-05,8.713776173489734e-05,0.0001539894812336914,0.0005100776298401655
2025-07-21 00:00:00+00:00,0.8011800050735474,-0.0021196024041814365,5.973970575771168e-06,6.363399075740994e-06,2.607228166775542e-05,2.7914642399239246e-05,6.434882556888721e-05,8.235637207432516e-05,0.00014906164273865947,0.0005136066353557272
2025-07-22 00:00:00+00:00,0.798084020614624,-0.003871766358452322,4.4927143518117255e-06,1.0466684927582866e-05,1.0856113427552774e-05,3.2399643334415755e-05,5.5144809461885344e-05,8.684338427680509e-05,0.00010522737141020256,0.0005120946742750933
2025-07-23 00:00:00+00:00,0.7936300039291382,-0.0055965182717006845,1.4990574734443155e-05,1.9483289086254856e-05,2.5457259662026077e-05,4.555557075401029e-05,4.739793148549411e-05,8.645516955164007e-05,0.00011364330312165105,0.0005270799177900359
2025-07-24 00:00:00+00:00,0.7920470237731934,-0.0019965991234742464,3.1321016765479617e-05,4.631159149992274e-05,5.080430585173452e-05,5.716770492747553e-05,7.871123483433852e-05,0.0001151531314206217,0.000143916038162403,0.0005576329656102094
2025-07-25 00:00:00+00:00,0.7948700189590454,0.0035578396194331785,3.986408059858129e-06,3.530742482533773e-05,5.029799955978093e-05,6.0764684487363805e-05,8.086299557934802e-05,0.00010544280902166624,0.00013714708598591777,0.0005431998786994005
2025-07-28 00:00:00+00:00,0.7953699827194214,0.0006287903414844698,1.2658222757608425e-05,1.6644630817466532e-05,4.7965647582946196e-05,6.744893666920107e-05,7.381233574494208e-05,9.53635790684403e-05,0.0001497996065941944,0.0004224022417201919
2025-07-29 00:00:00+00:00,0.8030999898910522,0.009671833143196307,3.953772935441561e-07,1.305360005115256e-05,1.7040008111010744e-05,6.33515996109335e-05,7.381828453851638e-05,9.575124294534923e-05,0.0001348161944281304,0.00040705768270867746
2025-07-30 00:00:00+00:00,0.8054699897766113,0.002946718676138299,9.354435634983055e-05,9.393973364337468e-05,0.00010659795640098317,0.00014190538122632091,0.00016138867031257578,0.00018746095198033118,0.00022573749588146298,0.0004972248580962283
2025-07-31 00:00:00+00:00,0.8132100105285645,0.009563446440240986,8.68315095630225e-06,0.00010222750730613278,0.000102622884599677,0.00011926751541714354,0.00016557910691706627,0.00017643522034461903,0.00022072391637895165,0.0004908852048426318
2025-08-01 00:00:00+00:00,0.8138999938964844,0.0008481091105107808,9.145950781535798e-05,0.0001001426587716602,0.00019368701512149081,0.0002067406151726434,0.0002420480399979811,0.00026750529966000717,0.00028944597148347525,0.0005751760109491836
2025-08-04 00:00:00+00:00,0.8040099740028381,-0.012225826255712113,7.192890633313877e-07,9.217879687868933e-05,0.00010086194783499165,0.00019480168147836637,0.0002114463122958329,0.00026225061814756737,0.0002901575471301714,0.0005652336383154686
2025-08-05 00:00:00+00:00,0.8070899844169617,0.0038234923292907175,0.00014947082763485967,0.000150190116698191,0.00024164962451354909,0.0003438771318196819,0.00035693073187083443,0.00040722873143061533,0.00043779372745018246,0.0007119339606371123
2025-08-06 00:00:00+00:00,0.8069199919700623,-0.00021064609266979728,1.4619093592144956e-05,0.00016408992122700459,0.00016480921029033606,0.0002649518690619963,0.000358891602705371,0.00040685725028831714,0.00043270393845031306,0.000686328531808565
2025-08-07 00:00:00+00:00,0.8060500025749207,-0.001078742298306845,4.4371776357052826e-08,1.4663465368501982e-05,0.0001641342930033617,0.0002563130898820511,0.0003585405971881839,0.0003755806052991946,0.0004323588817267002,0.0006019940433327052
2025-08-08 00:00:00+00:00,0.8056899905204773,-0.00044673714367463035,1.1636849461563343e-06,1.20805672251336e-06,1.582715031465837e-05,0.0001660172670128494,0.0002661599257845096,0.00037275788218549277,0.0004275485960970854,0.0006000419537016646
2025-08-11 00:00:00+00:00,0.8074700236320496,0.00220689059784121,1.9957407553856734e-07,1.3632590216948745e-06,1.4076307980519816e-06,0.0001654975520250566,0.00025767634890374593,0.00036029923350342294,0.00042325545582081223,0.0005877116219820865
2025-08-12 00:00:00+00:00,0.8118000030517578,0.005348076193379125,4.870366110839934e-06,5.069940186378474e-06,6.233625132534863e-06,2.089709050103687e-05,0.0001710872071992279,0.00036477422232071875,0.000413135247197209,0.0005816801790221233
2025-08-13 00:00:00+00:00,0.8061400055885315,-0.006996576538112448,2.8601918970188557e-05,3.3472285081028466e-05,3.367185915656709e-05,3.487991587908047e-05,0.00019896983710608506,0.0002998317849410767,0.00041041614940191796,0.0005619551123120434
2025-08-14 00:00:00+00:00,0.8047199845314026,-0.0017630600221856252,4.8952083253665567e-05,7.75540022238541e-05,8.242436833469408e-05,8.3787627356389e-05,9.845109272489097e-05,0.00034010071723844,0.0004553818245957254,0.0006043325525427142
2025-08-15 00:00:00+00:00,0.8075199723243713,0.0034734167158285423,3.1083806418291772e-06,5.206046389549472e-05,8.066238286568331e-05,8.573232305206183e-05,8.694037977457518e-05,0.0002517495900649112,0.00044583198247994613,0.0006063926514598156
2025-08-18 00:00:00+00:00,0.8065999746322632,-0.0011399373305157057,1.2064623681797137e-05,1.5173004323626281e-05,6.412508757729191e-05,9.75973726583204e-05,9.896063168001528e-05,0.00026309492468337697,0.00045750122886819916,0.0006077019149052695
2025-08-19 00:00:00+00:00,0.8074100017547607,0.001003744961130426,1.2994571175032733e-06,1.3364080799300376e-05,1.6472461441129608e-05,9.402646366498374e-05,9.909640385136221e-05,0.00011492355416602055,0.0003652563296358718,0.000608995669873441
2025-08-20 00:00:00+00:00,0.8077700138092041,0.00044578567953565407,1.0075039469947206e-06,2.30696106449796e-06,1.4371584746295152e-05,6.64320486417899e-05,9.990433372281837e-05,0.00010131196452087032,0.00035758068262656435,0.0005946243843608275
2025-08-21 00:00:00+00:00,0.8041399717330933,-0.0045040334080063416,1.9872487207906487e-07,1.2062288190737516e-06,2.505685936577079e-06,1.7678690260203402e-05,9.52326924840575e-05,0.00010146631761659232,0.0002663198996832854,0.0005922000543364086
2025-08-22 00:00:00+00:00,0.8086699843406677,0.005617555252906831,2.0286316940437218e-05,2.048504181251625e-05,2.1492545759511023e-05,3.4856626558811446e-05,8.691709045430615e-05,0.00012058894961087322,0.00028588692756039124,0.0005987896408180322
2025-08-25 00:00:00+00:00,0.8022599816322327,-0.007958181515028834,3.155692701946113e-05,5.1843243959898315e-05,5.204196883197743e-05,5.434892989647543e-05,6.952193422010172e-05,0.00015194630255479578,0.0001679730269449927,0.000607609115126659
2025-08-26 00:00:00+00:00,0.8061699867248535,0.004861899954143739,6.333265302614662e-05,9.488958004560772e-05,0.00011517589698604498,0.00011638212580511878,0.00012974620660441917,0.00021040858947010246,0.00021668658637899436,0.0006709340547361704
2025-08-27 00:00:00+00:00,0.8037599921226501,-0.002993914560307509,2.3638071164102893e-05,8.697072419024949e-05,0.00011852765120971065,0.00013901269302222694,0.0001413196540867249,0.0002054447416640168,0.0002402802857667402,0.0006927374785854246
2025-08-28 00:00:00+00:00,0.8015000224113464,-0.0028157073420724266,8.963524394421306e-06,3.260159555852417e-05,9.593424858467084e-05,0.0001477774925445692,0.00014898372136364297,0.00016545618280477256,0.00024808012521500516,0.0006819921203878316
2025-08-29 00:00:00+00:00,0.8015900254249573,0.00011228690968032029,7.928207836200569e-06,1.6891732230621847e-05,4.052980339472478e-05,0.00013541938344033256,0.0001559044252528488,0.00017027600999914395,0.0002558087589756672,0.0006895308997240623
2025-09-01 00:00:00+00:00,0.8006399869918823,-0.001185895329700204,1.2608350085556406e-08,7.940816186286098e-06,1.6904340580707445e-05,0.00010387506477095697,0.0001557183087308553,0.00015822399466743236,0.0002509510012149128,0.0006835695374983767
2025-09-02 00:00:00+00:00,0.8001499772071838,-0.0006122099850223994,1.4063477330047555e-06,1.4189560830902847e-06,9.347163919290895e-06,4.194875947781511e-05,0.00013683833952342282,0.00015833088528293383,0.000223755429977729,0.0006804831708795697
2025-09-03 00:00:00+00:00,0.8052899837493896,0.006403259205732731,3.7480106576112654e-07,1.781148798765855e-06,1.793757148851452e-06,1.868548937947334e-05,0.00010565621356972283,0.00015769818240170025,0.00017517814778982455,0.0006658673972108878
2025-09-04 00:00:00+00:00,0.8037999868392944,-0.0018519751700615261,4.1001728455800966e-05,4.137652952156207e-05,4.278287725456686e-05,5.0723693440853e-05,8.332528899937717e-05,0.00019850118598542215,0.00021307149560379634,0.000675548108901209
2025-09-05 00:00:00+00:00,0.8051300048828125,0.0016532954862117644,3.4298120305244184e-06,4.4431540486325355e-05,4.480634155208652e-05,4.6225297635176845e-05,6.311702986579869e-05,0.00018164468107550934,0.00020443668395252364,0.0006749915128718753
2025-09-08 00:00:00+00:00,0.7991799712181091,-0.007417595146293976,2.7333859647281945e-06,6.163197995252585e-06,4.7164926451053593e-05,4.8946075249819487e-05,5.688689143610559e-05,0.0001528211400207764,0.00020587061279974853,0.000665066676078995
2025-09-09 00:00:00+00:00,0.7928100228309631,-0.00800254072646378,5.502071775432395e-05,5.7754103719052115e-05,6.118391574957658e-05,0.0001025604452711387,0.00010397940135422896,0.00014450920474895373,0.0002598838266070778,0.0007196920165397749
2025-09-10 00:00:00+00:00,0.7972999811172485,0.005647370569633853,6.404065807871145e-05,0.00011906137583303538,0.00012179476179776362,0.00016622630228408899,0.00016800745108285487,0.0001849117916635623,0.0003237257598137102,0.0006901883182686558
2025-09-11 00:00:00+00:00,0.7986699938774109,0.0017168406901653666,3.189279435076659e-05,9.593345242947801e-05,0.00015095417018380202,0.00015711736817905465,0.0001984938977006167,0.00020784106161990759,0.00033533223722403955,0.0007133979616631202
2025-09-12 00:00:00+00:00,0.7959499955177307,-0.003411472345444533,2.9475419554074923e-06,3.484033630617405e-05,9.888099438488555e-05,0.0001566350981039377,0.00020106663859026307,0.0002028603957391145,0.00030672285215998585,0.0006248859958031696
2025-09-15 00:00:00+00:00,0.7967000007629395,0.0009418331741452568,1.1638143563732823e-05,1.4585685519140287e-05,4.647847986990691e-05,0.00016553985570294232,0.00017170305369819494,0.00021448593095276178,0.0002550283426975721,0.0006358048503035711
2025-09-16 00:00:00+00:00,0.7946599721908569,-0.0025638821187703997,8.870497279205296e-07,1.2525193291653323e-05,1.5472735247060857e-05,0.00011140618767653891,0.00016916029139559105,0.00021396663294767754,0.00023227732126138972,0.00048722107239663196
2025-09-17 00:00:00+00:00,0.7859100103378296,-0.011072020014863265,6.573491518950594e-06,7.460541246871097e-06,1.9098684810603958e-05,5.393902111677804e-05,0.00017300039694981344,0.00022016532340086702,0.00022988728838591903,0.00047917547032343756
2025-09-18 00:00:00+00:00,0.7883399724960327,0.0030871387830155583,0.00012258962720953275,0.00012916311872848333,0.0001300501684564039,0.0001446358539755442,0.00024056930640502225,0.00030175322215459884,0.00034454870775925124,0.0006017207257566133
2025-09-19 00:00:00+00:00,0.7925099730491638,0.005275655968093124,9.530425865598782e-06,0.0001321200530751315,0.00013869354459408216,0.00015121873788573548,0.00018605907419190956,0.0003078538359896732,0.00035406652527476443,0.0006100874666760557
2025-09-22 00:00:00+00:00,0.7962300181388855,0.004683021651055969,2.7832545893676593e-05,3.736297175927535e-05,0.00015995259896880816,0.00016741314021567925,0.00018199882573481958,0.00033295299591862157,0.0003804927234354363,0.0006377204384941937
2025-09-23 00:00:00+00:00,0.792389988899231,-0.004834430765880582,2.1930691784258968e-05,4.976323767793554e-05,5.929366354353437e-05,0.0001884567822720177,0.00020098197556367106,0.0002998629699485566,0.0004020486141539341,0.0006547807641676127
2025-09-24 00:00:00+00:00,0.7914299964904785,-0.0012122495424619906,2.337172083009271e-05,4.530241261435165e-05,7.31349585080283e-05,0.0002052550115831598,0.00021271555283003092,0.00025919403269993784,0.00038441860652822584,0.000649550566027517
2025-09-25 00:00:00+00:00,0.7946599721908569,0.004072883921041187,1.4695489531993055e-06,2.4841269783291987e-05,4.677196156755101e-05,8.413493332682635e-05,0.00021329805205530972,0.00022877078730237056,0.00038245834345090077,0.0006020680317270507
2025-09-26 00:00:00+00:00,0.8000400066375732,0.006747419489346179,1.6588383434275834e-05,1.8057932387475113e-05,4.142965321756787e-05,9.119289089550341e-05,0.00022331294397063495,0.0002424116287812389,0.00039631334092044836,0.0006155480345194973
2025-09-29 00:00:00+00:00,0.7974799871444702,-0.0032049948600854916,4.552766976520865e-05,6.211605319948446e-05,6.358560215268382e-05,0.00010888801476703547,0.00014625098652631084,0.0002763011549827147,0.0003868202929313331,0.0006490110806029088
2025-09-30 00:00:00+00:00,0.7972000241279602,-0.00035112124991512617,1.027199205317442e-05,5.579966181838305e-05,7.238804525265893e-05,9.722931503595091e-05,0.0001469925527138865,0.0002856860973079686,0.00033305162690579605,0.00065798361553858
2025-10-01 00:00:00+00:00,0.7961999773979187,-0.0012552364257455706,1.2328613214196048e-07,1.0395278185316353e-05,5.592294795052506e-05,7.398088033800018e-05,0.00011928329295235185,0.00027923589192116,0.0003012821186871714,0.0006570993977237273
2025-10-02 00:00:00+00:00,0.7969099879264832,0.0008913516217054496,1.5756184845185154e-06,1.6989046166604487e-06,1.1970896669834923e-05,7.408694986931938e-05,9.892821965261139e-05,0.00015822188319614575,0.00029991019521628245,0.0006584762913361666
2025-10-03 00:00:00+00:00,0.7970200181007385,0.00013806148828879317,7.945077135169349e-07,2.3701261980354233e-06,2.493412330177438e-06,5.829307414856049e-05,7.635100653603562e-05,0.0001494859650440639,0.0002890665593660666,0.0006389844821092464
2025-10-06 00:00:00+00:00,0.7971900105476379,0.0002132622985540067,1.9060974548516573e-08,8.135686880654244e-07,2.389187172583994e-06,1.2784465357900347e-05,7.490051855738484e-05,0.0001216724801249358,0.00028819857061269455,0.0006074466160643339
2025-10-07 00:00:00+00:00,0.7949100136756897,-0.002864139684545769,4.548080798453829e-08,6.454178253302775e-08,8.590494960500169e-07,2.5579541127104657e-06,5.835761593109354e-05,9.978726914866138e-05,0.0002816705599017285,0.0005441594438461717
2025-10-08 00:00:00+00:00,0.7985900044441223,0.004618760299556962,8.203296132589937e-06,8.248776940574449e-06,8.267837915123019e-06,1.0637964113158442e-05,2.1033242298474823e-05,8.461884445115861e-05,0.00016728422882478566,0.0005287246688146588
2025-10-09 00:00:00+00:00,0.8015000224113464,0.0036373218090280934,2.1332946704763518e-05,2.9536242837353426e-05,2.9581723645338022e-05,3.0395292333403445e-05,3.209419695006392e-05,0.00010448224220272284,0.0001790867496639504,0.000541094091125001
2025-10-10 00:00:00+00:00,0.8061699867248535,0.005809621902379936,1.3230109942431402e-05,3.456305664719489e-05,4.276635277978489e-05,4.283089456231791e-05,4.520102076035336e-05,0.0001011239687108784,0.0001644843137127052,0.0005463959932312318
2025-10-13 00:00:00+00:00,0.8023200035095215,-0.0047870867595724564,3.375170664861266e-05,4.6981816591044034e-05,6.831476329580762e-05,7.656354023638206e-05,7.73771089244475e-05,8.93480055942824e-05,0.00017630532857705893,0.0005801350915297589
2025-10-14 00:00:00+00:00,0.8042899966239929,0.002452361309359441,2.2916199643673923e-05,5.666790629228656e-05,6.989801623471801e-05,9.943425907207144e-05,9.94988008546045e-05,0.00010199221318478192,0.0001758498073906401,0.0006016449434404281
2025-10-15 00:00:00+00:00,0.8015300035476685,-0.003437490869189652,6.014075991643152e-06,2.8930275635317047e-05,6.268198228392977e-05,9.724503893112465e-05,0.00010549381587169913,0.00010788300304428308,0.00018039433442908396,0.0006072842183663101
2025-10-16 00:00:00+00:00,0.7965499758720398,-0.006232533866014245,1.181634347576223e-05,1.7830419467405354e-05,4.074661911107934e-05,8.772843570212337e-05,0.00011726467853947681,0.00011812372803552681,0.00017562229447057033,0.0005780988333862714
2025-10-17 00:00:00+00:00,0.7918300032615662,-0.005943145299371816,3.884447839101447e-05,5.066082186677667e-05,5.667489785841988e-05,0.00011334280415070645,0.00014790586079790134,0.00015617369871302435,0.00016893910309637617,0.0006135134997467614
2025-10-20 00:00:00+00:00,0.7935900092124939,0.0022202402644988517,3.532097604944531e-05,7.416545444045974e-05,8.598179791622203e-05,0.00011491207355153907,0.00016189389014258315,0.00019147561378792113,0.00019398808709264706,0.0006461010898314785
2025-10-21 00:00:00+00:00,0.7924000024795532,-0.0015006487398875612,4.929466832101931e-06,4.025044288154722e-05,7.909492127256174e-05,9.69253407399671e-05,0.00015359324703225367,0.0001963595998120385,0.00019879426779260704,0.0005960098389092565
2025-10-22 00:00:00+00:00,0.7967000007629395,0.005411879390380375,2.2519466405261254e-06,7.181413472628036e-06,4.25023895220734e-05,9.316321138885007e-05,0.00012209348702416713,0.00019040825031997472,0.00019947059594861463,0.0005342211274710711
2025-10-23 00:00:00+00:00,0.7960900068283081,-0.0007659439870242868,2.928843853602386e-05,3.154038517654997e-05,3.646985200865195e-05,0.0001106353064491117,0.00012846572591651708,0.00019836374215123506,0.00022796452677112156,0.0005316167716563284
2025-10-24 00:00:00+00:00,0.7950800061225891,-0.0012695071339272612,5.866701912586608e-07,2.9875108727282502e-05,3.212705536780868e-05,7.237749824935589e-05,0.0001230383201161326,0.00018572030240006232,0.0002285321359878317,0.0005292558998921796
2025-10-27 00:00:00+00:00,0.7960500121116638,0.0012192669337225959,1.6116483630922092e-06,2.1983185543508495e-06,3.1486757090374764e-05,3.866817056300279e-05,0.00011283362500346257,0.00015358024411454187,0.00023009830354293938,0.000519229404691539
2025-10-28 00:00:00+00:00,0.7946100234985352,-0.0018105553345927894,1.486611855669301e-06,3.09826021876149e-06,3.684930410020205e-06,3.5225315586570164e-05,7.547575846811739e-05,0.00013215065632653724,0.00022338161926601874,0.0005198289668192878
2025-10-29 00:00:00+00:00,0.7928299903869629,-0.0022426470821617084,3.2781106196224075e-06,4.764722475291688e-06,6.3763708383839515e-06,3.625147956566645e-05,4.343289303829449e-05,0.0001294146909545165,0.00020532678318087763,0.0005165335859199596
2025-10-30 00:00:00+00:00,0.7997999787330627,0.008752859082437059,5.029465935128424e-06,8.307576554750811e-06,9.794188410420168e-06,1.1992506964771009e-05,4.3532892141320985e-05,0.0001226278134138827,0.00019712613917357465,0.00039897342464555527
2025-10-31 00:00:00+00:00,0.8015900254249573,0.0022356170986438384,7.661254211700091e-05,8.164200805212932e-05,8.492011867175178e-05,8.801837889051327e-05,0.00011789348761779577,0.00016039587713986912,0.00023998697464196292,0.0004660555408969574
2025-11-03 00:00:00+00:00,0.8048999905586243,0.004120747448771583,4.997983811748694e-06,8.161052592874959e-05,8.663999186387807e-05,9.140471433916975e-05,9.360303289352061e-05,0.00013007288490217254,0.0002220687588100377,0.0004432209788150295
2025-11-04 00:00:00+00:00,0.8081300258636475,0.004004934303122182,1.6980559536557512e-05,2.1978543348306193e-05,9.859108546530716e-05,0.00010689866202005796,0.00010999692223881945,0.0001421239776066281,0.00023303524235495203,0.000438270846567328
2025-11-05 00:00:00+00:00,0.8103299736976624,0.002718570974293344,1.6039498772324756e-05,3.302005830888225e-05,3.8018042120631e-05,0.0001196600501727603,0.000124424772648052,0.00015591152973842674,0.00023725839765151456,0.00043093862450956007
2025-11-06 00:00:00+00:00,0.8097299933433533,-0.0007406891028053086,7.390628142270261e-06,2.3430126914595e-05,4.041068645115257e-05,0.00012202121237990215,0.00013032878893465296,0.00013401371934467312,0.00020580454740277038,0.00043685970369863105
2025-11-07 00:00:00+00:00,0.805899977684021,-0.004741212904713299,5.486203470145331e-07,7.93924848928478e-06,2.3978747261609592e-05,4.595729060991577e-05,0.0001275992986620451,0.00013397566950042902,0.00017103219170033957,0.00042081994061136973
2025-11-10 00:00:00+00:00,0.8070899844169617,0.0014755292677658127,2.2479099807819916e-05,2.3027720154834436e-05,3.0418348297104753e-05,6.3438406605987e-05,0.00014504893253473658,0.00015484312094515672,0.00018858182467605756,0.000397771370653981
2025-11-11 00:00:00+00:00,0.8051599860191345,-0.002394168838729227,2.1771866200335157e-06,2.465628642785342e-05,2.5204906774868006e-05,4.8635033689462994e-05,7.061357703776918e-05,0.00015553369570952093,0.00018850706465556495,0.00038967656522084006
2025-11-12 00:00:00+00:00,0.8003299832344055,-0.006016876403907995,5.732044428342056e-06,7.909231048375558e-06,3.038833085619553e-05,3.8327579345480295e-05,7.134763765436253e-05,0.00015798762951824057,0.00016495067054788317,0.0003952853235170402
2025-11-13 00:00:00+00:00,0.797819972038269,-0.003141148615839112,3.62028016599048e-05,4.193484608824684e-05,4.411203270828042e-05,6.713975286311484e-05,9.056987977770984e-05,0.00018916096524301696,0.0002005668020165293,0.0004299125066924265
2025-11-14 00:00:00+00:00,0.7932699918746948,-0.005719340413900126,9.86681462678797e-06,4.606961628669276e-05,5.1801660715034876e-05,7.645794714288828e-05,8.439719563217304e-05,0.00012241523775280403,0.00020882196828022508,0.0004389848136056975
2025-11-17 00:00:00+00:00,0.7942799925804138,0.0012724019424587008,3.271085477007126e-05,4.257766939685922e-05,7.878047105676409e-05,8.668970210513962e-05,0.00010971742225997405,0.0001501281087111266,0.00024004621119462705,0.0004716766074012203
2025-11-18 00:00:00+00:00,0.796239972114563,0.0024645783388518028,1.6190067031726748e-06,3.4329861473243926e-05,4.419667610003196e-05,8.613152218827878e-05,0.00011078780861613219,0.00013476655587774176,0.00023838710727817731,0.00047325013329640835
2025-11-19 00:00:00+00:00,0.8001999855041504,0.004961065391440617,6.0741463883375114e-06,7.693153091510173e-06,4.04040078615815e-05,8.647362414827424e-05,9.438285519664978e-05,0.00012480120349375452,0.00023943178773138638,0.00047112098355215595
2025-11-20 00:00:00+00:00,0.8054199814796448,0.006502179187953899,2.461216981814984e-05,3.0686316206487335e-05,3.2305322909660074e-05,7.488299230651928e-05,0.0001168178383947661,0.0001420227451696341,0.00018743141543253532,0.00047440020666554225
2025-11-21 00:00:00+00:00,0.8054800033569336,7.45196820182148e-05,4.227833419226083e-05,6.689050401041066e-05,7.296465039874822e-05,0.00010729451187199213,0.00015336412815868488,0.00018375245901488038,0.00022471176581304744,0.0005034484309153717
2025-11-24 00:00:00+00:00,0.8086699843406677,0.003952526296803621,5.5531830080958455e-09,4.2283887375268916e-05,6.689605719341882e-05,7.458921028492896e-05,0.00011716687968178817,0.00016127891239006855,0.00020773675945949803,0.0004697022774497671
2025-11-25 00:00:00+00:00,0.8086100220680237,-7.415199895366431e-05,1.5622464126924146e-05,1.562801730993223e-05,5.790635150219312e-05,8.859266770868044e-05,0.00012292252918192435,0.00017472418989695918,0.0002073197248140974,0.0004624085419330173
2025-11-26 00:00:00+00:00,0.8079800009727478,-0.0007794445322474863,5.498518948824233e-09,1.5627962645872956e-05,1.5633515828881112e-05,8.252401983929175e-05,9.021717293080191e-05,0.00016899764398756596,0.00019993459519077598,0.00045639996446032304
2025-11-27 00:00:00+00:00,0.8034899830818176,-0.005572588449892668,6.075337788505027e-07,6.130322977993134e-07,1.6235496424723522e-05,5.851938379999241e-05,8.920570000647974e-05,0.00013340237610651165,0.00019999350862261197,0.00044519115476341134
2025-11-28 00:00:00+00:00,0.8046000003814697,0.0013805414962656526,3.105374203187717e-05,3.166127581072766e-05,3.166677432967654e-05,4.729479163960875e-05,0.0001141852956500194,0.00015458930351160087,0.0002085681508466692,0.000437400418404274
2025-12-01 00:00:00+00:00,0.8033400177955627,-0.0015672013004869034,1.905894822911407e-06,3.2959636854788564e-05,3.3567170633639135e-05,4.919513327951206e-05,9.147902065478096e-05,0.000123784343564441,0.0002082968590495471,0.00040398533717774014
2025-12-02 00:00:00+00:00,0.8046000003814697,0.0015672013004869034,2.4561199162478413e-06,4.362014739159235e-06,3.5415756771036474e-05,3.602878906883576e-05,5.165680637876797e-05,0.00012462145677751617,0.00020502093453745286,0.00040151199026188607
2025-12-03 00:00:00+00:00,0.8028600215911865,-0.0021648805520055325,2.4561199162478413e-06,4.912239832495683e-06,6.818134655407143e-06,3.847941046613478e-05,5.4107373112007716e-05,0.0001210034303054265,0.00017127425279379592,0.00040171616353760776
2025-12-04 00:00:00+00:00,0.7997599840164185,-0.003868716764340835,4.686707804451779e-06,7.142827720699607e-06,9.598947636947515e-06,4.255858449173605e-05,4.317161678953535e-05,0.00010107796829172844,0.0001660941459714597,0.00037711443280603565
2025-12-05 00:00:00+00:00,0.8037800192832947,0.005013961211456669,1.4966969402691819e-05,1.9653677207143583e-05,2.2109797123391492e-05,2.6471811862550702e-05,5.8133087673278346e-05,7.376660350215942e-05,0.00014835026060408028,0.0003914947320174688
2025-12-08 00:00:00+00:00,0.8048499822616577,0.0013302787280145278,2.5139807029992026e-05,4.010677643268383e-05,4.4793484237135676e-05,4.970572406963132e-05,8.266536092441988e-05,9.890085734914336e-05,0.00017187106093089963,0.0004150228906843686
2025-12-09 00:00:00+00:00,0.8066380023956299,0.002219093018049817,1.7696414942079501e-06,2.690944852419996e-05,4.187641792689185e-05,4.901924564759143e-05,5.338126038675065e-05,8.504803471642716e-05,0.00016756655603677008,0.0004153059203229073
2025-12-10 00:00:00+00:00,0.805899977684021,-0.0009153579912626886,4.924373822757446e-06,6.694015316965382e-06,3.1833822346957475e-05,5.148749955410104e-05,5.639973938659669e-05,8.996691002023579e-05,0.00014787876004137765,0.00041695218352604235
2025-12-11 00:00:00+00:00,0.7993800044059753,-0.008123204927794447,8.378802521684643e-07,5.762254074925897e-06,7.5318955691339135e-06,4.7638672001817724e-05,5.478149972251731e-05,9.019725649355374e-05,0.00010643830610128532,0.00041276059784308236
2025-12-12 00:00:00+00:00,0.7947900295257568,-0.00575846674585706,6.598645829894399e-05,6.682433855111245e-05,7.174871237386995e-05,9.86581608980699e-05,0.00011831183810521346,0.00012512997276062056,0.00017241921121722122,0.00040213451402502546
2025-12-15 00:00:00+00:00,0.7961400151252747,0.0016971028086005258,3.31599392631416e-05,9.914639756208558e-05,9.998427781425412e-05,0.00010667829313121946,0.00014678506956390327,0.00015638401720085077,0.00018995668635343868,0.00043029646947641834
2025-12-16 00:00:00+00:00,0.7960100173950195,-0.00016329834235312424,2.8801579429597926e-06,3.604009720610138e-05,0.00010202655550504543,0.0001077888095799713,0.00013469825810417127,0.0001568080552275627,0.00019283134577744964,0.0004161960678828206
2025-12-17 00:00:00+00:00,0.795199990272522,-0.0010181273226864962,2.666634861527817e-08,2.9068242915750574e-06,3.6066763554716724e-05,0.00010289110210582915,0.00010958511742279451,0.00015437860165993015,0.0001922504783472144,0.00040018323545911117
2025-12-18 00:00:00+00:00,0.795199990272522,0.0,1.0365832452007727e-06,1.0632495938160373e-06,3.943407536775898e-06,0.00010308980509886144,0.00010885205917378732,0.00015072847710067915,0.00016223331956053801,0.0003938291905620417
2025-12-19 00:00:00+00:00,0.7940099835395813,-0.0014976082141007763,0.0,1.0365832452007591e-06,1.063249593816105e-06,3.710334679991746e-05,0.00010392768535102988,0.00013576150769798733,0.0001603274247376266,0.00039328057021502713
2025-12-22 00:00:00+00:00,0.7958300113677979,0.0022895745850126936,2.2428303629421164e-06,2.242830362942103e-06,3.2794136081429433e-06,6.186237899717974e-06,0.00010533263546180354,0.00011286453103093741,0.0001601141351843209,0.00037304430077014935
2025-12-23 00:00:00+00:00,0.7914299964904785,-0.005544178176398851,5.242151780336048e-06,7.484982143278151e-06,7.484982143278219e-06,8.548231737094229e-06,4.458832894319559e-05,0.00011633704131706551,0.0001629001670484091,0.0003761092659304519
2025-12-24 00:00:00+00:00,0.7874500155448914,-0.00504153494274584,3.073791165165728e-05,3.598006343199332e-05,3.82228937949355e-05,3.925947704013623e-05,4.2166301331711274e-05,0.00014215057914596533,0.0001889513708956146,0.0004011151331537671
2025-12-26 00:00:00+00:00,0.7880499958992004,0.0007616380564324232,2.54170745789273e-05,5.615498623058457e-05,6.139713801092068e-05,6.363996837386275e-05,6.470321796767878e-05,0.00016672977347272417,0.00019940147607185008,0.00039032940607278957
2025-12-29 00:00:00+00:00,0.7892400026321411,0.0015089260184726616,5.800925290061591e-07,2.5997167107933447e-05,5.673507875959079e-05,6.422006090286892e-05,6.525664414806965e-05,0.00010132340770278635,0.0001748417615708642,0.00038104268397500776
2025-12-30 00:00:00+00:00,0.7886999845504761,-0.0006844596209412968,2.276857729223759e-06,2.8569502582299048e-06,2.8274024837157275e-05,6.425408826915056e-05,6.649691863209266e-05,7.044032616886851e-05,0.00017534897780588,0.00035060868693416024
2025-12-31 00:00:00+00:00,0.791700005531311,0.0037965383486618653,4.684849726991036e-07,2.7453427019228496e-06,3.325435230929076e-06,5.948042146151362e-05,6.696540360479177e-05,6.802865319860783e-05,0.00017089308895582166,0.0003494581652036867
2026-01-02 00:00:00+00:00,0.7920299768447876,0.0004167014856360507,1.4413703432860164e-05,1.4882188405559255e-05,1.7159046134783083e-05,4.31562132427165e-05,7.91362766747098e-05,8.24156902828527e-05,0.00018446891213651337,0.00035779772224820935
2026-01-05 00:00:00+00:00,0.79339998960495,0.0017282543286772645,1.7364012813129177e-07,1.4587343560991443e-05,1.5055828533690612e-05,1.791277879192049e-05,7.406776502250504e-05,8.155274716578323e-05,0.00011865609396570067,0.00033335919255819083
2026-01-06 00:00:00+00:00,0.7921000123023987,-0.0016398329767219055,2.986863024591702e-06,3.1605031527229816e-06,1.7574206585583213e-05,2.0319549287506033e-05,4.6316716395439466e-05,8.453961019037492e-05,8.848301772715076e-05,0.00029406772139052166
2026-01-07 00:00:00+00:00,0.7954999804496765,0.00428316120009159,2.6890521915446254e-06,5.675915216136315e-06,5.849555344267673e-06,2.07317437498269e-05,2.358869400805679e-05,8.498583201897742e-05,8.82919119757356e-05,0.0002967512203990582
2026-01-08 00:00:00+00:00,0.7976499795913696,0.0026990559593634555,1.8345469865970027e-05,2.103452205751464e-05,2.4021385082106406e-05,3.8608728643097824e-05,4.1354071345020655e-05,9.80891501046114e-05,0.00010661071549309035,0.0002994742261381041
2026-01-09 00:00:00+00:00,0.7990099787712097,0.0017035556025836174,7.284903071775383e-06,2.5630372937745396e-05,2.831942512929009e-05,3.147992828201304e-05,4.6362116687572285e-05,7.463614152472953e-05,0.00011285903531966497,0.00030675363069093063
2026-01-12 00:00:00+00:00,0.8015260100364685,0.0031439884580701516,2.9021016910940317e-06,1.0187004762869402e-05,2.8532474628839493e-05,3.420838984497578e-05,4.8795733405967206e-05,5.212116863689625e-05,0.000115761137010759,0.00030904819860317413
2026-01-13 00:00:00+00:00,0.7973600029945374,-0.00521114880694748,9.88466342447833e-06,1.2786765115572349e-05,2.0071668187347796e-05,4.110619024486241e-05,4.4266693397585375e-05,6.142573953236842e-05,0.0001234029700722952,0.00028787911999577536
2026-01-14 00:00:00+00:00,0.801010012626648,0.004567172733579344,2.7156071888150142e-05,3.704073531262846e-05,3.9942837003722555e-05,6.557320994146793e-05,7.124912515760423e-05,8.630495369129479e-05,0.0001453168901801093,0.00031312929706101407
2026-01-15 00:00:00+00:00,0.7997199892997742,-0.001611794124678656,2.0859066778350622e-05,4.801513866650075e-05,5.789980209097915e-05,6.808680685384852e-05,8.912132891136314e-05,0.00010669553549694631,0.00013543804530680265,0.00033153224392311684
2026-01-16 00:00:00+00:00,0.8034200072288513,0.004615971788910711,2.5978803003486348e-06,2.3456947078699245e-05,5.061301896684945e-05,6.339978408242177e-05,8.903015702016715e-05,9.48797123644348e-05,0.00011261885102822398,0.0003316740043072176
2026-01-19 00:00:00+00:00,0.7987200021743774,-0.005867175789296242,2.130719555601955e-05,2.3905075856368173e-05,4.476414263471886e-05,8.18048779473473e-05,9.199188271021667e-05,0.00011601326779232305,0.00013334595405523736,0.0003482944920587854
2026-01-20 00:00:00+00:00,0.7978900074958801,-0.0010396962918142183,3.442375174250398e-05,5.5730947298523515e-05,5.832882759887221e-05,0.00010634396626537294,0.00011913073138094527,0.00014745015651023533,0.00016549284806851759,0.0003677512743985976
2026-01-21 00:00:00+00:00,0.7894999980926514,-0.010570921451664411,1.0809683792122362e-06,3.55047201217162e-05,5.681191567773581e-05,8.026886275643503e-05,0.00011730959806906348,0.00014584207269790293,0.00016610533147503072,0.0003436924357478178
2026-01-22 00:00:00+00:00,0.7963899970054626,0.008689180566996774,0.00011174438033725882,0.00011282534871647104,0.00014724910045897508,0.00017115417631534323,0.00021916931498184395,0.00023924098316919172,0.0002634360083794294,0.00045366717459086866
2026-01-23 00:00:00+00:00,0.7889999747276306,-0.009322723031811836,7.550185892587438e-05,0.0001872462392631332,0.0001883272076423455,0.00024405815494086896,0.0002675151020195682,0.00030745793902329073,0.00033876422717717244,0.0005242446596939855
2026-01-26 00:00:00+00:00,0.7778699994087219,-0.014206874474345654,8.691316472787487e-05,0.00016241502365374922,0.00027415940399100813,0.0003096641241127243,0.0003335691999690925,0.0003914690020600716,0.00042269052888045563,0.000610319944169692
2026-01-27 00:00:00+00:00,0.777239978313446,-0.0008102592598205338,0.0002018352823298141,0.00028874844705768896,0.0003642503059835634,0.0004770756547000344,0.0005328066019985579,0.0005834196209654073,0.0006218367590187251,0.0007461687682005622
2026-01-28 00:00:00+00:00,0.7631999850273132,-0.01822905456504481,6.565200681249193e-07,0.00020249180239793898,0.00028940496712581395,0.0004766512063889471,0.0005121559265106633,0.0005569200691453822,0.00060414780922088,0.0007136653490055454
2026-01-29 00:00:00+00:00,0.7657399773597717,0.0033225564529747453,0.00033229843033538107,0.000332954950403506,0.0005347902327333202,0.0006972052563870693,0.0008100306051035404,0.0008683594327024125,0.0009291613364844857,0.0010430836213979667
2026-01-30 00:00:00+00:00,0.7644100189208984,-0.001738337779974175,1.1039381383204122e-05,0.0003433378117185851,0.00034399433178671017,0.0006327427788443991,0.0008199890181075322,0.0008768009337852681,0.0009372986161765958,0.0010540963364325557
2026-02-02 00:00:00+00:00,0.7735599875450134,0.01189890120445386,3.0218182372855433e-06,1.406119962048961e-05,0.0003463596299558708,0.0005488514323538097,0.000711266456007559,0.0008585155564665341,0.0009304357709894029,0.0010560815714246402
2026-02-03 00:00:00+00:00,0.779009997844696,0.007020659598877488,0.00014158384987335353,0.000144605668110639,0.00015564504949384323,0.0004885999998973492,0.0007773484469550382,0.0009656756545973836,0.0010448635489746063,0.0011976654212979938
2026-02-04 00:00:00+00:00,0.7757599949836731,-0.0041806924621561325,4.928966120331061e-05,0.00019087351107666408,0.00019389532931394973,0.0005372331410325349,0.0007397249434304739,0.001013884347421482,0.0010732941433995663,0.0012447122521383625
2026-02-05 00:00:00+00:00,0.7773100137710571,0.0019960713854386136,1.7478189463129106e-05,6.676785066643967e-05,0.0002083517005397933,0.00022241290016028289,0.0005553678505637889,0.0009196181565473522,0.0010881744525623469,0.0012569482898211555
2026-02-06 00:00:00+00:00,0.7777000069618225,0.000501595737316729,3.9843009757668265e-06,2.1462490438895877e-05,7.07521516422066e-05,0.0002153578197528456,0.0005586956314714307,0.0008481005985972448,0.0010708515579820942,0.0012301946791452648
2026-02-09 00:00:00+00:00,0.7758299708366394,-0.002407468224134901,2.5159828369431303e-07,4.235899259461085e-06,2.17140887225903e-05,0.00021258759979925437,0.00022664879941974403,0.0007614390321530642,0.0010366794045232844,0.001205029202850032
2026-02-10 00:00:00+00:00,0.7671200037002563,-0.011290138759577684,5.795903250219254e-06,6.047501533913513e-06,1.0031802509680448e-05,7.67996531761201e-05,0.00022140532128675917,0.0005653996530734693,0.0010413943393942915,0.001210245013571245
2026-02-11 00:00:00+00:00,0.7685700058937073,0.001888405362141632,0.0001274672332105183,0.00013326313646073751,0.00013351473474443193,0.0001549772251833278,0.00034585073625999197,0.0006922103662158627,0.001057117192267551,0.0013354353890525396
2026-02-12 00:00:00+00:00,0.7711399793624878,0.0033382596463402137,3.566074811765268e-06,0.00013103330802228353,0.0001368292112725029,0.00014106511053196399,0.0002078329611984037,0.00036347801069224687,0.0009851814081534417,0.0013385329788916057
2026-02-13 00:00:00+00:00,0.7695500254631042,-0.0020639511632103424,1.1143977466383489e-05,1.4710052278148702e-05,0.0001421772854886671,0.00014822478702258065,0.00016968727746147655,0.0003635826067754262,0.0009094122208919504,0.0013352632529251291
2026-02-16 00:00:00+00:00,0.7682099938392639,-0.001742836263412928,4.259894404117326e-06,1.5403871870500758e-05,1.8969946682266135e-05,0.00015223308314300365,0.0001564689824024648,0.000364820682942258,0.0007118368329662537,0.0013393495072011152
2026-02-17 00:00:00+00:00,0.769599974155426,0.0018077405188158813,3.037478241067137e-06,7.297372645184409e-06,1.8441350111568004e-05,0.00014947465813385153,0.0001555221596677651,0.00022627431130997164,0.0007142177911391959,0.0013394001224175905
2026-02-18 00:00:00+00:00,0.7702000141143799,0.0007793739367426555,3.2679257833687114e-06,6.305404024435794e-06,1.056529842855323e-05,2.527535070670193e-05,0.0001585384871674395,0.00018025257589002975,0.0003851872865871835,0.0013399789960094146
2026-02-19 00:00:00+00:00,0.7721999883651733,0.0025933290566083067,6.074237332737449e-07,3.875349516642402e-06,6.9128277577096475e-06,2.2316699628210408e-05,0.000153350007650494,0.0001633818101601744,0.00037475532893725314,0.0013222409498767184
2026-02-20 00:00:00+00:00,0.7753400206565857,0.004058100704762424,6.72535559584893e-06,7.332779329122621e-06,1.060070511249144e-05,1.789807775767585e-05,3.260813003582461e-05,0.00016612286478025648,0.0003784588662958165,0.0013216814024007918
2026-02-23 00:00:00+00:00,0.7717000246047974,-0.004705764120336575,1.6468181329993283e-05,2.319353692584216e-05,2.3800960659116013e-05,3.010636468355181e-05,4.551023655405262e-05,0.00018233944782655546,0.0002533431977524563,0.0013352474820396913
2026-02-24 00:00:00+00:00,0.7742300033569336,0.0032730860582733667,2.2144215956247063e-05,3.861239728624029e-05,4.533775288208933e-05,4.921310239873174e-05,5.65104750439162e-05,0.00019868776053258327,0.00022619775250539277,0.0013475070345714598
2026-02-25 00:00:00+00:00,0.7737299799919128,-0.000646041742410175,1.0713092344863485e-05,3.285730830111049e-05,4.9325489631103883e-05,5.665826896022651e-05,6.296367298466236e-05,8.193361966692844e-05,0.00021943265538712715,0.001331064055028173
2026-02-26 00:00:00+00:00,0.7721400260925293,-0.0020570351371964612,4.1736993293637486e-07,1.1130462277799806e-05,3.3274678234046975e-05,5.646821515988914e-05,6.034356467653159e-05,7.878491478809956e-05,0.00021586572434429668,0.0013106223581827588
2026-02-27 00:00:00+00:00,0.7732300162315369,0.0014106528402992868,4.231393555660864e-06,4.6487634885971845e-06,1.536185583346078e-05,5.397425311970107e-05,6.130703244882374e-05,7.187233087737692e-05,0.00021984551961626325,0.0013122558714380712
2026-03-02 00:00:00+00:00,0.7695299983024597,-0.004796630698594817,1.989941435844445e-06,6.221334991505255e-06,6.638704924441738e-06,3.9496013225552234e-05,6.268955015139445e-05,6.960237790910404e-05,0.00021603955780188843,0.001292938617317896
2026-03-03 00:00:00+00:00,0.7787100076675415,0.011858777595146142,2.3007666058702202e-05,2.4997607494546595e-05,2.9229001050207566e-05,4.0359463328007374e-05,7.897186061424771e-05,8.95725657267391e-05,0.00011157999065007232,0.0012815225316340942
2026-03-04 00:00:00+00:00,0.7819200158119202,0.004113739480796519,0.00014063060605114011,0.00016363827210984228,0.00016562821354568682,0.000170276977034284,0.00020313428533539455,0.0002269352459945105,0.00024864452188944714,0.0014210721693060221
2026-03-05 00:00:00+00:00,0.7791500091552734,-0.0035488601018016375,1.6922852515864013e-05,0.00015755345856700409,0.00018056112462570638,0.00018678245961721167,0.00019791292189501151,0.00024325067477710076,0.0002544233969389277,0.0013262506414846273
2026-03-06 00:00:00+00:00,0.7806599736213684,0.001936088311313866,1.2594408022159528e-05,2.951726053802346e-05,0.0001701478665891637,0.0001951454740837103,0.00019979423757230752,0.0002491197272034114,0.0002627579105569699,0.0012633431905809125
2026-03-09 00:00:00+00:00,0.781220018863678,0.0007171425064749215,3.7484379492061774e-06,1.6342845971365626e-05,3.3265698487229774e-05,0.00019690397059707204,0.00020312530558857733,0.00023639998382262426,0.00026346887026510894,0.0011801784638022438
2026-03-10 00:00:00+00:00,0.7778800129890442,-0.004284537125060689,5.142933745931328e-07,4.262731323799229e-06,1.6857139345958893e-05,0.00017441059791296296,0.00019940820540750962,0.00021477006124097034,0.0002607152378563334,0.0009788574748470229
2026-03-11 00:00:00+00:00,0.778577983379364,0.0008968702512168747,1.8357258376023312e-05,1.8871551750616363e-05,2.2619989699822677e-05,5.2137250237846163e-05,0.00021577552234768846,0.00022241422727213014,0.00027846507249908295,0.0009965582131549215
2026-03-12 00:00:00+00:00,0.7817400097846985,0.00405305937355549,8.043762475178199e-07,1.916163462354105e-05,1.9675927998134317e-05,3.6018773969499974e-05,0.00019357223253650409,0.0002228012335867116,0.0002725440931507518,0.000665064159067058
2026-03-13 00:00:00+00:00,0.7853400111198425,0.004594542231495857,1.642729028556602e-05,1.7231666533083756e-05,3.55889249091072e-05,3.985165623290646e-05,6.936891677093e-05,0.00023499713031661676,0.0002725032021063245,0.0006704520679694199
2026-03-16 00:00:00+00:00,0.7899199724197388,0.005814880404338696,2.110981831699893e-05,3.7537108602564865e-05,3.834148485008282e-05,5.721303660069922e-05,7.355588257206492e-05,0.00025411700719777123,0.00027146880446707637,0.0006885400680491332
2026-03-17 00:00:00+00:00,0.7880499958992004,-0.0023701051774734916,3.381283411676215e-05,5.4922652433761e-05,7.134994271932715e-05,9.051157734286823e-05,9.477430866666755e-05,0.0002649221752558312,0.0002945685462389751,0.000580769052292542
2026-03-18 00:00:00+00:00,0.7847700119018555,-0.004170838030961577,5.617398552286651e-06,3.943023266904872e-05,6.054005098604779e-05,7.777171751913158e-05,9.664326926974802e-05,0.00012990896775697775,0.00029976857485832534,0.000537096789641518
2026-03-19 00:00:00+00:00,0.7926300168037415,0.009965854966710652,1.7395889880515442e-05,2.301328843280201e-05,5.68261225495643e-05,9.436323115212918e-05,0.00011352486577567033,0.00013038200512162915,0.0003129330711831799,0.0005370144900589043
2026-03-20 00:00:00+00:00,0.7886999845504761,-0.004970550538217711,9.931826521751138e-05,0.00011671415509802674,0.00012233155365031352,0.00017725420608407456,0.0001944858726171584,0.00021710586231698102,0.0004102613949648469,0.0006323484543006489
2026-03-23 00:00:00+00:00,0.7878199815750122,-0.0011163868340008098,2.4706372652976372e-05,0.00012402463787048766,0.00014142052775100323,0.000180850760420052,0.00021838786902261695,0.0002380637970207512,0.00041196010155912104,0.0006568032286699309
2026-03-24 00:00:00+00:00,0.7864000201225281,-0.0018040195602351539,1.2463195631303518e-06,2.5952692216106644e-05,0.00012527095743361814,0.0001482842458664202,0.00020320689830018128,0.00023879582320928842,0.0002725758150711113,0.000652253644982842
2026-03-25 00:00:00+00:00,0.7879999876022339,0.002032479703558021,3.254486573711038e-06,4.500806136841308e-06,2.9207178789817817e-05,0.0001459213338878446,0.00018535156655689338,0.00022369305140697616,0.0002589074491289583,0.0005280408983460347
2026-03-26 00:00:00+00:00,0.7915499806404114,0.004494949937291465,4.1309737453753015e-06,7.385460319086258e-06,8.631779882216744e-06,0.00013265641775270443,0.00015566970618550652,0.00022701964890483364,0.00025044401485217407,0.0005286057972796449
2026-03-27 00:00:00+00:00,0.7946799993515015,0.00394649302184813,2.0204574938756544e-05,2.4335548684131763e-05,2.7590035257842935e-05,5.354272747394961e-05,0.00017025688257197642,0.00023079693355802417,0.00026690015184172445,0.0005376663947520178
2026-03-30 00:00:00+00:00,0.7997999787330627,0.006422152738585596,1.5574807171495984e-05,3.577938211025245e-05,3.9910355855627886e-05,4.441116199246922e-05,0.00016843579986295696,0.0002252619224125212,0.00028196066563862727,0.0005489813075193965
2026-03-31 00:00:00+00:00,0.7998800277709961,0.00010008131335606518,4.124404579772247e-05,5.681885296921837e-05,7.702342790797504e-05,8.440888822706133e-05,0.00011036158044316805,0.0002326931340934815,0.0003048474530603264,0.0005871878750760519
2026-04-01 00:00:00+00:00,0.7976300120353699,-0.0028169052680423468,1.0016269283074912e-08,4.125406206700546e-05,5.6828869238501584e-05,8.116441792263337e-05,8.566522405947475e-05,0.00022708575181047794,0.00030405309308209166,0.0005839299655619662
2026-04-02 00:00:00+00:00,0.7939500212669373,-0.004624332109363777,7.934955289124725e-06,7.944971558407719e-06,4.918901735613032e-05,8.49683994663828e-05,9.235385978546913e-05,0.00021762481721908724,0.0002955607580856504,0.0005912574971178172
2026-04-03 00:00:00+00:00,0.7986299991607666,0.005877244854401553,2.1384447457692837e-05,2.931940274681748e-05,2.932941901610069e-05,8.614827198531909e-05,0.00011048382066945094,0.0001396909994592687,0.0002958353872263443,0.0006059165889796611
2026-04-06 00:00:00+00:00,0.8011500239372253,0.003150466719719802,3.4542007078589534e-05,5.592645453628229e-05,6.386140982540715e-05,0.00010511547189241265,0.00014089485400266516,0.00014952663388488184,0.0002965645601881717,0.0006239904147282574
2026-04-07 00:00:00+00:00,0.7980999946594238,-0.0038143291421194048,9.92544055206205e-06,4.4467447630651505e-05,6.585189508834447e-05,7.379686664675223e-05,0.00013061571961597068,0.00015820575487381357,0.0003008726021879471,0.0006117716393240723
2026-04-08 00:00:00+00:00,0.7904000282287598,-0.009694714042168956,1.4549106804421355e-05,2.4474547356483322e-05,5.901655443507299e-05,8.833595718189051e-05,0.00012959001924889605,0.00016950037510452389,0.00029802581911185305,0.0006156076537836302
2026-04-09 00:00:00+00:00,0.7914000153541565,0.001264366204401457,9.398748035942794e-05,0.00010853658716384922,0.0001184620277159114,0.00017438848225219373,0.00018233345381060153,0.0002593568817185765,0.00029269503425376957,0.0007091777642101218
2026-04-10 00:00:00+00:00,0.7908700108528137,-0.0006699292944778723,1.5986218988325468e-06,9.55861022582604e-05,0.0001101352090626819,0.00015460265669333344,0.000183922059440151,0.0002407509286786525,0.00026958728349962574,0.0007065449925532935
2026-04-13 00:00:00+00:00,0.7926099896430969,0.002197665256322673,4.4880525959961977e-07,2.047427158432085e-06,9.603490751786016e-05,0.00012050945487434352,0.0001764359094106259,0.00022562492676675614,0.000268789769196095,0.0007050038563770486
2026-04-14 00:00:00+00:00,0.7832000255584717,-0.011943160464736757,4.8297325788477994e-06,5.278537838447338e-06,6.8771597372800206e-06,0.00011541374690112928,0.00015988119453178086,0.00018921061354788146,0.00027036501520123177,0.0006868259228971942
2026-04-15 00:00:00+00:00,0.7809100151062012,-0.0029281981817281533,0.0001426390818864511,0.00014746881446529883,0.00014791761972489858,0.00024350372198315902,0.00026797826933964243,0.0003318396791650495,0.00040887312334230753,0.0006888343987325052
2026-04-16 00:00:00+00:00,0.7813100218772888,0.000512100434458318,8.574344591476064e-06,0.0001512134264779271,0.00015604315905677502,0.00015809058621520718,0.00026662717337905647,0.00033247906846740086,0.00039724289299502706,0.0006804858908081173
2026-04-17 00:00:00+00:00,0.7832000255584717,0.0024160977472698353,2.6224685497239804e-07,8.836591446448381e-06,0.00015147567333289962,0.000156754211171347,0.0002523403134296075,0.00031135686786468045,0.0003819303326785035,0.0006681537296409301
2026-04-20 00:00:00+00:00,0.7836599946022034,0.0005871220798621124,5.837528324362373e-06,6.099775179334689e-06,1.467411977081089e-05,0.00016214293423610977,0.00016419036139454194,0.00028265238911045327,0.0003465238152051434,0.0006702428200160862
2026-04-21 00:00:00+00:00,0.7785099744796753,-0.006593442303827329,3.447123366616127e-07,6.182240661023904e-06,6.444487515996437e-06,0.00015765791399392358,0.00016293645183237097,0.0002730716608950528,0.000346858511272522,0.0006700732389781547
2026-04-22 00:00:00+00:00,0.7805500030517578,0.0026169996867030643,4.347348141389984e-05,4.381819375056137e-05,4.965572207492388e-05,5.849231352137232e-05,0.0002059611279866712,0.0003019960355045313,0.0003823970373972971,0.0006951894620160314
2026-04-23 00:00:00+00:00,0.784820020198822,0.005455614550688576,6.848687360203937e-06,5.03221687741037e-05,5.0666881110765444e-05,5.676665629010019e-05,0.00020798008276802735,0.0002148572425053073,0.00036786127729980815,0.0007012337731287174
2026-04-24 00:00:00+00:00,0.7862399816513062,0.0018076481324283689,2.976373012568491e-05,3.661241748588876e-05,8.008589889978874e-05,8.62681395608127e-05,9.510473100726114e-05,0.00024302235073215967,0.00036308300034690354,0.0007145702129688363
2026-04-27 00:00:00+00:00,0.786300003528595,7.633748951837993e-05,3.26759177067177e-06,3.30313218963566e-05,3.988000925656067e-05,8.369820300712211e-05,8.979797818645685e-05,0.0002458411372432318,0.0003564251515655133,0.0006967279864225092
2026-04-28 00:00:00+00:00,0.785290002822876,-0.0012853235776320027,5.8274123059687655e-09,3.2734191829776575e-06,3.3037149308662706e-05,8.335931808276645e-05,8.954155874379041e-05,0.00024101723207668998,0.0003418818721733979,0.000662920979718053
2026-04-29 00:00:00+00:00,0.7889900207519531,0.0047005928888147475,1.6520566992167307e-06,1.6578841115226182e-06,4.925475882194524e-06,4.1537893368083346e-05,8.535608711864476e-05,0.0001000302068894556,0.00024954644851318667,0.0006589556378649831
2026-04-30 00:00:00+00:00,0.7905600070953369,0.001987891276270054,2.2095573506375773e-05,2.374763020559242e-05,2.3753457617898525e-05,5.678477951425518e-05,0.00010710694828835893,0.00011355143580435532,0.0002700434001207299,0.0006636553214908434
2026-05-01 00:00:00+00:00,0.7814000248908997,-0.011654349597311625,3.951711726270584e-06,2.6047285232646275e-05,2.769934193186314e-05,3.097276111484085e-05,6.758517860072966e-05,0.0001172409006756535,0.00027354630658740087,0.0005682887679996026
2026-05-04 00:00:00+00:00,0.7811300158500671,-0.0003456049310796294,0.00013582386453635763,0.00013977557626262813,0.00016187114976900404,0.0001635290338805267,0.00019656035577688335,0.00024722723688764875,0.00040454043854491067,0.0006794062598829839
2026-05-05 00:00:00+00:00,0.7839699983596802,0.003629142675699526,1.194427683865554e-07,0.0001359433073047441,0.00013989501903101482,0.0001636426492366073,0.000166916068419585,0.0002470019673193737,0.00026202079942684613,0.0006782793830882401
2026-05-06 00:00:00+00:00,0.7813799977302551,-0.0033091679169483523,1.3170676560583515e-05,1.3290119328969989e-05,0.00014911398386532776,0.0001751612690979741,0.00017681915320949675,0.00021669916246605736,0.0002666171313959536,0.0006881955730751125
2026-05-07 00:00:00+00:00,0.7788599729537964,-0.0032303068952917735,1.0950592302560297e-05,2.4121268863143732e-05,2.424071163153042e-05,0.0001640162878941586,0.00018776391809975106,0.00022080106740841372,0.0002773054768435415,0.0006950151916322975
2026-05-08 00:00:00+00:00,0.7802000045776367,0.0017190255322316883,1.0434882637769576e-05,2.1385474940329794e-05,3.4556151500913444e-05,0.0001704994588056576,0.00019654674403830392,0.00020147221992049838,0.0002819028311569487,0.0006852454993313105
2026-05-11 00:00:00+00:00,0.7777699828147888,-0.0031194743840787797,2.955048780464439e-06,1.3389931418233934e-05,2.4340523720794367e-05,3.763064304976441e-05,0.0001774062193123926,0.00020115967693029105,0.0002845131676007515,0.000672625740940279
2026-05-12 00:00:00+00:00,0.7781599760055542,0.0005012991705978798,9.731120432923683e-06,1.268616921338804e-05,2.312105185115775e-05,4.724232071430154e-05,0.0001831856280190457,0.00021088496995090878,0.00025077080661977535,0.0006411128155754802
2026-05-13 00:00:00+00:00,0.7804099917411804,0.0028872842994233094,2.5130085844212216e-07,9.982421291365724e-06,1.2937470071830299e-05,3.432294501216015e-05,4.761306434113019e-05,0.00020948421411013418,0.00024417342011801355,0.0006413541001646393
2026-05-14 00:00:00+00:00,0.781499981880188,0.0013957146498320416,8.336410625696351e-06,8.587711484138392e-06,1.8318831917062212e-05,3.17087633352962e-05,5.5830032198439985e-05,0.00019572505122945476,0.000222746100618025,0.0006417555555012109
2026-05-15 00:00:00+00:00,0.7841799855232239,0.0034234406983417176,1.9480193837557786e-06,1.0284430009452049e-05,1.0535730867894307e-05,2.3221900081282402e-05,4.460737502161225e-05,0.00019372135888693994,0.000221426528231109,0.0006223191274272739
2026-05-18 00:00:00+00:00,0.7872899770736694,0.0039580719767441375,1.1719946215062428e-05,1.3667965598818126e-05,2.200437622451461e-05,3.198679751588039e-05,4.537672893411438e-05,6.961744056564475e-05,0.00023314064703386546,0.0005994970665637468
2026-05-19 00:00:00+00:00,0.7844700217247009,-0.0035882811330989195,1.5666333773087245e-05,2.7386279988149593e-05,2.9334299371905508e-05,3.7922010856043956e-05,5.060818006943205e-05,8.516433157034544e-05,0.000247154924107736,0.000605237959784772
2026-05-20 00:00:00+00:00,0.7888000011444092,0.005504446521670564,1.2875761490153665e-05,2.854209526324083e-05,4.026204147830339e-05,5.0546471487755495e-05,6.0528892779121275e-05,8.486941649991559e-05,0.00023793511209151388,0.0006035646144705042
2026-05-21 00:00:00+00:00,0.7869200110435486,-0.002386199297294056,3.029893150993117e-05,4.317469300008475e-05,5.884102677317214e-05,7.250899237199032e-05,8.109670385612877e-05,0.00010421775570728647,0.00026428233187517444,0.0005398760656210074
2026-05-22 00:00:00+00:00,0.7864999771118164,-0.0005339120449366908,5.693947086406647e-06,3.5992878596337736e-05,4.886864008649154e-05,7.625492007464118e-05,8.65393500840933e-05,9.947682015592354e-05,0.00013415241442522348,0.0005439713908085815
2026-05-25 00:00:00+00:00,0.782289981842041,-0.005367200818862883,2.8506207172847886e-07,5.979009158135038e-06,3.6277940668066354e-05,6.482003593130724e-05,7.848800153012542e-05,9.680683344718757e-05,0.0001343180337285654,0.0005438076476207104
2026-05-26 00:00:00+00:00,0.78302001953125,0.0009327708140879076,2.88068446300024e-05,2.909190670173079e-05,3.4785853788137574e-05,7.796054678822239e-05,0.00010534682677637205,0.0001158825576442663,0.00014995420179798427,0.0005677847596718651
2026-05-27 00:00:00+00:00,0.7851099967956543,0.002665567880377945,8.70061391614218e-07,2.9676906021616528e-05,2.996196809334515e-05,6.595484668968294e-05,9.449694195292382e-05,0.00011650131817743839,0.0001398736708870382,0.00042601573917702815
2026-05-28 00:00:00+00:00,0.7878599762916565,0.003496547734270661,7.1052521249025695e-06,7.9753135165167e-06,3.678215814651924e-05,4.2761167304654335e-05,8.593586030473915e-05,0.00011527015967664461,0.0001365440403741712,0.00042454664671045465
2026-05-29 00:00:00+00:00,0.7836599946022034,-0.005345133077338526,1.2225846058033292e-05,1.9331098182935772e-05,2.0201159574550133e-05,4.9293066276280976e-05,8.528594487261877e-05,0.00012554798635092213,0.00014581483765174007,0.00043651024591351555
2026-06-01 00:00:00+00:00,0.7818599939346313,-0.0022995573022981664,2.8570447614458424e-05,4.0796293672491626e-05,4.790154579739434e-05,7.757845181901092e-05,8.355746097714602e-05,0.0001423984877503181,0.0001646541648332748,0.0004592431652036116
2026-06-02 00:00:00+00:00,0.7861400246620178,0.005459236360364467,5.28796378655282e-06,3.385841140101116e-05,4.608425745904459e-05,5.405957097556135e-05,8.31514776772922e-05,0.00013202011776378367,0.0001696908277613855,0.00046418641665350283
2026-06-03 00:00:00+00:00,0.7882500290870667,0.0026804103383642197,2.980326163832547e-05,3.50912254248782e-05,6.366167303933676e-05,8.29927712222726e-05,0.00011266967724388918,0.00014894761791195548,0.0001911576787740146,0.00045051619687792844
2026-06-04 00:00:00+00:00,0.7910299897193909,0.0035205454010824033,7.184599582009791e-06,3.698786122033517e-05,4.2275825006888134e-05,8.307211867937982e-05,9.104743219589658e-05,0.0001258332859840341,0.00019639425897226861,0.0004508521090997343
2026-06-05 00:00:00+00:00,0.7889000177383423,-0.0026962881411163597,1.239423992108246e-05,1.9578839503092163e-05,4.9382101141417774e-05,8.324051254242899e-05,0.00010257161072536483,0.00013253357881870992,0.00019706855267828866,0.0004334826188951319
2026-06-08 00:00:00+00:00,0.7964199781417847,0.009487064851715188,7.269969739924715e-06,1.9664209661007085e-05,2.684880924301702e-05,6.194003466789528e-05,0.00010273632834038697,0.00013951848648690617,0.00018867218864512613,0.0004374849968643848
2026-06-09 00:00:00+00:00,0.7981699705123901,0.002194912961356932,9.000439950064973e-05,9.727436924057435e-05,0.00010966860916165696,0.00014665647038199217,0.00018051488178300339,0.00020071604135755348,0.00026580082665562217,0.0005274835689527285
2026-06-10 00:00:00+00:00,0.7992600202560425,0.0013647545359002367,4.817642907932656e-06,9.48220424085823e-05,0.00010209201214850715,0.00012167085165159936,0.00015676207707647765,0.00020466362287387192,0.00024031953805362364,0.0005306491551614445
2026-06-11 00:00:00+00:00,0.7999500036239624,0.0008629053100351058,1.8625549432602702e-06,6.680197851192846e-06,9.668459735184271e-05,0.00011634880701284985,0.00015333666823318508,0.00019942092569222961,0.00023648814591047728,0.000510416136598329
2026-06-12 00:00:00+00:00,0.7950500249862671,-0.006144193059261366,7.446055740867822e-07,2.607160517346971e-06,7.424803425279763e-06,0.00010469917266585416,0.0001242780121689464,0.0001879396852082831,0.0002369476894128356,0.0005072090304461452
2026-06-15 00:00:00+00:00,0.7939000129699707,-0.0014475121175948624,3.775110834947554e-05,3.8495713923562246e-05,4.035826886682265e-05,0.000135180311275405,0.00015484452093641215,0.00019712034594330022,0.00024589195313230874,0.0004091362742592631
2026-06-16 00:00:00+00:00,0.7944300174713135,0.0006673732925227827,2.095291330583963e-06,3.9846399680059425e-05,4.059100525414634e-05,4.727120310533923e-05,0.00014454557234591363,0.00019392767348733138,0.0002471171830712785,0.0004111121228214605
2026-06-17 00:00:00+00:00,0.7931100130081177,-0.001662956198962423,4.453871115726996e-07,2.5406784421565813e-06,4.029178679163226e-05,4.289894730897927e-05,0.00013772098971756165,0.00016456979896057862,0.0002404573180579486,0.0003983868333724497
2026-06-18 00:00:00+00:00,0.7994099855422974,0.007911995333890337,2.76542331966755e-06,3.2108104312401682e-06,5.306101761824266e-06,4.3801815685386554e-05,5.0482013536579466e-05,0.00016015062269823636,0.00023099689531958284,0.00039020166438955695
2026-06-19 00:00:00+00:00,0.8048999905586243,0.006844096874262379,6.259967016350247e-05,6.536509348316993e-05,6.581048059474276e-05,0.00010565688027480224,0.00010826404079214927,0.00021035605294065637,0.0002650261178686269,0.0004423664519152898
2026-06-22 00:00:00+00:00,0.8079699873924255,0.003806879145109243,4.6841662024288065e-05,0.00010944133218779046,0.00011220675550745814,0.00011474743394961474,0.00015324314787317706,0.0002499277452250197,0.00030657981610636214,0.0004862530651591134
2026-06-23 00:00:00+00:00,0.8087999820709229,0.0010267320238343813,1.4492328825467682e-05,6.133399084975567e-05,0.00012393366101325827,0.00012714447144449847,0.00016699087112455796,0.00017441567454983765,0.0002912688832935044,0.0004910142735516574
2026-06-24 00:00:00+00:00,0.8097100257873535,0.0011245451778682247,1.0541786487670445e-06,1.5546507474234645e-05,6.238816949852284e-05,0.00012775326298169283,0.0001302939414238495,0.00017065221029067206,0.0002851384623602616,0.0004918171513419824
2026-06-25 00:00:00+00:00,0.8125799894332886,0.0035381671748062338,1.2646018570666772e-06,2.31878050583364e-06,1.6811109331301457e-05,0.00012625244151909194,0.00012946325195033217,0.00017005425720447844,0.0002740088242962458,0.0004847453425733527
2026-06-26 00:00:00+00:00,0.8105199933052063,-0.002538349154178332,1.2518626956876326e-05,1.3783228813942921e-05,1.4837407462710101e-05,7.617139831246581e-05,0.0001415364917956358,0.00018182827858726798,0.0002792574815131974,0.0004953159501464732
2026-06-29 00:00:00+00:00,0.8100699782371521,-0.000555371917046632,6.443216428517854e-06,1.89618433853941e-05,2.022644524246091e-05,3.5772952716695597e-05,0.00014521428490448613,0.00015052038666631031,0.00019569629844106557,0.0004900392203599287
2026-06-30 00:00:00+00:00,0.8076000213623047,-0.0030537239299341934,3.084379662440511e-07,6.751654394761824e-06,1.9270281351638287e-05,2.1589061857471967e-05,8.29230527072277e-05,0.00014873353330197042,0.00019118709349937697,0.0004746813245530855
2026-07-01 00:00:00+00:00,0.8087000250816345,0.0013611382262608274,9.325229840252734e-06,9.633667806496704e-06,1.6076884235014693e-05,2.9860113048957655e-05,4.5406620523192365e-05,0.00015761337603065043,0.00019864976839636942,0.0004711307929031845
2026-07-02 00:00:00+00:00,0.809149980545044,0.0005562388026651988,1.8526972709884713e-06,1.1177927111241124e-05,1.148636507748531e-05,3.044820846287945e-05,3.276698896871316e-05,0.00015670064998197136,0.0001997578600932711,0.00044268455866424187
2026-07-03 00:00:00+00:00,0.8044099807739258,-0.005875224372756893,3.0940160559041394e-07,2.162098876578804e-06,1.1487328716831673e-05,1.8238983111593538e-05,3.202221192553653e-05,9.44103814240593e-05,0.000162316153349386,0.0004373000131834256
2026-07-06 00:00:00+00:00,0.8037999868392944,-0.0007585999044510405,3.451826143023663e-05,3.4827663035826963e-05,3.668036030681557e-05,4.6314028113312314e-05,6.527587149870648e-05,8.208698083000787e-05,0.00019473912344903868,0.0004715332125419337
2026-07-07 00:00:00+00:00,0.805079996585846,0.001591181480042364,5.754738150331278e-07,3.5093735245269674e-05,3.540313685086022e-05,4.658106396210139e-05,5.333271835686328e-05,6.817012581957333e-05,0.0001948692101524991,0.0004433018417269645
2026-07-08 00:00:00+00:00,0.8088200092315674,0.004634759684207623,2.531858502429808e-06,3.1073323174628545e-06,3.762559374769962e-05,3.9787692624278464e-05,4.942136043077524e-05,6.964780567323607e-05,0.00019463564533526135,0.0004449636388377801
2026-07-09 00:00:00+00:00,0.8080599904060364,-0.0009401054891848837,2.148099733035635e-05,2.4012855832786075e-05,2.458832964781934e-05,5.941599268364634e-05,7.059391979488753e-05,8.986420114652575e-05,0.00015351697250211524,0.00045933938404323386
2026-07-10 00:00:00+00:00,0.8065400123596191,-0.0018827926332575795,8.837983307955494e-07,2.2364795661151817e-05,2.489665416358176e-05,5.999038940885148e-05,6.215248828543036e-05,7.822937252044498e-05,0.00010755910880862271,0.0004479973363159961
2026-07-13 00:00:00+00:00,0.8093600273132324,0.003490336960540019,3.5449080998490103e-06,4.428706430644478e-06,2.5909703761000965e-05,2.901703607846386e-05,6.38446991142909e-05,7.533106419177614e-05,9.661168808300404e-05,0.0004229717968013867
2026-07-14 00:00:00+00:00,0.8147299885749817,0.006612910341786654,1.218245209811174e-05,1.5727360197960668e-05,1.6611158528756353e-05,4.062401436154247e-05,7.571774960681222e-05,8.720507832364382e-05,0.00010773996153234874,0.0004298662851129456
2026-07-15 00:00:00+00:00,0.8090599775314331,-0.00698370381238006,4.373058318850888e-05,5.591303528662054e-05,5.945794338646969e-05,8.182273904762154e-05,8.493007136508446e-05,0.00012161043167189996,0.00015020594286379094,0.00044379360666312907
2026-07-16 00:00:00+00:00,0.8046600222587585,-0.005453196560526452,4.8772118939051784e-05,9.250270212756058e-05,0.00010468515422567247,0.00010911386065631698,0.0001331267164891031,0.00016852985333996328,0.0001864594348459664,0.000485381126020171
2026-07-17 00:00:00+00:00,0.8083099722862244,0.004525758408169878,2.9737352727737528e-05,7.850947166678923e-05,0.00012224005485529825,0.00013796741505325895,0.00016033221071441085,0.0001979578044621104,0.00020975357114518607,0.0005027242388268261
2026-07-20 00:00:00+00:00,0.8084200024604797,0.00013611447321931758,2.0482489169120346e-05,5.021984189685779e-05,9.899196083590971e-05,0.0001549049961225303,0.00015933370255317484,0.00018392203220099411,0.00022992762234806238,0.0005159367582560217
2026-07-21 00:00:00+00:00,0.8100299835205078,0.0019895351787607707,1.8527149819772322e-08,2.0501016318940037e-05,5.02383690466777e-05,0.00014274107117423832,0.00015846843137219904,0.00018336508553578075,0.0002206209196576294,0.0004259508859051918
2026-07-22 00:00:00+00:00,0.8123999834060669,0.0029215456070446066,3.958250227526652e-06,3.976777377346343e-06,2.4459266546466825e-05,0.0001029687382132561,0.0001588817734998767,0.0001847914772608776,0.0002227264726141676,0.0004250914932247857
2026-07-23 00:00:00+00:00,0.8141999840736389,0.0022132072277170067,8.535428734041638e-06,1.2493678961568209e-05,1.2512206111388117e-05,6.273204800824595e-05,0.0001552347501358066,0.0001718459086645629,0.0002309524997426188,0.00043176436701556714
2026-07-24 00:00:00+00:00,0.8168699741363525,0.0032739153022050826,4.898286232818798e-06,1.3433714966860355e-05,1.7391965194387143e-05,3.789298151332722e-05,0.00011640245318011652,0.00017586039656658614,0.00020133252454520098,0.0004359180476742991
2026-07-27 00:00:00+00:00,0.8162599802017212,-0.0007470244010625848,1.0718521406012597e-05,1.5616807638831316e-05,2.4152236372873086e-05,2.812901375021947e-05,7.834885564707734e-05,0.00018303400987274972,0.00021147557213618045,0.0004088854607308362
2026-07-28 00:00:00+00:00,0.8192840218544006,0.003697907356699892,5.580454557829136e-07,1.1276566861795429e-05,1.6174853094614364e-05,2.8668532056182614e-05,4.916954837512272e-05,0.0001714096032304209,0.00020950175908953357,0.0004073482148560351
2026-07-29 00:00:00+00:00,0.8194599747657776,0.00021474118277900467,1.3674518818735183e-05,1.4232564274518015e-05,2.4951085680530747e-05,3.838480064739114e-05,4.2361578024737554e-05,0.0001413535388606472,0.0002016952805779124,0.0004205773465631976
2026-07-30 00:00:00+00:00,0.8133900165557861,-0.0074348362713999305,4.6113775581325895e-08,1.3720632594316427e-05,1.4278678050099476e-05,2.989548568893083e-05,4.238916465049911e-05,9.262753369717674e-05,0.00020085759602269816,0.00041785803701911136
2026-07-31 00:00:00+00:00,0.8057699799537659,-0.00941240257342546,5.527679038252402e-05,5.532290415810526e-05,6.899742297684058e-05,8.027398983863606e-05,9.370770480549648e-05,0.00011816697135196324,0.0002525894783053732,0.000410535157238133
2026-08-03 00:00:00+00:00,0.8069999814033508,0.0015253281218474135,8.859332220422623e-05,0.00014387011258675016,0.0001439162263623316,0.0001581487906368497,0.00017376559827568107,0.00018627780438706913,0.0003290003484114877,0.00045228681741807115
2026-08-04 00:00:00+00:00,0.8103700280189514,0.004167322842822868,2.3266258792985578e-06,9.091994808352471e-05,0.00014619673846604886,0.00015991737106036533,0.00017119393792216082,0.00018858590311654792,0.00028759639110227734,0.000440121114471902
2026-08-05 00:00:00+00:00,0.8091199994087219,-0.0015437314676904068,1.736657967631327e-05,1.9693205555611746e-05,0.00010828652775983811,0.0001636094319179434,0.0001778419961924615,0.00020199423256533452,0.0002561908518395388,0.0004564335154994482
2026-08-06 00:00:00+00:00,0.8066700100898743,-0.0030325613873595225,2.3831068443375777e-06,1.9749686520650766e-05,2.207631239994946e-05,0.00016594642498669965,0.00017966705758101618,0.00019584191067563046,0.0002288366059561389,0.00045755202048671916
2026-08-07 00:00:00+00:00,0.8124099969863892,0.007090459914742053,9.196428568103912e-06,1.1579535412441408e-05,2.8946115088754814e-05,0.00011986606317227956,0.0001751889673303849,0.00020014005301091558,0.00021755054535512245,0.00045422982209794674
2026-08-10 00:00:00+00:00,0.8081700205802917,-0.005232677232432009,5.0274621802563886e-05,5.947105037066772e-05,6.185415721500543e-05,8.154736277061721e-05,0.00022541747535736746,0.00023969615340746687,0.00026780664000786657,0.0004980612274719928
2026-08-11 00:00:00+00:00,0.8098199963569641,0.0020395383548141577,2.738091101881231e-05,7.765553282137612e-05,8.685196138948016e-05,0.00010660164791013096,0.00019752159599365575,0.00026651901897049624,0.0002912293007991522,0.000525133700524561
2026-08-12 00:00:00+00:00,0.811020016670227,0.001480739027764022,4.159716700758041e-06,3.1540627719570265e-05,8.18152495221343e-05,9.339478493457573e-05,0.00011308799049018755,0.0002570042168525191,0.0002868535887658686,0.0005199681873850662
2026-08-13 00:00:00+00:00,0.8129000067710876,0.0023153738036374716,2.1925880683435412e-06,6.352304769101494e-06,3.373321578791395e-05,9.320426615858169e-05,0.00011295395267923253,0.00025915069114528134,0.00028414789060139336,0.0005203080781824214
2026-08-14 00:00:00+00:00,0.8141199946403503,0.0014996596192404232,5.360955850570653e-06,7.553543918914106e-06,1.171326061967229e-05,8.936879344104843e-05,0.00010094832885348991,0.00020923485661332797,0.0002787903250459514,0.0005253596324274017
2026-08-17 00:00:00+00:00,0.8126500248908997,-0.0018072255228294143,2.2489789735803313e-06,7.609934824150897e-06,9.80252289249458e-06,4.1343150612064894e-05,0.00010081420098273267,0.00012289051338268205,0.0002804812585637488,0.0004930903499707453
2026-08-18 00:00:00+00:00,0.8105800151824951,-0.0025504836399193875,3.26606409036605e-06,5.515043063946293e-06,1.0875998914517089e-05,1.722830368361863e-05,9.488383650499481e-05,0.00012382995159374954,0.00027007280383537966,0.0004957809402460783
2026-08-19 00:00:00+00:00,0.8122400045394897,0.0020458090432561304,6.504966797496448e-06,9.77103088786241e-06,1.2020009861442883e-05,1.9573553780357038e-05,5.111418149992738e-05,0.00011296833871493274,0.0002765316568572948,0.0004997540485411449
2026-08-20 00:00:00+00:00,0.7977700233459473,-0.017975503962908368,4.1853346414685635e-06,1.0690301438964922e-05,1.3956365529331116e-05,2.156630035348206e-05,2.791860512258363e-05,0.00011477056651206371,0.00022544020111623937,0.00048245838585225705
2026-08-21 00:00:00+00:00,0.799589991569519,0.0022787211324981904,0.00032311874272053444,0.0003273040773620029,0.00033380904415949953,0.00033932408722344587,0.00034687763114236005,0.00042869288066449423,0.0004599656216325476,0.000804693330241996
2026-08-24 00:00:00+00:00,0.8006299734115601,0.0012997987916893439,5.192569999693835e-06,0.00032831131272022815,0.0003324966473616969,0.0003422676782495594,0.00034987761307371035,0.0003836108288616242,0.00046283156575294284,0.0008063409921418408
2026-08-25 00:00:00+00:00,0.8019999861717224,0.001709706081173823,1.6894768988770784e-06,6.882046898570805e-06,0.0003300007896191054,0.0003406910910580704,0.00034620613412201677,0.00035791939474168893,0.00044715446297550663,0.0007958480169426061
2026-08-26 00:00:00+00:00,0.8017200231552124,-0.00034914201696775726,2.923094884002751e-06,4.612571782879721e-06,9.805141782573719e-06,0.0003371092191445767,0.0003468802500324392,0.0003566827729249337,0.0004476944510151719,0.0007550405286381
2026-08-27 00:00:00+00:00,0.8050500154495239,0.004144957874405358,1.219001480123137e-07,3.0449950320149563e-06,4.734471930892197e-06,0.00033304578465112047,0.00034373608609008545,0.00035461208500460245,0.00043861992259508026,0.0007063903098470605
2026-08-28 00:00:00+00:00,0.8037599921226501,-0.0016036991282761537,1.7180675780594988e-05,1.730257592860719e-05,2.0225670812610107e-05,2.710771771118102e-05,0.000354411795073184,0.0003664318049346268,0.00040552597657311134,0.000693833632899918
2026-08-31 00:00:00+00:00,0.8088399767875671,0.006300386415670545,2.5718508940336952e-06,1.9752526674628578e-05,1.9874426822641053e-05,2.448699860552088e-05,0.0003527983113257491,0.0003667546768550802,0.00038071691644833277,0.0006759229946248314
2026-09-01 00:00:00+00:00,0.8082000017166138,-0.0007915390007354195,3.969486898676593e-05,4.226671988079952e-05,5.944739566139467e-05,6.249239069340974e-05,6.937443759198059e-05,0.00040318348175148,0.00041625206873434063,0.0007155993364617775
2026-09-02 00:00:00+00:00,0.8116999864578247,0.004321242315040608,6.265339896852265e-07,4.032140297645105e-05,4.289325387048491e-05,6.019582979909221e-05,6.480840158197199e-05,0.0003973050489436688,0.0004146860146556823,0.0007122676202239361
2026-09-03 00:00:00+00:00,0.8129799962043762,0.0015757072470281575,1.867313514529751e-05,1.9299669134982635e-05,5.8994538121748724e-05,7.874706479637741e-05,8.179205982839241e-05,0.00041179284944749776,0.00042799819395040914,0.000722405326635192
2026-09-04 00:00:00+00:00,0.8075100183486938,-0.006751042686818753,2.482853328337055e-06,2.1155988473634464e-05,2.1782522463319847e-05,6.404924234411947e-05,8.135181827272672e-05,9.115696005530039e-05,0.0004282320683051659,0.0007199898937307102
2026-09-07 00:00:00+00:00,0.8099300265312195,0.0029923952927987663,4.557657735924897e-05,4.8059430687585925e-05,6.67325658328836e-05,0.00010705396880933475,0.00012680649548396338,0.0001315409674148555,0.0004705425815740488,0.0007548479496839466
2026-09-08 00:00:00+00:00,0.8089900016784668,-0.0011612988189868,8.954429588364214e-06,5.453100694761308e-05,5.7013860275950294e-05,7.631352941093303e-05,0.0001185802492917326,0.00013880592010434266,0.0004729920443649166,0.0007632443338165279
2026-09-09 00:00:00+00:00,0.8091099858283997,0.00014830251662958926,1.3486149469801367e-06,1.030304453534425e-05,5.5879621894593377e-05,7.703561036822795e-05,0.00011735701334467905,0.00013723144016732002,0.0004701553246704281,0.0007509184299447728
2026-09-10 00:00:00+00:00,0.8100000023841858,0.0010993899758625914,2.19936364386696e-08,1.3706085834187046e-06,1.0325038171783075e-05,5.8384468859369104e-05,7.768413799435178e-05,0.00013713153365574638,0.00014705857558633238,0.0007508943098056301
2026-09-11 00:00:00+00:00,0.8132200241088867,0.0039674546838098235,1.2086583190271492e-06,1.2306519554657172e-06,2.57926690244601e-06,5.71102738500592e-05,7.82662623236937e-05,0.00012115951619417856,0.00014307466390566567,0.0006968261777421333
2026-09-14 00:00:00+00:00,0.8166499733924866,0.004208868624120593,1.5740696668084507e-05,1.6949354987111554e-05,1.697134862355038e-05,2.7274393158894736e-05,7.53338238464807e-05,0.00013432836196822936,0.00015712588367487311,0.0006239735522059915
2026-09-15 00:00:00+00:00,0.8170999884605408,0.0005508983503510201,1.7714575095106773e-05,3.345527176319118e-05,3.466393008221848e-05,3.60345386656373e-05,9.05655456132504e-05,0.00011234806807657022,0.00017191736388597715,0.0006393615014217998
2026-09-16 00:00:00+00:00,0.8190659880638123,0.0024031798456410625,3.0348899241947525e-07,1.8018064087526148e-05,3.3758760755610814e-05,3.498941271107664e-05,4.529245724642092e-05,0.00011202502307930446,0.0001720989527303843,0.000622298410737906
2026-09-17 00:00:00+00:00,0.8253200054168701,0.0076065443665403465,5.775273370495401e-06,6.078762362914774e-06,2.3793337458021705e-05,4.074269244513337e-05,4.211330102855211e-05,9.912716130450235e-05,0.0001606935503202847,0.0006256905772640638
2026-09-18 00:00:00+00:00,0.8248800039291382,-0.0005332705074138355,5.785951720014668e-05,6.363479057064199e-05,6.393827956306161e-05,9.739355132625289e-05,9.862420328171864e-05,0.00015450382517631197,0.0002159812166263977,0.0006743536658961066
2026-09-21 00:00:00+00:00,0.8226699829101562,-0.0026827985337874727,2.843774340774096e-07,5.8143894634223984e-05,6.391916800471955e-05,8.19372320922458e-05,9.888658707935739e-05,0.00010921162525114041,0.0001765707250737092,0.0006243634215276201
2026-09-22 00:00:00+00:00,0.8191199898719788,-0.004324546537138679,7.197407972892213e-06,7.481785406969521e-06,6.534130260711636e-05,7.142006497003124e-05,0.00010487533673322246,0.0001074546036356684,0.00018314159905691616,0.0006041799184817
